"GRD_ID","bio10","bio12","bio4"
"CRS3035RES20000mN1780000E3020000",26.3658218383789,635.03564453125,674.869689941406
"CRS3035RES20000mN1780000E3040000",26.8140468597412,610.565063476562,686.984985351562
"CRS3035RES20000mN2940000E3260000",15.9277982711792,1014.78735351562,280.286041259766
"CRS3035RES20000mN2940000E3280000",15.8912487030029,1050.96069335938,281.989318847656
"CRS3035RES20000mN2940000E3300000",15.9472608566284,1085.76379394531,288.193908691406
"CRS3035RES20000mN2940000E3320000",16.0888557434082,1026.53796386719,304.559173583984
"CRS3035RES20000mN1780000E3060000",26.6783905029297,609.005004882812,692.961791992188
"CRS3035RES20000mN2940000E3340000",16.3511238098145,878.827758789062,328.776977539062
"CRS3035RES20000mN2940000E3360000",16.4867267608643,846.176086425781,331.078369140625
"CRS3035RES20000mN2940000E3460000",17.0470409393311,856.968627929688,386.297515869141
"CRS3035RES20000mN2940000E3480000",16.833137512207,978.342590332031,416.253692626953
"CRS3035RES20000mN2940000E3500000",16.9966735839844,968.574645996094,444.078826904297
"CRS3035RES20000mN2940000E3520000",16.8181819915771,995.279113769531,452.163665771484
"CRS3035RES20000mN2940000E3540000",17.1628742218018,864.296569824219,464.949096679688
"CRS3035RES20000mN2940000E3560000",17.6127853393555,780.158203125,475.946105957031
"CRS3035RES20000mN2940000E3580000",17.5790977478027,789.843017578125,477.955596923828
"CRS3035RES20000mN2940000E3600000",17.155294418335,861.879760742188,480.930511474609
"CRS3035RES20000mN1780000E3080000",26.7355422973633,564.494323730469,703.500671386719
"CRS3035RES20000mN2940000E3620000",16.941707611084,919.118530273438,486.557861328125
"CRS3035RES20000mN2940000E3640000",17.0388584136963,888.83740234375,492.592407226562
"CRS3035RES20000mN2940000E3660000",17.3243789672852,811.528686523438,501.197814941406
"CRS3035RES20000mN2940000E3680000",17.3236484527588,814.605773925781,507.334381103516
"CRS3035RES20000mN2940000E3700000",17.1954727172852,810.973449707031,512.256591796875
"CRS3035RES20000mN2940000E3720000",17.2158832550049,807.1982421875,518.714050292969
"CRS3035RES20000mN2940000E3740000",17.4366054534912,755.708129882812,526.009521484375
"CRS3035RES20000mN2940000E3760000",17.5689678192139,733.924865722656,529.981384277344
"CRS3035RES20000mN2940000E3780000",17.7891006469727,704.206237792969,536.06982421875
"CRS3035RES20000mN2940000E3800000",17.8483829498291,712.694580078125,540.90234375
"CRS3035RES20000mN1780000E3100000",26.8699226379395,528.088928222656,709.117431640625
"CRS3035RES20000mN2940000E3820000",17.7722015380859,739.361022949219,543.974548339844
"CRS3035RES20000mN2940000E3840000",17.7701416015625,771.138488769531,549.215270996094
"CRS3035RES20000mN2940000E3860000",17.86594581604,771.033752441406,556.117919921875
"CRS3035RES20000mN2940000E3880000",17.9885559082031,776.852783203125,564.24658203125
"CRS3035RES20000mN2940000E3900000",17.9448528289795,837.924926757812,568.34033203125
"CRS3035RES20000mN2940000E3920000",17.7253131866455,959.315612792969,571.790832519531
"CRS3035RES20000mN2940000E3940000",17.322717666626,1075.16101074219,571.827331542969
"CRS3035RES20000mN2940000E3960000",17.3798847198486,1052.72546386719,581.723937988281
"CRS3035RES20000mN2940000E3980000",17.0852508544922,1102.70935058594,585.2705078125
"CRS3035RES20000mN2940000E4000000",16.7956790924072,1036.53588867188,585.605041503906
"CRS3035RES20000mN1780000E3120000",26.948657989502,537.134521484375,715.831787109375
"CRS3035RES20000mN2940000E4020000",16.898473739624,925.93798828125,589.83544921875
"CRS3035RES20000mN2940000E4040000",17.2625904083252,880.093322753906,598.183837890625
"CRS3035RES20000mN2940000E4060000",17.2173156738281,927.034912109375,605.138610839844
"CRS3035RES20000mN2940000E4080000",16.1625232696533,992.164916992188,589.312072753906
"CRS3035RES20000mN2940000E4100000",16.1274585723877,967.566284179688,595.7822265625
"CRS3035RES20000mN2940000E4120000",16.8321323394775,865.336547851562,613.7958984375
"CRS3035RES20000mN2940000E4140000",17.6329231262207,750.614624023438,632.454406738281
"CRS3035RES20000mN2940000E4160000",17.6768550872803,706.266052246094,630.175354003906
"CRS3035RES20000mN2940000E4180000",18.5591621398926,634.61962890625,646.011352539062
"CRS3035RES20000mN2940000E4200000",19.2621536254883,713.391357421875,660.192626953125
"CRS3035RES20000mN1780000E3140000",26.5898361206055,571.550231933594,716.885437011719
"CRS3035RES20000mN2940000E4220000",17.8269214630127,1072.18493652344,639.173400878906
"CRS3035RES20000mN2940000E4240000",17.1827621459961,996.655517578125,636.431640625
"CRS3035RES20000mN2940000E4260000",17.4825248718262,833.557067871094,649.535888671875
"CRS3035RES20000mN2940000E4280000",17.6801052093506,762.053405761719,653.092590332031
"CRS3035RES20000mN2940000E4300000",17.7233180999756,734.341979980469,653.149536132812
"CRS3035RES20000mN2940000E4320000",18.0394115447998,671.399047851562,663.871459960938
"CRS3035RES20000mN2940000E4340000",17.4925785064697,733.22021484375,657.375305175781
"CRS3035RES20000mN2940000E4360000",17.7376689910889,737.432739257812,666.256286621094
"CRS3035RES20000mN2940000E4380000",18.0114345550537,741.317504882812,677.533386230469
"CRS3035RES20000mN2940000E4400000",17.2520484924316,905.769287109375,668.28662109375
"CRS3035RES20000mN1780000E3160000",25.3247890472412,669.65234375,703.742309570312
"CRS3035RES20000mN2940000E4420000",16.8566474914551,950.148498535156,668.398254394531
"CRS3035RES20000mN2940000E4440000",17.0227966308594,890.887145996094,681.956115722656
"CRS3035RES20000mN2940000E4460000",17.2779636383057,814.28076171875,696.635803222656
"CRS3035RES20000mN2940000E4480000",16.4598026275635,887.175598144531,690.116333007812
"CRS3035RES20000mN2940000E4500000",16.4051170349121,847.665100097656,694.509094238281
"CRS3035RES20000mN2940000E4520000",16.9892749786377,685.091247558594,701.576904296875
"CRS3035RES20000mN2940000E4540000",17.5320739746094,596.308471679688,706.142517089844
"CRS3035RES20000mN2940000E4560000",17.2707748413086,606.380981445312,696.873229980469
"CRS3035RES20000mN2940000E4580000",16.179370880127,671.795776367188,677.155456542969
"CRS3035RES20000mN2940000E4600000",16.6310596466064,649.397277832031,686.448669433594
"CRS3035RES20000mN1780000E3180000",25.2321529388428,671.158203125,695.239318847656
"CRS3035RES20000mN2940000E4620000",17.1900615692139,635.213317871094,696.018188476562
"CRS3035RES20000mN2940000E4640000",16.5877742767334,680.040954589844,683.932922363281
"CRS3035RES20000mN2940000E4660000",16.6212387084961,706.032592773438,688.622131347656
"CRS3035RES20000mN2940000E4680000",16.7134609222412,708.932861328125,698.100341796875
"CRS3035RES20000mN2940000E4700000",16.5023136138916,744.053771972656,698.448974609375
"CRS3035RES20000mN2940000E4720000",16.7023620605469,682.499877929688,714.250183105469
"CRS3035RES20000mN2940000E4740000",16.3190116882324,678.26904296875,707.605834960938
"CRS3035RES20000mN2940000E4760000",16.6133460998535,644.585083007812,720.371643066406
"CRS3035RES20000mN2940000E4780000",17.0560626983643,624.483154296875,720.164672851562
"CRS3035RES20000mN2940000E4800000",16.6397399902344,618.979431152344,701.176574707031
"CRS3035RES20000mN1780000E3200000",23.8756465911865,785.417358398438,683.805786132812
"CRS3035RES20000mN2940000E4820000",17.9800510406494,597.301513671875,730.365783691406
"CRS3035RES20000mN2940000E4840000",18.9941825866699,612.494506835938,756.7236328125
"CRS3035RES20000mN2940000E4860000",18.5324611663818,673.258056640625,747.636962890625
"CRS3035RES20000mN2940000E4880000",17.1513690948486,807.394958496094,722.914184570312
"CRS3035RES20000mN2940000E4900000",16.4133224487305,940.938354492188,712.89990234375
"CRS3035RES20000mN2940000E4920000",15.2873096466064,1015.37561035156,697.010559082031
"CRS3035RES20000mN1780000E3220000",21.9137420654297,674.699890136719,675.9814453125
"CRS3035RES20000mN1780000E3240000",23.3511447906494,506.957824707031,653.037719726562
"CRS3035RES20000mN1780000E3260000",23.8791313171387,438.83447265625,637.456420898438
"CRS3035RES20000mN1780000E3280000",24.6019706726074,355.147399902344,635.3447265625
"CRS3035RES20000mN1780000E3300000",24.8720932006836,304.864044189453,637.020751953125
"CRS3035RES20000mN1780000E3320000",24.3385429382324,303.010589599609,636.7880859375
"CRS3035RES20000mN1780000E3340000",24.1807708740234,324.966766357422,627.115295410156
"CRS3035RES20000mN2960000E3460000",17.0417079925537,907.278564453125,390.597869873047
"CRS3035RES20000mN2960000E3480000",17.0759468078613,954.001892089844,416.010101318359
"CRS3035RES20000mN2960000E3500000",17.1748580932617,917.268432617188,429.846435546875
"CRS3035RES20000mN1780000E3360000",24.1090507507324,351.007476806641,608.294494628906
"CRS3035RES20000mN2960000E3520000",17.1004657745361,881.447631835938,430.665618896484
"CRS3035RES20000mN2960000E3540000",17.231897354126,832.264404296875,437.022796630859
"CRS3035RES20000mN2960000E3560000",17.3971996307373,818.83203125,445.732666015625
"CRS3035RES20000mN2960000E3580000",17.3968849182129,822.318664550781,448.139373779297
"CRS3035RES20000mN2960000E3600000",17.0689754486084,878.191162109375,453.731689453125
"CRS3035RES20000mN2960000E3620000",17.1105518341064,892.425598144531,474.644714355469
"CRS3035RES20000mN2960000E3640000",17.1468181610107,918.500549316406,489.99365234375
"CRS3035RES20000mN2960000E3660000",17.1504135131836,898.906372070312,495.959014892578
"CRS3035RES20000mN2960000E3680000",16.8357753753662,899.633117675781,497.649353027344
"CRS3035RES20000mN2960000E3700000",16.7669887542725,861.139770507812,502.359588623047
"CRS3035RES20000mN1780000E3380000",22.4409999847412,458.407012939453,594.146606445312
"CRS3035RES20000mN2960000E3720000",16.855598449707,817.640563964844,509.874694824219
"CRS3035RES20000mN2960000E3740000",17.0045223236084,775.826965332031,515.479858398438
"CRS3035RES20000mN2960000E3760000",17.2133388519287,730.711853027344,520.501708984375
"CRS3035RES20000mN2960000E3780000",17.4928951263428,690.060668945312,527.716430664062
"CRS3035RES20000mN2960000E3800000",17.6244239807129,717.992492675781,533.785888671875
"CRS3035RES20000mN2960000E3820000",17.7511672973633,736.801879882812,540.281005859375
"CRS3035RES20000mN2960000E3840000",17.7100658416748,743.768798828125,545.666198730469
"CRS3035RES20000mN2960000E3860000",17.7565155029297,784.26611328125,552.375854492188
"CRS3035RES20000mN2960000E3880000",17.4439640045166,892.661315917969,554.501586914062
"CRS3035RES20000mN2960000E3900000",17.2369041442871,991.868103027344,558.294860839844
"CRS3035RES20000mN1780000E3400000",22.0817756652832,580.723693847656,573.3251953125
"CRS3035RES20000mN2960000E3920000",17.0734481811523,1083.30859375,563.111572265625
"CRS3035RES20000mN2960000E3940000",17.0164012908936,1093.36669921875,569.643188476562
"CRS3035RES20000mN2960000E3960000",16.6268997192383,1191.44311523438,572.165649414062
"CRS3035RES20000mN2960000E3980000",16.1657772064209,1217.19226074219,573.673217773438
"CRS3035RES20000mN2960000E4000000",16.0462245941162,1101.90808105469,577.11328125
"CRS3035RES20000mN2960000E4020000",16.6450729370117,930.190185546875,589.152954101562
"CRS3035RES20000mN2960000E4040000",16.890230178833,863.153991699219,593.702270507812
"CRS3035RES20000mN2960000E4060000",17.1924343109131,857.424438476562,606.166442871094
"CRS3035RES20000mN2960000E4080000",17.1836967468262,864.631225585938,612.629272460938
"CRS3035RES20000mN2960000E4100000",15.9208955764771,901.954223632812,592.035766601562
"CRS3035RES20000mN1780000E3420000",22.3977432250977,692.583618164062,545.610473632812
"CRS3035RES20000mN2960000E4120000",16.4958324432373,794.766540527344,605.856323242188
"CRS3035RES20000mN2960000E4140000",17.4181652069092,690.216491699219,625.420349121094
"CRS3035RES20000mN2960000E4160000",18.3927211761475,626.482482910156,645.009826660156
"CRS3035RES20000mN2960000E4180000",18.5795288085938,623.2900390625,647.714538574219
"CRS3035RES20000mN2960000E4200000",19.1430263519287,686.522766113281,658.783081054688
"CRS3035RES20000mN2960000E4220000",18.4108352661133,874.886596679688,647.6435546875
"CRS3035RES20000mN2960000E4240000",18.1935844421387,875.781494140625,652.0263671875
"CRS3035RES20000mN2960000E4260000",17.545166015625,864.925537109375,646.109802246094
"CRS3035RES20000mN2960000E4280000",17.658863067627,820.970336914062,652.215087890625
"CRS3035RES20000mN2960000E4300000",17.7448825836182,719.069946289062,655.366516113281
"CRS3035RES20000mN1780000E3440000",24.4330158233643,748.812133789062,510.134613037109
"CRS3035RES20000mN2960000E4320000",17.9456367492676,668.510375976562,662.231384277344
"CRS3035RES20000mN2960000E4340000",17.5364189147949,744.061218261719,656.981872558594
"CRS3035RES20000mN2960000E4360000",17.561595916748,756.0185546875,660.542297363281
"CRS3035RES20000mN2960000E4380000",17.7981224060059,778.333435058594,671.55126953125
"CRS3035RES20000mN2960000E4400000",16.958812713623,900.869445800781,661.519958496094
"CRS3035RES20000mN2960000E4420000",16.7154369354248,959.656188964844,667.384094238281
"CRS3035RES20000mN2960000E4440000",16.7638835906982,918.553405761719,681.4462890625
"CRS3035RES20000mN2960000E4460000",16.3858489990234,885.678833007812,680.020080566406
"CRS3035RES20000mN2960000E4480000",16.0146827697754,865.328369140625,683.570373535156
"CRS3035RES20000mN2960000E4500000",16.1036224365234,804.097534179688,688.396911621094
"CRS3035RES20000mN1780000E3460000",24.4006958007812,693.04638671875,453.408538818359
"CRS3035RES20000mN2960000E4520000",16.5890350341797,652.595336914062,692.0576171875
"CRS3035RES20000mN2960000E4540000",17.1657829284668,550.189880371094,698.689025878906
"CRS3035RES20000mN2960000E4560000",17.5346240997314,553.189697265625,705.559875488281
"CRS3035RES20000mN2960000E4580000",16.7097110748291,633.45849609375,688.571960449219
"CRS3035RES20000mN2960000E4600000",16.8528709411621,597.826110839844,688.703369140625
"CRS3035RES20000mN2960000E4620000",17.6168594360352,594.081115722656,701.348693847656
"CRS3035RES20000mN2960000E4640000",17.5129985809326,617.294372558594,698.15625
"CRS3035RES20000mN2960000E4660000",17.1824169158936,647.780029296875,692.185119628906
"CRS3035RES20000mN2960000E4680000",17.1522560119629,692.23486328125,694.247375488281
"CRS3035RES20000mN2960000E4700000",16.7909107208252,736.783813476562,691.812927246094
"CRS3035RES20000mN1780000E3540000",25.0353298187256,421.309356689453,460.078063964844
"CRS3035RES20000mN2960000E4720000",16.4924011230469,748.40869140625,695.053894042969
"CRS3035RES20000mN2960000E4740000",15.5666055679321,775.879638671875,681.749694824219
"CRS3035RES20000mN2960000E4760000",15.7575712203979,722.751342773438,694.898803710938
"CRS3035RES20000mN2960000E4780000",16.592622756958,675.021179199219,705.102966308594
"CRS3035RES20000mN2960000E4800000",16.9665546417236,643.197387695312,716.775329589844
"CRS3035RES20000mN2960000E4820000",18.0541954040527,599.386535644531,745.528686523438
"CRS3035RES20000mN2960000E4840000",18.2255992889404,672.937927246094,751.340209960938
"CRS3035RES20000mN2960000E4860000",17.2274703979492,731.870178222656,721.708068847656
"CRS3035RES20000mN2960000E4880000",17.9463024139404,741.395141601562,739.511535644531
"CRS3035RES20000mN2960000E4900000",16.9036960601807,937.124938964844,716.635559082031
"CRS3035RES20000mN1780000E3560000",25.4655723571777,431.449096679688,476.744750976562
"CRS3035RES20000mN2960000E4920000",15.4351015090942,1062.14624023438,690.077880859375
"CRS3035RES20000mN2960000E4940000",15.7767143249512,1051.88366699219,709.897033691406
"CRS3035RES20000mN1780000E4160000",24.0560913085938,491.836761474609,478.477752685547
"CRS3035RES20000mN1780000E4180000",24.6345329284668,601.839599609375,550.3349609375
"CRS3035RES20000mN1780000E4200000",24.1753425598145,658.362121582031,583.246704101562
"CRS3035RES20000mN1780000E4220000",24.1856937408447,536.242614746094,546.645751953125
"CRS3035RES20000mN1780000E4240000",24.5269069671631,466.578735351562,515.840087890625
"CRS3035RES20000mN1780000E4260000",24.0693187713623,475.238586425781,535.457214355469
"CRS3035RES20000mN2980000E3460000",16.7016372680664,892.04443359375,381.42529296875
"CRS3035RES20000mN2980000E3480000",16.8528232574463,913.601989746094,404.547973632812
"CRS3035RES20000mN2980000E3500000",16.8424091339111,928.605651855469,393.406372070312
"CRS3035RES20000mN2980000E3520000",16.8700370788574,884.159301757812,388.226806640625
"CRS3035RES20000mN2980000E3600000",16.7176818847656,907.38818359375,416.21435546875
"CRS3035RES20000mN1780000E4280000",24.8578338623047,427.210052490234,511.291442871094
"CRS3035RES20000mN2980000E3620000",16.4294891357422,962.38330078125,438.808380126953
"CRS3035RES20000mN2980000E3640000",16.5687923431396,966.346923828125,465.130889892578
"CRS3035RES20000mN2980000E3660000",16.6684417724609,976.94873046875,482.934997558594
"CRS3035RES20000mN2980000E3680000",16.5957794189453,933.706481933594,489.533996582031
"CRS3035RES20000mN2980000E3700000",16.5105113983154,882.603088378906,492.933776855469
"CRS3035RES20000mN2980000E3720000",16.4283294677734,856.893798828125,497.476745605469
"CRS3035RES20000mN2980000E3740000",16.8693447113037,753.085754394531,507.129608154297
"CRS3035RES20000mN2980000E3760000",17.1816215515137,717.806884765625,514.642517089844
"CRS3035RES20000mN2980000E3780000",17.3403987884521,709.2353515625,521.476196289062
"CRS3035RES20000mN2980000E3800000",17.4894676208496,721.204772949219,528.428405761719
"CRS3035RES20000mN1780000E4840000",23.7033367156982,1126.09045410156,484.696868896484
"CRS3035RES20000mN2980000E3820000",17.483699798584,752.963500976562,533.031372070312
"CRS3035RES20000mN2980000E3840000",17.4406089782715,789.507507324219,538.956604003906
"CRS3035RES20000mN2980000E3860000",17.2418918609619,867.740661621094,542.091430664062
"CRS3035RES20000mN2980000E3880000",17.0011882781982,961.762573242188,545.125610351562
"CRS3035RES20000mN2980000E3900000",16.6113967895508,1088.48962402344,546.672119140625
"CRS3035RES20000mN2980000E3920000",16.3450508117676,1156.05712890625,549.3671875
"CRS3035RES20000mN2980000E3940000",16.1531848907471,1188.18420410156,551.645324707031
"CRS3035RES20000mN2980000E3960000",15.8526029586792,1215.05773925781,554.998779296875
"CRS3035RES20000mN2980000E3980000",15.4400548934937,1229.68627929688,559.626220703125
"CRS3035RES20000mN2980000E4000000",15.4670686721802,1109.10510253906,568.8134765625
"CRS3035RES20000mN1780000E4860000",21.1799507141113,1359.54541015625,524.487609863281
"CRS3035RES20000mN2980000E4020000",15.8824405670166,952.32958984375,577.5634765625
"CRS3035RES20000mN2980000E4040000",16.3303470611572,906.7314453125,588.724914550781
"CRS3035RES20000mN2980000E4060000",16.7667198181152,843.980163574219,600.824401855469
"CRS3035RES20000mN2980000E4080000",16.9245853424072,837.633666992188,609.734558105469
"CRS3035RES20000mN2980000E4100000",17.3083953857422,800.309448242188,622.546752929688
"CRS3035RES20000mN2980000E4120000",16.3738594055176,775.941528320312,599.478942871094
"CRS3035RES20000mN2980000E4140000",16.402063369751,720.190307617188,599.825927734375
"CRS3035RES20000mN2980000E4160000",17.6784973144531,644.570373535156,630.829223632812
"CRS3035RES20000mN2980000E4180000",18.4127769470215,649.219055175781,648.776062011719
"CRS3035RES20000mN2980000E4200000",18.8797130584717,693.959899902344,657.307189941406
"CRS3035RES20000mN1780000E4880000",21.4718341827393,1115.53588867188,561.642700195312
"CRS3035RES20000mN2980000E4220000",18.7081031799316,781.560241699219,651.971313476562
"CRS3035RES20000mN2980000E4240000",18.6148376464844,792.295227050781,655.830200195312
"CRS3035RES20000mN2980000E4260000",17.3221530914307,946.544982910156,637.098754882812
"CRS3035RES20000mN2980000E4280000",17.15358543396,895.969787597656,642.424621582031
"CRS3035RES20000mN2980000E4300000",17.6807842254639,767.616333007812,659.688293457031
"CRS3035RES20000mN2980000E4320000",17.7960834503174,676.715270996094,664.647827148438
"CRS3035RES20000mN2980000E4340000",17.6903076171875,698.328979492188,662.52685546875
"CRS3035RES20000mN2980000E4360000",17.5412769317627,740.53857421875,660.514099121094
"CRS3035RES20000mN2980000E4380000",17.5638942718506,806.717651367188,667.505004882812
"CRS3035RES20000mN2980000E4400000",16.7002964019775,936.612121582031,659.2138671875
"CRS3035RES20000mN1780000E4900000",24.0657062530518,905.454467773438,588.751831054688
"CRS3035RES20000mN2980000E4420000",17.1506881713867,934.666076660156,684.894714355469
"CRS3035RES20000mN2980000E4440000",15.4565830230713,1151.1171875,653.706726074219
"CRS3035RES20000mN2980000E4460000",15.7987241744995,866.882751464844,667.951721191406
"CRS3035RES20000mN2980000E4480000",16.114465713501,830.082702636719,686.356079101562
"CRS3035RES20000mN2980000E4500000",15.2029733657837,864.584594726562,665.958129882812
"CRS3035RES20000mN2980000E4520000",15.4128580093384,729.340087890625,665.996704101562
"CRS3035RES20000mN2980000E4540000",16.2345104217529,592.343566894531,678.548767089844
"CRS3035RES20000mN2980000E4560000",17.0335350036621,557.522766113281,695.168090820312
"CRS3035RES20000mN2980000E4580000",17.2786121368408,572.263549804688,697.01025390625
"CRS3035RES20000mN2980000E4600000",17.733060836792,560.541809082031,703.384460449219
"CRS3035RES20000mN1780000E4920000",25.1118412017822,733.389343261719,558.713195800781
"CRS3035RES20000mN2980000E4620000",17.9337005615234,570.611572265625,701.925170898438
"CRS3035RES20000mN2980000E4640000",17.6618156433105,623.855224609375,692.528076171875
"CRS3035RES20000mN2980000E4660000",17.4196853637695,662.334594726562,686.168090820312
"CRS3035RES20000mN2980000E4680000",17.3521060943604,654.342224121094,686.376586914062
"CRS3035RES20000mN2980000E4700000",18.017879486084,618.2236328125,705.7578125
"CRS3035RES20000mN2980000E4720000",17.1002597808838,704.395935058594,692.05322265625
"CRS3035RES20000mN2980000E4740000",17.1981430053711,663.67236328125,706.834411621094
"CRS3035RES20000mN2980000E4760000",16.9635925292969,709.283386230469,716.064758300781
"CRS3035RES20000mN2980000E4780000",16.7537212371826,724.307373046875,715.185974121094
"CRS3035RES20000mN2980000E4800000",17.1987247467041,682.875366210938,737.691284179688
"CRS3035RES20000mN1780000E4940000",24.8348178863525,756.523376464844,505.895233154297
"CRS3035RES20000mN2980000E4820000",18.003532409668,660.831848144531,763.659240722656
"CRS3035RES20000mN2980000E4840000",16.4407444000244,798.772521972656,721.714111328125
"CRS3035RES20000mN2980000E4860000",16.3587207794189,726.428833007812,702.817504882812
"CRS3035RES20000mN2980000E4880000",17.3341522216797,726.421081542969,714.642456054688
"CRS3035RES20000mN2980000E4900000",18.1202335357666,781.301330566406,733.838500976562
"CRS3035RES20000mN2980000E4920000",17.5194320678711,905.52685546875,723.07666015625
"CRS3035RES20000mN2980000E4940000",16.7802200317383,1010.94787597656,716.946960449219
"CRS3035RES20000mN3000000E3460000",16.3081550598145,882.41455078125,360.999389648438
"CRS3035RES20000mN3000000E3480000",16.3459033966064,891.306640625,377.550109863281
"CRS3035RES20000mN3000000E3500000",16.4546413421631,890.964965820312,362.411224365234
"CRS3035RES20000mN3000000E3600000",16.6980228424072,865.212707519531,386.871551513672
"CRS3035RES20000mN3000000E3620000",16.643684387207,889.667175292969,407.389892578125
"CRS3035RES20000mN3000000E3640000",16.6649494171143,894.50390625,434.235809326172
"CRS3035RES20000mN3000000E3660000",16.8139801025391,880.018920898438,461.141296386719
"CRS3035RES20000mN3000000E3680000",16.6901969909668,912.519958496094,471.164093017578
"CRS3035RES20000mN3000000E3700000",16.5243301391602,917.617980957031,482.965270996094
"CRS3035RES20000mN3000000E3720000",16.6402816772461,829.58544921875,490.767730712891
"CRS3035RES20000mN3000000E3740000",17.0283222198486,760.197692871094,501.833435058594
"CRS3035RES20000mN3000000E3760000",17.1558303833008,758.454223632812,510.611450195312
"CRS3035RES20000mN3000000E3780000",17.2109069824219,755.746826171875,515.942626953125
"CRS3035RES20000mN3000000E3800000",17.1886768341064,775.240966796875,520.768859863281
"CRS3035RES20000mN3000000E3820000",17.1561813354492,789.358581542969,524.64599609375
"CRS3035RES20000mN3000000E3840000",17.0572280883789,818.556640625,529.320068359375
"CRS3035RES20000mN3000000E3860000",16.8929119110107,888.650024414062,533.15625
"CRS3035RES20000mN3000000E3880000",16.7218379974365,973.029846191406,536.550048828125
"CRS3035RES20000mN3000000E3900000",16.4439868927002,1077.79089355469,539.421997070312
"CRS3035RES20000mN3000000E3920000",16.5032520294189,1050.39367675781,547.225341796875
"CRS3035RES20000mN3000000E3940000",16.5572719573975,1009.86944580078,552.802673339844
"CRS3035RES20000mN3000000E3960000",16.5018901824951,1029.94323730469,558.971557617188
"CRS3035RES20000mN3000000E3980000",15.716254234314,1130.12280273438,556.267700195312
"CRS3035RES20000mN3000000E4000000",15.6138401031494,1034.453125,566.40625
"CRS3035RES20000mN3000000E4020000",15.3451957702637,1008.02844238281,569.574157714844
"CRS3035RES20000mN3000000E4040000",15.5302801132202,972.993591308594,581.076049804688
"CRS3035RES20000mN3000000E4060000",15.6764993667603,961.615051269531,586.230224609375
"CRS3035RES20000mN3000000E4080000",15.7694826126099,924.280090332031,587.140380859375
"CRS3035RES20000mN3000000E4100000",16.2994194030762,828.782409667969,597.140808105469
"CRS3035RES20000mN3000000E4120000",17.2406215667725,722.756286621094,613.647521972656
"CRS3035RES20000mN3000000E4140000",16.9072608947754,706.592956542969,607.926025390625
"CRS3035RES20000mN3000000E4160000",16.7581615447998,741.043762207031,612.45458984375
"CRS3035RES20000mN3000000E4180000",16.8262710571289,741.244140625,616.738525390625
"CRS3035RES20000mN3000000E4200000",16.9748878479004,825.272033691406,619.220153808594
"CRS3035RES20000mN3000000E4220000",18.5213298797607,734.555908203125,649.274780273438
"CRS3035RES20000mN3000000E4240000",18.4676322937012,790.496704101562,653.586791992188
"CRS3035RES20000mN3000000E4260000",17.3672409057617,947.945739746094,641.513000488281
"CRS3035RES20000mN3000000E4280000",16.8088989257812,961.245666503906,641.009765625
"CRS3035RES20000mN3000000E4300000",16.9911594390869,882.685546875,652.205261230469
"CRS3035RES20000mN3000000E4320000",17.3253955841064,770.60107421875,662.403686523438
"CRS3035RES20000mN3000000E4340000",17.2351760864258,698.873474121094,657.455444335938
"CRS3035RES20000mN3000000E4360000",17.3466796875,739.572937011719,661.731140136719
"CRS3035RES20000mN3000000E4380000",17.5200805664062,818.285827636719,675.601196289062
"CRS3035RES20000mN3000000E4400000",17.3884963989258,873.342651367188,686.998046875
"CRS3035RES20000mN3000000E4420000",16.3435153961182,1039.35180664062,674.9287109375
"CRS3035RES20000mN3000000E4440000",15.6684160232544,1019.62866210938,659.068176269531
"CRS3035RES20000mN3000000E4460000",15.6529321670532,839.202026367188,662.2490234375
"CRS3035RES20000mN3000000E4480000",16.0799541473389,842.641479492188,684.794555664062
"CRS3035RES20000mN3000000E4500000",15.9431428909302,827.785583496094,691.797546386719
"CRS3035RES20000mN3000000E4520000",15.6531753540039,708.346862792969,684.069152832031
"CRS3035RES20000mN3000000E4540000",15.8540134429932,661.314819335938,675.524108886719
"CRS3035RES20000mN3000000E4560000",17.2491683959961,529.358337402344,697.931762695312
"CRS3035RES20000mN3000000E4580000",17.2757968902588,536.923889160156,689.802185058594
"CRS3035RES20000mN3000000E4600000",17.4623622894287,568.919189453125,691.036071777344
"CRS3035RES20000mN3000000E4620000",18.1242599487305,554.568542480469,703.033874511719
"CRS3035RES20000mN3000000E4640000",18.4627819061279,577.602355957031,706.736145019531
"CRS3035RES20000mN3000000E4660000",18.5273151397705,585.552856445312,705.611450195312
"CRS3035RES20000mN3000000E4680000",18.5818061828613,603.019592285156,709.31591796875
"CRS3035RES20000mN3000000E4700000",18.3856525421143,599.973937988281,705.819091796875
"CRS3035RES20000mN3000000E4720000",18.3233909606934,605.642211914062,709.18994140625
"CRS3035RES20000mN3000000E4740000",18.054386138916,659.024963378906,713.975280761719
"CRS3035RES20000mN3000000E4760000",17.2357692718506,791.433654785156,717.64208984375
"CRS3035RES20000mN3000000E4780000",16.3451251983643,830.508850097656,719.731323242188
"CRS3035RES20000mN3000000E4800000",16.1077442169189,822.839294433594,725.365661621094
"CRS3035RES20000mN3000000E4820000",15.5702505111694,934.048461914062,713.914978027344
"CRS3035RES20000mN3000000E4840000",15.6646032333374,806.851257324219,710.046875
"CRS3035RES20000mN3000000E4860000",16.8528614044189,683.700134277344,720.239196777344
"CRS3035RES20000mN3000000E4880000",17.7920322418213,642.503234863281,721.437133789062
"CRS3035RES20000mN3000000E4900000",18.2957515716553,686.106384277344,727.178649902344
"CRS3035RES20000mN3000000E4920000",18.2343311309814,802.712219238281,728.065551757812
"CRS3035RES20000mN3020000E3460000",16.2176132202148,846.809020996094,337.953521728516
"CRS3035RES20000mN3020000E3660000",16.9634971618652,904.924133300781,426.797393798828
"CRS3035RES20000mN3020000E3680000",16.9162845611572,943.951721191406,439.727935791016
"CRS3035RES20000mN3020000E3700000",16.8142127990723,912.010192871094,463.395294189453
"CRS3035RES20000mN3020000E3720000",16.9261779785156,837.764953613281,482.769592285156
"CRS3035RES20000mN3020000E3740000",16.8938179016113,847.401000976562,494.557067871094
"CRS3035RES20000mN3020000E3760000",16.7471122741699,853.266174316406,502.013336181641
"CRS3035RES20000mN3020000E3780000",16.7025375366211,849.503234863281,506.301818847656
"CRS3035RES20000mN3020000E3800000",17.01637840271,789.951721191406,516.097229003906
"CRS3035RES20000mN3020000E3820000",17.2716426849365,749.759094238281,522.84375
"CRS3035RES20000mN3020000E3840000",17.2446670532227,775.866821289062,526.89111328125
"CRS3035RES20000mN3020000E3860000",16.9394931793213,862.966186523438,528.411865234375
"CRS3035RES20000mN3020000E3880000",16.8004779815674,928.553039550781,531.982543945312
"CRS3035RES20000mN3020000E3900000",16.613561630249,994.6279296875,534.979919433594
"CRS3035RES20000mN3020000E3920000",16.4618396759033,1035.48657226562,538.872924804688
"CRS3035RES20000mN3020000E3940000",16.5957984924316,1000.88391113281,545.808166503906
"CRS3035RES20000mN3020000E3960000",16.3636837005615,1072.11401367188,546.852416992188
"CRS3035RES20000mN3020000E3980000",16.4735431671143,1034.47192382812,557.28564453125
"CRS3035RES20000mN3020000E4000000",15.5889329910278,1139.87634277344,553.492492675781
"CRS3035RES20000mN3020000E4020000",15.2936811447144,1095.96411132812,564.641967773438
"CRS3035RES20000mN3020000E4040000",15.0843343734741,1137.29125976562,574.030578613281
"CRS3035RES20000mN3020000E4060000",14.9180908203125,1111.67370605469,572.184265136719
"CRS3035RES20000mN3020000E4080000",15.6712675094604,865.227111816406,581.962707519531
"CRS3035RES20000mN3020000E4100000",15.651575088501,806.884399414062,574.914916992188
"CRS3035RES20000mN3020000E4120000",17.2028865814209,733.514709472656,605.498474121094
"CRS3035RES20000mN3020000E4140000",17.5855236053467,774.526550292969,615.804016113281
"CRS3035RES20000mN3020000E4160000",17.0739555358887,818.842529296875,617.364685058594
"CRS3035RES20000mN3020000E4180000",17.6549816131592,768.553405761719,635.012084960938
"CRS3035RES20000mN3020000E4200000",16.7190971374512,833.632446289062,614.354614257812
"CRS3035RES20000mN3020000E4220000",17.7856903076172,727.537658691406,633.949340820312
"CRS3035RES20000mN3020000E4240000",17.9743041992188,844.28759765625,644.800903320312
"CRS3035RES20000mN3020000E4260000",16.7529067993164,1027.31555175781,631.90673828125
"CRS3035RES20000mN3020000E4280000",16.6920528411865,982.236999511719,644.117980957031
"CRS3035RES20000mN3020000E4300000",15.4776792526245,1012.99987792969,622.956237792969
"CRS3035RES20000mN3020000E4320000",16.5163803100586,858.289245605469,650.465454101562
"CRS3035RES20000mN3020000E4340000",17.0857467651367,720.694946289062,664.6591796875
"CRS3035RES20000mN3020000E4360000",16.8690299987793,778.413940429688,666.864624023438
"CRS3035RES20000mN3020000E4380000",16.3996658325195,993.135375976562,667.193115234375
"CRS3035RES20000mN3020000E4400000",16.073112487793,1063.7919921875,668.803588867188
"CRS3035RES20000mN3020000E4420000",15.5380744934082,1032.36987304688,656.953186035156
"CRS3035RES20000mN3020000E4440000",15.7970409393311,839.696228027344,657.661865234375
"CRS3035RES20000mN3020000E4460000",15.9516143798828,801.372253417969,662.531433105469
"CRS3035RES20000mN3020000E4480000",15.07692527771,1003.33380126953,656.472961425781
"CRS3035RES20000mN3020000E4500000",14.252646446228,1104.81726074219,654.557678222656
"CRS3035RES20000mN3020000E4520000",14.8407258987427,936.442993164062,675.957336425781
"CRS3035RES20000mN3020000E4540000",16.5633277893066,691.59375,700.196594238281
"CRS3035RES20000mN3020000E4560000",18.0863761901855,564.51025390625,719.093139648438
"CRS3035RES20000mN3020000E4580000",18.0840911865234,516.17333984375,709.172729492188
"CRS3035RES20000mN3020000E4600000",18.2400779724121,524.434265136719,709.903503417969
"CRS3035RES20000mN3020000E4620000",18.7178497314453,534.555297851562,719.781555175781
"CRS3035RES20000mN3020000E4640000",18.6948108673096,576.724365234375,715.924072265625
"CRS3035RES20000mN3020000E4660000",18.5773983001709,617.518310546875,710.655944824219
"CRS3035RES20000mN3020000E4680000",18.4932956695557,632.702819824219,711.871032714844
"CRS3035RES20000mN3020000E4700000",18.2126960754395,620.431030273438,707.525268554688
"CRS3035RES20000mN3020000E4720000",18.1101512908936,628.563903808594,709.412170410156
"CRS3035RES20000mN3020000E4740000",17.8568782806396,703.943359375,712.482543945312
"CRS3035RES20000mN3020000E4760000",16.4220943450928,957.398986816406,703.139099121094
"CRS3035RES20000mN3020000E4780000",15.4889602661133,965.130554199219,705.667907714844
"CRS3035RES20000mN3020000E4800000",14.3523693084717,976.324768066406,682.147155761719
"CRS3035RES20000mN3020000E4820000",14.0196504592896,983.065490722656,673.426940917969
"CRS3035RES20000mN3020000E4840000",14.9904842376709,840.507629394531,684.92578125
"CRS3035RES20000mN3020000E4860000",17.3192119598389,695.761962890625,724.417907714844
"CRS3035RES20000mN3020000E4880000",18.0713844299316,647.044982910156,721.856506347656
"CRS3035RES20000mN3040000E3700000",16.8873519897461,969.695739746094,432.365447998047
"CRS3035RES20000mN3040000E3720000",16.9990577697754,872.815979003906,471.417846679688
"CRS3035RES20000mN3040000E3740000",16.7963008880615,884.981079101562,489.365570068359
"CRS3035RES20000mN3040000E3760000",16.5980854034424,908.291442871094,496.234497070312
"CRS3035RES20000mN3040000E3780000",16.6044368743896,881.106506347656,500.773895263672
"CRS3035RES20000mN3040000E3800000",17.0555210113525,796.825744628906,513.149108886719
"CRS3035RES20000mN3040000E3820000",17.3829402923584,753.33203125,520.814758300781
"CRS3035RES20000mN3040000E3840000",17.423734664917,775.440979003906,524.207641601562
"CRS3035RES20000mN3040000E3860000",17.3499507904053,810.620056152344,529.728576660156
"CRS3035RES20000mN3040000E3880000",17.2208938598633,836.119323730469,533.406921386719
"CRS3035RES20000mN3040000E3900000",16.9517841339111,912.273864746094,534.706665039062
"CRS3035RES20000mN3040000E3920000",16.9141883850098,913.078674316406,540.8837890625
"CRS3035RES20000mN3040000E3940000",16.8383693695068,900.916870117188,544.287658691406
"CRS3035RES20000mN3040000E3960000",16.647144317627,948.787719726562,545.520080566406
"CRS3035RES20000mN3040000E3980000",16.502836227417,977.222839355469,547.984130859375
"CRS3035RES20000mN3040000E4000000",16.4892158508301,1052.087890625,557.320495605469
"CRS3035RES20000mN3040000E4020000",15.6357355117798,1204.0029296875,558.476745605469
"CRS3035RES20000mN3040000E4040000",14.6396503448486,1300.22998046875,554.551879882812
"CRS3035RES20000mN3040000E4060000",15.0886497497559,1010.82934570312,563.85205078125
"CRS3035RES20000mN3040000E4080000",15.8059215545654,815.516662597656,571.3955078125
"CRS3035RES20000mN3040000E4100000",16.5221252441406,744.787048339844,578.388305664062
"CRS3035RES20000mN3040000E4120000",17.2823238372803,791.334655761719,596.884460449219
"CRS3035RES20000mN3040000E4140000",16.8268814086914,939.028442382812,593.516906738281
"CRS3035RES20000mN3040000E4160000",16.2959575653076,974.041442871094,598.581726074219
"CRS3035RES20000mN3040000E4180000",16.5184688568115,922.062316894531,611.848754882812
"CRS3035RES20000mN3040000E4200000",17.2337074279785,845.804809570312,627.694396972656
"CRS3035RES20000mN3040000E4220000",17.5766487121582,734.060974121094,631.190673828125
"CRS3035RES20000mN3040000E4240000",17.1876010894775,868.513488769531,628.094909667969
"CRS3035RES20000mN3040000E4260000",15.6958160400391,1023.63342285156,605.970764160156
"CRS3035RES20000mN3040000E4280000",16.7187919616699,873.098510742188,641.08203125
"CRS3035RES20000mN3040000E4300000",16.0166893005371,957.060791015625,632.359069824219
"CRS3035RES20000mN3040000E4320000",15.3649072647095,870.857055664062,622.580505371094
"CRS3035RES20000mN3040000E4340000",16.3434352874756,794.253540039062,654.29638671875
"CRS3035RES20000mN3040000E4360000",15.7505865097046,957.138916015625,653.17431640625
"CRS3035RES20000mN3040000E4380000",14.8494901657104,1111.11791992188,639.74951171875
"CRS3035RES20000mN3040000E4400000",15.4271049499512,967.826232910156,653.25927734375
"CRS3035RES20000mN3040000E4420000",16.0812664031982,802.685424804688,657.510192871094
"CRS3035RES20000mN3040000E4440000",16.1183567047119,747.431091308594,651.049987792969
"CRS3035RES20000mN3040000E4460000",16.4550495147705,734.082275390625,659.419250488281
"CRS3035RES20000mN3040000E4480000",15.9247016906738,911.130859375,662.122314453125
"CRS3035RES20000mN3040000E4500000",15.1486015319824,941.735717773438,662.4599609375
"CRS3035RES20000mN3040000E4520000",14.6222944259644,942.62890625,666.344787597656
"CRS3035RES20000mN3040000E4540000",14.5720949172974,996.793029785156,654.98779296875
"CRS3035RES20000mN3040000E4560000",17.1599502563477,731.238830566406,702.773010253906
"CRS3035RES20000mN3040000E4580000",17.6590156555176,627.177612304688,708.08984375
"CRS3035RES20000mN3040000E4600000",18.3718204498291,551.714538574219,722.133422851562
"CRS3035RES20000mN3040000E4620000",18.3803596496582,582.706970214844,720.52392578125
"CRS3035RES20000mN3040000E4640000",17.7808609008789,676.306213378906,705.557434082031
"CRS3035RES20000mN3040000E4660000",18.1289138793945,673.562866210938,715.116027832031
"CRS3035RES20000mN3040000E4680000",17.7827129364014,751.829528808594,713.607482910156
"CRS3035RES20000mN3040000E4700000",17.4668083190918,765.461608886719,716.43701171875
"CRS3035RES20000mN3040000E4720000",17.1728286743164,755.022338867188,717.346130371094
"CRS3035RES20000mN3040000E4740000",17.2140045166016,765.719360351562,723.204711914062
"CRS3035RES20000mN3040000E4760000",15.2115640640259,902.867248535156,677.066162109375
"CRS3035RES20000mN3040000E4800000",15.6384220123291,907.00341796875,692.19580078125
"CRS3035RES20000mN3040000E4820000",16.9775829315186,814.60498046875,719.061279296875
"CRS3035RES20000mN3040000E4840000",17.263692855835,760.876342773438,713.01513671875
"CRS3035RES20000mN3040000E4860000",18.0062122344971,689.991943359375,723.439758300781
"CRS3035RES20000mN3060000E3720000",16.877233505249,885.0380859375,466.227935791016
"CRS3035RES20000mN3060000E3740000",16.5441570281982,922.741638183594,482.920959472656
"CRS3035RES20000mN3060000E3760000",16.4150829315186,967.764343261719,488.246154785156
"CRS3035RES20000mN3060000E3780000",16.7556247711182,867.777282714844,495.794006347656
"CRS3035RES20000mN3060000E3800000",17.2270317077637,778.098327636719,509.803588867188
"CRS3035RES20000mN3060000E3820000",17.3026676177979,789.495910644531,515.829406738281
"CRS3035RES20000mN3060000E3840000",17.2997970581055,804.306213378906,518.202880859375
"CRS3035RES20000mN3060000E3860000",17.2810020446777,848.678649902344,524.624755859375
"CRS3035RES20000mN3060000E3880000",17.23095703125,859.453430175781,529.790344238281
"CRS3035RES20000mN3060000E3900000",17.0826835632324,876.392578125,532.349487304688
"CRS3035RES20000mN3060000E3920000",16.9779453277588,889.67919921875,536.68408203125
"CRS3035RES20000mN3060000E3940000",16.9365139007568,876.303100585938,540.138000488281
"CRS3035RES20000mN3060000E3960000",17.0063667297363,857.915161132812,544.866638183594
"CRS3035RES20000mN3060000E3980000",16.9990291595459,911.985046386719,548.772888183594
"CRS3035RES20000mN3060000E4000000",17.0561027526855,943.762329101562,555.822143554688
"CRS3035RES20000mN3060000E4020000",16.5651073455811,1044.98034667969,557.280578613281
"CRS3035RES20000mN3060000E4040000",15.8931713104248,1053.7421875,555.177185058594
"CRS3035RES20000mN3060000E4060000",16.3313903808594,875.673645019531,562.486999511719
"CRS3035RES20000mN3060000E4080000",17.3905544281006,716.038879394531,578.019348144531
"CRS3035RES20000mN3060000E4100000",17.6583652496338,739.280212402344,582.465576171875
"CRS3035RES20000mN3060000E4120000",17.3514251708984,900.153869628906,586.998229980469
"CRS3035RES20000mN3060000E4140000",16.8702926635742,1015.14831542969,594.745849609375
"CRS3035RES20000mN3060000E4160000",16.1780796051025,1053.40759277344,601.553039550781
"CRS3035RES20000mN3060000E4180000",15.6365537643433,1012.421875,600.7353515625
"CRS3035RES20000mN3060000E4200000",16.2863368988037,960.118957519531,614.318054199219
"CRS3035RES20000mN3060000E4220000",17.119649887085,815.412780761719,625.692504882812
"CRS3035RES20000mN3060000E4240000",16.944694519043,779.112670898438,621.711547851562
"CRS3035RES20000mN3060000E4260000",16.5708026885986,811.960815429688,616.07763671875
"CRS3035RES20000mN3060000E4280000",16.7210636138916,789.356750488281,625.847839355469
"CRS3035RES20000mN3060000E4300000",16.5930576324463,806.929443359375,631.017333984375
"CRS3035RES20000mN3060000E4320000",16.1408233642578,814.743225097656,631.320983886719
"CRS3035RES20000mN3060000E4340000",16.1180210113525,813.380432128906,645.469909667969
"CRS3035RES20000mN3060000E4360000",14.8347616195679,993.13232421875,627.634155273438
"CRS3035RES20000mN3060000E4380000",16.005090713501,803.69580078125,655.263061523438
"CRS3035RES20000mN3060000E4400000",16.6078605651855,736.982666015625,658.965759277344
"CRS3035RES20000mN3060000E4420000",17.1686458587646,681.406066894531,659.169494628906
"CRS3035RES20000mN3060000E4440000",16.696159362793,676.560424804688,642.410278320312
"CRS3035RES20000mN3060000E4460000",17.0024852752686,687.752685546875,648.809631347656
"CRS3035RES20000mN3060000E4480000",16.9760227203369,776.918884277344,654.382385253906
"CRS3035RES20000mN3060000E4500000",16.5251846313477,892.302978515625,657.92236328125
"CRS3035RES20000mN3060000E4520000",15.8814716339111,942.656921386719,662.193054199219
"CRS3035RES20000mN3060000E4540000",15.386794090271,942.022399902344,663.235473632812
"CRS3035RES20000mN3060000E4560000",14.7041254043579,988.348205566406,651.166076660156
"CRS3035RES20000mN3060000E4580000",16.1036605834961,849.888122558594,685.970581054688
"CRS3035RES20000mN3060000E4600000",17.0695152282715,684.637756347656,704.143371582031
"CRS3035RES20000mN3060000E4620000",16.9274940490723,709.359008789062,697.018432617188
"CRS3035RES20000mN3060000E4640000",17.5142650604248,711.227233886719,712.55419921875
"CRS3035RES20000mN3060000E4660000",17.0746173858643,820.2626953125,706.861755371094
"CRS3035RES20000mN3060000E4680000",16.7118988037109,1023.03735351562,714.355041503906
"CRS3035RES20000mN3060000E4700000",15.9311265945435,1106.353515625,713.860717773438
"CRS3035RES20000mN3060000E4720000",15.6349773406982,953.283630371094,714.9189453125
"CRS3035RES20000mN3060000E4740000",15.8547306060791,800.735168457031,712.083129882812
"CRS3035RES20000mN3060000E4760000",15.9640893936157,728.391906738281,695.812744140625
"CRS3035RES20000mN1800000E2660000",21.1796703338623,708.767639160156,356.643829345703
"CRS3035RES20000mN1800000E2680000",22.0583324432373,673.042907714844,432.389404296875
"CRS3035RES20000mN1800000E2700000",22.3747806549072,651.708190917969,469.441284179688
"CRS3035RES20000mN1800000E2720000",22.6932640075684,611.998962402344,489.550964355469
"CRS3035RES20000mN1800000E2740000",23.6129684448242,547.642822265625,516.342224121094
"CRS3035RES20000mN1800000E2760000",24.3189239501953,537.983703613281,538.166320800781
"CRS3035RES20000mN1800000E2780000",24.4154167175293,631.653625488281,547.194152832031
"CRS3035RES20000mN3080000E3720000",16.6136360168457,873.63134765625,456.594024658203
"CRS3035RES20000mN3080000E3740000",16.2478618621826,928.937133789062,476.9853515625
"CRS3035RES20000mN3080000E3760000",16.5744514465332,906.894104003906,487.397827148438
"CRS3035RES20000mN3080000E3780000",17.0021553039551,823.422058105469,494.468322753906
"CRS3035RES20000mN3080000E3800000",17.1370830535889,809.122314453125,502.841918945312
"CRS3035RES20000mN1800000E2800000",24.4232196807861,728.627319335938,560.121765136719
"CRS3035RES20000mN3080000E3820000",17.2216243743896,805.992797851562,509.723846435547
"CRS3035RES20000mN3080000E3840000",17.2287406921387,819.097412109375,514.675354003906
"CRS3035RES20000mN3080000E3860000",17.1500911712646,849.129577636719,520.085388183594
"CRS3035RES20000mN3080000E3880000",17.2857761383057,825.587097167969,527.101867675781
"CRS3035RES20000mN3080000E3900000",17.2850227355957,842.708557128906,531.339416503906
"CRS3035RES20000mN3080000E3920000",17.1413669586182,869.439819335938,534.206726074219
"CRS3035RES20000mN3080000E3940000",17.2793750762939,835.733215332031,540.229248046875
"CRS3035RES20000mN3080000E3960000",17.4468822479248,806.597534179688,546.327697753906
"CRS3035RES20000mN3080000E3980000",17.503116607666,828.823669433594,552.327026367188
"CRS3035RES20000mN3080000E4000000",17.5058917999268,866.611389160156,557.088806152344
"CRS3035RES20000mN1800000E2820000",24.2491798400879,815.419738769531,578.742919921875
"CRS3035RES20000mN3080000E4020000",17.2625732421875,891.742309570312,557.607788085938
"CRS3035RES20000mN3080000E4040000",17.1925563812256,879.149658203125,561.896545410156
"CRS3035RES20000mN3080000E4060000",17.5970039367676,805.510620117188,569.940734863281
"CRS3035RES20000mN3080000E4080000",17.7957363128662,754.267700195312,574.702941894531
"CRS3035RES20000mN3080000E4100000",18.0543308258057,817.205261230469,585.685668945312
"CRS3035RES20000mN3080000E4120000",17.2960395812988,1095.78295898438,588.150573730469
"CRS3035RES20000mN3080000E4140000",16.5901165008545,1246.74951171875,596.217224121094
"CRS3035RES20000mN3080000E4160000",16.047779083252,1268.23889160156,605.975524902344
"CRS3035RES20000mN3080000E4180000",15.5460262298584,1219.7333984375,608.575927734375
"CRS3035RES20000mN3080000E4200000",15.5635442733765,1051.69250488281,609.24169921875
"CRS3035RES20000mN1800000E2840000",23.729154586792,869.284423828125,586.6181640625
"CRS3035RES20000mN3080000E4220000",16.640567779541,822.232482910156,624.503967285156
"CRS3035RES20000mN3080000E4240000",16.7178249359131,795.692810058594,620.671569824219
"CRS3035RES20000mN3080000E4260000",16.7997074127197,710.920593261719,620.979431152344
"CRS3035RES20000mN3080000E4280000",16.1283473968506,786.226989746094,609.524841308594
"CRS3035RES20000mN3080000E4300000",16.6359615325928,755.419128417969,626.445373535156
"CRS3035RES20000mN3080000E4320000",16.8569393157959,735.682189941406,638.998229980469
"CRS3035RES20000mN3080000E4340000",16.0698776245117,783.908996582031,629.968933105469
"CRS3035RES20000mN3080000E4360000",16.5635776519775,721.596130371094,646.484008789062
"CRS3035RES20000mN3080000E4380000",16.921932220459,652.505004882812,651.010498046875
"CRS3035RES20000mN3080000E4400000",16.586254119873,625.046264648438,636.005126953125
"CRS3035RES20000mN1800000E2860000",24.2688179016113,805.568359375,606.374328613281
"CRS3035RES20000mN3080000E4420000",17.0413951873779,632.457275390625,642.457092285156
"CRS3035RES20000mN3080000E4440000",17.0469455718994,672.69921875,641.630310058594
"CRS3035RES20000mN3080000E4460000",17.2818832397461,658.412292480469,646.103759765625
"CRS3035RES20000mN3080000E4480000",17.3904438018799,672.917053222656,647.480102539062
"CRS3035RES20000mN3080000E4500000",17.1399478912354,768.689270019531,648.12890625
"CRS3035RES20000mN3080000E4520000",16.9654235839844,819.615783691406,656.54296875
"CRS3035RES20000mN3080000E4540000",16.2524013519287,892.529541015625,656.563659667969
"CRS3035RES20000mN3080000E4560000",15.865161895752,897.753234863281,658.822875976562
"CRS3035RES20000mN3080000E4580000",16.1175327301025,831.240356445312,671.270812988281
"CRS3035RES20000mN3080000E4600000",16.7087802886963,765.695190429688,687.3515625
"CRS3035RES20000mN1800000E2880000",24.0793170928955,733.542358398438,616.156494140625
"CRS3035RES20000mN3080000E4620000",16.6227760314941,767.310668945312,685.860290527344
"CRS3035RES20000mN3080000E4640000",16.3808765411377,800.901306152344,682.325805664062
"CRS3035RES20000mN3080000E4660000",16.4350147247314,915.641845703125,691.311218261719
"CRS3035RES20000mN3080000E4680000",14.2989168167114,1379.96350097656,665.274841308594
"CRS3035RES20000mN3080000E4700000",13.4950580596924,1365.0830078125,669.469970703125
"CRS3035RES20000mN3080000E4720000",14.3251323699951,1035.93872070312,692.676391601562
"CRS3035RES20000mN1800000E2900000",24.7551212310791,672.987854003906,630.712890625
"CRS3035RES20000mN1800000E2920000",24.9230442047119,665.011108398438,638.471069335938
"CRS3035RES20000mN1800000E2940000",25.1174850463867,612.681030273438,646.157287597656
"CRS3035RES20000mN1800000E2960000",25.5903015136719,577.405334472656,656.449035644531
"CRS3035RES20000mN1800000E2980000",25.059253692627,636.694580078125,656.89453125
"CRS3035RES20000mN1800000E3000000",24.8885135650635,601.516540527344,656.989562988281
"CRS3035RES20000mN1800000E3020000",24.8881320953369,599.766723632812,663.769409179688
"CRS3035RES20000mN1800000E3040000",24.6246376037598,625.706359863281,670.768310546875
"CRS3035RES20000mN1800000E3060000",25.1971378326416,584.968994140625,684.942626953125
"CRS3035RES20000mN3100000E3200000",15.8567180633545,997.218322753906,291.970794677734
"CRS3035RES20000mN3100000E3220000",15.9284029006958,1028.56628417969,314.447052001953
"CRS3035RES20000mN3100000E3240000",15.9288711547852,1054.77111816406,332.459564208984
"CRS3035RES20000mN3100000E3260000",16.1236820220947,1053.697265625,335.882354736328
"CRS3035RES20000mN3100000E3320000",15.8977108001709,1241.43566894531,326.115020751953
"CRS3035RES20000mN3100000E3340000",15.6530389785767,1175.43188476562,333.076293945312
"CRS3035RES20000mN3100000E3360000",15.9192743301392,1015.96887207031,328.483337402344
"CRS3035RES20000mN1800000E3080000",25.3300876617432,571.765869140625,696.145751953125
"CRS3035RES20000mN3100000E3500000",16.335298538208,788.06884765625,360.273376464844
"CRS3035RES20000mN3100000E3520000",16.4039134979248,774.691467285156,373.047698974609
"CRS3035RES20000mN3100000E3620000",16.1617012023926,885.351135253906,363.782958984375
"CRS3035RES20000mN3100000E3640000",16.2558860778809,871.083374023438,370.242279052734
"CRS3035RES20000mN3100000E3720000",16.5584983825684,856.929992675781,437.116180419922
"CRS3035RES20000mN3100000E3740000",16.479887008667,864.852844238281,463.880493164062
"CRS3035RES20000mN3100000E3760000",16.9121284484863,808.618408203125,484.777618408203
"CRS3035RES20000mN3100000E3780000",17.0432739257812,799.035217285156,492.177215576172
"CRS3035RES20000mN1800000E3100000",25.7034397125244,523.867797851562,708.160827636719
"CRS3035RES20000mN3100000E3800000",17.0833930969238,793.555358886719,498.143127441406
"CRS3035RES20000mN3100000E3820000",17.0921821594238,821.276184082031,504.249237060547
"CRS3035RES20000mN3100000E3840000",17.1890296936035,843.471496582031,514.093017578125
"CRS3035RES20000mN3100000E3860000",17.264705657959,838.137451171875,520.806030273438
"CRS3035RES20000mN3100000E3880000",17.2674617767334,833.528198242188,524.303039550781
"CRS3035RES20000mN3100000E3900000",17.3805656433105,837.760131835938,528.930419921875
"CRS3035RES20000mN3100000E3920000",17.4853858947754,830.546875,536.192321777344
"CRS3035RES20000mN3100000E3940000",17.5520362854004,823.274169921875,541.452453613281
"CRS3035RES20000mN3100000E3960000",17.5536956787109,814.985900878906,544.992431640625
"CRS3035RES20000mN3100000E3980000",17.644380569458,827.562377929688,553.133239746094
"CRS3035RES20000mN1800000E3120000",24.5089550018311,538.501892089844,701.440063476562
"CRS3035RES20000mN3100000E4000000",17.5454025268555,881.213500976562,556.45458984375
"CRS3035RES20000mN3100000E4020000",17.7624950408936,814.308166503906,562.1572265625
"CRS3035RES20000mN3100000E4040000",17.7048778533936,804.89013671875,565.153442382812
"CRS3035RES20000mN3100000E4060000",17.6869277954102,808.3505859375,567.796875
"CRS3035RES20000mN3100000E4080000",17.9133701324463,819.648254394531,575.400390625
"CRS3035RES20000mN3100000E4100000",17.8236522674561,958.922241210938,584.219482421875
"CRS3035RES20000mN3100000E4120000",16.7124080657959,1251.19934082031,581.418151855469
"CRS3035RES20000mN3100000E4140000",15.9371118545532,1357.15576171875,585.892761230469
"CRS3035RES20000mN3100000E4160000",15.4681272506714,1363.39819335938,592.034851074219
"CRS3035RES20000mN3100000E4180000",15.1096277236938,1308.1357421875,598.157165527344
"CRS3035RES20000mN1800000E3140000",24.8803730010986,513.856506347656,704.349670410156
"CRS3035RES20000mN3100000E4200000",14.6675024032593,1273.9248046875,591.962707519531
"CRS3035RES20000mN3100000E4220000",15.8395805358887,884.444152832031,612.372741699219
"CRS3035RES20000mN3100000E4240000",15.9861478805542,784.372192382812,607.039672851562
"CRS3035RES20000mN3100000E4260000",17.0873241424561,678.197143554688,627.914367675781
"CRS3035RES20000mN3100000E4280000",16.5996761322021,764.243408203125,619.564086914062
"CRS3035RES20000mN3100000E4300000",16.3602638244629,806.937133789062,618.147399902344
"CRS3035RES20000mN3100000E4320000",16.5262184143066,772.990966796875,626.997680664062
"CRS3035RES20000mN3100000E4340000",16.4840850830078,733.227600097656,630.863830566406
"CRS3035RES20000mN3100000E4360000",17.0259284973145,619.059204101562,643.519226074219
"CRS3035RES20000mN3100000E4380000",17.5440044403076,568.980651855469,651.7685546875
"CRS3035RES20000mN1800000E3160000",24.7123641967773,534.656005859375,699.913879394531
"CRS3035RES20000mN3100000E4400000",17.3567352294922,588.799865722656,643.819885253906
"CRS3035RES20000mN3100000E4420000",17.3793334960938,613.883544921875,644.547241210938
"CRS3035RES20000mN3100000E4440000",17.4571189880371,620.375061035156,646.533874511719
"CRS3035RES20000mN3100000E4460000",17.6949043273926,620.076538085938,650.854064941406
"CRS3035RES20000mN3100000E4480000",17.8717613220215,631.15869140625,653.318481445312
"CRS3035RES20000mN3100000E4500000",17.6581325531006,687.684204101562,650.916809082031
"CRS3035RES20000mN3100000E4520000",17.3726844787598,744.00439453125,649.839477539062
"CRS3035RES20000mN3100000E4540000",17.239953994751,758.38916015625,653.108337402344
"CRS3035RES20000mN3100000E4560000",17.3412075042725,769.9853515625,661.150268554688
"CRS3035RES20000mN3100000E4580000",17.709342956543,759.76611328125,676.411560058594
"CRS3035RES20000mN1800000E3180000",24.2056999206543,567.127136230469,690.346557617188
"CRS3035RES20000mN3100000E4600000",16.9915924072266,803.788330078125,670.097961425781
"CRS3035RES20000mN3100000E4620000",16.3690357208252,833.989074707031,661.481811523438
"CRS3035RES20000mN3100000E4640000",16.6702136993408,750.966613769531,671.229675292969
"CRS3035RES20000mN3100000E4660000",17.1607913970947,786.407531738281,685.947204589844
"CRS3035RES20000mN3100000E4680000",16.2328357696533,1001.68286132812,682.426330566406
"CRS3035RES20000mN1800000E3200000",24.2748241424561,639.482421875,694.367309570312
"CRS3035RES20000mN1800000E3220000",21.9088859558105,734.307067871094,684.081481933594
"CRS3035RES20000mN1800000E3240000",21.3849067687988,597.571899414062,660.906982421875
"CRS3035RES20000mN1800000E3260000",22.308277130127,476.343231201172,644.49267578125
"CRS3035RES20000mN1800000E3280000",23.2829551696777,363.149261474609,640.828430175781
"CRS3035RES20000mN1800000E3300000",23.5213584899902,329.063262939453,641.629089355469
"CRS3035RES20000mN1800000E3320000",23.3763809204102,336.244079589844,642.651245117188
"CRS3035RES20000mN1800000E3340000",23.3639736175537,360.106323242188,634.74365234375
"CRS3035RES20000mN1800000E3360000",23.7282867431641,411.623291015625,618.982482910156
"CRS3035RES20000mN3120000E3200000",15.78187084198,1027.73852539062,293.656616210938
"CRS3035RES20000mN3120000E3220000",15.8692045211792,1031.25256347656,320.365844726562
"CRS3035RES20000mN3120000E3240000",15.7846240997314,1066.55627441406,342.573791503906
"CRS3035RES20000mN3120000E3260000",15.6723022460938,1150.84362792969,353.808166503906
"CRS3035RES20000mN3120000E3280000",15.6507596969604,1237.66516113281,347.256103515625
"CRS3035RES20000mN3120000E3300000",15.677188873291,1304.44348144531,354.888854980469
"CRS3035RES20000mN3120000E3320000",15.267692565918,1422.09106445312,362.841125488281
"CRS3035RES20000mN3120000E3340000",15.2708311080933,1277.81005859375,368.610809326172
"CRS3035RES20000mN3120000E3360000",15.9107294082642,979.906860351562,360.345794677734
"CRS3035RES20000mN1800000E3380000",23.2669525146484,543.303161621094,601.968444824219
"CRS3035RES20000mN3120000E3420000",16.1717262268066,883.117797851562,369.302276611328
"CRS3035RES20000mN3120000E3440000",16.1077632904053,862.744689941406,380.074615478516
"CRS3035RES20000mN3120000E3460000",16.2571239471436,855.512756347656,384.053070068359
"CRS3035RES20000mN3120000E3480000",16.3876533508301,853.488586425781,380.428955078125
"CRS3035RES20000mN3120000E3500000",16.4603404998779,834.5166015625,389.661712646484
"CRS3035RES20000mN3120000E3520000",16.6828727722168,776.714721679688,411.895050048828
"CRS3035RES20000mN3120000E3540000",16.5571193695068,809.98095703125,398.865264892578
"CRS3035RES20000mN3120000E3560000",16.3685188293457,836.197021484375,389.617370605469
"CRS3035RES20000mN3120000E3580000",16.2300624847412,796.111267089844,386.659729003906
"CRS3035RES20000mN1800000E3400000",23.4903392791748,645.316284179688,578.555908203125
"CRS3035RES20000mN3120000E3600000",16.065185546875,831.978759765625,391.506713867188
"CRS3035RES20000mN3120000E3620000",16.1902542114258,834.503845214844,402.456298828125
"CRS3035RES20000mN3120000E3640000",16.2971477508545,827.080078125,413.547058105469
"CRS3035RES20000mN3120000E3660000",16.5781230926514,790.233459472656,424.898132324219
"CRS3035RES20000mN3120000E3680000",16.617073059082,815.865539550781,415.613220214844
"CRS3035RES20000mN3120000E3720000",16.5536994934082,839.521118164062,410.921478271484
"CRS3035RES20000mN3120000E3740000",16.7500991821289,806.452575683594,435.166198730469
"CRS3035RES20000mN3120000E3760000",17.0249538421631,780.708312988281,465.955291748047
"CRS3035RES20000mN3120000E3780000",17.0567493438721,767.280395507812,477.709838867188
"CRS3035RES20000mN3120000E3800000",17.0078315734863,803.300415039062,481.876098632812
"CRS3035RES20000mN1800000E3420000",23.1616706848145,781.680236816406,544.164123535156
"CRS3035RES20000mN3120000E3820000",16.9655704498291,845.772338867188,489.646697998047
"CRS3035RES20000mN3120000E3840000",17.0892715454102,847.86572265625,506.917053222656
"CRS3035RES20000mN3120000E3860000",17.2553024291992,840.7900390625,517.333557128906
"CRS3035RES20000mN3120000E3880000",17.361213684082,839.02685546875,524.73486328125
"CRS3035RES20000mN3120000E3900000",17.4128398895264,850.404602050781,528.280944824219
"CRS3035RES20000mN3120000E3920000",17.4918804168701,852.08740234375,534.975219726562
"CRS3035RES20000mN3120000E3940000",17.5489139556885,849.053344726562,541.515930175781
"CRS3035RES20000mN3120000E3960000",17.5628967285156,845.620483398438,545.927856445312
"CRS3035RES20000mN3120000E3980000",17.5368671417236,852.765991210938,551.269958496094
"CRS3035RES20000mN3120000E4000000",17.6530647277832,831.168823242188,557.188842773438
"CRS3035RES20000mN1800000E3440000",24.5602436065674,767.909118652344,489.413818359375
"CRS3035RES20000mN3120000E4020000",17.812047958374,809.700622558594,562.385437011719
"CRS3035RES20000mN3120000E4040000",17.7334594726562,821.380004882812,564.62744140625
"CRS3035RES20000mN3120000E4060000",17.7386913299561,818.318176269531,567.707397460938
"CRS3035RES20000mN3120000E4080000",17.8822078704834,849.06103515625,574.419372558594
"CRS3035RES20000mN3120000E4100000",17.2869644165039,1088.71313476562,574.865112304688
"CRS3035RES20000mN3120000E4120000",16.3656673431396,1249.95727539062,571.991149902344
"CRS3035RES20000mN3120000E4140000",15.8385066986084,1301.79528808594,575.901916503906
"CRS3035RES20000mN3120000E4160000",15.6924524307251,1239.36364746094,583.878356933594
"CRS3035RES20000mN3120000E4180000",15.3994770050049,1222.34240722656,590.545654296875
"CRS3035RES20000mN3120000E4200000",14.5993490219116,1228.29479980469,580.341735839844
"CRS3035RES20000mN1800000E3460000",24.3608455657959,705.719360351562,452.275390625
"CRS3035RES20000mN3120000E4220000",14.7543754577637,1015.67938232422,583.896606445312
"CRS3035RES20000mN3120000E4240000",16.0371036529541,754.491394042969,605.223327636719
"CRS3035RES20000mN3120000E4260000",16.2014560699463,764.641357421875,604.67431640625
"CRS3035RES20000mN3120000E4280000",16.6564884185791,792.768432617188,616.610595703125
"CRS3035RES20000mN3120000E4300000",16.1319198608398,849.502075195312,609.461547851562
"CRS3035RES20000mN3120000E4320000",16.1140365600586,806.780944824219,616.794128417969
"CRS3035RES20000mN3120000E4340000",16.0710906982422,722.737731933594,622.603271484375
"CRS3035RES20000mN3120000E4360000",16.4578800201416,651.563354492188,633.978210449219
"CRS3035RES20000mN3120000E4380000",17.0750370025635,594.851501464844,645.33837890625
"CRS3035RES20000mN3120000E4400000",17.4182949066162,597.102661132812,649.375549316406
"CRS3035RES20000mN1800000E3540000",25.0992374420166,455.000640869141,467.615173339844
"CRS3035RES20000mN3120000E4420000",17.3797760009766,599.969543457031,645.324340820312
"CRS3035RES20000mN3120000E4440000",17.8960857391357,580.749328613281,652.91748046875
"CRS3035RES20000mN3120000E4460000",18.1478691101074,587.282043457031,656.56494140625
"CRS3035RES20000mN3120000E4480000",18.126594543457,626.788452148438,659.134094238281
"CRS3035RES20000mN3120000E4500000",17.9743385314941,652.614013671875,658.727905273438
"CRS3035RES20000mN3120000E4520000",17.7670879364014,666.282348632812,655.895324707031
"CRS3035RES20000mN3120000E4540000",18.07106590271,642.108703613281,661.66650390625
"CRS3035RES20000mN3120000E4560000",18.0542449951172,675.091796875,664.382568359375
"CRS3035RES20000mN3120000E4580000",17.7361335754395,716.740539550781,662.8154296875
"CRS3035RES20000mN3120000E4600000",17.4232006072998,765.637329101562,664.89892578125
"CRS3035RES20000mN1800000E3560000",25.3606567382812,484.587341308594,498.445343017578
"CRS3035RES20000mN3120000E4620000",17.6537933349609,728.262817382812,675.711853027344
"CRS3035RES20000mN3120000E4640000",17.5209827423096,705.375610351562,675.798889160156
"CRS3035RES20000mN3120000E4660000",17.529691696167,708.798767089844,678.705627441406
"CRS3035RES20000mN1800000E3580000",25.1182327270508,493.418701171875,473.961181640625
"CRS3035RES20000mN1800000E4180000",23.8136882781982,702.02685546875,573.103515625
"CRS3035RES20000mN1800000E4200000",24.1154098510742,618.949340820312,594.637512207031
"CRS3035RES20000mN1800000E4220000",24.84348487854,531.171875,572.984985351562
"CRS3035RES20000mN1800000E4240000",23.5611934661865,669.78857421875,560.039184570312
"CRS3035RES20000mN1800000E4260000",23.6392078399658,597.535217285156,581.126342773438
"CRS3035RES20000mN1800000E4280000",24.9076900482178,490.282440185547,534.284423828125
"CRS3035RES20000mN3140000E3240000",15.888352394104,1112.86364746094,323.25732421875
"CRS3035RES20000mN3140000E3260000",15.629430770874,1168.06945800781,347.521606445312
"CRS3035RES20000mN3140000E3280000",15.0454034805298,1324.07922363281,360.369110107422
"CRS3035RES20000mN3140000E3300000",15.1263246536255,1323.78393554688,378.439453125
"CRS3035RES20000mN3140000E3320000",14.5430717468262,1598.16845703125,384.566680908203
"CRS3035RES20000mN3140000E3340000",14.5326347351074,1486.50036621094,389.766784667969
"CRS3035RES20000mN3140000E3360000",15.6550436019897,997.821472167969,391.872833251953
"CRS3035RES20000mN3140000E3380000",15.8802576065063,938.211486816406,394.398193359375
"CRS3035RES20000mN3140000E3400000",16.1864452362061,923.417053222656,405.010284423828
"CRS3035RES20000mN3140000E3420000",15.9840650558472,971.561401367188,412.133941650391
"CRS3035RES20000mN1800000E4840000",22.1422290802002,1230.49499511719,514.314575195312
"CRS3035RES20000mN3140000E3440000",15.8825340270996,920.944946289062,416.839385986328
"CRS3035RES20000mN3140000E3460000",16.1839065551758,895.658142089844,418.722900390625
"CRS3035RES20000mN3140000E3480000",16.2774448394775,897.736267089844,412.882354736328
"CRS3035RES20000mN3140000E3500000",16.318229675293,903.7900390625,417.787475585938
"CRS3035RES20000mN3140000E3520000",16.6193351745605,825.372741699219,437.274230957031
"CRS3035RES20000mN3140000E3540000",16.2115459442139,902.072998046875,432.977783203125
"CRS3035RES20000mN3140000E3560000",16.1846160888672,854.791931152344,432.829864501953
"CRS3035RES20000mN3140000E3580000",16.481164932251,735.224853515625,438.498260498047
"CRS3035RES20000mN3140000E3600000",16.3264484405518,781.40087890625,444.057983398438
"CRS3035RES20000mN3140000E3620000",16.2388725280762,833.59619140625,450.40185546875
"CRS3035RES20000mN1800000E4860000",19.8767509460449,1349.02648925781,553.984924316406
"CRS3035RES20000mN3140000E3640000",16.3916759490967,793.956665039062,456.139007568359
"CRS3035RES20000mN3140000E3660000",16.7796173095703,734.179992675781,463.281829833984
"CRS3035RES20000mN3140000E3680000",16.5313587188721,764.064575195312,445.820251464844
"CRS3035RES20000mN3140000E3700000",16.3467121124268,788.892211914062,421.007781982422
"CRS3035RES20000mN3140000E3720000",16.5941200256348,782.699584960938,410.613159179688
"CRS3035RES20000mN3140000E3800000",16.8538341522217,846.043151855469,446.779602050781
"CRS3035RES20000mN3140000E3820000",16.9315280914307,865.243225097656,463.622253417969
"CRS3035RES20000mN3140000E3840000",17.0515079498291,844.678100585938,491.191711425781
"CRS3035RES20000mN3140000E3860000",17.1981678009033,837.864807128906,508.239837646484
"CRS3035RES20000mN3140000E3880000",17.3390846252441,855.763732910156,521.685302734375
"CRS3035RES20000mN1800000E4880000",16.7494201660156,1402.28466796875,587.505981445312
"CRS3035RES20000mN3140000E3900000",17.3751449584961,863.763549804688,527.466552734375
"CRS3035RES20000mN3140000E3920000",17.4039192199707,862.553283691406,533.002380371094
"CRS3035RES20000mN3140000E3940000",17.3768653869629,874.716918945312,538.32470703125
"CRS3035RES20000mN3140000E3960000",17.4014511108398,874.670776367188,543.37646484375
"CRS3035RES20000mN3140000E3980000",17.483325958252,856.933959960938,549.490173339844
"CRS3035RES20000mN3140000E4000000",17.6113128662109,825.429809570312,555.090026855469
"CRS3035RES20000mN3140000E4020000",17.6666564941406,806.480712890625,558.570068359375
"CRS3035RES20000mN3140000E4040000",17.7157402038574,806.537780761719,562.68212890625
"CRS3035RES20000mN3140000E4060000",17.7098331451416,823.212341308594,565.380798339844
"CRS3035RES20000mN3140000E4080000",17.8003082275391,839.283874511719,570.474609375
"CRS3035RES20000mN1800000E4900000",21.6917591094971,1104.00573730469,594.615356445312
"CRS3035RES20000mN3140000E4100000",17.493314743042,947.874450683594,573.682189941406
"CRS3035RES20000mN3140000E4120000",17.211555480957,1013.05969238281,579.241027832031
"CRS3035RES20000mN3140000E4140000",17.073938369751,1051.30517578125,583.218933105469
"CRS3035RES20000mN3140000E4160000",16.6023578643799,1057.111328125,580.213928222656
"CRS3035RES20000mN3140000E4180000",16.2026100158691,1044.98010253906,582.969604492188
"CRS3035RES20000mN3140000E4200000",15.5120267868042,1077.24645996094,578.816833496094
"CRS3035RES20000mN3140000E4220000",15.4534435272217,958.974609375,582.521728515625
"CRS3035RES20000mN3140000E4240000",16.2081756591797,816.281921386719,596.491577148438
"CRS3035RES20000mN3140000E4260000",16.6717700958252,765.932250976562,607.106506347656
"CRS3035RES20000mN3140000E4280000",16.4816627502441,831.025756835938,605.324340820312
"CRS3035RES20000mN1800000E4920000",24.8257369995117,847.082946777344,562.738403320312
"CRS3035RES20000mN3140000E4300000",16.6271686553955,836.365966796875,613.946472167969
"CRS3035RES20000mN3140000E4320000",16.4448642730713,790.656005859375,624.53955078125
"CRS3035RES20000mN3140000E4340000",16.1780338287354,779.456115722656,632.811218261719
"CRS3035RES20000mN3140000E4360000",16.6354103088379,653.013732910156,648.876159667969
"CRS3035RES20000mN3140000E4380000",16.7714023590088,609.998840332031,647.819763183594
"CRS3035RES20000mN3140000E4400000",17.1562767028809,591.769958496094,648.821228027344
"CRS3035RES20000mN3140000E4420000",17.4199771881104,585.207458496094,647.332153320312
"CRS3035RES20000mN3140000E4440000",18.0440158843994,544.700561523438,654.41064453125
"CRS3035RES20000mN3140000E4460000",18.195728302002,574.726684570312,656.283264160156
"CRS3035RES20000mN3140000E4480000",18.1620788574219,609.082458496094,658.750122070312
"CRS3035RES20000mN1800000E4940000",24.8292541503906,727.809448242188,507.717590332031
"CRS3035RES20000mN3140000E4500000",18.1703643798828,626.427612304688,661.906860351562
"CRS3035RES20000mN3140000E4520000",18.0656929016113,628.820190429688,661.0634765625
"CRS3035RES20000mN3140000E4540000",18.3794116973877,597.262145996094,668.519592285156
"CRS3035RES20000mN3140000E4560000",18.3037223815918,632.2978515625,669.233642578125
"CRS3035RES20000mN3140000E4580000",18.2363967895508,666.127807617188,671.634704589844
"CRS3035RES20000mN3140000E4600000",18.1573581695557,697.57861328125,675.427856445312
"CRS3035RES20000mN3140000E4620000",18.2176303863525,696.479553222656,681.353149414062
"CRS3035RES20000mN3140000E4640000",18.0636196136475,693.582092285156,681.439331054688
"CRS3035RES20000mN3140000E4660000",17.9195156097412,697.130737304688,682.91162109375
"CRS3035RES20000mN3160000E3260000",15.8500747680664,1180.48022460938,324.554168701172
"CRS3035RES20000mN3160000E3280000",15.4655532836914,1210.91345214844,346.087677001953
"CRS3035RES20000mN3160000E3300000",15.2145414352417,1164.56481933594,368.401519775391
"CRS3035RES20000mN3160000E3320000",14.9974508285522,1385.84167480469,383.146942138672
"CRS3035RES20000mN3160000E3340000",15.0489120483398,1352.67004394531,394.317657470703
"CRS3035RES20000mN3160000E3360000",15.3397064208984,1176.44909667969,400.664398193359
"CRS3035RES20000mN3160000E3380000",15.5497941970825,1074.33215332031,407.121978759766
"CRS3035RES20000mN3160000E3400000",15.697904586792,1024.71569824219,413.819854736328
"CRS3035RES20000mN3160000E3420000",16.0924587249756,903.529541015625,420.580139160156
"CRS3035RES20000mN3160000E3440000",15.9399881362915,900.455200195312,424.107574462891
"CRS3035RES20000mN3160000E3460000",15.8232088088989,949.269836425781,427.567718505859
"CRS3035RES20000mN3160000E3480000",15.962381362915,914.707458496094,431.117462158203
"CRS3035RES20000mN3160000E3500000",16.2081031799316,864.886840820312,437.453643798828
"CRS3035RES20000mN3160000E3520000",16.2518787384033,859.500610351562,445.518218994141
"CRS3035RES20000mN3160000E3540000",15.9966335296631,919.167297363281,447.221984863281
"CRS3035RES20000mN3160000E3560000",16.2445831298828,836.885681152344,451.746063232422
"CRS3035RES20000mN3160000E3580000",16.3195476531982,774.839416503906,453.857421875
"CRS3035RES20000mN3160000E3600000",16.3115825653076,769.904357910156,455.984954833984
"CRS3035RES20000mN3160000E3620000",16.2534332275391,782.433776855469,457.672576904297
"CRS3035RES20000mN3160000E3640000",16.5058479309082,727.195190429688,460.943695068359
"CRS3035RES20000mN3160000E3660000",16.4398422241211,738.772277832031,460.794158935547
"CRS3035RES20000mN3160000E3680000",16.5366859436035,686.237976074219,451.324005126953
"CRS3035RES20000mN3160000E3700000",16.727575302124,649.412536621094,439.615234375
"CRS3035RES20000mN3160000E3720000",16.6523342132568,701.895263671875,415.725830078125
"CRS3035RES20000mN3160000E3840000",16.9632511138916,854.902038574219,469.629821777344
"CRS3035RES20000mN3160000E3860000",17.0584030151367,847.984558105469,493.609527587891
"CRS3035RES20000mN3160000E3880000",17.2323131561279,854.689575195312,513.404174804688
"CRS3035RES20000mN3160000E3900000",17.3142642974854,861.515930175781,523.818359375
"CRS3035RES20000mN3160000E3920000",17.2760925292969,870.443908691406,530.124267578125
"CRS3035RES20000mN3160000E3940000",17.2987899780273,875.932556152344,534.132446289062
"CRS3035RES20000mN3160000E3960000",17.312349319458,876.724060058594,539.164978027344
"CRS3035RES20000mN3160000E3980000",17.4027786254883,845.266235351562,545.772827148438
"CRS3035RES20000mN3160000E4000000",17.5023956298828,823.8447265625,550.852111816406
"CRS3035RES20000mN3160000E4020000",17.5057411193848,817.691284179688,554.369506835938
"CRS3035RES20000mN3160000E4040000",17.5831661224365,807.840698242188,558.398193359375
"CRS3035RES20000mN3160000E4060000",17.6096725463867,827.667846679688,562.720825195312
"CRS3035RES20000mN3160000E4080000",17.7189064025879,835.396606445312,568.930236816406
"CRS3035RES20000mN3160000E4100000",17.6346664428711,888.914978027344,573.775268554688
"CRS3035RES20000mN3160000E4120000",17.5517616271973,924.348266601562,579.823181152344
"CRS3035RES20000mN3160000E4140000",17.5781059265137,909.937866210938,583.731994628906
"CRS3035RES20000mN3160000E4160000",17.5735912322998,897.238830566406,586.319702148438
"CRS3035RES20000mN3160000E4180000",17.4767017364502,886.808044433594,591.761291503906
"CRS3035RES20000mN3160000E4200000",17.1866474151611,905.157165527344,595.745971679688
"CRS3035RES20000mN3160000E4220000",16.6459255218506,918.510437011719,593.802124023438
"CRS3035RES20000mN3160000E4240000",16.0902538299561,958.595458984375,588.425903320312
"CRS3035RES20000mN3160000E4260000",16.7276248931885,901.195068359375,605.04736328125
"CRS3035RES20000mN3160000E4280000",16.4986572265625,914.319519042969,604.05908203125
"CRS3035RES20000mN3160000E4300000",16.6012477874756,836.621887207031,612.70751953125
"CRS3035RES20000mN3160000E4320000",16.7726707458496,848.195373535156,633.212951660156
"CRS3035RES20000mN3160000E4340000",15.6692180633545,1192.59411621094,627.879211425781
"CRS3035RES20000mN3160000E4360000",15.2519626617432,995.737060546875,622.989868164062
"CRS3035RES20000mN3160000E4380000",15.3090763092041,717.662719726562,618.137084960938
"CRS3035RES20000mN3160000E4400000",16.3444004058838,594.001037597656,626.613647460938
"CRS3035RES20000mN3160000E4420000",17.3559608459473,552.070495605469,641.583190917969
"CRS3035RES20000mN3160000E4440000",17.9410705566406,544.933654785156,648.7294921875
"CRS3035RES20000mN3160000E4460000",18.1759834289551,566.455078125,656.129333496094
"CRS3035RES20000mN3160000E4480000",18.2247982025146,603.032104492188,661.336242675781
"CRS3035RES20000mN3160000E4500000",18.1493301391602,626.597412109375,662.712646484375
"CRS3035RES20000mN3160000E4520000",18.4010772705078,597.262756347656,669.339904785156
"CRS3035RES20000mN3160000E4540000",18.3712215423584,594.018920898438,671.244812011719
"CRS3035RES20000mN3160000E4560000",18.2698020935059,620.8291015625,671.471557617188
"CRS3035RES20000mN3160000E4580000",18.1828708648682,640.181762695312,672.432556152344
"CRS3035RES20000mN3160000E4600000",18.2985458374023,651.885314941406,677.478942871094
"CRS3035RES20000mN3160000E4620000",18.2172927856445,674.186218261719,679.669067382812
"CRS3035RES20000mN3160000E4640000",18.1521949768066,687.026489257812,683.118713378906
"CRS3035RES20000mN3160000E4660000",18.098705291748,703.919677734375,689.256713867188
"CRS3035RES20000mN3180000E3300000",15.3049259185791,1148.68420410156,346.186553955078
"CRS3035RES20000mN3180000E3320000",15.2621307373047,1107.43676757812,366.974822998047
"CRS3035RES20000mN3180000E3340000",15.1156511306763,1283.10205078125,379.957458496094
"CRS3035RES20000mN3180000E3360000",14.6877899169922,1459.50415039062,386.530364990234
"CRS3035RES20000mN3180000E3380000",15.0551071166992,1270.673828125,394.276458740234
"CRS3035RES20000mN3180000E3400000",15.8394927978516,1001.27313232422,406.452972412109
"CRS3035RES20000mN3180000E3420000",16.1672687530518,896.490844726562,417.274658203125
"CRS3035RES20000mN3180000E3440000",15.6944150924683,1028.52014160156,421.043518066406
"CRS3035RES20000mN3180000E3460000",15.6159801483154,978.706909179688,426.649963378906
"CRS3035RES20000mN3180000E3480000",15.7785129547119,914.155456542969,433.802978515625
"CRS3035RES20000mN3180000E3500000",15.8572959899902,886.486999511719,439.452667236328
"CRS3035RES20000mN3180000E3520000",15.9203805923462,848.226867675781,443.868896484375
"CRS3035RES20000mN3180000E3540000",16.1681137084961,799.778137207031,450.632293701172
"CRS3035RES20000mN3180000E3560000",16.3832607269287,753.0263671875,456.014434814453
"CRS3035RES20000mN3180000E3580000",16.6259994506836,702.651733398438,459.151458740234
"CRS3035RES20000mN3180000E3600000",16.5338726043701,696.785400390625,459.317352294922
"CRS3035RES20000mN3180000E3620000",16.4234580993652,688.427612304688,459.649047851562
"CRS3035RES20000mN3180000E3640000",16.566047668457,643.829162597656,458.109191894531
"CRS3035RES20000mN3180000E3660000",16.6953964233398,619.878540039062,450.609252929688
"CRS3035RES20000mN3180000E3680000",16.6422634124756,622.64111328125,432.768890380859
"CRS3035RES20000mN3180000E3860000",16.9181118011475,834.898620605469,471.346313476562
"CRS3035RES20000mN3180000E3880000",16.9711246490479,855.508605957031,491.752593994141
"CRS3035RES20000mN3180000E3900000",17.1271018981934,854.917846679688,514.054260253906
"CRS3035RES20000mN3180000E3920000",17.1541137695312,874.044799804688,522.960571289062
"CRS3035RES20000mN3180000E3940000",17.1707324981689,892.197875976562,528.738159179688
"CRS3035RES20000mN3180000E3960000",17.2115268707275,874.809387207031,533.209045410156
"CRS3035RES20000mN3180000E3980000",17.2619609832764,844.847839355469,539.098327636719
"CRS3035RES20000mN3180000E4000000",17.3197059631348,841.055541992188,545.448608398438
"CRS3035RES20000mN3180000E4020000",17.3480739593506,848.630676269531,550.181335449219
"CRS3035RES20000mN3180000E4040000",17.3576564788818,860.524353027344,553.830871582031
"CRS3035RES20000mN3180000E4060000",17.5089225769043,837.254516601562,561.243041992188
"CRS3035RES20000mN3180000E4080000",17.5525951385498,850.978149414062,567.7509765625
"CRS3035RES20000mN3180000E4100000",17.4363861083984,891.323974609375,571.554382324219
"CRS3035RES20000mN3180000E4120000",17.4975414276123,872.921997070312,577.006103515625
"CRS3035RES20000mN3180000E4140000",17.5518608093262,861.859252929688,581.7705078125
"CRS3035RES20000mN3180000E4160000",17.5308322906494,847.226440429688,584.110656738281
"CRS3035RES20000mN3180000E4180000",17.3793621063232,875.514099121094,586.497924804688
"CRS3035RES20000mN3180000E4200000",17.5180225372314,878.57568359375,596.084350585938
"CRS3035RES20000mN3180000E4220000",17.1958026885986,936.991760253906,598.004211425781
"CRS3035RES20000mN3180000E4240000",16.3397846221924,1027.56982421875,590.514953613281
"CRS3035RES20000mN3180000E4260000",16.5440540313721,995.632995605469,599.375061035156
"CRS3035RES20000mN3180000E4280000",16.201961517334,970.188232421875,596.798889160156
"CRS3035RES20000mN3180000E4300000",16.698184967041,838.524475097656,612.949645996094
"CRS3035RES20000mN3180000E4320000",16.3640823364258,965.594604492188,620.63818359375
"CRS3035RES20000mN3180000E4340000",14.4036111831665,1328.74523925781,596.860900878906
"CRS3035RES20000mN3180000E4360000",14.9633903503418,1003.21807861328,612.042907714844
"CRS3035RES20000mN3180000E4380000",16.8058300018311,649.448059082031,644.827209472656
"CRS3035RES20000mN3180000E4400000",17.4158306121826,561.751708984375,640.305969238281
"CRS3035RES20000mN3180000E4420000",17.8034191131592,536.990661621094,644.801208496094
"CRS3035RES20000mN3180000E4440000",18.1142616271973,545.447631835938,649.704528808594
"CRS3035RES20000mN3180000E4460000",18.2120723724365,576.62939453125,657.907409667969
"CRS3035RES20000mN3180000E4480000",18.252290725708,605.312622070312,664.278625488281
"CRS3035RES20000mN3180000E4500000",18.3260135650635,586.698425292969,669.051147460938
"CRS3035RES20000mN3180000E4520000",18.3730201721191,581.461059570312,671.655334472656
"CRS3035RES20000mN3180000E4540000",18.3186855316162,585.523193359375,672.126770019531
"CRS3035RES20000mN3180000E4560000",18.2347984313965,616.546508789062,672.040893554688
"CRS3035RES20000mN3180000E4580000",18.348596572876,607.590698242188,675.695556640625
"CRS3035RES20000mN3180000E4600000",18.4905033111572,598.28662109375,680.942138671875
"CRS3035RES20000mN3180000E4620000",18.4558868408203,622.247375488281,684.292053222656
"CRS3035RES20000mN3180000E4640000",18.414966583252,641.433166503906,689.451354980469
"CRS3035RES20000mN3200000E3320000",15.7522163391113,1038.62243652344,346.965911865234
"CRS3035RES20000mN3200000E3340000",15.0823945999146,1378.63586425781,359.971984863281
"CRS3035RES20000mN3200000E3360000",14.8230276107788,1485.21484375,369.851898193359
"CRS3035RES20000mN3200000E3380000",15.8619346618652,1154.82946777344,381.817260742188
"CRS3035RES20000mN3200000E3400000",16.1589984893799,1002.99523925781,397.829528808594
"CRS3035RES20000mN3200000E3420000",16.062520980835,964.835693359375,414.888702392578
"CRS3035RES20000mN3200000E3440000",15.60435962677,1030.19458007812,421.506774902344
"CRS3035RES20000mN3200000E3460000",15.900990486145,911.877380371094,429.791198730469
"CRS3035RES20000mN3200000E3480000",15.9018869400024,876.362182617188,436.176818847656
"CRS3035RES20000mN3200000E3500000",15.6178646087646,877.384582519531,439.735931396484
"CRS3035RES20000mN3200000E3520000",15.8431301116943,784.011657714844,445.0185546875
"CRS3035RES20000mN3200000E3540000",16.1797294616699,727.159484863281,451.401672363281
"CRS3035RES20000mN3200000E3560000",16.4352340698242,697.318664550781,457.366729736328
"CRS3035RES20000mN3200000E3580000",16.5354309082031,670.417541503906,457.622253417969
"CRS3035RES20000mN3200000E3600000",16.5536670684814,669.60009765625,458.858520507812
"CRS3035RES20000mN3200000E3620000",16.7478981018066,633.597839355469,464.310699462891
"CRS3035RES20000mN3200000E3640000",16.6038589477539,631.203979492188,459.581146240234
"CRS3035RES20000mN3200000E3660000",16.5732517242432,601.103271484375,452.085601806641
"CRS3035RES20000mN3200000E3680000",16.5992031097412,568.057189941406,435.532104492188
"CRS3035RES20000mN3200000E3880000",16.830623626709,859.591796875,468.340362548828
"CRS3035RES20000mN3200000E3900000",16.8567962646484,870.616638183594,494.275634765625
"CRS3035RES20000mN3200000E3920000",16.9669647216797,901.967468261719,512.734191894531
"CRS3035RES20000mN3200000E3940000",17.0085849761963,910.260681152344,524.142700195312
"CRS3035RES20000mN3200000E3960000",17.0490913391113,881.856628417969,529.193969726562
"CRS3035RES20000mN3200000E3980000",17.1101379394531,856.475280761719,534.465515136719
"CRS3035RES20000mN3200000E4000000",17.1577606201172,869.857360839844,541.9970703125
"CRS3035RES20000mN3200000E4020000",17.200403213501,886.870483398438,547.991027832031
"CRS3035RES20000mN3200000E4040000",17.249547958374,882.295593261719,551.636657714844
"CRS3035RES20000mN3200000E4060000",17.3290500640869,866.622009277344,557.547180175781
"CRS3035RES20000mN3200000E4080000",17.3608646392822,857.883239746094,563.955871582031
"CRS3035RES20000mN3200000E4100000",17.3084850311279,875.472229003906,568.960083007812
"CRS3035RES20000mN3200000E4120000",17.125846862793,903.072875976562,570.741516113281
"CRS3035RES20000mN3200000E4140000",17.3860054016113,846.63232421875,579.110595703125
"CRS3035RES20000mN3200000E4160000",17.5276775360107,821.954895019531,585.221435546875
"CRS3035RES20000mN3200000E4180000",17.504358291626,815.2919921875,590.300354003906
"CRS3035RES20000mN3200000E4200000",17.26735496521,896.876281738281,591.640319824219
"CRS3035RES20000mN3200000E4220000",17.0373649597168,932.379089355469,592.321228027344
"CRS3035RES20000mN3200000E4240000",16.7157192230225,954.678771972656,592.811828613281
"CRS3035RES20000mN3200000E4260000",16.6084804534912,990.062683105469,596.600402832031
"CRS3035RES20000mN3200000E4280000",16.7301597595215,896.792358398438,602.823181152344
"CRS3035RES20000mN3200000E4300000",16.6510334014893,834.638122558594,604.958190917969
"CRS3035RES20000mN3200000E4320000",16.7169570922852,819.810485839844,616.615417480469
"CRS3035RES20000mN3200000E4340000",16.8339538574219,820.66162109375,633.656921386719
"CRS3035RES20000mN3200000E4360000",17.1444606781006,741.556213378906,643.343444824219
"CRS3035RES20000mN3200000E4380000",17.2767753601074,635.201477050781,641.564025878906
"CRS3035RES20000mN3200000E4400000",17.5874881744385,570.809326171875,637.460998535156
"CRS3035RES20000mN3200000E4420000",17.8299331665039,549.064636230469,643.438903808594
"CRS3035RES20000mN3200000E4440000",18.0741424560547,553.163269042969,650.448120117188
"CRS3035RES20000mN3200000E4460000",18.0348606109619,599.083190917969,655.224365234375
"CRS3035RES20000mN3200000E4480000",17.8452835083008,650.334838867188,657.820129394531
"CRS3035RES20000mN3200000E4500000",17.9145622253418,635.588073730469,662.246826171875
"CRS3035RES20000mN3200000E4520000",18.1795978546143,587.446716308594,669.205444335938
"CRS3035RES20000mN3200000E4540000",18.0954856872559,591.893615722656,668.384582519531
"CRS3035RES20000mN3200000E4560000",18.3682041168213,598.31591796875,674.982360839844
"CRS3035RES20000mN3200000E4580000",18.5487422943115,605.761474609375,679.982421875
"CRS3035RES20000mN3200000E4600000",18.4660167694092,599.940246582031,681.436950683594
"CRS3035RES20000mN3200000E4620000",18.3858299255371,623.921081542969,684.383117675781
"CRS3035RES20000mN3200000E4640000",18.5499286651611,628.566711425781,694.33642578125
"CRS3035RES20000mN3220000E3360000",15.9829874038696,1219.83569335938,375.386932373047
"CRS3035RES20000mN3220000E3380000",15.8975095748901,1228.98596191406,391.269104003906
"CRS3035RES20000mN3220000E3400000",16.100378036499,1104.99450683594,408.582336425781
"CRS3035RES20000mN3220000E3420000",16.3848037719727,998.539123535156,426.372863769531
"CRS3035RES20000mN3220000E3440000",16.1963901519775,931.598815917969,433.568176269531
"CRS3035RES20000mN3220000E3460000",15.7827138900757,932.046081542969,431.99560546875
"CRS3035RES20000mN3220000E3480000",15.9776000976562,838.791015625,438.542663574219
"CRS3035RES20000mN3220000E3500000",15.9278650283813,801.292785644531,444.712493896484
"CRS3035RES20000mN3220000E3520000",16.0113353729248,740.604248046875,448.762542724609
"CRS3035RES20000mN3220000E3540000",16.2679347991943,677.758239746094,453.040985107422
"CRS3035RES20000mN3220000E3560000",15.9597196578979,698.422973632812,453.452331542969
"CRS3035RES20000mN3220000E3580000",15.9247703552246,700.404113769531,453.482299804688
"CRS3035RES20000mN3220000E3600000",16.2015361785889,668.354919433594,457.932403564453
"CRS3035RES20000mN3220000E3620000",16.4538078308105,632.007629394531,464.195434570312
"CRS3035RES20000mN1820000E2660000",20.8380870819092,642.784851074219,330.107025146484
"CRS3035RES20000mN3220000E3640000",16.4032688140869,628.0341796875,463.202880859375
"CRS3035RES20000mN3220000E3660000",16.4939956665039,576.920471191406,460.271697998047
"CRS3035RES20000mN3220000E3680000",16.5074024200439,566.33203125,448.958679199219
"CRS3035RES20000mN3220000E3700000",16.5398750305176,590.12744140625,439.345458984375
"CRS3035RES20000mN3220000E3720000",16.5616645812988,602.343933105469,428.016174316406
"CRS3035RES20000mN3220000E3900000",16.7312965393066,916.177795410156,470.650634765625
"CRS3035RES20000mN3220000E3920000",16.7426280975342,923.853332519531,496.229858398438
"CRS3035RES20000mN3220000E3940000",16.8401222229004,916.206970214844,513.237182617188
"CRS3035RES20000mN3220000E3960000",16.8823261260986,902.212890625,523.351440429688
"CRS3035RES20000mN3220000E3980000",16.9622611999512,893.398559570312,531.491027832031
"CRS3035RES20000mN1820000E2680000",21.8160457611084,671.865478515625,419.693359375
"CRS3035RES20000mN3220000E4000000",17.0148620605469,896.927307128906,539.095520019531
"CRS3035RES20000mN3220000E4020000",16.9439792633057,928.1611328125,544.374938964844
"CRS3035RES20000mN3220000E4040000",16.979040145874,927.970520019531,548.813354492188
"CRS3035RES20000mN3220000E4060000",17.1768951416016,881.59326171875,555.009948730469
"CRS3035RES20000mN3220000E4080000",17.2227268218994,864.258178710938,560.87109375
"CRS3035RES20000mN3220000E4100000",17.1933155059814,868.88330078125,565.787719726562
"CRS3035RES20000mN3220000E4120000",17.180326461792,865.570983886719,570.762084960938
"CRS3035RES20000mN3220000E4140000",17.3561916351318,824.388549804688,578.188537597656
"CRS3035RES20000mN3220000E4160000",17.3241291046143,853.207214355469,582.000244140625
"CRS3035RES20000mN3220000E4180000",17.0261516571045,881.892150878906,582.162048339844
"CRS3035RES20000mN1820000E2700000",22.5729942321777,578.004028320312,463.776641845703
"CRS3035RES20000mN3220000E4200000",17.0570297241211,872.054260253906,586.182250976562
"CRS3035RES20000mN3220000E4220000",17.1452674865723,882.03564453125,590.563110351562
"CRS3035RES20000mN3220000E4240000",16.9685344696045,864.674682617188,591.849548339844
"CRS3035RES20000mN3220000E4260000",16.6930847167969,933.359375,592.175170898438
"CRS3035RES20000mN3220000E4280000",16.7800445556641,898.247802734375,597.178955078125
"CRS3035RES20000mN3220000E4300000",17.2380599975586,753.19580078125,608.107604980469
"CRS3035RES20000mN3220000E4320000",17.2122020721436,725.965087890625,613.271545410156
"CRS3035RES20000mN3220000E4340000",17.31178855896,712.214904785156,623.566101074219
"CRS3035RES20000mN3220000E4360000",17.0418930053711,699.85400390625,623.846557617188
"CRS3035RES20000mN3220000E4380000",17.1392250061035,634.860107421875,626.122009277344
"CRS3035RES20000mN1820000E2720000",22.8681449890137,560.69580078125,489.631134033203
"CRS3035RES20000mN3220000E4400000",17.2719841003418,595.836303710938,629.392761230469
"CRS3035RES20000mN3220000E4420000",17.8469352722168,551.443298339844,643.9755859375
"CRS3035RES20000mN3220000E4440000",17.9632873535156,567.527221679688,649.514038085938
"CRS3035RES20000mN3220000E4460000",17.8382263183594,595.943603515625,651.902954101562
"CRS3035RES20000mN3220000E4480000",17.7068881988525,626.005126953125,654.893615722656
"CRS3035RES20000mN3220000E4500000",18.1716003417969,576.048583984375,667.071594238281
"CRS3035RES20000mN3220000E4520000",18.3232231140137,563.008728027344,672.743713378906
"CRS3035RES20000mN3220000E4540000",18.3771800994873,564.658081054688,674.982360839844
"CRS3035RES20000mN3220000E4560000",18.3990077972412,598.258117675781,676.742614746094
"CRS3035RES20000mN3220000E4580000",18.4643402099609,608.596069335938,679.712524414062
"CRS3035RES20000mN1820000E2740000",23.48268699646,528.438720703125,511.044281005859
"CRS3035RES20000mN3220000E4600000",18.4142799377441,591.519775390625,682.350219726562
"CRS3035RES20000mN3220000E4620000",18.1432838439941,637.614929199219,682.007019042969
"CRS3035RES20000mN3220000E4640000",18.5142078399658,613.804504394531,695.64306640625
"CRS3035RES20000mN1820000E2760000",24.128475189209,541.663818359375,533.795288085938
"CRS3035RES20000mN1820000E2780000",24.2533531188965,621.368408203125,547.681640625
"CRS3035RES20000mN1820000E2800000",24.5246257781982,673.650512695312,564.317749023438
"CRS3035RES20000mN1820000E2820000",24.2208404541016,740.326293945312,578.482849121094
"CRS3035RES20000mN1820000E2840000",24.0678234100342,752.606140136719,591.213989257812
"CRS3035RES20000mN1820000E2860000",23.4662246704102,754.954223632812,597.746215820312
"CRS3035RES20000mN1820000E2880000",23.7589015960693,600.120849609375,609.926086425781
"CRS3035RES20000mN1820000E2900000",24.2044067382812,549.372314453125,623.2138671875
"CRS3035RES20000mN1820000E2920000",24.2400150299072,570.316345214844,631.016540527344
"CRS3035RES20000mN3240000E3340000",15.7665033340454,1295.87292480469,359.32666015625
"CRS3035RES20000mN3240000E3360000",15.6843605041504,1396.65979003906,388.985473632812
"CRS3035RES20000mN3240000E3380000",14.966028213501,1610.4580078125,402.238159179688
"CRS3035RES20000mN3240000E3400000",15.1794090270996,1483.73559570312,416.860992431641
"CRS3035RES20000mN1820000E2940000",24.7373752593994,518.712951660156,642.263977050781
"CRS3035RES20000mN3240000E3420000",15.8310890197754,1229.83666992188,429.402862548828
"CRS3035RES20000mN3240000E3440000",15.9638795852661,1005.35327148438,434.644714355469
"CRS3035RES20000mN3240000E3460000",16.084321975708,847.799987792969,437.738861083984
"CRS3035RES20000mN3240000E3480000",15.5214204788208,877.794982910156,436.633483886719
"CRS3035RES20000mN3240000E3500000",15.742712020874,809.723510742188,444.319000244141
"CRS3035RES20000mN3240000E3520000",15.9826097488403,757.798828125,450.331115722656
"CRS3035RES20000mN3240000E3540000",16.1818618774414,678.030151367188,453.22998046875
"CRS3035RES20000mN3240000E3560000",16.1664161682129,667.795776367188,456.637969970703
"CRS3035RES20000mN3240000E3580000",16.0289726257324,671.771484375,457.299713134766
"CRS3035RES20000mN3240000E3600000",16.0627880096436,656.393310546875,458.630340576172
"CRS3035RES20000mN1820000E2960000",24.6802177429199,565.087036132812,647.726684570312
"CRS3035RES20000mN3240000E3620000",16.1344261169434,661.186218261719,461.207977294922
"CRS3035RES20000mN3240000E3640000",16.1884269714355,643.416381835938,464.494445800781
"CRS3035RES20000mN3240000E3660000",16.2665309906006,608.386657714844,463.318054199219
"CRS3035RES20000mN3240000E3680000",16.3160400390625,591.348815917969,458.99560546875
"CRS3035RES20000mN3240000E3700000",16.3521881103516,604.104614257812,451.281646728516
"CRS3035RES20000mN3240000E3720000",16.4453792572021,608.86474609375,441.497589111328
"CRS3035RES20000mN3240000E3740000",16.4578227996826,624.2265625,425.092742919922
"CRS3035RES20000mN3240000E3920000",16.6558723449707,969.501159667969,473.437408447266
"CRS3035RES20000mN3240000E3940000",16.6357288360596,944.609558105469,493.721130371094
"CRS3035RES20000mN3240000E3960000",16.7087707519531,928.920349121094,511.763336181641
"CRS3035RES20000mN1820000E2980000",24.8922157287598,538.084594726562,657.3466796875
"CRS3035RES20000mN3240000E3980000",16.846004486084,913.830383300781,527.725708007812
"CRS3035RES20000mN3240000E4000000",16.9719066619873,886.718383789062,535.623229980469
"CRS3035RES20000mN3240000E4020000",16.8197002410889,933.303955078125,539.939880371094
"CRS3035RES20000mN3240000E4040000",16.9468307495117,909.55615234375,548.068908691406
"CRS3035RES20000mN3240000E4060000",17.0053405761719,881.566284179688,552.708251953125
"CRS3035RES20000mN3240000E4080000",17.094575881958,869.0048828125,558.435119628906
"CRS3035RES20000mN3240000E4100000",17.084924697876,867.555541992188,562.341003417969
"CRS3035RES20000mN3240000E4120000",17.1350574493408,851.404907226562,568.489135742188
"CRS3035RES20000mN3240000E4140000",17.2207260131836,835.404174804688,574.548645019531
"CRS3035RES20000mN3240000E4160000",17.1567554473877,869.6171875,578.041931152344
"CRS3035RES20000mN1820000E3000000",24.6839733123779,518.742126464844,657.310485839844
"CRS3035RES20000mN3240000E4180000",17.1431674957275,864.47314453125,582.299072265625
"CRS3035RES20000mN3240000E4200000",17.1880226135254,813.905395507812,585.675720214844
"CRS3035RES20000mN3240000E4220000",17.2518463134766,775.740295410156,588.691711425781
"CRS3035RES20000mN3240000E4240000",17.3801097869873,763.619445800781,594.6328125
"CRS3035RES20000mN3240000E4260000",17.1788711547852,820.710998535156,596.213623046875
"CRS3035RES20000mN3240000E4280000",17.2851066589355,798.600280761719,601.767517089844
"CRS3035RES20000mN3240000E4300000",17.4062175750732,725.804016113281,606.796875
"CRS3035RES20000mN3240000E4320000",17.4441146850586,715.703247070312,611.822265625
"CRS3035RES20000mN3240000E4340000",17.4825382232666,710.718994140625,618.123413085938
"CRS3035RES20000mN3240000E4360000",17.4128570556641,694.82421875,623.050720214844
"CRS3035RES20000mN1820000E3020000",24.8961334228516,544.279724121094,669.448486328125
"CRS3035RES20000mN3240000E4380000",17.3770713806152,639.48583984375,626.180847167969
"CRS3035RES20000mN3240000E4400000",17.5318088531494,591.279296875,633.69189453125
"CRS3035RES20000mN3240000E4420000",17.7127437591553,563.920104980469,641.864501953125
"CRS3035RES20000mN3240000E4440000",18.00852394104,566.371520996094,649.931579589844
"CRS3035RES20000mN3240000E4460000",18.0561771392822,581.435791015625,655.331909179688
"CRS3035RES20000mN3240000E4480000",18.1063575744629,581.992431640625,661.454956054688
"CRS3035RES20000mN3240000E4500000",18.0872669219971,580.038879394531,664.022705078125
"CRS3035RES20000mN3240000E4520000",18.2099914550781,577.60498046875,670.04052734375
"CRS3035RES20000mN3240000E4540000",18.3079090118408,583.333190917969,674.93798828125
"CRS3035RES20000mN3240000E4560000",18.3635196685791,602.776489257812,678.746826171875
"CRS3035RES20000mN1820000E3040000",25.0994548797607,574.819458007812,681.909851074219
"CRS3035RES20000mN3240000E4580000",18.3467559814453,597.973876953125,680.673889160156
"CRS3035RES20000mN3240000E4600000",18.2397212982178,581.817199707031,681.523376464844
"CRS3035RES20000mN3240000E4620000",18.3040008544922,593.529663085938,687.349060058594
"CRS3035RES20000mN3240000E4640000",18.281177520752,613.404296875,691.952941894531
"CRS3035RES20000mN1820000E3060000",24.0297966003418,596.588562011719,677.59423828125
"CRS3035RES20000mN1820000E3080000",25.0627613067627,480.526458740234,695.324829101562
"CRS3035RES20000mN1820000E3100000",25.6092491149902,436.369903564453,710.777709960938
"CRS3035RES20000mN1820000E3120000",25.2723255157471,438.287292480469,710.302429199219
"CRS3035RES20000mN1820000E3140000",24.91090965271,426.570343017578,702.971252441406
"CRS3035RES20000mN1820000E3160000",24.3153915405273,442.01708984375,695.179992675781
"CRS3035RES20000mN1820000E3180000",23.9078464508057,479.437164306641,690.307983398438
"CRS3035RES20000mN1820000E3200000",23.3227958679199,526.121154785156,690.0244140625
"CRS3035RES20000mN1820000E3220000",23.0965614318848,582.413024902344,687.711181640625
"CRS3035RES20000mN3260000E3280000",15.507396697998,1117.62121582031,319.076354980469
"CRS3035RES20000mN3260000E3300000",15.5918788909912,1178.29260253906,334.651885986328
"CRS3035RES20000mN3260000E3320000",15.623872756958,1256.72680664062,353.042999267578
"CRS3035RES20000mN3260000E3340000",15.3677244186401,1411.41943359375,375.155059814453
"CRS3035RES20000mN1820000E3240000",22.5889358520508,551.008239746094,674.093566894531
"CRS3035RES20000mN3260000E3360000",14.9945049285889,1727.01306152344,401.575958251953
"CRS3035RES20000mN3260000E3380000",14.1453275680542,1755.02575683594,408.31884765625
"CRS3035RES20000mN3260000E3400000",13.9773683547974,1568.98278808594,416.846405029297
"CRS3035RES20000mN3260000E3420000",15.0506153106689,1184.20227050781,427.867431640625
"CRS3035RES20000mN3260000E3440000",15.7466220855713,935.223999023438,434.915222167969
"CRS3035RES20000mN3260000E3460000",16.0274105072021,805.597839355469,440.054321289062
"CRS3035RES20000mN3260000E3480000",16.0541458129883,799.2490234375,443.296508789062
"CRS3035RES20000mN3260000E3500000",15.4294872283936,820.123413085938,442.079376220703
"CRS3035RES20000mN3260000E3520000",15.6999235153198,749.388732910156,448.456634521484
"CRS3035RES20000mN3260000E3540000",15.8838396072388,688.950561523438,451.546112060547
"CRS3035RES20000mN1820000E3260000",23.1630992889404,439.650756835938,661.816833496094
"CRS3035RES20000mN3260000E3560000",15.9902038574219,685.124816894531,455.453338623047
"CRS3035RES20000mN3260000E3580000",16.1639766693115,663.788696289062,460.672576904297
"CRS3035RES20000mN3260000E3600000",16.4580364227295,622.9697265625,464.620788574219
"CRS3035RES20000mN3260000E3620000",16.429594039917,623.111450195312,464.911102294922
"CRS3035RES20000mN3260000E3640000",16.4498138427734,622.117858886719,467.328247070312
"CRS3035RES20000mN3260000E3660000",16.0988426208496,643.042846679688,462.3740234375
"CRS3035RES20000mN3260000E3680000",16.1177215576172,633.063354492188,462.061279296875
"CRS3035RES20000mN3260000E3700000",16.155294418335,630.200927734375,459.091033935547
"CRS3035RES20000mN3260000E3720000",16.1942100524902,624.485900878906,449.812683105469
"CRS3035RES20000mN3260000E3740000",16.3154430389404,631.423889160156,430.774230957031
"CRS3035RES20000mN1820000E3280000",23.6425247192383,360.701965332031,657.847106933594
"CRS3035RES20000mN3260000E3940000",16.5869197845459,948.910095214844,476.983367919922
"CRS3035RES20000mN3260000E3960000",16.5628280639648,934.515808105469,501.148956298828
"CRS3035RES20000mN3260000E3980000",16.768913269043,906.368591308594,519.082946777344
"CRS3035RES20000mN3260000E4000000",16.8477687835693,885.906494140625,523.761474609375
"CRS3035RES20000mN3260000E4020000",16.8533325195312,891.523986816406,531.633605957031
"CRS3035RES20000mN3260000E4040000",16.8352680206299,902.463745117188,540.99462890625
"CRS3035RES20000mN3260000E4060000",16.890043258667,882.158203125,549.884765625
"CRS3035RES20000mN3260000E4080000",16.947883605957,868.672119140625,554.002685546875
"CRS3035RES20000mN3260000E4100000",16.9310169219971,867.063842773438,557.881713867188
"CRS3035RES20000mN3260000E4120000",17.008243560791,838.906005859375,564.201721191406
"CRS3035RES20000mN1820000E3300000",23.038480758667,362.840545654297,653.126281738281
"CRS3035RES20000mN3260000E4140000",17.0397872924805,841.440795898438,569.044555664062
"CRS3035RES20000mN3260000E4160000",17.0134773254395,884.53857421875,573.065734863281
"CRS3035RES20000mN3260000E4180000",17.2331695556641,835.360290527344,580.813781738281
"CRS3035RES20000mN3260000E4200000",17.2834415435791,787.156555175781,584.051513671875
"CRS3035RES20000mN3260000E4220000",17.3415222167969,732.664611816406,587.3818359375
"CRS3035RES20000mN3260000E4240000",17.3381328582764,725.897033691406,591.582580566406
"CRS3035RES20000mN3260000E4260000",17.3576602935791,756.755249023438,596.722961425781
"CRS3035RES20000mN3260000E4280000",17.4253959655762,763.099365234375,602.494873046875
"CRS3035RES20000mN3260000E4300000",17.4783344268799,749.219848632812,608.216247558594
"CRS3035RES20000mN3260000E4320000",17.5900821685791,728.517578125,615.327758789062
"CRS3035RES20000mN1820000E3320000",22.5075168609619,387.825744628906,642.878295898438
"CRS3035RES20000mN3260000E4340000",17.5603046417236,730.622436523438,621.022399902344
"CRS3035RES20000mN3260000E4360000",17.5378074645996,692.595703125,625.704650878906
"CRS3035RES20000mN3260000E4380000",17.5785007476807,638.06591796875,630.868896484375
"CRS3035RES20000mN3260000E4400000",17.5839099884033,609.470947265625,633.911010742188
"CRS3035RES20000mN3260000E4420000",17.6333389282227,586.349487304688,638.63818359375
"CRS3035RES20000mN3260000E4440000",17.9600067138672,567.35205078125,647.564086914062
"CRS3035RES20000mN3260000E4460000",18.0149059295654,583.64794921875,652.795043945312
"CRS3035RES20000mN3260000E4480000",18.017520904541,584.165649414062,657.345153808594
"CRS3035RES20000mN3260000E4500000",18.0347137451172,579.776000976562,660.9736328125
"CRS3035RES20000mN3260000E4520000",18.087797164917,583.018615722656,666.154357910156
"CRS3035RES20000mN1820000E3340000",22.7413482666016,415.044982910156,626.836791992188
"CRS3035RES20000mN3260000E4540000",18.1420974731445,596.526489257812,672.554077148438
"CRS3035RES20000mN3260000E4560000",18.1129360198975,604.947570800781,676.544250488281
"CRS3035RES20000mN3260000E4580000",18.0599384307861,596.749877929688,677.743774414062
"CRS3035RES20000mN3260000E4600000",18.0557498931885,577.64111328125,679.212829589844
"CRS3035RES20000mN3260000E4620000",18.293586730957,552.705078125,686.858703613281
"CRS3035RES20000mN1820000E3360000",22.2587203979492,508.982147216797,608.068908691406
"CRS3035RES20000mN1820000E3380000",24.1076831817627,573.298034667969,592.247009277344
"CRS3035RES20000mN1820000E3400000",24.9678840637207,642.500610351562,568.704467773438
"CRS3035RES20000mN1820000E3420000",24.2906970977783,777.226867675781,532.907958984375
"CRS3035RES20000mN1820000E3440000",24.346363067627,731.409790039062,466.675750732422
"CRS3035RES20000mN1820000E3560000",24.8945274353027,487.839782714844,461.463256835938
"CRS3035RES20000mN1820000E3580000",24.6581249237061,496.169250488281,451.361602783203
"CRS3035RES20000mN1820000E3680000",24.5589008331299,443.183074951172,457.452178955078
"CRS3035RES20000mN1820000E3700000",24.5624694824219,429.851989746094,464.578063964844
"CRS3035RES20000mN3280000E3280000",15.3501749038696,1153.88635253906,328.035339355469
"CRS3035RES20000mN1820000E3720000",24.3399410247803,472.906890869141,460.261596679688
"CRS3035RES20000mN3280000E3300000",15.2307968139648,1262.83862304688,347.289916992188
"CRS3035RES20000mN3280000E3320000",15.1646842956543,1371.32922363281,371.302307128906
"CRS3035RES20000mN3280000E3340000",15.0154876708984,1560.19799804688,386.059417724609
"CRS3035RES20000mN3280000E3360000",14.693696975708,1784.59448242188,404.170440673828
"CRS3035RES20000mN3280000E3380000",13.8046817779541,1774.22412109375,409.2431640625
"CRS3035RES20000mN3280000E3400000",14.3460035324097,1357.89514160156,421.753784179688
"CRS3035RES20000mN3280000E3420000",14.2888698577881,1140.33142089844,421.831390380859
"CRS3035RES20000mN3280000E3440000",15.6962804794312,851.203735351562,436.247985839844
"CRS3035RES20000mN3280000E3460000",15.8114233016968,801.8466796875,439.56298828125
"CRS3035RES20000mN3280000E3480000",16.2177658081055,758.460205078125,445.551300048828
"CRS3035RES20000mN3280000E3500000",16.1667709350586,732.294738769531,449.293609619141
"CRS3035RES20000mN3280000E3520000",16.0400695800781,711.552185058594,451.601806640625
"CRS3035RES20000mN3280000E3540000",15.7815027236938,691.384643554688,451.72998046875
"CRS3035RES20000mN3280000E3560000",15.8880367279053,666.263977050781,455.913757324219
"CRS3035RES20000mN3280000E3580000",16.114860534668,656.593017578125,460.679138183594
"CRS3035RES20000mN3280000E3600000",16.3433990478516,643.165161132812,463.563537597656
"CRS3035RES20000mN3280000E3620000",16.5219058990479,620.499572753906,466.517578125
"CRS3035RES20000mN3280000E3640000",16.5791282653809,611.845458984375,467.078918457031
"CRS3035RES20000mN3280000E3660000",16.4463691711426,629.327087402344,464.131103515625
"CRS3035RES20000mN3280000E3680000",16.2052669525146,649.341613769531,462.880706787109
"CRS3035RES20000mN3280000E3700000",16.1705722808838,648.062927246094,462.534698486328
"CRS3035RES20000mN3280000E3720000",16.1293354034424,643.456298828125,455.210083007812
"CRS3035RES20000mN3280000E3740000",16.1559391021729,648.144287109375,432.970336914062
"CRS3035RES20000mN3280000E3760000",16.1540184020996,670.8564453125,415.608734130859
"CRS3035RES20000mN3280000E3940000",16.5319881439209,929.427551269531,464.027221679688
"CRS3035RES20000mN3280000E3960000",16.4721088409424,916.823547363281,489.200378417969
"CRS3035RES20000mN3280000E3980000",16.5881252288818,894.632141113281,503.832672119141
"CRS3035RES20000mN3280000E4000000",16.6617279052734,874.952758789062,505.557891845703
"CRS3035RES20000mN3280000E4020000",16.6751899719238,871.501953125,516.555725097656
"CRS3035RES20000mN3280000E4040000",16.7131404876709,885.833312988281,532.893798828125
"CRS3035RES20000mN1820000E4180000",23.6323986053467,654.012939453125,538.221862792969
"CRS3035RES20000mN3280000E4060000",16.7541427612305,890.560363769531,544.265258789062
"CRS3035RES20000mN3280000E4080000",16.7585525512695,884.746520996094,548.707336425781
"CRS3035RES20000mN3280000E4100000",16.7876720428467,854.222839355469,553.048645019531
"CRS3035RES20000mN3280000E4120000",16.8224143981934,828.626220703125,558.77099609375
"CRS3035RES20000mN3280000E4140000",16.898042678833,840.232177734375,564.046569824219
"CRS3035RES20000mN3280000E4160000",17.0032138824463,848.432250976562,569.999755859375
"CRS3035RES20000mN3280000E4180000",17.1410980224609,824.366333007812,576.625305175781
"CRS3035RES20000mN3280000E4200000",17.1645851135254,787.264831542969,579.995666503906
"CRS3035RES20000mN3280000E4220000",17.1649742126465,753.376708984375,583.1875
"CRS3035RES20000mN3280000E4240000",17.1410675048828,756.6875,587.527893066406
"CRS3035RES20000mN1820000E4200000",24.2897548675537,556.790893554688,575.884460449219
"CRS3035RES20000mN3280000E4260000",17.3453693389893,737.323181152344,595.796020507812
"CRS3035RES20000mN3280000E4280000",17.4561576843262,745.132629394531,603.747009277344
"CRS3035RES20000mN3280000E4300000",17.4117984771729,785.176574707031,610.620483398438
"CRS3035RES20000mN3280000E4320000",17.3337650299072,796.127136230469,615.756164550781
"CRS3035RES20000mN3280000E4340000",17.2023944854736,785.197082519531,618.054077148438
"CRS3035RES20000mN3280000E4360000",17.3662014007568,712.692749023438,624.397521972656
"CRS3035RES20000mN3280000E4380000",17.5569400787354,632.883056640625,629.8115234375
"CRS3035RES20000mN3280000E4400000",17.6880550384521,595.528381347656,633.797058105469
"CRS3035RES20000mN3280000E4420000",17.7973918914795,583.909729003906,639.525634765625
"CRS3035RES20000mN3280000E4440000",17.8799571990967,579.126953125,645.19921875
"CRS3035RES20000mN1820000E4220000",24.3378620147705,630.654418945312,588.164855957031
"CRS3035RES20000mN3280000E4460000",17.9059963226318,579.212707519531,650.075561523438
"CRS3035RES20000mN3280000E4480000",17.8964748382568,583.372924804688,653.441284179688
"CRS3035RES20000mN3280000E4500000",17.9262046813965,583.120788574219,657.659484863281
"CRS3035RES20000mN3280000E4520000",17.9185085296631,600.64697265625,661.439208984375
"CRS3035RES20000mN3280000E4540000",17.8581428527832,614.213745117188,666.542724609375
"CRS3035RES20000mN3280000E4560000",17.7254676818848,621.069213867188,668.89013671875
"CRS3035RES20000mN3280000E4580000",17.6359100341797,616.404602050781,669.409729003906
"CRS3035RES20000mN3280000E4600000",18.2386054992676,537.536315917969,682.503051757812
"CRS3035RES20000mN3280000E4620000",18.2264556884766,538.299194335938,684.682922363281
"CRS3035RES20000mN1820000E4240000",23.5662269592285,698.694274902344,594.730041503906
"CRS3035RES20000mN1820000E4260000",24.0691909790039,587.360473632812,606.180603027344
"CRS3035RES20000mN1820000E4280000",24.4187927246094,554.519775390625,541.796020507812
"CRS3035RES20000mN1820000E4820000",24.3222427368164,959.0390625,499.59326171875
"CRS3035RES20000mN1820000E4840000",21.8669147491455,1168.60241699219,546.006164550781
"CRS3035RES20000mN1820000E4860000",20.0024909973145,1222.55102539062,582.379150390625
"CRS3035RES20000mN1820000E4880000",17.1205425262451,1263.36022949219,601.497192382812
"CRS3035RES20000mN1820000E4900000",21.2551326751709,1086.0947265625,590.319030761719
"CRS3035RES20000mN1820000E4920000",24.2503395080566,921.350524902344,557.006469726562
"CRS3035RES20000mN3300000E3260000",15.0971422195435,1080.28723144531,293.821960449219
"CRS3035RES20000mN3300000E3280000",15.012900352478,1198.77880859375,316.335845947266
"CRS3035RES20000mN3300000E3300000",14.6214580535889,1368.76452636719,338.147094726562
"CRS3035RES20000mN3300000E3320000",14.7998723983765,1414.23291015625,371.079162597656
"CRS3035RES20000mN3300000E3340000",14.5707683563232,1591.82849121094,384.7265625
"CRS3035RES20000mN3300000E3360000",14.2228298187256,1747.02844238281,397.210327148438
"CRS3035RES20000mN3300000E3380000",13.8189315795898,1769.84228515625,406.987274169922
"CRS3035RES20000mN3300000E3400000",14.1430492401123,1354.39685058594,417.866729736328
"CRS3035RES20000mN3300000E3420000",14.4792327880859,1086.35998535156,423.704986572266
"CRS3035RES20000mN3300000E3440000",15.4363088607788,872.058166503906,434.058441162109
"CRS3035RES20000mN3300000E3460000",15.5034275054932,820.297241210938,436.224243164062
"CRS3035RES20000mN3300000E3480000",16.0554351806641,752.468872070312,443.922180175781
"CRS3035RES20000mN3300000E3500000",15.8407726287842,784.630065917969,445.157470703125
"CRS3035RES20000mN3300000E3520000",15.9183883666992,743.330627441406,449.290649414062
"CRS3035RES20000mN3300000E3540000",15.9444255828857,692.921142578125,453.223815917969
"CRS3035RES20000mN3300000E3560000",15.7112169265747,685.905822753906,454.772308349609
"CRS3035RES20000mN3300000E3580000",15.8888082504272,653.332214355469,458.160247802734
"CRS3035RES20000mN3300000E3600000",16.2488193511963,635.6748046875,461.044708251953
"CRS3035RES20000mN3300000E3620000",16.5305957794189,613.776184082031,464.947143554688
"CRS3035RES20000mN3300000E3640000",16.5957813262939,614.38916015625,465.550323486328
"CRS3035RES20000mN3300000E3660000",16.4439258575439,642.082092285156,460.837493896484
"CRS3035RES20000mN3300000E3680000",16.1522521972656,684.949951171875,457.911865234375
"CRS3035RES20000mN3300000E3700000",16.0279521942139,694.067932128906,457.607757568359
"CRS3035RES20000mN3300000E3720000",16.0527000427246,672.126708984375,452.150085449219
"CRS3035RES20000mN3300000E3740000",16.0969009399414,656.260925292969,433.332611083984
"CRS3035RES20000mN3300000E3760000",16.0089435577393,672.14501953125,413.440155029297
"CRS3035RES20000mN3300000E3940000",16.4528656005859,893.217468261719,453.060333251953
"CRS3035RES20000mN3300000E3960000",16.4486122131348,876.420227050781,472.775421142578
"CRS3035RES20000mN3300000E3980000",16.5410175323486,871.607177734375,485.058776855469
"CRS3035RES20000mN3300000E4000000",16.6432189941406,867.94775390625,488.599182128906
"CRS3035RES20000mN3300000E4020000",16.5156116485596,868.333374023438,505.731811523438
"CRS3035RES20000mN3300000E4040000",16.5447158813477,890.423461914062,527.405090332031
"CRS3035RES20000mN3300000E4060000",16.5365467071533,913.867858886719,539.664184570312
"CRS3035RES20000mN3300000E4080000",16.5126991271973,901.974731445312,542.962646484375
"CRS3035RES20000mN3300000E4100000",16.5470600128174,857.823852539062,546.032165527344
"CRS3035RES20000mN3300000E4120000",16.6608505249023,819.804809570312,553.65625
"CRS3035RES20000mN3300000E4140000",16.6773872375488,842.793334960938,557.787475585938
"CRS3035RES20000mN3300000E4160000",16.7822074890137,853.932189941406,563.353332519531
"CRS3035RES20000mN3300000E4180000",16.908088684082,835.755187988281,570.078308105469
"CRS3035RES20000mN3300000E4200000",16.9488697052002,804.208862304688,573.617736816406
"CRS3035RES20000mN3300000E4220000",16.9812107086182,775.499267578125,578.000793457031
"CRS3035RES20000mN3300000E4240000",17.122184753418,762.628845214844,585.411682128906
"CRS3035RES20000mN3300000E4260000",17.2389163970947,774.801025390625,592.748291015625
"CRS3035RES20000mN3300000E4280000",17.1525478363037,801.833740234375,598.352111816406
"CRS3035RES20000mN3300000E4300000",17.0875263214111,822.853576660156,605.968139648438
"CRS3035RES20000mN3300000E4320000",17.0797729492188,805.296325683594,611.810302734375
"CRS3035RES20000mN3300000E4340000",17.0960102081299,756.389465332031,615.35498046875
"CRS3035RES20000mN3300000E4360000",17.312707901001,694.352172851562,622.593505859375
"CRS3035RES20000mN3300000E4380000",17.6041564941406,646.918579101562,629.285400390625
"CRS3035RES20000mN3300000E4400000",17.7175369262695,615.936279296875,632.974792480469
"CRS3035RES20000mN3300000E4420000",17.7271461486816,610.165832519531,637.621520996094
"CRS3035RES20000mN3300000E4440000",17.7565498352051,599.8935546875,643.145080566406
"CRS3035RES20000mN3300000E4460000",17.640193939209,604.506164550781,645.619689941406
"CRS3035RES20000mN3300000E4480000",17.6807651519775,600.04638671875,649.195861816406
"CRS3035RES20000mN3300000E4500000",17.6955890655518,605.983825683594,653.412902832031
"CRS3035RES20000mN3300000E4520000",17.684944152832,606.909240722656,657.533569335938
"CRS3035RES20000mN3300000E4540000",17.7215023040771,607.1162109375,663.373718261719
"CRS3035RES20000mN3300000E4560000",17.6871719360352,604.16064453125,666.170654296875
"CRS3035RES20000mN3300000E4580000",17.8000526428223,573.510620117188,670.707641601562
"CRS3035RES20000mN3300000E4600000",17.9003963470459,565.255065917969,674.373046875
"CRS3035RES20000mN3320000E2960000",15.0910358428955,1594.99438476562,283.599334716797
"CRS3035RES20000mN3320000E2980000",15.1155385971069,1476.03332519531,304.856842041016
"CRS3035RES20000mN3320000E3000000",15.0440578460693,1480.69580078125,307.057983398438
"CRS3035RES20000mN3320000E3020000",15.0640363693237,1392.78442382812,297.068725585938
"CRS3035RES20000mN3320000E3040000",15.2098817825317,1261.61645507812,297.7060546875
"CRS3035RES20000mN3320000E3060000",15.3845367431641,1127.80432128906,300.849182128906
"CRS3035RES20000mN3320000E3300000",15.0796375274658,1222.30932617188,316.946380615234
"CRS3035RES20000mN3320000E3320000",15.2316026687622,1311.62451171875,345.819580078125
"CRS3035RES20000mN3320000E3340000",14.9557161331177,1438.82299804688,367.451324462891
"CRS3035RES20000mN3320000E3360000",14.4126281738281,1762.52612304688,389.021331787109
"CRS3035RES20000mN3320000E3380000",13.2700929641724,1967.29907226562,397.681365966797
"CRS3035RES20000mN3320000E3400000",13.7964887619019,1573.41467285156,411.225708007812
"CRS3035RES20000mN3320000E3420000",13.9382658004761,1232.39294433594,416.165618896484
"CRS3035RES20000mN3320000E3440000",14.9061870574951,911.103515625,427.330749511719
"CRS3035RES20000mN3320000E3460000",15.0931129455566,849.613586425781,430.689666748047
"CRS3035RES20000mN3320000E3480000",15.7437372207642,766.380187988281,439.775390625
"CRS3035RES20000mN3320000E3500000",15.4775104522705,797.715209960938,440.339233398438
"CRS3035RES20000mN3320000E3520000",15.7475862503052,723.364379882812,446.234710693359
"CRS3035RES20000mN3320000E3540000",15.7741737365723,704.026733398438,449.973937988281
"CRS3035RES20000mN3320000E3560000",15.7952108383179,677.572692871094,454.445190429688
"CRS3035RES20000mN3320000E3580000",15.7083911895752,668.487915039062,455.509307861328
"CRS3035RES20000mN3320000E3600000",16.1012859344482,638.181579589844,457.893676757812
"CRS3035RES20000mN3320000E3620000",16.4492130279541,620.633422851562,460.636688232422
"CRS3035RES20000mN3320000E3640000",16.4975471496582,622.379150390625,461.901641845703
"CRS3035RES20000mN3320000E3660000",16.3100128173828,651.233459472656,455.322387695312
"CRS3035RES20000mN3320000E3680000",15.917875289917,704.532958984375,446.254333496094
"CRS3035RES20000mN3320000E3700000",15.8200092315674,702.924011230469,443.963195800781
"CRS3035RES20000mN3320000E3720000",15.8770227432251,686.630920410156,435.813415527344
"CRS3035RES20000mN3320000E3740000",15.9433689117432,667.413818359375,424.777984619141
"CRS3035RES20000mN3320000E3760000",15.8352460861206,674.693969726562,407.859069824219
"CRS3035RES20000mN3320000E3960000",16.433837890625,857.554748535156,455.019165039062
"CRS3035RES20000mN3320000E3980000",16.5311279296875,863.400817871094,465.997100830078
"CRS3035RES20000mN3320000E4000000",16.5640602111816,862.963317871094,477.738708496094
"CRS3035RES20000mN3320000E4020000",16.3871459960938,879.255554199219,501.443023681641
"CRS3035RES20000mN3320000E4040000",16.3927192687988,897.598937988281,525.040466308594
"CRS3035RES20000mN3320000E4060000",16.3784027099609,914.080871582031,536.054260253906
"CRS3035RES20000mN3320000E4080000",16.363883972168,895.516479492188,538.37451171875
"CRS3035RES20000mN3320000E4100000",16.4443035125732,856.039428710938,542.057495117188
"CRS3035RES20000mN3320000E4120000",16.5720767974854,816.724731445312,551.285034179688
"CRS3035RES20000mN3320000E4140000",16.6508865356445,820.193298339844,555.819091796875
"CRS3035RES20000mN3320000E4160000",16.7393932342529,835.270874023438,560.353332519531
"CRS3035RES20000mN3320000E4180000",16.8441562652588,837.346008300781,566.975219726562
"CRS3035RES20000mN3320000E4200000",16.8543453216553,818.745788574219,569.962341308594
"CRS3035RES20000mN3320000E4220000",16.9379940032959,779.542907714844,574.768310546875
"CRS3035RES20000mN3320000E4240000",17.0424537658691,786.092590332031,582.053955078125
"CRS3035RES20000mN3320000E4260000",17.0602226257324,809.607543945312,588.459716796875
"CRS3035RES20000mN3320000E4280000",17.1015625,809.88037109375,596.493774414062
"CRS3035RES20000mN3320000E4300000",16.9006156921387,831.701721191406,601.747680664062
"CRS3035RES20000mN3320000E4320000",16.8999156951904,809.610961914062,606.505187988281
"CRS3035RES20000mN3320000E4340000",17.0709705352783,742.709350585938,612.323669433594
"CRS3035RES20000mN3320000E4360000",17.1578216552734,701.122741699219,617.052795410156
"CRS3035RES20000mN3320000E4380000",17.4073677062988,666.716186523438,624.140075683594
"CRS3035RES20000mN3320000E4400000",17.6236305236816,647.685485839844,630.950927734375
"CRS3035RES20000mN3320000E4420000",17.5737762451172,638.10009765625,635.117065429688
"CRS3035RES20000mN3320000E4440000",17.414665222168,631.4599609375,637.367553710938
"CRS3035RES20000mN3320000E4460000",17.1969661712646,628.3544921875,637.699951171875
"CRS3035RES20000mN3320000E4480000",17.3085918426514,608.893798828125,642.66162109375
"CRS3035RES20000mN3320000E4500000",17.2855682373047,625.184204101562,646.266723632812
"CRS3035RES20000mN3320000E4520000",17.4117336273193,617.339599609375,653.102722167969
"CRS3035RES20000mN3320000E4540000",17.5025196075439,608.00341796875,657.905456542969
"CRS3035RES20000mN3320000E4560000",17.3944683074951,607.962341308594,658.225219726562
"CRS3035RES20000mN3320000E4580000",17.5691661834717,573.204895019531,663.537109375
"CRS3035RES20000mN3320000E4600000",17.720085144043,554.2080078125,669.030883789062
"CRS3035RES20000mN3340000E2940000",14.8401584625244,2041.23132324219,261.500274658203
"CRS3035RES20000mN3340000E2960000",14.8165884017944,1899.42846679688,301.941741943359
"CRS3035RES20000mN3340000E2980000",14.6467132568359,1831.69116210938,328.376586914062
"CRS3035RES20000mN3340000E3000000",14.3187255859375,1838.2041015625,332.154174804688
"CRS3035RES20000mN3340000E3020000",14.447301864624,1565.78869628906,323.047027587891
"CRS3035RES20000mN3340000E3040000",14.7256460189819,1346.53344726562,323.789093017578
"CRS3035RES20000mN3340000E3060000",15.0161361694336,1199.39794921875,324.283233642578
"CRS3035RES20000mN3340000E3080000",15.0754318237305,1163.4755859375,320.627410888672
"CRS3035RES20000mN3340000E3100000",15.1298580169678,1163.95031738281,316.096435546875
"CRS3035RES20000mN3340000E3120000",15.1570663452148,1177.25012207031,312.753356933594
"CRS3035RES20000mN3340000E3180000",15.015721321106,980.938659667969,291.880889892578
"CRS3035RES20000mN3340000E3200000",14.898097038269,983.021606445312,285.811767578125
"CRS3035RES20000mN3340000E3360000",15.1564521789551,1503.62145996094,381.946533203125
"CRS3035RES20000mN3340000E3380000",13.444972038269,2186.748046875,394.341766357422
"CRS3035RES20000mN3340000E3400000",13.8872842788696,1758.12194824219,408.960784912109
"CRS3035RES20000mN3340000E3420000",14.358362197876,1305.35803222656,415.885955810547
"CRS3035RES20000mN3340000E3440000",14.5293846130371,968.706359863281,420.672332763672
"CRS3035RES20000mN3340000E3460000",15.1861352920532,788.960754394531,429.549011230469
"CRS3035RES20000mN3340000E3480000",15.5505752563477,746.317932128906,436.524749755859
"CRS3035RES20000mN3340000E3500000",15.4088830947876,780.773559570312,438.699645996094
"CRS3035RES20000mN3340000E3520000",15.7456340789795,728.975830078125,444.778564453125
"CRS3035RES20000mN3340000E3540000",15.6178579330444,737.605529785156,446.181823730469
"CRS3035RES20000mN3340000E3560000",15.8217153549194,687.923034667969,451.676513671875
"CRS3035RES20000mN3340000E3580000",15.6824941635132,688.969116210938,453.859069824219
"CRS3035RES20000mN3340000E3600000",15.8299131393433,664.880065917969,454.579406738281
"CRS3035RES20000mN3340000E3620000",16.2950973510742,630.076293945312,456.911956787109
"CRS3035RES20000mN3340000E3640000",16.2761631011963,631.511657714844,454.084289550781
"CRS3035RES20000mN3340000E3660000",16.017671585083,656.320251464844,438.1806640625
"CRS3035RES20000mN3340000E3680000",15.612904548645,701.038146972656,419.313537597656
"CRS3035RES20000mN3340000E3700000",15.5334634780884,681.0986328125,410.866058349609
"CRS3035RES20000mN3340000E3720000",15.5051116943359,681.91650390625,404.578033447266
"CRS3035RES20000mN3340000E3740000",15.628532409668,664.360900878906,401.247863769531
"CRS3035RES20000mN3340000E3960000",16.342924118042,843.963684082031,445.867553710938
"CRS3035RES20000mN3340000E3980000",16.4483795166016,856.164245605469,457.350219726562
"CRS3035RES20000mN3340000E4000000",16.4917392730713,860.102233886719,472.429595947266
"CRS3035RES20000mN3340000E4020000",16.3275814056396,872.248596191406,496.895446777344
"CRS3035RES20000mN3340000E4040000",16.3165588378906,884.087524414062,519.498291015625
"CRS3035RES20000mN3340000E4060000",16.3048324584961,889.254638671875,528.028625488281
"CRS3035RES20000mN3340000E4080000",16.35986328125,873.451599121094,533.373291015625
"CRS3035RES20000mN3340000E4100000",16.4581546783447,866.719421386719,540.345397949219
"CRS3035RES20000mN3340000E4120000",16.5422115325928,842.423461914062,550.662414550781
"CRS3035RES20000mN3340000E4140000",16.5385055541992,835.501098632812,554.165344238281
"CRS3035RES20000mN3340000E4160000",16.5641574859619,858.672912597656,557.075744628906
"CRS3035RES20000mN3340000E4180000",16.5694389343262,875.377136230469,561.344177246094
"CRS3035RES20000mN3340000E4200000",16.6864147186279,840.207214355469,566.064147949219
"CRS3035RES20000mN3340000E4220000",16.6952571868896,830.138732910156,569.957214355469
"CRS3035RES20000mN3340000E4240000",16.8881912231445,815.336486816406,578.196105957031
"CRS3035RES20000mN3340000E4260000",16.8943252563477,841.599914550781,584.575317382812
"CRS3035RES20000mN3340000E4280000",16.9733009338379,832.860778808594,592.908325195312
"CRS3035RES20000mN3340000E4300000",16.8726997375488,829.928588867188,598.941650390625
"CRS3035RES20000mN3340000E4320000",16.9835548400879,796.52685546875,605.628540039062
"CRS3035RES20000mN3340000E4340000",17.1402454376221,743.43994140625,611.384155273438
"CRS3035RES20000mN3340000E4360000",17.2157764434814,706.956298828125,615.865478515625
"CRS3035RES20000mN3340000E4380000",17.3946399688721,664.697692871094,623.107116699219
"CRS3035RES20000mN3340000E4400000",17.3682632446289,675.847839355469,627.022399902344
"CRS3035RES20000mN3340000E4420000",17.2359943389893,662.535278320312,629.307067871094
"CRS3035RES20000mN3340000E4440000",17.0786895751953,643.807373046875,631.518859863281
"CRS3035RES20000mN3340000E4460000",16.9588375091553,631.525329589844,633.819519042969
"CRS3035RES20000mN3340000E4480000",17.0697994232178,609.047729492188,638.556579589844
"CRS3035RES20000mN3340000E4500000",17.1422843933105,607.318542480469,642.82373046875
"CRS3035RES20000mN3340000E4520000",17.1921081542969,601.713073730469,647.072143554688
"CRS3035RES20000mN3340000E4540000",17.1799583435059,601.960510253906,650.959533691406
"CRS3035RES20000mN3340000E4560000",17.308422088623,579.778869628906,656.990356445312
"CRS3035RES20000mN3340000E4580000",17.4444675445557,552.485717773438,661.429626464844
"CRS3035RES20000mN3340000E4600000",17.61794090271,547.344055175781,665.160583496094
"CRS3035RES20000mN3360000E2940000",14.6238412857056,2286.92358398438,278.547088623047
"CRS3035RES20000mN3360000E2960000",14.2878589630127,2340.47973632812,316.624298095703
"CRS3035RES20000mN3360000E2980000",13.9608669281006,2168.7138671875,341.603851318359
"CRS3035RES20000mN3360000E3000000",13.7256536483765,2040.74658203125,344.302917480469
"CRS3035RES20000mN3360000E3020000",14.0710334777832,1753.783203125,342.273132324219
"CRS3035RES20000mN3360000E3040000",14.303879737854,1422.48095703125,344.267181396484
"CRS3035RES20000mN3360000E3060000",14.4099636077881,1317.2158203125,345.805969238281
"CRS3035RES20000mN3360000E3080000",14.5774021148682,1243.57348632812,344.363128662109
"CRS3035RES20000mN3360000E3100000",14.6718416213989,1232.73083496094,341.297821044922
"CRS3035RES20000mN3360000E3120000",14.6282167434692,1258.04028320312,340.938171386719
"CRS3035RES20000mN3360000E3140000",14.8774824142456,1193.08508300781,331.9013671875
"CRS3035RES20000mN3360000E3160000",14.9108324050903,1081.55139160156,319.912048339844
"CRS3035RES20000mN3360000E3180000",14.8828420639038,1061.23852539062,314.835540771484
"CRS3035RES20000mN3360000E3200000",14.8141431808472,1032.39392089844,302.563751220703
"CRS3035RES20000mN3360000E3360000",15.1375188827515,1481.50634765625,371.486114501953
"CRS3035RES20000mN3360000E3380000",14.1469392776489,2037.771484375,394.2119140625
"CRS3035RES20000mN3360000E3400000",13.7663192749023,1991.55200195312,404.909210205078
"CRS3035RES20000mN3360000E3420000",14.5524282455444,1436.07507324219,414.740631103516
"CRS3035RES20000mN3360000E3440000",15.1835269927979,932.471862792969,422.188751220703
"CRS3035RES20000mN3360000E3460000",15.5360908508301,719.667602539062,429.866394042969
"CRS3035RES20000mN3360000E3480000",15.4940166473389,742.13037109375,433.334503173828
"CRS3035RES20000mN3360000E3500000",15.3860969543457,807.9609375,436.577117919922
"CRS3035RES20000mN3360000E3520000",15.4587078094482,834.651489257812,441.121704101562
"CRS3035RES20000mN3360000E3540000",15.7004327774048,747.441040039062,445.960266113281
"CRS3035RES20000mN3360000E3560000",15.9306783676147,686.269165039062,451.178558349609
"CRS3035RES20000mN3360000E3580000",16.0330696105957,656.436157226562,455.458374023438
"CRS3035RES20000mN3360000E3600000",15.9414882659912,648.637390136719,455.512786865234
"CRS3035RES20000mN3360000E3620000",16.1840553283691,636.90380859375,455.758880615234
"CRS3035RES20000mN3360000E3640000",16.1007957458496,644.617980957031,449.668151855469
"CRS3035RES20000mN3360000E3660000",15.7486839294434,658.797119140625,422.172943115234
"CRS3035RES20000mN3360000E3980000",16.3260250091553,856.98974609375,450.098266601562
"CRS3035RES20000mN3360000E4000000",16.3919353485107,865.856567382812,463.544128417969
"CRS3035RES20000mN3360000E4020000",16.3203754425049,879.583801269531,481.076995849609
"CRS3035RES20000mN3360000E4040000",16.2509346008301,890.296813964844,495.984130859375
"CRS3035RES20000mN3360000E4060000",16.2437438964844,887.432739257812,503.480285644531
"CRS3035RES20000mN3360000E4080000",16.3101921081543,880.777709960938,512.037658691406
"CRS3035RES20000mN3360000E4100000",16.3846855163574,886.402221679688,525.546691894531
"CRS3035RES20000mN3360000E4120000",16.4473304748535,854.088745117188,541.66552734375
"CRS3035RES20000mN3360000E4140000",16.4367866516113,837.67138671875,549.315795898438
"CRS3035RES20000mN3360000E4160000",16.4090175628662,865.962890625,553.469970703125
"CRS3035RES20000mN3360000E4180000",16.5064277648926,862.478576660156,559.402893066406
"CRS3035RES20000mN3360000E4200000",16.6058921813965,835.771118164062,563.486389160156
"CRS3035RES20000mN3360000E4220000",16.6504764556885,828.303405761719,568.193542480469
"CRS3035RES20000mN3360000E4240000",16.6869812011719,850.388977050781,574.894409179688
"CRS3035RES20000mN3360000E4260000",16.7969875335693,850.069091796875,582.380310058594
"CRS3035RES20000mN3360000E4280000",16.8184146881104,843.750366210938,588.414123535156
"CRS3035RES20000mN3360000E4300000",16.823673248291,808.931518554688,594.82373046875
"CRS3035RES20000mN3360000E4320000",17.0759334564209,789.131286621094,604.164123535156
"CRS3035RES20000mN3360000E4340000",16.9733028411865,794.511596679688,606.176452636719
"CRS3035RES20000mN3360000E4360000",17.0557479858398,738.777465820312,611.808410644531
"CRS3035RES20000mN3360000E4380000",17.0232334136963,711.476379394531,616.151977539062
"CRS3035RES20000mN3360000E4400000",17.0525360107422,686.576232910156,621.643981933594
"CRS3035RES20000mN3360000E4420000",16.9708290100098,669.621643066406,624.12353515625
"CRS3035RES20000mN3360000E4440000",16.877628326416,644.895690917969,626.643798828125
"CRS3035RES20000mN3360000E4460000",16.8388977050781,634.855651855469,629.818237304688
"CRS3035RES20000mN3360000E4480000",16.9470329284668,611.232543945312,635.330688476562
"CRS3035RES20000mN3360000E4500000",17.0136604309082,604.307556152344,639.24560546875
"CRS3035RES20000mN3360000E4520000",17.0091686248779,599.068359375,642.317138671875
"CRS3035RES20000mN3360000E4540000",16.8116874694824,595.73388671875,643.118957519531
"CRS3035RES20000mN3360000E4560000",17.1442279815674,571.685791015625,652.879638671875
"CRS3035RES20000mN3360000E4580000",17.316650390625,568.353515625,657.9462890625
"CRS3035RES20000mN3360000E4600000",17.4587383270264,557.409729003906,660.748962402344
"CRS3035RES20000mN1840000E2660000",20.3952941894531,585.534851074219,301.655792236328
"CRS3035RES20000mN1840000E2680000",21.5492305755615,633.705444335938,405.860168457031
"CRS3035RES20000mN3380000E2920000",14.8117990493774,2103.26098632812,253.730087280273
"CRS3035RES20000mN3380000E2940000",14.4687595367432,2437.33642578125,291.653472900391
"CRS3035RES20000mN3380000E2960000",13.7752828598022,2628.35864257812,329.776458740234
"CRS3035RES20000mN3380000E2980000",13.6801080703735,2318.7919921875,346.187438964844
"CRS3035RES20000mN1840000E2700000",22.6676063537598,570.495178222656,461.002319335938
"CRS3035RES20000mN3380000E3000000",13.759298324585,1987.66027832031,343.558776855469
"CRS3035RES20000mN3380000E3020000",13.7945432662964,1732.22912597656,348.015045166016
"CRS3035RES20000mN3380000E3040000",14.1926069259644,1322.15393066406,350.969207763672
"CRS3035RES20000mN3380000E3060000",14.4368734359741,1169.16064453125,353.519195556641
"CRS3035RES20000mN3380000E3080000",14.4022588729858,1252.56018066406,358.340362548828
"CRS3035RES20000mN3380000E3100000",14.1876935958862,1296.56896972656,359.579223632812
"CRS3035RES20000mN3380000E3120000",14.2551403045654,1252.97314453125,360.338134765625
"CRS3035RES20000mN3380000E3140000",14.7305936813354,1099.3671875,358.98681640625
"CRS3035RES20000mN3380000E3160000",14.6333236694336,1097.021484375,352.220581054688
"CRS3035RES20000mN3380000E3180000",14.7137889862061,1105.76586914062,351.297302246094
"CRS3035RES20000mN1840000E2720000",23.1517715454102,552.963684082031,490.22900390625
"CRS3035RES20000mN3380000E3200000",14.9137277603149,1055.65625,342.324523925781
"CRS3035RES20000mN3380000E3220000",14.8515281677246,1060.16528320312,318.162353515625
"CRS3035RES20000mN3380000E3320000",14.8463077545166,980.614135742188,301.450286865234
"CRS3035RES20000mN3380000E3340000",15.0819063186646,1193.50720214844,324.315979003906
"CRS3035RES20000mN3380000E3360000",15.0777044296265,1505.81274414062,361.760772705078
"CRS3035RES20000mN3380000E3380000",13.7756328582764,2083.38671875,390.127807617188
"CRS3035RES20000mN3380000E3400000",13.2490844726562,1898.67077636719,400.253234863281
"CRS3035RES20000mN3380000E3420000",13.5653448104858,1510.70300292969,406.98046875
"CRS3035RES20000mN3380000E3440000",14.9267082214355,1034.30004882812,418.216583251953
"CRS3035RES20000mN3380000E3460000",15.4031600952148,768.961791992188,424.128692626953
"CRS3035RES20000mN1840000E2740000",23.3142738342285,591.944641113281,506.400970458984
"CRS3035RES20000mN3380000E3480000",15.3170833587646,780.013244628906,427.784210205078
"CRS3035RES20000mN3380000E3500000",14.8839683532715,938.143310546875,429.416931152344
"CRS3035RES20000mN3380000E3520000",14.5446739196777,1047.19506835938,431.994171142578
"CRS3035RES20000mN3380000E3540000",14.9102058410645,960.596313476562,438.502044677734
"CRS3035RES20000mN3380000E3560000",15.4380407333374,758.044677734375,444.986389160156
"CRS3035RES20000mN3380000E3580000",15.8721446990967,664.297302246094,450.3662109375
"CRS3035RES20000mN3380000E3600000",16.1013412475586,629.063293457031,454.5244140625
"CRS3035RES20000mN3380000E3620000",16.0139389038086,654.658508300781,454.598236083984
"CRS3035RES20000mN3380000E3640000",15.7410697937012,689.319641113281,448.422241210938
"CRS3035RES20000mN3380000E3660000",15.5865802764893,662.56591796875,420.236267089844
"CRS3035RES20000mN1840000E2760000",24.0649070739746,558.456726074219,532.657775878906
"CRS3035RES20000mN3380000E4020000",16.3075561523438,887.611022949219,463.214721679688
"CRS3035RES20000mN3380000E4040000",16.3474063873291,910.677917480469,472.260498046875
"CRS3035RES20000mN3380000E4060000",16.3815593719482,906.686645507812,481.306457519531
"CRS3035RES20000mN3380000E4080000",16.4222221374512,883.943725585938,491.739166259766
"CRS3035RES20000mN3380000E4100000",16.4145622253418,880.504577636719,507.086486816406
"CRS3035RES20000mN3380000E4120000",16.2983455657959,855.409362792969,522.226501464844
"CRS3035RES20000mN3380000E4140000",16.2666015625,848.205627441406,530.047729492188
"CRS3035RES20000mN3380000E4160000",16.2655467987061,865.17333984375,535.133117675781
"CRS3035RES20000mN1840000E2780000",24.5437088012695,576.529174804688,554.015380859375
"CRS3035RES20000mN3380000E4180000",16.3928527832031,869.414245605469,543.6220703125
"CRS3035RES20000mN3380000E4200000",16.5260276794434,864.233093261719,552.667053222656
"CRS3035RES20000mN3380000E4220000",16.6072959899902,876.848937988281,560.839599609375
"CRS3035RES20000mN3380000E4240000",16.6556701660156,881.238952636719,570.961059570312
"CRS3035RES20000mN3380000E4260000",16.7233390808105,872.896606445312,580.495239257812
"CRS3035RES20000mN3380000E4280000",16.8152160644531,846.826965332031,587.827270507812
"CRS3035RES20000mN3380000E4300000",16.8242931365967,831.164978027344,593.126220703125
"CRS3035RES20000mN3380000E4320000",16.7503471374512,845.222534179688,597.287780761719
"CRS3035RES20000mN3380000E4340000",16.649938583374,818.888854980469,600.650451660156
"CRS3035RES20000mN3380000E4360000",16.7574653625488,748.781005859375,606.764709472656
"CRS3035RES20000mN1840000E2800000",24.8884944915771,595.934387207031,570.31689453125
"CRS3035RES20000mN3380000E4380000",16.7440528869629,706.6708984375,610.818359375
"CRS3035RES20000mN3380000E4400000",16.7411098480225,686.878234863281,615.404357910156
"CRS3035RES20000mN3380000E4420000",16.7715129852295,674.048034667969,619.464050292969
"CRS3035RES20000mN3380000E4440000",16.7500381469727,658.704528808594,622.426574707031
"CRS3035RES20000mN3380000E4460000",16.7863807678223,639.06494140625,626.448974609375
"CRS3035RES20000mN3380000E4480000",16.8340015411377,617.554870605469,630.343872070312
"CRS3035RES20000mN3380000E4500000",16.8959503173828,596.620788574219,633.786560058594
"CRS3035RES20000mN3380000E4520000",16.9694976806641,578.567687988281,638.014465332031
"CRS3035RES20000mN3380000E4540000",16.9180717468262,584.195495605469,641.310852050781
"CRS3035RES20000mN3380000E4560000",17.0634899139404,576.747619628906,646.698303222656
"CRS3035RES20000mN1840000E2820000",24.7244434356689,659.988647460938,580.983337402344
"CRS3035RES20000mN3380000E4580000",17.4343738555908,564.765686035156,655.203735351562
"CRS3035RES20000mN3380000E4600000",17.4111003875732,586.225341796875,655.296997070312
"CRS3035RES20000mN1840000E2840000",24.3536262512207,702.211242675781,593.493041992188
"CRS3035RES20000mN1840000E2860000",24.4456653594971,596.475280761719,606.785339355469
"CRS3035RES20000mN1840000E2880000",23.967601776123,538.501647949219,609.516235351562
"CRS3035RES20000mN1840000E2900000",24.1823425292969,485.276428222656,619.309448242188
"CRS3035RES20000mN1840000E2920000",24.5050144195557,447.448394775391,631.107727050781
"CRS3035RES20000mN1840000E2940000",24.3433933258057,464.427551269531,635.900756835938
"CRS3035RES20000mN1840000E2960000",24.487340927124,487.281311035156,644.611083984375
"CRS3035RES20000mN1840000E2980000",25.1760406494141,476.386169433594,660.723022460938
"CRS3035RES20000mN3400000E2940000",14.6297168731689,1950.65002441406,290.296569824219
"CRS3035RES20000mN1840000E3000000",25.2115268707275,487.994140625,666.026611328125
"CRS3035RES20000mN3400000E2960000",14.3769426345825,2055.357421875,325.260284423828
"CRS3035RES20000mN3400000E2980000",14.3073663711548,1836.82751464844,340.489593505859
"CRS3035RES20000mN3400000E3000000",14.016806602478,1731.10925292969,337.33837890625
"CRS3035RES20000mN3400000E3020000",13.5622701644897,1730.189453125,346.030426025391
"CRS3035RES20000mN3400000E3040000",14.1273641586304,1303.72619628906,350.023803710938
"CRS3035RES20000mN3400000E3060000",14.2487297058105,1136.04760742188,354.050018310547
"CRS3035RES20000mN3400000E3080000",13.9989347457886,1280.02734375,359.371246337891
"CRS3035RES20000mN3400000E3100000",14.3218965530396,1225.54711914062,365.150665283203
"CRS3035RES20000mN3400000E3120000",14.4831409454346,1163.32458496094,367.766265869141
"CRS3035RES20000mN3400000E3140000",14.621319770813,1048.85876464844,369.745147705078
"CRS3035RES20000mN1840000E3020000",25.6647205352783,523.507141113281,683.858825683594
"CRS3035RES20000mN3400000E3160000",14.8228425979614,992.884094238281,370.835235595703
"CRS3035RES20000mN3400000E3180000",14.6208400726318,1065.37243652344,374.748382568359
"CRS3035RES20000mN3400000E3200000",14.8356122970581,1071.18188476562,371.305847167969
"CRS3035RES20000mN3400000E3220000",14.7816781997681,1171.06201171875,352.197235107422
"CRS3035RES20000mN3400000E3240000",14.7809944152832,1112.39721679688,310.894500732422
"CRS3035RES20000mN3400000E3320000",14.6523580551147,928.663391113281,293.901916503906
"CRS3035RES20000mN3400000E3340000",14.6614608764648,1187.74536132812,317.576385498047
"CRS3035RES20000mN3400000E3360000",14.3516073226929,1733.37744140625,355.096740722656
"CRS3035RES20000mN3400000E3380000",13.6582231521606,1889.13037109375,389.978729248047
"CRS3035RES20000mN3400000E3400000",13.4793109893799,1570.98046875,400.143615722656
"CRS3035RES20000mN1840000E3040000",25.2800178527832,579.842041015625,690.818420410156
"CRS3035RES20000mN3400000E3420000",14.1884984970093,1263.0859375,409.043518066406
"CRS3035RES20000mN3400000E3440000",14.7697420120239,1046.76098632812,415.063140869141
"CRS3035RES20000mN3400000E3460000",15.589937210083,792.127319335938,423.032318115234
"CRS3035RES20000mN3400000E3480000",15.5068092346191,831.583129882812,427.587036132812
"CRS3035RES20000mN3400000E3500000",14.8526391983032,1119.72680664062,428.395721435547
"CRS3035RES20000mN3400000E3520000",13.6426582336426,1244.11083984375,423.700103759766
"CRS3035RES20000mN3400000E3540000",14.3920927047729,1051.81066894531,432.975646972656
"CRS3035RES20000mN3400000E3560000",15.3912973403931,767.704406738281,442.356109619141
"CRS3035RES20000mN3400000E3580000",15.8679008483887,653.768981933594,446.972137451172
"CRS3035RES20000mN3400000E3600000",16.0344429016113,633.486694335938,451.739166259766
"CRS3035RES20000mN1840000E3060000",24.7394332885742,524.413635253906,690.495300292969
"CRS3035RES20000mN3400000E3620000",15.8754796981812,663.100891113281,453.786285400391
"CRS3035RES20000mN3400000E3640000",15.4896221160889,711.787841796875,446.269348144531
"CRS3035RES20000mN3400000E3660000",15.595419883728,649.951049804688,419.814300537109
"CRS3035RES20000mN3400000E4140000",16.25,860.462646484375,505.641326904297
"CRS3035RES20000mN3400000E4160000",16.2614974975586,860.497680664062,510.857849121094
"CRS3035RES20000mN3400000E4180000",16.3863639831543,866.82666015625,522.3125
"CRS3035RES20000mN3400000E4220000",16.5284194946289,906.224243164062,551.836486816406
"CRS3035RES20000mN1840000E3080000",25.0235023498535,440.406982421875,699.439147949219
"CRS3035RES20000mN3400000E4240000",16.5866813659668,895.082397460938,565.822570800781
"CRS3035RES20000mN3400000E4260000",16.6152153015137,897.221374511719,577.872863769531
"CRS3035RES20000mN3400000E4280000",16.6782493591309,886.27001953125,585.926452636719
"CRS3035RES20000mN3400000E4300000",16.6434326171875,882.490966796875,589.550659179688
"CRS3035RES20000mN3400000E4320000",16.5699768066406,867.919860839844,594.061950683594
"CRS3035RES20000mN3400000E4340000",16.6011447906494,815.541564941406,599.183837890625
"CRS3035RES20000mN3400000E4360000",16.7414283752441,729.521911621094,604.863708496094
"CRS3035RES20000mN3400000E4380000",16.720516204834,673.15478515625,606.738891601562
"CRS3035RES20000mN3400000E4400000",16.6913623809814,668.604919433594,609.897583007812
"CRS3035RES20000mN3400000E4420000",16.7811546325684,665.51953125,617.24755859375
"CRS3035RES20000mN1840000E3100000",24.917760848999,437.997619628906,704.977966308594
"CRS3035RES20000mN3400000E4440000",16.8558330535889,662.399780273438,621.8388671875
"CRS3035RES20000mN3400000E4460000",16.8644332885742,636.104858398438,625.167602539062
"CRS3035RES20000mN3400000E4480000",16.8762588500977,616.356994628906,626.536743164062
"CRS3035RES20000mN3400000E4500000",16.9256134033203,599.394592285156,628.382446289062
"CRS3035RES20000mN3400000E4520000",16.8524398803711,595.981201171875,630.038696289062
"CRS3035RES20000mN3400000E4540000",17.0853862762451,587.826538085938,638.094360351562
"CRS3035RES20000mN3400000E4560000",17.3649845123291,571.778564453125,643.590942382812
"CRS3035RES20000mN3400000E4580000",17.4490661621094,576.849487304688,644.925842285156
"CRS3035RES20000mN3400000E4600000",17.3424644470215,617.082763671875,641.575317382812
"CRS3035RES20000mN1840000E3120000",25.3217601776123,407.034240722656,710.952575683594
"CRS3035RES20000mN1840000E3140000",24.8479232788086,425.12890625,702.988403320312
"CRS3035RES20000mN1840000E3160000",24.5266819000244,421.503692626953,698.036010742188
"CRS3035RES20000mN1840000E3180000",23.9857082366943,446.475402832031,694.017333984375
"CRS3035RES20000mN1840000E3200000",23.6065654754639,459.465270996094,692.878540039062
"CRS3035RES20000mN1840000E3220000",22.9972476959229,520.624206542969,686.334411621094
"CRS3035RES20000mN1840000E3240000",23.1426372528076,519.172912597656,680.401977539062
"CRS3035RES20000mN1840000E3260000",24.3389301300049,423.572692871094,681.979370117188
"CRS3035RES20000mN3420000E2940000",14.5329999923706,1745.1435546875,284.011047363281
"CRS3035RES20000mN3420000E2960000",14.5896120071411,1646.32885742188,307.502563476562
"CRS3035RES20000mN3420000E2980000",14.7256412506104,1410.32421875,325.575469970703
"CRS3035RES20000mN3420000E3000000",14.3012208938599,1461.60803222656,334.481323242188
"CRS3035RES20000mN3420000E3020000",14.1042175292969,1510.19079589844,346.550872802734
"CRS3035RES20000mN1840000E3280000",24.4723243713379,380.755340576172,681.496643066406
"CRS3035RES20000mN3420000E3040000",14.5063333511353,1185.81567382812,349.540435791016
"CRS3035RES20000mN3420000E3060000",14.6581392288208,1067.81005859375,353.774597167969
"CRS3035RES20000mN3420000E3080000",14.5111865997314,1173.54577636719,358.918518066406
"CRS3035RES20000mN3420000E3100000",14.0827598571777,1363.91796875,364.506683349609
"CRS3035RES20000mN3420000E3120000",14.5053510665894,1124.08483886719,367.600189208984
"CRS3035RES20000mN3420000E3140000",14.3098564147949,1013.89953613281,369.102844238281
"CRS3035RES20000mN3420000E3160000",14.4838485717773,1011.80346679688,372.225219726562
"CRS3035RES20000mN3420000E3180000",14.7457313537598,1003.48529052734,379.7119140625
"CRS3035RES20000mN3420000E3200000",14.729808807373,1143.36413574219,382.179901123047
"CRS3035RES20000mN3420000E3220000",14.1904296875,1392.88952636719,370.336669921875
"CRS3035RES20000mN1840000E3300000",23.8302249908447,402.833618164062,674.096008300781
"CRS3035RES20000mN3420000E3240000",14.5487480163574,1237.31860351562,329.963165283203
"CRS3035RES20000mN3420000E3340000",14.9544200897217,1100.18200683594,323.096801757812
"CRS3035RES20000mN3420000E3360000",14.8994731903076,1461.39147949219,362.284240722656
"CRS3035RES20000mN3420000E3380000",13.579475402832,1650.07373046875,388.812591552734
"CRS3035RES20000mN3420000E3400000",14.4948558807373,1202.48608398438,396.688781738281
"CRS3035RES20000mN3420000E3420000",14.9908628463745,988.45263671875,401.535308837891
"CRS3035RES20000mN3420000E3440000",15.4064378738403,898.98095703125,409.378662109375
"CRS3035RES20000mN3420000E3460000",15.6771469116211,827.779418945312,417.584594726562
"CRS3035RES20000mN3420000E3480000",15.514123916626,923.231201171875,423.011596679688
"CRS3035RES20000mN3420000E3500000",15.2067909240723,1204.76794433594,427.571990966797
"CRS3035RES20000mN1840000E3320000",22.6538848876953,434.166229248047,652.683532714844
"CRS3035RES20000mN3420000E3520000",13.7934551239014,1410.96667480469,420.996337890625
"CRS3035RES20000mN3420000E3540000",13.8965835571289,1191.88354492188,425.104125976562
"CRS3035RES20000mN3420000E3560000",15.4440851211548,796.570556640625,440.763610839844
"CRS3035RES20000mN3420000E3580000",15.8983869552612,671.464538574219,446.272918701172
"CRS3035RES20000mN3420000E3600000",15.979208946228,647.098815917969,450.117248535156
"CRS3035RES20000mN3420000E3620000",15.7846832275391,678.835021972656,450.894683837891
"CRS3035RES20000mN3420000E3640000",15.5953521728516,673.067565917969,436.284851074219
"CRS3035RES20000mN3420000E3660000",15.3706903457642,667.32421875,404.625427246094
"CRS3035RES20000mN1840000E3340000",22.0053310394287,493.453857421875,623.061279296875
"CRS3035RES20000mN3420000E4240000",16.4460411071777,897.437255859375,562.447082519531
"CRS3035RES20000mN3420000E4260000",16.4433784484863,907.823913574219,574.262756347656
"CRS3035RES20000mN3420000E4280000",16.4510078430176,919.518127441406,581.751098632812
"CRS3035RES20000mN3420000E4300000",16.5112056732178,903.52490234375,585.927368164062
"CRS3035RES20000mN3420000E4320000",16.4321594238281,879.881469726562,589.887084960938
"CRS3035RES20000mN3420000E4340000",16.5032939910889,813.511779785156,594.116088867188
"CRS3035RES20000mN3420000E4360000",16.777904510498,718.375366210938,599.7060546875
"CRS3035RES20000mN3420000E4380000",16.8438625335693,669.543273925781,600.602355957031
"CRS3035RES20000mN3420000E4400000",16.9611854553223,651.348815917969,605.099731445312
"CRS3035RES20000mN3420000E4420000",16.834997177124,676.882568359375,613.596374511719
"CRS3035RES20000mN1840000E3360000",22.4056549072266,528.604553222656,600.540283203125
"CRS3035RES20000mN3420000E4440000",16.8838844299316,666.677734375,617.823791503906
"CRS3035RES20000mN3420000E4460000",16.813512802124,667.366149902344,619.861938476562
"CRS3035RES20000mN3420000E4480000",16.8131294250488,649.427917480469,621.715087890625
"CRS3035RES20000mN3420000E4500000",16.9118461608887,629.934509277344,625.484008789062
"CRS3035RES20000mN3420000E4520000",16.978048324585,609.154418945312,627.245056152344
"CRS3035RES20000mN3420000E4540000",17.0145378112793,615.775268554688,629.355895996094
"CRS3035RES20000mN3420000E4560000",17.2148818969727,604.316040039062,631.1669921875
"CRS3035RES20000mN3420000E4580000",17.2130260467529,597.762756347656,626.570861816406
"CRS3035RES20000mN1840000E3380000",23.7693500518799,584.078796386719,581.583679199219
"CRS3035RES20000mN1840000E3400000",25.1865348815918,610.223388671875,562.986999511719
"CRS3035RES20000mN1840000E3420000",25.1133003234863,633.832397460938,536.840881347656
"CRS3035RES20000mN1840000E3660000",24.4268684387207,478.501983642578,454.674987792969
"CRS3035RES20000mN1840000E3680000",24.8066291809082,477.371551513672,486.509613037109
"CRS3035RES20000mN1840000E3700000",24.5919456481934,514.543090820312,513.429077148438
"CRS3035RES20000mN1840000E3720000",24.5214672088623,526.052673339844,507.519714355469
"CRS3035RES20000mN3440000E2980000",14.8185453414917,1371.66418457031,298.939880371094
"CRS3035RES20000mN1840000E3740000",24.3426094055176,514.1318359375,465.320159912109
"CRS3035RES20000mN3440000E3000000",14.7164688110352,1282.41101074219,323.107757568359
"CRS3035RES20000mN3440000E3020000",14.6325817108154,1362.25927734375,340.104522705078
"CRS3035RES20000mN3440000E3040000",14.7744054794312,1194.31799316406,348.084716796875
"CRS3035RES20000mN3440000E3060000",14.7175416946411,1217.04846191406,354.059478759766
"CRS3035RES20000mN3440000E3080000",14.4735679626465,1277.45275878906,361.076873779297
"CRS3035RES20000mN3440000E3100000",14.0845422744751,1351.95678710938,364.396301269531
"CRS3035RES20000mN3440000E3120000",14.3026933670044,1175.94055175781,366.820892333984
"CRS3035RES20000mN3440000E3140000",14.5671844482422,1033.89331054688,370.421752929688
"CRS3035RES20000mN3440000E3160000",14.4940462112427,1000.212890625,372.16259765625
"CRS3035RES20000mN3440000E3180000",14.8020811080933,929.099060058594,376.704345703125
"CRS3035RES20000mN1840000E4180000",23.3581104278564,595.759216308594,483.330444335938
"CRS3035RES20000mN3440000E3200000",14.469141960144,1230.33044433594,379.487762451172
"CRS3035RES20000mN3440000E3220000",13.1187353134155,1476.81469726562,371.916381835938
"CRS3035RES20000mN3440000E3240000",14.0528383255005,1266.80615234375,342.574157714844
"CRS3035RES20000mN3440000E3340000",14.998363494873,955.539001464844,324.438049316406
"CRS3035RES20000mN3440000E3360000",15.011344909668,1056.61352539062,354.199493408203
"CRS3035RES20000mN3440000E3380000",15.1167049407959,1000.40283203125,365.827331542969
"CRS3035RES20000mN3440000E3400000",15.2379913330078,883.476501464844,367.338256835938
"CRS3035RES20000mN3440000E3420000",15.3842821121216,813.725280761719,369.580017089844
"CRS3035RES20000mN3440000E3440000",15.4460525512695,865.27197265625,382.077972412109
"CRS3035RES20000mN3440000E3460000",15.3742647171021,914.774780273438,399.832061767578
"CRS3035RES20000mN1840000E4200000",23.482120513916,696.726684570312,546.766296386719
"CRS3035RES20000mN3440000E3480000",15.2478466033936,1083.55798339844,413.820373535156
"CRS3035RES20000mN3440000E3500000",14.9606351852417,1314.68725585938,421.637054443359
"CRS3035RES20000mN3440000E3520000",13.7764873504639,1442.03869628906,418.263366699219
"CRS3035RES20000mN3440000E3540000",14.4284753799438,1171.79150390625,425.603546142578
"CRS3035RES20000mN3440000E3560000",15.4696073532104,791.927062988281,435.692413330078
"CRS3035RES20000mN3440000E3580000",15.8411121368408,661.811279296875,441.521484375
"CRS3035RES20000mN3440000E3600000",15.8670778274536,646.152587890625,443.838439941406
"CRS3035RES20000mN3440000E3620000",15.6136293411255,682.976806640625,441.6689453125
"CRS3035RES20000mN3440000E3640000",15.3613471984863,682.799865722656,414.415100097656
"CRS3035RES20000mN3440000E3660000",14.8760795593262,697.509582519531,373.256134033203
"CRS3035RES20000mN1840000E4220000",23.3832702636719,752.477355957031,584.559997558594
"CRS3035RES20000mN3440000E4240000",16.3063163757324,889.805969238281,560.139892578125
"CRS3035RES20000mN3440000E4260000",16.2307109832764,925.232299804688,570.164245605469
"CRS3035RES20000mN3440000E4280000",16.3124847412109,901.923095703125,578.084411621094
"CRS3035RES20000mN3440000E4300000",16.3538837432861,895.727905273438,582.15771484375
"CRS3035RES20000mN3440000E4320000",16.3984260559082,853.562194824219,587.398559570312
"CRS3035RES20000mN3440000E4340000",16.4497394561768,788.3095703125,587.809020996094
"CRS3035RES20000mN3440000E4360000",16.5233097076416,753.603332519531,586.283752441406
"CRS3035RES20000mN3440000E4380000",16.8285446166992,673.865295410156,588.395812988281
"CRS3035RES20000mN1840000E4240000",22.6169681549072,782.534240722656,601.388549804688
"CRS3035RES20000mN3440000E4420000",16.9623394012451,665.138427734375,602.8720703125
"CRS3035RES20000mN3440000E4440000",16.8770885467529,661.29736328125,604.798156738281
"CRS3035RES20000mN3440000E4460000",16.7446231842041,680.773803710938,605.962097167969
"CRS3035RES20000mN3440000E4480000",16.8239364624023,679.445251464844,615.949462890625
"CRS3035RES20000mN3440000E4500000",16.9282779693604,661.785827636719,623.92333984375
"CRS3035RES20000mN3440000E4520000",16.96240234375,639.325988769531,624.338134765625
"CRS3035RES20000mN3440000E4540000",16.9857807159424,630.837829589844,619.001098632812
"CRS3035RES20000mN3440000E4560000",17.0457038879395,612.859802246094,615.93017578125
"CRS3035RES20000mN3440000E4580000",16.9807376861572,599.202880859375,610.777648925781
"CRS3035RES20000mN1840000E4260000",22.1686210632324,709.591430664062,599.723022460938
"CRS3035RES20000mN1840000E4280000",23.8817710876465,564.022338867188,533.251342773438
"CRS3035RES20000mN1840000E4820000",22.7406978607178,1190.50964355469,533.143737792969
"CRS3035RES20000mN1840000E4840000",22.4841651916504,932.54296875,571.845581054688
"CRS3035RES20000mN1840000E4860000",22.2748546600342,1002.40533447266,594.445373535156
"CRS3035RES20000mN1840000E4880000",21.4687099456787,915.725158691406,597.2197265625
"CRS3035RES20000mN1840000E4900000",23.9921455383301,862.04052734375,586.412353515625
"CRS3035RES20000mN3460000E2980000",14.8498096466064,1473.96435546875,278.315246582031
"CRS3035RES20000mN1840000E4920000",25.097038269043,772.556945800781,554.253051757812
"CRS3035RES20000mN3460000E3000000",14.8106708526611,1311.82604980469,301.048645019531
"CRS3035RES20000mN3460000E3020000",14.5564022064209,1388.03381347656,324.062713623047
"CRS3035RES20000mN3460000E3040000",14.5078620910645,1358.75048828125,340.239776611328
"CRS3035RES20000mN3460000E3060000",14.6038303375244,1319.07177734375,351.141052246094
"CRS3035RES20000mN3460000E3080000",14.3029642105103,1290.12744140625,361.082214355469
"CRS3035RES20000mN3460000E3100000",14.7242164611816,1141.79431152344,364.535827636719
"CRS3035RES20000mN3460000E3120000",14.6999444961548,1068.1728515625,367.838958740234
"CRS3035RES20000mN3460000E3140000",14.1903419494629,1134.68347167969,371.894683837891
"CRS3035RES20000mN3460000E3160000",14.6584396362305,1018.34405517578,373.892303466797
"CRS3035RES20000mN3460000E3180000",14.9867668151855,927.273620605469,377.230499267578
"CRS3035RES20000mN3460000E3200000",14.888162612915,1079.2607421875,381.901885986328
"CRS3035RES20000mN3460000E3220000",14.2393741607666,1267.00280761719,376.622467041016
"CRS3035RES20000mN3460000E3240000",14.445426940918,1112.99072265625,352.70458984375
"CRS3035RES20000mN3460000E3340000",14.5608139038086,894.289123535156,295.878845214844
"CRS3035RES20000mN3460000E3360000",14.7167739868164,884.746704101562,312.787170410156
"CRS3035RES20000mN3460000E3460000",15.3458051681519,961.844848632812,386.722778320312
"CRS3035RES20000mN3460000E3480000",14.8865528106689,1216.38012695312,407.406341552734
"CRS3035RES20000mN3460000E3500000",13.9917821884155,1443.21179199219,414.950836181641
"CRS3035RES20000mN3460000E3520000",13.5809125900269,1402.07507324219,417.577056884766
"CRS3035RES20000mN3460000E3540000",14.520565032959,1137.07983398438,424.865936279297
"CRS3035RES20000mN3460000E3560000",15.2413282394409,812.647033691406,429.8818359375
"CRS3035RES20000mN3460000E3580000",15.6832551956177,644.570678710938,438.287872314453
"CRS3035RES20000mN3460000E3600000",15.6804323196411,636.830993652344,443.657836914062
"CRS3035RES20000mN3460000E3620000",15.3273305892944,700.267700195312,437.303497314453
"CRS3035RES20000mN3460000E3640000",15.1379804611206,689.836853027344,399.693572998047
"CRS3035RES20000mN3460000E4220000",16.2450866699219,838.950866699219,537.962829589844
"CRS3035RES20000mN3460000E4240000",16.1869258880615,858.725463867188,558.248901367188
"CRS3035RES20000mN3460000E4260000",16.1699657440186,902.157531738281,568.79052734375
"CRS3035RES20000mN3460000E4280000",16.2271041870117,889.400390625,575.788513183594
"CRS3035RES20000mN3460000E4300000",16.312858581543,868.594787597656,578.70947265625
"CRS3035RES20000mN3460000E4320000",16.4199104309082,808.822570800781,582.138732910156
"CRS3035RES20000mN3460000E4340000",16.4477996826172,769.095275878906,579.788696289062
"CRS3035RES20000mN3460000E4360000",16.6415863037109,715.963195800781,577.621704101562
"CRS3035RES20000mN3460000E4380000",16.7427406311035,660.792541503906,577.827880859375
"CRS3035RES20000mN3460000E4400000",16.8229675292969,654.458740234375,581.408203125
"CRS3035RES20000mN3460000E4460000",16.7842769622803,678.154968261719,593.836669921875
"CRS3035RES20000mN3460000E4480000",16.9200172424316,681.367919921875,609.098937988281
"CRS3035RES20000mN3460000E4500000",16.9496746063232,664.098083496094,617.45703125
"CRS3035RES20000mN3460000E4520000",16.964319229126,640.099426269531,616.871154785156
"CRS3035RES20000mN3460000E4540000",16.8571014404297,653.746704101562,605.016967773438
"CRS3035RES20000mN3460000E4560000",16.8522243499756,643.917053222656,601.854064941406
"CRS3035RES20000mN3480000E3020000",14.7513942718506,1448.32263183594,302.466796875
"CRS3035RES20000mN3480000E3040000",14.3074398040771,1498.67346191406,327.873168945312
"CRS3035RES20000mN3480000E3060000",14.6066427230835,1338.89758300781,348.311279296875
"CRS3035RES20000mN3480000E3080000",14.2458219528198,1329.24438476562,360.198669433594
"CRS3035RES20000mN3480000E3100000",14.7576322555542,1077.76733398438,365.036163330078
"CRS3035RES20000mN3480000E3120000",14.92529296875,954.243774414062,368.314422607422
"CRS3035RES20000mN3480000E3140000",14.9391736984253,969.646850585938,373.916748046875
"CRS3035RES20000mN3480000E3160000",14.914174079895,941.567626953125,375.485931396484
"CRS3035RES20000mN3480000E3180000",14.9790935516357,919.276000976562,376.451782226562
"CRS3035RES20000mN3480000E3200000",15.0135202407837,941.697875976562,381.283447265625
"CRS3035RES20000mN3480000E3220000",15.1014280319214,939.124572753906,379.320404052734
"CRS3035RES20000mN3480000E3240000",15.1262683868408,900.148498535156,362.203338623047
"CRS3035RES20000mN3480000E3260000",14.7704887390137,904.742431640625,315.052856445312
"CRS3035RES20000mN3480000E3460000",15.2433834075928,1027.5302734375,379.41943359375
"CRS3035RES20000mN3480000E3480000",14.7465562820435,1345.76062011719,401.923431396484
"CRS3035RES20000mN3480000E3500000",14.1898336410522,1527.47143554688,413.599792480469
"CRS3035RES20000mN3480000E3520000",13.9133291244507,1338.65869140625,418.342437744141
"CRS3035RES20000mN3480000E3540000",14.1085872650146,1116.54650878906,420.279235839844
"CRS3035RES20000mN3480000E3560000",15.0311679840088,830.473937988281,427.422515869141
"CRS3035RES20000mN3480000E3580000",15.4618835449219,663.560729980469,436.507415771484
"CRS3035RES20000mN3480000E3600000",15.2705211639404,693.775939941406,440.376220703125
"CRS3035RES20000mN3480000E3620000",14.7635774612427,752.1865234375,425.861083984375
"CRS3035RES20000mN3480000E3640000",14.8416967391968,706.198669433594,391.100555419922
"CRS3035RES20000mN3480000E3660000",14.574161529541,676.231140136719,348.565643310547
"CRS3035RES20000mN3480000E4240000",16.0834484100342,834.089660644531,556.59326171875
"CRS3035RES20000mN3480000E4260000",16.0426425933838,892.8759765625,567.103332519531
"CRS3035RES20000mN3480000E4280000",16.0761756896973,885.259216308594,572.690124511719
"CRS3035RES20000mN3480000E4300000",16.2438640594482,828.070678710938,574.469116210938
"CRS3035RES20000mN3480000E4320000",16.4775371551514,762.344909667969,574.669921875
"CRS3035RES20000mN3480000E4340000",16.6118183135986,717.0908203125,573.177490234375
"CRS3035RES20000mN3480000E4380000",16.6653461456299,646.193908691406,572.471984863281
"CRS3035RES20000mN3480000E4400000",16.6973152160645,628.274658203125,574.217346191406
"CRS3035RES20000mN3480000E4480000",16.8542766571045,662.684265136719,596.984436035156
"CRS3035RES20000mN3480000E4500000",16.8401966094971,647.170959472656,599.724670410156
"CRS3035RES20000mN3480000E4520000",16.7344055175781,633.977294921875,595.802612304688
"CRS3035RES20000mN3480000E4540000",16.5884284973145,659.954528808594,587.826477050781
"CRS3035RES20000mN3480000E4560000",16.7449226379395,642.631652832031,591.042541503906
"CRS3035RES20000mN3500000E3040000",14.6220436096191,1467.95581054688,333.744323730469
"CRS3035RES20000mN3500000E3060000",14.7815036773682,1257.99340820312,351.514099121094
"CRS3035RES20000mN3500000E3080000",14.6577825546265,1202.08068847656,359.722778320312
"CRS3035RES20000mN3500000E3100000",14.6147089004517,1110.63049316406,364.762359619141
"CRS3035RES20000mN3500000E3120000",14.8965320587158,981.596130371094,368.868194580078
"CRS3035RES20000mN3500000E3140000",14.9107866287231,954.197937011719,372.750030517578
"CRS3035RES20000mN3500000E3160000",14.7559719085693,1005.61901855469,373.5400390625
"CRS3035RES20000mN3500000E3180000",14.7764959335327,1004.65209960938,373.341552734375
"CRS3035RES20000mN3500000E3200000",14.9777708053589,940.436645507812,377.755645751953
"CRS3035RES20000mN3500000E3220000",15.0512466430664,924.22802734375,379.234680175781
"CRS3035RES20000mN3500000E3240000",15.1352005004883,876.75439453125,368.852600097656
"CRS3035RES20000mN3500000E3260000",14.864631652832,859.472351074219,325.785339355469
"CRS3035RES20000mN3500000E3460000",15.1853876113892,1142.51586914062,378.701904296875
"CRS3035RES20000mN3500000E3480000",14.6048545837402,1451.84289550781,399.587249755859
"CRS3035RES20000mN3500000E3500000",13.685941696167,1542.48681640625,409.572906494141
"CRS3035RES20000mN3500000E3520000",13.1068439483643,1571.63903808594,412.598846435547
"CRS3035RES20000mN3500000E3540000",13.2643013000488,1301.91760253906,413.820220947266
"CRS3035RES20000mN3500000E3560000",14.884033203125,845.18896484375,426.269866943359
"CRS3035RES20000mN3500000E3580000",14.9688138961792,725.956848144531,427.782379150391
"CRS3035RES20000mN3500000E3600000",14.8987703323364,702.657836914062,424.500183105469
"CRS3035RES20000mN3500000E3620000",14.5497703552246,743.088073730469,400.764923095703
"CRS3035RES20000mN3500000E3640000",14.8148813247681,690.783813476562,380.780181884766
"CRS3035RES20000mN3500000E4200000",16.1156234741211,780.614196777344,513.097045898438
"CRS3035RES20000mN3500000E4220000",16.0378360748291,808.154724121094,533.094787597656
"CRS3035RES20000mN3500000E4240000",16.0026073455811,842.071105957031,554.69482421875
"CRS3035RES20000mN3500000E4260000",15.9573421478271,890.23046875,565.208251953125
"CRS3035RES20000mN3500000E4280000",15.9877738952637,886.804748535156,570.353759765625
"CRS3035RES20000mN3500000E4300000",16.2158660888672,796.309387207031,571.947509765625
"CRS3035RES20000mN3500000E4320000",16.4874362945557,723.050659179688,569.346557617188
"CRS3035RES20000mN3500000E4360000",16.5432758331299,633.392517089844,562.429992675781
"CRS3035RES20000mN3500000E4380000",16.5898170471191,610.211303710938,567.805114746094
"CRS3035RES20000mN3500000E4400000",16.6391353607178,618.48974609375,573.35546875
"CRS3035RES20000mN3500000E4420000",16.7856674194336,620.674194335938,584.357727050781
"CRS3035RES20000mN3500000E4520000",16.5035934448242,613.290283203125,577.588134765625
"CRS3035RES20000mN3500000E4540000",16.5375709533691,640.848571777344,577.32373046875
"CRS3035RES20000mN3520000E3000000",14.6210536956787,1722.63525390625,282.647705078125
"CRS3035RES20000mN3520000E3020000",14.5737266540527,1842.97009277344,317.365478515625
"CRS3035RES20000mN3520000E3040000",14.3129281997681,1740.86206054688,345.497375488281
"CRS3035RES20000mN3520000E3060000",14.6555366516113,1290.1630859375,351.353302001953
"CRS3035RES20000mN3520000E3080000",14.5172119140625,1224.53564453125,356.306365966797
"CRS3035RES20000mN3520000E3100000",14.5380382537842,1147.34680175781,362.037170410156
"CRS3035RES20000mN3520000E3120000",14.716968536377,1094.87475585938,367.613861083984
"CRS3035RES20000mN3520000E3140000",14.8701963424683,991.88330078125,371.560913085938
"CRS3035RES20000mN3520000E3160000",14.7503643035889,1011.53173828125,373.768463134766
"CRS3035RES20000mN3520000E3180000",14.6549644470215,1026.73461914062,372.923889160156
"CRS3035RES20000mN3520000E3200000",14.7317304611206,1044.14733886719,375.693450927734
"CRS3035RES20000mN3520000E3220000",14.9919128417969,980.854064941406,379.368011474609
"CRS3035RES20000mN3520000E3240000",15.056957244873,982.067138671875,372.935760498047
"CRS3035RES20000mN3520000E3260000",14.9004344940186,947.583374023438,337.205749511719
"CRS3035RES20000mN3520000E3360000",14.2319841384888,952.274597167969,289.649993896484
"CRS3035RES20000mN3520000E3440000",15.005485534668,1132.18640136719,364.228729248047
"CRS3035RES20000mN3520000E3460000",14.8127279281616,1381.22351074219,385.309936523438
"CRS3035RES20000mN3520000E3480000",14.7284479141235,1522.26965332031,406.160430908203
"CRS3035RES20000mN3520000E3500000",13.5089702606201,1767.48583984375,411.111358642578
"CRS3035RES20000mN3520000E3520000",12.5568361282349,1551.142578125,410.654998779297
"CRS3035RES20000mN3520000E3540000",13.4394941329956,1171.8369140625,415.362365722656
"CRS3035RES20000mN3520000E3560000",14.8670024871826,823.501037597656,426.124664306641
"CRS3035RES20000mN3520000E3580000",14.3871784210205,792.30419921875,414.152008056641
"CRS3035RES20000mN3520000E3600000",13.6426248550415,791.297973632812,396.774688720703
"CRS3035RES20000mN3520000E3620000",13.8526000976562,769.074096679688,371.501129150391
"CRS3035RES20000mN3520000E3640000",14.6742839813232,695.951477050781,359.380645751953
"CRS3035RES20000mN3520000E4200000",16.0468597412109,772.069763183594,512.807739257812
"CRS3035RES20000mN3520000E4220000",15.9745559692383,817.560119628906,531.775329589844
"CRS3035RES20000mN3520000E4240000",15.915002822876,865.298217773438,551.646484375
"CRS3035RES20000mN3520000E4260000",15.8813619613647,913.517395019531,563.739074707031
"CRS3035RES20000mN3520000E4280000",16.032283782959,855.502075195312,570.595397949219
"CRS3035RES20000mN3520000E4300000",16.3384475708008,749.690124511719,573.533264160156
"CRS3035RES20000mN3520000E4320000",16.4228439331055,708.044860839844,568.232116699219
"CRS3035RES20000mN3520000E4340000",16.3801498413086,639.210510253906,562.877380371094
"CRS3035RES20000mN3520000E4360000",16.4104652404785,602.835266113281,561.834655761719
"CRS3035RES20000mN3520000E4380000",16.4702472686768,598.624572753906,564.44580078125
"CRS3035RES20000mN3520000E4400000",16.5349235534668,619.972229003906,570.560913085938
"CRS3035RES20000mN3520000E4420000",16.6616477966309,634.810546875,581.226440429688
"CRS3035RES20000mN3520000E4440000",16.4339981079102,640.646850585938,573.527160644531
"CRS3035RES20000mN3520000E4460000",16.3251914978027,618.083557128906,566.865051269531
"CRS3035RES20000mN3540000E3000000",14.3762521743774,1709.34106445312,290.290802001953
"CRS3035RES20000mN3540000E3020000",13.8978290557861,2108.46606445312,325.084411621094
"CRS3035RES20000mN3540000E3040000",14.2222452163696,1845.20178222656,348.499237060547
"CRS3035RES20000mN3540000E3060000",14.4787549972534,1456.78466796875,350.538635253906
"CRS3035RES20000mN3540000E3080000",14.4010524749756,1283.14990234375,355.6044921875
"CRS3035RES20000mN3540000E3100000",14.4017906188965,1223.34460449219,362.509033203125
"CRS3035RES20000mN3540000E3120000",14.5589151382446,1167.23291015625,366.390533447266
"CRS3035RES20000mN3540000E3140000",14.7442541122437,1111.88037109375,369.919464111328
"CRS3035RES20000mN3540000E3160000",14.6178598403931,1125.13208007812,374.381927490234
"CRS3035RES20000mN3540000E3180000",14.5974702835083,1079.53039550781,372.678955078125
"CRS3035RES20000mN3540000E3200000",14.4198970794678,1109.14819335938,372.424194335938
"CRS3035RES20000mN3540000E3220000",14.6987552642822,1050.16271972656,377.006164550781
"CRS3035RES20000mN3540000E3240000",15.0451469421387,989.956237792969,373.408508300781
"CRS3035RES20000mN3540000E3260000",14.6582899093628,1092.43566894531,348.259063720703
"CRS3035RES20000mN3540000E3280000",14.3195571899414,1176.65539550781,306.968200683594
"CRS3035RES20000mN3540000E3360000",13.725004196167,1019.28308105469,288.42724609375
"CRS3035RES20000mN3540000E3380000",13.9204263687134,1054.2587890625,304.531372070312
"CRS3035RES20000mN3540000E3440000",14.6955413818359,1302.54577636719,369.687316894531
"CRS3035RES20000mN3540000E3460000",13.6868476867676,1761.77465820312,390.027160644531
"CRS3035RES20000mN3540000E3480000",13.7937488555908,1834.67956542969,405.414184570312
"CRS3035RES20000mN3540000E3500000",13.2284393310547,1776.15673828125,413.067352294922
"CRS3035RES20000mN3540000E3520000",12.6480989456177,1521.79235839844,412.962829589844
"CRS3035RES20000mN3540000E3540000",13.3017768859863,1180.78601074219,414.696655273438
"CRS3035RES20000mN3540000E3560000",14.7386112213135,828.458435058594,423.535400390625
"CRS3035RES20000mN3540000E3580000",14.9240465164185,688.963562011719,410.083282470703
"CRS3035RES20000mN3540000E3600000",14.3555908203125,706.016052246094,381.105041503906
"CRS3035RES20000mN3540000E3620000",14.4642477035522,676.048095703125,356.480987548828
"CRS3035RES20000mN3540000E4200000",15.9905700683594,767.783386230469,513.286437988281
"CRS3035RES20000mN3540000E4220000",15.9110374450684,820.091369628906,531.9501953125
"CRS3035RES20000mN3540000E4240000",15.82337474823,876.376770019531,549.948791503906
"CRS3035RES20000mN3540000E4260000",15.7964820861816,934.771728515625,561.983459472656
"CRS3035RES20000mN3540000E4280000",16.0274562835693,841.373168945312,568.743713378906
"CRS3035RES20000mN3540000E4300000",16.3207721710205,750.798950195312,570.368957519531
"CRS3035RES20000mN3540000E4320000",16.3332462310791,702.524780273438,569.233337402344
"CRS3035RES20000mN3540000E4340000",16.2162055969238,683.877746582031,566.566650390625
"CRS3035RES20000mN3540000E4360000",16.3834743499756,627.697265625,570.487854003906
"CRS3035RES20000mN3540000E4380000",16.446403503418,598.460021972656,566.963500976562
"CRS3035RES20000mN3540000E4420000",16.5440502166748,639.960571289062,581.960815429688
"CRS3035RES20000mN3540000E4440000",16.3182888031006,662.560180664062,577.841735839844
"CRS3035RES20000mN3540000E4460000",16.2651805877686,627.064025878906,572.247314453125
"CRS3035RES20000mN3540000E4480000",16.2002372741699,610.066711425781,564.2275390625
"CRS3035RES20000mN3540000E4620000",16.440767288208,597.670776367188,565.30029296875
"CRS3035RES20000mN3540000E4640000",16.4622898101807,626.93896484375,565.391784667969
"CRS3035RES20000mN3560000E3000000",14.2823934555054,1618.54821777344,282.438812255859
"CRS3035RES20000mN3560000E3020000",13.6071166992188,2022.23034667969,311.914154052734
"CRS3035RES20000mN3560000E3040000",13.6605730056763,1949.30859375,340.072418212891
"CRS3035RES20000mN3560000E3060000",14.3510303497314,1521.23571777344,347.105010986328
"CRS3035RES20000mN3560000E3080000",14.2502403259277,1398.71423339844,356.453979492188
"CRS3035RES20000mN3560000E3100000",14.3130340576172,1275.63500976562,363.445770263672
"CRS3035RES20000mN3560000E3120000",14.3878049850464,1254.79077148438,367.193420410156
"CRS3035RES20000mN3560000E3140000",14.6061506271362,1229.67517089844,370.205657958984
"CRS3035RES20000mN3560000E3160000",14.5753231048584,1245.82653808594,373.745819091797
"CRS3035RES20000mN3560000E3180000",14.5530939102173,1121.91369628906,371.550903320312
"CRS3035RES20000mN3560000E3200000",14.413890838623,1073.6103515625,370.033996582031
"CRS3035RES20000mN3560000E3220000",14.3910531997681,1059.64770507812,374.027099609375
"CRS3035RES20000mN3560000E3240000",14.327748298645,1100.06103515625,372.127166748047
"CRS3035RES20000mN3560000E3260000",14.257999420166,1140.44226074219,362.165832519531
"CRS3035RES20000mN3560000E3280000",13.7976865768433,1262.91528320312,330.278869628906
"CRS3035RES20000mN3560000E3300000",14.4825773239136,1008.23138427734,313.913513183594
"CRS3035RES20000mN3560000E3360000",14.081470489502,958.168640136719,288.261535644531
"CRS3035RES20000mN3560000E3380000",14.2912569046021,975.398193359375,304.573822021484
"CRS3035RES20000mN3560000E3440000",14.264102935791,1526.30725097656,371.602233886719
"CRS3035RES20000mN3560000E3460000",13.0376920700073,1785.14807128906,392.546630859375
"CRS3035RES20000mN3560000E3480000",12.9280567169189,1844.05090332031,402.217254638672
"CRS3035RES20000mN3560000E3500000",13.7470541000366,1548.52880859375,415.085510253906
"CRS3035RES20000mN3560000E3520000",12.1286430358887,1682.31359863281,407.272033691406
"CRS3035RES20000mN3560000E3540000",13.1337995529175,1212.2333984375,411.399505615234
"CRS3035RES20000mN3560000E3560000",14.4225492477417,877.920776367188,416.155975341797
"CRS3035RES20000mN3560000E3580000",14.7616348266602,711.314453125,407.760833740234
"CRS3035RES20000mN3560000E3600000",14.7654056549072,673.499572753906,371.818023681641
"CRS3035RES20000mN3560000E4220000",15.8859119415283,832.609252929688,534.806701660156
"CRS3035RES20000mN3560000E4240000",15.7789630889893,893.188415527344,553.074768066406
"CRS3035RES20000mN3560000E4260000",15.75208568573,922.310913085938,561.67578125
"CRS3035RES20000mN3560000E4280000",15.944167137146,839.52685546875,563.304870605469
"CRS3035RES20000mN3560000E4300000",16.2102947235107,763.586608886719,562.710571289062
"CRS3035RES20000mN3560000E4320000",16.0540561676025,743.106811523438,569.163269042969
"CRS3035RES20000mN3560000E4340000",16.0908718109131,697.509887695312,578.593688964844
"CRS3035RES20000mN3560000E4360000",16.4653663635254,633.006958007812,586.844299316406
"CRS3035RES20000mN3560000E4380000",16.4892711639404,608.548828125,575.741821289062
"CRS3035RES20000mN3560000E4400000",16.4045219421387,623.743713378906,578.455322265625
"CRS3035RES20000mN3560000E4420000",16.4398860931396,655.605224609375,595.987243652344
"CRS3035RES20000mN3560000E4440000",16.3019046783447,672.987854003906,593.166564941406
"CRS3035RES20000mN3560000E4460000",16.3982601165771,634.957946777344,584.799621582031
"CRS3035RES20000mN3560000E4600000",16.2944946289062,590.444946289062,560.582397460938
"CRS3035RES20000mN3560000E4620000",15.896276473999,634.596984863281,556.178100585938
"CRS3035RES20000mN3560000E4640000",16.2649440765381,625.469360351562,560.45458984375
"CRS3035RES20000mN3580000E3020000",14.2263383865356,1734.10412597656,293.620880126953
"CRS3035RES20000mN3580000E3040000",14.1539926528931,1602.72216796875,328.684020996094
"CRS3035RES20000mN3580000E3060000",14.1272087097168,1574.38488769531,345.787017822266
"CRS3035RES20000mN3580000E3080000",14.2180023193359,1375.21362304688,353.050628662109
"CRS3035RES20000mN3580000E3100000",14.1981468200684,1301.26330566406,358.553344726562
"CRS3035RES20000mN3580000E3120000",14.2669916152954,1318.37414550781,365.600494384766
"CRS3035RES20000mN3580000E3140000",14.1237640380859,1463.59436035156,369.154022216797
"CRS3035RES20000mN3580000E3160000",13.8924493789673,1580.58435058594,371.766479492188
"CRS3035RES20000mN3580000E3180000",14.4889240264893,1269.32690429688,370.77294921875
"CRS3035RES20000mN3580000E3200000",14.3063011169434,1171.42712402344,369.393951416016
"CRS3035RES20000mN3580000E3220000",14.4614152908325,1045.36706542969,373.26416015625
"CRS3035RES20000mN3580000E3240000",14.4107990264893,1031.87231445312,372.991180419922
"CRS3035RES20000mN3580000E3260000",14.660924911499,981.048095703125,371.264709472656
"CRS3035RES20000mN3580000E3280000",14.0318775177002,1134.12939453125,347.721008300781
"CRS3035RES20000mN3580000E3300000",14.2922372817993,975.536682128906,322.188842773438
"CRS3035RES20000mN3580000E3320000",14.0895795822144,919.22412109375,293.025329589844
"CRS3035RES20000mN3580000E3440000",14.6496171951294,1321.57312011719,372.622406005859
"CRS3035RES20000mN3580000E3460000",14.1354093551636,1525.43103027344,395.643585205078
"CRS3035RES20000mN3580000E3480000",13.6847543716431,1491.74841308594,405.180969238281
"CRS3035RES20000mN3580000E3500000",13.4432764053345,1586.6767578125,408.082672119141
"CRS3035RES20000mN3580000E3520000",12.3274517059326,1562.25549316406,404.934783935547
"CRS3035RES20000mN3580000E3540000",13.1084814071655,1151.46020507812,409.071166992188
"CRS3035RES20000mN3580000E3560000",14.3617372512817,846.177978515625,413.759338378906
"CRS3035RES20000mN3580000E3580000",15.1026153564453,662.162353515625,408.6240234375
"CRS3035RES20000mN3580000E4200000",15.8187561035156,795.163330078125,514.514709472656
"CRS3035RES20000mN3580000E4220000",15.7880182266235,835.265075683594,537.868774414062
"CRS3035RES20000mN3580000E4240000",15.7180242538452,912.920593261719,555.180358886719
"CRS3035RES20000mN3580000E4260000",15.6231460571289,940.065490722656,562.928955078125
"CRS3035RES20000mN3580000E4280000",15.8234262466431,847.21826171875,566.797912597656
"CRS3035RES20000mN3580000E4300000",16.0923480987549,744.299377441406,570.390380859375
"CRS3035RES20000mN3580000E4320000",16.039758682251,700.966857910156,576.816345214844
"CRS3035RES20000mN3580000E4340000",16.4398727416992,648.251525878906,590.610046386719
"CRS3035RES20000mN3580000E4360000",16.5590991973877,637.346374511719,587.151550292969
"CRS3035RES20000mN3580000E4380000",16.4350509643555,621.2158203125,575.567749023438
"CRS3035RES20000mN3580000E4400000",16.1859436035156,656.98583984375,582.629821777344
"CRS3035RES20000mN3580000E4420000",16.2133922576904,674.588500976562,596.583129882812
"CRS3035RES20000mN3580000E4440000",16.2259368896484,676.61572265625,597.948425292969
"CRS3035RES20000mN3580000E4460000",16.3371734619141,641.267578125,585.202941894531
"CRS3035RES20000mN3580000E4500000",16.3745174407959,618.515502929688,587.159118652344
"CRS3035RES20000mN3580000E4520000",16.1329135894775,705.86376953125,587.510681152344
"CRS3035RES20000mN3580000E4540000",16.1077919006348,716.987976074219,585.939514160156
"CRS3035RES20000mN3580000E4560000",16.1262226104736,677.772644042969,580.3056640625
"CRS3035RES20000mN3580000E4580000",16.1187400817871,637.792602539062,566.440246582031
"CRS3035RES20000mN3580000E4620000",16.1713638305664,606.938354492188,558.92724609375
"CRS3035RES20000mN3600000E3000000",14.2981004714966,1628.26892089844,262.789031982422
"CRS3035RES20000mN3600000E3020000",14.202205657959,1687.96166992188,292.738525390625
"CRS3035RES20000mN3600000E3040000",13.6878099441528,1697.72741699219,323.202697753906
"CRS3035RES20000mN3600000E3060000",14.010178565979,1557.00048828125,331.139984130859
"CRS3035RES20000mN3600000E3080000",14.0313301086426,1447.20190429688,331.654693603516
"CRS3035RES20000mN3600000E3100000",13.6688098907471,1454.72912597656,334.597442626953
"CRS3035RES20000mN3600000E3120000",14.3588666915894,1299.38159179688,356.805694580078
"CRS3035RES20000mN3600000E3140000",13.9170265197754,1525.5478515625,364.884521484375
"CRS3035RES20000mN3600000E3160000",13.9525909423828,1570.46911621094,370.151824951172
"CRS3035RES20000mN3600000E3180000",14.3381099700928,1312.16357421875,368.781219482422
"CRS3035RES20000mN3600000E3200000",13.9571847915649,1218.12963867188,368.308288574219
"CRS3035RES20000mN3600000E3220000",14.2350549697876,1146.19213867188,372.839996337891
"CRS3035RES20000mN3600000E3240000",14.753924369812,1029.07653808594,376.237609863281
"CRS3035RES20000mN3600000E3260000",14.9308557510376,960.213256835938,374.862518310547
"CRS3035RES20000mN3600000E3280000",14.2661991119385,1073.91430664062,357.974304199219
"CRS3035RES20000mN3600000E3300000",14.0551013946533,1025.50512695312,321.189453125
"CRS3035RES20000mN3600000E3320000",13.8711795806885,954.698181152344,290.492309570312
"CRS3035RES20000mN3600000E3360000",13.9197816848755,1126.9833984375,293.386383056641
"CRS3035RES20000mN3600000E3380000",14.11412525177,1240.76599121094,321.389739990234
"CRS3035RES20000mN3600000E3400000",14.4267129898071,1295.4501953125,345.045471191406
"CRS3035RES20000mN3600000E3420000",14.3926382064819,1401.25427246094,366.501037597656
"CRS3035RES20000mN3600000E3440000",14.6533250808716,1248.94592285156,381.825286865234
"CRS3035RES20000mN3600000E3460000",14.965799331665,1138.767578125,401.927490234375
"CRS3035RES20000mN3600000E3480000",14.8622016906738,1127.63891601562,410.487457275391
"CRS3035RES20000mN3600000E3500000",14.0961904525757,1410.28601074219,410.209686279297
"CRS3035RES20000mN3600000E3520000",13.5381011962891,1244.61706542969,410.278350830078
"CRS3035RES20000mN3600000E3540000",14.0983848571777,977.540466308594,412.654571533203
"CRS3035RES20000mN3600000E3560000",14.5885047912598,801.809387207031,409.780181884766
"CRS3035RES20000mN1860000E2660000",19.8857650756836,590.4443359375,268.87744140625
"CRS3035RES20000mN3600000E3580000",14.9035739898682,682.216674804688,391.925140380859
"CRS3035RES20000mN3600000E4200000",15.6957406997681,823.260864257812,514.040283203125
"CRS3035RES20000mN3600000E4220000",15.6085519790649,874.879638671875,538.418762207031
"CRS3035RES20000mN3600000E4240000",15.5445947647095,947.350952148438,554.831726074219
"CRS3035RES20000mN3600000E4260000",15.4118213653564,960.523254394531,562.091186523438
"CRS3035RES20000mN3600000E4280000",15.5990076065063,882.898071289062,567.270446777344
"CRS3035RES20000mN3600000E4300000",15.9822273254395,757.871826171875,571.457275390625
"CRS3035RES20000mN3600000E4320000",16.1193714141846,679.786987304688,571.054321289062
"CRS3035RES20000mN3600000E4340000",16.3133201599121,612.414367675781,575.01123046875
"CRS3035RES20000mN1860000E2680000",20.8485889434814,640.925659179688,370.922698974609
"CRS3035RES20000mN3600000E4360000",16.3413524627686,608.904602050781,571.039367675781
"CRS3035RES20000mN3600000E4380000",16.2966442108154,619.649108886719,571.091857910156
"CRS3035RES20000mN3600000E4400000",16.1820316314697,649.806457519531,586.294189453125
"CRS3035RES20000mN3600000E4420000",16.0561065673828,673.86328125,594.476379394531
"CRS3035RES20000mN3600000E4440000",16.0870513916016,677.688049316406,597.363891601562
"CRS3035RES20000mN3600000E4460000",16.3072662353516,661.920166015625,589.684875488281
"CRS3035RES20000mN3600000E4480000",16.4385623931885,632.907165527344,595.629821777344
"CRS3035RES20000mN3600000E4500000",16.5027370452881,651.411193847656,610.653259277344
"CRS3035RES20000mN3600000E4520000",16.1198902130127,729.126403808594,613.467529296875
"CRS3035RES20000mN3600000E4540000",15.9174003601074,761.054748535156,611.415466308594
"CRS3035RES20000mN1860000E2700000",22.2853050231934,557.482543945312,442.961791992188
"CRS3035RES20000mN3600000E4560000",15.8590202331543,727.892517089844,598.951782226562
"CRS3035RES20000mN3600000E4580000",15.8346538543701,687.341125488281,572.361877441406
"CRS3035RES20000mN1860000E2720000",23.1801834106445,563.313537597656,481.041290283203
"CRS3035RES20000mN1860000E2740000",23.3810234069824,633.58837890625,503.346221923828
"CRS3035RES20000mN1860000E2760000",23.5302562713623,677.480346679688,530.522583007812
"CRS3035RES20000mN1860000E2780000",24.325382232666,616.712036132812,556.929077148438
"CRS3035RES20000mN3620000E3020000",14.2868041992188,1585.78979492188,276.822021484375
"CRS3035RES20000mN3620000E3040000",13.976279258728,1678.51330566406,296.41015625
"CRS3035RES20000mN3620000E3060000",13.7991952896118,1655.16882324219,302.570861816406
"CRS3035RES20000mN3620000E3080000",14.2478828430176,1417.68359375,300.306884765625
"CRS3035RES20000mN3620000E3100000",14.3323879241943,1457.40844726562,307.100158691406
"CRS3035RES20000mN3620000E3120000",14.3157520294189,1533.51721191406,338.430694580078
"CRS3035RES20000mN3620000E3140000",14.0623445510864,1519.900390625,358.458374023438
"CRS3035RES20000mN3620000E3160000",14.0702238082886,1523.11730957031,366.543518066406
"CRS3035RES20000mN3620000E3180000",14.0796222686768,1425.80078125,365.558746337891
"CRS3035RES20000mN1860000E2800000",24.954309463501,585.709899902344,574.821533203125
"CRS3035RES20000mN3620000E3200000",14.0683746337891,1234.87646484375,366.000701904297
"CRS3035RES20000mN3620000E3220000",13.7927742004395,1323.37243652344,369.181732177734
"CRS3035RES20000mN3620000E3240000",14.2964105606079,1232.13256835938,374.574340820312
"CRS3035RES20000mN3620000E3260000",14.806544303894,1094.73193359375,375.298767089844
"CRS3035RES20000mN3620000E3280000",14.2763614654541,1168.48046875,360.180572509766
"CRS3035RES20000mN3620000E3300000",13.608775138855,1210.66052246094,319.094421386719
"CRS3035RES20000mN3620000E3340000",13.6256170272827,1165.03930664062,276.998138427734
"CRS3035RES20000mN3620000E3360000",13.6821889877319,1345.91955566406,302.176818847656
"CRS3035RES20000mN3620000E3380000",14.0087308883667,1453.98156738281,345.245574951172
"CRS3035RES20000mN1860000E2820000",24.538932800293,656.738220214844,581.936950683594
"CRS3035RES20000mN3620000E3400000",13.7471370697021,1701.19897460938,370.474395751953
"CRS3035RES20000mN3620000E3420000",14.158390045166,1654.18359375,386.409912109375
"CRS3035RES20000mN3620000E3440000",14.389874458313,1501.48657226562,395.784576416016
"CRS3035RES20000mN3620000E3460000",14.6269845962524,1388.98974609375,407.67333984375
"CRS3035RES20000mN3620000E3480000",14.2283430099487,1467.29174804688,409.524505615234
"CRS3035RES20000mN3620000E3500000",13.675253868103,1479.34350585938,408.344604492188
"CRS3035RES20000mN3620000E3520000",13.3087205886841,1319.3720703125,408.812561035156
"CRS3035RES20000mN3620000E3540000",13.6514053344727,1082.59582519531,408.052398681641
"CRS3035RES20000mN3620000E3560000",14.0225038528442,880.966552734375,395.207336425781
"CRS3035RES20000mN3620000E3580000",14.3165340423584,736.365966796875,359.567291259766
"CRS3035RES20000mN1860000E2840000",23.790470123291,676.1357421875,590.610473632812
"CRS3035RES20000mN3620000E4200000",15.615234375,844.317443847656,511.070678710938
"CRS3035RES20000mN3620000E4220000",15.4242858886719,918.378173828125,535.911499023438
"CRS3035RES20000mN3620000E4240000",15.4549255371094,950.821228027344,554.041870117188
"CRS3035RES20000mN3620000E4260000",15.2633218765259,953.6171875,560.390075683594
"CRS3035RES20000mN3620000E4280000",15.3820734024048,895.453186035156,563.809814453125
"CRS3035RES20000mN3620000E4300000",15.6405544281006,826.08642578125,561.50634765625
"CRS3035RES20000mN3620000E4320000",15.9462604522705,695.245666503906,555.629943847656
"CRS3035RES20000mN3620000E4340000",15.9696626663208,595.44970703125,552.039184570312
"CRS3035RES20000mN3620000E4360000",16.0723171234131,575.189208984375,554.623474121094
"CRS3035RES20000mN3620000E4380000",16.2003078460693,592.493774414062,566.326599121094
"CRS3035RES20000mN1860000E2860000",23.7326164245605,626.945129394531,604.697570800781
"CRS3035RES20000mN3620000E4400000",16.2862071990967,612.44677734375,585.736206054688
"CRS3035RES20000mN3620000E4420000",16.3100814819336,637.668640136719,596.022033691406
"CRS3035RES20000mN3620000E4440000",16.2794361114502,659.984252929688,600.033630371094
"CRS3035RES20000mN3620000E4460000",16.1998748779297,677.366394042969,601.499877929688
"CRS3035RES20000mN3620000E4480000",16.3564376831055,651.658203125,611.040161132812
"CRS3035RES20000mN3620000E4500000",16.3156909942627,683.896301269531,619.491455078125
"CRS3035RES20000mN3620000E4520000",15.9068546295166,770.891235351562,616.041748046875
"CRS3035RES20000mN3620000E4540000",15.5898313522339,783.573181152344,611.486145019531
"CRS3035RES20000mN3620000E4560000",15.3752822875977,780.704406738281,597.888854980469
"CRS3035RES20000mN3620000E4580000",15.7813196182251,695.149597167969,576.030639648438
"CRS3035RES20000mN1860000E2880000",24.5331630706787,512.529968261719,618.474548339844
"CRS3035RES20000mN1860000E2900000",24.9432258605957,451.81787109375,627.208862304688
"CRS3035RES20000mN1860000E2920000",24.5628852844238,472.572235107422,631.278381347656
"CRS3035RES20000mN1860000E2940000",24.7394237518311,441.261260986328,638.445983886719
"CRS3035RES20000mN1860000E2960000",24.6843929290771,459.518646240234,644.636352539062
"CRS3035RES20000mN3640000E3020000",14.1764039993286,1552.49182128906,258.566436767578
"CRS3035RES20000mN3640000E3040000",14.1275815963745,1542.04797363281,268.636505126953
"CRS3035RES20000mN3640000E3120000",14.3119134902954,1608.06567382812,317.462951660156
"CRS3035RES20000mN3640000E3140000",14.3389511108398,1640.927734375,346.590545654297
"CRS3035RES20000mN3640000E3160000",13.8121032714844,1844.40075683594,358.875610351562
"CRS3035RES20000mN3640000E3180000",13.7172050476074,1545.68774414062,358.644622802734
"CRS3035RES20000mN3640000E3200000",13.9890871047974,1291.279296875,363.541259765625
"CRS3035RES20000mN3640000E3220000",13.3596649169922,1404.4306640625,361.100524902344
"CRS3035RES20000mN3640000E3240000",13.4594459533691,1395.67126464844,361.765106201172
"CRS3035RES20000mN1860000E2980000",24.9232501983643,499.001037597656,656.367309570312
"CRS3035RES20000mN3640000E3260000",14.348051071167,1202.00964355469,361.971160888672
"CRS3035RES20000mN3640000E3280000",13.8306427001953,1309.6044921875,350.028198242188
"CRS3035RES20000mN3640000E3300000",13.644642829895,1267.44201660156,322.08447265625
"CRS3035RES20000mN3640000E3340000",13.5854148864746,1247.7685546875,275.952789306641
"CRS3035RES20000mN3640000E3360000",13.4294290542603,1454.03271484375,306.520935058594
"CRS3035RES20000mN3640000E3380000",13.545446395874,1547.08203125,352.999114990234
"CRS3035RES20000mN3640000E3400000",12.8350696563721,1828.486328125,378.055603027344
"CRS3035RES20000mN3640000E3420000",13.4181261062622,1914.80920410156,393.628784179688
"CRS3035RES20000mN3640000E3440000",13.7620258331299,1681.79919433594,400.278900146484
"CRS3035RES20000mN3640000E3460000",13.6414356231689,1697.60485839844,406.502349853516
"CRS3035RES20000mN1860000E3000000",25.5938282012939,511.954406738281,673.828857421875
"CRS3035RES20000mN3640000E3480000",13.1645183563232,1739.72082519531,407.172546386719
"CRS3035RES20000mN3640000E3500000",13.1791944503784,1449.32788085938,407.690521240234
"CRS3035RES20000mN3640000E3520000",13.1026754379272,1302.60754394531,411.078918457031
"CRS3035RES20000mN3640000E3540000",13.1117134094238,1151.01379394531,408.589813232422
"CRS3035RES20000mN3640000E3560000",13.9180612564087,893.943298339844,393.923980712891
"CRS3035RES20000mN3640000E3580000",14.0891895294189,754.076721191406,350.140075683594
"CRS3035RES20000mN3640000E4200000",15.5548553466797,847.536315917969,504.505615234375
"CRS3035RES20000mN3640000E4220000",15.4176483154297,921.135559082031,533.251098632812
"CRS3035RES20000mN3640000E4240000",15.4386558532715,956.216064453125,553.663208007812
"CRS3035RES20000mN3640000E4260000",15.3170490264893,935.825134277344,560.877807617188
"CRS3035RES20000mN1860000E3020000",25.7362251281738,559.675903320312,688.407043457031
"CRS3035RES20000mN3640000E4280000",15.2522029876709,889.835266113281,563.407592773438
"CRS3035RES20000mN3640000E4300000",15.5679321289062,809.019592285156,565.504333496094
"CRS3035RES20000mN3640000E4320000",15.7561407089233,718.117004394531,560.878479003906
"CRS3035RES20000mN3640000E4340000",15.949273109436,612.806335449219,554.869323730469
"CRS3035RES20000mN3640000E4360000",16.0197982788086,580.830932617188,552.82666015625
"CRS3035RES20000mN3640000E4400000",16.29221534729,589.530029296875,573.934326171875
"CRS3035RES20000mN3640000E4420000",16.3721599578857,631.237548828125,583.698364257812
"CRS3035RES20000mN3640000E4440000",16.3724174499512,681.632629394531,591.59765625
"CRS3035RES20000mN3640000E4460000",16.2272930145264,694.773986816406,603.526611328125
"CRS3035RES20000mN1860000E3040000",25.3047695159912,632.244934082031,695.194702148438
"CRS3035RES20000mN3640000E4480000",16.2268753051758,668.387329101562,614.627380371094
"CRS3035RES20000mN3640000E4500000",15.7931528091431,775.826232910156,614.220825195312
"CRS3035RES20000mN3640000E4520000",15.4922294616699,836.853088378906,611.845947265625
"CRS3035RES20000mN3640000E4540000",15.3043928146362,808.031860351562,611.523132324219
"CRS3035RES20000mN3640000E4560000",15.4106311798096,761.187377929688,604.171691894531
"CRS3035RES20000mN3640000E4580000",15.8910627365112,678.942504882812,589.018920898438
"CRS3035RES20000mN1860000E3060000",25.2551250457764,530.507995605469,702.479736328125
"CRS3035RES20000mN1860000E3080000",25.1943950653076,476.774993896484,705.794372558594
"CRS3035RES20000mN1860000E3100000",25.5038890838623,435.055786132812,714.830688476562
"CRS3035RES20000mN1860000E3120000",25.3752536773682,414.5498046875,715.291442871094
"CRS3035RES20000mN3660000E3120000",13.9637012481689,1780.50231933594,298.420349121094
"CRS3035RES20000mN3660000E3140000",13.8529291152954,1755.44409179688,323.08837890625
"CRS3035RES20000mN3660000E3160000",13.2604551315308,1997.62683105469,340.942626953125
"CRS3035RES20000mN3660000E3180000",13.7179613113403,1672.53491210938,348.955505371094
"CRS3035RES20000mN3660000E3200000",14.2963752746582,1215.39794921875,360.597015380859
"CRS3035RES20000mN1860000E3140000",25.1933460235596,403.818328857422,714.242370605469
"CRS3035RES20000mN3660000E3220000",13.9367599487305,1247.7001953125,352.586669921875
"CRS3035RES20000mN3660000E3240000",13.5458755493164,1265.36108398438,335.625762939453
"CRS3035RES20000mN3660000E3260000",13.829213142395,1178.22058105469,326.709411621094
"CRS3035RES20000mN3660000E3280000",13.1339902877808,1442.34631347656,313.161376953125
"CRS3035RES20000mN3660000E3300000",13.4867238998413,1288.14001464844,296.784088134766
"CRS3035RES20000mN3660000E3360000",13.8611612319946,1312.43933105469,301.029571533203
"CRS3035RES20000mN3660000E3380000",13.6251335144043,1555.54077148438,338.665802001953
"CRS3035RES20000mN3660000E3400000",13.0802946090698,1633.67163085938,367.856414794922
"CRS3035RES20000mN1860000E3160000",24.9267139434814,417.078765869141,709.045837402344
"CRS3035RES20000mN3660000E3420000",12.5980529785156,1751.92053222656,385.103698730469
"CRS3035RES20000mN3660000E3440000",12.7154970169067,1669.60290527344,392.523986816406
"CRS3035RES20000mN3660000E3460000",12.5384254455566,1640.07043457031,399.730865478516
"CRS3035RES20000mN3660000E3480000",12.3034019470215,1642.89819335938,402.912475585938
"CRS3035RES20000mN3660000E3500000",13.3506288528442,1285.96923828125,409.762573242188
"CRS3035RES20000mN3660000E3520000",14.1185846328735,1014.25335693359,417.831176757812
"CRS3035RES20000mN3660000E3540000",13.7205944061279,1031.54895019531,407.533233642578
"CRS3035RES20000mN3660000E3560000",13.9217338562012,849.381652832031,381.019287109375
"CRS3035RES20000mN3660000E3580000",14.0672197341919,715.954345703125,339.965209960938
"CRS3035RES20000mN3660000E4200000",15.4830589294434,868.986267089844,498.844421386719
"CRS3035RES20000mN1860000E3180000",24.6406021118164,417.361053466797,707.097473144531
"CRS3035RES20000mN3660000E4220000",15.2468366622925,967.736694335938,530.050231933594
"CRS3035RES20000mN3660000E4240000",15.3579149246216,965.575988769531,552.535095214844
"CRS3035RES20000mN3660000E4260000",15.2932300567627,920.666320800781,560.462219238281
"CRS3035RES20000mN3660000E4280000",15.3247232437134,853.532287597656,565.194885253906
"CRS3035RES20000mN3660000E4300000",15.497540473938,793.721740722656,567.726196289062
"CRS3035RES20000mN3660000E4320000",15.7264842987061,718.319702148438,568.157287597656
"CRS3035RES20000mN3660000E4340000",15.9576463699341,649.393798828125,562.840148925781
"CRS3035RES20000mN3660000E4360000",16.0381317138672,624.098266601562,557.297241210938
"CRS3035RES20000mN3660000E4440000",16.3691883087158,670.716125488281,582.779357910156
"CRS3035RES20000mN1860000E3200000",24.2172355651855,430.345916748047,704.2890625
"CRS3035RES20000mN3660000E4460000",16.3583202362061,688.542724609375,598.828369140625
"CRS3035RES20000mN3660000E4480000",16.0837745666504,710.561950683594,608.748107910156
"CRS3035RES20000mN3660000E4500000",15.6132354736328,829.047790527344,614.583679199219
"CRS3035RES20000mN3660000E4520000",15.4030342102051,893.439819335938,616.401123046875
"CRS3035RES20000mN3660000E4540000",15.3324041366577,836.405944824219,618.613830566406
"CRS3035RES20000mN3660000E4560000",15.7141284942627,736.950378417969,618.722412109375
"CRS3035RES20000mN3660000E4580000",15.8968563079834,660.401977539062,607.971069335938
"CRS3035RES20000mN3660000E4600000",15.7175273895264,640.268676757812,586.00732421875
"CRS3035RES20000mN1860000E3220000",24.0352058410645,438.676849365234,699.915832519531
"CRS3035RES20000mN1860000E3240000",24.0537509918213,448.108917236328,693.144226074219
"CRS3035RES20000mN1860000E3260000",24.3919792175293,416.910827636719,690.50830078125
"CRS3035RES20000mN1860000E3280000",24.5170879364014,401.142120361328,690.789978027344
"CRS3035RES20000mN3680000E3140000",14.0385799407959,1791.90173339844,283.689880371094
"CRS3035RES20000mN1860000E3300000",24.608491897583,392.907806396484,689.856201171875
"CRS3035RES20000mN3680000E3160000",13.3736553192139,2011.18786621094,306.445495605469
"CRS3035RES20000mN3680000E3180000",13.5480308532715,1643.49462890625,325.490173339844
"CRS3035RES20000mN3680000E3200000",14.2469520568848,1250.16870117188,341.617065429688
"CRS3035RES20000mN3680000E3220000",13.7240571975708,1261.92016601562,329.410461425781
"CRS3035RES20000mN3680000E3240000",13.54283618927,1235.11218261719,296.532623291016
"CRS3035RES20000mN3680000E3260000",13.5345678329468,1214.47009277344,277.268737792969
"CRS3035RES20000mN3680000E3280000",13.2987842559814,1327.36987304688,268.197662353516
"CRS3035RES20000mN3680000E3300000",13.3047122955322,1282.05578613281,265.251403808594
"CRS3035RES20000mN3680000E3320000",13.0282907485962,1343.74389648438,265.235504150391
"CRS3035RES20000mN3680000E3340000",13.3909692764282,1294.47863769531,274.238037109375
"CRS3035RES20000mN1860000E3320000",24.1255855560303,429.689727783203,672.339111328125
"CRS3035RES20000mN3680000E3360000",13.5381231307983,1434.8857421875,292.533355712891
"CRS3035RES20000mN3680000E3380000",13.8393220901489,1348.28356933594,319.694519042969
"CRS3035RES20000mN3680000E3400000",13.8516473770142,1420.46276855469,351.651672363281
"CRS3035RES20000mN3680000E3420000",13.3071928024292,1479.4296875,376.128997802734
"CRS3035RES20000mN3680000E3440000",12.9424076080322,1419.77709960938,387.479858398438
"CRS3035RES20000mN3680000E3460000",12.9684209823608,1401.11218261719,398.297424316406
"CRS3035RES20000mN3680000E3480000",12.7860898971558,1281.87158203125,401.067749023438
"CRS3035RES20000mN3680000E3500000",13.0055532455444,1111.1396484375,400.639038085938
"CRS3035RES20000mN3680000E3520000",13.7757139205933,954.249633789062,401.674713134766
"CRS3035RES20000mN3680000E3540000",14.0953464508057,876.535217285156,384.553558349609
"CRS3035RES20000mN1860000E3340000",23.6357421875,453.161743164062,638.611389160156
"CRS3035RES20000mN3680000E3560000",13.9007425308228,786.318603515625,349.672332763672
"CRS3035RES20000mN3680000E4200000",15.4391403198242,896.003540039062,497.850067138672
"CRS3035RES20000mN3680000E4220000",15.3786821365356,948.130187988281,533.758728027344
"CRS3035RES20000mN3680000E4240000",15.4577789306641,917.083862304688,553.058837890625
"CRS3035RES20000mN3680000E4260000",15.3907470703125,879.423095703125,560.701416015625
"CRS3035RES20000mN3680000E4280000",15.4798536300659,819.306213378906,566.496765136719
"CRS3035RES20000mN3680000E4300000",15.5361738204956,778.808044433594,568.884826660156
"CRS3035RES20000mN3680000E4320000",15.6215124130249,738.63427734375,567.557861328125
"CRS3035RES20000mN3680000E4340000",15.8340082168579,700.399536132812,563.375
"CRS3035RES20000mN1860000E3360000",22.7917022705078,501.176696777344,598.0732421875
"CRS3035RES20000mN3680000E4360000",15.9600734710693,661.715942382812,558.534790039062
"CRS3035RES20000mN3680000E4460000",16.334020614624,713.156005859375,592.198486328125
"CRS3035RES20000mN3680000E4480000",16.1214733123779,759.206909179688,606.068542480469
"CRS3035RES20000mN3680000E4500000",15.4821186065674,934.786376953125,618.484680175781
"CRS3035RES20000mN3680000E4520000",15.2311134338379,980.443542480469,623.20849609375
"CRS3035RES20000mN3680000E4540000",15.3843545913696,866.071716308594,627.441772460938
"CRS3035RES20000mN3680000E4560000",15.6934070587158,782.16259765625,631.81005859375
"CRS3035RES20000mN3680000E4580000",15.5470657348633,752.380676269531,623.562316894531
"CRS3035RES20000mN3680000E4600000",15.6197280883789,684.032958984375,608.776489257812
"CRS3035RES20000mN1860000E3380000",23.336742401123,555.685180664062,573.845581054688
"CRS3035RES20000mN3680000E4620000",15.7668390274048,656.58349609375,604.232116699219
"CRS3035RES20000mN3680000E4640000",15.7918930053711,642.07421875,600.6787109375
"CRS3035RES20000mN3680000E4660000",15.748010635376,617.913391113281,596.947692871094
"CRS3035RES20000mN3680000E4680000",15.6995782852173,593.222412109375,586.812866210938
"CRS3035RES20000mN3680000E4720000",15.8642587661743,492.898284912109,569.129333496094
"CRS3035RES20000mN1860000E3400000",24.7612056732178,567.572998046875,558.483520507812
"CRS3035RES20000mN1860000E3420000",25.2423057556152,541.170349121094,534.408325195312
"CRS3035RES20000mN1860000E3660000",23.7247676849365,614.753967285156,466.878662109375
"CRS3035RES20000mN3700000E3160000",13.984112739563,1555.09448242188,275.196166992188
"CRS3035RES20000mN3700000E3180000",13.9578685760498,1537.2734375,287.397796630859
"CRS3035RES20000mN3700000E3200000",14.2366352081299,1326.8837890625,304.849884033203
"CRS3035RES20000mN3700000E3220000",13.9343814849854,1270.4765625,300.625030517578
"CRS3035RES20000mN3700000E3240000",13.6678628921509,1241.03918457031,273.614105224609
"CRS3035RES20000mN3700000E3320000",13.2085475921631,1362.03820800781,263.705169677734
"CRS3035RES20000mN3700000E3340000",12.8567533493042,1569.16564941406,274.660247802734
"CRS3035RES20000mN3700000E3360000",12.6927709579468,1842.66650390625,293.714660644531
"CRS3035RES20000mN1860000E3680000",24.1777801513672,648.147033691406,519.737609863281
"CRS3035RES20000mN3700000E3380000",13.9656925201416,1460.2119140625,326.479644775391
"CRS3035RES20000mN3700000E3400000",14.1240358352661,1525.03540039062,361.122314453125
"CRS3035RES20000mN3700000E3420000",13.6259899139404,1543.708984375,381.071990966797
"CRS3035RES20000mN3700000E3440000",13.9243021011353,1216.40222167969,392.044464111328
"CRS3035RES20000mN3700000E3460000",13.4331521987915,1175.58544921875,396.684478759766
"CRS3035RES20000mN3700000E3480000",13.2275123596191,1137.72912597656,394.974365234375
"CRS3035RES20000mN3700000E3500000",13.4316730499268,995.199035644531,386.517150878906
"CRS3035RES20000mN3700000E3520000",12.9165029525757,902.239990234375,370.055480957031
"CRS3035RES20000mN3700000E3540000",13.2681550979614,817.951049804688,349.997894287109
"CRS3035RES20000mN3700000E3560000",13.7431631088257,729.658630371094,327.756805419922
"CRS3035RES20000mN1860000E3700000",24.8957824707031,644.025268554688,544.297119140625
"CRS3035RES20000mN3700000E4200000",15.4059114456177,892.277465820312,501.034942626953
"CRS3035RES20000mN3700000E4220000",15.5968055725098,897.201782226562,542.26318359375
"CRS3035RES20000mN3700000E4240000",15.6193475723267,855.370788574219,552.609375
"CRS3035RES20000mN3700000E4260000",15.5909051895142,820.967224121094,559.14453125
"CRS3035RES20000mN3700000E4280000",15.6099090576172,803.544738769531,565.37451171875
"CRS3035RES20000mN3700000E4300000",15.665753364563,763.387390136719,570.343688964844
"CRS3035RES20000mN3700000E4320000",15.6958608627319,736.290344238281,562.097229003906
"CRS3035RES20000mN3700000E4340000",15.8092918395996,720.3310546875,554.074340820312
"CRS3035RES20000mN3700000E4360000",15.940710067749,676.154602050781,552.321044921875
"CRS3035RES20000mN1860000E3720000",24.8302440643311,591.803649902344,524.725524902344
"CRS3035RES20000mN3700000E4480000",16.0738906860352,840.036193847656,612.024230957031
"CRS3035RES20000mN3700000E4500000",15.7153358459473,940.68994140625,627.877075195312
"CRS3035RES20000mN3700000E4520000",15.3095588684082,1007.55706787109,630.648681640625
"CRS3035RES20000mN3700000E4540000",15.2464447021484,913.016845703125,630.890075683594
"CRS3035RES20000mN3700000E4560000",15.3753080368042,830.03271484375,633.843505859375
"CRS3035RES20000mN3700000E4580000",15.3301448822021,797.097412109375,633.504028320312
"CRS3035RES20000mN3700000E4600000",15.3651189804077,756.48828125,628.928161621094
"CRS3035RES20000mN3700000E4620000",15.5350151062012,717.038024902344,628.129638671875
"CRS3035RES20000mN3700000E4640000",15.6386184692383,712.251159667969,626.766418457031
"CRS3035RES20000mN1860000E3740000",24.0895195007324,589.999816894531,479.403137207031
"CRS3035RES20000mN3700000E4660000",15.6274356842041,686.884338378906,622.339172363281
"CRS3035RES20000mN3700000E4680000",15.8749885559082,615.116516113281,611.589599609375
"CRS3035RES20000mN3700000E4700000",15.8136501312256,541.005554199219,593.468688964844
"CRS3035RES20000mN3700000E4720000",15.8283729553223,507.157562255859,579.324768066406
"CRS3035RES20000mN1860000E3820000",23.9241523742676,521.998718261719,438.865478515625
"CRS3035RES20000mN3720000E3280000",13.587571144104,1337.9111328125,266.594635009766
"CRS3035RES20000mN3720000E3300000",13.5964069366455,1428.00720214844,285.719512939453
"CRS3035RES20000mN3720000E3320000",13.43186378479,1423.11779785156,274.8056640625
"CRS3035RES20000mN3720000E3340000",12.9251546859741,1738.69274902344,279.013885498047
"CRS3035RES20000mN3720000E3360000",13.2928800582886,1786.06408691406,302.703735351562
"CRS3035RES20000mN3720000E3380000",13.9692230224609,1763.20349121094,345.466979980469
"CRS3035RES20000mN3720000E3400000",13.8175172805786,1819.31042480469,377.944030761719
"CRS3035RES20000mN3720000E3420000",14.4357881546021,1543.6689453125,389.677276611328
"CRS3035RES20000mN3720000E3440000",14.1828517913818,1326.52014160156,396.262878417969
"CRS3035RES20000mN1860000E4180000",23.4151630401611,608.182739257812,481.454284667969
"CRS3035RES20000mN3720000E3460000",14.1632814407349,1027.40002441406,396.660858154297
"CRS3035RES20000mN3720000E3480000",14.6230220794678,836.507690429688,393.185882568359
"CRS3035RES20000mN3720000E3500000",14.4416360855103,791.755187988281,378.122924804688
"CRS3035RES20000mN3720000E3520000",13.9575262069702,752.487854003906,353.905487060547
"CRS3035RES20000mN3720000E3540000",13.8329343795776,673.009094238281,331.608673095703
"CRS3035RES20000mN3720000E4200000",15.439266204834,845.446350097656,501.654296875
"CRS3035RES20000mN3720000E4220000",15.7482309341431,834.44921875,540.661315917969
"CRS3035RES20000mN3720000E4240000",15.6221723556519,831.693969726562,543.588073730469
"CRS3035RES20000mN3720000E4260000",15.6261053085327,796.518737792969,544.484069824219
"CRS3035RES20000mN3720000E4280000",15.6444759368896,823.642272949219,560.324768066406
"CRS3035RES20000mN1860000E4200000",23.7342720031738,719.076232910156,546.315795898438
"CRS3035RES20000mN3720000E4300000",15.6032295227051,800.607604980469,566.4150390625
"CRS3035RES20000mN3720000E4320000",15.7326831817627,733.861083984375,558.417724609375
"CRS3035RES20000mN3720000E4340000",15.8490676879883,715.394714355469,545.685546875
"CRS3035RES20000mN3720000E4480000",16.2187805175781,930.315002441406,625.246337890625
"CRS3035RES20000mN3720000E4500000",15.6073579788208,1138.9609375,632.894714355469
"CRS3035RES20000mN3720000E4520000",15.0614414215088,1124.84008789062,631.8251953125
"CRS3035RES20000mN3720000E4540000",15.1409215927124,945.298034667969,634.748352050781
"CRS3035RES20000mN3720000E4560000",15.2858037948608,828.604187011719,639.662292480469
"CRS3035RES20000mN1860000E4220000",23.0983867645264,814.44287109375,590.482055664062
"CRS3035RES20000mN3720000E4580000",15.2536745071411,775.81982421875,641.774475097656
"CRS3035RES20000mN3720000E4600000",15.4357423782349,723.798767089844,645.761169433594
"CRS3035RES20000mN3720000E4620000",15.4893636703491,714.518493652344,646.2001953125
"CRS3035RES20000mN3720000E4640000",15.5663242340088,707.252014160156,645.528686523438
"CRS3035RES20000mN3720000E4660000",15.7583360671997,672.353759765625,645.218933105469
"CRS3035RES20000mN3720000E4680000",16.1406764984131,603.298706054688,636.674438476562
"CRS3035RES20000mN3720000E4700000",16.0618572235107,542.629028320312,612.614929199219
"CRS3035RES20000mN3720000E4720000",15.8488759994507,523.973937988281,588.636474609375
"CRS3035RES20000mN1860000E4240000",20.8420372009277,907.295959472656,598.677368164062
"CRS3035RES20000mN1860000E4260000",19.680456161499,806.602966308594,575.643432617188
"CRS3035RES20000mN1860000E4280000",23.2860774993896,557.476867675781,507.807861328125
"CRS3035RES20000mN1860000E4800000",24.2319889068604,901.205993652344,531.019714355469
"CRS3035RES20000mN3740000E3280000",13.5929908752441,1397.16333007812,271.499114990234
"CRS3035RES20000mN3740000E3300000",13.760199546814,1423.55700683594,294.708648681641
"CRS3035RES20000mN3740000E3320000",13.0743541717529,1552.12329101562,279.192535400391
"CRS3035RES20000mN3740000E3340000",12.9062423706055,1838.095703125,282.473602294922
"CRS3035RES20000mN3740000E3360000",13.3203964233398,2063.4775390625,321.441772460938
"CRS3035RES20000mN3740000E3380000",13.460768699646,2403.56762695312,362.556610107422
"CRS3035RES20000mN3740000E3400000",14.0591697692871,2131.14672851562,390.616638183594
"CRS3035RES20000mN3740000E3420000",13.7893753051758,2029.54467773438,393.861450195312
"CRS3035RES20000mN1860000E4820000",20.6778182983398,1341.63903808594,571.550964355469
"CRS3035RES20000mN3740000E3440000",13.7141218185425,1541.13854980469,400.647674560547
"CRS3035RES20000mN3740000E3460000",14.1883945465088,1149.95971679688,402.764770507812
"CRS3035RES20000mN3740000E3480000",14.1319818496704,1045.0439453125,398.652008056641
"CRS3035RES20000mN3740000E3500000",14.3512239456177,861.325378417969,388.605773925781
"CRS3035RES20000mN3740000E3520000",14.1960039138794,790.718566894531,368.051940917969
"CRS3035RES20000mN3740000E3540000",13.8866834640503,702.109985351562,333.768005371094
"CRS3035RES20000mN3740000E4200000",15.3063659667969,868.216857910156,487.630218505859
"CRS3035RES20000mN3740000E4220000",15.5867395401001,831.496948242188,523.254455566406
"CRS3035RES20000mN3740000E4240000",15.4931707382202,831.378112792969,520.357543945312
"CRS3035RES20000mN3740000E4260000",15.5501127243042,799.239501953125,528.493041992188
"CRS3035RES20000mN1860000E4840000",21.4978313446045,923.8662109375,581.675231933594
"CRS3035RES20000mN3740000E4280000",15.6814775466919,800.209594726562,556.153381347656
"CRS3035RES20000mN3740000E4300000",15.6157999038696,779.474426269531,564.798461914062
"CRS3035RES20000mN3740000E4320000",15.7769060134888,725.976928710938,559.336486816406
"CRS3035RES20000mN3740000E4460000",16.226095199585,878.006530761719,611.676940917969
"CRS3035RES20000mN3740000E4480000",15.8182964324951,1077.16455078125,629.79150390625
"CRS3035RES20000mN3740000E4500000",15.2518444061279,1210.19848632812,634.214599609375
"CRS3035RES20000mN3740000E4520000",15.0414171218872,1097.15625,635.967468261719
"CRS3035RES20000mN3740000E4540000",15.2720403671265,908.445190429688,642.935974121094
"CRS3035RES20000mN3740000E4560000",15.3427886962891,819.4482421875,648.205871582031
"CRS3035RES20000mN1860000E4860000",24.3793067932129,700.7919921875,575.721130371094
"CRS3035RES20000mN3740000E4580000",15.2414970397949,774.841430664062,647.1962890625
"CRS3035RES20000mN3740000E4600000",15.3717908859253,720.009826660156,651.488403320312
"CRS3035RES20000mN3740000E4620000",15.405891418457,710.316711425781,654.922119140625
"CRS3035RES20000mN3740000E4640000",15.3881864547729,689.307861328125,652.10400390625
"CRS3035RES20000mN3740000E4660000",15.5968770980835,671.258728027344,651.605407714844
"CRS3035RES20000mN3740000E4680000",16.1009464263916,598.974853515625,645.717041015625
"CRS3035RES20000mN3740000E4700000",16.228343963623,547.562622070312,624.99365234375
"CRS3035RES20000mN3740000E4720000",15.8500938415527,544.56884765625,597.421447753906
"CRS3035RES20000mN1860000E4880000",25.1787929534912,619.134216308594,560.027770996094
"CRS3035RES20000mN1860000E4900000",25.2059993743896,634.244018554688,546.976257324219
"CRS3035RES20000mN3760000E3320000",13.1461181640625,1597.97204589844,269.041931152344
"CRS3035RES20000mN3760000E3340000",12.990629196167,1966.27331542969,279.028167724609
"CRS3035RES20000mN3760000E3360000",13.2871322631836,2381.90185546875,329.458282470703
"CRS3035RES20000mN3760000E3380000",13.1417875289917,2699.033203125,369.559967041016
"CRS3035RES20000mN3760000E3400000",12.8785381317139,2845.66333007812,393.898071289062
"CRS3035RES20000mN3760000E3420000",12.9337959289551,2524.994140625,398.932922363281
"CRS3035RES20000mN3760000E3440000",13.1406021118164,1992.87634277344,403.922302246094
"CRS3035RES20000mN3760000E3460000",13.7823686599731,1360.52209472656,409.167663574219
"CRS3035RES20000mN3760000E3480000",14.1099395751953,1039.31140136719,410.208770751953
"CRS3035RES20000mN3760000E3500000",14.5449094772339,848.655456542969,405.720703125
"CRS3035RES20000mN3760000E3520000",14.4525547027588,769.854736328125,383.724609375
"CRS3035RES20000mN3760000E3540000",13.8501644134521,715.281127929688,339.615478515625
"CRS3035RES20000mN3760000E4220000",15.3244647979736,859.572143554688,495.492248535156
"CRS3035RES20000mN3760000E4240000",15.3478479385376,858.503784179688,492.371185302734
"CRS3035RES20000mN3760000E4260000",15.5157203674316,809.11376953125,515.326110839844
"CRS3035RES20000mN3760000E4280000",15.8226938247681,771.20458984375,553.033752441406
"CRS3035RES20000mN3760000E4300000",15.8786401748657,750.6796875,567.42138671875
"CRS3035RES20000mN3760000E4320000",15.8344354629517,749.788269042969,561.496765136719
"CRS3035RES20000mN3760000E4340000",15.7346172332764,740.555541992188,539.527404785156
"CRS3035RES20000mN3760000E4440000",16.057409286499,833.073364257812,587.070922851562
"CRS3035RES20000mN3760000E4460000",15.9592866897583,949.299377441406,619.073852539062
"CRS3035RES20000mN3760000E4480000",15.4492340087891,1153.65051269531,631.624938964844
"CRS3035RES20000mN3760000E4500000",15.2465038299561,1175.36022949219,640.057312011719
"CRS3035RES20000mN3760000E4520000",15.1840124130249,1047.33471679688,642.050720214844
"CRS3035RES20000mN3760000E4540000",15.2992897033691,890.844360351562,649.374206542969
"CRS3035RES20000mN3760000E4560000",15.2738304138184,821.750610351562,653.307800292969
"CRS3035RES20000mN3760000E4580000",15.1075859069824,767.216674804688,648.980895996094
"CRS3035RES20000mN3760000E4600000",15.2457466125488,732.888000488281,655.807250976562
"CRS3035RES20000mN3760000E4620000",15.1259031295776,732.961608886719,656.840270996094
"CRS3035RES20000mN3760000E4640000",15.0178823471069,713.061096191406,650.957702636719
"CRS3035RES20000mN3760000E4660000",15.4695606231689,644.979125976562,651.931030273438
"CRS3035RES20000mN3760000E4680000",15.9826602935791,600.707702636719,648.966674804688
"CRS3035RES20000mN3760000E4700000",16.2150573730469,569.176574707031,631.707824707031
"CRS3035RES20000mN3760000E4720000",15.9203824996948,547.254943847656,606.489196777344
"CRS3035RES20000mN3780000E3320000",13.1342506408691,1684.43908691406,266.912231445312
"CRS3035RES20000mN3780000E3360000",13.0499334335327,2611.853515625,328.962921142578
"CRS3035RES20000mN3780000E3380000",13.0713186264038,2812.29565429688,375.013031005859
"CRS3035RES20000mN3780000E3400000",12.2646675109863,3230.21899414062,394.498413085938
"CRS3035RES20000mN3780000E3420000",11.8904151916504,2960.4462890625,401.893615722656
"CRS3035RES20000mN3780000E3440000",12.3800687789917,2064.30590820312,405.584381103516
"CRS3035RES20000mN3780000E3460000",12.2130346298218,1747.02453613281,405.469573974609
"CRS3035RES20000mN3780000E3480000",13.8095359802246,1230.44140625,416.517486572266
"CRS3035RES20000mN3780000E3500000",14.2415180206299,1001.62023925781,418.435485839844
"CRS3035RES20000mN3780000E3520000",13.9888181686401,947.911315917969,402.025970458984
"CRS3035RES20000mN3780000E3540000",13.7035360336304,871.187133789062,358.39990234375
"CRS3035RES20000mN3780000E3560000",13.3661336898804,742.924865722656,316.798187255859
"CRS3035RES20000mN3780000E4240000",15.2785902023315,869.921569824219,476.390014648438
"CRS3035RES20000mN3780000E4260000",15.4458522796631,816.706604003906,503.158355712891
"CRS3035RES20000mN3780000E4280000",15.8081693649292,787.299926757812,543.447692871094
"CRS3035RES20000mN3780000E4300000",15.9719934463501,783.964416503906,564.912780761719
"CRS3035RES20000mN3780000E4320000",15.7325029373169,820.502624511719,557.242858886719
"CRS3035RES20000mN3780000E4340000",15.6384124755859,767.685302734375,536.993713378906
"CRS3035RES20000mN3780000E4360000",15.8088045120239,702.306274414062,541.507202148438
"CRS3035RES20000mN3780000E4380000",15.8796873092651,682.512512207031,547.427368164062
"CRS3035RES20000mN3780000E4440000",16.0161914825439,884.155029296875,595.899780273438
"CRS3035RES20000mN3780000E4460000",15.6465501785278,1024.21081542969,620.735778808594
"CRS3035RES20000mN3780000E4480000",15.2686738967896,1154.99487304688,632.641845703125
"CRS3035RES20000mN3780000E4500000",15.2488193511963,1115.67749023438,643.114013671875
"CRS3035RES20000mN3780000E4520000",15.1955518722534,992.706298828125,644.78857421875
"CRS3035RES20000mN3780000E4540000",15.2193975448608,868.943237304688,651.929931640625
"CRS3035RES20000mN3780000E4560000",15.1256666183472,830.589172363281,654.817504882812
"CRS3035RES20000mN3780000E4580000",14.9082689285278,788.190307617188,650.265441894531
"CRS3035RES20000mN3780000E4600000",14.9968996047974,760.01171875,656.748107910156
"CRS3035RES20000mN3780000E4620000",15.0150852203369,755.393859863281,660.281188964844
"CRS3035RES20000mN3780000E4640000",15.0114488601685,699.772644042969,654.892395019531
"CRS3035RES20000mN3780000E4660000",15.4999103546143,635.926025390625,656.792358398438
"CRS3035RES20000mN3780000E4680000",16.03102684021,594.396423339844,656.380615234375
"CRS3035RES20000mN3780000E4700000",16.2653007507324,567.885620117188,640.744750976562
"CRS3035RES20000mN3780000E4720000",16.0592918395996,536.152221679688,617.113525390625
"CRS3035RES20000mN3780000E4740000",15.9496479034424,514.235290527344,594.392761230469
"CRS3035RES20000mN3780000E4800000",15.9538059234619,539.108764648438,581.22802734375
"CRS3035RES20000mN3780000E4820000",15.9970712661743,567.791564941406,590.261047363281
"CRS3035RES20000mN3800000E3320000",12.9326705932617,1918.93151855469,272.807189941406
"CRS3035RES20000mN3800000E3340000",12.4656085968018,2440.75048828125,300.665161132812
"CRS3035RES20000mN3800000E3360000",13.5897531509399,2224.82568359375,338.350982666016
"CRS3035RES20000mN3800000E3380000",13.1379985809326,2934.20629882812,380.685028076172
"CRS3035RES20000mN3800000E3400000",12.1107015609741,3128.81811523438,396.941528320312
"CRS3035RES20000mN3800000E3420000",11.6714601516724,2704.96069335938,405.652282714844
"CRS3035RES20000mN3800000E3440000",11.5448369979858,2069.5693359375,409.4609375
"CRS3035RES20000mN3800000E3460000",12.5180969238281,1519.27282714844,415.397277832031
"CRS3035RES20000mN3800000E3480000",12.792839050293,1325.57971191406,418.052703857422
"CRS3035RES20000mN3800000E3500000",12.8464879989624,1230.59362792969,418.581085205078
"CRS3035RES20000mN3800000E3520000",13.1461381912231,1182.75891113281,415.713989257812
"CRS3035RES20000mN3800000E3540000",13.715220451355,1009.08581542969,388.024688720703
"CRS3035RES20000mN3800000E3560000",13.3341083526611,887.446411132812,337.971496582031
"CRS3035RES20000mN3800000E4280000",15.5158195495605,836.0224609375,515.066101074219
"CRS3035RES20000mN3800000E4300000",15.7508373260498,790.785461425781,542.710327148438
"CRS3035RES20000mN3800000E4320000",15.6395082473755,820.562255859375,546.832336425781
"CRS3035RES20000mN3800000E4340000",15.5276403427124,778.590881347656,533.9716796875
"CRS3035RES20000mN3800000E4360000",15.790675163269,700.116027832031,539.243896484375
"CRS3035RES20000mN3800000E4380000",15.8488073348999,694.809997558594,548.079040527344
"CRS3035RES20000mN3800000E4420000",16.0894870758057,796.154479980469,587.786010742188
"CRS3035RES20000mN3800000E4440000",15.9766530990601,945.133422851562,611.419616699219
"CRS3035RES20000mN3800000E4460000",15.5632581710815,1057.37658691406,626.764526367188
"CRS3035RES20000mN3800000E4480000",15.1351385116577,1113.25207519531,635.403991699219
"CRS3035RES20000mN3800000E4500000",15.1366758346558,1060.91918945312,646.082641601562
"CRS3035RES20000mN3800000E4520000",14.9740982055664,991.269226074219,646.629760742188
"CRS3035RES20000mN3800000E4540000",14.9881582260132,873.914672851562,653.0263671875
"CRS3035RES20000mN3800000E4560000",15.0905504226685,826.19921875,659.62060546875
"CRS3035RES20000mN3800000E4580000",14.9219665527344,816.315856933594,657.26611328125
"CRS3035RES20000mN3800000E4600000",14.8798303604126,775.3359375,659.415466308594
"CRS3035RES20000mN3800000E4620000",14.9308891296387,740.866638183594,661.708740234375
"CRS3035RES20000mN3800000E4640000",15.2609090805054,666.312744140625,662.689575195312
"CRS3035RES20000mN3800000E4660000",15.7107915878296,624.190307617188,668.85595703125
"CRS3035RES20000mN3800000E4680000",16.0508594512939,610.581115722656,666.166625976562
"CRS3035RES20000mN3800000E4700000",16.5024662017822,583.553649902344,657.576049804688
"CRS3035RES20000mN3800000E4720000",16.2009658813477,545.327575683594,628.43505859375
"CRS3035RES20000mN3800000E4740000",15.9466485977173,506.494262695312,603.508422851562
"CRS3035RES20000mN3800000E4800000",15.974440574646,545.235534667969,592.067504882812
"CRS3035RES20000mN3800000E4820000",16.1918354034424,584.125732421875,612.631164550781
"CRS3035RES20000mN3820000E3300000",13.2456245422363,1585.29382324219,259.527191162109
"CRS3035RES20000mN3820000E3320000",13.0249719619751,2092.75,276.363342285156
"CRS3035RES20000mN3820000E3340000",13.1520376205444,2331.64038085938,310.745880126953
"CRS3035RES20000mN3820000E3360000",12.9780673980713,2799.138671875,352.284393310547
"CRS3035RES20000mN3820000E3380000",13.2365131378174,2918.96362304688,386.197784423828
"CRS3035RES20000mN3820000E3400000",11.9174022674561,3061.54858398438,398.095123291016
"CRS3035RES20000mN3820000E3420000",11.5856866836548,2495.1962890625,405.217315673828
"CRS3035RES20000mN3820000E3440000",11.3231840133667,1974.06323242188,412.634857177734
"CRS3035RES20000mN3820000E3460000",11.6799163818359,1562.15380859375,417.604766845703
"CRS3035RES20000mN3820000E3480000",11.0212182998657,1510.61926269531,414.230407714844
"CRS3035RES20000mN3820000E3500000",10.7432985305786,1388.24084472656,411.978607177734
"CRS3035RES20000mN3820000E3520000",11.3954277038574,1349.60070800781,415.297912597656
"CRS3035RES20000mN3820000E3540000",12.5653839111328,1218.38513183594,403.371520996094
"CRS3035RES20000mN3820000E3560000",13.2044725418091,1022.09686279297,369.374725341797
"CRS3035RES20000mN3820000E3580000",13.1872653961182,823.109924316406,316.618377685547
"CRS3035RES20000mN3820000E4300000",15.5164194107056,777.249389648438,515.749328613281
"CRS3035RES20000mN3820000E4320000",15.5865430831909,763.293273925781,529.119934082031
"CRS3035RES20000mN3820000E4340000",15.577073097229,763.186340332031,528.801513671875
"CRS3035RES20000mN3820000E4420000",16.0504474639893,821.97021484375,599.721008300781
"CRS3035RES20000mN3820000E4440000",15.7559442520142,1031.001953125,624.048278808594
"CRS3035RES20000mN3820000E4460000",15.4655694961548,1070.00476074219,633.488464355469
"CRS3035RES20000mN3820000E4480000",15.290717124939,1066.86352539062,644.820739746094
"CRS3035RES20000mN3820000E4500000",15.0433893203735,1035.68627929688,650.9072265625
"CRS3035RES20000mN3820000E4520000",14.9241628646851,967.129150390625,653.833557128906
"CRS3035RES20000mN3820000E4540000",14.7028408050537,915.400573730469,653.631286621094
"CRS3035RES20000mN3820000E4560000",14.8896923065186,856.647338867188,660.864318847656
"CRS3035RES20000mN3820000E4580000",14.5631427764893,877.376892089844,656.029296875
"CRS3035RES20000mN3820000E4600000",14.9167184829712,756.803771972656,663.929443359375
"CRS3035RES20000mN3820000E4620000",15.1312284469604,681.297729492188,666.063842773438
"CRS3035RES20000mN3820000E4640000",15.2552318572998,661.360412597656,661.811279296875
"CRS3035RES20000mN3820000E4660000",15.6777019500732,630.595581054688,670.991149902344
"CRS3035RES20000mN3820000E4680000",15.9934511184692,629.829345703125,670.861877441406
"CRS3035RES20000mN3820000E4700000",16.4254856109619,624.021728515625,663.816467285156
"CRS3035RES20000mN3820000E4740000",15.9544343948364,495.137847900391,607.319274902344
"CRS3035RES20000mN1520000E4480000",24.547025680542,553.983520507812,433.632781982422
"CRS3035RES20000mN3820000E4800000",15.9509086608887,534.843078613281,601.224365234375
"CRS3035RES20000mN3820000E4820000",16.2721366882324,592.650268554688,631.682067871094
"CRS3035RES20000mN3820000E4840000",16.1529693603516,591.113098144531,610.317504882812
"CRS3035RES20000mN3840000E3300000",13.2098140716553,1681.25952148438,255.311386108398
"CRS3035RES20000mN3840000E3340000",13.2322006225586,2561.44799804688,304.748565673828
"CRS3035RES20000mN3840000E3360000",13.1541318893433,2916.94384765625,351.633880615234
"CRS3035RES20000mN3840000E3380000",12.5971145629883,3014.08935546875,383.971282958984
"CRS3035RES20000mN3840000E3400000",12.8842315673828,2650.98950195312,403.680389404297
"CRS3035RES20000mN3840000E3420000",11.9006071090698,2264.14379882812,402.850067138672
"CRS3035RES20000mN3840000E3440000",11.5919923782349,1659.44995117188,407.633972167969
"CRS3035RES20000mN3840000E3460000",11.6769504547119,1407.37292480469,416.884979248047
"CRS3035RES20000mN3840000E3480000",10.5015125274658,1403.39111328125,413.077087402344
"CRS3035RES20000mN3840000E3500000",10.8667583465576,1286.62121582031,415.281311035156
"CRS3035RES20000mN3840000E3520000",12.1513051986694,1180.23986816406,421.993469238281
"CRS3035RES20000mN3840000E3540000",13.2498025894165,1063.6357421875,411.775268554688
"CRS3035RES20000mN3840000E3560000",13.5745038986206,970.852600097656,387.090972900391
"CRS3035RES20000mN3840000E3580000",13.2590532302856,898.530639648438,335.601715087891
"CRS3035RES20000mN3840000E3600000",13.1985998153687,794.059936523438,302.201232910156
"CRS3035RES20000mN3840000E4340000",15.5127172470093,766.453308105469,518.958129882812
"CRS3035RES20000mN3840000E4420000",15.8406782150269,876.655334472656,603.244934082031
"CRS3035RES20000mN3840000E4440000",15.5300598144531,1037.11071777344,628.980712890625
"CRS3035RES20000mN3840000E4460000",15.2188577651978,1048.82995605469,637.024108886719
"CRS3035RES20000mN3840000E4480000",14.9468479156494,1064.43212890625,643.138122558594
"CRS3035RES20000mN3840000E4500000",14.6961555480957,1064.94970703125,647.559631347656
"CRS3035RES20000mN3840000E4520000",14.5251493453979,1001.30499267578,649.746459960938
"CRS3035RES20000mN3840000E4540000",14.5999307632446,887.512268066406,653.757934570312
"CRS3035RES20000mN3840000E4560000",14.9458179473877,787.284973144531,662.746276855469
"CRS3035RES20000mN3840000E4580000",14.5472898483276,808.531616210938,656.4033203125
"CRS3035RES20000mN3840000E4600000",14.8089437484741,719.116943359375,666.03564453125
"CRS3035RES20000mN3840000E4620000",14.9545831680298,691.482604980469,667.263427734375
"CRS3035RES20000mN3840000E4640000",15.2480115890503,662.395080566406,667.211730957031
"CRS3035RES20000mN3840000E4660000",15.6288776397705,641.362731933594,674.253051757812
"CRS3035RES20000mN3840000E4680000",15.998969078064,645.695617675781,674.155090332031
"CRS3035RES20000mN3840000E4700000",16.3965072631836,633.029418945312,665.533874511719
"CRS3035RES20000mN3840000E4800000",15.9177083969116,555.290771484375,607.238586425781
"CRS3035RES20000mN3840000E4820000",16.2602481842041,582.631164550781,637.9580078125
"CRS3035RES20000mN3840000E4840000",16.0417594909668,588.782897949219,609.044616699219
"CRS3035RES20000mN3860000E3320000",12.9318399429321,2357.58715820312,263.123229980469
"CRS3035RES20000mN3860000E3340000",13.2030410766602,2593.62524414062,291.232482910156
"CRS3035RES20000mN3860000E3360000",13.0244302749634,2986.2998046875,330.576782226562
"CRS3035RES20000mN3860000E3380000",12.1768798828125,3158.90942382812,375.340850830078
"CRS3035RES20000mN3860000E3400000",12.2434253692627,2697.5361328125,397.413299560547
"CRS3035RES20000mN3860000E3420000",12.5374898910522,2028.69641113281,404.701080322266
"CRS3035RES20000mN3860000E3440000",11.3834180831909,1710.35083007812,393.046325683594
"CRS3035RES20000mN3860000E3460000",10.822114944458,1501.99719238281,395.635375976562
"CRS3035RES20000mN3860000E3480000",12.468316078186,1179.76159667969,415.553283691406
"CRS3035RES20000mN1520000E4500000",24.3918037414551,546.875183105469,431.831512451172
"CRS3035RES20000mN3860000E3500000",12.121958732605,1153.26171875,414.0380859375
"CRS3035RES20000mN3860000E3520000",11.8996734619141,1173.1689453125,407.972045898438
"CRS3035RES20000mN3860000E3540000",12.840615272522,1114.80163574219,402.169250488281
"CRS3035RES20000mN3860000E3560000",13.5456447601318,1007.92224121094,390.770385742188
"CRS3035RES20000mN3860000E3580000",13.6011924743652,927.53759765625,357.411499023438
"CRS3035RES20000mN3860000E3600000",13.5059289932251,867.077819824219,325.434265136719
"CRS3035RES20000mN3860000E4400000",15.7514791488647,845.151672363281,566.348693847656
"CRS3035RES20000mN3860000E4420000",15.6993055343628,920.543701171875,602.472473144531
"CRS3035RES20000mN3860000E4440000",15.5204858779907,993.903991699219,629.309631347656
"CRS3035RES20000mN3860000E4460000",15.4152050018311,983.71728515625,641.950927734375
"CRS3035RES20000mN3860000E4480000",14.9591827392578,1001.40832519531,643.360534667969
"CRS3035RES20000mN3860000E4500000",14.7612333297729,964.025207519531,647.871520996094
"CRS3035RES20000mN3860000E4520000",14.561182975769,910.430114746094,649.775756835938
"CRS3035RES20000mN3860000E4540000",14.6703624725342,809.081481933594,655.052795410156
"CRS3035RES20000mN3860000E4560000",15.4351634979248,695.999084472656,669.219543457031
"CRS3035RES20000mN3860000E4580000",14.6313199996948,727.863342285156,648.715270996094
"CRS3035RES20000mN3860000E4600000",14.8044700622559,674.467712402344,660.758728027344
"CRS3035RES20000mN3860000E4620000",14.975359916687,666.314514160156,666.284790039062
"CRS3035RES20000mN3860000E4640000",15.1811819076538,652.623718261719,668.423889160156
"CRS3035RES20000mN3860000E4660000",15.6279916763306,634.389587402344,676.489074707031
"CRS3035RES20000mN3860000E4680000",15.9182167053223,646.166748046875,673.341430664062
"CRS3035RES20000mN3860000E4700000",16.329532623291,632.516357421875,663.552795410156
"CRS3035RES20000mN3860000E4800000",16.0774192810059,563.65087890625,614.890258789062
"CRS3035RES20000mN3860000E4820000",16.2771129608154,586.982543945312,638.578369140625
"CRS3035RES20000mN3860000E4840000",16.0778827667236,589.414489746094,608.829956054688
"CRS3035RES20000mN3880000E3260000",13.0815362930298,1346.09887695312,245.197189331055
"CRS3035RES20000mN3880000E3320000",12.9871120452881,2359.5283203125,263.303161621094
"CRS3035RES20000mN3880000E3340000",13.1080226898193,2561.29809570312,290.639617919922
"CRS3035RES20000mN3880000E3360000",13.163646697998,2736.53198242188,326.811096191406
"CRS3035RES20000mN3880000E3380000",12.5607309341431,2990.388671875,367.586639404297
"CRS3035RES20000mN3880000E3400000",11.2380504608154,2821.87231445312,387.92822265625
"CRS3035RES20000mN3880000E3420000",12.0080032348633,2084.56469726562,401.940887451172
"CRS3035RES20000mN3880000E3440000",12.9436140060425,1478.177734375,395.784271240234
"CRS3035RES20000mN3880000E3460000",12.7989263534546,1249.43334960938,397.894226074219
"CRS3035RES20000mN3880000E3480000",12.5609760284424,1119.75964355469,400.680053710938
"CRS3035RES20000mN3880000E3500000",12.8885097503662,1103.13793945312,397.970062255859
"CRS3035RES20000mN3880000E3520000",13.0656547546387,1050.90954589844,392.927215576172
"CRS3035RES20000mN3880000E3540000",13.2296571731567,1007.43206787109,383.530822753906
"CRS3035RES20000mN3880000E3560000",13.5201778411865,962.290649414062,373.332244873047
"CRS3035RES20000mN3880000E3580000",13.4132995605469,950.673156738281,350.744110107422
"CRS3035RES20000mN3880000E3600000",13.5264272689819,887.673889160156,325.181732177734
"CRS3035RES20000mN3880000E4100000",14.549991607666,1562.93859863281,442.150177001953
"CRS3035RES20000mN3880000E4120000",14.4113521575928,1731.03747558594,469.735382080078
"CRS3035RES20000mN3880000E4140000",14.3994722366333,1742.1875,498.655395507812
"CRS3035RES20000mN3880000E4160000",15.0833644866943,1603.03918457031,538.60498046875
"CRS3035RES20000mN3880000E4180000",15.181435585022,1520.84692382812,536.164794921875
"CRS3035RES20000mN3880000E4200000",15.4565019607544,1371.18530273438,532.00390625
"CRS3035RES20000mN3880000E4400000",15.7832098007202,830.373779296875,582.823120117188
"CRS3035RES20000mN3880000E4420000",15.6714735031128,951.317138671875,614.128051757812
"CRS3035RES20000mN3880000E4440000",15.5841445922852,971.205322265625,634.04541015625
"CRS3035RES20000mN3880000E4460000",15.4409284591675,936.522033691406,642.833435058594
"CRS3035RES20000mN3880000E4480000",15.4111948013306,867.306518554688,649.459106445312
"CRS3035RES20000mN3880000E4500000",15.0450429916382,831.492431640625,649.899291992188
"CRS3035RES20000mN3880000E4520000",14.7960567474365,809.206909179688,651.892395019531
"CRS3035RES20000mN3880000E4540000",14.7992715835571,756.365417480469,655.197021484375
"CRS3035RES20000mN3880000E4560000",15.5478992462158,663.777770996094,665.497680664062
"CRS3035RES20000mN3880000E4580000",15.1761407852173,660.9716796875,650.018188476562
"CRS3035RES20000mN3880000E4600000",15.0548934936523,619.421691894531,657.33203125
"CRS3035RES20000mN3880000E4620000",15.1880521774292,609.729797363281,664.075744628906
"CRS3035RES20000mN3880000E4640000",15.219916343689,621.970520019531,665.660766601562
"CRS3035RES20000mN3880000E4660000",15.5479593276978,620.010986328125,672.761413574219
"CRS3035RES20000mN3880000E4680000",15.8202962875366,636.993835449219,671.293884277344
"CRS3035RES20000mN3880000E4700000",16.1758155822754,622.486572265625,661.637573242188
"CRS3035RES20000mN3880000E4820000",16.1572589874268,565.229187011719,622.742919921875
"CRS3035RES20000mN3880000E4840000",15.9515933990479,570.711486816406,601.929565429688
"CRS3035RES20000mN3880000E4860000",16.0133399963379,575.309814453125,590.542297363281
"CRS3035RES20000mN1520000E4720000",24.5073928833008,523.505493164062,445.916778564453
"CRS3035RES20000mN3900000E3260000",13.0576686859131,1279.37451171875,242.138626098633
"CRS3035RES20000mN3900000E3280000",12.9486360549927,1477.0166015625,246.253524780273
"CRS3035RES20000mN3900000E3320000",13.127631187439,2139.35571289062,271.024566650391
"CRS3035RES20000mN3900000E3340000",12.4132957458496,2670.93237304688,294.420837402344
"CRS3035RES20000mN3900000E3360000",13.3055629730225,2070.76025390625,314.891662597656
"CRS3035RES20000mN3900000E3380000",12.7655715942383,2647.49560546875,354.265838623047
"CRS3035RES20000mN3900000E3400000",11.777548789978,2733.51196289062,381.338836669922
"CRS3035RES20000mN3900000E3420000",11.4657516479492,2237.669921875,398.407958984375
"CRS3035RES20000mN3900000E3440000",13.0369024276733,1427.70764160156,396.646575927734
"CRS3035RES20000mN3900000E3460000",14.2197265625,972.598449707031,401.546630859375
"CRS3035RES20000mN3900000E3480000",14.5176048278809,837.77587890625,402.580749511719
"CRS3035RES20000mN3900000E3500000",13.8840951919556,837.841674804688,373.644134521484
"CRS3035RES20000mN3900000E3520000",13.4926166534424,871.367248535156,350.162994384766
"CRS3035RES20000mN3900000E3540000",13.2691287994385,911.977111816406,331.387878417969
"CRS3035RES20000mN3900000E3560000",13.2541065216064,881.568664550781,318.051940917969
"CRS3035RES20000mN3900000E3580000",13.102578163147,887.049560546875,304.228698730469
"CRS3035RES20000mN3900000E3600000",13.0685567855835,842.947631835938,291.84716796875
"CRS3035RES20000mN3900000E4080000",14.3412208557129,1716.05065917969,440.296905517578
"CRS3035RES20000mN3900000E4100000",14.5378456115723,1959.62756347656,489.889129638672
"CRS3035RES20000mN3900000E4120000",14.2239303588867,2283.4765625,522.121032714844
"CRS3035RES20000mN3900000E4140000",13.6076946258545,2219.2275390625,544.330383300781
"CRS3035RES20000mN3900000E4160000",14.3509969711304,1893.56469726562,575.027221679688
"CRS3035RES20000mN3900000E4180000",14.5175867080688,1826.2978515625,577.963256835938
"CRS3035RES20000mN3900000E4200000",15.3493356704712,1482.48132324219,584.584655761719
"CRS3035RES20000mN3900000E4220000",16.0296497344971,1332.9365234375,584.632690429688
"CRS3035RES20000mN3900000E4240000",16.0862503051758,1208.76379394531,565.361328125
"CRS3035RES20000mN3900000E4380000",15.8602781295776,808.229125976562,573.285766601562
"CRS3035RES20000mN3900000E4400000",15.9081144332886,870.302368164062,609.184997558594
"CRS3035RES20000mN3900000E4420000",15.7989635467529,978.710083007812,636.255310058594
"CRS3035RES20000mN3900000E4440000",15.7036828994751,930.421691894531,645.147399902344
"CRS3035RES20000mN3900000E4460000",15.7389516830444,832.834716796875,650.363098144531
"CRS3035RES20000mN3900000E4480000",15.6535778045654,768.067321777344,653.114196777344
"CRS3035RES20000mN3900000E4500000",15.4489908218384,733.443542480469,655.296081542969
"CRS3035RES20000mN3900000E4520000",15.0140190124512,742.543151855469,653.318481445312
"CRS3035RES20000mN3900000E4540000",15.2919235229492,682.961303710938,660.668151855469
"CRS3035RES20000mN3900000E4560000",15.8174362182617,644.734069824219,670.030700683594
"CRS3035RES20000mN3900000E4580000",15.9984645843506,615.6435546875,671.787170410156
"CRS3035RES20000mN3900000E4600000",15.4526786804199,604.278930664062,668.411499023438
"CRS3035RES20000mN3900000E4620000",15.3288650512695,601.8564453125,669.435485839844
"CRS3035RES20000mN3900000E4640000",15.3980226516724,604.071105957031,671.855712890625
"CRS3035RES20000mN3900000E4660000",15.6064624786377,627.396667480469,676.354675292969
"CRS3035RES20000mN3900000E4680000",15.8424129486084,632.715942382812,674.317687988281
"CRS3035RES20000mN3900000E4700000",15.9815320968628,630.529052734375,658.509033203125
"CRS3035RES20000mN3900000E4840000",15.938084602356,550.062377929688,592.010681152344
"CRS3035RES20000mN3900000E4860000",15.9350833892822,564.126098632812,586.720520019531
"CRS3035RES20000mN3920000E3260000",13.0500001907349,1253.99792480469,241.126403808594
"CRS3035RES20000mN3920000E3280000",12.8610877990723,1428.205078125,245.455169677734
"CRS3035RES20000mN3920000E3320000",13.1072044372559,1956.22131347656,276.962982177734
"CRS3035RES20000mN3920000E3340000",12.7636795043945,2124.94799804688,291.477691650391
"CRS3035RES20000mN3920000E3360000",12.7941741943359,2013.2001953125,286.887939453125
"CRS3035RES20000mN3920000E3380000",12.4065570831299,2522.10009765625,331.36181640625
"CRS3035RES20000mN3920000E3400000",12.1186981201172,2660.35595703125,371.618072509766
"CRS3035RES20000mN3920000E3420000",11.8479051589966,2359.35083007812,396.468292236328
"CRS3035RES20000mN3920000E3440000",12.250129699707,1760.33032226562,395.880432128906
"CRS3035RES20000mN3920000E3460000",13.1855907440186,1203.76672363281,396.720855712891
"CRS3035RES20000mN3920000E3480000",14.5331201553345,861.087097167969,399.719940185547
"CRS3035RES20000mN3920000E3500000",13.9767990112305,774.666809082031,354.739868164062
"CRS3035RES20000mN3920000E4060000",14.2420558929443,1579.43994140625,423.085479736328
"CRS3035RES20000mN3920000E4080000",13.9920959472656,2230.021484375,465.773254394531
"CRS3035RES20000mN3920000E4100000",13.5118455886841,2668.65771484375,521.565307617188
"CRS3035RES20000mN3920000E4120000",13.6794443130493,2522.986328125,557.795349121094
"CRS3035RES20000mN3920000E4140000",13.3730001449585,2472.46435546875,580.346496582031
"CRS3035RES20000mN3920000E4160000",13.8502521514893,2051.20458984375,602.624938964844
"CRS3035RES20000mN3920000E4180000",14.2106170654297,1888.60400390625,610.268310546875
"CRS3035RES20000mN3920000E4200000",14.6714916229248,1720.45202636719,612.821960449219
"CRS3035RES20000mN3920000E4220000",15.4530897140503,1478.99157714844,619.567443847656
"CRS3035RES20000mN1520000E4740000",24.574161529541,532.888671875,469.266662597656
"CRS3035RES20000mN3920000E4240000",16.4072532653809,1232.61474609375,613.373474121094
"CRS3035RES20000mN3920000E4380000",15.8519992828369,871.800109863281,581.771606445312
"CRS3035RES20000mN3920000E4400000",15.7710094451904,952.756408691406,623.412353515625
"CRS3035RES20000mN3920000E4420000",15.4783401489258,1056.65954589844,643.481750488281
"CRS3035RES20000mN3920000E4440000",15.772255897522,909.119873046875,657.017639160156
"CRS3035RES20000mN3920000E4460000",16.0797882080078,779.873107910156,661.823974609375
"CRS3035RES20000mN3920000E4480000",16.2099113464355,729.428405761719,671.739624023438
"CRS3035RES20000mN3920000E4500000",16.0295333862305,681.3046875,670.351989746094
"CRS3035RES20000mN3920000E4520000",15.2952785491943,725.953247070312,654.48193359375
"CRS3035RES20000mN3920000E4540000",15.3776540756226,686.393371582031,662.994201660156
"CRS3035RES20000mN3920000E4560000",15.7491092681885,654.375915527344,668.931945800781
"CRS3035RES20000mN3920000E4580000",16.109712600708,611.212890625,676.652893066406
"CRS3035RES20000mN3920000E4600000",15.8828096389771,586.431091308594,678.698913574219
"CRS3035RES20000mN3920000E4620000",15.7518882751465,580.28369140625,680.025207519531
"CRS3035RES20000mN3920000E4640000",15.7725219726562,591.517578125,683.198120117188
"CRS3035RES20000mN3920000E4660000",15.8996562957764,605.801696777344,685.976501464844
"CRS3035RES20000mN3920000E4680000",15.9271039962769,617.541076660156,679.118774414062
"CRS3035RES20000mN3920000E4700000",15.9179019927979,610.624572753906,657.999816894531
"CRS3035RES20000mN3940000E3280000",12.9203033447266,1422.07250976562,243.855163574219
"CRS3035RES20000mN3940000E3300000",12.8468179702759,1599.54162597656,249.510818481445
"CRS3035RES20000mN3940000E3320000",13.0866165161133,1630.50207519531,262.440399169922
"CRS3035RES20000mN3940000E3340000",12.8556518554688,1800.04260253906,269.793090820312
"CRS3035RES20000mN3940000E3360000",12.7889728546143,1775.63623046875,261.67919921875
"CRS3035RES20000mN3940000E3380000",12.9457740783691,2124.85571289062,300.131896972656
"CRS3035RES20000mN3940000E3400000",12.4230213165283,2509.78247070312,350.000152587891
"CRS3035RES20000mN3940000E3420000",11.9085378646851,2326.99267578125,378.700012207031
"CRS3035RES20000mN3940000E3440000",11.4281940460205,2096.095703125,387.711822509766
"CRS3035RES20000mN3940000E3460000",12.8301420211792,1392.21325683594,397.360046386719
"CRS3035RES20000mN3940000E3480000",13.9597778320312,1013.54681396484,396.010070800781
"CRS3035RES20000mN3940000E3500000",13.7823734283447,842.53369140625,355.194183349609
"CRS3035RES20000mN3940000E4060000",13.8616132736206,1868.05993652344,433.790191650391
"CRS3035RES20000mN3940000E4080000",13.3937673568726,2737.80981445312,486.492797851562
"CRS3035RES20000mN3940000E4100000",12.4908437728882,3225.166015625,537.773254394531
"CRS3035RES20000mN3940000E4120000",12.6543655395508,2995.99877929688,573.880798339844
"CRS3035RES20000mN3940000E4140000",12.0663862228394,2911.6240234375,584.867248535156
"CRS3035RES20000mN3940000E4160000",12.4349670410156,2375.71728515625,605.641174316406
"CRS3035RES20000mN3940000E4180000",13.6971549987793,1817.92980957031,627.031311035156
"CRS3035RES20000mN3940000E4200000",14.1041297912598,1738.60461425781,630.097900390625
"CRS3035RES20000mN3940000E4220000",15.1761169433594,1524.37683105469,642.855773925781
"CRS3035RES20000mN3940000E4240000",15.8098955154419,1306.63439941406,633.955810546875
"CRS3035RES20000mN3940000E4260000",16.4044361114502,1165.85412597656,613.266662597656
"CRS3035RES20000mN3940000E4380000",15.8888101577759,892.542602539062,593.211242675781
"CRS3035RES20000mN3940000E4400000",15.5486240386963,1017.56036376953,633.546325683594
"CRS3035RES20000mN3940000E4420000",15.4488172531128,1039.98059082031,653.987121582031
"CRS3035RES20000mN3940000E4440000",15.5216760635376,944.891357421875,659.787109375
"CRS3035RES20000mN3940000E4460000",16.2158355712891,796.956848144531,670.401489257812
"CRS3035RES20000mN3940000E4480000",16.6049957275391,722.434326171875,686.739013671875
"CRS3035RES20000mN3940000E4500000",16.3353080749512,663.137878417969,676.349975585938
"CRS3035RES20000mN3940000E4520000",15.7786245346069,669.554565429688,657.358154296875
"CRS3035RES20000mN3940000E4540000",15.8150730133057,662.545166015625,669.138122558594
"CRS3035RES20000mN3940000E4560000",15.6931314468384,676.666015625,670.218383789062
"CRS3035RES20000mN3940000E4580000",15.9092826843262,656.081115722656,676.073303222656
"CRS3035RES20000mN3940000E4600000",15.828558921814,629.638000488281,681.593505859375
"CRS3035RES20000mN3940000E4620000",15.8403444290161,619.510803222656,684.931213378906
"CRS3035RES20000mN3940000E4640000",15.9328546524048,615.446228027344,690.466125488281
"CRS3035RES20000mN3940000E4660000",16.1060428619385,607.214538574219,693.89794921875
"CRS3035RES20000mN3940000E4680000",16.0855579376221,603.128723144531,685.474426269531
"CRS3035RES20000mN3940000E4700000",15.9049415588379,597.24365234375,660.812316894531
"CRS3035RES20000mN3940000E4720000",15.6749477386475,585.462219238281,626.884704589844
"CRS3035RES20000mN3960000E3280000",12.8716077804565,1465.98742675781,240.773834228516
"CRS3035RES20000mN3960000E3300000",12.7843475341797,1625.78576660156,249.296325683594
"CRS3035RES20000mN3960000E3320000",12.7578268051147,1668.03161621094,260.681976318359
"CRS3035RES20000mN1520000E4760000",24.9745407104492,561.358703613281,471.204498291016
"CRS3035RES20000mN3960000E3380000",12.9507827758789,1681.37219238281,272.240112304688
"CRS3035RES20000mN3960000E3400000",13.1064357757568,1872.86083984375,300.789611816406
"CRS3035RES20000mN3960000E3420000",12.5147609710693,2316.80590820312,343.508148193359
"CRS3035RES20000mN3960000E3440000",12.5354042053223,2046.66271972656,375.241180419922
"CRS3035RES20000mN3960000E3460000",12.9716024398804,1590.43432617188,394.221740722656
"CRS3035RES20000mN3960000E3480000",12.9433422088623,1329.76879882812,390.155700683594
"CRS3035RES20000mN3960000E3500000",12.8115816116333,1146.39001464844,369.811431884766
"CRS3035RES20000mN3960000E3520000",13.1088933944702,943.944396972656,332.049407958984
"CRS3035RES20000mN3960000E3540000",13.1749830245972,811.186889648438,301.666839599609
"CRS3035RES20000mN3960000E4060000",13.8848896026611,1823.56335449219,434.83740234375
"CRS3035RES20000mN3960000E4080000",13.0235500335693,2827.42822265625,498.050140380859
"CRS3035RES20000mN3960000E4100000",11.7481880187988,3539.6650390625,542.61962890625
"CRS3035RES20000mN3960000E4120000",11.4048128128052,3379.49951171875,573.671691894531
"CRS3035RES20000mN3960000E4140000",10.9542608261108,2902.07006835938,580.613708496094
"CRS3035RES20000mN3960000E4160000",11.5492038726807,2039.74780273438,608.370910644531
"CRS3035RES20000mN3960000E4180000",12.7590465545654,1744.43188476562,628.540466308594
"CRS3035RES20000mN3960000E4200000",12.9201803207397,1702.89294433594,627.799865722656
"CRS3035RES20000mN3960000E4220000",14.3618640899658,1536.1181640625,650.320983886719
"CRS3035RES20000mN3960000E4240000",15.0342769622803,1363.66955566406,647.35791015625
"CRS3035RES20000mN3960000E4260000",15.8160352706909,1206.56896972656,630.821472167969
"CRS3035RES20000mN3960000E4280000",15.9576930999756,1087.45080566406,589.770874023438
"CRS3035RES20000mN3960000E4380000",15.9580860137939,889.661437988281,614.336975097656
"CRS3035RES20000mN3960000E4400000",15.4340057373047,1027.67944335938,645.748596191406
"CRS3035RES20000mN3960000E4420000",15.3077669143677,1002.60552978516,658.367492675781
"CRS3035RES20000mN3960000E4440000",15.3486242294312,924.429992675781,661.204406738281
"CRS3035RES20000mN3960000E4460000",16.2206802368164,789.407470703125,676.891967773438
"CRS3035RES20000mN3960000E4480000",16.6212463378906,758.395812988281,690.500671386719
"CRS3035RES20000mN3960000E4500000",16.4090480804443,689.654663085938,676.769287109375
"CRS3035RES20000mN3960000E4520000",16.1100978851318,670.247741699219,663.573608398438
"CRS3035RES20000mN3960000E4540000",15.9269247055054,664.045471191406,670.341125488281
"CRS3035RES20000mN3960000E4560000",15.5105924606323,731.947143554688,673.611999511719
"CRS3035RES20000mN3960000E4580000",15.4047050476074,740.833312988281,673.695068359375
"CRS3035RES20000mN3960000E4600000",15.6080484390259,705.0419921875,685.850708007812
"CRS3035RES20000mN3960000E4620000",15.8106546401978,670.5126953125,691.587585449219
"CRS3035RES20000mN3960000E4640000",16.0014152526855,644.916381835938,698.092651367188
"CRS3035RES20000mN3960000E4660000",15.8924798965454,644.432373046875,693.870544433594
"CRS3035RES20000mN1880000E2680000",20.6780319213867,633.628051757812,333.855255126953
"CRS3035RES20000mN3960000E4680000",15.8881978988647,635.48876953125,688.696105957031
"CRS3035RES20000mN3960000E4700000",15.720085144043,618.898315429688,663.3955078125
"CRS3035RES20000mN3960000E4720000",15.7691011428833,594.134155273438,647.498962402344
"CRS3035RES20000mN1880000E2700000",22.1387634277344,576.186340332031,427.129211425781
"CRS3035RES20000mN1880000E2720000",22.7854270935059,615.906005859375,470.935180664062
"CRS3035RES20000mN3980000E3320000",12.7791967391968,1810.20654296875,294.650177001953
"CRS3035RES20000mN3980000E3340000",13.2527418136597,1580.71142578125,311.419036865234
"CRS3035RES20000mN3980000E3360000",13.2068872451782,1492.93188476562,281.002227783203
"CRS3035RES20000mN3980000E3400000",12.8319091796875,1814.216796875,271.453430175781
"CRS3035RES20000mN3980000E3420000",12.787841796875,2250.78369140625,313.249938964844
"CRS3035RES20000mN3980000E3440000",12.0395402908325,2364.65673828125,360.303527832031
"CRS3035RES20000mN3980000E3460000",12.3800716400146,1848.68579101562,375.502593994141
"CRS3035RES20000mN1880000E2740000",23.214994430542,652.384155273438,501.73876953125
"CRS3035RES20000mN3980000E3480000",12.4971723556519,1431.23791503906,371.996002197266
"CRS3035RES20000mN3980000E3500000",12.5371856689453,1240.56762695312,362.365631103516
"CRS3035RES20000mN3980000E3520000",12.8498296737671,1032.82421875,344.663208007812
"CRS3035RES20000mN3980000E3540000",12.8920078277588,952.221862792969,310.936340332031
"CRS3035RES20000mN3980000E4060000",14.0785484313965,1544.44348144531,438.951171875
"CRS3035RES20000mN3980000E4080000",14.1685447692871,2315.642578125,510.676147460938
"CRS3035RES20000mN3980000E4100000",11.9497938156128,3352.11572265625,547.475830078125
"CRS3035RES20000mN3980000E4120000",10.3816070556641,3424.30249023438,565.670715332031
"CRS3035RES20000mN1880000E2760000",23.6483573913574,650.921447753906,529.634399414062
"CRS3035RES20000mN3980000E4140000",10.632227897644,2626.28100585938,581.505554199219
"CRS3035RES20000mN3980000E4160000",10.7801599502563,2035.23229980469,607.411315917969
"CRS3035RES20000mN3980000E4180000",11.9289617538452,1591.86608886719,626.825744628906
"CRS3035RES20000mN3980000E4200000",12.1898612976074,1552.29052734375,628.663818359375
"CRS3035RES20000mN3980000E4220000",13.6429719924927,1330.82958984375,659.718200683594
"CRS3035RES20000mN3980000E4240000",14.078161239624,1439.50122070312,660.849060058594
"CRS3035RES20000mN3980000E4260000",15.44921875,1158.04260253906,656.109375
"CRS3035RES20000mN3980000E4280000",15.558934211731,1087.93518066406,626.282165527344
"CRS3035RES20000mN3980000E4300000",15.9420204162598,979.983337402344,614.807556152344
"CRS3035RES20000mN3980000E4320000",16.1095142364502,984.61376953125,610.253845214844
"CRS3035RES20000mN1880000E2780000",24.1394920349121,613.680541992188,554.25732421875
"CRS3035RES20000mN3980000E4380000",16.116304397583,905.167541503906,646.584838867188
"CRS3035RES20000mN3980000E4400000",15.4044551849365,1011.34429931641,660.070922851562
"CRS3035RES20000mN3980000E4420000",15.219367980957,922.884765625,659.678894042969
"CRS3035RES20000mN3980000E4440000",15.4994020462036,845.067321777344,667.775939941406
"CRS3035RES20000mN3980000E4460000",15.8741588592529,820.733154296875,678.580505371094
"CRS3035RES20000mN3980000E4480000",16.3837814331055,784.120788574219,687.2705078125
"CRS3035RES20000mN3980000E4500000",16.2057876586914,751.923767089844,675.079223632812
"CRS3035RES20000mN3980000E4520000",16.2895450592041,734.560607910156,679.971862792969
"CRS3035RES20000mN1520000E4780000",25.1558170318604,538.845886230469,466.147399902344
"CRS3035RES20000mN1880000E2800000",24.5881824493408,614.18212890625,574.1796875
"CRS3035RES20000mN3980000E4540000",16.2419738769531,699.881774902344,687.080200195312
"CRS3035RES20000mN3980000E4560000",15.7596750259399,744.093444824219,687.676025390625
"CRS3035RES20000mN3980000E4580000",15.345067024231,773.06884765625,682.356140136719
"CRS3035RES20000mN3980000E4600000",15.4578113555908,753.298828125,692.130126953125
"CRS3035RES20000mN3980000E4620000",15.6610698699951,702.602661132812,697.358520507812
"CRS3035RES20000mN3980000E4640000",15.9671783447266,667.126831054688,703.634460449219
"CRS3035RES20000mN3980000E4660000",15.9290523529053,651.466674804688,699.109680175781
"CRS3035RES20000mN3980000E4680000",15.90833568573,632.731750488281,696.023132324219
"CRS3035RES20000mN3980000E4700000",15.8542051315308,613.694030761719,680.374938964844
"CRS3035RES20000mN3980000E4720000",15.8464841842651,601.168701171875,674.045593261719
"CRS3035RES20000mN1880000E2820000",24.5738487243652,610.045959472656,585.270324707031
"CRS3035RES20000mN3980000E4740000",15.8895711898804,580.372619628906,662.788146972656
"CRS3035RES20000mN1880000E2840000",24.340669631958,595.0234375,596.468994140625
"CRS3035RES20000mN1880000E2860000",25.1670074462891,536.509826660156,621.655212402344
"CRS3035RES20000mN4000000E3320000",12.9909420013428,1722.85815429688,288.437530517578
"CRS3035RES20000mN4000000E3340000",13.4329538345337,1486.64611816406,311.402557373047
"CRS3035RES20000mN4000000E3360000",13.3265399932861,1459.33056640625,293.623626708984
"CRS3035RES20000mN4000000E3420000",12.9235544204712,1928.265625,280.870239257812
"CRS3035RES20000mN4000000E3440000",12.3631401062012,2311.2529296875,323.174713134766
"CRS3035RES20000mN1880000E2880000",25.3682346343994,510.938018798828,630.821655273438
"CRS3035RES20000mN4000000E3460000",11.9528188705444,1860.98950195312,328.022674560547
"CRS3035RES20000mN4000000E3480000",12.3999910354614,1426.6328125,320.520477294922
"CRS3035RES20000mN4000000E3500000",12.3975143432617,1282.10485839844,315.586547851562
"CRS3035RES20000mN4000000E3520000",12.9208316802979,1081.45300292969,318.787078857422
"CRS3035RES20000mN4000000E3540000",12.9769048690796,957.913757324219,304.181457519531
"CRS3035RES20000mN4000000E3560000",12.4921932220459,915.029357910156,270.28271484375
"CRS3035RES20000mN4000000E4040000",14.0146675109863,1416.17236328125,407.8251953125
"CRS3035RES20000mN4000000E4060000",14.1534328460693,1563.49035644531,452.737030029297
"CRS3035RES20000mN4000000E4080000",14.385835647583,2169.12890625,519.296997070312
"CRS3035RES20000mN4000000E4100000",12.2189874649048,2916.390625,544.135925292969
"CRS3035RES20000mN1880000E2900000",25.5387077331543,491.736175537109,636.603698730469
"CRS3035RES20000mN4000000E4120000",10.0698337554932,3574.94165039062,558.170532226562
"CRS3035RES20000mN4000000E4140000",9.52953338623047,2911.93237304688,576.400207519531
"CRS3035RES20000mN4000000E4160000",10.3655023574829,2060.78540039062,610.955871582031
"CRS3035RES20000mN4000000E4180000",11.0641136169434,1552.83422851562,626.22265625
"CRS3035RES20000mN4000000E4200000",12.3552932739258,1340.05444335938,647.816345214844
"CRS3035RES20000mN4000000E4220000",12.8680534362793,1288.93994140625,674.900390625
"CRS3035RES20000mN4000000E4240000",13.4839429855347,1376.32824707031,680.910461425781
"CRS3035RES20000mN4000000E4260000",15.2432804107666,1102.69250488281,697.502624511719
"CRS3035RES20000mN4000000E4280000",15.8502244949341,975.000549316406,689.484985351562
"CRS3035RES20000mN4000000E4300000",15.5651721954346,1014.55206298828,667.103698730469
"CRS3035RES20000mN1880000E2920000",25.2760334014893,496.311004638672,643.457092285156
"CRS3035RES20000mN4000000E4320000",15.9059944152832,1083.49548339844,653.662414550781
"CRS3035RES20000mN4000000E4340000",16.3094902038574,932.468383789062,647.309936523438
"CRS3035RES20000mN4000000E4360000",16.387035369873,852.558532714844,659.253662109375
"CRS3035RES20000mN4000000E4380000",16.1336727142334,931.139831542969,675.770690917969
"CRS3035RES20000mN4000000E4400000",15.4396533966064,983.802795410156,676.816223144531
"CRS3035RES20000mN4000000E4420000",15.3806209564209,864.328552246094,670.658630371094
"CRS3035RES20000mN4000000E4440000",15.478814125061,833.996520996094,676.52197265625
"CRS3035RES20000mN4000000E4460000",15.5617704391479,851.584411621094,684.884826660156
"CRS3035RES20000mN4000000E4480000",16.0627479553223,800.293701171875,691.808288574219
"CRS3035RES20000mN4000000E4500000",16.2462997436523,773.9248046875,690.111755371094
"CRS3035RES20000mN1880000E2940000",25.2201232910156,463.482025146484,646.35107421875
"CRS3035RES20000mN4000000E4520000",16.3972492218018,771.486450195312,697.579467773438
"CRS3035RES20000mN4000000E4540000",16.4464263916016,738.124206542969,708.349548339844
"CRS3035RES20000mN4000000E4560000",15.8256521224976,749.019836425781,700.877258300781
"CRS3035RES20000mN4000000E4580000",15.624960899353,743.860961914062,699.301635742188
"CRS3035RES20000mN4000000E4600000",15.778416633606,729.704528808594,707.11474609375
"CRS3035RES20000mN4000000E4620000",15.8691110610962,689.5703125,709.407653808594
"CRS3035RES20000mN4000000E4640000",15.9923572540283,660.211608886719,710.550170898438
"CRS3035RES20000mN4000000E4660000",15.9869623184204,635.069213867188,706.80908203125
"CRS3035RES20000mN4000000E4680000",15.9749193191528,623.546325683594,705.717346191406
"CRS3035RES20000mN4000000E4700000",15.9180402755737,625.180236816406,700.970764160156
"CRS3035RES20000mN1880000E2960000",25.508264541626,462.349273681641,654.598266601562
"CRS3035RES20000mN4000000E4720000",15.9305057525635,607.734375,695.617553710938
"CRS3035RES20000mN4000000E4740000",15.9724979400635,603.6025390625,690.620239257812
"CRS3035RES20000mN4000000E4760000",15.7959222793579,597.880676269531,665.58984375
"CRS3035RES20000mN4000000E4780000",15.4664621353149,576.531799316406,630.195007324219
"CRS3035RES20000mN4000000E4800000",15.3869028091431,559.377075195312,604.774597167969
"CRS3035RES20000mN1880000E2980000",25.6040172576904,513.192626953125,664.47216796875
"CRS3035RES20000mN1880000E3000000",25.6658191680908,560.765502929688,676.823547363281
"CRS3035RES20000mN4020000E3320000",12.9080629348755,1588.46069335938,258.949096679688
"CRS3035RES20000mN4020000E3340000",13.2297105789185,1524.10998535156,282.858428955078
"CRS3035RES20000mN4020000E3360000",13.0369777679443,1527.29919433594,286.295379638672
"CRS3035RES20000mN4020000E3380000",12.8420820236206,1476.97229003906,260.036407470703
"CRS3035RES20000mN4020000E3440000",12.4149332046509,1965.23071289062,279.763092041016
"CRS3035RES20000mN1880000E3020000",25.3032970428467,630.267333984375,685.926086425781
"CRS3035RES20000mN4020000E3460000",12.4833688735962,1566.97973632812,282.793151855469
"CRS3035RES20000mN4020000E3480000",12.6334190368652,1261.85424804688,275.798797607422
"CRS3035RES20000mN4020000E3500000",12.6429462432861,1113.86474609375,276.324096679688
"CRS3035RES20000mN4020000E3520000",12.7751951217651,1032.17297363281,280.343048095703
"CRS3035RES20000mN4020000E3540000",12.7849607467651,989.583374023438,279.594421386719
"CRS3035RES20000mN4020000E3560000",12.3208122253418,1011.81500244141,260.875885009766
"CRS3035RES20000mN4020000E4040000",14.0714101791382,1549.044921875,423.752502441406
"CRS3035RES20000mN4020000E4060000",14.0562295913696,1915.85241699219,474.396881103516
"CRS3035RES20000mN1880000E3040000",25.1908874511719,637.183288574219,697.11572265625
"CRS3035RES20000mN4020000E4080000",14.5803642272949,2401.09765625,537.179077148438
"CRS3035RES20000mN4020000E4100000",13.3173885345459,2916.36254882812,555.669799804688
"CRS3035RES20000mN4020000E4120000",10.2342519760132,3536.80004882812,557.778686523438
"CRS3035RES20000mN4020000E4140000",9.08627510070801,2874.07275390625,577.051879882812
"CRS3035RES20000mN4020000E4160000",10.7172870635986,1739.2939453125,620.282653808594
"CRS3035RES20000mN4020000E4180000",10.4120893478394,1596.90734863281,634.404602050781
"CRS3035RES20000mN4020000E4200000",12.5610704421997,1314.33020019531,667.263427734375
"CRS3035RES20000mN4020000E4220000",13.5337944030762,1135.35900878906,706.214721679688
"CRS3035RES20000mN4020000E4240000",14.2846946716309,1148.0927734375,723.499206542969
"CRS3035RES20000mN4020000E4260000",15.6815786361694,1017.99865722656,747.037719726562
"CRS3035RES20000mN1880000E3060000",25.1886920928955,571.263000488281,706.204223632812
"CRS3035RES20000mN4020000E4280000",14.3057804107666,1206.95593261719,714.45751953125
"CRS3035RES20000mN4020000E4300000",14.4464244842529,1267.392578125,698.624938964844
"CRS3035RES20000mN4020000E4320000",15.7382907867432,1157.8193359375,697.489501953125
"CRS3035RES20000mN4020000E4340000",16.5027618408203,988.044799804688,696.828125
"CRS3035RES20000mN4020000E4360000",16.3820972442627,936.255310058594,699.130737304688
"CRS3035RES20000mN4020000E4380000",15.9079647064209,978.778625488281,697.932373046875
"CRS3035RES20000mN4020000E4400000",15.4857406616211,947.172180175781,690.725219726562
"CRS3035RES20000mN4020000E4420000",15.4698238372803,878.418151855469,684.008544921875
"CRS3035RES20000mN4020000E4440000",15.2500038146973,887.927307128906,682.130859375
"CRS3035RES20000mN4020000E4460000",15.3311367034912,876.684509277344,691.830505371094
"CRS3035RES20000mN1880000E3080000",25.1341190338135,524.465454101562,709.724426269531
"CRS3035RES20000mN4020000E4480000",15.9455366134644,792.193481445312,705.786804199219
"CRS3035RES20000mN4020000E4500000",16.2688159942627,759.608154296875,711.6103515625
"CRS3035RES20000mN4020000E4520000",16.3585643768311,753.046630859375,715.022216796875
"CRS3035RES20000mN4020000E4540000",16.3028678894043,754.951721191406,722.241455078125
"CRS3035RES20000mN4020000E4560000",15.5534372329712,820.756774902344,708.882202148438
"CRS3035RES20000mN4020000E4580000",15.1630764007568,842.352661132812,702.04541015625
"CRS3035RES20000mN4020000E4600000",15.7374820709229,750.693237304688,714.469116210938
"CRS3035RES20000mN4020000E4620000",16.1254844665527,663.78564453125,720.591796875
"CRS3035RES20000mN4020000E4640000",16.2144412994385,625.668640136719,721.839050292969
"CRS3035RES20000mN4020000E4660000",16.0753269195557,627.401000976562,716.949951171875
"CRS3035RES20000mN1880000E3100000",25.1984462738037,493.425720214844,714.32470703125
"CRS3035RES20000mN4020000E4680000",15.903754234314,634.130249023438,712.81591796875
"CRS3035RES20000mN4020000E4700000",15.8348789215088,632.284912109375,707.204650878906
"CRS3035RES20000mN4020000E4720000",15.8862190246582,616.628479003906,704.671752929688
"CRS3035RES20000mN4020000E4740000",15.9518451690674,624.393188476562,705.961547851562
"CRS3035RES20000mN4020000E4760000",15.7415761947632,620.908508300781,683.63330078125
"CRS3035RES20000mN4020000E4780000",15.4331588745117,611.270385742188,649.195922851562
"CRS3035RES20000mN4020000E4800000",15.2925996780396,581.783325195312,615.997497558594
"CRS3035RES20000mN1880000E3120000",25.4723968505859,431.121002197266,721.876342773438
"CRS3035RES20000mN1880000E3140000",25.3987941741943,408.720397949219,724.976623535156
"CRS3035RES20000mN4040000E3360000",12.9684534072876,1458.921875,259.871215820312
"CRS3035RES20000mN4040000E3380000",12.8090896606445,1468.06079101562,253.642196655273
"CRS3035RES20000mN4040000E3540000",12.2908153533936,1165.50231933594,262.591583251953
"CRS3035RES20000mN1880000E3160000",25.3366432189941,387.226867675781,724.584594726562
"CRS3035RES20000mN4040000E3560000",12.1236534118652,1106.97668457031,253.537963867188
"CRS3035RES20000mN4040000E3580000",12.1591062545776,1033.98767089844,249.602310180664
"CRS3035RES20000mN4040000E4040000",14.0959510803223,1726.91796875,434.579650878906
"CRS3035RES20000mN4040000E4060000",13.9635276794434,2391.11328125,494.264007568359
"CRS3035RES20000mN4040000E4080000",13.608473777771,3028.34887695312,552.822143554688
"CRS3035RES20000mN4040000E4100000",13.1179857254028,3277.77490234375,570.293640136719
"CRS3035RES20000mN4040000E4120000",11.5000486373901,3356.19482421875,575.681579589844
"CRS3035RES20000mN4040000E4140000",8.9751091003418,3047.84838867188,583.287963867188
"CRS3035RES20000mN1880000E3180000",25.3050727844238,382.633972167969,724.875427246094
"CRS3035RES20000mN4040000E4160000",9.96904850006104,1858.10766601562,627.6923828125
"CRS3035RES20000mN4040000E4180000",9.86017322540283,1732.31774902344,646.802551269531
"CRS3035RES20000mN4040000E4200000",12.2779998779297,1315.74841308594,675.787414550781
"CRS3035RES20000mN4040000E4220000",12.0556831359863,1421.92578125,689.784851074219
"CRS3035RES20000mN4040000E4240000",12.168493270874,1337.37719726562,699.778198242188
"CRS3035RES20000mN4040000E4260000",14.4683828353882,1132.39392089844,750.083312988281
"CRS3035RES20000mN4040000E4280000",13.9629564285278,1201.30590820312,742.196472167969
"CRS3035RES20000mN4040000E4300000",14.3944292068481,1202.13244628906,735.591979980469
"CRS3035RES20000mN4040000E4320000",15.7421588897705,1080.58251953125,739.007141113281
"CRS3035RES20000mN4040000E4340000",16.4023838043213,977.141479492188,737.543701171875
"CRS3035RES20000mN1880000E3200000",25.186710357666,389.910797119141,723.925903320312
"CRS3035RES20000mN4040000E4360000",16.1953296661377,978.695068359375,728.161010742188
"CRS3035RES20000mN4040000E4380000",15.7581167221069,984.101135253906,715.705505371094
"CRS3035RES20000mN4040000E4400000",15.268027305603,963.580444335938,699.604125976562
"CRS3035RES20000mN4040000E4420000",15.2926921844482,924.917907714844,695.796813964844
"CRS3035RES20000mN4040000E4440000",15.0070352554321,914.362182617188,689.081481933594
"CRS3035RES20000mN4040000E4460000",15.7110824584961,803.281494140625,709.708190917969
"CRS3035RES20000mN4040000E4480000",15.875129699707,779.351989746094,720.893615722656
"CRS3035RES20000mN4040000E4500000",16.0173664093018,787.913146972656,729.117553710938
"CRS3035RES20000mN4040000E4520000",16.0250301361084,779.05615234375,731.924743652344
"CRS3035RES20000mN4040000E4540000",15.6038646697998,835.480346679688,724.878967285156
"CRS3035RES20000mN1880000E3220000",24.8486061096191,401.421051025391,716.149108886719
"CRS3035RES20000mN4040000E4560000",15.2154102325439,856.761657714844,716.857543945312
"CRS3035RES20000mN4040000E4580000",14.9964504241943,890.823486328125,711.450012207031
"CRS3035RES20000mN4040000E4600000",15.4978408813477,805.791931152344,719.821472167969
"CRS3035RES20000mN4040000E4620000",15.9865980148315,711.798217773438,725.625244140625
"CRS3035RES20000mN4040000E4640000",16.0982971191406,660.108947753906,725.710632324219
"CRS3035RES20000mN4040000E4660000",16.1623802185059,639.171936035156,725.918395996094
"CRS3035RES20000mN4040000E4680000",16.1625919342041,625.321899414062,724.750366210938
"CRS3035RES20000mN4040000E4700000",16.0633068084717,610.3935546875,718.244750976562
"CRS3035RES20000mN4040000E4720000",16.1241683959961,584.490478515625,718.21826171875
"CRS3035RES20000mN4040000E4740000",16.2282524108887,584.006530761719,723.1845703125
"CRS3035RES20000mN1880000E3240000",24.4924697875977,416.33935546875,703.338928222656
"CRS3035RES20000mN4040000E4760000",15.9971323013306,585.489562988281,704.688171386719
"CRS3035RES20000mN4040000E4780000",15.5332746505737,601.589050292969,666.027465820312
"CRS3035RES20000mN4040000E4800000",15.1758403778076,590.929138183594,628.0224609375
"CRS3035RES20000mN1880000E3260000",24.0869731903076,445.753997802734,690.335754394531
"CRS3035RES20000mN1880000E3280000",23.928539276123,444.8408203125,683.724853515625
"CRS3035RES20000mN4060000E3540000",12.2800054550171,1141.26745605469,249.260726928711
"CRS3035RES20000mN4060000E3560000",12.0063581466675,1170.2431640625,249.234024047852
"CRS3035RES20000mN4060000E3580000",12.1120939254761,1045.41418457031,245.183319091797
"CRS3035RES20000mN4060000E3600000",12.088942527771,1016.05334472656,243.579544067383
"CRS3035RES20000mN4060000E4040000",13.7678556442261,1792.09814453125,418.545440673828
"CRS3035RES20000mN4060000E4060000",13.7321062088013,2466.99853515625,487.0986328125
"CRS3035RES20000mN4060000E4080000",13.5887012481689,3329.68237304688,559.291015625
"CRS3035RES20000mN4060000E4100000",11.78502368927,3885.57373046875,575.005432128906
"CRS3035RES20000mN1880000E3300000",23.9929943084717,443.945434570312,680.699157714844
"CRS3035RES20000mN4060000E4120000",10.6008758544922,3797.30322265625,585.000122070312
"CRS3035RES20000mN4060000E4140000",9.54128074645996,2955.50805664062,602.014221191406
"CRS3035RES20000mN4060000E4160000",9.73730182647705,1981.82373046875,641.550720214844
"CRS3035RES20000mN4060000E4180000",10.6158380508423,1461.15710449219,665.027038574219
"CRS3035RES20000mN4060000E4200000",10.7582569122314,1482.095703125,665.814086914062
"CRS3035RES20000mN4060000E4220000",10.4303379058838,1440.15417480469,672.477233886719
"CRS3035RES20000mN4060000E4240000",11.7495965957642,1258.44360351562,699.690490722656
"CRS3035RES20000mN4060000E4260000",13.947229385376,1017.85150146484,748.285217285156
"CRS3035RES20000mN4060000E4280000",13.7010707855225,1132.046875,749.277160644531
"CRS3035RES20000mN4060000E4300000",15.3736591339111,963.384521484375,780.055053710938
"CRS3035RES20000mN1880000E3320000",24.2218990325928,414.797576904297,669.452575683594
"CRS3035RES20000mN4060000E4320000",15.3478860855103,1046.37817382812,762.767761230469
"CRS3035RES20000mN4060000E4340000",16.2656784057617,1041.60229492188,764.459716796875
"CRS3035RES20000mN4060000E4360000",15.9864521026611,1016.04620361328,744.097717285156
"CRS3035RES20000mN4060000E4380000",15.5364246368408,966.997741699219,724.92626953125
"CRS3035RES20000mN4060000E4400000",15.3604536056519,921.289794921875,718.871948242188
"CRS3035RES20000mN4060000E4420000",15.1053266525269,926.981750488281,711.061584472656
"CRS3035RES20000mN4060000E4440000",15.3816080093384,862.710388183594,712.951904296875
"CRS3035RES20000mN4060000E4460000",15.5159587860107,814.158325195312,718.949829101562
"CRS3035RES20000mN4060000E4480000",15.3887500762939,822.475891113281,722.978393554688
"CRS3035RES20000mN4060000E4500000",15.7745656967163,781.322875976562,738.931762695312
"CRS3035RES20000mN1880000E3340000",23.4621047973633,430.344879150391,638.845825195312
"CRS3035RES20000mN4060000E4520000",15.3896446228027,857.14013671875,736.776184082031
"CRS3035RES20000mN4060000E4540000",15.2108812332153,876.759582519531,731.9892578125
"CRS3035RES20000mN4060000E4560000",14.9061422348022,913.850158691406,721.480712890625
"CRS3035RES20000mN4060000E4580000",14.9942798614502,881.263427734375,721.335510253906
"CRS3035RES20000mN4060000E4600000",15.3660078048706,844.5498046875,726.336791992188
"CRS3035RES20000mN4060000E4620000",15.7147102355957,766.528869628906,729.965637207031
"CRS3035RES20000mN4060000E4640000",15.8403739929199,719.901184082031,728.678588867188
"CRS3035RES20000mN4060000E4660000",16.0196704864502,678.794067382812,729.798278808594
"CRS3035RES20000mN4060000E4680000",16.1110801696777,628.994995117188,729.469360351562
"CRS3035RES20000mN4060000E4700000",16.0973720550537,595.669982910156,727.309936523438
"CRS3035RES20000mN1880000E3360000",22.158411026001,525.999633789062,600.612243652344
"CRS3035RES20000mN4060000E4720000",16.1466979980469,575.119873046875,727.933837890625
"CRS3035RES20000mN4060000E4740000",16.1960506439209,580.40966796875,730.96923828125
"CRS3035RES20000mN4060000E4760000",15.9847536087036,587.300659179688,715.605102539062
"CRS3035RES20000mN4060000E4780000",15.5193920135498,609.092224121094,678.541259765625
"CRS3035RES20000mN4060000E4800000",15.1724262237549,587.212341308594,639.440185546875
"CRS3035RES20000mN1880000E3380000",22.8262805938721,571.197387695312,570.144836425781
"CRS3035RES20000mN1880000E3400000",24.6754302978516,506.58203125,549.34033203125
"CRS3035RES20000mN4080000E3580000",12.0839061737061,1092.29223632812,242.955642700195
"CRS3035RES20000mN4080000E3600000",12.0494976043701,1051.19873046875,241.36701965332
"CRS3035RES20000mN1880000E3420000",24.9669704437256,489.328887939453,529.063842773438
"CRS3035RES20000mN4080000E4040000",13.4441070556641,1869.47436523438,405.457000732422
"CRS3035RES20000mN4080000E4060000",13.3101568222046,2433.55029296875,479.051239013672
"CRS3035RES20000mN4080000E4080000",13.0443515777588,3334.00952148438,562.701782226562
"CRS3035RES20000mN4080000E4100000",11.2075386047363,3881.38330078125,588.700317382812
"CRS3035RES20000mN4080000E4120000",9.95173835754395,3611.1015625,598.34765625
"CRS3035RES20000mN4080000E4140000",8.68259143829346,3040.99047851562,605.523742675781
"CRS3035RES20000mN4080000E4160000",8.83231544494629,2115.93383789062,637.984436035156
"CRS3035RES20000mN4080000E4180000",8.52267169952393,1717.09057617188,653.643127441406
"CRS3035RES20000mN4080000E4200000",9.16601276397705,1474.75903320312,660.648864746094
"CRS3035RES20000mN1880000E3440000",24.5820407867432,538.828857421875,487.320404052734
"CRS3035RES20000mN4080000E4220000",9.836106300354,1310.30712890625,670.619934082031
"CRS3035RES20000mN4080000E4240000",11.5750246047974,1222.46252441406,699.583923339844
"CRS3035RES20000mN4080000E4260000",12.330961227417,1125.38818359375,721.4296875
"CRS3035RES20000mN4080000E4280000",14.4451990127563,969.237182617188,775.540588378906
"CRS3035RES20000mN4080000E4300000",15.1821002960205,948.549194335938,791.900146484375
"CRS3035RES20000mN4080000E4320000",14.3462934494019,1029.59204101562,763.2822265625
"CRS3035RES20000mN4080000E4340000",15.7195529937744,1054.23620605469,772.705383300781
"CRS3035RES20000mN4080000E4360000",15.6974868774414,1041.82482910156,754.934143066406
"CRS3035RES20000mN4080000E4380000",15.4878225326538,913.483947753906,738.555786132812
"CRS3035RES20000mN4080000E4400000",15.2170324325562,889.213806152344,733.66259765625
"CRS3035RES20000mN1880000E3680000",24.4565963745117,791.725036621094,500.961975097656
"CRS3035RES20000mN4080000E4420000",15.2385759353638,887.028137207031,733.306091308594
"CRS3035RES20000mN4080000E4440000",15.534083366394,860.229309082031,737.577331542969
"CRS3035RES20000mN4080000E4460000",15.0454359054565,879.773986816406,730.4541015625
"CRS3035RES20000mN4080000E4480000",15.2438564300537,839.263122558594,739.96923828125
"CRS3035RES20000mN4080000E4500000",15.2115039825439,870.010192871094,744.347717285156
"CRS3035RES20000mN4080000E4520000",14.9451971054077,871.1728515625,740.390991210938
"CRS3035RES20000mN4080000E4540000",14.7367897033691,915.144287109375,733.134887695312
"CRS3035RES20000mN4080000E4560000",14.8031911849976,919.264465332031,730.697143554688
"CRS3035RES20000mN4080000E4580000",14.8678407669067,911.205993652344,728.841430664062
"CRS3035RES20000mN4080000E4600000",14.9223880767822,878.700622558594,727.238708496094
"CRS3035RES20000mN1880000E3700000",23.7245216369629,848.665222167969,528.982299804688
"CRS3035RES20000mN4080000E4620000",15.1780443191528,829.035827636719,730.040710449219
"CRS3035RES20000mN4080000E4640000",15.5695428848267,748.254699707031,733.284301757812
"CRS3035RES20000mN4080000E4660000",15.6827840805054,710.6396484375,730.377319335938
"CRS3035RES20000mN4080000E4680000",15.7868852615356,659.898742675781,729.417724609375
"CRS3035RES20000mN4080000E4700000",15.8391342163086,633.31103515625,731.707641601562
"CRS3035RES20000mN4080000E4720000",15.8566646575928,615.165710449219,728.63916015625
"CRS3035RES20000mN4080000E4740000",15.9249000549316,596.63134765625,725.583923339844
"CRS3035RES20000mN4080000E4760000",15.8811798095703,605.007507324219,720.155517578125
"CRS3035RES20000mN4080000E4780000",15.6353950500488,619.58203125,699.399963378906
"CRS3035RES20000mN4080000E4800000",15.3380146026611,606.138793945312,666.429809570312
"CRS3035RES20000mN1880000E3720000",24.6105251312256,656.231872558594,494.672546386719
"CRS3035RES20000mN4100000E4040000",13.494327545166,1922.84387207031,412.306671142578
"CRS3035RES20000mN1880000E3780000",23.8371391296387,556.854553222656,437.492797851562
"CRS3035RES20000mN4100000E4060000",13.4171113967896,2392.59643554688,488.960906982422
"CRS3035RES20000mN4100000E4080000",14.6462783813477,2921.07202148438,592.061096191406
"CRS3035RES20000mN4100000E4100000",9.96767711639404,4125.4794921875,596.270202636719
"CRS3035RES20000mN4100000E4120000",9.94665622711182,3523.86694335938,611.579162597656
"CRS3035RES20000mN4100000E4140000",7.66851425170898,3138.58618164062,606.110107421875
"CRS3035RES20000mN4100000E4160000",8.23029041290283,2078.4560546875,627.953186035156
"CRS3035RES20000mN4100000E4180000",8.69119358062744,1525.01306152344,649.338500976562
"CRS3035RES20000mN4100000E4200000",8.76432514190674,1292.74450683594,664.457336425781
"CRS3035RES20000mN4100000E4220000",9.28030872344971,1153.919921875,674.016418457031
"CRS3035RES20000mN4100000E4240000",10.8578004837036,1109.04223632812,698.035278320312
"CRS3035RES20000mN1880000E3800000",23.5782012939453,559.849670410156,440.646545410156
"CRS3035RES20000mN4100000E4260000",12.5774955749512,1104.01635742188,734.504272460938
"CRS3035RES20000mN4100000E4280000",14.2594003677368,1047.99487304688,778.953857421875
"CRS3035RES20000mN4100000E4300000",15.2019128799438,920.248168945312,801.739624023438
"CRS3035RES20000mN4100000E4320000",15.8122510910034,882.628112792969,808.479187011719
"CRS3035RES20000mN4100000E4340000",13.8956069946289,1156.40368652344,747.920532226562
"CRS3035RES20000mN4100000E4360000",14.927321434021,1081.33190917969,754.318115234375
"CRS3035RES20000mN4100000E4380000",15.7285289764404,889.534484863281,761.812805175781
"CRS3035RES20000mN4100000E4400000",15.2061557769775,885.550415039062,751.776184082031
"CRS3035RES20000mN4100000E4420000",14.8722763061523,908.028930664062,745.054504394531
"CRS3035RES20000mN4100000E4440000",15.1095886230469,916.841674804688,751.1357421875
"CRS3035RES20000mN1880000E3820000",23.6834964752197,536.872741699219,438.890747070312
"CRS3035RES20000mN4100000E4460000",14.6852979660034,952.231201171875,745.908813476562
"CRS3035RES20000mN4100000E4480000",15.3468313217163,877.366394042969,764.581359863281
"CRS3035RES20000mN4100000E4500000",15.1174259185791,913.839660644531,759.661437988281
"CRS3035RES20000mN4100000E4520000",15.0140724182129,865.236511230469,753.20458984375
"CRS3035RES20000mN4100000E4540000",14.5573921203613,922.048095703125,738.854675292969
"CRS3035RES20000mN4100000E4560000",14.5538320541382,932.746032714844,736.002197265625
"CRS3035RES20000mN4100000E4580000",14.5184659957886,941.698608398438,732.196838378906
"CRS3035RES20000mN4100000E4600000",14.541672706604,904.095031738281,729.961791992188
"CRS3035RES20000mN4100000E4620000",15.0793581008911,796.05712890625,738.121276855469
"CRS3035RES20000mN4100000E4640000",15.5153398513794,733.4375,741.249633789062
"CRS3035RES20000mN4100000E4660000",15.7041835784912,699.410705566406,740.227966308594
"CRS3035RES20000mN4100000E4680000",15.7674703598022,670.945861816406,738.440673828125
"CRS3035RES20000mN4100000E4700000",15.6746282577515,668.612365722656,735.424743652344
"CRS3035RES20000mN4100000E4720000",15.6882667541504,659.871276855469,728.852905273438
"CRS3035RES20000mN4100000E4740000",15.7824678421021,646.854309082031,724.653015136719
"CRS3035RES20000mN4100000E4760000",15.8323440551758,651.100036621094,725.986267089844
"CRS3035RES20000mN4100000E4780000",15.7835912704468,645.783935546875,715.758911132812
"CRS3035RES20000mN4100000E4800000",15.5419445037842,634.7578125,687.641479492188
"CRS3035RES20000mN4100000E4820000",14.9717016220093,593.772705078125,638.440063476562
"CRS3035RES20000mN1880000E4180000",23.0969524383545,718.946228027344,498.498016357422
"CRS3035RES20000mN1880000E4200000",22.5759105682373,761.855712890625,560.186462402344
"CRS3035RES20000mN4120000E3680000",12.001485824585,1106.34191894531,246.501983642578
"CRS3035RES20000mN4120000E4040000",13.8324842453003,2085.74365234375,441.339202880859
"CRS3035RES20000mN4120000E4060000",14.2340364456177,2658.14868164062,530.035095214844
"CRS3035RES20000mN4120000E4080000",13.773998260498,3270.3203125,616.102661132812
"CRS3035RES20000mN4120000E4100000",13.4237623214722,3316.63525390625,640.50537109375
"CRS3035RES20000mN1880000E4220000",22.9659118652344,782.405700683594,599.44677734375
"CRS3035RES20000mN4120000E4120000",10.3608283996582,3534.1015625,617.311279296875
"CRS3035RES20000mN4120000E4140000",8.03836250305176,2857.86181640625,610.542724609375
"CRS3035RES20000mN4120000E4160000",8.28658866882324,1985.8203125,624.798217773438
"CRS3035RES20000mN4120000E4180000",8.66854667663574,1540.91162109375,643.775451660156
"CRS3035RES20000mN4120000E4200000",9.0736722946167,1244.9677734375,669.179809570312
"CRS3035RES20000mN4120000E4220000",9.38454341888428,1114.35656738281,683.948303222656
"CRS3035RES20000mN4120000E4240000",10.580864906311,1023.07891845703,707.109924316406
"CRS3035RES20000mN4120000E4260000",11.7808418273926,1071.98449707031,731.67724609375
"CRS3035RES20000mN4120000E4280000",12.0382452011108,1230.11486816406,742.266357421875
"CRS3035RES20000mN4120000E4300000",14.8128852844238,947.366455078125,800.975646972656
"CRS3035RES20000mN1880000E4240000",20.6057262420654,916.796264648438,601.021850585938
"CRS3035RES20000mN4120000E4320000",14.99134349823,935.37451171875,800.761779785156
"CRS3035RES20000mN4120000E4340000",14.3048124313354,1031.15625,769.988342285156
"CRS3035RES20000mN4120000E4360000",14.102822303772,1077.67077636719,749.692138671875
"CRS3035RES20000mN4120000E4380000",15.4369745254517,946.751831054688,774.140075683594
"CRS3035RES20000mN4120000E4400000",15.3858270645142,888.740783691406,774.574829101562
"CRS3035RES20000mN4120000E4420000",15.0748043060303,870.770141601562,769.639099121094
"CRS3035RES20000mN4120000E4440000",14.6656045913696,939.911987304688,761.84130859375
"CRS3035RES20000mN4120000E4460000",14.7174272537231,977.632751464844,765.701416015625
"CRS3035RES20000mN4120000E4480000",15.2631950378418,903.837341308594,778.324279785156
"CRS3035RES20000mN4120000E4500000",14.9232492446899,939.799621582031,766.900024414062
"CRS3035RES20000mN1880000E4260000",19.0199947357178,825.326599121094,564.828918457031
"CRS3035RES20000mN4120000E4520000",14.6111469268799,923.327941894531,755.197265625
"CRS3035RES20000mN4120000E4540000",14.1619853973389,934.074157714844,740.245727539062
"CRS3035RES20000mN4120000E4560000",14.0691299438477,944.437072753906,733.985900878906
"CRS3035RES20000mN4120000E4580000",14.6559410095215,830.750183105469,744.619873046875
"CRS3035RES20000mN4120000E4600000",15.0451755523682,773.010009765625,747.9765625
"CRS3035RES20000mN4120000E4620000",15.3247241973877,739.265319824219,747.779174804688
"CRS3035RES20000mN4120000E4640000",15.300350189209,739.360107421875,742.961730957031
"CRS3035RES20000mN4120000E4660000",15.7557258605957,688.053344726562,748.707580566406
"CRS3035RES20000mN4120000E4680000",15.9145545959473,661.567138671875,748.36572265625
"CRS3035RES20000mN4120000E4700000",15.8705930709839,646.340515136719,742.6533203125
"CRS3035RES20000mN1880000E4280000",21.6975688934326,644.445007324219,496.136383056641
"CRS3035RES20000mN4120000E4720000",15.847996711731,641.949584960938,736.958129882812
"CRS3035RES20000mN4120000E4740000",15.7630586624146,671.353881835938,730.225280761719
"CRS3035RES20000mN4120000E4760000",15.7981662750244,685.919189453125,727.286987304688
"CRS3035RES20000mN4120000E4780000",15.6712436676025,658.874389648438,709.812316894531
"CRS3035RES20000mN4120000E4800000",15.3294095993042,632.256225585938,678.030578613281
"CRS3035RES20000mN4120000E4820000",14.9132976531982,590.279602050781,636.550964355469
"CRS3035RES20000mN4140000E3680000",11.7692222595215,1228.5458984375,243.819915771484
"CRS3035RES20000mN4140000E3700000",12.0038709640503,1180.35864257812,249.291961669922
"CRS3035RES20000mN1880000E4800000",23.6126766204834,967.415649414062,564.64453125
"CRS3035RES20000mN4140000E4040000",13.6555509567261,2397.46118164062,439.623840332031
"CRS3035RES20000mN4140000E4060000",13.3188896179199,3446.88525390625,533.158020019531
"CRS3035RES20000mN4140000E4080000",12.3289279937744,4046.27661132812,595.061340332031
"CRS3035RES20000mN4140000E4100000",12.87779712677,3565.51049804688,624.717834472656
"CRS3035RES20000mN4140000E4120000",13.624475479126,2804.07543945312,640.893371582031
"CRS3035RES20000mN4140000E4140000",11.2018785476685,2277.3525390625,628.838317871094
"CRS3035RES20000mN4140000E4160000",10.2625608444214,1786.43273925781,635.363159179688
"CRS3035RES20000mN4140000E4180000",8.83450698852539,1557.05151367188,643.422241210938
"CRS3035RES20000mN4140000E4200000",9.46505546569824,1272.93395996094,667.45263671875
"CRS3035RES20000mN4140000E4220000",10.5144577026367,1011.61492919922,693.712036132812
"CRS3035RES20000mN1880000E4820000",20.5005321502686,1251.55297851562,590.232177734375
"CRS3035RES20000mN4140000E4240000",11.1575584411621,862.302368164062,726.553344726562
"CRS3035RES20000mN4140000E4260000",11.1281595230103,1011.42889404297,741.94482421875
"CRS3035RES20000mN4140000E4280000",12.7219305038452,971.576232910156,771.592163085938
"CRS3035RES20000mN4140000E4300000",12.3083028793335,1157.52490234375,754.149536132812
"CRS3035RES20000mN4140000E4320000",14.6206827163696,899.291564941406,802.888549804688
"CRS3035RES20000mN4140000E4340000",14.2915153503418,938.856079101562,781.960083007812
"CRS3035RES20000mN4140000E4360000",13.2538604736328,1058.07092285156,739.525634765625
"CRS3035RES20000mN4140000E4380000",14.4893579483032,996.658203125,765.516357421875
"CRS3035RES20000mN4140000E4400000",14.8337736129761,898.894775390625,780.280151367188
"CRS3035RES20000mN4140000E4420000",14.8664093017578,909.091674804688,784.685546875
"CRS3035RES20000mN1880000E4840000",17.9188995361328,1038.85205078125,585.337646484375
"CRS3035RES20000mN4140000E4440000",14.3849020004272,954.712646484375,772.997741699219
"CRS3035RES20000mN4140000E4460000",14.1674528121948,987.719299316406,765.050476074219
"CRS3035RES20000mN4140000E4480000",14.7723379135132,953.9658203125,775.953247070312
"CRS3035RES20000mN4140000E4500000",14.2367286682129,964.94091796875,757.152099609375
"CRS3035RES20000mN4140000E4520000",14.0868530273438,948.03173828125,748.678283691406
"CRS3035RES20000mN4140000E4540000",14.2408781051636,860.594421386719,748.439025878906
"CRS3035RES20000mN4140000E4560000",14.5305662155151,795.906005859375,750.851989746094
"CRS3035RES20000mN4140000E4580000",14.5619459152222,772.920227050781,747.014831542969
"CRS3035RES20000mN4140000E4600000",14.5660638809204,803.055908203125,742.425354003906
"CRS3035RES20000mN4140000E4620000",15.0365314483643,758.923034667969,749.221130371094
"CRS3035RES20000mN1880000E4860000",20.7657909393311,907.048828125,573.73486328125
"CRS3035RES20000mN4140000E4640000",15.4944105148315,701.285461425781,755.444519042969
"CRS3035RES20000mN4140000E4660000",15.3326988220215,723.937561035156,747.009155273438
"CRS3035RES20000mN4140000E4680000",15.7475624084473,690.660705566406,749.427307128906
"CRS3035RES20000mN4140000E4700000",15.8751802444458,655.956604003906,745.369750976562
"CRS3035RES20000mN4140000E4720000",15.882640838623,659.043762207031,744.2890625
"CRS3035RES20000mN4140000E4740000",15.8503561019897,671.799499511719,735.371826171875
"CRS3035RES20000mN4140000E4760000",15.7129306793213,665.091491699219,715.230346679688
"CRS3035RES20000mN4140000E4780000",15.3250942230225,637.947692871094,680.787963867188
"CRS3035RES20000mN4140000E4800000",14.9821529388428,596.587341308594,651.40673828125
"CRS3035RES20000mN1880000E4880000",25.107593536377,607.141967773438,560.919921875
"CRS3035RES20000mN4140000E5040000",15.229266166687,701.940979003906,714.573547363281
"CRS3035RES20000mN4140000E5060000",15.3220119476318,699.718139648438,721.655700683594
"CRS3035RES20000mN1880000E5020000",24.5929317474365,553.430236816406,505.072875976562
"CRS3035RES20000mN4160000E3660000",11.7558069229126,1217.92297363281,235.872909545898
"CRS3035RES20000mN4160000E3680000",11.6315965652466,1304.42053222656,241.055526733398
"CRS3035RES20000mN4160000E3700000",11.8241786956787,1234.61596679688,245.271682739258
"CRS3035RES20000mN4160000E4040000",13.3601102828979,2394.46118164062,417.393157958984
"CRS3035RES20000mN4160000E4060000",13.8120336532593,3463.96337890625,522.467224121094
"CRS3035RES20000mN4160000E4080000",12.2896299362183,4511.94921875,577.783325195312
"CRS3035RES20000mN4160000E4100000",11.4558296203613,4013.03515625,598.399841308594
"CRS3035RES20000mN4160000E4120000",12.4734487533569,2794.05639648438,619.90087890625
"CRS3035RES20000mN4160000E4140000",11.6761016845703,2581.87084960938,630.408264160156
"CRS3035RES20000mN4160000E4160000",8.20101261138916,2411.48217773438,631.038269042969
"CRS3035RES20000mN4160000E4180000",7.45192623138428,1800.595703125,636.011535644531
"CRS3035RES20000mN4160000E4200000",8.90944480895996,1463.00122070312,655.1123046875
"CRS3035RES20000mN4160000E4220000",11.0929126739502,1061.244140625,697.513610839844
"CRS3035RES20000mN4160000E4240000",11.7776098251343,846.155639648438,744.932556152344
"CRS3035RES20000mN4160000E4260000",12.7762241363525,739.170288085938,780.420715332031
"CRS3035RES20000mN4160000E4280000",11.3078212738037,1073.09753417969,764.405578613281
"CRS3035RES20000mN4160000E4300000",13.7748022079468,939.999633789062,801.681701660156
"CRS3035RES20000mN4160000E4320000",14.0780324935913,954.086730957031,796.809753417969
"CRS3035RES20000mN4160000E4340000",13.9142599105835,859.201477050781,780.774169921875
"CRS3035RES20000mN4160000E4360000",14.0583181381226,896.464233398438,773.367553710938
"CRS3035RES20000mN4160000E4380000",14.77428150177,855.781616210938,787.647583007812
"CRS3035RES20000mN4160000E4400000",13.8195953369141,957.199951171875,769.552856445312
"CRS3035RES20000mN4160000E4420000",15.2732877731323,805.900207519531,810.286682128906
"CRS3035RES20000mN4160000E4440000",14.227502822876,961.532592773438,782.423583984375
"CRS3035RES20000mN4160000E4460000",13.7743301391602,933.054443359375,766.937561035156
"CRS3035RES20000mN4160000E4480000",14.2543306350708,918.718139648438,772.797912597656
"CRS3035RES20000mN4160000E4500000",13.5350103378296,1017.96539306641,747.159973144531
"CRS3035RES20000mN4160000E4520000",14.1008930206299,896.817138671875,753.633422851562
"CRS3035RES20000mN4160000E4540000",14.5188083648682,807.639343261719,757.54638671875
"CRS3035RES20000mN4160000E4560000",14.5365257263184,751.292724609375,752.544738769531
"CRS3035RES20000mN4160000E4580000",14.7790975570679,724.174438476562,754.287475585938
"CRS3035RES20000mN4160000E4600000",14.7787208557129,750.524291992188,754.992553710938
"CRS3035RES20000mN4160000E4620000",15.4806327819824,699.933532714844,771.892333984375
"CRS3035RES20000mN4160000E4640000",15.0682716369629,730.407470703125,756.403259277344
"CRS3035RES20000mN4160000E4660000",15.3489818572998,729.293395996094,754.199951171875
"CRS3035RES20000mN4160000E4680000",15.6979837417603,697.528930664062,752.28857421875
"CRS3035RES20000mN4160000E4700000",15.8325967788696,686.938659667969,750.453308105469
"CRS3035RES20000mN4160000E4720000",15.9516725540161,662.413146972656,747.706909179688
"CRS3035RES20000mN4160000E4740000",15.854416847229,656.8994140625,729.200317382812
"CRS3035RES20000mN4160000E4760000",15.4500980377197,613.328125,691.009460449219
"CRS3035RES20000mN4160000E4780000",14.8933506011963,586.481384277344,649.601440429688
"CRS3035RES20000mN4160000E4940000",15.0513525009155,616.582458496094,687.634094238281
"CRS3035RES20000mN4160000E4960000",15.1289577484131,664.750122070312,702.692932128906
"CRS3035RES20000mN4160000E4980000",15.266773223877,675.178527832031,715.306884765625
"CRS3035RES20000mN4160000E5000000",15.2957010269165,714.500671386719,724.782104492188
"CRS3035RES20000mN4160000E5020000",15.2377042770386,757.057861328125,731.182067871094
"CRS3035RES20000mN4160000E5040000",15.3429384231567,790.683410644531,738.600952148438
"CRS3035RES20000mN4160000E5060000",15.5986061096191,766.614929199219,747.098693847656
"CRS3035RES20000mN4160000E5080000",15.2488393783569,692.91748046875,738.358215332031
"CRS3035RES20000mN4160000E5100000",15.3233585357666,631.809814453125,733.569702148438
"CRS3035RES20000mN4180000E3660000",11.7231683731079,1265.72961425781,234.572174072266
"CRS3035RES20000mN4180000E3680000",11.5975379943848,1275.66662597656,238.715286254883
"CRS3035RES20000mN4180000E3700000",11.6375761032104,1239.11499023438,242.57780456543
"CRS3035RES20000mN4180000E4040000",13.2971324920654,2572.41479492188,402.868774414062
"CRS3035RES20000mN4180000E4060000",12.8799381256104,4002.18530273438,505.263305664062
"CRS3035RES20000mN4180000E4080000",12.5165109634399,4422.08056640625,573.047729492188
"CRS3035RES20000mN4180000E4100000",10.6509160995483,4011.59301757812,594.929260253906
"CRS3035RES20000mN4180000E4120000",11.5367336273193,2788.83081054688,616.009338378906
"CRS3035RES20000mN4180000E4140000",9.88649749755859,2679.84741210938,618.189697265625
"CRS3035RES20000mN4180000E4160000",9.27910900115967,2123.18139648438,644.929504394531
"CRS3035RES20000mN4180000E4180000",7.52607917785645,1654.09020996094,635.279724121094
"CRS3035RES20000mN4180000E4200000",7.92505025863647,1508.13317871094,650.131774902344
"CRS3035RES20000mN4180000E4220000",8.88511657714844,1375.04528808594,684.367065429688
"CRS3035RES20000mN4180000E4240000",11.1637554168701,975.083679199219,742.542175292969
"CRS3035RES20000mN4180000E4260000",11.398886680603,882.417663574219,767.702270507812
"CRS3035RES20000mN4180000E4280000",11.9191665649414,997.654418945312,788.649841308594
"CRS3035RES20000mN4180000E4300000",13.18190574646,1031.552734375,795.927612304688
"CRS3035RES20000mN4180000E4320000",13.9449892044067,978.34716796875,801.145812988281
"CRS3035RES20000mN4180000E4340000",14.0848550796509,899.624572753906,793.869995117188
"CRS3035RES20000mN4180000E4360000",15.4509687423706,697.165100097656,823.611022949219
"CRS3035RES20000mN4180000E4380000",15.0836992263794,753.417663574219,811.778564453125
"CRS3035RES20000mN4180000E4400000",14.9586486816406,817.146362304688,814.855407714844
"CRS3035RES20000mN4180000E4420000",14.3216590881348,889.958801269531,796.5791015625
"CRS3035RES20000mN4180000E4440000",14.201379776001,898.74462890625,791.835144042969
"CRS3035RES20000mN4180000E4460000",13.9677429199219,887.792175292969,785.388488769531
"CRS3035RES20000mN4180000E4480000",13.2910470962524,975.389587402344,759.928039550781
"CRS3035RES20000mN4180000E4500000",13.7501106262207,946.386779785156,762.882385253906
"CRS3035RES20000mN4180000E4520000",14.0800132751465,916.034973144531,757.905151367188
"CRS3035RES20000mN4180000E4540000",14.1721868515015,806.802673339844,751.175903320312
"CRS3035RES20000mN4180000E4560000",14.1408224105835,793.909423828125,745.911743164062
"CRS3035RES20000mN4180000E4580000",14.6994314193726,706.474975585938,755.461547851562
"CRS3035RES20000mN4180000E4600000",14.5617055892944,768.945495605469,760.182922363281
"CRS3035RES20000mN4180000E4620000",15.1502361297607,720.034606933594,777.0595703125
"CRS3035RES20000mN4180000E4640000",14.912392616272,716.019104003906,762.147583007812
"CRS3035RES20000mN4180000E4660000",15.0721120834351,771.320983886719,753.968139648438
"CRS3035RES20000mN4180000E4680000",15.7528123855591,726.957336425781,758.760925292969
"CRS3035RES20000mN4180000E4700000",15.919337272644,699.94091796875,753.191711425781
"CRS3035RES20000mN4180000E4720000",15.7939758300781,648.982116699219,728.733581542969
"CRS3035RES20000mN4180000E4740000",15.4984045028687,617.030822753906,698.248352050781
"CRS3035RES20000mN4180000E4760000",14.9639854431152,559.69580078125,658.142578125
"CRS3035RES20000mN4180000E4960000",15.2514896392822,669.740417480469,726.812622070312
"CRS3035RES20000mN4180000E4980000",15.5406074523926,697.997680664062,742.293151855469
"CRS3035RES20000mN4180000E5000000",15.7567462921143,736.723937988281,755.84765625
"CRS3035RES20000mN4180000E5020000",15.6637601852417,783.133483886719,760.801147460938
"CRS3035RES20000mN4180000E5040000",15.620023727417,818.070617675781,767.523864746094
"CRS3035RES20000mN4180000E5060000",15.6512794494629,790.051818847656,772.502075195312
"CRS3035RES20000mN4180000E5080000",15.3321952819824,757.810852050781,760.384155273438
"CRS3035RES20000mN4180000E5100000",15.1815366744995,715.688293457031,751.075500488281
"CRS3035RES20000mN4180000E5120000",15.1613721847534,684.954895019531,742.525695800781
"CRS3035RES20000mN4200000E3680000",11.5642404556274,1315.86791992188,236.696441650391
"CRS3035RES20000mN4200000E3700000",11.6162004470825,1232.27185058594,239.861114501953
"CRS3035RES20000mN4200000E3720000",11.8200769424438,1184.62353515625,242.775085449219
"CRS3035RES20000mN4200000E4040000",12.9105978012085,2939.73461914062,394.870483398438
"CRS3035RES20000mN4200000E4060000",12.1874513626099,4385.31201171875,495.759033203125
"CRS3035RES20000mN4200000E4080000",10.6353931427002,5104.71826171875,562.424133300781
"CRS3035RES20000mN4200000E4100000",10.1957511901855,3894.07446289062,597.703491210938
"CRS3035RES20000mN4200000E4120000",10.0396928787231,2624.12475585938,606.211364746094
"CRS3035RES20000mN4200000E4140000",10.2471351623535,2254.7373046875,625.322143554688
"CRS3035RES20000mN4200000E4160000",10.8083763122559,1785.724609375,667.545166015625
"CRS3035RES20000mN4200000E4180000",8.52591037750244,1501.51110839844,655.417114257812
"CRS3035RES20000mN4200000E4200000",7.79410362243652,1329.17395019531,666.018798828125
"CRS3035RES20000mN4200000E4220000",8.3062219619751,1289.87561035156,687.04833984375
"CRS3035RES20000mN4200000E4240000",9.54295825958252,1230.59057617188,723.761779785156
"CRS3035RES20000mN4200000E4260000",11.9803352355957,914.370971679688,772.318237304688
"CRS3035RES20000mN4200000E4280000",11.9897632598877,966.810668945312,793.120300292969
"CRS3035RES20000mN4200000E4300000",11.7638816833496,1123.01037597656,778.246154785156
"CRS3035RES20000mN4200000E4320000",12.8100328445435,1102.96020507812,783.406677246094
"CRS3035RES20000mN4200000E4340000",14.3423366546631,948.667358398438,810.767700195312
"CRS3035RES20000mN4200000E4360000",13.6170063018799,956.034606933594,785.153137207031
"CRS3035RES20000mN4200000E4380000",13.0157823562622,1035.77526855469,771.55517578125
"CRS3035RES20000mN4200000E4400000",14.3833951950073,894.060791015625,815.377380371094
"CRS3035RES20000mN4200000E4420000",13.4850187301636,968.086730957031,786.50830078125
"CRS3035RES20000mN4200000E4440000",13.8772630691528,949.592529296875,792.169860839844
"CRS3035RES20000mN4200000E4460000",13.4722862243652,949.755126953125,785.028259277344
"CRS3035RES20000mN4200000E4480000",13.1680507659912,1000.81402587891,771.813598632812
"CRS3035RES20000mN4200000E4500000",13.184326171875,996.980102539062,756.219787597656
"CRS3035RES20000mN4200000E4520000",14.0303392410278,884.693237304688,764.988586425781
"CRS3035RES20000mN4200000E4540000",14.0711040496826,836.45458984375,758.515502929688
"CRS3035RES20000mN4200000E4560000",14.9304885864258,703.306518554688,776.937133789062
"CRS3035RES20000mN4200000E4580000",14.8993330001831,694.651733398438,772.260314941406
"CRS3035RES20000mN4200000E4600000",14.376088142395,753.908996582031,767.101928710938
"CRS3035RES20000mN4200000E4620000",14.5002470016479,747.736755371094,768.653198242188
"CRS3035RES20000mN4200000E4640000",14.0366077423096,807.102294921875,747.431579589844
"CRS3035RES20000mN4200000E4660000",14.6289892196655,794.51171875,749.128356933594
"CRS3035RES20000mN4200000E4680000",15.5013790130615,742.690612792969,754.740966796875
"CRS3035RES20000mN4200000E4700000",15.7780771255493,693.954528808594,740.090698242188
"CRS3035RES20000mN4200000E4920000",14.8252334594727,623.330200195312,689.775451660156
"CRS3035RES20000mN4200000E4940000",15.261736869812,643.548461914062,720.193542480469
"CRS3035RES20000mN4200000E4960000",15.5681371688843,690.657470703125,745.421081542969
"CRS3035RES20000mN4200000E4980000",15.6611051559448,743.489807128906,762.366516113281
"CRS3035RES20000mN4200000E5000000",15.7247619628906,772.068481445312,773.210388183594
"CRS3035RES20000mN4200000E5020000",15.658374786377,779.348510742188,779.783264160156
"CRS3035RES20000mN4200000E5040000",15.6681890487671,781.366943359375,788.207153320312
"CRS3035RES20000mN4200000E5060000",15.5893287658691,794.413452148438,790.755065917969
"CRS3035RES20000mN4200000E5080000",15.7194118499756,773.331359863281,789.697631835938
"CRS3035RES20000mN4200000E5100000",15.6026105880737,773.830078125,785.127685546875
"CRS3035RES20000mN4200000E5120000",15.6364078521729,747.761657714844,784.352844238281
"CRS3035RES20000mN4200000E5140000",15.7355070114136,684.062133789062,785.893371582031
"CRS3035RES20000mN4200000E5160000",15.5784034729004,661.820495605469,774.030090332031
"CRS3035RES20000mN4220000E3700000",11.7223253250122,1247.71008300781,237.391326904297
"CRS3035RES20000mN4220000E3720000",11.7320051193237,1238.37634277344,241.453689575195
"CRS3035RES20000mN4220000E4020000",13.0270404815674,1808.78979492188,354.068267822266
"CRS3035RES20000mN4220000E4040000",12.6215686798096,3126.71948242188,391.021026611328
"CRS3035RES20000mN4220000E4060000",12.8731651306152,3852.79248046875,489.572357177734
"CRS3035RES20000mN4220000E4080000",13.3848171234131,3499.08276367188,593.865112304688
"CRS3035RES20000mN4220000E4100000",12.575758934021,3036.32983398438,633.8681640625
"CRS3035RES20000mN4220000E4120000",14.0316667556763,2002.44348144531,677.372009277344
"CRS3035RES20000mN4220000E4140000",13.8123979568481,1645.2548828125,684.552734375
"CRS3035RES20000mN4220000E4160000",14.2489929199219,1345.84948730469,720.470458984375
"CRS3035RES20000mN4220000E4180000",12.0239953994751,1163.16162109375,700.591369628906
"CRS3035RES20000mN4220000E4200000",8.56440258026123,1319.12976074219,674.010131835938
"CRS3035RES20000mN4220000E4220000",8.66073322296143,1273.90368652344,685.395385742188
"CRS3035RES20000mN4220000E4240000",10.4945468902588,1231.56921386719,721.388854980469
"CRS3035RES20000mN4220000E4260000",12.0126667022705,994.406799316406,761.533935546875
"CRS3035RES20000mN4220000E4280000",10.8173027038574,1050.51525878906,775.296508789062
"CRS3035RES20000mN4220000E4300000",10.8911247253418,1093.07434082031,782.552490234375
"CRS3035RES20000mN4220000E4320000",12.7977819442749,1078.59655761719,804.935668945312
"CRS3035RES20000mN4220000E4340000",12.7639198303223,1230.52941894531,791.16357421875
"CRS3035RES20000mN4220000E4360000",11.5584926605225,1308.45251464844,751.303833007812
"CRS3035RES20000mN4220000E4380000",13.5532064437866,1032.25207519531,808.458557128906
"CRS3035RES20000mN4220000E4400000",13.5831251144409,996.453247070312,808.683349609375
"CRS3035RES20000mN4220000E4420000",12.9048509597778,1052.71948242188,780.812438964844
"CRS3035RES20000mN4220000E4440000",13.4272928237915,1033.25988769531,788.816223144531
"CRS3035RES20000mN4220000E4460000",13.4100275039673,1038.365234375,793.534973144531
"CRS3035RES20000mN4220000E4480000",12.3353357315063,1130.24206542969,759.776916503906
"CRS3035RES20000mN4220000E4500000",13.3262481689453,949.417846679688,768.998291015625
"CRS3035RES20000mN4220000E4520000",13.6194295883179,859.600524902344,766.331176757812
"CRS3035RES20000mN4220000E4540000",14.257960319519,798.629211425781,775.619567871094
"CRS3035RES20000mN4220000E4560000",14.7743339538574,758.458557128906,786.23974609375
"CRS3035RES20000mN4220000E4580000",14.2046699523926,803.528564453125,769.784057617188
"CRS3035RES20000mN4220000E4600000",14.275279045105,741.244201660156,772.594360351562
"CRS3035RES20000mN4220000E4620000",14.1637058258057,754.316345214844,763.151184082031
"CRS3035RES20000mN4220000E4640000",13.8917598724365,791.47802734375,747.395568847656
"CRS3035RES20000mN4220000E4660000",14.5098485946655,791.089660644531,750.748596191406
"CRS3035RES20000mN4220000E4680000",15.3890695571899,727.028381347656,748.157958984375
"CRS3035RES20000mN4220000E4700000",15.4546051025391,671.457702636719,714.255065917969
"CRS3035RES20000mN4220000E4920000",14.7595930099487,618.091613769531,677.967407226562
"CRS3035RES20000mN4220000E4940000",15.303882598877,661.080993652344,723.807861328125
"CRS3035RES20000mN4220000E4960000",15.6696157455444,717.337646484375,760.927429199219
"CRS3035RES20000mN4220000E4980000",15.5540580749512,770.690856933594,775.438659667969
"CRS3035RES20000mN4220000E5000000",15.513783454895,740.868103027344,780.268127441406
"CRS3035RES20000mN4220000E5020000",15.4590272903442,732.021362304688,786.791442871094
"CRS3035RES20000mN4220000E5040000",15.4856672286987,753.039367675781,796.032470703125
"CRS3035RES20000mN4220000E5060000",15.4525547027588,772.901428222656,800.19873046875
"CRS3035RES20000mN4220000E5080000",15.6089057922363,761.300598144531,803.916198730469
"CRS3035RES20000mN4220000E5100000",15.7324438095093,757.08642578125,806.735412597656
"CRS3035RES20000mN4220000E5120000",15.8802146911621,749.140441894531,809.411071777344
"CRS3035RES20000mN4220000E5140000",16.1387691497803,748.048583984375,817.032653808594
"CRS3035RES20000mN4220000E5160000",16.24169921875,739.912231445312,812.773010253906
"CRS3035RES20000mN4220000E5180000",15.6885824203491,715.558837890625,788.83740234375
"CRS3035RES20000mN4220000E5200000",15.068696975708,682.901000976562,757.240234375
"CRS3035RES20000mN4240000E4040000",12.7697458267212,2852.52758789062,386.433380126953
"CRS3035RES20000mN4240000E4060000",12.3177061080933,3947.77197265625,474.397918701172
"CRS3035RES20000mN4240000E4080000",12.2065191268921,3831.173828125,568.919067382812
"CRS3035RES20000mN4240000E4100000",11.2204093933105,4123.919921875,599.665161132812
"CRS3035RES20000mN4240000E4120000",10.9073152542114,3248.19897460938,621.572631835938
"CRS3035RES20000mN4240000E4140000",11.1378679275513,2752.34423828125,639.385437011719
"CRS3035RES20000mN4240000E4160000",13.8974733352661,1872.84899902344,712.188720703125
"CRS3035RES20000mN4240000E4180000",10.8524160385132,1580.79284667969,688.235412597656
"CRS3035RES20000mN4240000E4200000",9.48001575469971,1424.24780273438,679.8623046875
"CRS3035RES20000mN4240000E4220000",8.06333541870117,1378.38256835938,676.369445800781
"CRS3035RES20000mN4240000E4240000",8.11962604522705,1468.25524902344,696.990234375
"CRS3035RES20000mN4240000E4260000",9.41092491149902,1321.21276855469,734.911499023438
"CRS3035RES20000mN4240000E4280000",9.92614841461182,1033.45422363281,774.5244140625
"CRS3035RES20000mN4240000E4300000",11.1901302337646,874.733764648438,811.103149414062
"CRS3035RES20000mN4240000E4320000",12.2929515838623,985.54833984375,822.129455566406
"CRS3035RES20000mN4240000E4340000",10.8561840057373,1313.7607421875,778.916076660156
"CRS3035RES20000mN4240000E4360000",10.8964338302612,1293.54479980469,763.791564941406
"CRS3035RES20000mN4240000E4380000",13.3894910812378,999.8291015625,824.578796386719
"CRS3035RES20000mN4240000E4400000",12.693998336792,1075.54675292969,795.944213867188
"CRS3035RES20000mN4240000E4420000",12.4091958999634,1070.71044921875,777.179626464844
"CRS3035RES20000mN4240000E4440000",12.6515464782715,1109.41430664062,774.419372558594
"CRS3035RES20000mN4240000E4460000",12.5578708648682,1114.02026367188,773.884948730469
"CRS3035RES20000mN4240000E4480000",13.2466526031494,974.875183105469,787.972351074219
"CRS3035RES20000mN4240000E4500000",13.3190212249756,860.559387207031,777.12548828125
"CRS3035RES20000mN4240000E4520000",13.5411415100098,854.411376953125,776.893615722656
"CRS3035RES20000mN4240000E4540000",13.2219114303589,886.863037109375,760.479248046875
"CRS3035RES20000mN4240000E4560000",13.5610132217407,882.965637207031,763.940246582031
"CRS3035RES20000mN4240000E4580000",14.326340675354,795.30615234375,781.178100585938
"CRS3035RES20000mN4240000E4600000",14.2541599273682,744.21142578125,774.863403320312
"CRS3035RES20000mN4240000E4620000",14.3798065185547,736.538513183594,769.013610839844
"CRS3035RES20000mN4240000E4640000",14.239764213562,804.620544433594,758.184936523438
"CRS3035RES20000mN4240000E4660000",15.0543098449707,774.147033691406,765.695556640625
"CRS3035RES20000mN4240000E4680000",15.3238067626953,732.9853515625,745.693664550781
"CRS3035RES20000mN4240000E4700000",15.0610370635986,680.685668945312,692.890869140625
"CRS3035RES20000mN4240000E4920000",14.6513595581055,617.106994628906,669.483520507812
"CRS3035RES20000mN4240000E4940000",15.1834621429443,669.170837402344,724.422668457031
"CRS3035RES20000mN4240000E4960000",15.5595293045044,731.828552246094,767.885375976562
"CRS3035RES20000mN4240000E4980000",15.4959020614624,734.561096191406,782.549194335938
"CRS3035RES20000mN4240000E5000000",15.4006290435791,706.157043457031,783.895629882812
"CRS3035RES20000mN4240000E5020000",15.3816375732422,693.547180175781,792.825744628906
"CRS3035RES20000mN4240000E5040000",15.3670101165771,716.685668945312,801.311218261719
"CRS3035RES20000mN4240000E5060000",15.3385047912598,745.663757324219,803.397766113281
"CRS3035RES20000mN4240000E5080000",15.3595056533813,725.618713378906,806.9287109375
"CRS3035RES20000mN4240000E5100000",15.50062084198,726.268493652344,811.880187988281
"CRS3035RES20000mN4240000E5120000",15.7115497589111,727.066650390625,815.356323242188
"CRS3035RES20000mN4240000E5140000",15.9943962097168,739.295104980469,824.629577636719
"CRS3035RES20000mN4240000E5160000",16.1933441162109,756.410827636719,828.522216796875
"CRS3035RES20000mN4240000E5180000",16.1185150146484,730.468566894531,819.422424316406
"CRS3035RES20000mN4240000E5200000",15.4802761077881,700.3310546875,793.697875976562
"CRS3035RES20000mN4240000E5220000",15.0972061157227,657.351623535156,774.456420898438
"CRS3035RES20000mN4260000E4040000",12.7335662841797,2590.27954101562,376.709014892578
"CRS3035RES20000mN4260000E4060000",12.0185060501099,3818.8447265625,459.210479736328
"CRS3035RES20000mN4260000E4080000",12.5108346939087,3503.6923828125,554.024780273438
"CRS3035RES20000mN4260000E4100000",12.0073127746582,3560.7587890625,591.518737792969
"CRS3035RES20000mN4260000E4120000",10.6944274902344,3309.94482421875,602.729309082031
"CRS3035RES20000mN4260000E4140000",9.57975578308105,3140.03173828125,618.897705078125
"CRS3035RES20000mN4260000E4160000",10.9002485275269,2563.49951171875,669.865600585938
"CRS3035RES20000mN4260000E4180000",10.7878074645996,1928.43859863281,679.630920410156
"CRS3035RES20000mN4260000E4200000",7.90388917922974,1523.31799316406,666.894653320312
"CRS3035RES20000mN4260000E4220000",6.2850513458252,1432.68603515625,671.267333984375
"CRS3035RES20000mN4260000E4240000",7.04186391830444,1286.00305175781,691.451782226562
"CRS3035RES20000mN4260000E4260000",9.37307548522949,1028.29541015625,747.694641113281
"CRS3035RES20000mN4260000E4280000",11.0103349685669,737.466796875,810.323181152344
"CRS3035RES20000mN4260000E4300000",11.9092750549316,769.711059570312,844.126159667969
"CRS3035RES20000mN4260000E4320000",12.1197566986084,891.302307128906,842.568603515625
"CRS3035RES20000mN4260000E4340000",10.0746412277222,1129.82897949219,791.146240234375
"CRS3035RES20000mN4260000E4360000",12.3945322036743,959.282836914062,825.983947753906
"CRS3035RES20000mN4260000E4380000",12.4926338195801,1001.69927978516,818.637756347656
"CRS3035RES20000mN4260000E4400000",11.6356992721558,1068.57409667969,779.273071289062
"CRS3035RES20000mN4260000E4420000",11.5846357345581,1063.87646484375,765.528076171875
"CRS3035RES20000mN4260000E4440000",11.3056373596191,1189.77392578125,746.017150878906
"CRS3035RES20000mN4260000E4460000",11.2131538391113,1209.97387695312,738.828918457031
"CRS3035RES20000mN4260000E4480000",13.2670240402222,918.74951171875,786.13134765625
"CRS3035RES20000mN4260000E4500000",12.83180809021,942.468811035156,770.418334960938
"CRS3035RES20000mN4260000E4520000",12.4711122512817,941.885803222656,757.984436035156
"CRS3035RES20000mN4260000E4540000",12.3830785751343,978.051879882812,746.8447265625
"CRS3035RES20000mN4260000E4560000",12.8065414428711,971.596557617188,745.32177734375
"CRS3035RES20000mN4260000E4580000",14.1034898757935,825.858032226562,775.117248535156
"CRS3035RES20000mN4260000E4600000",14.3542366027832,745.182983398438,775.307250976562
"CRS3035RES20000mN4260000E4620000",14.6357355117798,692.481079101562,777.579467773438
"CRS3035RES20000mN4260000E4640000",15.0748662948608,676.980102539062,785.181335449219
"CRS3035RES20000mN4260000E4660000",15.1217584609985,739.163513183594,775.3701171875
"CRS3035RES20000mN4260000E4680000",15.2163429260254,763.1171875,746.740539550781
"CRS3035RES20000mN4260000E4700000",14.7985553741455,682.434387207031,679.801818847656
"CRS3035RES20000mN4260000E4920000",14.5561170578003,633.781616210938,665.873229980469
"CRS3035RES20000mN4260000E4940000",14.9893684387207,683.506408691406,722.253723144531
"CRS3035RES20000mN4260000E4960000",15.4394798278809,716.589538574219,771.319458007812
"CRS3035RES20000mN4260000E4980000",15.4470739364624,695.889038085938,785.561340332031
"CRS3035RES20000mN4260000E5000000",15.3286571502686,686.988037109375,788.676635742188
"CRS3035RES20000mN4260000E5020000",15.3334455490112,669.102905273438,799.179016113281
"CRS3035RES20000mN4260000E5040000",15.2220373153687,695.126403808594,802.8974609375
"CRS3035RES20000mN4260000E5060000",15.1798830032349,709.382629394531,803.36572265625
"CRS3035RES20000mN4260000E5080000",15.3959484100342,693.143493652344,813.468994140625
"CRS3035RES20000mN4260000E5100000",15.5804576873779,687.736022949219,820.447631835938
"CRS3035RES20000mN4260000E5120000",15.6261730194092,689.557434082031,820.784301757812
"CRS3035RES20000mN4260000E5140000",15.8460330963135,704.299072265625,830.808532714844
"CRS3035RES20000mN4260000E5160000",16.0675277709961,720.447570800781,837.622741699219
"CRS3035RES20000mN4260000E5180000",16.1933460235596,721.006042480469,838.754577636719
"CRS3035RES20000mN4260000E5200000",16.1132011413574,713.521606445312,833.147888183594
"CRS3035RES20000mN4260000E5220000",15.8649291992188,699.375793457031,823.435119628906
"CRS3035RES20000mN4260000E5240000",15.8220205307007,695.170349121094,822.82470703125
"CRS3035RES20000mN4260000E5260000",15.648756980896,721.091796875,815.566467285156
"CRS3035RES20000mN4260000E5280000",15.3170070648193,716.987060546875,797.135375976562
"CRS3035RES20000mN4280000E4040000",12.52907371521,2627.626953125,367.170166015625
"CRS3035RES20000mN4280000E4060000",11.6819820404053,4008.8349609375,442.022094726562
"CRS3035RES20000mN4280000E4080000",11.6428251266479,4004.09375,533.185729980469
"CRS3035RES20000mN4280000E4100000",10.8633184432983,3687.16357421875,561.236389160156
"CRS3035RES20000mN4280000E4120000",11.1722965240479,3113.00927734375,592.316162109375
"CRS3035RES20000mN4280000E4140000",8.43877410888672,3280.90112304688,597.767333984375
"CRS3035RES20000mN4280000E4160000",8.13697052001953,2813.32153320312,639.117980957031
"CRS3035RES20000mN4280000E4180000",7.53510284423828,2195.65893554688,660.033142089844
"CRS3035RES20000mN4280000E4200000",7.0892128944397,1389.49523925781,660.546752929688
"CRS3035RES20000mN4280000E4220000",7.9048752784729,1080.73754882812,671.409912109375
"CRS3035RES20000mN4280000E4240000",6.6492166519165,1082.56652832031,701.879455566406
"CRS3035RES20000mN4280000E4260000",10.4290552139282,769.620971679688,776.396362304688
"CRS3035RES20000mN4280000E4280000",11.4617538452148,690.20458984375,833.239379882812
"CRS3035RES20000mN4280000E4300000",11.0613088607788,802.448791503906,839.598083496094
"CRS3035RES20000mN4280000E4320000",9.89540672302246,999.806518554688,815.009033203125
"CRS3035RES20000mN4280000E4340000",10.7923583984375,888.272583007812,817.559143066406
"CRS3035RES20000mN4280000E4360000",12.3282957077026,769.892639160156,839.591125488281
"CRS3035RES20000mN4280000E4380000",12.4548006057739,889.441589355469,833.113342285156
"CRS3035RES20000mN4280000E4400000",11.4304647445679,973.998718261719,785.91357421875
"CRS3035RES20000mN4280000E4420000",10.7531042098999,1046.73156738281,752.939208984375
"CRS3035RES20000mN4280000E4440000",11.1138458251953,1098.76953125,742.654846191406
"CRS3035RES20000mN4280000E4460000",12.1200399398804,998.181457519531,760.572265625
"CRS3035RES20000mN4280000E4480000",13.1214294433594,903.002258300781,782.952514648438
"CRS3035RES20000mN4280000E4500000",12.2145500183105,1019.35589599609,759.327087402344
"CRS3035RES20000mN4280000E4520000",11.808575630188,997.196838378906,744.433654785156
"CRS3035RES20000mN4280000E4540000",12.442214012146,907.473327636719,749.879760742188
"CRS3035RES20000mN4280000E4560000",12.7278003692627,943.652038574219,742.154663085938
"CRS3035RES20000mN4280000E4580000",13.8948993682861,853.363159179688,768.124694824219
"CRS3035RES20000mN4280000E4600000",14.0905570983887,781.288146972656,769.82958984375
"CRS3035RES20000mN4280000E4620000",13.9273614883423,745.174621582031,767.362121582031
"CRS3035RES20000mN4280000E4640000",14.3588304519653,714.804809570312,780.1337890625
"CRS3035RES20000mN4280000E4660000",14.4722270965576,770.891845703125,771.660888671875
"CRS3035RES20000mN4280000E4680000",14.9902563095093,779.186828613281,745.9033203125
"CRS3035RES20000mN4280000E4700000",14.6118211746216,663.356018066406,671.361511230469
"CRS3035RES20000mN4280000E4920000",14.5038776397705,633.235412597656,666.275939941406
"CRS3035RES20000mN4280000E4940000",14.9173917770386,663.080749511719,723.616149902344
"CRS3035RES20000mN4280000E4960000",15.4357194900513,700.995300292969,778.511047363281
"CRS3035RES20000mN4280000E4980000",15.4494962692261,697.767700195312,793.379943847656
"CRS3035RES20000mN4280000E5000000",15.4408273696899,688.627868652344,800.866333007812
"CRS3035RES20000mN4280000E5020000",15.3350620269775,678.271789550781,805.151245117188
"CRS3035RES20000mN4280000E5040000",15.2886085510254,685.560485839844,807.802673339844
"CRS3035RES20000mN4280000E5060000",15.1896104812622,706.392578125,807.153259277344
"CRS3035RES20000mN4280000E5080000",15.438419342041,694.295288085938,817.782592773438
"CRS3035RES20000mN4280000E5100000",15.5302696228027,702.538635253906,825.619262695312
"CRS3035RES20000mN4280000E5120000",15.5218439102173,696.666809082031,826.406066894531
"CRS3035RES20000mN4280000E5140000",15.6994333267212,689.74609375,835.230041503906
"CRS3035RES20000mN4280000E5160000",15.8661260604858,699.865844726562,840.700988769531
"CRS3035RES20000mN4280000E5180000",15.9690589904785,711.700317382812,844.757446289062
"CRS3035RES20000mN4280000E5200000",16.1610698699951,716.958618164062,852.503540039062
"CRS3035RES20000mN4280000E5220000",16.2181415557861,724.010925292969,855.571105957031
"CRS3035RES20000mN4280000E5240000",16.2053508758545,741.18408203125,857.781066894531
"CRS3035RES20000mN4280000E5260000",16.1869983673096,777.926940917969,854.602783203125
"CRS3035RES20000mN4280000E5280000",15.8510322570801,775.517517089844,834.706298828125
"CRS3035RES20000mN4300000E4040000",12.1952486038208,2511.83911132812,358.112701416016
"CRS3035RES20000mN4300000E4060000",11.5317144393921,3529.900390625,421.814575195312
"CRS3035RES20000mN4300000E4080000",10.895037651062,4133.29833984375,510.194122314453
"CRS3035RES20000mN4300000E4100000",12.6140661239624,2616.8095703125,563.304809570312
"CRS3035RES20000mN4300000E4120000",12.6117744445801,2451.91625976562,591.390808105469
"CRS3035RES20000mN4300000E4140000",11.5899152755737,2654.10180664062,608.005859375
"CRS3035RES20000mN4300000E4160000",9.4238452911377,2398.93334960938,632.102783203125
"CRS3035RES20000mN4300000E4180000",6.98798513412476,1890.68444824219,651.580749511719
"CRS3035RES20000mN4300000E4200000",8.82718181610107,1012.92492675781,666.842712402344
"CRS3035RES20000mN4300000E4220000",9.11327838897705,766.757019042969,692.182434082031
"CRS3035RES20000mN4300000E4240000",9.88176345825195,706.774536132812,732.180725097656
"CRS3035RES20000mN4300000E4260000",10.92702293396,678.061828613281,782.206970214844
"CRS3035RES20000mN4300000E4280000",10.8697319030762,758.294250488281,809.987243652344
"CRS3035RES20000mN4300000E4300000",7.89631175994873,1061.18640136719,788.312866210938
"CRS3035RES20000mN4300000E4320000",9.91423416137695,881.490112304688,804.948120117188
"CRS3035RES20000mN4300000E4340000",10.0757875442505,831.951721191406,807.869812011719
"CRS3035RES20000mN4300000E4360000",12.2313766479492,711.019714355469,841.968078613281
"CRS3035RES20000mN4300000E4380000",10.9850368499756,879.525207519531,797.728088378906
"CRS3035RES20000mN4300000E4400000",11.2246913909912,894.098693847656,780.494567871094
"CRS3035RES20000mN4300000E4420000",11.5790119171143,902.442993164062,767.435607910156
"CRS3035RES20000mN4300000E4440000",12.2470407485962,879.895812988281,766.62451171875
"CRS3035RES20000mN4300000E4460000",12.3867692947388,926.729919433594,769.169799804688
"CRS3035RES20000mN4300000E4480000",11.9792375564575,1012.48187255859,758.71630859375
"CRS3035RES20000mN4300000E4500000",11.9304733276367,995.084655761719,754.941589355469
"CRS3035RES20000mN4300000E4520000",12.6421394348145,847.423889160156,764.557373046875
"CRS3035RES20000mN4300000E4540000",12.9237222671509,832.717407226562,762.545532226562
"CRS3035RES20000mN4300000E4560000",13.2990198135376,807.194885253906,760.6552734375
"CRS3035RES20000mN4300000E4580000",13.477858543396,824.577514648438,760.669555664062
"CRS3035RES20000mN4300000E4600000",13.7398405075073,798.021118164062,767.600280761719
"CRS3035RES20000mN4300000E4620000",14.6044836044312,698.125671386719,791.462219238281
"CRS3035RES20000mN4300000E4640000",14.7752389907837,670.513000488281,799.692443847656
"CRS3035RES20000mN4300000E4660000",14.7186231613159,767.962646484375,782.0751953125
"CRS3035RES20000mN4300000E4680000",14.8774795532227,756.124816894531,743.319580078125
"CRS3035RES20000mN4300000E4700000",14.3536949157715,683.353637695312,664.194458007812
"CRS3035RES20000mN4300000E4920000",14.4640321731567,649.740234375,673.639770507812
"CRS3035RES20000mN4300000E4940000",15.0273408889771,655.380126953125,738.974060058594
"CRS3035RES20000mN4300000E4960000",15.4478454589844,699.747436523438,788.212951660156
"CRS3035RES20000mN4300000E4980000",15.4285688400269,721.477355957031,803.061340332031
"CRS3035RES20000mN4300000E5000000",15.4053077697754,721.990173339844,807.039733886719
"CRS3035RES20000mN4300000E5020000",15.2570495605469,715.126403808594,807.312927246094
"CRS3035RES20000mN4300000E5040000",15.4370937347412,671.4169921875,815.7255859375
"CRS3035RES20000mN4300000E5060000",15.4453611373901,663.627746582031,816.537109375
"CRS3035RES20000mN4300000E5080000",15.5078420639038,673.175842285156,821.253479003906
"CRS3035RES20000mN4300000E5100000",15.5452308654785,709.958740234375,830.261108398438
"CRS3035RES20000mN4300000E5120000",15.3958797454834,701.476135253906,828.846618652344
"CRS3035RES20000mN4300000E5140000",15.561559677124,698.18994140625,837.264587402344
"CRS3035RES20000mN4300000E5160000",15.6017665863037,700.058166503906,839.320495605469
"CRS3035RES20000mN4300000E5180000",15.8042612075806,710.251647949219,846.90478515625
"CRS3035RES20000mN4300000E5200000",16.0157775878906,710.707946777344,856.755676269531
"CRS3035RES20000mN4300000E5220000",16.1113166809082,732.52294921875,865.522338867188
"CRS3035RES20000mN4300000E5240000",16.0984897613525,735.580139160156,867.348754882812
"CRS3035RES20000mN4300000E5260000",16.194694519043,756.648498535156,869.190979003906
"CRS3035RES20000mN4300000E5280000",15.8185291290283,769.231323242188,850.452880859375
"CRS3035RES20000mN4300000E5300000",15.4753694534302,763.375061035156,834.78955078125
"CRS3035RES20000mN4320000E4040000",12.547194480896,1828.81237792969,345.068542480469
"CRS3035RES20000mN4320000E4060000",12.2445230484009,2505.7353515625,398.588592529297
"CRS3035RES20000mN4320000E4080000",11.9583520889282,2903.78198242188,481.961700439453
"CRS3035RES20000mN4320000E4100000",11.6309394836426,2649.84057617188,532.469055175781
"CRS3035RES20000mN4320000E4120000",11.8097953796387,2688.98999023438,569.367919921875
"CRS3035RES20000mN4320000E4140000",10.4920825958252,3008.77856445312,590.9140625
"CRS3035RES20000mN4320000E4160000",9.67344284057617,2304.41259765625,620.3173828125
"CRS3035RES20000mN4320000E4180000",7.82292652130127,1899.91870117188,638.829467773438
"CRS3035RES20000mN4320000E4200000",7.61416435241699,1315.03430175781,667.312438964844
"CRS3035RES20000mN4320000E4220000",7.28017425537109,1043.84497070312,698.044067382812
"CRS3035RES20000mN4320000E4240000",8.38468837738037,803.289672851562,725.897827148438
"CRS3035RES20000mN4320000E4260000",10.370756149292,712.526794433594,759.630432128906
"CRS3035RES20000mN4320000E4280000",8.77005386352539,845.884338378906,760.041748046875
"CRS3035RES20000mN4320000E4300000",9.48540687561035,780.138671875,769.870727539062
"CRS3035RES20000mN4320000E4320000",10.299409866333,756.06201171875,786.501647949219
"CRS3035RES20000mN4320000E4340000",10.9561100006104,703.134582519531,812.695861816406
"CRS3035RES20000mN4320000E4360000",11.6356477737427,711.803466796875,818.633422851562
"CRS3035RES20000mN4320000E4380000",10.1562986373901,886.951171875,770.0849609375
"CRS3035RES20000mN4320000E4400000",11.4719085693359,821.825622558594,775.453002929688
"CRS3035RES20000mN4320000E4420000",10.8339004516602,978.566345214844,747.561279296875
"CRS3035RES20000mN4320000E4440000",11.1632423400879,982.248901367188,744.507141113281
"CRS3035RES20000mN4320000E4460000",11.4031057357788,995.990356445312,748.774475097656
"CRS3035RES20000mN4320000E4480000",11.0566482543945,1009.59429931641,740.283325195312
"CRS3035RES20000mN4320000E4500000",12.1254014968872,863.450317382812,761.209594726562
"CRS3035RES20000mN4320000E4520000",12.9584789276123,797.888122558594,774.821655273438
"CRS3035RES20000mN4320000E4540000",13.3892593383789,751.602416992188,780.508666992188
"CRS3035RES20000mN4320000E4560000",13.4060392379761,747.208984375,774.846862792969
"CRS3035RES20000mN4320000E4580000",13.7853469848633,736.960998535156,779.111022949219
"CRS3035RES20000mN4320000E4600000",14.1083812713623,711.274536132812,788.164428710938
"CRS3035RES20000mN4320000E4620000",14.5183668136597,710.536010742188,799.997680664062
"CRS3035RES20000mN4320000E4640000",14.2698249816895,774.288391113281,792.764831542969
"CRS3035RES20000mN4320000E4660000",14.7912549972534,727.978820800781,783.194152832031
"CRS3035RES20000mN4320000E4680000",14.3751726150513,795.690673828125,735.981506347656
"CRS3035RES20000mN4320000E4700000",14.3170890808105,680.522705078125,669.773742675781
"CRS3035RES20000mN4320000E4920000",14.6009588241577,689.103881835938,698.297607421875
"CRS3035RES20000mN4320000E4940000",15.1066722869873,724.897583007812,760.729553222656
"CRS3035RES20000mN4320000E4960000",15.2892417907715,764.14208984375,794.503967285156
"CRS3035RES20000mN4320000E4980000",15.3543872833252,754.024719238281,810.197570800781
"CRS3035RES20000mN4320000E5000000",15.2597055435181,735.539916992188,808.219299316406
"CRS3035RES20000mN4320000E5020000",15.324634552002,722.438720703125,814.717834472656
"CRS3035RES20000mN4320000E5040000",15.3337364196777,709.520446777344,818.607055664062
"CRS3035RES20000mN4320000E5060000",15.2564888000488,703.201599121094,814.119750976562
"CRS3035RES20000mN4320000E5080000",15.3313207626343,703.320739746094,820.731872558594
"CRS3035RES20000mN4320000E5100000",15.5158576965332,713.989624023438,832.722106933594
"CRS3035RES20000mN4320000E5120000",15.3807392120361,733.248352050781,831.773010253906
"CRS3035RES20000mN4320000E5140000",15.655294418335,682.359680175781,843.123168945312
"CRS3035RES20000mN4320000E5160000",15.5597047805786,690.921997070312,842.376525878906
"CRS3035RES20000mN4320000E5180000",15.6484241485596,686.002502441406,847.115417480469
"CRS3035RES20000mN4320000E5200000",15.8327713012695,703.59375,858.467529296875
"CRS3035RES20000mN4320000E5220000",15.9124641418457,712.292602539062,867.730651855469
"CRS3035RES20000mN4320000E5240000",15.9003372192383,707.142028808594,866.093017578125
"CRS3035RES20000mN4320000E5260000",16.0747623443604,708.493408203125,870.473327636719
"CRS3035RES20000mN4320000E5280000",16.0449619293213,724.313781738281,869.33935546875
"CRS3035RES20000mN4320000E5300000",15.963005065918,725.506225585938,865.894592285156
"CRS3035RES20000mN4340000E4060000",12.2751655578613,1787.04284667969,361.570434570312
"CRS3035RES20000mN4340000E4080000",11.8089151382446,2416.84204101562,416.886291503906
"CRS3035RES20000mN4340000E4100000",12.3422470092773,2568.40356445312,490.054443359375
"CRS3035RES20000mN4340000E4120000",11.6581516265869,2990.57275390625,558.023315429688
"CRS3035RES20000mN4340000E4140000",10.8442792892456,2866.25756835938,608.085144042969
"CRS3035RES20000mN4340000E4160000",11.5977401733398,2011.33374023438,632.999328613281
"CRS3035RES20000mN4340000E4180000",9.19200038909912,1997.27966308594,626.63427734375
"CRS3035RES20000mN4340000E4200000",7.50048065185547,1654.26257324219,642.397644042969
"CRS3035RES20000mN4340000E4220000",9.11045074462891,1122.62707519531,681.561401367188
"CRS3035RES20000mN4340000E4240000",8.91037082672119,1023.02758789062,708.664428710938
"CRS3035RES20000mN4340000E4260000",7.56678819656372,1063.16613769531,724.0615234375
"CRS3035RES20000mN4340000E4280000",8.27028369903564,900.440490722656,729.706176757812
"CRS3035RES20000mN4340000E4300000",9.12810516357422,808.764953613281,741.968872070312
"CRS3035RES20000mN4340000E4320000",9.59584522247314,801.007446289062,759.489990234375
"CRS3035RES20000mN4340000E4340000",11.2718210220337,644.213806152344,795.076843261719
"CRS3035RES20000mN4340000E4360000",10.8972940444946,771.929260253906,783.490539550781
"CRS3035RES20000mN4340000E4380000",9.69863700866699,911.884521484375,746.052124023438
"CRS3035RES20000mN4340000E4400000",10.5898141860962,924.831481933594,744.339172363281
"CRS3035RES20000mN4340000E4420000",10.4184770584106,1039.11352539062,732.805419921875
"CRS3035RES20000mN4340000E4440000",10.5890741348267,978.731750488281,731.199768066406
"CRS3035RES20000mN4340000E4460000",10.9613027572632,981.547180175781,735.1533203125
"CRS3035RES20000mN4340000E4480000",11.2116804122925,943.444213867188,742.622009277344
"CRS3035RES20000mN4340000E4500000",11.8450708389282,863.532287597656,760.61279296875
"CRS3035RES20000mN4340000E4520000",13.3037528991699,741.532104492188,797.630737304688
"CRS3035RES20000mN4340000E4540000",12.6101102828979,843.539916992188,775.001342773438
"CRS3035RES20000mN4340000E4560000",13.2179021835327,776.303466796875,782.15478515625
"CRS3035RES20000mN4340000E4580000",13.9926767349243,672.63232421875,794.3134765625
"CRS3035RES20000mN4340000E4600000",13.7975902557373,735.738891601562,790.730712890625
"CRS3035RES20000mN4340000E4620000",13.8452243804932,760.610595703125,791.58447265625
"CRS3035RES20000mN4340000E4640000",13.7105779647827,817.773986816406,782.134582519531
"CRS3035RES20000mN4340000E4660000",13.9359722137451,825.968444824219,771.573059082031
"CRS3035RES20000mN4340000E4680000",14.2609872817993,791.739807128906,748.212158203125
"CRS3035RES20000mN4340000E4700000",14.4125175476074,694.265991210938,696.2900390625
"CRS3035RES20000mN4340000E4900000",14.5377864837646,658.828735351562,690.962707519531
"CRS3035RES20000mN4340000E4920000",14.9844789505005,712.762268066406,739.822448730469
"CRS3035RES20000mN4340000E4940000",15.177924156189,768.397827148438,783.6767578125
"CRS3035RES20000mN4340000E4960000",15.1100053787231,793.264526367188,800.347473144531
"CRS3035RES20000mN4340000E4980000",15.0677280426025,783.399291992188,810.291625976562
"CRS3035RES20000mN4340000E5000000",15.1816625595093,749.136657714844,814.681640625
"CRS3035RES20000mN4340000E5020000",15.154932975769,763.268310546875,817.91845703125
"CRS3035RES20000mN4340000E5040000",15.2906713485718,735.039489746094,824.09716796875
"CRS3035RES20000mN4340000E5060000",15.1146764755249,731.260559082031,817.658203125
"CRS3035RES20000mN4340000E5080000",15.2632751464844,713.95654296875,826.051330566406
"CRS3035RES20000mN4340000E5100000",15.2350044250488,725.213562011719,829.24658203125
"CRS3035RES20000mN4340000E5120000",15.5749425888062,714.490539550781,840.968566894531
"CRS3035RES20000mN4340000E5140000",15.5576295852661,691.989074707031,844.744323730469
"CRS3035RES20000mN4340000E5160000",15.4183320999146,699.542907714844,843.749206542969
"CRS3035RES20000mN4340000E5180000",15.5836935043335,677.970886230469,851.963623046875
"CRS3035RES20000mN4340000E5200000",15.7913665771484,669.480224609375,865.018981933594
"CRS3035RES20000mN4340000E5220000",15.9247741699219,670.824829101562,873.872924804688
"CRS3035RES20000mN4340000E5240000",15.9421100616455,673.719604492188,870.179443359375
"CRS3035RES20000mN4340000E5260000",16.0872993469238,703.029724121094,874.095520019531
"CRS3035RES20000mN4340000E5280000",16.2011013031006,724.1474609375,880.01416015625
"CRS3035RES20000mN4340000E5300000",16.1650829315186,714.490539550781,883.715576171875
"CRS3035RES20000mN4340000E5320000",16.2842254638672,693.228332519531,890.388122558594
"CRS3035RES20000mN4360000E4080000",12.3860597610474,1678.71948242188,363.582580566406
"CRS3035RES20000mN4360000E4100000",12.3518657684326,2236.91625976562,423.498321533203
"CRS3035RES20000mN4360000E4120000",12.3643751144409,2474.34106445312,495.246795654297
"CRS3035RES20000mN4360000E4140000",12.6109180450439,2261.20141601562,572.4150390625
"CRS3035RES20000mN4360000E4160000",11.4076662063599,2301.302734375,598.773376464844
"CRS3035RES20000mN4360000E4180000",10.1296939849854,2490.95166015625,613.871398925781
"CRS3035RES20000mN4360000E4200000",9.16930294036865,2060.98217773438,624.223266601562
"CRS3035RES20000mN4360000E4220000",8.54029941558838,1770.65637207031,651.21337890625
"CRS3035RES20000mN4360000E4240000",8.40923976898193,1519.92102050781,678.086303710938
"CRS3035RES20000mN4360000E4260000",7.21044445037842,1331.66345214844,697.242858886719
"CRS3035RES20000mN4360000E4280000",7.50225353240967,1041.95129394531,717.050903320312
"CRS3035RES20000mN4360000E4300000",8.39090156555176,904.955383300781,731.381652832031
"CRS3035RES20000mN4360000E4320000",9.39422130584717,850.650085449219,747.512939453125
"CRS3035RES20000mN4360000E4340000",10.5903091430664,723.280395507812,762.365539550781
"CRS3035RES20000mN4360000E4360000",10.8680486679077,794.842590332031,757.119445800781
"CRS3035RES20000mN4360000E4380000",10.1059827804565,902.727783203125,729.648742675781
"CRS3035RES20000mN4360000E4400000",10.6874599456787,900.21240234375,727.735595703125
"CRS3035RES20000mN4360000E4420000",10.6257753372192,974.090698242188,725.069885253906
"CRS3035RES20000mN4360000E4440000",10.7817134857178,944.462585449219,726.534912109375
"CRS3035RES20000mN4360000E4460000",11.4568796157837,850.032409667969,738.89892578125
"CRS3035RES20000mN4360000E4480000",11.838475227356,845.262817382812,758.182006835938
"CRS3035RES20000mN4360000E4500000",12.5479383468628,754.4375,784.850891113281
"CRS3035RES20000mN4360000E4520000",12.0746698379517,870.316772460938,778.758422851562
"CRS3035RES20000mN4360000E4540000",12.6712913513184,836.779968261719,782.137451171875
"CRS3035RES20000mN4360000E4560000",13.5163707733154,715.549560546875,793.190734863281
"CRS3035RES20000mN4360000E4580000",13.9263553619385,695.353637695312,798.828735351562
"CRS3035RES20000mN4360000E4600000",13.5561151504517,740.435119628906,792.870910644531
"CRS3035RES20000mN4360000E4620000",13.2033596038818,810.298645019531,782.380493164062
"CRS3035RES20000mN4360000E4640000",13.2237882614136,857.042724609375,775.635375976562
"CRS3035RES20000mN4360000E4660000",13.8655462265015,835.741333007812,784.12255859375
"CRS3035RES20000mN4360000E4680000",14.7689256668091,765.74609375,782.787414550781
"CRS3035RES20000mN4360000E4700000",15.0342226028442,686.202087402344,746.346618652344
"CRS3035RES20000mN4360000E4900000",15.0067386627197,665.318786621094,736.628723144531
"CRS3035RES20000mN4360000E4920000",15.2253570556641,738.57275390625,783.393920898438
"CRS3035RES20000mN4360000E4940000",15.0890636444092,798.87646484375,803.922607421875
"CRS3035RES20000mN4360000E4960000",14.8796195983887,794.675537109375,806.7275390625
"CRS3035RES20000mN4360000E4980000",14.8721494674683,779.516845703125,814.01708984375
"CRS3035RES20000mN4360000E5000000",15.0296440124512,776.58056640625,821.780944824219
"CRS3035RES20000mN4360000E5020000",14.9537143707275,797.017578125,821.104919433594
"CRS3035RES20000mN4360000E5040000",15.1538772583008,756.702087402344,828.521606445312
"CRS3035RES20000mN4360000E5060000",14.9182577133179,742.094421386719,824.453063964844
"CRS3035RES20000mN4360000E5080000",15.1151084899902,719.342529296875,831.422668457031
"CRS3035RES20000mN4360000E5100000",15.0621356964111,748.679382324219,832.564086914062
"CRS3035RES20000mN4360000E5120000",15.4559898376465,729.659423828125,845.958557128906
"CRS3035RES20000mN4360000E5140000",15.4131641387939,701.595581054688,846.661987304688
"CRS3035RES20000mN4360000E5160000",15.4097032546997,695.555114746094,851.065307617188
"CRS3035RES20000mN4360000E5180000",15.4697523117065,697.180358886719,857.445068359375
"CRS3035RES20000mN4360000E5200000",15.7546539306641,676.861267089844,871.818542480469
"CRS3035RES20000mN4360000E5220000",15.9344444274902,674.141723632812,879.154602050781
"CRS3035RES20000mN4360000E5240000",15.9668102264404,676.838989257812,875.904846191406
"CRS3035RES20000mN4360000E5260000",16.2493534088135,723.352905273438,883.418273925781
"CRS3035RES20000mN4360000E5280000",16.3424243927002,731.385620117188,889.117004394531
"CRS3035RES20000mN4360000E5300000",16.1224632263184,710.6396484375,888.218688964844
"CRS3035RES20000mN4360000E5320000",16.0022106170654,701.205871582031,891.335510253906
"CRS3035RES20000mN4380000E4120000",12.4639759063721,1937.57055664062,419.107299804688
"CRS3035RES20000mN4380000E4140000",12.5016756057739,2138.9921875,494.575012207031
"CRS3035RES20000mN4380000E4160000",12.6767358779907,2003.84692382812,556.762756347656
"CRS3035RES20000mN4380000E4180000",13.2698907852173,1892.28381347656,606.970336914062
"CRS3035RES20000mN4380000E4200000",11.4366683959961,2270.02612304688,616.4345703125
"CRS3035RES20000mN4380000E4220000",10.0565128326416,1993.38671875,633.287963867188
"CRS3035RES20000mN4380000E4240000",9.32444000244141,1910.12341308594,656.059814453125
"CRS3035RES20000mN4380000E4260000",9.51817512512207,1601.15222167969,676.926208496094
"CRS3035RES20000mN1540000E4700000",24.4489994049072,508.711822509766,460.687347412109
"CRS3035RES20000mN4380000E4280000",9.91650295257568,1126.23120117188,696.179870605469
"CRS3035RES20000mN4380000E4300000",9.84188938140869,937.686889648438,711.298522949219
"CRS3035RES20000mN4380000E4320000",10.2440595626831,881.33984375,722.165832519531
"CRS3035RES20000mN4380000E4340000",9.2344217300415,1106.85412597656,705.759643554688
"CRS3035RES20000mN4380000E4360000",9.61593723297119,976.314025878906,704.968078613281
"CRS3035RES20000mN4380000E4380000",10.6428632736206,935.768310546875,717.45361328125
"CRS3035RES20000mN4380000E4400000",10.6752738952637,1006.28149414062,712.514038085938
"CRS3035RES20000mN4380000E4420000",9.42294120788574,1155.00866699219,695.158569335938
"CRS3035RES20000mN4380000E4440000",10.6259145736694,917.571594238281,715.427734375
"CRS3035RES20000mN4380000E4460000",10.5913171768188,940.7529296875,718.929138183594
"CRS3035RES20000mN4380000E4480000",11.29958152771,870.642883300781,747.75927734375
"CRS3035RES20000mN4380000E4500000",11.5868453979492,908.280029296875,765.138916015625
"CRS3035RES20000mN4380000E4520000",11.6777105331421,919.871032714844,766.771545410156
"CRS3035RES20000mN4380000E4540000",13.055004119873,772.602478027344,782.770874023438
"CRS3035RES20000mN4380000E4560000",13.2895574569702,750.896850585938,779.819396972656
"CRS3035RES20000mN4380000E4580000",13.4240007400513,733.946472167969,785.838439941406
"CRS3035RES20000mN4380000E4600000",14.0408611297607,684.406188964844,809.27490234375
"CRS3035RES20000mN4380000E4620000",14.0108766555786,693.133972167969,809.444030761719
"CRS3035RES20000mN4380000E4640000",14.2708206176758,685.578796386719,810.954833984375
"CRS3035RES20000mN4380000E4660000",14.1069850921631,778.829528808594,801.529541015625
"CRS3035RES20000mN4380000E4680000",14.6515760421753,768.571411132812,794.179138183594
"CRS3035RES20000mN4380000E4700000",15.0358247756958,693.708618164062,762.114807128906
"CRS3035RES20000mN4380000E4720000",14.2433395385742,653.319213867188,675.992614746094
"CRS3035RES20000mN4380000E4900000",15.1499471664429,660.943237304688,762.936096191406
"CRS3035RES20000mN4380000E4920000",15.1343536376953,738.173400878906,800.466369628906
"CRS3035RES20000mN4380000E4940000",14.7733116149902,792.173461914062,808.729553222656
"CRS3035RES20000mN4380000E4960000",14.6901664733887,765.233520507812,809.898559570312
"CRS3035RES20000mN4380000E4980000",14.7107067108154,773.268981933594,817.994995117188
"CRS3035RES20000mN4380000E5000000",14.779128074646,781.132019042969,824.285888671875
"CRS3035RES20000mN4380000E5020000",14.6786413192749,804.446044921875,821.883911132812
"CRS3035RES20000mN4380000E5040000",14.9302415847778,751.687683105469,828.579406738281
"CRS3035RES20000mN4380000E5060000",14.9594316482544,709.522216796875,831.507995605469
"CRS3035RES20000mN4380000E5080000",15.0645961761475,733.616271972656,839.478637695312
"CRS3035RES20000mN4380000E5100000",15.1528263092041,765.090087890625,845.591247558594
"CRS3035RES20000mN4380000E5120000",15.4610166549683,720.146911621094,855.360107421875
"CRS3035RES20000mN4380000E5140000",15.241138458252,708.71923828125,848.697875976562
"CRS3035RES20000mN4380000E5160000",15.3777980804443,696.318908691406,858.077880859375
"CRS3035RES20000mN4380000E5180000",15.5776929855347,696.71533203125,869.087890625
"CRS3035RES20000mN4380000E5200000",15.6445808410645,687.447570800781,872.083374023438
"CRS3035RES20000mN4380000E5220000",15.8215312957764,685.249694824219,880.175659179688
"CRS3035RES20000mN4380000E5240000",15.9328384399414,706.957763671875,882.0341796875
"CRS3035RES20000mN4380000E5260000",16.2016506195068,749.338500976562,890.06591796875
"CRS3035RES20000mN4380000E5280000",16.2241878509521,753.9853515625,893.55517578125
"CRS3035RES20000mN4380000E5300000",15.9128246307373,706.2275390625,889.926147460938
"CRS3035RES20000mN4380000E5320000",15.795446395874,709.081604003906,893.388061523438
"CRS3035RES20000mN4380000E5340000",16.02268409729,687.930358886719,896.956481933594
"CRS3035RES20000mN4400000E4140000",12.5878944396973,1539.67077636719,421.334747314453
"CRS3035RES20000mN4400000E4160000",13.0496921539307,1819.14794921875,490.071563720703
"CRS3035RES20000mN4400000E4180000",12.8562955856323,2183.76440429688,543.221374511719
"CRS3035RES20000mN4400000E4200000",12.8288269042969,1976.2119140625,583.229675292969
"CRS3035RES20000mN4400000E4220000",12.7795734405518,1900.89038085938,624.491271972656
"CRS3035RES20000mN4400000E4240000",11.9990568161011,2160.65258789062,651.323120117188
"CRS3035RES20000mN4400000E4260000",9.45997047424316,2348.99633789062,650.841979980469
"CRS3035RES20000mN4400000E4280000",9.07710742950439,1638.85107421875,650.176330566406
"CRS3035RES20000mN4400000E4300000",10.5799388885498,1159.95654296875,671.10205078125
"CRS3035RES20000mN4400000E4320000",11.0261030197144,1165.21984863281,677.029296875
"CRS3035RES20000mN4400000E4340000",10.1244668960571,1265.08166503906,672.114624023438
"CRS3035RES20000mN4400000E4360000",9.625901222229,1223.93444824219,668.728759765625
"CRS3035RES20000mN4400000E4380000",10.5830125808716,1109.67651367188,695.095031738281
"CRS3035RES20000mN4400000E4400000",9.88865184783936,1264.55126953125,684.960693359375
"CRS3035RES20000mN4400000E4420000",9.05215835571289,1284.14916992188,679.914611816406
"CRS3035RES20000mN4400000E4440000",9.56720066070557,1041.93994140625,692.134399414062
"CRS3035RES20000mN4400000E4460000",10.6272764205933,897.547607421875,710.618896484375
"CRS3035RES20000mN4400000E4480000",11.3943691253662,852.60546875,740.230224609375
"CRS3035RES20000mN4400000E4500000",12.0052242279053,777.605041503906,760.863525390625
"CRS3035RES20000mN4400000E4520000",12.5700902938843,788.399108886719,767.899719238281
"CRS3035RES20000mN4400000E4540000",13.1219463348389,780.0029296875,764.317810058594
"CRS3035RES20000mN4400000E4560000",13.0806045532227,757.106323242188,759.172485351562
"CRS3035RES20000mN4400000E4580000",13.210467338562,729.904479980469,769.146911621094
"CRS3035RES20000mN4400000E4600000",13.1928195953369,758.707214355469,784.523864746094
"CRS3035RES20000mN4400000E4620000",13.2295427322388,785.836669921875,795.468688964844
"CRS3035RES20000mN4400000E4640000",13.9727325439453,701.922424316406,814.040222167969
"CRS3035RES20000mN4400000E4660000",14.0058012008667,736.29296875,809.492980957031
"CRS3035RES20000mN4400000E4680000",14.2089900970459,790.560974121094,800.910217285156
"CRS3035RES20000mN4400000E4700000",14.2218189239502,808.511169433594,763.009887695312
"CRS3035RES20000mN4400000E4720000",14.1278104782104,739.745361328125,698.564331054688
"CRS3035RES20000mN4400000E4880000",14.2571897506714,639.287658691406,693.791381835938
"CRS3035RES20000mN1900000E2640000",19.4720096588135,669.260192871094,237.577819824219
"CRS3035RES20000mN4400000E4900000",15.0481615066528,682.932739257812,775.563659667969
"CRS3035RES20000mN4400000E4920000",14.9068117141724,748.040588378906,803.385375976562
"CRS3035RES20000mN4400000E4940000",14.6087799072266,765.669128417969,808.405395507812
"CRS3035RES20000mN4400000E4960000",14.5173282623291,742.160095214844,809.930603027344
"CRS3035RES20000mN4400000E4980000",14.7194261550903,745.880554199219,823.218872070312
"CRS3035RES20000mN4400000E5000000",14.7701902389526,741.145385742188,828.546691894531
"CRS3035RES20000mN4400000E5020000",14.9186029434204,730.643310546875,834.913452148438
"CRS3035RES20000mN4400000E5040000",15.0824556350708,693.141357421875,842.548950195312
"CRS3035RES20000mN4400000E5060000",15.1434135437012,690.560119628906,846.536987304688
"CRS3035RES20000mN4400000E5080000",15.2416210174561,725.31103515625,854.066223144531
"CRS3035RES20000mN1900000E2660000",20.2065811157227,699.018859863281,291.980743408203
"CRS3035RES20000mN4400000E5100000",15.2499570846558,732.206237792969,858.714477539062
"CRS3035RES20000mN4400000E5120000",15.3087501525879,733.770324707031,859.55322265625
"CRS3035RES20000mN4400000E5140000",15.2359981536865,707.048278808594,856.373168945312
"CRS3035RES20000mN4400000E5160000",15.4078454971313,714.889343261719,866.718872070312
"CRS3035RES20000mN4400000E5180000",15.6050806045532,706.500122070312,876.247192382812
"CRS3035RES20000mN4400000E5200000",15.5425157546997,702.324279785156,873.682006835938
"CRS3035RES20000mN4400000E5220000",15.5151863098145,695.833618164062,877.910583496094
"CRS3035RES20000mN4400000E5240000",15.682201385498,699.322448730469,884.480712890625
"CRS3035RES20000mN4400000E5260000",15.8995132446289,713.472778320312,891.347534179688
"CRS3035RES20000mN4400000E5280000",16.0930652618408,694.099182128906,899.98046875
"CRS3035RES20000mN1540000E4720000",23.8009490966797,668.403137207031,498.125122070312
"CRS3035RES20000mN1900000E2680000",21.195484161377,669.059020996094,354.582122802734
"CRS3035RES20000mN4400000E5300000",15.9282388687134,695.926879882812,899.162109375
"CRS3035RES20000mN4400000E5320000",15.8533525466919,694.414611816406,899.246459960938
"CRS3035RES20000mN4400000E5340000",15.9013586044312,681.930114746094,898.072998046875
"CRS3035RES20000mN4420000E4160000",12.3709917068481,1743.15905761719,406.290069580078
"CRS3035RES20000mN4420000E4180000",12.1763706207275,1939.07727050781,456.337738037109
"CRS3035RES20000mN1900000E2700000",22.2240810394287,657.751770019531,433.206451416016
"CRS3035RES20000mN4420000E4200000",12.2374114990234,1951.10144042969,501.533264160156
"CRS3035RES20000mN4420000E4220000",13.3007364273071,1899.02001953125,572.822387695312
"CRS3035RES20000mN4420000E4240000",13.1638078689575,2228.57421875,624.282531738281
"CRS3035RES20000mN4420000E4260000",11.7634916305542,2282.40307617188,652.130737304688
"CRS3035RES20000mN4420000E4280000",11.064772605896,1844.69274902344,645.029602050781
"CRS3035RES20000mN4420000E4300000",11.6773633956909,1368.70581054688,648.545593261719
"CRS3035RES20000mN4420000E4320000",12.0068426132202,1189.56848144531,643.52197265625
"CRS3035RES20000mN4420000E4340000",11.8332691192627,1349.50061035156,652.532653808594
"CRS3035RES20000mN4420000E4360000",11.3953733444214,1302.84948730469,661.561950683594
"CRS3035RES20000mN4420000E4380000",10.2717638015747,1492.646484375,661.4755859375
"CRS3035RES20000mN1900000E2720000",22.4348793029785,715.180480957031,471.167327880859
"CRS3035RES20000mN4420000E4400000",10.2926979064941,1334.05578613281,669.263366699219
"CRS3035RES20000mN4420000E4420000",9.03508949279785,1416.92126464844,661.272338867188
"CRS3035RES20000mN4420000E4440000",8.84484195709229,1190.37768554688,668.77587890625
"CRS3035RES20000mN4420000E4460000",8.89718437194824,1106.28576660156,677.420043945312
"CRS3035RES20000mN4420000E4480000",10.4258403778076,984.362548828125,712.171142578125
"CRS3035RES20000mN4420000E4500000",10.3260345458984,1022.53741455078,713.797180175781
"CRS3035RES20000mN4420000E4520000",11.9771041870117,888.791625976562,737.708251953125
"CRS3035RES20000mN4420000E4540000",13.5061206817627,697.050598144531,757.128540039062
"CRS3035RES20000mN4420000E4560000",13.2097826004028,727.422119140625,756.036804199219
"CRS3035RES20000mN4420000E4580000",13.4679470062256,699.53466796875,773.091918945312
"CRS3035RES20000mN1900000E2740000",22.6200122833252,708.650451660156,499.176391601562
"CRS3035RES20000mN4420000E4600000",13.3830509185791,736.087890625,788.1455078125
"CRS3035RES20000mN4420000E4620000",13.6655530929565,746.303771972656,808.035949707031
"CRS3035RES20000mN4420000E4640000",13.575270652771,757.795532226562,809.023193359375
"CRS3035RES20000mN4420000E4660000",13.7775115966797,728.668518066406,811.511047363281
"CRS3035RES20000mN4420000E4680000",13.4389219284058,828.19384765625,800.102416992188
"CRS3035RES20000mN4420000E4700000",13.835223197937,837.379577636719,778.756103515625
"CRS3035RES20000mN4420000E4720000",14.5727195739746,754.335815429688,747.542785644531
"CRS3035RES20000mN4420000E4740000",14.0809288024902,663.0732421875,677.371459960938
"CRS3035RES20000mN4420000E4880000",14.2973918914795,642.972778320312,711.377563476562
"CRS3035RES20000mN4420000E4900000",14.9436235427856,687.273132324219,782.764953613281
"CRS3035RES20000mN1900000E2760000",23.185209274292,677.051147460938,522.944702148438
"CRS3035RES20000mN4420000E4920000",14.8131484985352,727.202941894531,805.189514160156
"CRS3035RES20000mN4420000E4940000",14.7429094314575,698.467956542969,812.159240722656
"CRS3035RES20000mN4420000E4960000",14.7113475799561,699.188659667969,816.550720214844
"CRS3035RES20000mN4420000E4980000",14.8935613632202,707.748779296875,831.002380371094
"CRS3035RES20000mN4420000E5000000",14.7924375534058,688.4638671875,832.374572753906
"CRS3035RES20000mN4420000E5020000",14.9001436233521,672.3662109375,840.255981445312
"CRS3035RES20000mN4420000E5040000",14.9048309326172,719.0166015625,849.510375976562
"CRS3035RES20000mN4420000E5060000",14.9185056686401,731.298583984375,851.679565429688
"CRS3035RES20000mN4420000E5080000",14.9663858413696,751.358520507812,854.396301269531
"CRS3035RES20000mN4420000E5100000",15.1151971817017,732.561279296875,864.757995605469
"CRS3035RES20000mN1900000E2780000",23.5030345916748,639.441772460938,543.308349609375
"CRS3035RES20000mN4420000E5120000",15.2406978607178,724.544616699219,866.384643554688
"CRS3035RES20000mN4420000E5140000",15.3028297424316,726.190979003906,867.300659179688
"CRS3035RES20000mN4420000E5160000",15.2444076538086,729.861450195312,870.841491699219
"CRS3035RES20000mN4420000E5180000",15.4391965866089,721.795471191406,878.389587402344
"CRS3035RES20000mN4420000E5200000",15.548849105835,695.240417480469,882.907958984375
"CRS3035RES20000mN4420000E5220000",15.5086975097656,682.728820800781,888.178649902344
"CRS3035RES20000mN4420000E5240000",15.579737663269,683.908386230469,890.720642089844
"CRS3035RES20000mN4420000E5260000",15.6548280715942,692.759887695312,893.374877929688
"CRS3035RES20000mN4420000E5280000",15.8924016952515,689.595153808594,903.592895507812
"CRS3035RES20000mN4420000E5300000",16.005708694458,676.72998046875,906.866088867188
"CRS3035RES20000mN1900000E2800000",23.8790092468262,639.140563964844,566.237365722656
"CRS3035RES20000mN4420000E5320000",15.9362010955811,678.184265136719,903.512329101562
"CRS3035RES20000mN4420000E5340000",15.7259521484375,695.270324707031,896.285278320312
"CRS3035RES20000mN4420000E5360000",15.1767473220825,731.992370605469,865.390075683594
"CRS3035RES20000mN4440000E4180000",12.4779586791992,1570.34948730469,383.562469482422
"CRS3035RES20000mN1900000E2820000",24.7379989624023,574.109252929688,589.192016601562
"CRS3035RES20000mN4440000E4200000",12.5156345367432,1686.54748535156,423.711029052734
"CRS3035RES20000mN4440000E4220000",12.6156587600708,1993.15710449219,495.494781494141
"CRS3035RES20000mN4440000E4240000",12.3183040618896,2157.23681640625,559.581848144531
"CRS3035RES20000mN4440000E4260000",11.9611968994141,2153.80786132812,613.763977050781
"CRS3035RES20000mN4440000E4280000",12.2467832565308,1835.41967773438,624.199890136719
"CRS3035RES20000mN4440000E4300000",13.0573530197144,1259.3837890625,645.391052246094
"CRS3035RES20000mN4440000E4320000",13.2992963790894,1130.75561523438,639.564147949219
"CRS3035RES20000mN4440000E4340000",11.6221733093262,1529.109375,615.314208984375
"CRS3035RES20000mN4440000E4360000",11.9132099151611,1275.36169433594,634.179504394531
"CRS3035RES20000mN4440000E4380000",11.5937356948853,1397.1201171875,656.832702636719
"CRS3035RES20000mN1900000E2840000",24.9927558898926,539.365783691406,603.66015625
"CRS3035RES20000mN4440000E4400000",10.0753421783447,1673.47497558594,644.419189453125
"CRS3035RES20000mN4440000E4420000",9.63037967681885,1441.10534667969,651.127014160156
"CRS3035RES20000mN4440000E4440000",8.89511203765869,1259,652.949645996094
"CRS3035RES20000mN4440000E4460000",10.4244327545166,954.484497070312,683.223754882812
"CRS3035RES20000mN4440000E4480000",10.2982997894287,994.829650878906,697.071899414062
"CRS3035RES20000mN4440000E4500000",10.8741788864136,1013.01513671875,710.305114746094
"CRS3035RES20000mN4440000E4520000",12.9718914031982,793.654724121094,745.007934570312
"CRS3035RES20000mN4440000E4540000",13.217324256897,699.2080078125,745.762939453125
"CRS3035RES20000mN4440000E4560000",13.1615619659424,713.949096679688,757.951293945312
"CRS3035RES20000mN4440000E4580000",13.2253370285034,738.220397949219,772.175170898438
"CRS3035RES20000mN1900000E2860000",25.5904579162598,524.107971191406,626.293151855469
"CRS3035RES20000mN4440000E4600000",13.0550451278687,796.27099609375,781.096923828125
"CRS3035RES20000mN4440000E4620000",13.5437784194946,753.5537109375,804.150939941406
"CRS3035RES20000mN4440000E4640000",13.9490661621094,699.004089355469,818.625610351562
"CRS3035RES20000mN4440000E4660000",13.695873260498,744.872375488281,813.602355957031
"CRS3035RES20000mN4440000E4680000",13.6665916442871,786.585510253906,816.263610839844
"CRS3035RES20000mN4440000E4700000",14.4991521835327,784.180297851562,817.473693847656
"CRS3035RES20000mN4440000E4720000",14.4535179138184,793.777404785156,775.800170898438
"CRS3035RES20000mN4440000E4740000",13.9365434646606,755.062072753906,696.736450195312
"CRS3035RES20000mN4440000E4880000",14.3656368255615,620.41455078125,726.421203613281
"CRS3035RES20000mN1540000E4740000",23.2592163085938,660.644592285156,538.207946777344
"CRS3035RES20000mN1900000E2880000",25.7955913543701,531.079284667969,635.750183105469
"CRS3035RES20000mN4440000E4900000",14.9461965560913,667.401794433594,790.154479980469
"CRS3035RES20000mN4440000E4920000",14.8145170211792,712.169616699219,811.129943847656
"CRS3035RES20000mN4440000E4940000",14.6943864822388,675.557006835938,812.11962890625
"CRS3035RES20000mN4440000E4960000",14.9355688095093,657.786437988281,823.670227050781
"CRS3035RES20000mN4440000E4980000",14.9602355957031,667.039733886719,835.928466796875
"CRS3035RES20000mN4440000E5000000",14.8184223175049,661.078125,836.511047363281
"CRS3035RES20000mN4440000E5020000",14.7131824493408,669.650939941406,840.942077636719
"CRS3035RES20000mN4440000E5040000",14.7025842666626,716.903625488281,851.714111328125
"CRS3035RES20000mN4440000E5060000",14.68834400177,737.263000488281,853.889892578125
"CRS3035RES20000mN4440000E5080000",14.6405925750732,769.43359375,855.070678710938
"CRS3035RES20000mN1900000E2900000",25.6680355072021,539.533508300781,640.073303222656
"CRS3035RES20000mN4440000E5100000",14.7554035186768,771.334411621094,861.395568847656
"CRS3035RES20000mN4440000E5120000",15.0347967147827,734.799560546875,865.187438964844
"CRS3035RES20000mN4440000E5140000",15.3872146606445,711.900512695312,877.095520019531
"CRS3035RES20000mN4440000E5160000",15.2905225753784,736.342712402344,880.4970703125
"CRS3035RES20000mN4440000E5180000",15.1275062561035,745.724609375,876.911560058594
"CRS3035RES20000mN4440000E5200000",15.3592796325684,701.781799316406,883.88720703125
"CRS3035RES20000mN4440000E5220000",15.4868469238281,695.321044921875,890.936157226562
"CRS3035RES20000mN4440000E5240000",15.6103849411011,692.395263671875,895.892822265625
"CRS3035RES20000mN4440000E5260000",15.6797342300415,700.254638671875,899.747741699219
"CRS3035RES20000mN4440000E5280000",15.8052263259888,692.215759277344,905.723815917969
"CRS3035RES20000mN1900000E2920000",26.0421581268311,514.194213867188,657.576171875
"CRS3035RES20000mN4440000E5300000",15.8072891235352,693.141784667969,905.113708496094
"CRS3035RES20000mN4440000E5320000",15.9238204956055,682.936157226562,907.936950683594
"CRS3035RES20000mN4440000E5340000",15.7873468399048,683.147094726562,906.015625
"CRS3035RES20000mN4440000E5360000",15.6611061096191,704.002197265625,900.363891601562
"CRS3035RES20000mN4460000E4200000",12.33913230896,1513.25927734375,369.758148193359
"CRS3035RES20000mN1900000E2940000",26.0429058074951,513.66455078125,662.49560546875
"CRS3035RES20000mN4460000E4220000",12.5791807174683,1593.78063964844,417.928070068359
"CRS3035RES20000mN4460000E4240000",12.405369758606,1912.02746582031,490.416564941406
"CRS3035RES20000mN4460000E4260000",12.6783123016357,1820.81970214844,555.177795410156
"CRS3035RES20000mN4460000E4280000",12.0550136566162,1902.38989257812,571.100769042969
"CRS3035RES20000mN4460000E4300000",12.8235559463501,1426.65673828125,601.756225585938
"CRS3035RES20000mN4460000E4320000",13.7467269897461,1158.1787109375,626.646789550781
"CRS3035RES20000mN4460000E4340000",13.1728343963623,1234.17248535156,625.127014160156
"CRS3035RES20000mN4460000E4360000",12.6756267547607,1380.32653808594,625.857971191406
"CRS3035RES20000mN4460000E4380000",11.1786069869995,1789.74426269531,628.364196777344
"CRS3035RES20000mN4460000E4400000",11.3013334274292,1493.03918457031,649.027465820312
"CRS3035RES20000mN1900000E2960000",25.9077396392822,530.264831542969,662.419616699219
"CRS3035RES20000mN4460000E4420000",10.8076219558716,1294.83349609375,655.185424804688
"CRS3035RES20000mN4460000E4440000",11.4940118789673,1001.50128173828,675.406188964844
"CRS3035RES20000mN4460000E4460000",11.0482521057129,950.0087890625,682.105163574219
"CRS3035RES20000mN4460000E4480000",12.1516370773315,827.032104492188,716.641662597656
"CRS3035RES20000mN4460000E4500000",12.8957757949829,789.696044921875,740.498413085938
"CRS3035RES20000mN4460000E4520000",13.4483585357666,724.854309082031,749.737731933594
"CRS3035RES20000mN4460000E4540000",13.389199256897,686.941711425781,756.270751953125
"CRS3035RES20000mN4460000E4560000",13.4804334640503,678.746154785156,774.001892089844
"CRS3035RES20000mN4460000E4580000",13.6335191726685,691.085571289062,789.337890625
"CRS3035RES20000mN4460000E4600000",13.6846799850464,703.804931640625,798.720642089844
"CRS3035RES20000mN1900000E2980000",25.9099578857422,570.617980957031,670.219848632812
"CRS3035RES20000mN4460000E4620000",13.5746536254883,730.907165527344,804.839538574219
"CRS3035RES20000mN4460000E4640000",13.3350343704224,777.805969238281,803.407836914062
"CRS3035RES20000mN4460000E4660000",14.2897758483887,708.27734375,832.268676757812
"CRS3035RES20000mN4460000E4680000",14.4970941543579,703.017517089844,841.255859375
"CRS3035RES20000mN4460000E4700000",14.6777753829956,712.184936523438,833.391235351562
"CRS3035RES20000mN4460000E4720000",13.7126131057739,882.545288085938,786.936401367188
"CRS3035RES20000mN4460000E4740000",13.9278688430786,833.025329589844,731.051025390625
"CRS3035RES20000mN4460000E4880000",14.3417873382568,600.297485351562,734.398498535156
"CRS3035RES20000mN1900000E3000000",25.9131126403809,627.185180664062,683.241577148438
"CRS3035RES20000mN4460000E4900000",15.0500001907349,624.473205566406,796.119689941406
"CRS3035RES20000mN4460000E4920000",15.0655059814453,653.1728515625,820.298217773438
"CRS3035RES20000mN4460000E4940000",14.9738750457764,627.868713378906,821.312622070312
"CRS3035RES20000mN4460000E4960000",15.1527280807495,622.989501953125,832.443298339844
"CRS3035RES20000mN4460000E4980000",14.9771089553833,640.510559082031,839.865112304688
"CRS3035RES20000mN4460000E5000000",14.9053649902344,641.516479492188,844.685302734375
"CRS3035RES20000mN4460000E5020000",14.5819072723389,688.732604980469,844.906433105469
"CRS3035RES20000mN4460000E5040000",14.5211343765259,721.428588867188,852.091918945312
"CRS3035RES20000mN4460000E5060000",14.4406461715698,747.335510253906,852.534057617188
"CRS3035RES20000mN4460000E5080000",14.5345439910889,767.451477050781,857.350036621094
"CRS3035RES20000mN1900000E3020000",25.3983306884766,674.023254394531,691.954956054688
"CRS3035RES20000mN4460000E5100000",14.862491607666,738.150329589844,866.314758300781
"CRS3035RES20000mN4460000E5120000",15.0320730209351,705.398376464844,865.690307617188
"CRS3035RES20000mN4460000E5140000",15.2945995330811,701.164672851562,875.955322265625
"CRS3035RES20000mN4460000E5160000",15.3239164352417,739.106506347656,883.470520019531
"CRS3035RES20000mN4460000E5180000",15.2234525680542,739.750305175781,885.591796875
"CRS3035RES20000mN4460000E5200000",15.2964382171631,712.600036621094,885.973815917969
"CRS3035RES20000mN4460000E5220000",15.4524812698364,694.805908203125,890.926513671875
"CRS3035RES20000mN4460000E5240000",15.6840028762817,677.779357910156,901.280395507812
"CRS3035RES20000mN4460000E5260000",15.7996921539307,687.01708984375,907.902893066406
"CRS3035RES20000mN4460000E5280000",15.7669820785522,705.889526367188,910.007019042969
"CRS3035RES20000mN1900000E3040000",25.2317237854004,628.772277832031,702.876281738281
"CRS3035RES20000mN4460000E5300000",15.8041934967041,699.213317871094,911.873779296875
"CRS3035RES20000mN4460000E5320000",15.7987470626831,693.638366699219,911.732727050781
"CRS3035RES20000mN4460000E5340000",15.6949348449707,705.824462890625,912.298400878906
"CRS3035RES20000mN4460000E5360000",15.5585451126099,726.924865722656,912.267272949219
"CRS3035RES20000mN4480000E4200000",12.2274608612061,1302.01123046875,345.851013183594
"CRS3035RES20000mN4480000E4220000",12.198450088501,1375.34521484375,365.341979980469
"CRS3035RES20000mN4480000E4240000",12.2880058288574,1586.53991699219,423.646026611328
"CRS3035RES20000mN4480000E4260000",12.7599468231201,1596.0146484375,470.709381103516
"CRS3035RES20000mN4480000E4280000",12.4570112228394,1598.1318359375,506.730346679688
"CRS3035RES20000mN4480000E4300000",12.4869585037231,1423.80053710938,538.014953613281
"CRS3035RES20000mN1900000E3060000",24.8427391052246,642.626953125,705.41015625
"CRS3035RES20000mN4480000E4320000",13.733416557312,1193.95178222656,604.264526367188
"CRS3035RES20000mN4480000E4340000",14.5847702026367,1006.88446044922,641.673645019531
"CRS3035RES20000mN4480000E4360000",13.7547569274902,1293.69946289062,639.469848632812
"CRS3035RES20000mN4480000E4380000",12.7753934860229,1442.861328125,643.234680175781
"CRS3035RES20000mN4480000E4400000",11.6458511352539,1567.71008300781,648.534729003906
"CRS3035RES20000mN4480000E4420000",10.5321187973022,1517.58972167969,644.473693847656
"CRS3035RES20000mN4480000E4440000",11.4426031112671,1159.50073242188,671.877563476562
"CRS3035RES20000mN4480000E4460000",10.9799222946167,1109.09313964844,673.042724609375
"CRS3035RES20000mN4480000E4480000",11.7854804992676,924.907104492188,701.39990234375
"CRS3035RES20000mN4480000E4500000",12.5763864517212,856.697082519531,732.160400390625
"CRS3035RES20000mN1540000E4760000",24.5836162567139,615.335510253906,534.122131347656
"CRS3035RES20000mN1900000E3080000",25.2793388366699,568.400207519531,713.9150390625
"CRS3035RES20000mN4480000E4520000",13.0103597640991,800.582336425781,749.168090820312
"CRS3035RES20000mN4480000E4540000",13.3029813766479,713.282165527344,764.929870605469
"CRS3035RES20000mN4480000E4560000",13.0501699447632,732.739196777344,771.245544433594
"CRS3035RES20000mN4480000E4580000",13.3198471069336,737.906005859375,783.571228027344
"CRS3035RES20000mN4480000E4600000",13.2491416931152,753.212280273438,788.331970214844
"CRS3035RES20000mN4480000E4620000",12.8188076019287,832.197143554688,784.415100097656
"CRS3035RES20000mN4480000E4640000",13.8317947387695,768.289489746094,819.0087890625
"CRS3035RES20000mN4480000E4660000",14.2378387451172,707.038513183594,835.474670410156
"CRS3035RES20000mN4480000E4680000",13.9069385528564,701.607727050781,830.550842285156
"CRS3035RES20000mN4480000E4700000",13.7213230133057,800.469055175781,818.585998535156
"CRS3035RES20000mN1900000E3100000",24.0837593078613,607.501159667969,703.263854980469
"CRS3035RES20000mN4480000E4720000",13.9969892501831,842.965576171875,814.795593261719
"CRS3035RES20000mN4480000E4740000",14.3081588745117,786.092468261719,781.417785644531
"CRS3035RES20000mN4480000E4760000",14.3351230621338,716.740295410156,750.822082519531
"CRS3035RES20000mN4480000E4780000",14.1393632888794,623.424438476562,721.519714355469
"CRS3035RES20000mN4480000E4880000",14.1914710998535,577.948120117188,737.284362792969
"CRS3035RES20000mN4480000E4900000",14.8830013275146,606.407165527344,788.952270507812
"CRS3035RES20000mN4480000E4920000",15.2011785507202,622.712524414062,823.0400390625
"CRS3035RES20000mN4480000E4940000",15.1323947906494,617.527282714844,829.652099609375
"CRS3035RES20000mN1900000E3120000",24.1610317230225,495.499206542969,708.599426269531
"CRS3035RES20000mN4480000E4960000",15.1681957244873,618.922607421875,836.557006835938
"CRS3035RES20000mN4480000E4980000",15.0849962234497,637.183044433594,845.472534179688
"CRS3035RES20000mN4480000E5000000",14.8644247055054,678.2568359375,848.196838378906
"CRS3035RES20000mN4480000E5020000",14.6043395996094,726.709594726562,850.839294433594
"CRS3035RES20000mN4480000E5040000",14.436653137207,728.991455078125,853.188354492188
"CRS3035RES20000mN4480000E5060000",14.6047019958496,714.649353027344,859.836608886719
"CRS3035RES20000mN4480000E5080000",14.7325086593628,693.628784179688,864.309265136719
"CRS3035RES20000mN4480000E5100000",14.9382448196411,690.725524902344,868.485168457031
"CRS3035RES20000mN4480000E5120000",15.0751552581787,696.081665039062,869.583129882812
"CRS3035RES20000mN4480000E5140000",15.1365299224854,715.547546386719,872.89697265625
"CRS3035RES20000mN1900000E3140000",24.2550354003906,440.717681884766,716.049926757812
"CRS3035RES20000mN4480000E5160000",15.3184652328491,725.03125,884.462036132812
"CRS3035RES20000mN4480000E5180000",15.2984476089478,711.210632324219,890.539489746094
"CRS3035RES20000mN4480000E5200000",15.3784341812134,696.449523925781,891.734008789062
"CRS3035RES20000mN4480000E5220000",15.4922571182251,686.16796875,897.726806640625
"CRS3035RES20000mN4480000E5240000",15.4699697494507,731.796630859375,902.684814453125
"CRS3035RES20000mN4480000E5260000",15.4092798233032,737.079223632812,902.6015625
"CRS3035RES20000mN4480000E5280000",15.5194063186646,704.981506347656,908.659973144531
"CRS3035RES20000mN4480000E5300000",15.7580308914185,692.906005859375,917.945190429688
"CRS3035RES20000mN4480000E5320000",15.7280235290527,689.1591796875,915.491516113281
"CRS3035RES20000mN4480000E5340000",15.503927230835,716.912475585938,914.573608398438
"CRS3035RES20000mN1900000E3160000",25.5290241241455,380.609375,734.849853515625
"CRS3035RES20000mN4480000E5360000",15.3583383560181,762.170227050781,919.517883300781
"CRS3035RES20000mN4480000E5380000",15.3573570251465,772.029541015625,917.719421386719
"CRS3035RES20000mN4500000E4220000",12.1491222381592,1168.00952148438,347.897369384766
"CRS3035RES20000mN4500000E4240000",12.1989593505859,1245.21618652344,369.364471435547
"CRS3035RES20000mN4500000E4260000",12.3066329956055,1244.07080078125,394.171630859375
"CRS3035RES20000mN4500000E4280000",12.4306945800781,1265.06628417969,430.344116210938
"CRS3035RES20000mN4500000E4300000",12.5904235839844,1553.40405273438,492.327239990234
"CRS3035RES20000mN4500000E4320000",12.7645978927612,1756.40856933594,577.476867675781
"CRS3035RES20000mN4500000E4340000",13.265251159668,1619.41357421875,623.748229980469
"CRS3035RES20000mN4500000E4360000",14.2353382110596,1228.93273925781,650.255920410156
"CRS3035RES20000mN1900000E3180000",25.4643878936768,384.317474365234,733.831665039062
"CRS3035RES20000mN4500000E4380000",13.4900331497192,1313.95788574219,643.486450195312
"CRS3035RES20000mN4500000E4400000",12.0250387191772,1468.33361816406,647.283386230469
"CRS3035RES20000mN4500000E4420000",11.3849143981934,1496.60546875,659.428100585938
"CRS3035RES20000mN4500000E4440000",11.4220218658447,1369.45715332031,674.911193847656
"CRS3035RES20000mN4500000E4460000",11.8044281005859,1144.48547363281,689.042114257812
"CRS3035RES20000mN4500000E4480000",11.733057975769,1053.79443359375,701.583679199219
"CRS3035RES20000mN4500000E4500000",12.5516204833984,921.478515625,736.119995117188
"CRS3035RES20000mN4500000E4520000",12.4048252105713,903.717468261719,743.286437988281
"CRS3035RES20000mN4500000E4540000",13.1844434738159,766.607604980469,770.148559570312
"CRS3035RES20000mN4500000E4560000",13.0258893966675,780.687377929688,776.328002929688
"CRS3035RES20000mN1900000E3200000",25.2429523468018,394.98193359375,728.756530761719
"CRS3035RES20000mN4500000E4580000",13.5563402175903,704.484375,791.808654785156
"CRS3035RES20000mN4500000E4600000",13.3301153182983,763.538513183594,792.819702148438
"CRS3035RES20000mN4500000E4620000",13.6179695129395,752.356201171875,804.646667480469
"CRS3035RES20000mN4500000E4640000",13.9128751754761,761.774780273438,825.779724121094
"CRS3035RES20000mN4500000E4660000",13.9922275543213,726.228637695312,833.955505371094
"CRS3035RES20000mN4500000E4680000",13.5899114608765,778.214599609375,826.43603515625
"CRS3035RES20000mN4500000E4700000",14.0090303421021,775.983093261719,834.800170898438
"CRS3035RES20000mN4500000E4720000",14.24387550354,762.364562988281,828.931396484375
"CRS3035RES20000mN4500000E4740000",14.0512161254883,793.536499023438,809.598937988281
"CRS3035RES20000mN4500000E4760000",14.3710346221924,799.788024902344,803.889221191406
"CRS3035RES20000mN1900000E3220000",24.6699771881104,416.430206298828,717.332397460938
"CRS3035RES20000mN4500000E4780000",14.5069398880005,714.640441894531,770.447814941406
"CRS3035RES20000mN4500000E4800000",13.9513721466064,646.028076171875,721.88330078125
"CRS3035RES20000mN4500000E4860000",13.681565284729,553.192443847656,695.672119140625
"CRS3035RES20000mN4500000E4880000",13.8119564056396,575.60595703125,729.547607421875
"CRS3035RES20000mN4500000E4900000",14.459641456604,598.419555664062,771.390380859375
"CRS3035RES20000mN4500000E4920000",15.1238851547241,609.29833984375,816.905456542969
"CRS3035RES20000mN4500000E4940000",14.9896621704102,636.715698242188,825.690002441406
"CRS3035RES20000mN4500000E4960000",15.1005868911743,633.898254394531,841.471984863281
"CRS3035RES20000mN4500000E4980000",15.0262489318848,643.321166992188,847.892272949219
"CRS3035RES20000mN1900000E3240000",24.037239074707,451.999114990234,702.139892578125
"CRS3035RES20000mN4500000E5000000",15.0122261047363,672.426940917969,856.446166992188
"CRS3035RES20000mN4500000E5020000",14.7154750823975,722.171875,858.24853515625
"CRS3035RES20000mN4500000E5040000",14.4630069732666,717.615661621094,857.721862792969
"CRS3035RES20000mN4500000E5060000",14.4917469024658,701.357971191406,858.887329101562
"CRS3035RES20000mN4500000E5080000",14.7918281555176,692.270324707031,865.845275878906
"CRS3035RES20000mN4500000E5100000",14.896915435791,707.352172851562,869.938354492188
"CRS3035RES20000mN4500000E5120000",15.1914043426514,686.198547363281,878.511291503906
"CRS3035RES20000mN4500000E5140000",15.1813182830811,698.346130371094,880.033020019531
"CRS3035RES20000mN4500000E5160000",15.2095127105713,705.431518554688,884.234130859375
"CRS3035RES20000mN4500000E5180000",15.0587577819824,697.231994628906,883.130310058594
"CRS3035RES20000mN1900000E3260000",23.3982448577881,508.276824951172,685.218688964844
"CRS3035RES20000mN4500000E5200000",15.1254711151123,698.831481933594,886.936157226562
"CRS3035RES20000mN4500000E5220000",15.3204679489136,702.877319335938,897.417297363281
"CRS3035RES20000mN4500000E5240000",15.4121723175049,736.177001953125,906.408752441406
"CRS3035RES20000mN4500000E5260000",15.3228254318237,746.788146972656,906.198181152344
"CRS3035RES20000mN4500000E5280000",15.2957353591919,714.357788085938,907.574462890625
"CRS3035RES20000mN4500000E5300000",15.5765647888184,685.397155761719,917.324279785156
"CRS3035RES20000mN4500000E5320000",15.6031608581543,688.078796386719,918.611206054688
"CRS3035RES20000mN4500000E5340000",15.312614440918,753.1669921875,919.417114257812
"CRS3035RES20000mN4500000E5360000",15.1707801818848,795.168273925781,925.376831054688
"CRS3035RES20000mN4500000E5380000",15.0139999389648,825.876159667969,925.992126464844
"CRS3035RES20000mN1540000E4780000",25.3000450134277,568.543640136719,489.233123779297
"CRS3035RES20000mN1900000E3280000",23.3183937072754,490.176940917969,676.654235839844
"CRS3035RES20000mN4520000E4240000",12.1456727981567,1042.08056640625,350.666809082031
"CRS3035RES20000mN4520000E4260000",12.1523027420044,1054.044921875,361.943603515625
"CRS3035RES20000mN4520000E4300000",12.4935779571533,1688.67614746094,452.358337402344
"CRS3035RES20000mN4520000E4320000",12.7587518692017,2260.27172851562,556.332763671875
"CRS3035RES20000mN4520000E4340000",12.5083274841309,2191.91284179688,612.889892578125
"CRS3035RES20000mN4520000E4360000",13.9612712860107,1430.66186523438,657.670349121094
"CRS3035RES20000mN4520000E4380000",14.3665170669556,1212.12524414062,655.458251953125
"CRS3035RES20000mN4520000E4400000",13.0454893112183,1481.40124511719,657.234008789062
"CRS3035RES20000mN1900000E3300000",22.9382648468018,505.026672363281,669.569519042969
"CRS3035RES20000mN4520000E4420000",11.8607606887817,1705.4013671875,660.708740234375
"CRS3035RES20000mN4520000E4440000",10.5543584823608,1796.54931640625,658.2216796875
"CRS3035RES20000mN4520000E4460000",11.2324724197388,1390.490234375,682.157470703125
"CRS3035RES20000mN4520000E4480000",10.0514364242554,1409.26257324219,674.93017578125
"CRS3035RES20000mN4520000E4500000",10.6585645675659,1252.10876464844,701.040222167969
"CRS3035RES20000mN4520000E4520000",12.0860748291016,1034.01196289062,741.517395019531
"CRS3035RES20000mN4520000E4540000",12.9849786758423,859.546752929688,769.820434570312
"CRS3035RES20000mN4520000E4560000",13.2166023254395,787.391723632812,784.031372070312
"CRS3035RES20000mN4520000E4580000",13.4748678207397,738.007141113281,791.198303222656
"CRS3035RES20000mN4520000E4600000",13.7135419845581,715.134887695312,805.56201171875
"CRS3035RES20000mN1900000E3320000",23.1254615783691,446.294494628906,659.543518066406
"CRS3035RES20000mN4520000E4620000",13.7681283950806,751.663269042969,812.342163085938
"CRS3035RES20000mN4520000E4640000",14.0065975189209,742.762756347656,833.046447753906
"CRS3035RES20000mN4520000E4660000",14.0031518936157,736.048889160156,838.483276367188
"CRS3035RES20000mN4520000E4680000",13.4972190856934,801.014770507812,827.045104980469
"CRS3035RES20000mN4520000E4700000",13.6005773544312,795.955810546875,829.24658203125
"CRS3035RES20000mN4520000E4720000",13.5610074996948,803.063659667969,822.152160644531
"CRS3035RES20000mN4520000E4740000",13.8592653274536,802.592102050781,825.802856445312
"CRS3035RES20000mN4520000E4760000",14.0893316268921,846.411315917969,827.763366699219
"CRS3035RES20000mN4520000E4780000",14.4418506622314,812.804626464844,807.878784179688
"CRS3035RES20000mN4520000E4800000",14.2063474655151,734.564270019531,761.29150390625
"CRS3035RES20000mN1900000E3340000",22.2471981048584,482.407043457031,634.805419921875
"CRS3035RES20000mN4520000E4820000",13.7219076156616,645.510437011719,715.43115234375
"CRS3035RES20000mN4520000E4920000",14.7536592483521,607.426086425781,797.681274414062
"CRS3035RES20000mN4520000E4940000",15.02965259552,636.594665527344,826.644897460938
"CRS3035RES20000mN4520000E4960000",15.0153665542603,658.022216796875,841.043640136719
"CRS3035RES20000mN4520000E4980000",14.965892791748,677.519409179688,849.92041015625
"CRS3035RES20000mN4520000E5000000",14.9718065261841,693.195373535156,860.135620117188
"CRS3035RES20000mN1900000E3360000",21.9642105102539,544.524475097656,605.658813476562
"CRS3035RES20000mN4520000E5020000",14.6257648468018,728.235046386719,860.582946777344
"CRS3035RES20000mN4520000E5040000",14.4423522949219,696.632629394531,862.629150390625
"CRS3035RES20000mN4520000E5060000",14.5256824493408,694.237548828125,863.716796875
"CRS3035RES20000mN4520000E5080000",14.8713626861572,676.254699707031,872.756896972656
"CRS3035RES20000mN4520000E5100000",15.0788526535034,681.941162109375,881.109680175781
"CRS3035RES20000mN4520000E5120000",14.9847631454468,715.419067382812,881.616577148438
"CRS3035RES20000mN4520000E5140000",14.9633531570435,743.14599609375,885.278991699219
"CRS3035RES20000mN4520000E5160000",15.2097005844116,711.771484375,896.052673339844
"CRS3035RES20000mN4520000E5180000",15.0664672851562,717.207763671875,893.786682128906
"CRS3035RES20000mN4520000E5200000",15.1751527786255,708.183959960938,898.03369140625
"CRS3035RES20000mN1900000E3380000",23.3755741119385,440.558074951172,576.226989746094
"CRS3035RES20000mN4520000E5220000",15.2450075149536,707.490173339844,901.498962402344
"CRS3035RES20000mN4520000E5240000",15.170126914978,751.943542480469,903.977233886719
"CRS3035RES20000mN4520000E5260000",15.1947584152222,764.502685546875,908.614074707031
"CRS3035RES20000mN4520000E5280000",15.3111276626587,724.67919921875,913.903564453125
"CRS3035RES20000mN4520000E5300000",15.3733110427856,701.751342773438,916.3369140625
"CRS3035RES20000mN4520000E5320000",15.3921365737915,742.134765625,920.223205566406
"CRS3035RES20000mN4520000E5340000",15.0184421539307,802.675415039062,920.72021484375
"CRS3035RES20000mN4520000E5360000",14.9480876922607,813.510559082031,926.922119140625
"CRS3035RES20000mN4520000E5380000",14.8636817932129,814.945373535156,928.132385253906
"CRS3035RES20000mN1900000E3400000",23.3785285949707,484.7177734375,557.51806640625
"CRS3035RES20000mN4540000E4300000",12.4912824630737,1454.89904785156,419.297698974609
"CRS3035RES20000mN4540000E4320000",12.4870357513428,2178.30786132812,514.30126953125
"CRS3035RES20000mN4540000E4340000",12.1808013916016,2389.56420898438,588.585205078125
"CRS3035RES20000mN4540000E4360000",12.3600521087646,2001.52075195312,635.153442382812
"CRS3035RES20000mN4540000E4380000",14.1483898162842,1291.107421875,662.228820800781
"CRS3035RES20000mN4540000E4400000",13.4966707229614,1425.07788085938,666.294982910156
"CRS3035RES20000mN4540000E4420000",11.7269229888916,1786.14965820312,650.732971191406
"CRS3035RES20000mN4540000E4440000",10.6161317825317,1814.10266113281,653.41455078125
"CRS3035RES20000mN1900000E3420000",23.6124954223633,515.27685546875,541.585632324219
"CRS3035RES20000mN4540000E4460000",10.7646446228027,1631.09155273438,677.676147460938
"CRS3035RES20000mN4540000E4480000",9.4677677154541,1453.06701660156,668.889831542969
"CRS3035RES20000mN4540000E4500000",10.9888229370117,1095.71655273438,709.653686523438
"CRS3035RES20000mN4540000E4520000",12.2203941345215,1008.00854492188,746.560119628906
"CRS3035RES20000mN4540000E4540000",11.2354602813721,1209.22485351562,731.449768066406
"CRS3035RES20000mN4540000E4560000",12.3826017379761,957.7705078125,763.470764160156
"CRS3035RES20000mN4540000E4580000",13.096508026123,741.713562011719,781.630798339844
"CRS3035RES20000mN4540000E4600000",13.4061899185181,755.629760742188,802.23046875
"CRS3035RES20000mN4540000E4620000",13.7747802734375,772.517700195312,827.420593261719
"CRS3035RES20000mN4540000E4640000",13.4474534988403,810.003173828125,828.143798828125
"CRS3035RES20000mN1900000E3440000",24.3452415466309,514.769165039062,494.578796386719
"CRS3035RES20000mN4540000E4660000",13.4040231704712,816.139831542969,829.548828125
"CRS3035RES20000mN4540000E4680000",12.9740028381348,898.620483398438,818.385681152344
"CRS3035RES20000mN4540000E4700000",12.9621171951294,892.886901855469,818.000122070312
"CRS3035RES20000mN4540000E4720000",13.4571475982666,817.209777832031,829.040466308594
"CRS3035RES20000mN4540000E4740000",13.6971521377563,796.712585449219,831.784973144531
"CRS3035RES20000mN4540000E4760000",13.9559288024902,831.25146484375,835.558288574219
"CRS3035RES20000mN4540000E4780000",14.2503004074097,838.237976074219,835.365783691406
"CRS3035RES20000mN4540000E4800000",14.1629638671875,820.513488769531,798.321960449219
"CRS3035RES20000mN4540000E4820000",13.8137216567993,745.902526855469,748.498779296875
"CRS3035RES20000mN4540000E4840000",13.5320205688477,640.762939453125,718.151000976562
"CRS3035RES20000mN4540000E4920000",14.1418867111206,590.892883300781,772.086303710938
"CRS3035RES20000mN4540000E4940000",14.803918838501,626.961364746094,815.518493652344
"CRS3035RES20000mN4540000E4960000",14.9272270202637,650.025085449219,835.438537597656
"CRS3035RES20000mN4540000E4980000",14.9833555221558,676.465881347656,853.663269042969
"CRS3035RES20000mN4540000E5000000",14.8493041992188,710.829956054688,861.036437988281
"CRS3035RES20000mN4540000E5020000",14.5853147506714,731.154479980469,863.895568847656
"CRS3035RES20000mN4540000E5040000",14.4267549514771,697.370727539062,866.506408691406
"CRS3035RES20000mN4540000E5060000",14.5752744674683,666.377624511719,871.251220703125
"CRS3035RES20000mN4540000E5080000",14.6247911453247,698.386291503906,873.793823242188
"CRS3035RES20000mN4540000E5100000",14.825834274292,701.880920410156,882.559143066406
"CRS3035RES20000mN4540000E5120000",14.8295116424561,728.450073242188,887.593872070312
"CRS3035RES20000mN4540000E5140000",15.045708656311,710.690246582031,898.107727050781
"CRS3035RES20000mN4540000E5160000",15.0651893615723,735.890625,903.117736816406
"CRS3035RES20000mN4540000E5180000",15.2748937606812,720.793273925781,911.207336425781
"CRS3035RES20000mN4540000E5200000",15.2960453033447,719.622741699219,913.675842285156
"CRS3035RES20000mN4540000E5220000",15.1286535263062,725.68603515625,905.620910644531
"CRS3035RES20000mN4540000E5240000",14.9097080230713,776.123107910156,904.451232910156
"CRS3035RES20000mN4540000E5260000",14.9647693634033,811.764099121094,914.531372070312
"CRS3035RES20000mN4540000E5280000",15.1616868972778,802.018859863281,919.553588867188
"CRS3035RES20000mN1900000E3720000",24.1264629364014,658.209655761719,452.387115478516
"CRS3035RES20000mN4540000E5300000",15.2809915542603,748.520751953125,920.37353515625
"CRS3035RES20000mN4540000E5320000",15.0620288848877,781.706848144531,917.208374023438
"CRS3035RES20000mN4540000E5340000",14.8798313140869,813.606628417969,921.436157226562
"CRS3035RES20000mN4540000E5360000",14.7642593383789,817.120056152344,925.438171386719
"CRS3035RES20000mN4540000E5380000",14.87486743927,790.462951660156,932.605102539062
"CRS3035RES20000mN4540000E5400000",14.8581380844116,783.604125976562,934.850341796875
"CRS3035RES20000mN4560000E4320000",12.4308967590332,1645.34252929688,447.941253662109
"CRS3035RES20000mN4560000E4340000",11.9173288345337,2142.48022460938,532.084533691406
"CRS3035RES20000mN4560000E4360000",12.307822227478,1966.85424804688,604.310852050781
"CRS3035RES20000mN4560000E4380000",13.1021976470947,1554.13879394531,661.405883789062
"CRS3035RES20000mN4560000E4400000",12.9142293930054,1576.56677246094,674.366516113281
"CRS3035RES20000mN4560000E4420000",12.8645915985107,1555.77587890625,676.718566894531
"CRS3035RES20000mN4560000E4440000",12.0016765594482,1596.40295410156,673.956115722656
"CRS3035RES20000mN4560000E4460000",10.985481262207,1584.94982910156,679.434814453125
"CRS3035RES20000mN4560000E4480000",10.4658498764038,1308.12756347656,684.203491210938
"CRS3035RES20000mN4560000E4500000",11.1725873947144,1078.79565429688,710.964416503906
"CRS3035RES20000mN4560000E4520000",10.0591793060303,1321.03015136719,706.980590820312
"CRS3035RES20000mN4560000E4540000",10.8058347702026,1258.06042480469,728.332275390625
"CRS3035RES20000mN1900000E3780000",23.7438411712646,557.565002441406,437.873931884766
"CRS3035RES20000mN4560000E4560000",12.3307037353516,964.122009277344,767.614135742188
"CRS3035RES20000mN4560000E4580000",12.8418951034546,805.332580566406,784.226989746094
"CRS3035RES20000mN4560000E4600000",13.2725858688354,775.485290527344,811.756103515625
"CRS3035RES20000mN4560000E4620000",13.4627676010132,796.961730957031,835.345642089844
"CRS3035RES20000mN4560000E4640000",13.0571126937866,855.1103515625,825.819274902344
"CRS3035RES20000mN4560000E4660000",13.222188949585,826.453063964844,830.922241210938
"CRS3035RES20000mN4560000E4680000",13.1932706832886,819.109985351562,830.874755859375
"CRS3035RES20000mN4560000E4700000",12.9663047790527,855.778503417969,824.631286621094
"CRS3035RES20000mN4560000E4720000",13.3953351974487,780.6240234375,834.212768554688
"CRS3035RES20000mN4560000E4740000",13.3399648666382,805.476318359375,830.050964355469
"CRS3035RES20000mN1900000E3800000",23.66259765625,532.739807128906,438.693267822266
"CRS3035RES20000mN4560000E4760000",13.847526550293,792.76416015625,839.710144042969
"CRS3035RES20000mN4560000E4780000",14.1484107971191,803.501892089844,847.946960449219
"CRS3035RES20000mN4560000E4800000",14.1175470352173,828.683410644531,830.065124511719
"CRS3035RES20000mN4560000E4820000",14.0534000396729,802.323791503906,791.714233398438
"CRS3035RES20000mN4560000E4840000",13.4799680709839,729.079711914062,743.329223632812
"CRS3035RES20000mN4560000E4940000",14.2322959899902,580.678039550781,788.17822265625
"CRS3035RES20000mN4560000E4960000",14.9394016265869,613.532348632812,835.867126464844
"CRS3035RES20000mN4560000E4980000",15.0108737945557,649.762268066406,855.840148925781
"CRS3035RES20000mN1900000E3820000",23.6934566497803,504.416809082031,437.139923095703
"CRS3035RES20000mN4560000E5000000",14.7481565475464,696.766052246094,861.158447265625
"CRS3035RES20000mN4560000E5020000",14.5578050613403,703.323181152344,865.92822265625
"CRS3035RES20000mN4560000E5040000",14.5463066101074,686.169006347656,873.123596191406
"CRS3035RES20000mN4560000E5060000",14.5602531433105,699.432373046875,877.177185058594
"CRS3035RES20000mN4560000E5080000",14.7268867492676,685.164733886719,884.145568847656
"CRS3035RES20000mN4560000E5100000",14.5858287811279,729.931335449219,884.763244628906
"CRS3035RES20000mN4560000E5120000",14.8672857284546,715.366882324219,897.525085449219
"CRS3035RES20000mN4560000E5140000",14.945818901062,711.596435546875,904.012939453125
"CRS3035RES20000mN4560000E5160000",14.8061742782593,758.546752929688,905.1357421875
"CRS3035RES20000mN4560000E5180000",15.0779314041138,738.788269042969,915.493041992188
"CRS3035RES20000mN1900000E4180000",22.9598922729492,781.061889648438,510.517211914062
"CRS3035RES20000mN4560000E5200000",14.8409938812256,762.502197265625,911.518310546875
"CRS3035RES20000mN4560000E5220000",14.8398771286011,756.176940917969,910.339416503906
"CRS3035RES20000mN4560000E5240000",14.8493232727051,787.521423339844,918.240295410156
"CRS3035RES20000mN4560000E5260000",14.6735105514526,834.162414550781,915.071228027344
"CRS3035RES20000mN4560000E5280000",15.0127897262573,840.971801757812,922.519958496094
"CRS3035RES20000mN4560000E5300000",15.0069608688354,811.961486816406,921.222290039062
"CRS3035RES20000mN4560000E5320000",14.8638849258423,808.877502441406,919.253540039062
"CRS3035RES20000mN4560000E5340000",14.7923288345337,821.261840820312,926.7724609375
"CRS3035RES20000mN4560000E5360000",14.8237857818604,803.051940917969,934.760192871094
"CRS3035RES20000mN4560000E5380000",14.7594327926636,792.767883300781,936.878356933594
"CRS3035RES20000mN1900000E4200000",21.3924865722656,790.871459960938,567.569885253906
"CRS3035RES20000mN4560000E5400000",14.7727966308594,768.530883789062,940.314331054688
"CRS3035RES20000mN4580000E4340000",12.1739473342896,1584.32629394531,468.664367675781
"CRS3035RES20000mN4580000E4360000",12.1132383346558,1788.21936035156,554.031188964844
"CRS3035RES20000mN4580000E4380000",13.3778028488159,1589.22546386719,638.060974121094
"CRS3035RES20000mN4580000E4400000",12.9685564041138,1757.56237792969,670.620178222656
"CRS3035RES20000mN4580000E4420000",12.1951990127563,1852.54064941406,670.963439941406
"CRS3035RES20000mN4580000E4440000",12.1210021972656,1855.09985351562,683.073791503906
"CRS3035RES20000mN4580000E4460000",10.7351455688477,1724.24450683594,679.069946289062
"CRS3035RES20000mN4580000E4480000",10.8793182373047,1225.21984863281,695.064636230469
"CRS3035RES20000mN1900000E4220000",22.5218544006348,633.328247070312,603.0673828125
"CRS3035RES20000mN4580000E4500000",9.98990535736084,1340.14074707031,690.665954589844
"CRS3035RES20000mN4580000E4520000",11.0997543334961,1144.73132324219,735.200744628906
"CRS3035RES20000mN4580000E4540000",12.077187538147,1018.63427734375,766.558166503906
"CRS3035RES20000mN4580000E4560000",12.5525646209717,927.498413085938,784.68603515625
"CRS3035RES20000mN4580000E4580000",12.805401802063,859.950073242188,799.244262695312
"CRS3035RES20000mN4580000E4600000",12.8458671569824,851.133422851562,816.904357910156
"CRS3035RES20000mN4580000E4620000",13.3155632019043,794.866271972656,843.060729980469
"CRS3035RES20000mN4580000E4640000",13.1410484313965,806.576843261719,833.818115234375
"CRS3035RES20000mN4580000E4660000",12.974536895752,800.247741699219,827.723266601562
"CRS3035RES20000mN4580000E4680000",13.0648946762085,776.5830078125,830.714904785156
"CRS3035RES20000mN1900000E4240000",22.5503635406494,684.780151367188,614.956237792969
"CRS3035RES20000mN4580000E4700000",13.1461420059204,781.798889160156,833.086730957031
"CRS3035RES20000mN4580000E4720000",13.0049238204956,780.569458007812,830.489440917969
"CRS3035RES20000mN4580000E4740000",13.4556007385254,767.674011230469,843.536987304688
"CRS3035RES20000mN4580000E4760000",13.7451372146606,742.9296875,847.228515625
"CRS3035RES20000mN4580000E4780000",13.890772819519,772.715026855469,850.651306152344
"CRS3035RES20000mN4580000E4800000",14.0346536636353,809.277526855469,848.20654296875
"CRS3035RES20000mN4580000E4820000",14.0869941711426,834.487731933594,824.634033203125
"CRS3035RES20000mN4580000E4840000",13.5337162017822,803.689331054688,769.074096679688
"CRS3035RES20000mN4580000E4940000",13.5912256240845,532.040405273438,758.882385253906
"CRS3035RES20000mN1900000E4260000",22.399019241333,620.740356445312,579.730163574219
"CRS3035RES20000mN4580000E4960000",14.5776147842407,598.125122070312,818.240417480469
"CRS3035RES20000mN4580000E4980000",14.8786993026733,646.660217285156,852.8583984375
"CRS3035RES20000mN4580000E5000000",14.711597442627,689.008483886719,864.151123046875
"CRS3035RES20000mN4580000E5020000",14.6126575469971,681.977233886719,868.730407714844
"CRS3035RES20000mN4580000E5040000",14.5537405014038,691.813903808594,874.223083496094
"CRS3035RES20000mN4580000E5060000",14.6670589447021,697.388916015625,883.522705078125
"CRS3035RES20000mN4580000E5080000",14.4515991210938,727.393493652344,883.466003417969
"CRS3035RES20000mN4580000E5100000",14.5300674438477,733.096008300781,890.544250488281
"CRS3035RES20000mN4580000E5120000",14.6215314865112,770.323120117188,897.698486328125
"CRS3035RES20000mN4580000E5140000",14.815242767334,739.741271972656,907.450866699219
"CRS3035RES20000mN1900000E4280000",22.972843170166,560.385314941406,504.572174072266
"CRS3035RES20000mN4580000E5160000",14.8464937210083,759.9404296875,912.827697753906
"CRS3035RES20000mN4580000E5180000",14.7485542297363,770.004760742188,913.8193359375
"CRS3035RES20000mN4580000E5200000",14.7785167694092,750.463073730469,919.175537109375
"CRS3035RES20000mN4580000E5220000",14.7404327392578,749.750244140625,921.21337890625
"CRS3035RES20000mN4580000E5240000",14.7183647155762,775.714233398438,924.503234863281
"CRS3035RES20000mN4580000E5260000",14.7273426055908,863.863525390625,912.058898925781
"CRS3035RES20000mN4580000E5280000",15.1666049957275,839.4638671875,920.567443847656
"CRS3035RES20000mN4580000E5300000",15.0633010864258,805.781799316406,922.515930175781
"CRS3035RES20000mN4580000E5320000",14.6623487472534,824.527282714844,921.076354980469
"CRS3035RES20000mN4580000E5340000",14.616231918335,835.637512207031,932.154296875
"CRS3035RES20000mN4580000E5360000",14.7088737487793,816.664184570312,940.263732910156
"CRS3035RES20000mN4580000E5380000",14.5729503631592,810.237487792969,938.14990234375
"CRS3035RES20000mN4580000E5400000",14.5113677978516,787.004821777344,937.571228027344
"CRS3035RES20000mN4600000E4360000",12.4072074890137,1485.6484375,494.399169921875
"CRS3035RES20000mN4600000E4380000",12.840256690979,1721.68420410156,578.353576660156
"CRS3035RES20000mN4600000E4400000",12.3269596099854,2119.22412109375,642.826049804688
"CRS3035RES20000mN4600000E4420000",12.882345199585,1930.69165039062,685.561279296875
"CRS3035RES20000mN4600000E4440000",12.2378196716309,1946.57873535156,694.638244628906
"CRS3035RES20000mN4600000E4460000",10.4535427093506,1890.85241699219,674.170227050781
"CRS3035RES20000mN4600000E4480000",10.9123153686523,1377.93469238281,696.860412597656
"CRS3035RES20000mN4600000E4500000",11.9603433609009,1117.91247558594,736.151062011719
"CRS3035RES20000mN4600000E4520000",10.9997329711914,1339.21740722656,738.9609375
"CRS3035RES20000mN4600000E4540000",11.3093547821045,1235.21240234375,759.502136230469
"CRS3035RES20000mN4600000E4560000",11.9197492599487,1076.49755859375,783.531372070312
"CRS3035RES20000mN4600000E4580000",12.8365821838379,890.96875,817.224548339844
"CRS3035RES20000mN4600000E4600000",12.623194694519,894.045532226562,822.840454101562
"CRS3035RES20000mN4600000E4620000",12.1788244247437,956.103210449219,816.081420898438
"CRS3035RES20000mN4600000E4640000",12.976146697998,820.177734375,833.469665527344
"CRS3035RES20000mN4600000E4660000",12.9595355987549,799.053039550781,834.212707519531
"CRS3035RES20000mN1900000E4740000",23.6651515960693,869.933410644531,505.743530273438
"CRS3035RES20000mN4600000E4680000",12.5480051040649,833.210144042969,822.6728515625
"CRS3035RES20000mN4600000E4700000",12.4638891220093,889.021789550781,815.485900878906
"CRS3035RES20000mN4600000E4720000",13.0392398834229,816.647705078125,833.309448242188
"CRS3035RES20000mN4600000E4740000",13.5756387710571,757.196838378906,850.943969726562
"CRS3035RES20000mN4600000E4760000",13.8692378997803,711.754211425781,858.857971191406
"CRS3035RES20000mN4600000E4780000",13.7654085159302,733.297912597656,853.766357421875
"CRS3035RES20000mN4600000E4800000",13.500244140625,831.849304199219,842.365600585938
"CRS3035RES20000mN4600000E4820000",13.7950239181519,844.579345703125,831.897277832031
"CRS3035RES20000mN4600000E4840000",13.5795660018921,840.931213378906,786.961181640625
"CRS3035RES20000mN4600000E4860000",13.2346162796021,680.302307128906,739.544677734375
"CRS3035RES20000mN1900000E4760000",22.2326259613037,976.077209472656,537.689208984375
"CRS3035RES20000mN4600000E4960000",14.1610069274902,555.263732910156,799.065490722656
"CRS3035RES20000mN4600000E4980000",14.9453020095825,636.386657714844,854.817932128906
"CRS3035RES20000mN4600000E5000000",14.8693008422852,665.322692871094,872.017028808594
"CRS3035RES20000mN4600000E5020000",14.7136182785034,684.039733886719,875.174133300781
"CRS3035RES20000mN4600000E5040000",14.7366161346436,685.985656738281,882.736999511719
"CRS3035RES20000mN4600000E5060000",14.6896820068359,684.623840332031,889.162048339844
"CRS3035RES20000mN4600000E5080000",14.4544286727905,727.017272949219,888.925109863281
"CRS3035RES20000mN4600000E5100000",14.5058498382568,755.857666015625,895.45703125
"CRS3035RES20000mN4600000E5120000",14.7793169021606,726.323486328125,907.610595703125
"CRS3035RES20000mN4600000E5140000",14.7005634307861,736.660339355469,910.104431152344
"CRS3035RES20000mN1900000E4780000",21.9744911193848,870.459106445312,574.054748535156
"CRS3035RES20000mN4600000E5160000",14.712718963623,767.80859375,916.101196289062
"CRS3035RES20000mN4600000E5180000",14.6774234771729,770.768310546875,919.313537597656
"CRS3035RES20000mN4600000E5200000",14.5651140213013,768.153991699219,920.847961425781
"CRS3035RES20000mN4600000E5220000",14.4362258911133,764.366760253906,919.958312988281
"CRS3035RES20000mN4600000E5240000",14.5219249725342,810.752502441406,920.105163574219
"CRS3035RES20000mN4600000E5260000",15.1603479385376,804.289978027344,924.587646484375
"CRS3035RES20000mN4600000E5280000",15.2267627716064,814.231384277344,925.157165527344
"CRS3035RES20000mN4600000E5300000",15.0543651580811,777.884521484375,930.161315917969
"CRS3035RES20000mN4600000E5320000",14.585485458374,826.356018066406,928.930236816406
"CRS3035RES20000mN4600000E5340000",14.4633913040161,819.19921875,934.651245117188
"CRS3035RES20000mN1900000E4800000",20.1645488739014,1089.45629882812,589.626098632812
"CRS3035RES20000mN4600000E5360000",14.3688249588013,831.625305175781,934.655517578125
"CRS3035RES20000mN4600000E5380000",14.3598918914795,812.043518066406,937.688110351562
"CRS3035RES20000mN4620000E4340000",12.1299228668213,1068.02209472656,395.846038818359
"CRS3035RES20000mN4620000E4360000",12.1628160476685,1282.38549804688,438.258819580078
"CRS3035RES20000mN4620000E4380000",12.4542627334595,1601.29907226562,517.619995117188
"CRS3035RES20000mN4620000E4400000",12.623815536499,2234.99047851562,619.524353027344
"CRS3035RES20000mN4620000E4420000",11.9484157562256,2327.25952148438,667.907409667969
"CRS3035RES20000mN4620000E4440000",11.7544651031494,2104.04711914062,690.066650390625
"CRS3035RES20000mN4620000E4460000",11.4065055847168,1724.22631835938,688.857177734375
"CRS3035RES20000mN4620000E4480000",11.3795614242554,1394.84912109375,704.444458007812
"CRS3035RES20000mN1900000E4820000",18.8683052062988,1038.55346679688,599.955505371094
"CRS3035RES20000mN4620000E4500000",11.0036287307739,1564.33605957031,718.560546875
"CRS3035RES20000mN4620000E4520000",10.1777172088623,1566.98132324219,729.802490234375
"CRS3035RES20000mN4620000E4540000",10.4798736572266,1330.50732421875,753.440307617188
"CRS3035RES20000mN4620000E4560000",11.4830551147461,1202.29211425781,785.156982421875
"CRS3035RES20000mN4620000E4580000",12.2843008041382,974.0888671875,809.231201171875
"CRS3035RES20000mN4620000E4600000",11.8638143539429,1017.05786132812,798.632568359375
"CRS3035RES20000mN4620000E4620000",12.7394571304321,874.030883789062,826.548217773438
"CRS3035RES20000mN4620000E4640000",12.9519443511963,802.93505859375,836.12353515625
"CRS3035RES20000mN4620000E4660000",12.435601234436,878.69677734375,822.847045898438
"CRS3035RES20000mN4620000E4680000",12.0936040878296,951.515258789062,811.607543945312
"CRS3035RES20000mN1900000E4840000",21.1148300170898,835.75732421875,615.096496582031
"CRS3035RES20000mN4620000E4700000",12.8072137832642,907.310729980469,826.525085449219
"CRS3035RES20000mN4620000E4720000",13.4679870605469,797.468017578125,845.387939453125
"CRS3035RES20000mN4620000E4740000",13.7928123474121,741.241882324219,858.15185546875
"CRS3035RES20000mN4620000E4760000",13.9482984542847,707.17578125,868.275207519531
"CRS3035RES20000mN4620000E4780000",13.6052713394165,754.469665527344,856.368103027344
"CRS3035RES20000mN4620000E4800000",13.6232414245605,812.799987792969,850.853393554688
"CRS3035RES20000mN4620000E4820000",14.122350692749,842.366638183594,852.03564453125
"CRS3035RES20000mN4620000E4840000",14.0016279220581,860.187194824219,815.032958984375
"CRS3035RES20000mN4620000E4860000",13.4806652069092,767.596069335938,765.602905273438
"CRS3035RES20000mN1900000E4860000",22.711483001709,671.990539550781,611.584045410156
"CRS3035RES20000mN4620000E4980000",14.8889904022217,627.239990234375,848.680603027344
"CRS3035RES20000mN4620000E5000000",15.0089912414551,641.436828613281,876.501037597656
"CRS3035RES20000mN4620000E5020000",14.8556222915649,676.5400390625,883.036987304688
"CRS3035RES20000mN4620000E5040000",14.6433887481689,686.766540527344,885.879577636719
"CRS3035RES20000mN4620000E5060000",14.4823799133301,684.542114257812,887.809753417969
"CRS3035RES20000mN4620000E5080000",14.5232753753662,696.633850097656,895.255432128906
"CRS3035RES20000mN4620000E5100000",14.5587520599365,731.270812988281,902.193298339844
"CRS3035RES20000mN4620000E5120000",14.4210872650146,760.66357421875,902.288208007812
"CRS3035RES20000mN4620000E5140000",14.4014005661011,761.103149414062,906.849243164062
"CRS3035RES20000mN1900000E4880000",25.200309753418,568.7294921875,586.882873535156
"CRS3035RES20000mN4620000E5160000",14.4370422363281,791.413391113281,913.791564941406
"CRS3035RES20000mN4620000E5180000",14.4390316009521,817.531860351562,918.576110839844
"CRS3035RES20000mN4620000E5200000",14.20778465271,804.748107910156,915.933288574219
"CRS3035RES20000mN4620000E5220000",14.2072486877441,791.105163574219,918.41015625
"CRS3035RES20000mN4620000E5240000",14.7339191436768,750.913696289062,932.82958984375
"CRS3035RES20000mN4620000E5260000",14.7500801086426,827.030456542969,924.3486328125
"CRS3035RES20000mN4620000E5280000",14.8573532104492,838.019897460938,929.413879394531
"CRS3035RES20000mN4620000E5300000",14.8043003082275,789.1728515625,939.002502441406
"CRS3035RES20000mN4620000E5320000",14.5856561660767,798.001647949219,938.089904785156
"CRS3035RES20000mN4620000E5340000",14.4767808914185,792.060852050781,936.869689941406
"CRS3035RES20000mN4620000E5360000",14.3108882904053,807.351135253906,935.129699707031
"CRS3035RES20000mN4640000E4340000",12.0390119552612,989.297180175781,386.586853027344
"CRS3035RES20000mN4640000E4360000",11.9792947769165,1248.92456054688,419.263092041016
"CRS3035RES20000mN4640000E4380000",12.3657636642456,1541.671875,493.460876464844
"CRS3035RES20000mN4640000E4400000",12.7891073226929,2353.34594726562,600.511108398438
"CRS3035RES20000mN4640000E4420000",12.3317432403564,2546.2744140625,665.542541503906
"CRS3035RES20000mN4640000E4440000",10.7479009628296,2501.10473632812,675.754577636719
"CRS3035RES20000mN4640000E4460000",11.3896675109863,1966.65734863281,697.752075195312
"CRS3035RES20000mN4640000E4480000",10.7938776016235,1924.38916015625,702.066101074219
"CRS3035RES20000mN4640000E4500000",10.2736949920654,1756.86450195312,712.782043457031
"CRS3035RES20000mN1900000E5000000",24.4311981201172,575.300048828125,512.921020507812
"CRS3035RES20000mN4640000E4520000",10.6682376861572,1425.79650878906,742.669555664062
"CRS3035RES20000mN4640000E4540000",9.79637050628662,1322.30773925781,746.334594726562
"CRS3035RES20000mN4640000E4560000",10.361686706543,1290.81311035156,768.037292480469
"CRS3035RES20000mN4640000E4580000",10.9590063095093,1222.40502929688,782.111755371094
"CRS3035RES20000mN4640000E4600000",12.2331390380859,877.752258300781,807.169616699219
"CRS3035RES20000mN4640000E4620000",12.1917457580566,868.222290039062,809.498229980469
"CRS3035RES20000mN4640000E4640000",12.4323215484619,853.40283203125,825.30712890625
"CRS3035RES20000mN4640000E4660000",12.0769214630127,917.624145507812,813.884460449219
"CRS3035RES20000mN4640000E4680000",12.7082281112671,930.205444335938,829.346008300781
"CRS3035RES20000mN4640000E4700000",13.5780954360962,853.935363769531,850.2744140625
"CRS3035RES20000mN1900000E5020000",24.2399768829346,621.321350097656,533.613037109375
"CRS3035RES20000mN4640000E4720000",13.6905632019043,785.557739257812,856.234436035156
"CRS3035RES20000mN4640000E4740000",13.7260084152222,762.518432617188,863.285278320312
"CRS3035RES20000mN4640000E4760000",13.7240619659424,747.36328125,870.826293945312
"CRS3035RES20000mN4640000E4780000",13.5628118515015,780.128173828125,862.056274414062
"CRS3035RES20000mN4640000E4800000",13.6438102722168,829.211181640625,855.144470214844
"CRS3035RES20000mN4640000E4820000",14.2879962921143,816.926452636719,855.536865234375
"CRS3035RES20000mN4640000E4840000",14.1782274246216,836.304443359375,823.416320800781
"CRS3035RES20000mN4640000E4860000",13.6783761978149,724.977844238281,779.832702636719
"CRS3035RES20000mN1900000E5040000",24.6955432891846,612.005981445312,517.653381347656
"CRS3035RES20000mN4640000E4980000",14.1886692047119,583.497924804688,816.508911132812
"CRS3035RES20000mN4640000E5000000",14.8335285186768,665.789184570312,867.062866210938
"CRS3035RES20000mN4640000E5020000",14.8128671646118,675.664001464844,885.433654785156
"CRS3035RES20000mN4640000E5040000",14.5673055648804,689.31591796875,889.927062988281
"CRS3035RES20000mN4640000E5060000",14.3576145172119,684.532043457031,887.5341796875
"CRS3035RES20000mN4640000E5080000",14.4728403091431,708.287292480469,897.952392578125
"CRS3035RES20000mN4640000E5100000",14.4674339294434,756.524047851562,904.892883300781
"CRS3035RES20000mN4640000E5120000",14.2781171798706,759.182678222656,902.664489746094
"CRS3035RES20000mN4640000E5140000",14.1797170639038,787.36767578125,904.10302734375
"CRS3035RES20000mN4640000E5160000",14.2827672958374,803.657287597656,912.6572265625
"CRS3035RES20000mN4640000E5180000",14.1582307815552,835.548156738281,914.037902832031
"CRS3035RES20000mN4640000E5200000",13.9262828826904,850.701293945312,910.411376953125
"CRS3035RES20000mN4640000E5220000",14.2315397262573,789.699035644531,923.433288574219
"CRS3035RES20000mN4640000E5240000",14.2283515930176,812.229248046875,926.977783203125
"CRS3035RES20000mN4640000E5260000",14.2394752502441,836.350402832031,928.661682128906
"CRS3035RES20000mN4640000E5280000",14.4488477706909,822.138305664062,937.961608886719
"CRS3035RES20000mN4640000E5300000",14.4755992889404,790.170837402344,941.238586425781
"CRS3035RES20000mN4640000E5320000",14.296986579895,792.736694335938,931.716552734375
"CRS3035RES20000mN4660000E4400000",12.9100942611694,1850.29479980469,560.200561523438
"CRS3035RES20000mN4660000E4420000",12.9894371032715,2376.45947265625,652.803466796875
"CRS3035RES20000mN4660000E4440000",11.5987863540649,2762.92309570312,678.86328125
"CRS3035RES20000mN4660000E4460000",11.0700740814209,2419.869140625,697.804443359375
"CRS3035RES20000mN4660000E4480000",10.3552341461182,2165.89477539062,702.62451171875
"CRS3035RES20000mN4660000E4500000",9.05059814453125,1733.01501464844,701.073303222656
"CRS3035RES20000mN4660000E4520000",9.04157066345215,1463.71569824219,718.611083984375
"CRS3035RES20000mN4660000E4540000",9.73166465759277,1306.40161132812,742.593688964844
"CRS3035RES20000mN4660000E4560000",10.2112369537354,1168.48181152344,764.772583007812
"CRS3035RES20000mN4660000E4580000",11.2619323730469,1126.43908691406,794.927429199219
"CRS3035RES20000mN4660000E4600000",11.6849794387817,996.977783203125,799.923767089844
"CRS3035RES20000mN4660000E4620000",11.9573268890381,901.314025878906,810.680297851562
"CRS3035RES20000mN4660000E4640000",12.5537118911743,859.449829101562,834.574584960938
"CRS3035RES20000mN4660000E4660000",12.8315048217773,865.738952636719,839.363464355469
"CRS3035RES20000mN4660000E4680000",13.538872718811,841.627746582031,860.787536621094
"CRS3035RES20000mN4660000E4700000",13.6456708908081,823.839172363281,863.878051757812
"CRS3035RES20000mN4660000E4720000",13.7139844894409,777.020935058594,870.833618164062
"CRS3035RES20000mN4660000E4740000",13.6329050064087,754.898803710938,870.509521484375
"CRS3035RES20000mN4660000E4760000",13.4199199676514,809.925048828125,866.98095703125
"CRS3035RES20000mN4660000E4780000",13.6809873580933,784.432800292969,872.901000976562
"CRS3035RES20000mN4660000E4800000",13.82497215271,781.353271484375,865.202514648438
"CRS3035RES20000mN4660000E4820000",14.0925607681274,772.412963867188,846.608459472656
"CRS3035RES20000mN4660000E4840000",13.6326017379761,776.969116210938,802.950378417969
"CRS3035RES20000mN4660000E4860000",13.1635694503784,591.861877441406,761.228820800781
"CRS3035RES20000mN4660000E4980000",13.4736833572388,550.849243164062,784.031188964844
"CRS3035RES20000mN4660000E5000000",14.5453748703003,662.046264648438,849.970092773438
"CRS3035RES20000mN4660000E5020000",14.5121297836304,708.049926757812,878.650207519531
"CRS3035RES20000mN4660000E5040000",14.5431985855103,711.033752441406,893.563720703125
"CRS3035RES20000mN4660000E5060000",14.433669090271,701.278442382812,893.889526367188
"CRS3035RES20000mN4660000E5080000",14.5626125335693,702.922424316406,904.095947265625
"CRS3035RES20000mN4660000E5100000",14.5736169815063,743.209167480469,911.598022460938
"CRS3035RES20000mN4660000E5120000",14.4816989898682,750.020935058594,912.049499511719
"CRS3035RES20000mN4660000E5140000",14.5663900375366,733.453796386719,916.470703125
"CRS3035RES20000mN4660000E5160000",14.2896480560303,799.6103515625,913.004272460938
"CRS3035RES20000mN4660000E5180000",14.0422029495239,836.527893066406,910.978637695312
"CRS3035RES20000mN4660000E5200000",14.220591545105,812.200805664062,919.908630371094
"CRS3035RES20000mN4660000E5220000",14.2418298721313,810.56689453125,925.910278320312
"CRS3035RES20000mN4660000E5240000",14.0803737640381,850.084777832031,925.0263671875
"CRS3035RES20000mN4660000E5260000",14.0063734054565,872.198120117188,928.337036132812
"CRS3035RES20000mN4660000E5280000",14.1207103729248,844.501831054688,936.258666992188
"CRS3035RES20000mN4660000E5300000",14.0131721496582,830.624877929688,931.288452148438
"CRS3035RES20000mN4680000E4420000",13.0751628875732,2464.61376953125,627.042724609375
"CRS3035RES20000mN4680000E4440000",12.2506589889526,3067.423828125,680.090515136719
"CRS3035RES20000mN4680000E4460000",11.0175142288208,2731.61865234375,705.518859863281
"CRS3035RES20000mN4680000E4480000",9.4452018737793,2365.22973632812,693.098999023438
"CRS3035RES20000mN4680000E4500000",8.72126293182373,1775.46130371094,698.310119628906
"CRS3035RES20000mN4680000E4520000",9.37591743469238,1391.46423339844,722.056701660156
"CRS3035RES20000mN4680000E4540000",9.95391082763672,1237.13269042969,739.798522949219
"CRS3035RES20000mN4680000E4560000",9.67841625213623,1230.72497558594,752.516357421875
"CRS3035RES20000mN4680000E4580000",10.9534015655518,1124.64416503906,795.053833007812
"CRS3035RES20000mN4680000E4600000",11.9078502655029,991.312438964844,814.4775390625
"CRS3035RES20000mN4680000E4620000",12.4682292938232,867.216430664062,834.559814453125
"CRS3035RES20000mN4680000E4640000",12.782678604126,799.523071289062,848.125671386719
"CRS3035RES20000mN4680000E4660000",12.9644718170166,864.510803222656,852.3642578125
"CRS3035RES20000mN4680000E4680000",13.3402662277222,866.369750976562,865.0029296875
"CRS3035RES20000mN4680000E4700000",13.42054271698,818.49365234375,867.971984863281
"CRS3035RES20000mN4680000E4720000",13.1589765548706,845.896423339844,866.992126464844
"CRS3035RES20000mN4680000E4740000",13.3810901641846,818.314514160156,871.353820800781
"CRS3035RES20000mN4680000E4760000",13.719202041626,741.575744628906,880.283142089844
"CRS3035RES20000mN4680000E4780000",13.7555646896362,707.466857910156,883.050109863281
"CRS3035RES20000mN4680000E4800000",13.7245569229126,771.938842773438,875.654724121094
"CRS3035RES20000mN4680000E4820000",13.8634700775146,766.511108398438,855.00634765625
"CRS3035RES20000mN4680000E4840000",13.9885759353638,726.278503417969,825.776428222656
"CRS3035RES20000mN4680000E4860000",13.2000589370728,565.825012207031,770.337585449219
"CRS3035RES20000mN4680000E5000000",13.7382783889771,633.549377441406,821.519287109375
"CRS3035RES20000mN4680000E5020000",14.3059635162354,675.901489257812,870.268188476562
"CRS3035RES20000mN4680000E5040000",14.5323333740234,676.008972167969,893.455871582031
"CRS3035RES20000mN4680000E5060000",14.5228023529053,703.113891601562,900.497680664062
"CRS3035RES20000mN4680000E5080000",14.4452209472656,735.050476074219,904.485046386719
"CRS3035RES20000mN4680000E5100000",14.5042810440063,739.957763671875,912.867614746094
"CRS3035RES20000mN4680000E5120000",14.6120853424072,731.257202148438,922.056518554688
"CRS3035RES20000mN4680000E5140000",14.5477600097656,741.782592773438,922.535949707031
"CRS3035RES20000mN4680000E5160000",14.4532070159912,744.331115722656,923.066711425781
"CRS3035RES20000mN4680000E5180000",14.1008386611938,808.436767578125,915.812927246094
"CRS3035RES20000mN4680000E5200000",13.9355039596558,827.308654785156,911.752624511719
"CRS3035RES20000mN4680000E5220000",13.9829149246216,822.175048828125,915.074645996094
"CRS3035RES20000mN4680000E5240000",14.1256523132324,806.66650390625,923.626586914062
"CRS3035RES20000mN4680000E5260000",14.2241010665894,811.523010253906,936.193969726562
"CRS3035RES20000mN4680000E5280000",14.1538524627686,791.389343261719,939.523071289062
"CRS3035RES20000mN4680000E5300000",13.9371471405029,807.705322265625,934.117248535156
"CRS3035RES20000mN4700000E4420000",12.82421875,2411.15185546875,610.789855957031
"CRS3035RES20000mN4700000E4440000",11.6095590591431,3202.36010742188,690.572082519531
"CRS3035RES20000mN4700000E4460000",10.3920612335205,2898.904296875,714.510681152344
"CRS3035RES20000mN4700000E4480000",10.8997173309326,2126.25561523438,718.356079101562
"CRS3035RES20000mN4700000E4500000",10.3805894851685,1752.00561523438,717.944091796875
"CRS3035RES20000mN4700000E4520000",9.28356266021729,1583.28491210938,718.86083984375
"CRS3035RES20000mN4700000E4540000",9.90915393829346,1253.64404296875,738.853698730469
"CRS3035RES20000mN4700000E4560000",10.602710723877,1115.34460449219,770.784851074219
"CRS3035RES20000mN4700000E4580000",10.0685634613037,1249.58679199219,779.557861328125
"CRS3035RES20000mN4700000E4600000",12.1813898086548,965.420593261719,827.328857421875
"CRS3035RES20000mN4700000E4620000",12.3865032196045,833.023864746094,837.72216796875
"CRS3035RES20000mN4700000E4640000",11.7685308456421,931.002868652344,824.098754882812
"CRS3035RES20000mN4700000E4660000",12.7476682662964,901.183898925781,855.504150390625
"CRS3035RES20000mN4700000E4680000",13.3489103317261,820.434814453125,870.995727539062
"CRS3035RES20000mN4700000E4700000",13.0695505142212,829.614379882812,863.582397460938
"CRS3035RES20000mN4700000E4720000",13.2213039398193,830.899658203125,875.085266113281
"CRS3035RES20000mN4700000E4740000",13.2894668579102,812.967224121094,875.492797851562
"CRS3035RES20000mN4700000E4760000",13.1664028167725,811.606201171875,869.426452636719
"CRS3035RES20000mN4700000E4780000",13.2635726928711,792.585083007812,872.486267089844
"CRS3035RES20000mN4700000E4800000",13.4914503097534,786.596984863281,874.002685546875
"CRS3035RES20000mN4700000E4820000",13.7791385650635,792.502624511719,866.361145019531
"CRS3035RES20000mN4700000E4840000",14.1114797592163,751.436706542969,846.363403320312
"CRS3035RES20000mN4700000E4860000",13.2308969497681,614.105895996094,784.865539550781
"CRS3035RES20000mN4700000E5000000",13.2328596115112,580.50732421875,806.369079589844
"CRS3035RES20000mN4700000E5020000",13.8997364044189,676.623962402344,853.042236328125
"CRS3035RES20000mN4700000E5040000",14.4485969543457,677.174133300781,889.7861328125
"CRS3035RES20000mN4700000E5060000",14.6057977676392,704.786254882812,907.199584960938
"CRS3035RES20000mN4700000E5080000",14.4307975769043,751.96875,909.066528320312
"CRS3035RES20000mN4700000E5100000",14.3818407058716,774.695678710938,914.793395996094
"CRS3035RES20000mN4700000E5120000",14.4215908050537,777.624267578125,923.134765625
"CRS3035RES20000mN4700000E5140000",14.3342895507812,788.651123046875,926.096801757812
"CRS3035RES20000mN4700000E5160000",14.1497850418091,790.015197753906,924.104248046875
"CRS3035RES20000mN4700000E5180000",14.1108074188232,819.453918457031,926.240417480469
"CRS3035RES20000mN4700000E5200000",13.9468059539795,821.33935546875,922.7763671875
"CRS3035RES20000mN4700000E5220000",13.8794012069702,834.3994140625,920.421752929688
"CRS3035RES20000mN4700000E5240000",13.9428148269653,816.170166015625,922.125671386719
"CRS3035RES20000mN4700000E5260000",14.173150062561,777.260925292969,935.598876953125
"CRS3035RES20000mN4700000E5280000",13.9229974746704,791.901306152344,934.6845703125
"CRS3035RES20000mN4700000E5300000",13.7762813568115,799.447509765625,934.108215332031
"CRS3035RES20000mN4720000E4400000",11.7189617156982,1458.62963867188,455.770629882812
"CRS3035RES20000mN4720000E4420000",12.3857698440552,2241.59204101562,606.549743652344
"CRS3035RES20000mN4720000E4440000",11.6010437011719,2648.65405273438,697.816467285156
"CRS3035RES20000mN4720000E4460000",11.6280651092529,2356.6435546875,742.1025390625
"CRS3035RES20000mN4720000E4480000",10.8741760253906,2177.32153320312,709.852355957031
"CRS3035RES20000mN4720000E4500000",11.2936601638794,1812.26818847656,726.205261230469
"CRS3035RES20000mN4720000E4520000",9.32228755950928,1713.59826660156,718.142150878906
"CRS3035RES20000mN4720000E4540000",9.58199310302734,1370.74182128906,738.8193359375
"CRS3035RES20000mN4720000E4560000",11.1378841400146,1069.62023925781,787.501708984375
"CRS3035RES20000mN4720000E4580000",10.5794401168823,1117.49291992188,792.881103515625
"CRS3035RES20000mN4720000E4600000",11.0887966156006,1066.44555664062,807.046325683594
"CRS3035RES20000mN4720000E4620000",11.5539321899414,1007.72631835938,820.826232910156
"CRS3035RES20000mN4720000E4640000",12.3887538909912,860.354431152344,846.298095703125
"CRS3035RES20000mN4720000E4660000",12.9913911819458,825.070556640625,869.061889648438
"CRS3035RES20000mN4720000E4680000",12.7170886993408,807.717163085938,851.9677734375
"CRS3035RES20000mN4720000E4700000",12.3804311752319,840.654541015625,843.55419921875
"CRS3035RES20000mN4720000E4720000",12.5141677856445,889.681213378906,856.192260742188
"CRS3035RES20000mN4720000E4740000",12.6782360076904,909.342224121094,861.932312011719
"CRS3035RES20000mN4720000E4760000",13.059229850769,842.27392578125,871.371948242188
"CRS3035RES20000mN4720000E4780000",13.210599899292,762.849060058594,873.331787109375
"CRS3035RES20000mN4720000E4800000",13.1874980926514,810.738525390625,867.72900390625
"CRS3035RES20000mN4720000E4820000",13.6679096221924,845.70654296875,872.325073242188
"CRS3035RES20000mN4720000E4840000",14.3771734237671,798.527038574219,866.106262207031
"CRS3035RES20000mN4720000E4860000",13.3238916397095,694.980407714844,805.615234375
"CRS3035RES20000mN4720000E5000000",13.0007085800171,605.421936035156,799.2578125
"CRS3035RES20000mN4720000E5020000",13.369402885437,626.582214355469,832.124450683594
"CRS3035RES20000mN4720000E5040000",14.5011129379272,675.472778320312,893.765014648438
"CRS3035RES20000mN4720000E5060000",14.5310010910034,714.002685546875,910.270812988281
"CRS3035RES20000mN4720000E5080000",14.438606262207,764.076599121094,917.388000488281
"CRS3035RES20000mN4720000E5100000",14.3568811416626,788.898193359375,919.99658203125
"CRS3035RES20000mN4720000E5120000",14.1992626190186,809.723205566406,923.929809570312
"CRS3035RES20000mN4720000E5140000",13.9670572280884,843.64306640625,924.363647460938
"CRS3035RES20000mN4720000E5160000",13.6094179153442,858.134033203125,916.743225097656
"CRS3035RES20000mN4720000E5180000",13.8655080795288,855.539123535156,927.716918945312
"CRS3035RES20000mN4720000E5200000",13.955548286438,829.402099609375,933.539672851562
"CRS3035RES20000mN4720000E5220000",13.9376583099365,821.310729980469,932.414001464844
"CRS3035RES20000mN4720000E5240000",13.8442964553833,816.220397949219,928.493225097656
"CRS3035RES20000mN4720000E5260000",13.8673057556152,776.188842773438,926.299560546875
"CRS3035RES20000mN4720000E5280000",13.8408555984497,755.219543457031,930.658569335938
"CRS3035RES20000mN4740000E4420000",12.5750484466553,1859.07067871094,570.996337890625
"CRS3035RES20000mN4740000E4440000",11.719612121582,2544.294921875,669.028625488281
"CRS3035RES20000mN4740000E4460000",12.2773504257202,2448.98022460938,733.671325683594
"CRS3035RES20000mN4740000E4480000",10.408917427063,2503.4130859375,697.326171875
"CRS3035RES20000mN4740000E4500000",10.8254747390747,1951.24426269531,713.191650390625
"CRS3035RES20000mN4740000E4520000",10.0017528533936,1727.76245117188,726.512329101562
"CRS3035RES20000mN4740000E4540000",10.6004819869995,1270.86633300781,758.845520019531
"CRS3035RES20000mN4740000E4560000",10.2000894546509,1193.17126464844,780.434509277344
"CRS3035RES20000mN4740000E4580000",10.055591583252,1146.73742675781,786.427124023438
"CRS3035RES20000mN4740000E4600000",10.7067394256592,1095.8212890625,806.233337402344
"CRS3035RES20000mN4740000E4620000",11.373064994812,1019.134765625,825.624389648438
"CRS3035RES20000mN4740000E4640000",12.5119609832764,821.974731445312,854.371704101562
"CRS3035RES20000mN4740000E4660000",12.2400236129761,840.467102050781,847.445251464844
"CRS3035RES20000mN4740000E4680000",12.2337207794189,792.570556640625,836.359558105469
"CRS3035RES20000mN4740000E4700000",12.2241144180298,813.694274902344,841.403503417969
"CRS3035RES20000mN4740000E4720000",12.5449047088623,868.992309570312,860.493591308594
"CRS3035RES20000mN4740000E4740000",12.8143854141235,819.237243652344,871.385070800781
"CRS3035RES20000mN4740000E4760000",12.9685850143433,796.648498535156,875.014892578125
"CRS3035RES20000mN4740000E4780000",12.6856670379639,824.681457519531,861.436828613281
"CRS3035RES20000mN4740000E4800000",13.3885126113892,816.779174804688,877.350952148438
"CRS3035RES20000mN4740000E4820000",14.1928939819336,791.781860351562,890.967712402344
"CRS3035RES20000mN4740000E4840000",14.5864868164062,751.338806152344,891.341857910156
"CRS3035RES20000mN4740000E4860000",13.7411594390869,717.710998535156,841.971984863281
"CRS3035RES20000mN4740000E5020000",13.2896480560303,634.485046386719,835.593994140625
"CRS3035RES20000mN4740000E5040000",14.3269748687744,729.3330078125,896.497436523438
"CRS3035RES20000mN4740000E5060000",14.4278593063354,745.367309570312,916.399780273438
"CRS3035RES20000mN4740000E5080000",14.3883218765259,774.912902832031,925.260314941406
"CRS3035RES20000mN4740000E5100000",14.2479629516602,780.481201171875,923.267639160156
"CRS3035RES20000mN4740000E5120000",14.185528755188,788.56103515625,928.43017578125
"CRS3035RES20000mN4740000E5140000",13.9793930053711,833.846252441406,928.695068359375
"CRS3035RES20000mN4740000E5160000",13.4719171524048,903.644470214844,918.942810058594
"CRS3035RES20000mN4740000E5180000",13.7765321731567,840.1484375,931.622009277344
"CRS3035RES20000mN4740000E5200000",13.9137468338013,813.669067382812,936.304809570312
"CRS3035RES20000mN4740000E5220000",13.7699413299561,812.818786621094,927.089111328125
"CRS3035RES20000mN4740000E5240000",13.7627573013306,794.135681152344,928.885131835938
"CRS3035RES20000mN4740000E5260000",13.5509901046753,811.154052734375,922.761596679688
"CRS3035RES20000mN4760000E4420000",11.71107006073,1868.24926757812,499.294403076172
"CRS3035RES20000mN4760000E4440000",12.0172891616821,2465.24047851562,610.766723632812
"CRS3035RES20000mN4760000E4460000",11.7529296875,2767.36083984375,693.109313964844
"CRS3035RES20000mN4760000E4480000",11.4190769195557,2543.27709960938,718.797973632812
"CRS3035RES20000mN4760000E4500000",8.72796726226807,2588.61450195312,676.200927734375
"CRS3035RES20000mN4760000E4520000",9.26064300537109,1994.68225097656,712.50537109375
"CRS3035RES20000mN4760000E4540000",9.02135944366455,1518.24194335938,736.916137695312
"CRS3035RES20000mN4760000E4560000",9.29056262969971,1252.39270019531,766.795349121094
"CRS3035RES20000mN4760000E4580000",9.49976253509521,1183.41772460938,778.34130859375
"CRS3035RES20000mN4760000E4600000",10.6494226455688,1073.63732910156,808.232788085938
"CRS3035RES20000mN4760000E4620000",10.9821605682373,1023.86248779297,821.561401367188
"CRS3035RES20000mN4760000E4640000",11.5536365509033,995.802307128906,832.497375488281
"CRS3035RES20000mN4760000E4660000",12.162823677063,871.390686035156,848.226684570312
"CRS3035RES20000mN4760000E4680000",11.9424171447754,810.239501953125,831.533264160156
"CRS3035RES20000mN4760000E4700000",12.1237306594849,840.037963867188,846.820068359375
"CRS3035RES20000mN4760000E4720000",12.5936965942383,828.680236816406,867.271240234375
"CRS3035RES20000mN4760000E4740000",12.6288375854492,828.202941894531,871.595092773438
"CRS3035RES20000mN4760000E4760000",13.0934495925903,778.4736328125,887.261169433594
"CRS3035RES20000mN4760000E4780000",13.266978263855,788.431701660156,887.930603027344
"CRS3035RES20000mN4760000E4800000",14.1421213150024,741.56494140625,909.72216796875
"CRS3035RES20000mN4760000E4820000",14.476037979126,735.946105957031,917.187805175781
"CRS3035RES20000mN4760000E4840000",14.3010225296021,766.194946289062,905.283569335938
"CRS3035RES20000mN4760000E4860000",14.1360473632812,732.2119140625,878.383483886719
"CRS3035RES20000mN4760000E4880000",13.2359867095947,707.69384765625,830.71044921875
"CRS3035RES20000mN4760000E5020000",13.4816217422485,697.943725585938,858.243286132812
"CRS3035RES20000mN4760000E5040000",14.2647647857666,773.921508789062,907.447448730469
"CRS3035RES20000mN4760000E5060000",14.2795524597168,798.011535644531,923.289794921875
"CRS3035RES20000mN4760000E5080000",14.2009773254395,806.754211425781,927.330322265625
"CRS3035RES20000mN4760000E5100000",14.2040786743164,794.229064941406,929.558227539062
"CRS3035RES20000mN4760000E5120000",14.0811710357666,804.175231933594,930.770568847656
"CRS3035RES20000mN4760000E5140000",13.7612619400024,853.583618164062,927.320678710938
"CRS3035RES20000mN4760000E5160000",13.7318544387817,877.382995605469,932.259887695312
"CRS3035RES20000mN4760000E5180000",13.5284938812256,873.969604492188,927.933410644531
"CRS3035RES20000mN4760000E5200000",13.6968898773193,822.640502929688,933.126708984375
"CRS3035RES20000mN4760000E5220000",13.561164855957,807.128173828125,926.164794921875
"CRS3035RES20000mN4760000E5240000",13.6868562698364,800.286987304688,933.887023925781
"CRS3035RES20000mN4760000E5260000",13.6319313049316,821.797424316406,932.653259277344
"CRS3035RES20000mN4780000E4420000",11.6044664382935,1559.56030273438,454.16943359375
"CRS3035RES20000mN4780000E4440000",11.7591114044189,2385.23876953125,551.3271484375
"CRS3035RES20000mN4780000E4460000",11.7537107467651,2870.97119140625,669.8994140625
"CRS3035RES20000mN4780000E4480000",12.9072580337524,2348.71313476562,736.188415527344
"CRS3035RES20000mN4780000E4500000",10.4856758117676,2549.96704101562,711.132629394531
"CRS3035RES20000mN4780000E4520000",9.85561275482178,2032.54321289062,715.127624511719
"CRS3035RES20000mN4780000E4540000",9.47225952148438,1591.01513671875,740.405578613281
"CRS3035RES20000mN4780000E4560000",9.33573818206787,1311.08959960938,764.335083007812
"CRS3035RES20000mN4780000E4580000",8.60158634185791,1217.48559570312,766.214782714844
"CRS3035RES20000mN4780000E4600000",9.09244918823242,1219.70385742188,784.403015136719
"CRS3035RES20000mN4780000E4620000",10.2300386428833,1152.60705566406,808.662109375
"CRS3035RES20000mN4780000E4640000",11.7417612075806,977.804626464844,844.853149414062
"CRS3035RES20000mN4780000E4660000",12.2012042999268,850.236328125,857.049377441406
"CRS3035RES20000mN4780000E4680000",12.0458869934082,822.054992675781,848.065368652344
"CRS3035RES20000mN4780000E4700000",12.2913846969604,823.425476074219,866.240600585938
"CRS3035RES20000mN4780000E4720000",12.8392696380615,781.756652832031,883.691589355469
"CRS3035RES20000mN4780000E4740000",13.0451231002808,756.014099121094,892.432434082031
"CRS3035RES20000mN4780000E4760000",13.4936437606812,769.556396484375,907.182556152344
"CRS3035RES20000mN4780000E4780000",14.0013523101807,710.813781738281,920.989990234375
"CRS3035RES20000mN4780000E4800000",13.7444009780884,753.263061523438,914.299743652344
"CRS3035RES20000mN4780000E4820000",14.2125291824341,765.495361328125,928.081726074219
"CRS3035RES20000mN4780000E4840000",14.5147924423218,768.252502441406,928.345764160156
"CRS3035RES20000mN4780000E4860000",14.3839750289917,749.265747070312,910.605102539062
"CRS3035RES20000mN4780000E4880000",13.7309808731079,710.157958984375,872.00634765625
"CRS3035RES20000mN4780000E4900000",13.3527927398682,708.322204589844,848.341918945312
"CRS3035RES20000mN4780000E4920000",13.0920677185059,650.455078125,829.873840332031
"CRS3035RES20000mN4780000E4980000",13.0060482025146,613.580749511719,834.766235351562
"CRS3035RES20000mN4780000E5000000",13.5987033843994,645.23291015625,868.948669433594
"CRS3035RES20000mN4780000E5020000",13.8020658493042,810.0654296875,889.145751953125
"CRS3035RES20000mN4780000E5040000",14.192006111145,839.464599609375,922.873291015625
"CRS3035RES20000mN4780000E5060000",14.171329498291,841.890380859375,929.577270507812
"CRS3035RES20000mN4780000E5080000",14.143120765686,814.846618652344,932.662536621094
"CRS3035RES20000mN4780000E5100000",14.1027526855469,812.235778808594,934.566772460938
"CRS3035RES20000mN4780000E5120000",13.9816417694092,830.507751464844,935.306701660156
"CRS3035RES20000mN4780000E5140000",13.7970409393311,850.327697753906,935.291564941406
"CRS3035RES20000mN4780000E5160000",13.5734777450562,912.455871582031,932.300354003906
"CRS3035RES20000mN4780000E5180000",13.3184337615967,907.153381347656,924.625183105469
"CRS3035RES20000mN4780000E5200000",13.4626522064209,834.296691894531,930.911987304688
"CRS3035RES20000mN4780000E5220000",13.3537082672119,820.732666015625,928.225708007812
"CRS3035RES20000mN4780000E5240000",13.5493335723877,810.898376464844,932.830139160156
"CRS3035RES20000mN4800000E4440000",11.9131460189819,2259.36547851562,518.781127929688
"CRS3035RES20000mN4800000E4460000",11.7399196624756,3301.66528320312,654.748962402344
"CRS3035RES20000mN4800000E4480000",11.4190740585327,3034.46166992188,708.645446777344
"CRS3035RES20000mN4800000E4500000",13.0319242477417,2296.03588867188,771.779235839844
"CRS3035RES20000mN4800000E4520000",11.5909786224365,2150.43774414062,748.100219726562
"CRS3035RES20000mN4800000E4540000",9.41169929504395,1877.65795898438,742.384399414062
"CRS3035RES20000mN4800000E4560000",8.77657032012939,1440.32055664062,758.136901855469
"CRS3035RES20000mN4800000E4580000",8.17617988586426,1250.30297851562,763.775634765625
"CRS3035RES20000mN4800000E4600000",9.98052787780762,1055.18347167969,800.146301269531
"CRS3035RES20000mN4800000E4620000",10.9050559997559,1033.24548339844,826.155639648438
"CRS3035RES20000mN4800000E4640000",12.0320997238159,914.542907714844,862.740356445312
"CRS3035RES20000mN4800000E4660000",11.7678756713867,919.746459960938,859.032958984375
"CRS3035RES20000mN4800000E4680000",11.6327323913574,906.5419921875,858.113525390625
"CRS3035RES20000mN4800000E4700000",12.1613969802856,861.811340332031,878.484619140625
"CRS3035RES20000mN4800000E4720000",12.1450281143188,841.140808105469,874.608581542969
"CRS3035RES20000mN4800000E4740000",12.2527532577515,844.093200683594,873.420654296875
"CRS3035RES20000mN4800000E4760000",13.0124082565308,811.055297851562,894.005126953125
"CRS3035RES20000mN4800000E4780000",13.1594495773315,834.449035644531,902.953552246094
"CRS3035RES20000mN4800000E4800000",13.9818983078003,782.466003417969,931.043090820312
"CRS3035RES20000mN4800000E4820000",14.1933135986328,742.04833984375,938.505615234375
"CRS3035RES20000mN4800000E4840000",14.4645338058472,791.969421386719,943.516845703125
"CRS3035RES20000mN4800000E4860000",14.4305629730225,766.411254882812,934.630126953125
"CRS3035RES20000mN4800000E4880000",14.2275819778442,769.970031738281,917.765747070312
"CRS3035RES20000mN4800000E4900000",14.0244407653809,780.076904296875,902.585144042969
"CRS3035RES20000mN4800000E4920000",13.7813320159912,794.033508300781,882.354370117188
"CRS3035RES20000mN4800000E4940000",13.5528650283813,810.996154785156,868.865356445312
"CRS3035RES20000mN4800000E4960000",13.5269603729248,834.803588867188,868.554321289062
"CRS3035RES20000mN4800000E4980000",13.7164115905762,805.832580566406,885.555236816406
"CRS3035RES20000mN4800000E5000000",14.1075162887573,794.630004882812,913.610046386719
"CRS3035RES20000mN4800000E5020000",13.979660987854,891.172424316406,921.644165039062
"CRS3035RES20000mN4800000E5040000",13.9494142532349,891.15576171875,928.064880371094
"CRS3035RES20000mN4800000E5060000",13.9682483673096,841.527099609375,931.01953125
"CRS3035RES20000mN4800000E5080000",13.9427337646484,832.236267089844,934.432434082031
"CRS3035RES20000mN4800000E5100000",13.9679069519043,832.283264160156,938.510498046875
"CRS3035RES20000mN4800000E5120000",13.7633371353149,858.252807617188,935.847534179688
"CRS3035RES20000mN4800000E5140000",13.5656566619873,896.470275878906,934.216796875
"CRS3035RES20000mN4800000E5160000",13.2672166824341,944.049987792969,927.511779785156
"CRS3035RES20000mN4800000E5180000",13.2023620605469,888.554077148438,925.139770507812
"CRS3035RES20000mN4800000E5200000",13.317006111145,827.411682128906,931.696044921875
"CRS3035RES20000mN4800000E5220000",13.477463722229,800.247009277344,935.208862304688
"CRS3035RES20000mN4800000E5240000",13.5615406036377,795.494201660156,932.69970703125
"CRS3035RES20000mN4820000E4440000",11.8520908355713,1928.5712890625,480.280883789062
"CRS3035RES20000mN4820000E4460000",11.7419891357422,3157.77172851562,603.937438964844
"CRS3035RES20000mN4820000E4480000",9.90748691558838,3760.00024414062,673.017028808594
"CRS3035RES20000mN4820000E4500000",9.40354061126709,3504.42919921875,709.798767089844
"CRS3035RES20000mN4820000E4520000",8.80160140991211,2802.849609375,714.724426269531
"CRS3035RES20000mN4820000E4540000",9.70815849304199,1830.89086914062,751.988220214844
"CRS3035RES20000mN4820000E4560000",8.20530223846436,1461.55810546875,754.671691894531
"CRS3035RES20000mN4820000E4580000",8.2305908203125,1168.2568359375,772.716857910156
"CRS3035RES20000mN4820000E4600000",10.3734560012817,990.472473144531,810.098754882812
"CRS3035RES20000mN4820000E4620000",10.9431562423706,1022.84320068359,832.678955078125
"CRS3035RES20000mN4820000E4640000",11.5771942138672,1003.66143798828,861.570190429688
"CRS3035RES20000mN4820000E4660000",11.5573778152466,1004.21380615234,872.082885742188
"CRS3035RES20000mN4820000E4680000",11.7190208435059,895.243530273438,879.751403808594
"CRS3035RES20000mN4820000E4700000",11.8675117492676,892.380798339844,880.005737304688
"CRS3035RES20000mN4820000E4720000",11.6947422027588,943.049011230469,864.513122558594
"CRS3035RES20000mN4820000E4740000",11.8764753341675,919.041381835938,861.326599121094
"CRS3035RES20000mN4820000E4760000",12.4970617294312,896.740295410156,877.053833007812
"CRS3035RES20000mN4820000E4780000",13.5181751251221,828.44091796875,915.088745117188
"CRS3035RES20000mN4820000E4800000",14.1727313995361,741.984741210938,941.043762207031
"CRS3035RES20000mN4820000E4820000",13.9218702316284,747.838256835938,935.36279296875
"CRS3035RES20000mN4820000E4840000",14.3188457489014,778.149291992188,946.060363769531
"CRS3035RES20000mN4820000E4860000",13.8613882064819,815.032653808594,933.384521484375
"CRS3035RES20000mN4820000E4880000",14.164174079895,827.06689453125,939.358703613281
"CRS3035RES20000mN4820000E4900000",14.2219829559326,817.207214355469,937.473937988281
"CRS3035RES20000mN4820000E4920000",14.1359577178955,845.355773925781,926.051391601562
"CRS3035RES20000mN4820000E4940000",14.1091146469116,853.232482910156,918.375122070312
"CRS3035RES20000mN4820000E4960000",14.0249366760254,838.518737792969,913.712036132812
"CRS3035RES20000mN4820000E4980000",14.1307134628296,833.109191894531,926.576354980469
"CRS3035RES20000mN4820000E5000000",14.0116739273071,879.28466796875,933.076416015625
"CRS3035RES20000mN4820000E5020000",13.944034576416,888.654052734375,935.362976074219
"CRS3035RES20000mN4820000E5040000",13.6860837936401,887.497680664062,927.640808105469
"CRS3035RES20000mN4820000E5060000",13.6718654632568,861.983825683594,929.818603515625
"CRS3035RES20000mN4820000E5080000",13.6952857971191,842.060974121094,933.783752441406
"CRS3035RES20000mN4820000E5100000",13.7917394638062,850.78125,938.649291992188
"CRS3035RES20000mN4820000E5120000",13.2556848526001,917.399475097656,926.650390625
"CRS3035RES20000mN4820000E5140000",13.306978225708,914.287536621094,932.114196777344
"CRS3035RES20000mN4820000E5160000",13.2449522018433,914.400939941406,931.428283691406
"CRS3035RES20000mN4820000E5180000",13.2276296615601,850.417358398438,930.265625
"CRS3035RES20000mN4820000E5200000",13.2553472518921,811.146362304688,933.029235839844
"CRS3035RES20000mN4820000E5220000",13.3371524810791,804.319946289062,932.691162109375
"CRS3035RES20000mN4840000E4460000",11.5068998336792,2723.52319335938,499.899505615234
"CRS3035RES20000mN4840000E4480000",9.39193344116211,3737.357421875,607.775268554688
"CRS3035RES20000mN4840000E4500000",8.36101913452148,3298.26831054688,675.245056152344
"CRS3035RES20000mN4840000E4520000",8.11524486541748,2455.462890625,703.651306152344
"CRS3035RES20000mN4840000E4540000",8.13583755493164,1718.67297363281,718.026184082031
"CRS3035RES20000mN4840000E4560000",8.6417293548584,1217.22253417969,747.671936035156
"CRS3035RES20000mN4840000E4580000",8.7991828918457,1038.97766113281,777.419250488281
"CRS3035RES20000mN4840000E4600000",8.86281967163086,1135.32788085938,796.144104003906
"CRS3035RES20000mN4840000E4620000",9.66271114349365,1143.19189453125,825.699157714844
"CRS3035RES20000mN4840000E4640000",10.4353380203247,1164.31335449219,856.201477050781
"CRS3035RES20000mN4840000E4660000",11.1531009674072,1072.52429199219,881.623596191406
"CRS3035RES20000mN4840000E4680000",10.2667093276978,1135.73181152344,858.849731445312
"CRS3035RES20000mN4840000E4700000",11.0992136001587,1005.17413330078,868.240051269531
"CRS3035RES20000mN4840000E4720000",12.2452630996704,867.667907714844,881.135131835938
"CRS3035RES20000mN4840000E4740000",12.7450590133667,829.272644042969,888.576965332031
"CRS3035RES20000mN4840000E4760000",13.0722904205322,823.494140625,901.821044921875
"CRS3035RES20000mN4840000E4780000",13.8383111953735,763.876220703125,936.081237792969
"CRS3035RES20000mN4840000E4800000",13.6364545822144,774.263977050781,936.432006835938
"CRS3035RES20000mN4840000E4820000",13.4334630966187,766.68701171875,928.894165039062
"CRS3035RES20000mN4840000E4840000",13.5741491317749,802.553894042969,931.419799804688
"CRS3035RES20000mN4840000E4860000",13.4728403091431,921.708374023438,930.186340332031
"CRS3035RES20000mN4840000E4880000",14.091272354126,901.022521972656,947.773681640625
"CRS3035RES20000mN4840000E4900000",14.0941343307495,828.289733886719,946.753112792969
"CRS3035RES20000mN4840000E4920000",14.0389060974121,878.122924804688,942.809692382812
"CRS3035RES20000mN4840000E4940000",14.10032081604,846.921752929688,941.594299316406
"CRS3035RES20000mN4840000E4960000",13.9609479904175,839.9404296875,936.311096191406
"CRS3035RES20000mN4840000E4980000",14.1455135345459,844.25537109375,944.182495117188
"CRS3035RES20000mN4840000E5000000",14.0475606918335,893.738098144531,944.4921875
"CRS3035RES20000mN4840000E5020000",13.679669380188,896.195007324219,934.131408691406
"CRS3035RES20000mN4840000E5040000",13.608549118042,864.180236816406,932.385498046875
"CRS3035RES20000mN4840000E5060000",13.6135702133179,842.146423339844,935.671813964844
"CRS3035RES20000mN4840000E5080000",13.4843196868896,832.537841796875,932.674194335938
"CRS3035RES20000mN4840000E5100000",13.540919303894,863.652648925781,936.121215820312
"CRS3035RES20000mN4840000E5120000",12.9058771133423,963.918029785156,922.470886230469
"CRS3035RES20000mN4840000E5140000",12.9499435424805,967.747802734375,925.333801269531
"CRS3035RES20000mN4840000E5160000",13.0997695922852,876.390747070312,929.515197753906
"CRS3035RES20000mN4840000E5180000",13.0162811279297,832.740173339844,924.919921875
"CRS3035RES20000mN4840000E5200000",12.9913082122803,806.4716796875,926.155944824219
"CRS3035RES20000mN4840000E5220000",13.0775365829468,796.25048828125,926.259948730469
"CRS3035RES20000mN4860000E4480000",11.212739944458,2930.79541015625,586.228271484375
"CRS3035RES20000mN4860000E4500000",9.88361358642578,3201.65625,676.740417480469
"CRS3035RES20000mN4860000E4520000",10.0572824478149,2024.14660644531,732.579956054688
"CRS3035RES20000mN4860000E4540000",10.0200500488281,1437.11804199219,734.790588378906
"CRS3035RES20000mN4860000E4560000",9.0422887802124,1172.943359375,739.29296875
"CRS3035RES20000mN4860000E4580000",8.25837516784668,1150.4853515625,762.496154785156
"CRS3035RES20000mN4860000E4600000",8.81263256072998,1100.13049316406,792.784912109375
"CRS3035RES20000mN4860000E4620000",9.31422901153564,1087.56323242188,826.647766113281
"CRS3035RES20000mN4860000E4640000",9.83831977844238,1132.78173828125,859.206237792969
"CRS3035RES20000mN4860000E4660000",10.8316106796265,1127.63562011719,886.517395019531
"CRS3035RES20000mN4860000E4680000",11.1781482696533,984.377014160156,897.202819824219
"CRS3035RES20000mN4860000E4700000",11.9915590286255,846.647888183594,912.068969726562
"CRS3035RES20000mN4860000E4720000",12.7773065567017,775.561401367188,913.778564453125
"CRS3035RES20000mN4860000E4740000",13.1733837127686,739.053283691406,923.040588378906
"CRS3035RES20000mN4860000E4760000",13.1777448654175,778.448303222656,928.495361328125
"CRS3035RES20000mN4860000E4780000",13.0267019271851,792.381408691406,927.765319824219
"CRS3035RES20000mN4860000E4800000",12.9526691436768,798.151916503906,922.587341308594
"CRS3035RES20000mN4860000E4820000",12.6725950241089,842.38916015625,908.65087890625
"CRS3035RES20000mN4860000E4840000",13.1737108230591,889.796203613281,922.965209960938
"CRS3035RES20000mN4860000E4860000",13.9983320236206,838.294921875,948.723510742188
"CRS3035RES20000mN4860000E4880000",14.1439628601074,773.509887695312,956.133666992188
"CRS3035RES20000mN4860000E4900000",13.797532081604,786.830444335938,945.653015136719
"CRS3035RES20000mN4860000E4920000",13.9709768295288,820.470458984375,949.587341308594
"CRS3035RES20000mN4860000E4940000",13.8633041381836,842.280029296875,946.719421386719
"CRS3035RES20000mN4860000E4960000",13.6866874694824,839.342834472656,940.947509765625
"CRS3035RES20000mN4860000E4980000",13.7597913742065,837.734619140625,942.41162109375
"CRS3035RES20000mN4860000E5000000",13.8997983932495,842.538391113281,946.110290527344
"CRS3035RES20000mN4860000E5020000",13.6471033096313,857.834045410156,939.170471191406
"CRS3035RES20000mN4860000E5040000",13.3565444946289,874.23583984375,931.420104980469
"CRS3035RES20000mN4860000E5060000",13.3532876968384,854.706665039062,933.549560546875
"CRS3035RES20000mN4860000E5080000",13.3182249069214,826.506713867188,932.29345703125
"CRS3035RES20000mN4860000E5100000",13.0891799926758,866.473327636719,927.497375488281
"CRS3035RES20000mN4860000E5120000",12.8396282196045,928.502685546875,923.44482421875
"CRS3035RES20000mN4860000E5140000",12.9718761444092,904.286071777344,926.663757324219
"CRS3035RES20000mN4860000E5160000",12.6873178482056,869.112854003906,915.130920410156
"CRS3035RES20000mN4860000E5180000",12.7189455032349,821.188720703125,914.937255859375
"CRS3035RES20000mN4860000E5200000",12.7479639053345,792.31298828125,918.092041015625
"CRS3035RES20000mN4860000E5220000",12.7369155883789,779.21044921875,916.698608398438
"CRS3035RES20000mN4880000E4480000",12.3870334625244,1809.05151367188,547.491760253906
"CRS3035RES20000mN4880000E4500000",11.5655479431152,2312.92602539062,651.316162109375
"CRS3035RES20000mN4880000E4520000",11.1054782867432,1942.22045898438,724.055908203125
"CRS3035RES20000mN4880000E4540000",11.4991016387939,1522.42395019531,742.032775878906
"CRS3035RES20000mN4880000E4560000",9.49740505218506,1553.89477539062,734.570983886719
"CRS3035RES20000mN4880000E4580000",9.23808574676514,1342.54968261719,761.503601074219
"CRS3035RES20000mN4880000E4600000",9.11424160003662,1252.41821289062,776.856201171875
"CRS3035RES20000mN4880000E4620000",7.81063175201416,1186.9921875,790.683288574219
"CRS3035RES20000mN4880000E4640000",9.53556346893311,1072.77307128906,839.603210449219
"CRS3035RES20000mN4880000E4660000",10.9872455596924,998.50537109375,880.00537109375
"CRS3035RES20000mN4880000E4680000",11.8023052215576,901.028503417969,913.460571289062
"CRS3035RES20000mN4880000E4700000",12.3320894241333,777.3525390625,929.677185058594
"CRS3035RES20000mN4880000E4720000",12.5052099227905,751.538208007812,928.156005859375
"CRS3035RES20000mN4880000E4740000",12.4809398651123,808.011657714844,922.283447265625
"CRS3035RES20000mN4880000E4760000",12.7455749511719,791.667236328125,931.403259277344
"CRS3035RES20000mN4880000E4780000",12.4366941452026,804.859375,918.217895507812
"CRS3035RES20000mN4880000E4800000",12.6303405761719,800.3056640625,911.385864257812
"CRS3035RES20000mN4880000E4820000",12.7572546005249,849.1259765625,907.529113769531
"CRS3035RES20000mN4880000E4840000",13.5896635055542,806.514099121094,932.902221679688
"CRS3035RES20000mN4880000E4860000",13.6964855194092,752.44677734375,944.709594726562
"CRS3035RES20000mN4880000E4880000",13.7800426483154,746.857666015625,953.028381347656
"CRS3035RES20000mN4880000E4900000",13.6214818954468,726.880981445312,947.918151855469
"CRS3035RES20000mN4880000E4920000",13.7901210784912,773.218688964844,950.951110839844
"CRS3035RES20000mN4880000E4940000",13.7530269622803,807.591674804688,948.591857910156
"CRS3035RES20000mN4880000E4960000",13.710298538208,822.467468261719,947.178405761719
"CRS3035RES20000mN4880000E4980000",13.505331993103,825.792541503906,942.17578125
"CRS3035RES20000mN4880000E5000000",13.8159742355347,831.814453125,950.581726074219
"CRS3035RES20000mN4880000E5020000",13.5589170455933,886.504272460938,942.744201660156
"CRS3035RES20000mN4880000E5040000",13.585991859436,836.85546875,943.315551757812
"CRS3035RES20000mN4880000E5060000",13.3224840164185,811.35009765625,936.792602539062
"CRS3035RES20000mN4880000E5080000",13.3099460601807,790.631591796875,935.751525878906
"CRS3035RES20000mN4880000E5100000",12.7345342636108,843.669189453125,918.732788085938
"CRS3035RES20000mN4880000E5120000",12.7814178466797,871.337341308594,919.570190429688
"CRS3035RES20000mN4880000E5140000",12.7075424194336,866.592834472656,914.905944824219
"CRS3035RES20000mN1560000E4640000",24.8668689727783,513.771179199219,500.614898681641
"CRS3035RES20000mN4880000E5160000",12.5984687805176,834.270751953125,911.299560546875
"CRS3035RES20000mN4880000E5180000",12.5800228118896,793.278686523438,912.725463867188
"CRS3035RES20000mN4880000E5200000",12.5870323181152,764.979675292969,912.240417480469
"CRS3035RES20000mN4880000E5220000",12.5380182266235,762.885620117188,910.693115234375
"CRS3035RES20000mN4900000E4500000",12.093297958374,1519.84777832031,575.30126953125
"CRS3035RES20000mN4900000E4520000",12.6649923324585,1649.44201660156,684.435119628906
"CRS3035RES20000mN4900000E4540000",12.8273010253906,1602.76770019531,739.215270996094
"CRS3035RES20000mN4900000E4560000",10.6597166061401,1929.63220214844,743.466247558594
"CRS3035RES20000mN4900000E4580000",7.50900030136108,1991.65319824219,719.986999511719
"CRS3035RES20000mN4900000E4600000",7.18035888671875,1521.24108886719,736.056396484375
"CRS3035RES20000mN4900000E4620000",7.48729658126831,1214.69616699219,765.425842285156
"CRS3035RES20000mN4900000E4640000",7.57736778259277,1188.00744628906,795.374389648438
"CRS3035RES20000mN4900000E4660000",9.25391483306885,1150.69555664062,841.846252441406
"CRS3035RES20000mN4900000E4680000",10.8811311721802,981.516479492188,891.444152832031
"CRS3035RES20000mN4900000E4700000",10.5066833496094,1010.2216796875,889.097717285156
"CRS3035RES20000mN4900000E4720000",11.6983604431152,883.9248046875,922.669311523438
"CRS3035RES20000mN4900000E4740000",12.2390518188477,823.696594238281,926.992614746094
"CRS3035RES20000mN4900000E4760000",12.1043586730957,821.746887207031,913.310974121094
"CRS3035RES20000mN4900000E4780000",12.1558666229248,807.989013671875,907.537841796875
"CRS3035RES20000mN4900000E4800000",12.6491680145264,787.969421386719,911.054565429688
"CRS3035RES20000mN4900000E4820000",13.4321918487549,730.989379882812,930.28564453125
"CRS3035RES20000mN4900000E4840000",13.5198631286621,732.178527832031,935.630432128906
"CRS3035RES20000mN4900000E4860000",13.4685106277466,766.019165039062,943.841125488281
"CRS3035RES20000mN4900000E4880000",13.7914590835571,739.072204589844,957.898498535156
"CRS3035RES20000mN4900000E4900000",13.3029632568359,777.054443359375,945.250671386719
"CRS3035RES20000mN4900000E4920000",13.939377784729,735.051940917969,961.228393554688
"CRS3035RES20000mN4900000E4940000",13.594612121582,779.204040527344,950.629516601562
"CRS3035RES20000mN4900000E4960000",13.6237497329712,764.216613769531,950.939331054688
"CRS3035RES20000mN4900000E4980000",13.4751739501953,794.215637207031,948.688110351562
"CRS3035RES20000mN4900000E5000000",13.6333084106445,802.629821777344,952.359008789062
"CRS3035RES20000mN4900000E5020000",13.6813669204712,774.277099609375,952.126892089844
"CRS3035RES20000mN4900000E5040000",13.4548959732056,792.587280273438,944.927307128906
"CRS3035RES20000mN4900000E5060000",13.2270183563232,766.640869140625,937.94482421875
"CRS3035RES20000mN1920000E2640000",19.73561668396,676.916809082031,258.076324462891
"CRS3035RES20000mN4900000E5080000",13.2580909729004,770.041687011719,938.787048339844
"CRS3035RES20000mN4900000E5100000",12.6316423416138,839.567016601562,919.653747558594
"CRS3035RES20000mN4900000E5120000",12.8273735046387,819.826782226562,923.779907226562
"CRS3035RES20000mN4900000E5140000",12.5200166702271,839.403442382812,911.710571289062
"CRS3035RES20000mN4900000E5160000",12.6920614242554,796.168701171875,921.71337890625
"CRS3035RES20000mN4900000E5180000",12.5437412261963,792.671203613281,919.804931640625
"CRS3035RES20000mN4900000E5200000",12.2452249526978,782.3984375,903.823974609375
"CRS3035RES20000mN1920000E2660000",20.851146697998,704.49951171875,339.125549316406
"CRS3035RES20000mN1920000E2680000",21.8201904296875,665.286254882812,401.240081787109
"CRS3035RES20000mN1920000E2700000",22.4246997833252,664.147644042969,450.590393066406
"CRS3035RES20000mN4920000E4500000",11.7653160095215,1376.62036132812,515.045776367188
"CRS3035RES20000mN4920000E4520000",11.3095006942749,1907.53247070312,613.770263671875
"CRS3035RES20000mN4920000E4540000",11.7143220901489,2015.65405273438,712.646911621094
"CRS3035RES20000mN4920000E4560000",11.2277975082397,2134.8818359375,742.661743164062
"CRS3035RES20000mN4920000E4580000",8.54033946990967,1819.03771972656,722.645080566406
"CRS3035RES20000mN4920000E4600000",9.19383335113525,1239.76440429688,744.578979492188
"CRS3035RES20000mN4920000E4620000",7.71930074691772,1198.39575195312,752.012878417969
"CRS3035RES20000mN4920000E4640000",6.47640037536621,1150.94140625,766.41259765625
"CRS3035RES20000mN1560000E4660000",24.668062210083,490.42919921875,513.990539550781
"CRS3035RES20000mN1920000E2720000",22.761739730835,660.599609375,479.36962890625
"CRS3035RES20000mN4920000E4660000",7.19567823410034,1121.1533203125,805.690795898438
"CRS3035RES20000mN4920000E4680000",8.95587253570557,1102.833984375,852.905395507812
"CRS3035RES20000mN4920000E4700000",10.6600408554077,975.694641113281,901.85693359375
"CRS3035RES20000mN4920000E4720000",11.5881586074829,834.270324707031,927.874389648438
"CRS3035RES20000mN4920000E4740000",11.9592056274414,776.436584472656,926.967041015625
"CRS3035RES20000mN4920000E4760000",11.8617324829102,778.97900390625,904.696166992188
"CRS3035RES20000mN4920000E4780000",12.2862558364868,752.642944335938,908.018432617188
"CRS3035RES20000mN4920000E4800000",12.7553615570068,734.241638183594,913.305297851562
"CRS3035RES20000mN4920000E4820000",12.9878377914429,722.021484375,918.806396484375
"CRS3035RES20000mN4920000E4840000",12.9876823425293,771.428161621094,924.338256835938
"CRS3035RES20000mN1920000E2740000",22.8349933624268,639.116760253906,500.191040039062
"CRS3035RES20000mN4920000E4860000",13.588550567627,730.715393066406,951.231384277344
"CRS3035RES20000mN4920000E4880000",13.3776884078979,743.588989257812,949.30615234375
"CRS3035RES20000mN4920000E4900000",13.3718223571777,757.082092285156,950.170776367188
"CRS3035RES20000mN4920000E4920000",13.7823963165283,708.261535644531,961.095825195312
"CRS3035RES20000mN4920000E4940000",13.3926496505737,744.337585449219,949.795715332031
"CRS3035RES20000mN4920000E4960000",13.3154745101929,779.265869140625,948.024841308594
"CRS3035RES20000mN4920000E4980000",13.3298616409302,806.911926269531,951.046569824219
"CRS3035RES20000mN4920000E5000000",13.4276638031006,759.77880859375,952.914733886719
"CRS3035RES20000mN4920000E5020000",13.3072376251221,748.614624023438,947.484375
"CRS3035RES20000mN4920000E5040000",13.1551666259766,763.087829589844,942.541259765625
"CRS3035RES20000mN1920000E2760000",23.0991058349609,601.107666015625,515.949829101562
"CRS3035RES20000mN4920000E5060000",13.0642929077148,754.396484375,938.440734863281
"CRS3035RES20000mN4920000E5080000",13.3173303604126,760.197875976562,944.940673828125
"CRS3035RES20000mN4920000E5100000",13.1413908004761,784.358947753906,940.893798828125
"CRS3035RES20000mN4920000E5120000",12.8050985336304,803.106018066406,933.311340332031
"CRS3035RES20000mN4920000E5140000",12.5302295684814,802.949279785156,926.218872070312
"CRS3035RES20000mN4920000E5160000",12.7508640289307,754.608947753906,934.888122558594
"CRS3035RES20000mN4920000E5180000",12.5928516387939,748.323791503906,925.856140136719
"CRS3035RES20000mN1920000E2780000",23.2408447265625,619.716125488281,533.801879882812
"CRS3035RES20000mN1920000E2800000",23.441593170166,630.208374023438,558.429077148438
"CRS3035RES20000mN1920000E2820000",23.8691940307617,651.272399902344,580.42822265625
"CRS3035RES20000mN4940000E4520000",11.9548244476318,1525.708984375,578.766906738281
"CRS3035RES20000mN4940000E4540000",12.5376443862915,1941.65515136719,703.582214355469
"CRS3035RES20000mN4940000E4560000",11.4233417510986,2257.9443359375,733.946166992188
"CRS3035RES20000mN4940000E4580000",9.2468204498291,2098.38110351562,728.252868652344
"CRS3035RES20000mN4940000E4600000",9.51426982879639,1330.05444335938,745.186279296875
"CRS3035RES20000mN4940000E4620000",8.61055088043213,1072.54028320312,754.470458984375
"CRS3035RES20000mN4940000E4640000",7.00262832641602,966.110473632812,759.871765136719
"CRS3035RES20000mN1920000E2840000",25.0126514434814,554.168273925781,604.29541015625
"CRS3035RES20000mN4940000E4660000",8.59178352355957,904.618896484375,802.6826171875
"CRS3035RES20000mN4940000E4680000",10.9713516235352,835.509582519531,869.298645019531
"CRS3035RES20000mN4940000E4700000",11.1489534378052,836.05810546875,908.218994140625
"CRS3035RES20000mN4940000E4720000",10.9724063873291,869.663513183594,911.992797851562
"CRS3035RES20000mN4940000E4740000",11.2401714324951,798.407287597656,905.120361328125
"CRS3035RES20000mN4940000E4760000",11.2293567657471,797.418640136719,880.609375
"CRS3035RES20000mN4940000E4780000",11.549488067627,821.20361328125,878.453918457031
"CRS3035RES20000mN4940000E4800000",12.2507038116455,776.821166992188,894.547546386719
"CRS3035RES20000mN4940000E4820000",12.330943107605,805.806335449219,897.975402832031
"CRS3035RES20000mN4940000E4840000",13.0400638580322,773.639770507812,926.56201171875
"CRS3035RES20000mN1920000E2860000",25.5597820281982,544.810485839844,624.476135253906
"CRS3035RES20000mN4940000E4860000",13.4343976974487,737.13134765625,947.671630859375
"CRS3035RES20000mN4940000E4880000",13.2527885437012,766.201477050781,948.654235839844
"CRS3035RES20000mN4940000E4900000",13.4064903259277,760.121948242188,954.595153808594
"CRS3035RES20000mN4940000E4920000",13.3559770584106,754.296264648438,953.557983398438
"CRS3035RES20000mN4940000E4940000",13.1406202316284,769.526672363281,948.108093261719
"CRS3035RES20000mN4940000E4960000",13.3583755493164,762.700866699219,954.177307128906
"CRS3035RES20000mN4940000E4980000",13.198769569397,752.304382324219,949.911010742188
"CRS3035RES20000mN4940000E5000000",12.9944858551025,769.985412597656,945.196228027344
"CRS3035RES20000mN4940000E5020000",13.0169486999512,766.820495605469,945.46240234375
"CRS3035RES20000mN4940000E5040000",12.7866020202637,793.043395996094,937.637145996094
"CRS3035RES20000mN1920000E2880000",25.5373115539551,576.135498046875,633.808166503906
"CRS3035RES20000mN4940000E5060000",12.7735528945923,804.739685058594,935.002075195312
"CRS3035RES20000mN4940000E5080000",13.2469596862793,745.060485839844,947.670166015625
"CRS3035RES20000mN4940000E5100000",13.1162433624268,778.98876953125,944.658996582031
"CRS3035RES20000mN4940000E5120000",12.5952939987183,826.633666992188,932.879455566406
"CRS3035RES20000mN4940000E5140000",12.4047832489014,788.995666503906,930.622314453125
"CRS3035RES20000mN4940000E5160000",12.4149284362793,764.804321289062,930.640930175781
"CRS3035RES20000mN4940000E5180000",12.2205200195312,795.325744628906,914.489196777344
"CRS3035RES20000mN1920000E2900000",25.2079277038574,573.283142089844,638.613525390625
"CRS3035RES20000mN1560000E4680000",24.353214263916,473.090759277344,507.757110595703
"CRS3035RES20000mN1920000E2920000",25.0738620758057,556.63916015625,649.58935546875
"CRS3035RES20000mN4960000E4440000",10.6954441070557,1985.82690429688,366.690765380859
"CRS3035RES20000mN1920000E2940000",25.6307582855225,553.619567871094,662.25537109375
"CRS3035RES20000mN4960000E4520000",11.7303714752197,1640.02954101562,551.100646972656
"CRS3035RES20000mN4960000E4540000",12.4264049530029,1830.71752929688,659.034973144531
"CRS3035RES20000mN4960000E4560000",11.0701856613159,2157.97216796875,704.900207519531
"CRS3035RES20000mN4960000E4580000",9.25528621673584,2301.5947265625,715.848205566406
"CRS3035RES20000mN4960000E4600000",8.44733142852783,1589.40417480469,724.223510742188
"CRS3035RES20000mN4960000E4620000",9.44045448303223,1081.45642089844,754.078308105469
"CRS3035RES20000mN4960000E4640000",9.04962253570557,907.897521972656,769.677429199219
"CRS3035RES20000mN4960000E4660000",8.1217155456543,897.568908691406,784.143127441406
"CRS3035RES20000mN4960000E4680000",8.7481861114502,927.296081542969,826.623229980469
"CRS3035RES20000mN1920000E2960000",25.6807384490967,593.654479980469,664.214721679688
"CRS3035RES20000mN4960000E4700000",9.71314811706543,924.487182617188,868.686279296875
"CRS3035RES20000mN4960000E4720000",10.5984182357788,850.73291015625,894.852294921875
"CRS3035RES20000mN4960000E4740000",11.2494840621948,774.380615234375,901.697204589844
"CRS3035RES20000mN4960000E4760000",11.5057430267334,754.929504394531,885.316467285156
"CRS3035RES20000mN4960000E4780000",12.0103368759155,756.251953125,887.990234375
"CRS3035RES20000mN4960000E4800000",12.1595821380615,785.90234375,889.791381835938
"CRS3035RES20000mN4960000E4820000",12.3904066085815,795.232604980469,903.555419921875
"CRS3035RES20000mN4960000E4840000",13.1396741867065,728.465209960938,933.134216308594
"CRS3035RES20000mN4960000E4860000",13.2044010162354,690.404357910156,943.798156738281
"CRS3035RES20000mN4960000E4880000",13.3321142196655,717.904663085938,953.621459960938
"CRS3035RES20000mN1920000E2980000",25.6812133789062,638.061828613281,671.746459960938
"CRS3035RES20000mN4960000E4900000",13.4524822235107,770.592346191406,958.795104980469
"CRS3035RES20000mN4960000E4920000",13.1528654098511,823.842590332031,951.768249511719
"CRS3035RES20000mN4960000E4940000",12.9464502334595,805.225769042969,947.401977539062
"CRS3035RES20000mN4960000E4960000",13.1182022094727,740.342590332031,951.353210449219
"CRS3035RES20000mN4960000E4980000",12.8880090713501,761.418273925781,943.812805175781
"CRS3035RES20000mN4960000E5000000",12.8433752059937,740.576293945312,943.124938964844
"CRS3035RES20000mN4960000E5020000",12.8130598068237,760.42333984375,942.330017089844
"CRS3035RES20000mN4960000E5040000",12.6420726776123,795.341552734375,936.595947265625
"CRS3035RES20000mN4960000E5060000",12.8678188323975,791.144836425781,941.268676757812
"CRS3035RES20000mN4960000E5080000",13.0391540527344,769.627502441406,947.632629394531
"CRS3035RES20000mN1920000E3000000",25.9069137573242,651.6181640625,688.888671875
"CRS3035RES20000mN4960000E5100000",12.8674535751343,759.660949707031,943.869079589844
"CRS3035RES20000mN4960000E5120000",12.849235534668,771.309936523438,944.756286621094
"CRS3035RES20000mN4960000E5140000",12.2888870239258,797.139282226562,930.77197265625
"CRS3035RES20000mN4960000E5160000",11.8899574279785,820.997741699219,916.562072753906
"CRS3035RES20000mN1920000E3020000",25.9517154693604,628.544738769531,704.542541503906
"CRS3035RES20000mN1920000E3040000",25.6709308624268,642.781372070312,711.646606445312
"CRS3035RES20000mN4980000E4440000",10.1511688232422,2129.96264648438,365.078033447266
"CRS3035RES20000mN4980000E4460000",10.7712478637695,1764.19177246094,379.425262451172
"CRS3035RES20000mN1920000E3060000",24.3110332489014,715.299682617188,699.423645019531
"CRS3035RES20000mN4980000E4520000",12.1223831176758,1581.03161621094,526.101867675781
"CRS3035RES20000mN4980000E4540000",12.0114231109619,1848.96984863281,581.085571289062
"CRS3035RES20000mN4980000E4560000",11.2219724655151,2153.8720703125,636.421325683594
"CRS3035RES20000mN4980000E4580000",10.8683815002441,2104.74975585938,689.896911621094
"CRS3035RES20000mN4980000E4600000",9.01755905151367,1863.43188476562,715.376770019531
"CRS3035RES20000mN4980000E4620000",8.69004917144775,1340.85717773438,729.564208984375
"CRS3035RES20000mN4980000E4640000",8.0660982131958,1067.32153320312,742.105407714844
"CRS3035RES20000mN4980000E4660000",7.21102380752563,945.1533203125,759.950866699219
"CRS3035RES20000mN4980000E4680000",7.70321846008301,910.096435546875,801.0986328125
"CRS3035RES20000mN4980000E4700000",9.83632373809814,811.249450683594,850.976013183594
"CRS3035RES20000mN1920000E3080000",24.1799488067627,652.979309082031,698.190246582031
"CRS3035RES20000mN4980000E4720000",10.2878427505493,835.852294921875,874.663940429688
"CRS3035RES20000mN4980000E4740000",11.2901077270508,747.934326171875,900.288879394531
"CRS3035RES20000mN4980000E4760000",11.5521631240845,772.814758300781,888.643676757812
"CRS3035RES20000mN4980000E4780000",12.3583641052246,743.16455078125,902.388061523438
"CRS3035RES20000mN4980000E4800000",12.6178846359253,736.824645996094,912.048522949219
"CRS3035RES20000mN4980000E4820000",12.6589946746826,717.319519042969,917.9482421875
"CRS3035RES20000mN4980000E4840000",12.7335939407349,709.668823242188,924.899597167969
"CRS3035RES20000mN4980000E4860000",12.6762819290161,708.406433105469,928.652282714844
"CRS3035RES20000mN4980000E4880000",12.9748620986938,738.745788574219,943.475524902344
"CRS3035RES20000mN4980000E4900000",13.0842552185059,778.469116210938,949.111694335938
"CRS3035RES20000mN1920000E3100000",23.2992935180664,617.81005859375,689.300231933594
"CRS3035RES20000mN4980000E4920000",12.9401779174805,819.745910644531,946.28857421875
"CRS3035RES20000mN4980000E4940000",12.9852523803711,769.515014648438,947.928955078125
"CRS3035RES20000mN4980000E4960000",12.8979988098145,730.121276855469,945.239685058594
"CRS3035RES20000mN4980000E4980000",12.8435592651367,718.022155761719,942.367004394531
"CRS3035RES20000mN4980000E5000000",12.6649503707886,745.349792480469,936.890686035156
"CRS3035RES20000mN4980000E5020000",12.6170015335083,790.908752441406,935.708984375
"CRS3035RES20000mN4980000E5040000",12.7231378555298,774.32080078125,938.706176757812
"CRS3035RES20000mN4980000E5060000",13.0092916488647,746.629455566406,948.3251953125
"CRS3035RES20000mN4980000E5080000",12.9169330596924,776.269104003906,949.928771972656
"CRS3035RES20000mN4980000E5100000",12.4195775985718,830.922485351562,936.23876953125
"CRS3035RES20000mN1560000E4700000",24.3896026611328,523.022583007812,520.28515625
"CRS3035RES20000mN1920000E3120000",23.9894561767578,472.167358398438,700.494384765625
"CRS3035RES20000mN4980000E5120000",12.7139358520508,761.798706054688,943.631469726562
"CRS3035RES20000mN4980000E5140000",12.6148948669434,757.3876953125,943.263122558594
"CRS3035RES20000mN1920000E3140000",24.9196624755859,377.178588867188,721.281982421875
"CRS3035RES20000mN1920000E3160000",25.4551620483398,372.425506591797,735.402404785156
"CRS3035RES20000mN5000000E4440000",10.5725126266479,1615.40966796875,353.185607910156
"CRS3035RES20000mN5000000E4460000",10.246506690979,1795.16662597656,369.139129638672
"CRS3035RES20000mN5000000E4480000",10.5399217605591,1815.00927734375,387.491577148438
"CRS3035RES20000mN1920000E3180000",25.4559993743896,388.083740234375,734.535949707031
"CRS3035RES20000mN5000000E4500000",11.1027297973633,1923.62084960938,439.808074951172
"CRS3035RES20000mN5000000E4540000",11.9158573150635,1981.85107421875,539.748596191406
"CRS3035RES20000mN5000000E4560000",11.8062648773193,2255.80419921875,589.869079589844
"CRS3035RES20000mN5000000E4580000",11.6201467514038,2212.29614257812,665.393432617188
"CRS3035RES20000mN5000000E4600000",8.81969928741455,2222.8642578125,695.084350585938
"CRS3035RES20000mN5000000E4620000",8.49444007873535,1470.08081054688,712.205932617188
"CRS3035RES20000mN5000000E4640000",6.89567518234253,1305.34692382812,715.087890625
"CRS3035RES20000mN5000000E4660000",5.69344472885132,1183.54467773438,735.832275390625
"CRS3035RES20000mN5000000E4680000",6.57444620132446,972.122497558594,771.519714355469
"CRS3035RES20000mN1920000E3200000",24.6424369812012,427.118621826172,720.490783691406
"CRS3035RES20000mN5000000E4700000",8.40894603729248,871.2744140625,813.402038574219
"CRS3035RES20000mN5000000E4720000",10.2560367584229,791.660461425781,868.40673828125
"CRS3035RES20000mN5000000E4740000",11.3559055328369,735.2607421875,900.8056640625
"CRS3035RES20000mN5000000E4760000",11.9748182296753,699.494445800781,907.257263183594
"CRS3035RES20000mN5000000E4780000",12.1531677246094,710.998352050781,903.595397949219
"CRS3035RES20000mN5000000E4800000",12.1663274765015,732.830261230469,905.098815917969
"CRS3035RES20000mN5000000E4820000",12.2576131820679,749.398742675781,909.378967285156
"CRS3035RES20000mN5000000E4840000",12.3332004547119,722.612060546875,913.828735351562
"CRS3035RES20000mN5000000E4860000",12.4556903839111,743.326721191406,920.95849609375
"CRS3035RES20000mN5000000E4880000",12.7938318252563,770.710998535156,937.538940429688
"CRS3035RES20000mN1920000E3220000",24.0219135284424,451.244049072266,706.503784179688
"CRS3035RES20000mN5000000E4900000",12.6549816131592,790.049438476562,935.457885742188
"CRS3035RES20000mN5000000E4920000",12.3843717575073,808.004577636719,926.734375
"CRS3035RES20000mN5000000E4940000",12.88307762146,745.850219726562,943.157958984375
"CRS3035RES20000mN5000000E4960000",12.9112482070923,692.243041992188,945.755554199219
"CRS3035RES20000mN5000000E4980000",12.7479448318481,681.619140625,940.28857421875
"CRS3035RES20000mN5000000E5000000",12.6893243789673,719.555297851562,939.192077636719
"CRS3035RES20000mN5000000E5020000",12.8336009979248,744.209167480469,944.403869628906
"CRS3035RES20000mN5000000E5040000",12.5902633666992,768.368408203125,936.65966796875
"CRS3035RES20000mN5000000E5060000",12.807445526123,743.450927734375,944.434265136719
"CRS3035RES20000mN5000000E5080000",12.6099615097046,796.026245117188,943.493835449219
"CRS3035RES20000mN1920000E3240000",23.4570560455322,492.532196044922,694.791442871094
"CRS3035RES20000mN5000000E5100000",12.6443452835083,796.725158691406,946.715026855469
"CRS3035RES20000mN5000000E5120000",12.3511247634888,784.800537109375,935.888977050781
"CRS3035RES20000mN5000000E5140000",12.2521295547485,797.173828125,934.687194824219
"CRS3035RES20000mN1920000E3260000",23.4594249725342,513.075256347656,688.233703613281
"CRS3035RES20000mN1920000E3280000",22.3849315643311,557.861083984375,677.434936523438
"CRS3035RES20000mN5020000E4460000",10.4719266891479,1464.6572265625,356.216125488281
"CRS3035RES20000mN5020000E4480000",10.5026187896729,1703.81909179688,384.049377441406
"CRS3035RES20000mN5020000E4500000",10.2850742340088,2514.02270507812,448.74267578125
"CRS3035RES20000mN5020000E4520000",11.0188999176025,2558.06396484375,523.530517578125
"CRS3035RES20000mN5020000E4540000",12.0204172134399,1978.52575683594,562.467163085938
"CRS3035RES20000mN1920000E3300000",22.3637065887451,522.134643554688,668.428588867188
"CRS3035RES20000mN5020000E4560000",12.3147268295288,1953.35119628906,599.439758300781
"CRS3035RES20000mN5020000E4580000",12.0872468948364,2236.04760742188,674.761291503906
"CRS3035RES20000mN5020000E4600000",10.5725793838501,2118.44482421875,707.382873535156
"CRS3035RES20000mN5020000E4620000",9.65595245361328,1669.24230957031,719.594116210938
"CRS3035RES20000mN5020000E4640000",7.04735612869263,1550.04113769531,705.522338867188
"CRS3035RES20000mN5020000E4660000",7.46618795394897,1122.25024414062,737.476745605469
"CRS3035RES20000mN5020000E4680000",6.32208776473999,996.354187011719,753.39794921875
"CRS3035RES20000mN5020000E4700000",8.03589630126953,846.01904296875,801.081726074219
"CRS3035RES20000mN5020000E4720000",10.3650960922241,737.785766601562,867.175415039062
"CRS3035RES20000mN5020000E4740000",11.4298448562622,661.348083496094,902.725952148438
"CRS3035RES20000mN1560000E4720000",24.1757144927979,654.599426269531,562.369323730469
"CRS3035RES20000mN1920000E3320000",22.1748180389404,483.344390869141,654.964599609375
"CRS3035RES20000mN5020000E4760000",11.3078689575195,693.015075683594,890.944885253906
"CRS3035RES20000mN5020000E4780000",11.1779184341431,757.216796875,879.092346191406
"CRS3035RES20000mN5020000E4800000",11.7542839050293,745.747192382812,896.113220214844
"CRS3035RES20000mN5020000E4820000",11.8740243911743,755.86279296875,899.293640136719
"CRS3035RES20000mN5020000E4840000",11.5794992446899,801.315979003906,889.41796875
"CRS3035RES20000mN5020000E4860000",12.2040596008301,786.964538574219,912.538818359375
"CRS3035RES20000mN5020000E4880000",12.7206792831421,768.403198242188,935.996826171875
"CRS3035RES20000mN5020000E4900000",12.3292541503906,789.451232910156,925.899475097656
"CRS3035RES20000mN5020000E4920000",12.3868999481201,776.837768554688,925.591003417969
"CRS3035RES20000mN5020000E4940000",12.7838497161865,721.64306640625,941.813598632812
"CRS3035RES20000mN1920000E3340000",21.3844184875488,536.397644042969,635.401611328125
"CRS3035RES20000mN5020000E4960000",12.6520318984985,701.331848144531,940.34326171875
"CRS3035RES20000mN5020000E4980000",12.388524055481,689.701171875,932.455505371094
"CRS3035RES20000mN5020000E5000000",12.4343576431274,702.69873046875,930.271484375
"CRS3035RES20000mN5020000E5020000",12.6874799728394,725.228271484375,938.285400390625
"CRS3035RES20000mN5020000E5040000",12.6320657730103,740.976928710938,939.076232910156
"CRS3035RES20000mN5020000E5060000",12.4468336105347,757.855407714844,934.414001464844
"CRS3035RES20000mN5020000E5080000",12.4354581832886,794.482788085938,936.397155761719
"CRS3035RES20000mN5020000E5100000",12.302809715271,836.683776855469,933.670532226562
"CRS3035RES20000mN5020000E5120000",11.796443939209,859.272888183594,918.272399902344
"CRS3035RES20000mN5020000E5140000",11.8909883499146,831.063720703125,923.734680175781
"CRS3035RES20000mN1920000E3360000",21.928991317749,500.179779052734,615.080139160156
"CRS3035RES20000mN5020000E5160000",11.8842325210571,827.994079589844,921.713317871094
"CRS3035RES20000mN1920000E3380000",19.8303127288818,511.656311035156,583.530822753906
"CRS3035RES20000mN5040000E4520000",12.1366052627563,2062.89013671875,577.936584472656
"CRS3035RES20000mN1920000E3400000",21.4176483154297,524.111083984375,565.036437988281
"CRS3035RES20000mN5040000E4540000",10.9782648086548,2551.46630859375,635.940856933594
"CRS3035RES20000mN5040000E4560000",11.9181289672852,2120.34375,667.151550292969
"CRS3035RES20000mN5040000E4580000",12.4587144851685,1876.92395019531,712.633117675781
"CRS3035RES20000mN5040000E4600000",13.0466766357422,1461.015625,744.214782714844
"CRS3035RES20000mN5040000E4620000",12.0836601257324,1442.85729980469,761.012878417969
"CRS3035RES20000mN5040000E4640000",9.48369979858398,1573.47790527344,740.03173828125
"CRS3035RES20000mN5040000E4660000",8.05471897125244,1318.77807617188,741.899963378906
"CRS3035RES20000mN5040000E4680000",9.88043403625488,826.886047363281,783.947692871094
"CRS3035RES20000mN5040000E4700000",9.70233345031738,742.947204589844,823.655639648438
"CRS3035RES20000mN5040000E4720000",11.0751075744629,626.847351074219,878.735290527344
"CRS3035RES20000mN1920000E3420000",22.3733577728271,552.981140136719,552.9296875
"CRS3035RES20000mN5040000E4740000",10.5506448745728,707.785095214844,875.231750488281
"CRS3035RES20000mN5040000E4760000",10.2643880844116,783.4716796875,860.833740234375
"CRS3035RES20000mN5040000E4780000",10.8536081314087,768.400695800781,872.007995605469
"CRS3035RES20000mN5040000E4800000",11.4395027160645,721.843078613281,884.993896484375
"CRS3035RES20000mN5040000E4820000",11.3327608108521,785.960510253906,876.336853027344
"CRS3035RES20000mN5040000E4840000",11.5403413772583,805.540283203125,885.493225097656
"CRS3035RES20000mN5040000E4860000",12.3099451065063,747.778747558594,917.425842285156
"CRS3035RES20000mN5040000E4880000",12.4417123794556,727.391418457031,929.214965820312
"CRS3035RES20000mN5040000E4900000",11.9153957366943,776.141967773438,913.101379394531
"CRS3035RES20000mN5040000E4920000",12.3919925689697,744.321350097656,927.857238769531
"CRS3035RES20000mN1920000E3440000",23.9720916748047,516.048889160156,525.3916015625
"CRS3035RES20000mN5040000E4940000",12.685004234314,694.157409667969,939.895446777344
"CRS3035RES20000mN5040000E4960000",12.5110540390015,685.116516113281,934.630493164062
"CRS3035RES20000mN5040000E4980000",11.8962297439575,738.960998535156,915.184326171875
"CRS3035RES20000mN5040000E5000000",12.0499038696289,724.411193847656,914.222106933594
"CRS3035RES20000mN5040000E5020000",12.4592866897583,698.092956542969,928.557189941406
"CRS3035RES20000mN5040000E5040000",12.3303642272949,734.5166015625,928.548522949219
"CRS3035RES20000mN5040000E5060000",12.0938091278076,785.2353515625,923.243713378906
"CRS3035RES20000mN5040000E5080000",11.9447040557861,810.208679199219,919.780029296875
"CRS3035RES20000mN5040000E5100000",12.2589101791382,787.601257324219,930.570617675781
"CRS3035RES20000mN5040000E5120000",12.0531911849976,805.926574707031,924.037841796875
"CRS3035RES20000mN1920000E3460000",24.3139457702637,508.659423828125,501.593444824219
"CRS3035RES20000mN5040000E5140000",11.4488773345947,861.6162109375,906.346984863281
"CRS3035RES20000mN5040000E5160000",11.6260976791382,848.124328613281,910.450622558594
"CRS3035RES20000mN1920000E4160000",23.6379566192627,517.734680175781,470.106079101562
"CRS3035RES20000mN5060000E4500000",11.1762857437134,1638.2197265625,474.317718505859
"CRS3035RES20000mN5060000E4520000",11.7265472412109,2039.38122558594,575.926391601562
"CRS3035RES20000mN5060000E4540000",11.6406717300415,2140.3310546875,658.70947265625
"CRS3035RES20000mN5060000E4560000",11.0324220657349,1958.39172363281,679.883239746094
"CRS3035RES20000mN5060000E4580000",12.1779842376709,1617.9951171875,699.431762695312
"CRS3035RES20000mN1920000E4180000",22.2173595428467,764.661743164062,517.31005859375
"CRS3035RES20000mN5060000E4600000",10.8726663589478,1827.97778320312,699.890197753906
"CRS3035RES20000mN5060000E4620000",11.2277774810791,1731.16064453125,742.794921875
"CRS3035RES20000mN5060000E4640000",9.33716201782227,1892.42883300781,741.722351074219
"CRS3035RES20000mN5060000E4660000",8.18486595153809,1525.291015625,741.190002441406
"CRS3035RES20000mN5060000E4680000",7.78398084640503,1124.55712890625,756.183349609375
"CRS3035RES20000mN5060000E4700000",8.5142240524292,838.355041503906,795.061767578125
"CRS3035RES20000mN5060000E4720000",9.71007823944092,711.684326171875,838.771057128906
"CRS3035RES20000mN5060000E4740000",9.61908626556396,753.594360351562,846.191467285156
"CRS3035RES20000mN5060000E4760000",10.1242761611938,759.882690429688,853.315612792969
"CRS3035RES20000mN5060000E4780000",10.6529579162598,735.333068847656,863.931030273438
"CRS3035RES20000mN1560000E4740000",23.1603984832764,676.599182128906,597.947937011719
"CRS3035RES20000mN1920000E4200000",22.0165786743164,711.228088378906,566.330078125
"CRS3035RES20000mN5060000E4800000",11.0459232330322,741.36328125,869.499389648438
"CRS3035RES20000mN5060000E4820000",11.5930442810059,719.368286132812,880.371459960938
"CRS3035RES20000mN5060000E4840000",11.9175672531128,699.60400390625,898.466430664062
"CRS3035RES20000mN5060000E4860000",12.1718425750732,690.54736328125,918.677795410156
"CRS3035RES20000mN5060000E4880000",11.5343904495239,763.912658691406,903.549194335938
"CRS3035RES20000mN5060000E4900000",11.9119348526001,727.291442871094,916.006164550781
"CRS3035RES20000mN5060000E4920000",12.0805597305298,714.186096191406,919.406127929688
"CRS3035RES20000mN5060000E4940000",12.1327342987061,692.701599121094,920.774230957031
"CRS3035RES20000mN5060000E4960000",11.9676361083984,683.916320800781,914.4423828125
"CRS3035RES20000mN5060000E4980000",12.0090770721436,669.213562011719,914.526123046875
"CRS3035RES20000mN1920000E4220000",21.3982925415039,627.622375488281,589.69921875
"CRS3035RES20000mN5060000E5000000",11.9139060974121,724.079345703125,906.286071777344
"CRS3035RES20000mN5060000E5020000",11.9770774841309,738.415222167969,910.470397949219
"CRS3035RES20000mN5060000E5040000",12.0886631011963,760.26611328125,919.866943359375
"CRS3035RES20000mN5060000E5060000",11.9026737213135,785.360473632812,917.473754882812
"CRS3035RES20000mN5060000E5080000",11.7002487182617,806.597351074219,911.905212402344
"CRS3035RES20000mN5060000E5100000",12.0085725784302,787.104248046875,920.790344238281
"CRS3035RES20000mN5060000E5120000",11.9046487808228,791.609741210938,910.972900390625
"CRS3035RES20000mN5060000E5140000",11.3233699798584,826.78955078125,894.12890625
"CRS3035RES20000mN5060000E5160000",11.7176704406738,842.355163574219,907.103332519531
"CRS3035RES20000mN1920000E4240000",22.1301097869873,618.912048339844,610.718994140625
"CRS3035RES20000mN5080000E4500000",10.7682447433472,1483.94067382812,425.445343017578
"CRS3035RES20000mN1920000E4260000",21.856330871582,647.678588867188,578.828247070312
"CRS3035RES20000mN5080000E4520000",10.8737554550171,1931.35827636719,506.723693847656
"CRS3035RES20000mN5080000E4540000",11.3726587295532,1863.56103515625,594.8408203125
"CRS3035RES20000mN5080000E4560000",11.7292575836182,1404.96264648438,608.054809570312
"CRS3035RES20000mN5080000E4580000",11.6925048828125,1302.56799316406,606.529418945312
"CRS3035RES20000mN5080000E4600000",11.5471954345703,1626.39282226562,635.224975585938
"CRS3035RES20000mN5080000E4620000",10.682713508606,1796.9228515625,699.949401855469
"CRS3035RES20000mN5080000E4640000",10.0906419754028,1703.03295898438,753.351196289062
"CRS3035RES20000mN5080000E4660000",9.28434658050537,1499.67553710938,766.209716796875
"CRS3035RES20000mN5080000E4680000",7.94033336639404,1206.47924804688,761.993286132812
"CRS3035RES20000mN5080000E4700000",7.99798488616943,966.14013671875,782.881652832031
"CRS3035RES20000mN1920000E4280000",22.6365184783936,583.697387695312,521.704284667969
"CRS3035RES20000mN5080000E4720000",8.64851570129395,813.834350585938,812.463134765625
"CRS3035RES20000mN5080000E4740000",8.99331188201904,773.85009765625,828.989562988281
"CRS3035RES20000mN5080000E4760000",9.62730598449707,767.3525390625,841.6640625
"CRS3035RES20000mN5080000E4780000",10.0573978424072,776.211853027344,848.048767089844
"CRS3035RES20000mN5080000E4800000",11.0474987030029,692.855712890625,869.68896484375
"CRS3035RES20000mN5080000E4820000",11.667423248291,670.074523925781,883.063415527344
"CRS3035RES20000mN5080000E4840000",11.662576675415,659.91015625,894.462097167969
"CRS3035RES20000mN5080000E4860000",11.8787498474121,634.371276855469,913.368347167969
"CRS3035RES20000mN5080000E4880000",11.8547639846802,638.269775390625,917.104309082031
"CRS3035RES20000mN5080000E4900000",11.7989387512207,679.707397460938,914.10205078125
"CRS3035RES20000mN1920000E4300000",23.5784435272217,499.021606445312,472.214630126953
"CRS3035RES20000mN5080000E4920000",11.6108283996582,698.7392578125,903.057983398438
"CRS3035RES20000mN5080000E4940000",11.5579080581665,700.827758789062,899.409240722656
"CRS3035RES20000mN5080000E4960000",11.7493057250977,665.068969726562,903.686218261719
"CRS3035RES20000mN5080000E4980000",11.8466062545776,667.117248535156,904.98681640625
"CRS3035RES20000mN5080000E5000000",11.8345928192139,718.387023925781,901.998657226562
"CRS3035RES20000mN5080000E5020000",11.8651237487793,739.19287109375,906.293151855469
"CRS3035RES20000mN5080000E5040000",11.8676166534424,754.715454101562,909.978820800781
"CRS3035RES20000mN5080000E5060000",11.8788995742798,741.313781738281,918.341125488281
"CRS3035RES20000mN5080000E5080000",11.6446962356567,770.3251953125,911.259216308594
"CRS3035RES20000mN5080000E5100000",11.8089284896851,764.990661621094,912.318176269531
"CRS3035RES20000mN5080000E5120000",11.8802280426025,752.954528808594,905.397277832031
"CRS3035RES20000mN5080000E5140000",11.9514236450195,749.832824707031,909.044067382812
"CRS3035RES20000mN1920000E4740000",22.9898777008057,1102.89685058594,533.292114257812
"CRS3035RES20000mN5100000E4520000",10.5046482086182,1413.27709960938,420.683227539062
"CRS3035RES20000mN5100000E4540000",11.1515073776245,1563.3466796875,488.683685302734
"CRS3035RES20000mN5100000E4560000",11.0969505310059,1172.20068359375,480.282867431641
"CRS3035RES20000mN5100000E4580000",10.5202646255493,1361.99926757812,476.247528076172
"CRS3035RES20000mN5100000E4600000",10.9145517349243,1548.17944335938,528.112487792969
"CRS3035RES20000mN5100000E4620000",10.8594093322754,1849.69580078125,647.893737792969
"CRS3035RES20000mN5100000E4640000",10.4106912612915,1668.90014648438,746.949401855469
"CRS3035RES20000mN5100000E4660000",9.67594718933105,1557.69763183594,771.888549804688
"CRS3035RES20000mN5100000E4680000",8.62814712524414,1278.07727050781,772.97119140625
"CRS3035RES20000mN1920000E4760000",21.0220966339111,1110.40478515625,576.545837402344
"CRS3035RES20000mN5100000E4700000",9.52115726470947,966.701965332031,807.712036132812
"CRS3035RES20000mN5100000E4720000",8.37896537780762,882.935119628906,801.169738769531
"CRS3035RES20000mN5100000E4740000",8.90643882751465,803.82275390625,822.671203613281
"CRS3035RES20000mN5100000E4760000",9.6986198425293,765.90185546875,843.707092285156
"CRS3035RES20000mN5100000E4780000",9.98065757751465,746.82275390625,849.223754882812
"CRS3035RES20000mN5100000E4800000",10.2635402679443,788.645812988281,850.852844238281
"CRS3035RES20000mN5100000E4820000",10.8418970108032,729.037536621094,863.540283203125
"CRS3035RES20000mN5100000E4840000",10.9608469009399,712.719299316406,871.420104980469
"CRS3035RES20000mN5100000E4860000",11.2923603057861,634.198608398438,894.204040527344
"CRS3035RES20000mN5100000E4880000",11.1029691696167,650.781066894531,892.417541503906
"CRS3035RES20000mN1920000E4780000",18.84059715271,957.312927246094,602.682067871094
"CRS3035RES20000mN5100000E4900000",11.2201976776123,673.53515625,894.358581542969
"CRS3035RES20000mN5100000E4920000",11.2764053344727,695.194702148438,890.059631347656
"CRS3035RES20000mN5100000E4940000",11.5898084640503,667.980712890625,899.511352539062
"CRS3035RES20000mN5100000E4960000",11.7277603149414,639.371398925781,904.215087890625
"CRS3035RES20000mN5100000E4980000",11.7406063079834,664.0234375,901.648498535156
"CRS3035RES20000mN5100000E5000000",11.6271886825562,755.75390625,894.282043457031
"CRS3035RES20000mN5100000E5020000",11.6340484619141,764.41064453125,896.192016601562
"CRS3035RES20000mN5100000E5040000",11.3930816650391,780.719116210938,891.934631347656
"CRS3035RES20000mN5100000E5060000",10.9856462478638,802.870788574219,886.227416992188
"CRS3035RES20000mN5100000E5080000",11.2416687011719,763.59619140625,895.688842773438
"CRS3035RES20000mN1560000E4760000",23.9491138458252,703.163879394531,585.356201171875
"CRS3035RES20000mN1920000E4800000",19.808988571167,859.74658203125,608.144409179688
"CRS3035RES20000mN5100000E5100000",11.611442565918,744.685119628906,904.923767089844
"CRS3035RES20000mN5100000E5120000",12.0181016921997,702.856689453125,907.459899902344
"CRS3035RES20000mN5120000E4540000",10.4522905349731,1281.66687011719,411.663146972656
"CRS3035RES20000mN1920000E4820000",20.1065559387207,767.289794921875,616.352416992188
"CRS3035RES20000mN5120000E4560000",10.5140771865845,1308.16796875,428.609832763672
"CRS3035RES20000mN5120000E4580000",10.6428327560425,1395.056640625,465.581207275391
"CRS3035RES20000mN5120000E4600000",10.6809177398682,1939.70874023438,560.299499511719
"CRS3035RES20000mN5120000E4620000",11.7435283660889,1697.14733886719,677.580505371094
"CRS3035RES20000mN5120000E4640000",11.4559812545776,1536.75390625,768.407531738281
"CRS3035RES20000mN5120000E4660000",11.7175636291504,1434.38708496094,814.762634277344
"CRS3035RES20000mN5120000E4680000",11.2401218414307,1288.35888671875,824.180114746094
"CRS3035RES20000mN5120000E4700000",9.51015090942383,1256.85302734375,799.641784667969
"CRS3035RES20000mN5120000E4720000",8.12081241607666,992.749877929688,787.154174804688
"CRS3035RES20000mN5120000E4740000",9.34610366821289,776.855712890625,820.600280761719
"CRS3035RES20000mN1920000E4840000",22.6936073303223,656.619934082031,638.04736328125
"CRS3035RES20000mN5120000E4760000",9.00322914123535,786.107238769531,822.079956054688
"CRS3035RES20000mN5120000E4780000",9.48541450500488,783.608154296875,837.167114257812
"CRS3035RES20000mN5120000E4800000",10.5730829238892,705.442016601562,860.97705078125
"CRS3035RES20000mN5120000E4820000",10.8116636276245,691.603698730469,862.999267578125
"CRS3035RES20000mN5120000E4840000",11.2272005081177,612.32177734375,876.076782226562
"CRS3035RES20000mN5120000E4860000",10.913763999939,607.323791503906,878.959838867188
"CRS3035RES20000mN5120000E4880000",10.7430953979492,647.783752441406,879.471923828125
"CRS3035RES20000mN5120000E4900000",10.7054128646851,684.491821289062,873.908813476562
"CRS3035RES20000mN5120000E4920000",11.1828536987305,676.860168457031,882.92822265625
"CRS3035RES20000mN5120000E4940000",11.4480457305908,658.703857421875,893.645446777344
"CRS3035RES20000mN1920000E4860000",24.3850955963135,593.021484375,641.398864746094
"CRS3035RES20000mN5120000E4960000",11.2233953475952,717.436828613281,891.307312011719
"CRS3035RES20000mN5120000E4980000",11.3163547515869,734.320556640625,886.965881347656
"CRS3035RES20000mN5120000E5000000",11.4601583480835,771.350891113281,883.868103027344
"CRS3035RES20000mN5120000E5020000",11.7251081466675,736.371154785156,888.9091796875
"CRS3035RES20000mN5120000E5040000",11.8857717514038,678.720581054688,898.008422851562
"CRS3035RES20000mN5120000E5060000",11.8696746826172,648.688293457031,903.851379394531
"CRS3035RES20000mN5120000E5080000",11.3078460693359,710.362976074219,891.079528808594
"CRS3035RES20000mN1920000E4880000",25.24733543396,522.469909667969,600.909301757812
"CRS3035RES20000mN5140000E4540000",10.0982904434204,1057.56787109375,366.369049072266
"CRS3035RES20000mN5140000E4560000",10.2629861831665,1160.04943847656,393.734832763672
"CRS3035RES20000mN5140000E4580000",10.507420539856,1378.57653808594,443.299285888672
"CRS3035RES20000mN5140000E4600000",10.0110816955566,2007.99792480469,546.817565917969
"CRS3035RES20000mN5140000E4620000",10.8683557510376,1799.74951171875,648.694885253906
"CRS3035RES20000mN5140000E4640000",11.2996158599854,1731.48254394531,743.465576171875
"CRS3035RES20000mN5140000E4660000",11.6626644134521,1529.74768066406,807.474182128906
"CRS3035RES20000mN5140000E4680000",11.6764860153198,1438.50927734375,830.720520019531
"CRS3035RES20000mN1920000E4900000",24.7922859191895,509.577728271484,544.471801757812
"CRS3035RES20000mN5140000E4700000",9.7062406539917,1331.45959472656,796.730773925781
"CRS3035RES20000mN5140000E4720000",8.09473896026611,1060.751953125,774.877746582031
"CRS3035RES20000mN5140000E4740000",8.22127914428711,883.778381347656,788.808349609375
"CRS3035RES20000mN5140000E4760000",7.83320188522339,839.5498046875,793.783447265625
"CRS3035RES20000mN5140000E4780000",9.25052833557129,765.561279296875,828.882629394531
"CRS3035RES20000mN5140000E4800000",10.1988773345947,718.770080566406,851.186462402344
"CRS3035RES20000mN5140000E4820000",10.5824155807495,678.981567382812,856.666809082031
"CRS3035RES20000mN5140000E4840000",11.0576190948486,604.036376953125,868.877563476562
"CRS3035RES20000mN5140000E4860000",10.6449794769287,615.423461914062,866.216552734375
"CRS3035RES20000mN5140000E4880000",11.0159425735474,596.552307128906,886.699584960938
"CRS3035RES20000mN1920000E4980000",24.8974609375,572.558898925781,540.506408691406
"CRS3035RES20000mN5140000E4900000",10.9889116287231,625.420715332031,878.328491210938
"CRS3035RES20000mN5140000E4920000",11.3546495437622,621.092590332031,881.879272460938
"CRS3035RES20000mN5140000E4940000",11.6778535842896,612.078918457031,894.540771484375
"CRS3035RES20000mN5140000E4960000",11.5768518447876,651.512878417969,897.725463867188
"CRS3035RES20000mN5140000E4980000",11.5913381576538,685.868408203125,886.674072265625
"CRS3035RES20000mN5140000E5000000",11.6696281433105,692.544555664062,877.38232421875
"CRS3035RES20000mN5140000E5020000",12.1165838241577,671.35693359375,884.5546875
"CRS3035RES20000mN5140000E5040000",11.9756660461426,674.012329101562,887.513916015625
"CRS3035RES20000mN5140000E5060000",11.9301929473877,667.888793945312,893.422119140625
"CRS3035RES20000mN1920000E5000000",24.6885261535645,622.409057617188,551.570190429688
"CRS3035RES20000mN5160000E4600000",9.89140701293945,1531.94677734375,455.327331542969
"CRS3035RES20000mN5160000E4620000",9.71751022338867,1699.68676757812,526.914794921875
"CRS3035RES20000mN5160000E4640000",10.9611539840698,1775.38000488281,666.71484375
"CRS3035RES20000mN5160000E4660000",11.2452096939087,1813.53088378906,774.261291503906
"CRS3035RES20000mN5160000E4680000",9.98174858093262,1845.9013671875,790.781127929688
"CRS3035RES20000mN5160000E4700000",9.3396110534668,1436.71887207031,787.453857421875
"CRS3035RES20000mN5160000E4720000",9.94798755645752,958.629150390625,803.346862792969
"CRS3035RES20000mN5160000E4740000",7.06691074371338,953.879638671875,763.146179199219
"CRS3035RES20000mN5160000E4760000",7.51484727859497,862.450927734375,778.282043457031
"CRS3035RES20000mN1920000E5020000",24.811222076416,650.855407714844,560.698547363281
"CRS3035RES20000mN5160000E4780000",9.25709247589111,762.625793457031,817.502136230469
"CRS3035RES20000mN5160000E4800000",9.57442474365234,767.971435546875,837.734985351562
"CRS3035RES20000mN5160000E4820000",10.3457069396973,668.39501953125,857.090454101562
"CRS3035RES20000mN5160000E4840000",10.5542688369751,652.991455078125,860.543212890625
"CRS3035RES20000mN5160000E4860000",10.8783302307129,607.813781738281,867.738342285156
"CRS3035RES20000mN5160000E4880000",10.9283847808838,616.223266601562,869.742614746094
"CRS3035RES20000mN5160000E4900000",11.0369157791138,614.530822753906,869.751586914062
"CRS3035RES20000mN5160000E4920000",11.192156791687,618.583618164062,872.392150878906
"CRS3035RES20000mN5160000E4940000",11.6298332214355,596.18359375,884.286682128906
"CRS3035RES20000mN5160000E4960000",11.4830284118652,613.736389160156,882.965209960938
"CRS3035RES20000mN1920000E5040000",24.812183380127,666.125,535.303039550781
"CRS3035RES20000mN5160000E4980000",11.8838062286377,609.974914550781,880.26318359375
"CRS3035RES20000mN5160000E5000000",11.721529006958,650.575378417969,862.830139160156
"CRS3035RES20000mN5160000E5020000",11.7196769714355,681.901123046875,857.722229003906
"CRS3035RES20000mN5160000E5040000",11.8456430435181,699.7216796875,868.528015136719
"CRS3035RES20000mN5160000E5060000",11.6428241729736,722.7568359375,872.986389160156
"CRS3035RES20000mN5180000E4620000",10.0287027359009,1260.8076171875,457.485565185547
"CRS3035RES20000mN5180000E4640000",9.71568393707275,1949.20581054688,613.336242675781
"CRS3035RES20000mN5180000E4660000",11.3412218093872,1885.46264648438,753.542053222656
"CRS3035RES20000mN5180000E4680000",10.0290222167969,1868.84887695312,795.003662109375
"CRS3035RES20000mN1560000E4780000",25.1279716491699,610.463439941406,502.190582275391
"CRS3035RES20000mN5180000E4700000",10.2053289413452,1296.58862304688,799.85205078125
"CRS3035RES20000mN5180000E4720000",11.4021100997925,919.053466796875,818.400512695312
"CRS3035RES20000mN5180000E4740000",8.17494869232178,1116.21313476562,769.642822265625
"CRS3035RES20000mN5180000E4760000",9.00756454467773,918.59765625,784.664916992188
"CRS3035RES20000mN5180000E4780000",8.09420013427734,899.044250488281,783.393432617188
"CRS3035RES20000mN5180000E4800000",8.93996524810791,828.003601074219,814.903015136719
"CRS3035RES20000mN5180000E4820000",9.37953758239746,781.343200683594,816.713684082031
"CRS3035RES20000mN5180000E4840000",10.3655281066895,673.195617675781,839.025756835938
"CRS3035RES20000mN5180000E4860000",10.6265926361084,653.637023925781,844.477111816406
"CRS3035RES20000mN5180000E4880000",10.8109693527222,626.914489746094,852.708435058594
"CRS3035RES20000mN5180000E4900000",11.1871290206909,597.9208984375,866.903198242188
"CRS3035RES20000mN5180000E4920000",11.1154317855835,595.783813476562,873.157287597656
"CRS3035RES20000mN5180000E4940000",11.2994890213013,605.153198242188,881.056396484375
"CRS3035RES20000mN5180000E4960000",10.7812194824219,691.061950683594,863.080810546875
"CRS3035RES20000mN5180000E4980000",11.283166885376,660.389038085938,857.755859375
"CRS3035RES20000mN5180000E5000000",11.4662504196167,645.8212890625,848.097839355469
"CRS3035RES20000mN5180000E5020000",11.0527906417847,675.769592285156,829.847900390625
"CRS3035RES20000mN5180000E5040000",11.4114027023315,686.258239746094,840.291870117188
"CRS3035RES20000mN5180000E5060000",11.7774486541748,694.75927734375,861.154968261719
"CRS3035RES20000mN5200000E4640000",10.4122762680054,1424.10168457031,541.394592285156
"CRS3035RES20000mN5200000E4660000",10.540994644165,1786.48986816406,688.0859375
"CRS3035RES20000mN5200000E4680000",10.7615957260132,1658.84289550781,754.003845214844
"CRS3035RES20000mN5200000E4700000",10.5117340087891,1308.47717285156,761.814392089844
"CRS3035RES20000mN5200000E4720000",11.0882892608643,1166.77062988281,775.353149414062
"CRS3035RES20000mN5200000E4740000",9.95685863494873,1309.68420410156,769.300537109375
"CRS3035RES20000mN5200000E4760000",8.20602130889893,1189.10522460938,759.5078125
"CRS3035RES20000mN5200000E4780000",8.47920608520508,951.948547363281,791.071044921875
"CRS3035RES20000mN5200000E4800000",8.90787220001221,867.64892578125,812.598876953125
"CRS3035RES20000mN5200000E4820000",8.90767765045166,872.090209960938,788.274047851562
"CRS3035RES20000mN5200000E4840000",10.1353120803833,730.632080078125,810.082275390625
"CRS3035RES20000mN5200000E4860000",10.140965461731,718.004150390625,818.245971679688
"CRS3035RES20000mN5200000E4880000",10.5166444778442,659.419555664062,845.141357421875
"CRS3035RES20000mN5200000E4900000",11.0776319503784,610.879577636719,869.772399902344
"CRS3035RES20000mN5200000E4920000",11.177827835083,583.085510253906,882.090393066406
"CRS3035RES20000mN5200000E4940000",11.05983543396,613.813720703125,889.553894042969
"CRS3035RES20000mN5200000E4960000",11.0778398513794,620.878295898438,881.517822265625
"CRS3035RES20000mN5200000E4980000",11.4558191299438,609.572326660156,866.734497070312
"CRS3035RES20000mN5200000E5000000",11.481071472168,633.700073242188,853.549438476562
"CRS3035RES20000mN5200000E5020000",11.433066368103,644.983215332031,844.929748535156
"CRS3035RES20000mN5200000E5040000",11.3793649673462,650.537841796875,843.033081054688
"CRS3035RES20000mN5200000E5060000",11.5679569244385,697.443298339844,852.485473632812
"CRS3035RES20000mN5200000E5080000",11.8175964355469,668.908020019531,868.516723632812
"CRS3035RES20000mN5220000E4640000",9.73234272003174,1279.87963867188,442.992706298828
"CRS3035RES20000mN5220000E4660000",9.54724311828613,1632.37426757812,549.178039550781
"CRS3035RES20000mN5220000E4680000",9.63162899017334,1498.98034667969,587.793334960938
"CRS3035RES20000mN5220000E4700000",10.4399452209473,1188.95642089844,615.373840332031
"CRS3035RES20000mN5220000E4720000",10.5813274383545,1308.26428222656,640.544616699219
"CRS3035RES20000mN5220000E4740000",11.0512447357178,1376.46081542969,707.120361328125
"CRS3035RES20000mN5220000E4760000",10.3498697280884,1115.12121582031,775.998168945312
"CRS3035RES20000mN5220000E4780000",10.3655529022217,965.511535644531,818.340881347656
"CRS3035RES20000mN5220000E4800000",8.7335729598999,1000.22290039062,812.783630371094
"CRS3035RES20000mN5220000E4820000",9.99868202209473,767.124816894531,807.318664550781
"CRS3035RES20000mN5220000E4840000",10.0403251647949,743.735412597656,800.427001953125
"CRS3035RES20000mN5220000E4860000",10.0744075775146,709.468566894531,811.839904785156
"CRS3035RES20000mN5220000E4880000",9.89975547790527,720.714965820312,830.033142089844
"CRS3035RES20000mN5220000E4900000",10.6605234146118,670.31298828125,862.679138183594
"CRS3035RES20000mN5220000E4920000",10.9095125198364,645.296447753906,881.570129394531
"CRS3035RES20000mN5220000E4940000",10.7747020721436,648.135925292969,895.662231445312
"CRS3035RES20000mN5220000E4960000",10.5990943908691,671.027465820312,876.749572753906
"CRS3035RES20000mN5220000E4980000",11.0108842849731,643.326599121094,862.233276367188
"CRS3035RES20000mN5220000E5000000",11.2448644638062,614.342224121094,854.104248046875
"CRS3035RES20000mN5220000E5020000",11.2924108505249,640.148559570312,849.684143066406
"CRS3035RES20000mN5220000E5040000",11.2535572052002,650.351318359375,847.272644042969
"CRS3035RES20000mN5220000E5060000",11.2326211929321,658.3056640625,842.358703613281
"CRS3035RES20000mN5220000E5080000",11.3056192398071,686.566345214844,846.996459960938
"CRS3035RES20000mN5240000E4660000",9.33341121673584,1193.55004882812,418.161529541016
"CRS3035RES20000mN5240000E4680000",8.96578788757324,1312.82556152344,444.824249267578
"CRS3035RES20000mN5240000E4700000",9.51989555358887,1151.3173828125,468.705017089844
"CRS3035RES20000mN5240000E4720000",8.76913356781006,1685.06176757812,505.328063964844
"CRS3035RES20000mN5240000E4740000",10.6745138168335,1191.79113769531,605.602966308594
"CRS3035RES20000mN5240000E4760000",10.8009414672852,1243.53869628906,727.384216308594
"CRS3035RES20000mN5240000E4780000",9.78256225585938,1219.43322753906,778.10791015625
"CRS3035RES20000mN5240000E4800000",8.93155002593994,1041.56823730469,817.793640136719
"CRS3035RES20000mN5240000E4820000",11.6885013580322,726.584167480469,861.782104492188
"CRS3035RES20000mN5240000E4840000",10.1970930099487,763.055541992188,813.034057617188
"CRS3035RES20000mN5240000E4860000",9.57656002044678,792.754150390625,793.332214355469
"CRS3035RES20000mN5240000E4880000",9.43076229095459,789.057678222656,813.244445800781
"CRS3035RES20000mN5240000E4900000",10.7933330535889,656.831420898438,864.658935546875
"CRS3035RES20000mN5240000E4920000",10.4286642074585,644.602661132812,869.197937011719
"CRS3035RES20000mN5240000E4940000",10.3589324951172,664.589294433594,877.342651367188
"CRS3035RES20000mN5240000E4960000",10.6772880554199,650.691467285156,869.148681640625
"CRS3035RES20000mN5240000E4980000",10.9517698287964,623.731384277344,857.751525878906
"CRS3035RES20000mN5240000E5000000",10.6977119445801,649.949768066406,844.35791015625
"CRS3035RES20000mN5240000E5020000",10.9870634078979,654.465637207031,843.48779296875
"CRS3035RES20000mN5240000E5040000",11.2349538803101,653.826843261719,844.6328125
"CRS3035RES20000mN5240000E5060000",10.9242639541626,691.0712890625,836.921508789062
"CRS3035RES20000mN5240000E5080000",11.517897605896,664.815124511719,855.511108398438
"CRS3035RES20000mN5240000E5100000",11.1274452209473,766.869567871094,850.79296875
"CRS3035RES20000mN5260000E4680000",9.19651222229004,861.849243164062,368.349670410156
"CRS3035RES20000mN5260000E4720000",9.37415218353271,1026.62316894531,418.607971191406
"CRS3035RES20000mN5260000E4740000",9.42227363586426,1352.93725585938,480.144897460938
"CRS3035RES20000mN5260000E4760000",8.77543926239014,1590.95043945312,599.549194335938
"CRS3035RES20000mN5260000E4780000",9.26601886749268,1363.85131835938,695.611755371094
"CRS3035RES20000mN5260000E4800000",10.6574516296387,1054.39868164062,814.903076171875
"CRS3035RES20000mN5260000E4820000",11.1246490478516,897.991760253906,848.271362304688
"CRS3035RES20000mN5260000E4840000",9.49284744262695,928.269775390625,803.3916015625
"CRS3035RES20000mN5260000E4860000",9.51791572570801,824.832702636719,789.088623046875
"CRS3035RES20000mN5260000E4880000",10.1654844284058,754.337829589844,818.981079101562
"CRS3035RES20000mN5260000E4900000",9.61742210388184,794.606811523438,824.999755859375
"CRS3035RES20000mN5260000E4920000",8.69880199432373,787.08984375,809.471313476562
"CRS3035RES20000mN5260000E4940000",9.86959075927734,687.03466796875,842.595947265625
"CRS3035RES20000mN5260000E4960000",10.4937229156494,672.578369140625,839.029724121094
"CRS3035RES20000mN5260000E4980000",10.4420738220215,678.777099609375,834.324279785156
"CRS3035RES20000mN5260000E5000000",10.3264045715332,701.593200683594,834.126220703125
"CRS3035RES20000mN5260000E5020000",10.5172500610352,691.782592773438,830.3154296875
"CRS3035RES20000mN5260000E5040000",11.0831823348999,658.397583007812,840.452331542969
"CRS3035RES20000mN5260000E5060000",11.0903129577637,677.14794921875,840.25390625
"CRS3035RES20000mN5260000E5080000",11.0873422622681,713.849243164062,842.800476074219
"CRS3035RES20000mN5260000E5100000",11.0168724060059,805.606689453125,829.903869628906
"CRS3035RES20000mN5260000E5120000",10.4407434463501,861.6123046875,814.790222167969
"CRS3035RES20000mN5280000E4780000",9.64443683624268,1208.35192871094,584.951721191406
"CRS3035RES20000mN5280000E4800000",9.9923152923584,1360.09936523438,715.458801269531
"CRS3035RES20000mN5280000E4820000",10.4604434967041,1233.17150878906,802.117553710938
"CRS3035RES20000mN5280000E4840000",9.69619274139404,1055.75769042969,807.168823242188
"CRS3035RES20000mN5280000E4860000",9.85528564453125,918.013488769531,799.735900878906
"CRS3035RES20000mN5280000E4880000",11.4876165390015,716.376831054688,835.195739746094
"CRS3035RES20000mN5280000E4900000",9.55130004882812,858.664733886719,802.394897460938
"CRS3035RES20000mN5280000E4920000",8.72713279724121,877.549621582031,781.863891601562
"CRS3035RES20000mN5280000E4940000",8.78694152832031,856.480102539062,782.508728027344
"CRS3035RES20000mN5280000E4960000",10.0784435272217,740.273681640625,797.054443359375
"CRS3035RES20000mN5280000E4980000",10.4975442886353,675.580810546875,820.913635253906
"CRS3035RES20000mN5280000E5000000",10.7327213287354,679.433898925781,827.599548339844
"CRS3035RES20000mN5280000E5020000",10.0206060409546,784.763061523438,817.503051757812
"CRS3035RES20000mN5280000E5040000",10.3165616989136,762.936950683594,825.012573242188
"CRS3035RES20000mN5280000E5060000",10.8988237380981,704.409851074219,826.111511230469
"CRS3035RES20000mN5280000E5080000",10.9436349868774,715.045471191406,816.833923339844
"CRS3035RES20000mN5280000E5100000",10.0712890625,901.064392089844,747.114379882812
"CRS3035RES20000mN5280000E5120000",9.56642913818359,951.050476074219,707.030883789062
"CRS3035RES20000mN5300000E4760000",9.23162937164307,1240.05651855469,423.908477783203
"CRS3035RES20000mN5300000E4780000",8.61494159698486,1694.55456542969,473.094055175781
"CRS3035RES20000mN5300000E4800000",9.12673091888428,1569.45788574219,590.569274902344
"CRS3035RES20000mN5300000E4820000",9.78409957885742,1355.599609375,703.759094238281
"CRS3035RES20000mN5300000E4840000",9.89161014556885,1185.31420898438,786.730407714844
"CRS3035RES20000mN5300000E4860000",10.0315446853638,990.91796875,781.041137695312
"CRS3035RES20000mN5300000E4880000",11.0894994735718,802.013122558594,788.619750976562
"CRS3035RES20000mN5300000E4900000",10.8127517700195,804.203552246094,774.99072265625
"CRS3035RES20000mN5300000E4920000",10.0180292129517,793.831359863281,771.587219238281
"CRS3035RES20000mN5300000E4940000",9.56671047210693,827.352905273438,760.597351074219
"CRS3035RES20000mN5300000E4960000",9.79586601257324,775.774841308594,773.455749511719
"CRS3035RES20000mN5300000E4980000",10.5818843841553,694.131774902344,808.404907226562
"CRS3035RES20000mN5300000E5000000",10.6537961959839,712.021484375,818.858093261719
"CRS3035RES20000mN5300000E5020000",10.5775709152222,701.359741210938,825.958557128906
"CRS3035RES20000mN5300000E5040000",10.4205188751221,708.283569335938,823.612060546875
"CRS3035RES20000mN5300000E5060000",10.7639741897583,642.908813476562,812.388732910156
"CRS3035RES20000mN5300000E5080000",10.4822664260864,647.033996582031,761.567260742188
"CRS3035RES20000mN5300000E5100000",9.38009452819824,752.334777832031,620.774169921875
"CRS3035RES20000mN5300000E5120000",9.14774131774902,787.360534667969,588.535888671875
"CRS3035RES20000mN5320000E4760000",9.19632148742676,918.78955078125,384.709289550781
"CRS3035RES20000mN5320000E4780000",8.89594268798828,1380.35681152344,423.947296142578
"CRS3035RES20000mN5320000E4800000",8.99936485290527,1522.60913085938,499.421508789062
"CRS3035RES20000mN5320000E4820000",9.5367603302002,1433.81481933594,613.562622070312
"CRS3035RES20000mN5320000E4840000",10.0249357223511,1195.78234863281,722.193664550781
"CRS3035RES20000mN5320000E4860000",10.011116027832,1011.76586914062,724.72021484375
"CRS3035RES20000mN5320000E4880000",10.7948513031006,798.968566894531,718.820129394531
"CRS3035RES20000mN5320000E4900000",10.8400840759277,789.963562011719,715.388549804688
"CRS3035RES20000mN5320000E4920000",9.73146438598633,932.7685546875,735.101684570312
"CRS3035RES20000mN5320000E4940000",10.6010770797729,803.741638183594,760.092468261719
"CRS3035RES20000mN5320000E4960000",9.45453453063965,902.749816894531,769.334533691406
"CRS3035RES20000mN5320000E4980000",10.1301050186157,807.578125,800.219543457031
"CRS3035RES20000mN5320000E5000000",10.3408403396606,804.115844726562,814.77392578125
"CRS3035RES20000mN5320000E5020000",10.058219909668,786.707092285156,810.190551757812
"CRS3035RES20000mN5320000E5040000",10.0399160385132,761.329162597656,810.885864257812
"CRS3035RES20000mN5320000E5060000",9.97837448120117,757.433898925781,786.114318847656
"CRS3035RES20000mN5320000E5080000",9.81313419342041,640.174255371094,676.207336425781
"CRS3035RES20000mN5340000E4800000",9.0185432434082,1164.46325683594,425.287872314453
"CRS3035RES20000mN5340000E4820000",9.74766445159912,888.928283691406,526.849243164062
"CRS3035RES20000mN5340000E4840000",9.96546649932861,1085.40283203125,600.645690917969
"CRS3035RES20000mN5340000E4860000",9.11726856231689,1286.32397460938,638.420959472656
"CRS3035RES20000mN5340000E4880000",9.36767292022705,994.244750976562,621.788024902344
"CRS3035RES20000mN5340000E4900000",10.4200887680054,770.99365234375,650.893127441406
"CRS3035RES20000mN5340000E4920000",9.96271800994873,894.054931640625,693.978088378906
"CRS3035RES20000mN5340000E4940000",10.7566061019897,723.833190917969,736.617309570312
"CRS3035RES20000mN5340000E4960000",9.47599983215332,962.248901367188,767.990905761719
"CRS3035RES20000mN5340000E4980000",10.1575880050659,839.12109375,802.983215332031
"CRS3035RES20000mN5340000E5000000",10.0040521621704,895.7177734375,804.190856933594
"CRS3035RES20000mN5340000E5020000",9.05968379974365,913.584777832031,773.064086914062
"CRS3035RES20000mN5340000E5040000",8.83907985687256,900.002685546875,769.764831542969
"CRS3035RES20000mN5340000E5060000",8.77952289581299,881.77587890625,727.937561035156
"CRS3035RES20000mN5340000E5080000",8.9881477355957,814.965393066406,613.864990234375
"CRS3035RES20000mN5340000E5100000",8.69251823425293,668.528259277344,493.798370361328
"CRS3035RES20000mN5360000E4840000",8.94096374511719,1188.28002929688,459.8232421875
"CRS3035RES20000mN5360000E4860000",9.06077194213867,1142.53869628906,521.596252441406
"CRS3035RES20000mN5360000E4880000",9.47660064697266,1014.92858886719,561.771545410156
"CRS3035RES20000mN5360000E4900000",9.98265552520752,761.668395996094,578.636352539062
"CRS3035RES20000mN5360000E4920000",9.13662338256836,1082.93505859375,604.157409667969
"CRS3035RES20000mN5360000E4940000",10.1515197753906,788.86181640625,668.787170410156
"CRS3035RES20000mN5360000E4960000",9.10744762420654,1090.64965820312,724.374450683594
"CRS3035RES20000mN5360000E4980000",9.76079845428467,900.384216308594,766.765441894531
"CRS3035RES20000mN5360000E5000000",9.11071968078613,998.242980957031,745.01708984375
"CRS3035RES20000mN5360000E5020000",8.77976608276367,1000.33746337891,720.666320800781
"CRS3035RES20000mN5360000E5040000",8.64063549041748,954.051574707031,712.234985351562
"CRS3035RES20000mN5360000E5060000",8.56959056854248,937.0556640625,648.177062988281
"CRS3035RES20000mN5360000E5080000",8.34065628051758,977.288208007812,555.745971679688
"CRS3035RES20000mN5360000E5100000",8.44247245788574,805.314636230469,455.344268798828
"CRS3035RES20000mN5380000E4860000",8.99290370941162,932.135559082031,442.857543945312
"CRS3035RES20000mN5380000E4880000",8.91136646270752,1258.54382324219,504.534942626953
"CRS3035RES20000mN5380000E4900000",8.92726230621338,968.456909179688,471.663208007812
"CRS3035RES20000mN5380000E4920000",8.82331466674805,920.857849121094,476.478057861328
"CRS3035RES20000mN5380000E4940000",8.8815221786499,1068.58032226562,534.737976074219
"CRS3035RES20000mN5380000E4960000",8.92954921722412,1117.07055664062,638.527404785156
"CRS3035RES20000mN5380000E4980000",9.21073246002197,965.177185058594,663.174133300781
"CRS3035RES20000mN5380000E5000000",8.75196647644043,1054.01159667969,637.5712890625
"CRS3035RES20000mN5380000E5020000",8.99407482147217,918.909118652344,629.609375
"CRS3035RES20000mN5380000E5040000",8.83785438537598,891.886840820312,612.508239746094
"CRS3035RES20000mN5380000E5060000",8.56712532043457,796.133239746094,528.367126464844
"CRS3035RES20000mN5380000E5080000",8.62700080871582,660.42724609375,471.478424072266
"CRS3035RES20000mN5400000E4940000",8.63670921325684,912.692565917969,446.963562011719
"CRS3035RES20000mN5400000E4960000",8.88412189483643,983.277709960938,526.568115234375
"CRS3035RES20000mN5400000E4980000",8.67535781860352,866.42822265625,510.232025146484
"CRS3035RES20000mN5400000E5000000",8.59770679473877,766.355590820312,473.961669921875
"CRS3035RES20000mN1940000E2620000",18.8529949188232,642.378662109375,212.940505981445
"CRS3035RES20000mN1940000E2640000",19.6876239776611,711.030578613281,286.605682373047
"CRS3035RES20000mN1940000E2660000",21.3106079101562,671.961853027344,372.7138671875
"CRS3035RES20000mN1940000E2680000",22.292013168335,658.742126464844,431.98779296875
"CRS3035RES20000mN1940000E2700000",22.6481952667236,648.435852050781,462.914611816406
"CRS3035RES20000mN1940000E2720000",22.8629531860352,606.186096191406,476.893676757812
"CRS3035RES20000mN1940000E2740000",23.0947284698486,575.78564453125,495.170837402344
"CRS3035RES20000mN1940000E2760000",23.2150230407715,595.265441894531,510.389892578125
"CRS3035RES20000mN1940000E2780000",23.3796062469482,621.600158691406,528.129211425781
"CRS3035RES20000mN1940000E2800000",23.7019176483154,650.076354980469,556.018188476562
"CRS3035RES20000mN1940000E2820000",23.9240169525146,635.610168457031,579.0537109375
"CRS3035RES20000mN1940000E2840000",24.6242256164551,606.613403320312,601.137939453125
"CRS3035RES20000mN1940000E2860000",25.1451206207275,592.300598144531,621.013122558594
"CRS3035RES20000mN1940000E2880000",25.1155891418457,598.947631835938,632.882080078125
"CRS3035RES20000mN1940000E2900000",24.9063930511475,580.726196289062,640.33837890625
"CRS3035RES20000mN1940000E2920000",24.5622444152832,593.176208496094,645.338623046875
"CRS3035RES20000mN1940000E2940000",24.5989837646484,608.519226074219,652.263549804688
"CRS3035RES20000mN1940000E2960000",24.1322002410889,763.569274902344,651.950378417969
"CRS3035RES20000mN1940000E2980000",23.6271095275879,806.01123046875,656.34814453125
"CRS3035RES20000mN1940000E3000000",24.3481369018555,746.450500488281,678.495971679688
"CRS3035RES20000mN1940000E3020000",25.0332317352295,656.035034179688,696.403503417969
"CRS3035RES20000mN1940000E3040000",23.8541164398193,730.771606445312,687.08251953125
"CRS3035RES20000mN1940000E3060000",22.7975769042969,673.739501953125,675.414184570312
"CRS3035RES20000mN1940000E3080000",23.0962371826172,594.099670410156,678.03173828125
"CRS3035RES20000mN1940000E3100000",23.3026428222656,514.303100585938,682.645935058594
"CRS3035RES20000mN1940000E3120000",24.1626644134521,429.670257568359,700.191101074219
"CRS3035RES20000mN1940000E3140000",25.0308723449707,383.363372802734,720.43798828125
"CRS3035RES20000mN1940000E3160000",25.2045726776123,375.423095703125,728.850158691406
"CRS3035RES20000mN1940000E3180000",24.8544883728027,411.764068603516,723.382751464844
"CRS3035RES20000mN1940000E3200000",24.3004207611084,460.554595947266,712.103515625
"CRS3035RES20000mN1580000E2880000",22.751163482666,700.119384765625,350.401947021484
"CRS3035RES20000mN1940000E3220000",23.5630226135254,506.853179931641,698.002746582031
"CRS3035RES20000mN1940000E3240000",23.1985721588135,522.092895507812,689.888732910156
"CRS3035RES20000mN1940000E3260000",22.7836494445801,564.909851074219,685.239074707031
"CRS3035RES20000mN1940000E3280000",21.754940032959,607.877014160156,674.675598144531
"CRS3035RES20000mN1940000E3300000",21.6701717376709,565.706359863281,662.443725585938
"CRS3035RES20000mN1940000E3320000",20.6473922729492,561.224914550781,649.042175292969
"CRS3035RES20000mN1940000E3340000",20.9208641052246,549.216003417969,638.992126464844
"CRS3035RES20000mN1940000E3360000",19.6451988220215,572.28271484375,623.011535644531
"CRS3035RES20000mN1940000E3380000",18.4531936645508,546.79638671875,598.896301269531
"CRS3035RES20000mN1940000E3400000",20.745849609375,507.531005859375,577.732238769531
"CRS3035RES20000mN1580000E2900000",22.7025623321533,749.884094238281,380.377319335938
"CRS3035RES20000mN1940000E3420000",21.320068359375,561.691650390625,557.558715820312
"CRS3035RES20000mN1940000E3440000",22.4716110229492,597.067626953125,542.606201171875
"CRS3035RES20000mN1940000E3460000",23.1996231079102,604.298583984375,539.691101074219
"CRS3035RES20000mN1940000E3480000",24.8018226623535,511.576965332031,533.073303222656
"CRS3035RES20000mN1940000E4160000",23.6063137054443,513.094299316406,472.163604736328
"CRS3035RES20000mN1940000E4180000",22.9775905609131,654.58984375,507.755249023438
"CRS3035RES20000mN1940000E4200000",22.0380821228027,669.597595214844,548.542053222656
"CRS3035RES20000mN1940000E4220000",22.7421646118164,606.812744140625,576.257629394531
"CRS3035RES20000mN1940000E4240000",21.7358551025391,688.742492675781,593.199157714844
"CRS3035RES20000mN1940000E4260000",21.4343814849854,649.773864746094,572.590148925781
"CRS3035RES20000mN1580000E2920000",22.3969268798828,788.848754882812,348.237274169922
"CRS3035RES20000mN1940000E4280000",22.7864837646484,587.178100585938,523.024658203125
"CRS3035RES20000mN1940000E4300000",23.6248550415039,494.873718261719,474.164123535156
"CRS3035RES20000mN1940000E4680000",23.9089412689209,807.021362304688,486.773162841797
"CRS3035RES20000mN1940000E4700000",23.8868751525879,876.60400390625,490.518676757812
"CRS3035RES20000mN1940000E4720000",23.9240093231201,937.372619628906,511.443695068359
"CRS3035RES20000mN1940000E4740000",23.6675128936768,1104.63830566406,563.918640136719
"CRS3035RES20000mN1940000E4760000",20.9960422515869,1094.30993652344,601.769897460938
"CRS3035RES20000mN1940000E4780000",20.3934631347656,857.116943359375,625.200378417969
"CRS3035RES20000mN1940000E4800000",18.329080581665,794.556274414062,612.562255859375
"CRS3035RES20000mN1940000E4820000",19.484790802002,729.188903808594,622.088928222656
"CRS3035RES20000mN1940000E4840000",21.8078689575195,647.028381347656,638.358642578125
"CRS3035RES20000mN1940000E4860000",24.7963562011719,515.771057128906,654.048645019531
"CRS3035RES20000mN1940000E4880000",24.8379707336426,514.94091796875,610.254333496094
"CRS3035RES20000mN1940000E4900000",25.0159683227539,495.266418457031,577.008544921875
"CRS3035RES20000mN1940000E4920000",24.870059967041,519.621643066406,557.294921875
"CRS3035RES20000mN1940000E4940000",24.9483127593994,538.17822265625,562.612548828125
"CRS3035RES20000mN1940000E4960000",25.0266532897949,585.455993652344,570.48681640625
"CRS3035RES20000mN1940000E4980000",25.2496967315674,610.272399902344,576.406066894531
"CRS3035RES20000mN1940000E5000000",25.4038677215576,638.90869140625,584.745056152344
"CRS3035RES20000mN1580000E4600000",24.2477989196777,560.416870117188,459.401947021484
"CRS3035RES20000mN1940000E5020000",25.311975479126,660.380493164062,570.971435546875
"CRS3035RES20000mN1940000E5040000",24.826208114624,703.121826171875,532.490844726562
"CRS3035RES20000mN1580000E4620000",24.2987098693848,593.549865722656,512.705688476562
"CRS3035RES20000mN1580000E4640000",24.0892200469971,586.699645996094,564.910095214844
"CRS3035RES20000mN1580000E4660000",23.9483070373535,513.427612304688,584.959289550781
"CRS3035RES20000mN1580000E4680000",23.7776546478271,510.181579589844,577.953674316406
"CRS3035RES20000mN1580000E4700000",23.2946796417236,519.472473144531,580.292846679688
"CRS3035RES20000mN1580000E4720000",24.4035797119141,578.173645019531,606.671936035156
"CRS3035RES20000mN1580000E4740000",25.1229286193848,616.639038085938,623.6943359375
"CRS3035RES20000mN1960000E2620000",18.6805458068848,640.518859863281,207.564865112305
"CRS3035RES20000mN1960000E2640000",19.1925792694092,745.184692382812,277.102905273438
"CRS3035RES20000mN1960000E2660000",20.5386867523193,721.217651367188,378.036407470703
"CRS3035RES20000mN1960000E2680000",22.0355815887451,649.812927246094,427.771453857422
"CRS3035RES20000mN1960000E2700000",22.5696582794189,658.98486328125,458.553863525391
"CRS3035RES20000mN1960000E2720000",22.5793895721436,653.537963867188,472.188568115234
"CRS3035RES20000mN1580000E4760000",25.6642780303955,608.075439453125,599.422729492188
"CRS3035RES20000mN1960000E2740000",22.703784942627,648.59326171875,491.015228271484
"CRS3035RES20000mN1960000E2760000",23.0171871185303,656.443359375,510.647216796875
"CRS3035RES20000mN1960000E2780000",23.3806228637695,677.271667480469,527.045043945312
"CRS3035RES20000mN1960000E2800000",23.4105777740479,744.298706054688,552.164489746094
"CRS3035RES20000mN1960000E2820000",22.5381679534912,748.556701660156,567.037658691406
"CRS3035RES20000mN1960000E2840000",23.6697273254395,676.966247558594,590.990600585938
"CRS3035RES20000mN1960000E2860000",24.4428462982178,611.70068359375,611.994934082031
"CRS3035RES20000mN1960000E2880000",25.0392112731934,565.723571777344,631.858459472656
"CRS3035RES20000mN1960000E2900000",25.0787506103516,581.452941894531,641.689697265625
"CRS3035RES20000mN1960000E2920000",25.1674613952637,596.918518066406,650.958435058594
"CRS3035RES20000mN1580000E4780000",25.4084911346436,563.927917480469,507.436126708984
"CRS3035RES20000mN1960000E2940000",25.1563491821289,640.814392089844,658.538818359375
"CRS3035RES20000mN1960000E2960000",24.6823883056641,772.351623535156,659.937683105469
"CRS3035RES20000mN1960000E2980000",23.9390106201172,810.311096191406,656.661376953125
"CRS3035RES20000mN1960000E3000000",23.4020214080811,706.321838378906,654.244506835938
"CRS3035RES20000mN1960000E3020000",24.3477478027344,591.723754882812,672.296081542969
"CRS3035RES20000mN1960000E3040000",23.5985832214355,613.332885742188,669.893737792969
"CRS3035RES20000mN1960000E3060000",23.7635040283203,522.477905273438,676.745849609375
"CRS3035RES20000mN1960000E3080000",24.2963485717773,463.252502441406,685.857727050781
"CRS3035RES20000mN1960000E3100000",24.4080390930176,418.46484375,693.00634765625
"CRS3035RES20000mN1960000E3120000",25.1502876281738,383.122375488281,714.266174316406
"CRS3035RES20000mN1960000E3140000",25.5650596618652,367.937866210938,728.442932128906
"CRS3035RES20000mN1960000E3160000",24.8271560668945,421.023468017578,723.341613769531
"CRS3035RES20000mN1960000E3180000",24.465202331543,439.016296386719,717.824340820312
"CRS3035RES20000mN1960000E3200000",24.0749912261963,467.753082275391,709.548950195312
"CRS3035RES20000mN1960000E3220000",23.3205242156982,525.296875,697.169982910156
"CRS3035RES20000mN1960000E3240000",22.5878009796143,553.375671386719,686.735473632812
"CRS3035RES20000mN1960000E3260000",22.099235534668,601.458557128906,681.711730957031
"CRS3035RES20000mN1960000E3280000",21.3077125549316,741.054138183594,671.190368652344
"CRS3035RES20000mN1960000E3300000",19.6085090637207,761.278015136719,653.016357421875
"CRS3035RES20000mN1960000E3320000",19.2412014007568,657.7685546875,642.750183105469
"CRS3035RES20000mN1960000E3340000",19.6583290100098,556.166381835938,639.960510253906
"CRS3035RES20000mN1960000E3360000",20.7143383026123,452.336853027344,634.436584472656
"CRS3035RES20000mN1960000E3380000",19.6427040100098,450.497222900391,617.474670410156
"CRS3035RES20000mN1960000E3400000",19.2543697357178,524.284912109375,594.805908203125
"CRS3035RES20000mN1960000E3420000",17.8880500793457,708.336975097656,564.565490722656
"CRS3035RES20000mN1960000E3440000",20.0850849151611,684.1650390625,552.870239257812
"CRS3035RES20000mN1960000E3460000",21.9290885925293,682.779907226562,559.132141113281
"CRS3035RES20000mN1960000E3480000",23.9281253814697,610.103515625,569.696655273438
"CRS3035RES20000mN1960000E3500000",24.7619514465332,558.438354492188,535.154663085938
"CRS3035RES20000mN1960000E4160000",23.3471622467041,495.042755126953,459.9716796875
"CRS3035RES20000mN1960000E4180000",23.3352680206299,554.588928222656,481.257385253906
"CRS3035RES20000mN1960000E4200000",22.186429977417,716.599426269531,511.037963867188
"CRS3035RES20000mN1960000E4220000",22.3236274719238,665.886352539062,539.364501953125
"CRS3035RES20000mN1960000E4240000",21.7297115325928,714.477416992188,567.772033691406
"CRS3035RES20000mN1960000E4260000",22.7145195007324,596.931762695312,555.987121582031
"CRS3035RES20000mN1960000E4280000",23.3183059692383,545.894653320312,505.071197509766
"CRS3035RES20000mN1960000E4640000",23.8331451416016,762.266235351562,486.815002441406
"CRS3035RES20000mN1960000E4660000",23.9016342163086,782.281921386719,495.284759521484
"CRS3035RES20000mN1960000E4680000",23.7211608886719,875.637023925781,512.946411132812
"CRS3035RES20000mN1960000E4700000",22.4201641082764,1121.76440429688,534.020629882812
"CRS3035RES20000mN1960000E4720000",22.2911033630371,1191.06286621094,554.09912109375
"CRS3035RES20000mN1960000E4740000",20.4456272125244,1196.97595214844,591.723571777344
"CRS3035RES20000mN1960000E4760000",21.3606376647949,937.667297363281,615.217956542969
"CRS3035RES20000mN1960000E4780000",21.4304218292236,748.094299316406,639.6103515625
"CRS3035RES20000mN1960000E4800000",19.8885135650635,699.129089355469,628.490417480469
"CRS3035RES20000mN1960000E4820000",21.1068592071533,624.18310546875,637.735656738281
"CRS3035RES20000mN1960000E4840000",23.4697399139404,513.178466796875,656.131164550781
"CRS3035RES20000mN1960000E4860000",24.3869895935059,508.259246826172,653.321960449219
"CRS3035RES20000mN1960000E4880000",23.968770980835,545.810180664062,621.700317382812
"CRS3035RES20000mN1960000E4900000",24.7510223388672,536.151550292969,612.817565917969
"CRS3035RES20000mN1960000E4920000",24.7073936462402,539.006774902344,600.59375
"CRS3035RES20000mN1960000E4940000",24.4593734741211,583.474365234375,593.772766113281
"CRS3035RES20000mN1960000E4960000",24.8162002563477,637.688293457031,589.091857910156
"CRS3035RES20000mN1960000E4980000",25.3679485321045,631.088500976562,588.994934082031
"CRS3035RES20000mN1960000E5000000",25.6050777435303,635.969421386719,585.714111328125
"CRS3035RES20000mN1960000E5020000",25.1617317199707,674.990783691406,556.581970214844
"CRS3035RES20000mN1980000E2640000",19.0162944793701,700.105102539062,246.339981079102
"CRS3035RES20000mN1980000E2660000",20.2476768493652,726.311157226562,347.069152832031
"CRS3035RES20000mN1980000E2680000",21.2209548950195,693.885803222656,406.473693847656
"CRS3035RES20000mN1980000E2700000",22.1175479888916,668.543884277344,442.314331054688
"CRS3035RES20000mN1980000E2720000",22.4489421844482,677.259582519531,465.897186279297
"CRS3035RES20000mN1980000E2740000",22.3879852294922,702.191162109375,487.186614990234
"CRS3035RES20000mN1980000E2760000",22.8284912109375,701.888427734375,510.530792236328
"CRS3035RES20000mN1580000E6360000",26.1203384399414,462.110015869141,464.773315429688
"CRS3035RES20000mN1980000E2780000",23.0951805114746,761.316772460938,530.097900390625
"CRS3035RES20000mN1980000E2800000",23.2274894714355,788.838623046875,553.311584472656
"CRS3035RES20000mN1980000E2820000",23.1268177032471,701.155700683594,572.640869140625
"CRS3035RES20000mN1980000E2840000",23.5400066375732,633.149536132812,588.659790039062
"CRS3035RES20000mN1980000E2860000",24.5198993682861,569.335510253906,611.108337402344
"CRS3035RES20000mN1980000E2880000",24.6369113922119,617.674926757812,625.338256835938
"CRS3035RES20000mN1980000E2900000",25.063606262207,625.418640136719,640.196472167969
"CRS3035RES20000mN1980000E2920000",25.1397151947021,662.595336914062,650.016906738281
"CRS3035RES20000mN1980000E2940000",24.9651718139648,730.180847167969,653.369079589844
"CRS3035RES20000mN1980000E2960000",24.8202342987061,812.783630371094,656.885803222656
"CRS3035RES20000mN1580000E6380000",26.5546894073486,484.739776611328,489.150665283203
"CRS3035RES20000mN1980000E2980000",25.059154510498,760.594543457031,663.143981933594
"CRS3035RES20000mN1980000E3000000",25.3421821594238,635.300842285156,667.762023925781
"CRS3035RES20000mN1980000E3020000",25.3714618682861,611.943664550781,677.711059570312
"CRS3035RES20000mN1980000E3040000",25.26194190979,544.196716308594,690.905578613281
"CRS3035RES20000mN1980000E3060000",25.1740894317627,491.003662109375,701.000793457031
"CRS3035RES20000mN1980000E3080000",24.7684898376465,490.582153320312,700.118286132812
"CRS3035RES20000mN1980000E3100000",24.869987487793,435.584228515625,707.094970703125
"CRS3035RES20000mN1980000E3120000",25.2018013000488,413.332305908203,720.340026855469
"CRS3035RES20000mN1980000E3140000",25.5761585235596,411.402374267578,731.713317871094
"CRS3035RES20000mN1980000E3160000",25.4932823181152,395.480102539062,732.571228027344
"CRS3035RES20000mN1580000E6400000",26.8374443054199,493.490844726562,493.554382324219
"CRS3035RES20000mN1980000E3180000",24.764892578125,422.477874755859,719.774108886719
"CRS3035RES20000mN1980000E3200000",24.7207908630371,424.955810546875,712.938842773438
"CRS3035RES20000mN1980000E3220000",23.2663536071777,514.471984863281,697.358337402344
"CRS3035RES20000mN1980000E3240000",22.9748954772949,510.393402099609,690.720458984375
"CRS3035RES20000mN1980000E3260000",22.3374099731445,611.525817871094,683.212768554688
"CRS3035RES20000mN1980000E3280000",20.9593677520752,848.386413574219,668.796020507812
"CRS3035RES20000mN1980000E3300000",18.6963367462158,916.458862304688,648.65673828125
"CRS3035RES20000mN1980000E3320000",17.6274108886719,703.567321777344,636.846435546875
"CRS3035RES20000mN1980000E3340000",19.0989513397217,514.225891113281,636.380493164062
"CRS3035RES20000mN1980000E3360000",20.8289375305176,422.727264404297,637.8310546875
"CRS3035RES20000mN1580000E6420000",26.5730361938477,516.792785644531,476.475616455078
"CRS3035RES20000mN1980000E3380000",19.246072769165,516.867919921875,631.492431640625
"CRS3035RES20000mN1980000E3400000",17.3634948730469,601.567016601562,616.724548339844
"CRS3035RES20000mN1980000E3420000",16.4515991210938,673.203918457031,587.517333984375
"CRS3035RES20000mN1980000E3440000",18.9105186462402,646.164001464844,575.000305175781
"CRS3035RES20000mN1980000E3460000",20.2563705444336,722.340576171875,575.764282226562
"CRS3035RES20000mN1980000E3480000",22.9644985198975,649.412475585938,579.009216308594
"CRS3035RES20000mN1980000E3500000",23.9657192230225,597.022827148438,547.945373535156
"CRS3035RES20000mN1980000E3520000",23.9729461669922,582.167541503906,499.640991210938
"CRS3035RES20000mN1980000E3540000",23.7947158813477,580.546875,474.28662109375
"CRS3035RES20000mN1980000E4160000",23.212287902832,494.732727050781,442.774536132812
"CRS3035RES20000mN1600000E2860000",22.505199432373,693.358764648438,332.789520263672
"CRS3035RES20000mN1980000E4180000",23.1399097442627,540.187255859375,444.148040771484
"CRS3035RES20000mN1980000E4200000",23.0938854217529,593.378784179688,461.721740722656
"CRS3035RES20000mN1980000E4220000",22.3520030975342,708.271667480469,494.309204101562
"CRS3035RES20000mN1980000E4240000",22.0182819366455,651.828247070312,530.696960449219
"CRS3035RES20000mN1980000E4260000",23.1142406463623,556.992492675781,523.014465332031
"CRS3035RES20000mN1980000E4280000",23.3268737792969,527.870483398438,476.882446289062
"CRS3035RES20000mN1980000E4640000",23.7691955566406,833.213195800781,503.076232910156
"CRS3035RES20000mN1600000E2880000",23.1486740112305,763.393859863281,385.507446289062
"CRS3035RES20000mN1980000E4660000",23.4019947052002,905.690734863281,529.8330078125
"CRS3035RES20000mN1980000E4680000",23.3881721496582,1016.45446777344,559.898010253906
"CRS3035RES20000mN1980000E4700000",21.9465770721436,1226.27404785156,581.156555175781
"CRS3035RES20000mN1980000E4720000",20.9758472442627,1246.20092773438,593.089416503906
"CRS3035RES20000mN1980000E4740000",20.0438690185547,1060.72570800781,610.343383789062
"CRS3035RES20000mN1980000E4760000",21.1982898712158,758.93505859375,627.414978027344
"CRS3035RES20000mN1980000E4780000",21.1711502075195,662.356079101562,641.246276855469
"CRS3035RES20000mN1980000E4800000",21.3741016387939,643.489624023438,644.012390136719
"CRS3035RES20000mN1980000E4820000",22.9485874176025,530.32861328125,655.478088378906
"CRS3035RES20000mN1980000E4840000",23.7328586578369,521.462890625,656.023559570312
"CRS3035RES20000mN1600000E2900000",23.1496906280518,845.814453125,424.131011962891
"CRS3035RES20000mN1980000E4860000",23.2853298187256,591.631469726562,639.837463378906
"CRS3035RES20000mN1980000E4880000",23.1350841522217,621.698364257812,629.083251953125
"CRS3035RES20000mN1980000E4900000",23.6472034454346,614.312866210938,622.753601074219
"CRS3035RES20000mN1980000E4920000",23.118968963623,651.161499023438,607.745544433594
"CRS3035RES20000mN1980000E4940000",23.4258594512939,634.029357910156,577.765686035156
"CRS3035RES20000mN1980000E4960000",24.374059677124,626.172912597656,563.305603027344
"CRS3035RES20000mN1980000E4980000",25.0240364074707,611.155151367188,559.379150390625
"CRS3035RES20000mN1980000E5000000",24.9996147155762,641.235656738281,549.768859863281
"CRS3035RES20000mN1600000E2920000",22.9579696655273,887.08740234375,411.472045898438
"CRS3035RES20000mN1600000E2940000",23.1158065795898,851.139587402344,379.506225585938
"CRS3035RES20000mN1600000E2960000",22.7503776550293,747.685119628906,350.104919433594
"CRS3035RES20000mN1600000E3000000",23.0949153900146,569.834228515625,361.359558105469
"CRS3035RES20000mN1600000E3140000",24.1802406311035,368.95166015625,393.676208496094
"CRS3035RES20000mN2000000E2640000",18.9150829315186,676.975646972656,230.523559570312
"CRS3035RES20000mN2000000E2660000",19.8336791992188,714.050476074219,307.936706542969
"CRS3035RES20000mN2000000E2680000",20.5878734588623,729.535278320312,372.786987304688
"CRS3035RES20000mN1600000E3160000",24.274341583252,322.894317626953,405.473388671875
"CRS3035RES20000mN2000000E2700000",21.1938533782959,744.940185546875,421.627868652344
"CRS3035RES20000mN2000000E2720000",21.9895133972168,706.896301269531,451.486846923828
"CRS3035RES20000mN2000000E2740000",22.4004821777344,750.398071289062,478.545471191406
"CRS3035RES20000mN2000000E2760000",22.7928009033203,775.667297363281,506.042114257812
"CRS3035RES20000mN2000000E2780000",23.1050510406494,811.851806640625,534.1650390625
"CRS3035RES20000mN2000000E2800000",23.837818145752,735.13623046875,565.988098144531
"CRS3035RES20000mN2000000E2820000",23.866039276123,676.758117675781,581.162536621094
"CRS3035RES20000mN2000000E2840000",24.1932640075684,612.417175292969,598.009521484375
"CRS3035RES20000mN2000000E2860000",24.6368370056152,616.019409179688,617.164123535156
"CRS3035RES20000mN2000000E2880000",24.78293800354,644.243286132812,627.087585449219
"CRS3035RES20000mN1600000E3180000",24.4364814758301,273.016906738281,414.102294921875
"CRS3035RES20000mN2000000E2900000",25.0888271331787,681.756652832031,641.161193847656
"CRS3035RES20000mN2000000E2920000",24.8158397674561,758.4609375,648.750061035156
"CRS3035RES20000mN2000000E2940000",24.9840641021729,817.263305664062,658.429321289062
"CRS3035RES20000mN2000000E2960000",25.9962997436523,815.487182617188,679.697875976562
"CRS3035RES20000mN2000000E2980000",26.1275596618652,841.730041503906,687.367553710938
"CRS3035RES20000mN2000000E3000000",26.0801734924316,765.539794921875,690.202941894531
"CRS3035RES20000mN2000000E3020000",25.7063179016113,809.202026367188,692.858764648438
"CRS3035RES20000mN2000000E3040000",25.0782089233398,740.359252929688,698.429870605469
"CRS3035RES20000mN2000000E3060000",24.7575626373291,660.45263671875,707.815124511719
"CRS3035RES20000mN2000000E3080000",25.367395401001,572.872924804688,719.005310058594
"CRS3035RES20000mN1600000E3200000",24.6316967010498,237.388595581055,424.913238525391
"CRS3035RES20000mN2000000E3100000",24.9764003753662,520.236755371094,715.535278320312
"CRS3035RES20000mN2000000E3120000",24.67698097229,463.988067626953,715.070068359375
"CRS3035RES20000mN2000000E3140000",24.9123859405518,437.732971191406,722.996643066406
"CRS3035RES20000mN2000000E3160000",25.417760848999,404.932952880859,730.969177246094
"CRS3035RES20000mN2000000E3180000",24.1690979003906,460.335693359375,712.783996582031
"CRS3035RES20000mN2000000E3200000",23.7770481109619,460.081512451172,703.779235839844
"CRS3035RES20000mN2000000E3220000",23.7855567932129,466.806884765625,698.960388183594
"CRS3035RES20000mN2000000E3240000",23.410135269165,512.785888671875,693.874450683594
"CRS3035RES20000mN2000000E3260000",23.0637607574463,624.855346679688,687.822631835938
"CRS3035RES20000mN2000000E3280000",20.9818229675293,890.532775878906,669.160461425781
"CRS3035RES20000mN1600000E3220000",24.5070667266846,246.746292114258,439.115661621094
"CRS3035RES20000mN2000000E3300000",18.3020000457764,892.497009277344,648.528259277344
"CRS3035RES20000mN2000000E3320000",17.3221740722656,671.633239746094,634.575622558594
"CRS3035RES20000mN2000000E3340000",18.9769496917725,499.127349853516,631.933410644531
"CRS3035RES20000mN2000000E3360000",20.2566108703613,431.374084472656,633.901489257812
"CRS3035RES20000mN2000000E3380000",19.6073989868164,448.871520996094,635.6513671875
"CRS3035RES20000mN2000000E3400000",18.7873096466064,495.507385253906,627.675964355469
"CRS3035RES20000mN2000000E3420000",18.8690948486328,550.47265625,612.533935546875
"CRS3035RES20000mN2000000E3440000",20.8028182983398,531.767333984375,599.536743164062
"CRS3035RES20000mN2000000E3460000",20.4310169219971,623.950622558594,592.848266601562
"CRS3035RES20000mN2000000E3480000",20.4376792907715,723.566650390625,591.584594726562
"CRS3035RES20000mN1600000E3240000",24.5618114471436,247.293212890625,426.806732177734
"CRS3035RES20000mN2000000E3500000",22.9211444854736,628.073120117188,562.677368164062
"CRS3035RES20000mN2000000E3520000",23.6970157623291,554.052490234375,522.98583984375
"CRS3035RES20000mN2000000E3540000",23.7460308074951,569.590942382812,492.310180664062
"CRS3035RES20000mN2000000E4160000",23.1260738372803,505.627868652344,438.008117675781
"CRS3035RES20000mN2000000E4180000",23.0538177490234,534.621154785156,433.742645263672
"CRS3035RES20000mN2000000E4220000",22.9282112121582,590.272033691406,452.925506591797
"CRS3035RES20000mN2000000E4240000",23.2759189605713,554.7998046875,487.370239257812
"CRS3035RES20000mN2000000E4260000",23.6827030181885,509.308410644531,496.196105957031
"CRS3035RES20000mN1600000E4540000",24.3482971191406,526.250366210938,442.944152832031
"CRS3035RES20000mN2000000E4620000",23.6098899841309,881.324951171875,505.581451416016
"CRS3035RES20000mN2000000E4640000",23.3910636901855,898.301208496094,533.395690917969
"CRS3035RES20000mN2000000E4660000",23.5425910949707,901.429870605469,572.199768066406
"CRS3035RES20000mN2000000E4680000",23.1364192962646,1170.70629882812,601.261901855469
"CRS3035RES20000mN2000000E4700000",21.5877208709717,1131.5078125,615.498901367188
"CRS3035RES20000mN2000000E4720000",23.0188045501709,827.863708496094,630.291870117188
"CRS3035RES20000mN2000000E4740000",22.1510467529297,837.283203125,633.21826171875
"CRS3035RES20000mN2000000E4760000",21.1908264160156,715.34326171875,636.693725585938
"CRS3035RES20000mN1600000E4560000",24.3542022705078,548.444458007812,451.32275390625
"CRS3035RES20000mN2000000E4780000",22.8928565979004,588.511108398438,652.94140625
"CRS3035RES20000mN2000000E4800000",24.2495002746582,501.107788085938,666.651916503906
"CRS3035RES20000mN2000000E4820000",23.6539344787598,520.319396972656,656.983276367188
"CRS3035RES20000mN2000000E4840000",22.3064289093018,607.176147460938,633.016906738281
"CRS3035RES20000mN2000000E4860000",23.0007152557373,609.522033691406,622.909118652344
"CRS3035RES20000mN2000000E4880000",23.9893856048584,598.155822753906,618.068908691406
"CRS3035RES20000mN2000000E4900000",24.0043964385986,596.343872070312,593.499084472656
"CRS3035RES20000mN2000000E4920000",24.0912017822266,589.043151855469,577.010070800781
"CRS3035RES20000mN2000000E4940000",24.3524742126465,544.099243164062,537.621276855469
"CRS3035RES20000mN1600000E4580000",24.0972995758057,622.962829589844,466.833251953125
"CRS3035RES20000mN1600000E4600000",23.8356170654297,662.459350585938,513.007507324219
"CRS3035RES20000mN1600000E4620000",23.562671661377,602.0830078125,558.654968261719
"CRS3035RES20000mN1600000E4640000",23.7167053222656,534.453552246094,592.41455078125
"CRS3035RES20000mN1600000E4660000",23.6595573425293,495.8291015625,604.836730957031
"CRS3035RES20000mN1600000E4680000",23.4763107299805,506.584442138672,600.279357910156
"CRS3035RES20000mN1600000E4700000",22.5551700592041,550.018432617188,596.627014160156
"CRS3035RES20000mN1600000E4720000",24.8331241607666,477.787902832031,611.381652832031
"CRS3035RES20000mN1600000E4740000",26.491247177124,491.481719970703,619.870483398438
"CRS3035RES20000mN2020000E2660000",19.6380596160889,684.083740234375,272.383972167969
"CRS3035RES20000mN2020000E2680000",20.0829849243164,806.499389648438,328.653045654297
"CRS3035RES20000mN1600000E4760000",26.5044460296631,537.073486328125,589.749389648438
"CRS3035RES20000mN2020000E2700000",19.8326969146729,918.729248046875,392.793792724609
"CRS3035RES20000mN2020000E2720000",20.4182987213135,869.057556152344,433.683532714844
"CRS3035RES20000mN2020000E2740000",21.6077842712402,853.147827148438,460.5615234375
"CRS3035RES20000mN2020000E2760000",21.8055095672607,984.082885742188,492.261322021484
"CRS3035RES20000mN2020000E2780000",21.9215278625488,933.462585449219,525.246398925781
"CRS3035RES20000mN2020000E2800000",23.2874031066895,828.890441894531,567.224243164062
"CRS3035RES20000mN2020000E2820000",23.687084197998,754.507995605469,582.75634765625
"CRS3035RES20000mN2020000E2840000",24.4870491027832,669.922912597656,604.557922363281
"CRS3035RES20000mN2020000E2860000",24.5705146789551,705.074523925781,621.157165527344
"CRS3035RES20000mN2020000E2880000",24.9081611633301,738.014099121094,635.531555175781
"CRS3035RES20000mN2020000E2900000",25.2113075256348,789.3701171875,648.861450195312
"CRS3035RES20000mN2020000E2920000",25.4786224365234,778.371032714844,661.814208984375
"CRS3035RES20000mN2020000E2940000",24.9381484985352,939.722412109375,664.628479003906
"CRS3035RES20000mN2020000E2960000",22.9057579040527,1125.32763671875,651.622619628906
"CRS3035RES20000mN2020000E2980000",21.9289836883545,1090.69885253906,653.275512695312
"CRS3035RES20000mN2020000E3000000",21.7430458068848,1067.60034179688,660.560852050781
"CRS3035RES20000mN2020000E3020000",21.3859844207764,1139.07202148438,664.294982910156
"CRS3035RES20000mN2020000E3040000",22.9107837677002,908.187438964844,683.960754394531
"CRS3035RES20000mN2020000E3060000",23.5255451202393,734.161254882812,700.274108886719
"CRS3035RES20000mN2020000E3080000",23.05859375,718.440734863281,700.094360351562
"CRS3035RES20000mN2020000E3100000",24.7796878814697,579.345153808594,716.660583496094
"CRS3035RES20000mN2020000E3120000",24.8340396881104,523.105590820312,717.618347167969
"CRS3035RES20000mN2020000E3140000",24.4753475189209,463.482299804688,714.317138671875
"CRS3035RES20000mN2020000E3160000",24.7626571655273,426.017578125,717.176391601562
"CRS3035RES20000mN2020000E3180000",24.4035816192627,451.47607421875,712.371032714844
"CRS3035RES20000mN2020000E3200000",23.1756076812744,496.719696044922,698.408325195312
"CRS3035RES20000mN2020000E3220000",22.5455722808838,549.779357910156,688.88671875
"CRS3035RES20000mN2020000E3240000",22.7115936279297,586.739440917969,688.473876953125
"CRS3035RES20000mN2020000E3260000",21.897705078125,729.172668457031,682.890197753906
"CRS3035RES20000mN2020000E3280000",20.299991607666,818.762878417969,667.838073730469
"CRS3035RES20000mN2020000E3300000",19.3081703186035,700.771118164062,651.260437011719
"CRS3035RES20000mN2020000E3320000",18.7364902496338,566.873962402344,635.938903808594
"CRS3035RES20000mN2020000E3340000",19.7343139648438,479.969757080078,633.759765625
"CRS3035RES20000mN2020000E3360000",19.7983207702637,464.332977294922,630.234985351562
"CRS3035RES20000mN2020000E3380000",19.2332878112793,454.488128662109,630.370666503906
"CRS3035RES20000mN2020000E3400000",19.6261653900146,476.427886962891,623.670776367188
"CRS3035RES20000mN2020000E3420000",20.3997364044189,483.781005859375,621.172912597656
"CRS3035RES20000mN2020000E3440000",22.3330459594727,469.542236328125,618.342834472656
"CRS3035RES20000mN2020000E3460000",22.3670310974121,518.821960449219,613.589477539062
"CRS3035RES20000mN2020000E3480000",22.1867332458496,571.260925292969,608.700378417969
"CRS3035RES20000mN2020000E3500000",22.4707775115967,559.320129394531,594.62158203125
"CRS3035RES20000mN2020000E3520000",22.96604347229,549.424072265625,568.900268554688
"CRS3035RES20000mN2020000E3540000",23.3009986877441,571.296447753906,533.415405273438
"CRS3035RES20000mN2020000E3560000",23.7985649108887,570.0576171875,510.642730712891
"CRS3035RES20000mN2020000E4240000",23.1783123016357,588.769287109375,466.729614257812
"CRS3035RES20000mN2020000E4540000",23.7580699920654,803.745788574219,493.47607421875
"CRS3035RES20000mN2020000E4560000",23.7664241790771,882.625366210938,531.140258789062
"CRS3035RES20000mN2020000E4580000",23.212703704834,1047.97338867188,550.294738769531
"CRS3035RES20000mN2020000E4600000",22.487003326416,1142.56945800781,555.167114257812
"CRS3035RES20000mN2020000E4620000",21.4152946472168,1145.08557128906,551.833435058594
"CRS3035RES20000mN2020000E4640000",22.1284427642822,1045.3896484375,576.27490234375
"CRS3035RES20000mN2020000E4660000",22.4659652709961,1063.34948730469,608.617126464844
"CRS3035RES20000mN2020000E4680000",22.2328243255615,1166.78247070312,621.955749511719
"CRS3035RES20000mN2020000E4700000",21.8163623809814,983.555419921875,630.270935058594
"CRS3035RES20000mN2020000E4720000",22.1556529998779,822.709289550781,639.401916503906
"CRS3035RES20000mN2020000E4740000",21.4465427398682,802.742126464844,636.894348144531
"CRS3035RES20000mN2020000E4760000",22.3422107696533,616.779663085938,645.9931640625
"CRS3035RES20000mN2020000E4780000",24.5724620819092,489.517181396484,666.301940917969
"CRS3035RES20000mN2020000E4800000",25.2143287658691,472.085327148438,665.606262207031
"CRS3035RES20000mN2020000E4820000",24.6056251525879,500.555603027344,634.4150390625
"CRS3035RES20000mN2020000E4840000",23.8073616027832,532.709777832031,613.567565917969
"CRS3035RES20000mN2020000E4860000",24.4298763275146,555.663818359375,599.139282226562
"CRS3035RES20000mN2020000E4880000",24.7803802490234,568.567993164062,577.872680664062
"CRS3035RES20000mN2020000E4900000",24.4020595550537,559.85400390625,542.717895507812
"CRS3035RES20000mN2020000E4920000",24.3991165161133,547.965270996094,529.403930664062
"CRS3035RES20000mN2040000E2680000",19.2166957855225,781.6376953125,268.897705078125
"CRS3035RES20000mN2040000E2700000",19.465705871582,881.185668945312,325.644012451172
"CRS3035RES20000mN2040000E2720000",19.9725856781006,906.9296875,394.915557861328
"CRS3035RES20000mN2040000E2740000",20.6747035980225,958.825927734375,440.904876708984
"CRS3035RES20000mN2040000E2760000",20.9342479705811,1070.71472167969,472.842407226562
"CRS3035RES20000mN2040000E2780000",20.3643779754639,1175.60021972656,498.924194335938
"CRS3035RES20000mN2040000E2800000",21.2372589111328,1034.54443359375,537.1748046875
"CRS3035RES20000mN2040000E2820000",22.7162208557129,952.137878417969,573.082824707031
"CRS3035RES20000mN2040000E2840000",23.8123741149902,859.28076171875,600.999938964844
"CRS3035RES20000mN2040000E2860000",23.6965103149414,844.481262207031,613.736145019531
"CRS3035RES20000mN2040000E2880000",24.0941143035889,822.427551269531,630.027709960938
"CRS3035RES20000mN2040000E2900000",24.3580093383789,897.050720214844,642.740661621094
"CRS3035RES20000mN2040000E2920000",24.1272640228271,877.576171875,649.094970703125
"CRS3035RES20000mN2040000E2940000",24.7171440124512,923.140075683594,663.299133300781
"CRS3035RES20000mN2040000E2960000",22.0760402679443,1240.18566894531,642.131713867188
"CRS3035RES20000mN2040000E2980000",17.4849185943604,1176.25634765625,613.055603027344
"CRS3035RES20000mN2040000E3000000",18.7085933685303,973.466491699219,626.056274414062
"CRS3035RES20000mN2040000E3020000",16.5055351257324,1086.78491210938,623.203063964844
"CRS3035RES20000mN2040000E3040000",17.5929641723633,898.4912109375,636.432739257812
"CRS3035RES20000mN2040000E3060000",19.8243732452393,710.021362304688,657.489501953125
"CRS3035RES20000mN2040000E3080000",21.7782306671143,625.96484375,679.331481933594
"CRS3035RES20000mN2040000E3100000",22.1391487121582,643.115356445312,685.844482421875
"CRS3035RES20000mN2040000E3120000",22.7006492614746,716.100830078125,691.111022949219
"CRS3035RES20000mN2040000E3140000",23.414966583252,648.697265625,697.58935546875
"CRS3035RES20000mN2040000E3160000",24.1213836669922,480.224945068359,704.065795898438
"CRS3035RES20000mN2040000E3180000",23.8241596221924,468.315643310547,703.932250976562
"CRS3035RES20000mN2040000E3200000",23.5033493041992,511.811187744141,699.331848144531
"CRS3035RES20000mN2040000E3220000",22.1439552307129,584.297790527344,684.581481933594
"CRS3035RES20000mN2040000E3240000",22.3815593719482,551.832946777344,684.604919433594
"CRS3035RES20000mN2040000E3260000",21.7415924072266,619.467712402344,680.098876953125
"CRS3035RES20000mN2040000E3280000",20.8657150268555,621.212707519531,667.849975585938
"CRS3035RES20000mN2040000E3300000",20.305700302124,563.47119140625,652.122619628906
"CRS3035RES20000mN2040000E3320000",20.0369453430176,487.630401611328,638.974731445312
"CRS3035RES20000mN2040000E3340000",20.3998050689697,475.875671386719,638.721496582031
"CRS3035RES20000mN2040000E3360000",20.708610534668,455.76806640625,634.876647949219
"CRS3035RES20000mN1600000E6340000",25.5013523101807,565.082397460938,459.565582275391
"CRS3035RES20000mN2040000E3380000",19.4674816131592,464.981811523438,624.860046386719
"CRS3035RES20000mN2040000E3400000",21.0782146453857,437.5361328125,616.927978515625
"CRS3035RES20000mN2040000E3420000",22.4757709503174,413.636932373047,617.71337890625
"CRS3035RES20000mN2040000E3440000",23.5418300628662,393.887115478516,628.282836914062
"CRS3035RES20000mN2040000E3460000",24.3000259399414,413.546569824219,634.57861328125
"CRS3035RES20000mN2040000E3480000",23.9013805389404,451.142517089844,628.929931640625
"CRS3035RES20000mN2040000E3500000",23.3642883300781,468.413146972656,621.866149902344
"CRS3035RES20000mN2040000E3520000",23.6508235931396,484.061279296875,605.641174316406
"CRS3035RES20000mN2040000E3540000",22.6298351287842,552.202270507812,584.198791503906
"CRS3035RES20000mN2040000E3560000",23.2833099365234,535.169372558594,569.497802734375
"CRS3035RES20000mN1600000E6360000",25.3452033996582,735.486267089844,534.114624023438
"CRS3035RES20000mN2040000E3580000",23.8255977630615,540.284851074219,565.443969726562
"CRS3035RES20000mN2040000E3600000",23.5943851470947,546.503540039062,546.674011230469
"CRS3035RES20000mN2040000E3620000",22.9854679107666,563.224975585938,506.313537597656
"CRS3035RES20000mN2040000E3640000",23.0524234771729,595.801696777344,488.490020751953
"CRS3035RES20000mN2040000E3660000",23.193187713623,605.004577636719,469.670471191406
"CRS3035RES20000mN2040000E4220000",22.2450199127197,846.884582519531,468.764190673828
"CRS3035RES20000mN2040000E4240000",21.9518527984619,739.05859375,496.561950683594
"CRS3035RES20000mN2040000E4260000",23.6650295257568,610.492370605469,500.723236083984
"CRS3035RES20000mN2040000E4520000",23.6156349182129,778.156066894531,497.524291992188
"CRS3035RES20000mN1600000E6380000",25.6498641967773,660.243408203125,582.115234375
"CRS3035RES20000mN2040000E4540000",23.5454063415527,874.334777832031,541.537780761719
"CRS3035RES20000mN2040000E4560000",23.0991821289062,1030.89099121094,593.962524414062
"CRS3035RES20000mN2040000E4580000",22.1557636260986,1152.83544921875,620.329895019531
"CRS3035RES20000mN2040000E4600000",22.1450595855713,1142.15881347656,625.21533203125
"CRS3035RES20000mN2040000E4620000",22.4767360687256,1075.48010253906,620.396850585938
"CRS3035RES20000mN2040000E4640000",21.7015132904053,1156.51818847656,622.3544921875
"CRS3035RES20000mN2040000E4660000",20.8682041168213,1264.05859375,622.562072753906
"CRS3035RES20000mN2040000E4680000",17.9794979095459,1258.74291992188,611.723876953125
"CRS3035RES20000mN2040000E4700000",20.2461681365967,976.158935546875,630.770629882812
"CRS3035RES20000mN2040000E4720000",21.0975818634033,797.999572753906,637.187438964844
"CRS3035RES20000mN1600000E6400000",26.8265266418457,519.115539550781,581.551025390625
"CRS3035RES20000mN2040000E4740000",21.7954845428467,672.746154785156,640.07080078125
"CRS3035RES20000mN2040000E4760000",24.4627304077148,476.694488525391,666.01708984375
"CRS3035RES20000mN2040000E4780000",25.8144912719727,446.765899658203,681.200561523438
"CRS3035RES20000mN2040000E4800000",25.9863262176514,432.576782226562,664.234924316406
"CRS3035RES20000mN2040000E4820000",25.1368942260742,448.257385253906,610.045593261719
"CRS3035RES20000mN2040000E4840000",24.5941371917725,479.599853515625,574.000732421875
"CRS3035RES20000mN2040000E4860000",24.6328277587891,513.117614746094,557.697937011719
"CRS3035RES20000mN1600000E6420000",27.240198135376,438.286987304688,529.273742675781
"CRS3035RES20000mN1600000E6440000",26.5303993225098,444.047515869141,478.398315429688
"CRS3035RES20000mN1620000E2860000",23.2616653442383,660.94873046875,382.599700927734
"CRS3035RES20000mN1620000E2880000",23.974084854126,726.016723632812,445.731567382812
"CRS3035RES20000mN1620000E2900000",24.2030143737793,929.833679199219,484.518920898438
"CRS3035RES20000mN1620000E2920000",23.5785369873047,1105.22583007812,503.787689208984
"CRS3035RES20000mN1620000E2940000",23.1257781982422,1067.30786132812,485.050811767578
"CRS3035RES20000mN1620000E2960000",22.1491565704346,878.99853515625,450.328369140625
"CRS3035RES20000mN1620000E2980000",22.3416843414307,761.524475097656,442.475280761719
"CRS3035RES20000mN2060000E2700000",18.9467926025391,829.935180664062,271.856872558594
"CRS3035RES20000mN2060000E2720000",19.9040870666504,945.669494628906,360.383026123047
"CRS3035RES20000mN2060000E2740000",20.2964038848877,1120.28283691406,424.426208496094
"CRS3035RES20000mN2060000E2760000",19.7562522888184,1231.69567871094,460.3447265625
"CRS3035RES20000mN1620000E3000000",23.3187618255615,657.189147949219,441.835296630859
"CRS3035RES20000mN2060000E2780000",19.6161441802979,1231.03149414062,481.767486572266
"CRS3035RES20000mN2060000E2800000",19.945484161377,1248.54052734375,512.249938964844
"CRS3035RES20000mN2060000E2820000",21.2680587768555,1159.06774902344,551.962341308594
"CRS3035RES20000mN2060000E2840000",22.5117988586426,1028.14282226562,585.642517089844
"CRS3035RES20000mN2060000E2860000",21.981424331665,1093.92175292969,594.4384765625
"CRS3035RES20000mN2060000E2880000",20.8509788513184,1044.27612304688,593.769775390625
"CRS3035RES20000mN2060000E2900000",20.8096351623535,997.317016601562,602.3544921875
"CRS3035RES20000mN2060000E2920000",21.2080631256104,926.799194335938,615.043579101562
"CRS3035RES20000mN2060000E2940000",22.0481357574463,868.187683105469,629.963134765625
"CRS3035RES20000mN2060000E2960000",22.2765045166016,946.301635742188,634.355041503906
"CRS3035RES20000mN1620000E3020000",23.678243637085,534.154846191406,408.619262695312
"CRS3035RES20000mN2060000E2980000",20.6081848144531,882.430786132812,618.393676757812
"CRS3035RES20000mN2060000E3000000",20.1950302124023,719.073120117188,616.276428222656
"CRS3035RES20000mN2060000E3020000",18.9243335723877,772.860229492188,611.713134765625
"CRS3035RES20000mN2060000E3040000",18.0109043121338,631.452819824219,615.310546875
"CRS3035RES20000mN2060000E3060000",19.3017158508301,525.959716796875,629.83935546875
"CRS3035RES20000mN2060000E3080000",19.92600440979,520.456359863281,647.226745605469
"CRS3035RES20000mN2060000E3100000",19.2425289154053,669.572143554688,649.4501953125
"CRS3035RES20000mN2060000E3120000",19.2231616973877,823.670715332031,653.137390136719
"CRS3035RES20000mN2060000E3140000",19.3702640533447,853.065185546875,658.910400390625
"CRS3035RES20000mN2060000E3160000",21.7823753356934,654.437194824219,674.312438964844
"CRS3035RES20000mN1620000E3040000",23.1891822814941,515.220092773438,378.495330810547
"CRS3035RES20000mN2060000E3180000",22.9336071014404,552.588928222656,688.072692871094
"CRS3035RES20000mN2060000E3200000",22.9497032165527,570.8232421875,689.124755859375
"CRS3035RES20000mN2060000E3220000",22.4534339904785,570.863159179688,682.218200683594
"CRS3035RES20000mN2060000E3240000",21.6006526947021,538.837585449219,675.338317871094
"CRS3035RES20000mN2060000E3260000",20.9439830780029,557.009216308594,670.466064453125
"CRS3035RES20000mN2060000E3280000",20.3017158508301,579.499877929688,660.847290039062
"CRS3035RES20000mN2060000E3300000",19.8043727874756,561.983947753906,646.360412597656
"CRS3035RES20000mN2060000E3320000",20.3271713256836,463.468414306641,638.669128417969
"CRS3035RES20000mN2060000E3340000",20.5451698303223,472.279144287109,639.564086914062
"CRS3035RES20000mN2060000E3360000",20.9088592529297,452.71337890625,636.31494140625
"CRS3035RES20000mN1620000E3060000",23.4511871337891,499.248962402344,395.021087646484
"CRS3035RES20000mN2060000E3380000",20.3868007659912,477.035369873047,620.643249511719
"CRS3035RES20000mN2060000E3400000",21.92604637146,409.1845703125,614.7158203125
"CRS3035RES20000mN2060000E3420000",23.5631504058838,370.869262695312,625.801208496094
"CRS3035RES20000mN2060000E3440000",25.0025806427002,342.522888183594,644.674621582031
"CRS3035RES20000mN2060000E3460000",25.4955558776855,336.952514648438,651.984252929688
"CRS3035RES20000mN2060000E3480000",25.2509860992432,353.423248291016,649.706298828125
"CRS3035RES20000mN2060000E3500000",24.5341854095459,391.649841308594,643.039428710938
"CRS3035RES20000mN2060000E3520000",23.9797878265381,438.432464599609,633.115478515625
"CRS3035RES20000mN2060000E3540000",22.1370697021484,582.366455078125,619.230102539062
"CRS3035RES20000mN2060000E3560000",21.3558311462402,584.62548828125,611.347717285156
"CRS3035RES20000mN1620000E3080000",23.3018684387207,441.073425292969,430.945831298828
"CRS3035RES20000mN2060000E3580000",22.668758392334,499.334075927734,608.765014648438
"CRS3035RES20000mN2060000E3600000",21.6720027923584,597.771667480469,583.827270507812
"CRS3035RES20000mN2060000E3620000",22.0214767456055,583.969360351562,553.799743652344
"CRS3035RES20000mN2060000E3640000",22.2766933441162,636.395935058594,539.984130859375
"CRS3035RES20000mN2060000E3660000",22.7988891601562,614.152648925781,515.138061523438
"CRS3035RES20000mN2060000E3680000",22.9042339324951,632.078369140625,480.094329833984
"CRS3035RES20000mN2060000E4200000",22.8865375518799,715.105163574219,461.293609619141
"CRS3035RES20000mN2060000E4220000",21.9520740509033,1120.84448242188,529.474243164062
"CRS3035RES20000mN2060000E4240000",20.0259189605713,1014.05621337891,576.028564453125
"CRS3035RES20000mN2060000E4260000",23.917989730835,731.912353515625,571.502990722656
"CRS3035RES20000mN1620000E3100000",23.3909130096436,469.504028320312,458.263885498047
"CRS3035RES20000mN2060000E4500000",23.5445938110352,768.519165039062,501.392211914062
"CRS3035RES20000mN2060000E4520000",23.4678611755371,892.799926757812,554.961853027344
"CRS3035RES20000mN2060000E4540000",22.2885856628418,1054.14990234375,598.422607421875
"CRS3035RES20000mN2060000E4560000",21.7614498138428,1138.28295898438,629.637145996094
"CRS3035RES20000mN2060000E4580000",21.8741474151611,1141.51940917969,649.257690429688
"CRS3035RES20000mN2060000E4600000",21.8590145111084,1135.95922851562,653.458740234375
"CRS3035RES20000mN2060000E4620000",20.8703022003174,1233.84582519531,648.247802734375
"CRS3035RES20000mN2060000E4640000",17.2569751739502,1254.84704589844,629.786865234375
"CRS3035RES20000mN2060000E4660000",20.2791938781738,1030.65246582031,634.880187988281
"CRS3035RES20000mN2060000E4680000",19.5639228820801,1038.10925292969,629.013244628906
"CRS3035RES20000mN1620000E3120000",22.3253726959229,513.040649414062,491.546875
"CRS3035RES20000mN2060000E4700000",21.2401485443115,835.923828125,645.429321289062
"CRS3035RES20000mN2060000E4720000",22.3516330718994,659.240112304688,650.034484863281
"CRS3035RES20000mN2060000E4740000",23.7018623352051,551.843994140625,653.525268554688
"CRS3035RES20000mN2060000E4760000",25.5207023620605,463.417358398438,673.782897949219
"CRS3035RES20000mN2060000E4780000",26.156286239624,454.371368408203,684.196960449219
"CRS3035RES20000mN2060000E4800000",25.8769874572754,425.868011474609,656.918029785156
"CRS3035RES20000mN2060000E4820000",24.9103698730469,441.6513671875,588.273193359375
"CRS3035RES20000mN1620000E3140000",23.0323505401611,529.280639648438,514.45849609375
"CRS3035RES20000mN1620000E3160000",21.2597122192383,495.935302734375,538.236328125
"CRS3035RES20000mN1620000E3180000",22.7771015167236,402.05322265625,549.338256835938
"CRS3035RES20000mN1620000E3200000",25.2540874481201,288.449127197266,547.19482421875
"CRS3035RES20000mN1620000E3220000",24.7023143768311,299.068084716797,545.959411621094
"CRS3035RES20000mN1620000E3240000",25.1857604980469,288.179260253906,509.731811523438
"CRS3035RES20000mN1620000E3260000",24.5467338562012,263.995544433594,428.680328369141
"CRS3035RES20000mN1620000E4520000",24.5634326934814,517.869567871094,454.972778320312
"CRS3035RES20000mN1620000E4540000",24.8799610137939,569.574523925781,494.794311523438
"CRS3035RES20000mN2080000E2700000",18.5438747406006,863.559875488281,239.200164794922
"CRS3035RES20000mN1620000E4560000",24.6141567230225,642.469665527344,527.525939941406
"CRS3035RES20000mN2080000E2720000",19.7221412658691,910.763671875,331.138549804688
"CRS3035RES20000mN2080000E2740000",20.7676773071289,955.188537597656,406.665771484375
"CRS3035RES20000mN2080000E2760000",20.8752174377441,1092.42602539062,451.463531494141
"CRS3035RES20000mN2080000E2780000",20.8920459747314,1157.32397460938,474.643615722656
"CRS3035RES20000mN2080000E2800000",20.0959949493408,1422.55249023438,499.427398681641
"CRS3035RES20000mN2080000E2820000",17.6281661987305,1571.09997558594,517.504272460938
"CRS3035RES20000mN2080000E2840000",20.6788368225098,1177.86486816406,563.340942382812
"CRS3035RES20000mN2080000E2860000",20.7149219512939,1113.55517578125,576.116455078125
"CRS3035RES20000mN2080000E2880000",20.7433681488037,844.575073242188,585.250244140625
"CRS3035RES20000mN2080000E2900000",21.2285594940186,716.536315917969,597.085266113281
"CRS3035RES20000mN1620000E4580000",24.1888656616211,772.931579589844,556.788391113281
"CRS3035RES20000mN2080000E2920000",21.395881652832,729.2353515625,607.556396484375
"CRS3035RES20000mN2080000E2940000",19.9310264587402,824.751647949219,601.068786621094
"CRS3035RES20000mN2080000E2960000",20.0297031402588,762.4580078125,606.192626953125
"CRS3035RES20000mN2080000E2980000",20.3200263977051,687.765197753906,610.512023925781
"CRS3035RES20000mN2080000E3000000",20.7449398040771,574.927124023438,617.680480957031
"CRS3035RES20000mN2080000E3020000",20.3859119415283,523.47265625,618.673400878906
"CRS3035RES20000mN2080000E3040000",19.7348861694336,495.055480957031,614.158874511719
"CRS3035RES20000mN2080000E3060000",20.3506889343262,445.169128417969,621.122863769531
"CRS3035RES20000mN2080000E3080000",21.0776748657227,422.110046386719,636.401000976562
"CRS3035RES20000mN2080000E3100000",20.994478225708,507.456970214844,640.543334960938
"CRS3035RES20000mN1620000E4600000",22.4512252807617,868.276794433594,577.342834472656
"CRS3035RES20000mN2080000E3120000",20.5548000335693,755.244750976562,640.199829101562
"CRS3035RES20000mN2080000E3140000",17.8259296417236,861.138610839844,635.100646972656
"CRS3035RES20000mN2080000E3160000",19.2962017059326,694.449951171875,642.834716796875
"CRS3035RES20000mN2080000E3180000",20.0459289550781,653.489929199219,654.442626953125
"CRS3035RES20000mN2080000E3200000",20.6316909790039,616.673767089844,662.834045410156
"CRS3035RES20000mN2080000E3220000",21.288215637207,568.944641113281,667.213928222656
"CRS3035RES20000mN2080000E3240000",21.3026790618896,529.484985351562,664.779357910156
"CRS3035RES20000mN2080000E3260000",20.4935855865479,546.397033691406,658.859619140625
"CRS3035RES20000mN2080000E3280000",20.6219692230225,535.28369140625,652.538513183594
"CRS3035RES20000mN2080000E3300000",21.0429382324219,490.400634765625,646.013427734375
"CRS3035RES20000mN1620000E4620000",21.8188571929932,731.849731445312,600.583984375
"CRS3035RES20000mN2080000E3320000",21.7237300872803,439.632202148438,641.477722167969
"CRS3035RES20000mN2080000E3340000",21.8908615112305,409.135559082031,641.166137695312
"CRS3035RES20000mN2080000E3360000",21.0918731689453,471.024444580078,631.0224609375
"CRS3035RES20000mN2080000E3380000",21.9474620819092,438.720794677734,623.478820800781
"CRS3035RES20000mN2080000E3400000",22.7613010406494,403.440307617188,622.320922851562
"CRS3035RES20000mN2080000E3420000",24.5589828491211,349.547149658203,640.582580566406
"CRS3035RES20000mN2080000E3440000",25.2747611999512,326.597137451172,657.024780273438
"CRS3035RES20000mN2080000E3460000",24.8458919525146,356.940460205078,658.091430664062
"CRS3035RES20000mN2080000E3480000",25.0446014404297,361.802886962891,659.667236328125
"CRS3035RES20000mN2080000E3500000",24.9789428710938,380.138824462891,662.411315917969
"CRS3035RES20000mN1620000E4640000",22.9203300476074,618.583435058594,603.084533691406
"CRS3035RES20000mN2080000E3520000",24.7496852874756,383.167449951172,662.8291015625
"CRS3035RES20000mN2080000E3540000",23.746768951416,425.673461914062,656.414428710938
"CRS3035RES20000mN2080000E3560000",22.9329357147217,445.392303466797,651.304748535156
"CRS3035RES20000mN2080000E3580000",21.4419231414795,533.031555175781,625.312866210938
"CRS3035RES20000mN2080000E3600000",21.1587181091309,581.508972167969,609.432739257812
"CRS3035RES20000mN2080000E3620000",21.5603694915771,598.176513671875,598.440673828125
"CRS3035RES20000mN2080000E3640000",21.6774997711182,628.360473632812,589.694702148438
"CRS3035RES20000mN2080000E3660000",22.1379241943359,611.749084472656,572.295043945312
"CRS3035RES20000mN2080000E3680000",21.77614402771,742.674011230469,538.222290039062
"CRS3035RES20000mN2080000E3700000",22.6380367279053,716.869567871094,529.826232910156
"CRS3035RES20000mN1620000E4660000",22.6594791412354,621.917785644531,602.728698730469
"CRS3035RES20000mN2080000E3720000",23.0725154876709,653.396545410156,514.984436035156
"CRS3035RES20000mN2080000E4200000",22.7351379394531,843.212951660156,471.900604248047
"CRS3035RES20000mN2080000E4220000",21.3343410491943,1294.37109375,558.729187011719
"CRS3035RES20000mN2080000E4240000",17.7858276367188,1107.396484375,591.168212890625
"CRS3035RES20000mN2080000E4260000",23.6784191131592,780.07666015625,581.563171386719
"CRS3035RES20000mN2080000E4480000",23.4663772583008,737.52587890625,508.740173339844
"CRS3035RES20000mN2080000E4500000",23.5259399414062,788.243469238281,558.320129394531
"CRS3035RES20000mN2080000E4520000",23.9849510192871,811.564331054688,611.757202148438
"CRS3035RES20000mN2080000E4540000",23.257604598999,1015.08813476562,636.373840332031
"CRS3035RES20000mN1620000E4680000",22.8031063079834,562.678405761719,604.033325195312
"CRS3035RES20000mN2080000E4560000",21.4233493804932,1204.67138671875,636.951293945312
"CRS3035RES20000mN2080000E4580000",18.2043762207031,1363.08642578125,634.730224609375
"CRS3035RES20000mN2080000E4600000",17.7157421112061,1289.12219238281,646.235534667969
"CRS3035RES20000mN2080000E4620000",16.1198654174805,1178.9970703125,647.352783203125
"CRS3035RES20000mN2080000E4640000",14.8414754867554,1171.97705078125,637.235290527344
"CRS3035RES20000mN2080000E4660000",17.541109085083,1056.29797363281,636.4326171875
"CRS3035RES20000mN2080000E4680000",19.5780220031738,986.771118164062,633.881042480469
"CRS3035RES20000mN2080000E4700000",21.8764553070068,717.165710449219,643.362426757812
"CRS3035RES20000mN2080000E4720000",23.2087459564209,581.644226074219,639.951965332031
"CRS3035RES20000mN2080000E4740000",24.7057933807373,519.214050292969,637.516418457031
"CRS3035RES20000mN1620000E4700000",22.8835277557373,570.939147949219,608.133666992188
"CRS3035RES20000mN2080000E4760000",25.3552150726318,528.814147949219,645.282897949219
"CRS3035RES20000mN2080000E4780000",22.6833248138428,719.892761230469,638.568725585938
"CRS3035RES20000mN2080000E4800000",22.0801410675049,605.076049804688,618.422668457031
"CRS3035RES20000mN2080000E4820000",23.2131023406982,559.439575195312,567.224914550781
"CRS3035RES20000mN1620000E4720000",24.1034297943115,538.263488769531,614.844970703125
"CRS3035RES20000mN1620000E4740000",24.310676574707,721.031677246094,614.317321777344
"CRS3035RES20000mN1620000E4760000",22.7086277008057,862.713439941406,579.192504882812
"CRS3035RES20000mN1620000E4780000",25.1161136627197,658.929077148438,497.815551757812
"CRS3035RES20000mN2100000E2720000",19.3963298797607,944.979309082031,305.744079589844
"CRS3035RES20000mN2100000E2740000",20.5417594909668,975.668212890625,396.481536865234
"CRS3035RES20000mN2100000E2760000",20.8400897979736,1143.40307617188,447.401794433594
"CRS3035RES20000mN2100000E2780000",20.9893531799316,1130.32373046875,472.498291015625
"CRS3035RES20000mN2100000E2800000",21.0892314910889,1273.41064453125,496.688110351562
"CRS3035RES20000mN2100000E2820000",20.7839031219482,1377.75244140625,529.781188964844
"CRS3035RES20000mN2100000E2840000",20.0319766998291,1101.19897460938,550.429443359375
"CRS3035RES20000mN2100000E2860000",20.3151550292969,892.644470214844,564.567260742188
"CRS3035RES20000mN2100000E2880000",20.8450965881348,687.321228027344,579.6396484375
"CRS3035RES20000mN2100000E2900000",21.0555725097656,640.906433105469,588.846069335938
"CRS3035RES20000mN2100000E2920000",20.9363746643066,680.160278320312,594.108093261719
"CRS3035RES20000mN2100000E2940000",20.8017063140869,660.839172363281,598.702392578125
"CRS3035RES20000mN2100000E2960000",20.536808013916,625.127136230469,600.4560546875
"CRS3035RES20000mN2100000E2980000",20.3818206787109,560.107543945312,604.619018554688
"CRS3035RES20000mN2100000E3000000",20.705379486084,506.766845703125,614.074035644531
"CRS3035RES20000mN2100000E3020000",21.0297451019287,470.838012695312,623.392700195312
"CRS3035RES20000mN2100000E3040000",20.9139652252197,475.820983886719,623.772216796875
"CRS3035RES20000mN2100000E3060000",21.2298431396484,437.586303710938,626.675231933594
"CRS3035RES20000mN2100000E3080000",21.5110511779785,425.759216308594,634.627746582031
"CRS3035RES20000mN2100000E3100000",21.3623828887939,457.87744140625,635.252685546875
"CRS3035RES20000mN2100000E3120000",21.2445831298828,556.352844238281,637.361938476562
"CRS3035RES20000mN2100000E3140000",20.3603782653809,669.110900878906,634.841674804688
"CRS3035RES20000mN2100000E3160000",19.4716854095459,662.713195800781,631.057006835938
"CRS3035RES20000mN2100000E3180000",17.7197799682617,756.602172851562,626.709838867188
"CRS3035RES20000mN2100000E3200000",17.9041023254395,669.687683105469,633.904907226562
"CRS3035RES20000mN2100000E3220000",19.1372356414795,597.878784179688,643.804260253906
"CRS3035RES20000mN2100000E3240000",20.3528499603271,545.058898925781,649.570373535156
"CRS3035RES20000mN2100000E3260000",20.3313465118408,539.837524414062,647.476440429688
"CRS3035RES20000mN2100000E3280000",21.0229606628418,510.195587158203,644.099060058594
"CRS3035RES20000mN2100000E3300000",21.6901187896729,465.458129882812,641.846435546875
"CRS3035RES20000mN2100000E3320000",21.7874565124512,471.705169677734,638.015014648438
"CRS3035RES20000mN2100000E3340000",22.1018810272217,445.973449707031,637.333312988281
"CRS3035RES20000mN2100000E3360000",23.1065444946289,394.213897705078,638.875610351562
"CRS3035RES20000mN2100000E3380000",23.299732208252,376.674591064453,634.681396484375
"CRS3035RES20000mN2100000E3400000",23.5150299072266,390.108032226562,638.966369628906
"CRS3035RES20000mN2100000E3420000",24.8611183166504,346.821075439453,654.732971191406
"CRS3035RES20000mN2100000E3440000",24.7906684875488,343.049346923828,662.735534667969
"CRS3035RES20000mN2100000E3460000",24.2548294067383,380.891845703125,663.86083984375
"CRS3035RES20000mN2100000E3480000",24.6740322113037,402.340209960938,672.649169921875
"CRS3035RES20000mN2100000E3500000",25.2946224212646,370.906921386719,688.356384277344
"CRS3035RES20000mN2100000E3520000",25.0676517486572,385.693420410156,691.923645019531
"CRS3035RES20000mN2100000E3540000",25.066593170166,395.749389648438,694.604370117188
"CRS3035RES20000mN2100000E3560000",24.4154472351074,439.653961181641,687.647155761719
"CRS3035RES20000mN2100000E3580000",22.88649559021,504.858734130859,661.646606445312
"CRS3035RES20000mN2100000E3600000",21.2362174987793,562.385131835938,631.003356933594
"CRS3035RES20000mN2100000E3620000",21.508321762085,640.572937011719,630.555419921875
"CRS3035RES20000mN2100000E3640000",21.7306823730469,691.060852050781,624.141723632812
"CRS3035RES20000mN2100000E3660000",19.8916568756104,814.378845214844,594.142333984375
"CRS3035RES20000mN2100000E3680000",19.0398273468018,988.114562988281,571.1083984375
"CRS3035RES20000mN2100000E3700000",22.2191696166992,830.489135742188,582.667297363281
"CRS3035RES20000mN2100000E3720000",22.4439964294434,724.800231933594,557.21435546875
"CRS3035RES20000mN2100000E3740000",22.3396263122559,655.808471679688,482.145629882812
"CRS3035RES20000mN2100000E4200000",22.5258769989014,997.697448730469,487.878753662109
"CRS3035RES20000mN2100000E4220000",20.5415840148926,1359.69116210938,574.139953613281
"CRS3035RES20000mN2100000E4240000",16.9189453125,1095.10009765625,592.067016601562
"CRS3035RES20000mN2100000E4260000",23.1218528747559,826.143005371094,570.895935058594
"CRS3035RES20000mN2100000E4280000",23.59912109375,709.106994628906,497.35302734375
"CRS3035RES20000mN2100000E4460000",23.1233787536621,793.515808105469,516.841735839844
"CRS3035RES20000mN2100000E4480000",22.4311141967773,885.389526367188,557.34033203125
"CRS3035RES20000mN2100000E4500000",23.0023975372314,834.344360351562,611.764221191406
"CRS3035RES20000mN2100000E4520000",23.8793754577637,824.2587890625,643.416015625
"CRS3035RES20000mN2100000E4540000",22.608959197998,1103.79614257812,645.518920898438
"CRS3035RES20000mN2100000E4560000",20.285665512085,1262.61682128906,629.373657226562
"CRS3035RES20000mN2100000E4580000",17.5582962036133,1223.75305175781,638.468627929688
"CRS3035RES20000mN2100000E4600000",19.9016895294189,921.945373535156,671.670349121094
"CRS3035RES20000mN2100000E4620000",19.0014457702637,937.189514160156,674.9189453125
"CRS3035RES20000mN2100000E4640000",18.0100765228271,962.81005859375,663.880249023438
"CRS3035RES20000mN2100000E4660000",17.4189109802246,1045.07482910156,644.351318359375
"CRS3035RES20000mN2100000E4680000",21.2339878082275,796.533874511719,641.112976074219
"CRS3035RES20000mN2100000E4700000",23.0035572052002,586.114990234375,620.537719726562
"CRS3035RES20000mN2100000E4720000",23.8402252197266,501.803314208984,589.629760742188
"CRS3035RES20000mN2100000E4740000",24.1601295471191,494.057250976562,563.685119628906
"CRS3035RES20000mN2100000E4760000",24.2994918823242,496.074096679688,555.042785644531
"CRS3035RES20000mN2100000E4780000",24.2413463592529,507.936096191406,557.894775390625
"CRS3035RES20000mN2100000E4800000",23.6731643676758,497.751617431641,552.95263671875
"CRS3035RES20000mN2100000E4820000",23.4642143249512,487.993011474609,530.377563476562
"CRS3035RES20000mN2120000E2720000",19.1225719451904,993.953857421875,279.482818603516
"CRS3035RES20000mN2120000E2740000",20.5158233642578,1048.32861328125,378.620239257812
"CRS3035RES20000mN2120000E2760000",20.9666709899902,1356.39916992188,435.405487060547
"CRS3035RES20000mN2120000E2780000",19.3815517425537,1529.30480957031,470.68603515625
"CRS3035RES20000mN2120000E2800000",20.2175464630127,1184.92211914062,488.44921875
"CRS3035RES20000mN2120000E2820000",20.384557723999,1142.14611816406,517.485717773438
"CRS3035RES20000mN2120000E2840000",20.3334465026855,1012.07592773438,544.700073242188
"CRS3035RES20000mN2120000E2860000",20.7036571502686,817.880981445312,560.026489257812
"CRS3035RES20000mN2120000E2880000",21.3362216949463,620.656494140625,577.726684570312
"CRS3035RES20000mN2120000E2900000",21.3373870849609,613.275573730469,586.878234863281
"CRS3035RES20000mN2120000E2920000",20.9209480285645,690.306945800781,588.062683105469
"CRS3035RES20000mN2120000E2940000",20.6917705535889,674.401306152344,591.406616210938
"CRS3035RES20000mN2120000E2960000",20.4189529418945,624.312194824219,593.270202636719
"CRS3035RES20000mN2120000E2980000",20.6602821350098,537.5068359375,599.962890625
"CRS3035RES20000mN2120000E3000000",20.8341331481934,472.534271240234,610.057373046875
"CRS3035RES20000mN2120000E3020000",21.0537052154541,441.626007080078,622.075561523438
"CRS3035RES20000mN2120000E3040000",21.5798358917236,434.034912109375,630.211059570312
"CRS3035RES20000mN2120000E3060000",21.8511371612549,444.279388427734,633.6689453125
"CRS3035RES20000mN2120000E3080000",21.9465522766113,446.650726318359,642.058959960938
"CRS3035RES20000mN2120000E3100000",21.8702144622803,450.689025878906,643.517700195312
"CRS3035RES20000mN2120000E3120000",21.5997219085693,467.763153076172,643.368469238281
"CRS3035RES20000mN2120000E3140000",21.1693248748779,490.322326660156,639.292358398438
"CRS3035RES20000mN2120000E3160000",20.4473247528076,549.147155761719,634.810607910156
"CRS3035RES20000mN2120000E3180000",20.1790885925293,572.046691894531,629.783874511719
"CRS3035RES20000mN2120000E3200000",19.8941326141357,534.134765625,630.890625
"CRS3035RES20000mN2120000E3220000",20.0273876190186,533.130493164062,636.443115234375
"CRS3035RES20000mN2120000E3240000",20.6945476531982,513.895080566406,642.101623535156
"CRS3035RES20000mN2120000E3260000",20.6792526245117,507.919586181641,640.638549804688
"CRS3035RES20000mN2120000E3280000",20.1906661987305,523.382690429688,632.82275390625
"CRS3035RES20000mN1620000E6340000",25.5947113037109,610.908386230469,479.313812255859
"CRS3035RES20000mN2120000E3300000",20.1075973510742,476.678680419922,625.270751953125
"CRS3035RES20000mN2120000E3320000",19.7652988433838,487.397979736328,616.842834472656
"CRS3035RES20000mN2120000E3340000",20.917854309082,456.134246826172,616.385192871094
"CRS3035RES20000mN2120000E3360000",22.9139881134033,390.258544921875,628.540954589844
"CRS3035RES20000mN2120000E3380000",24.0051708221436,350.751251220703,642.334350585938
"CRS3035RES20000mN2120000E3400000",24.8054275512695,335.398071289062,657.011169433594
"CRS3035RES20000mN2120000E3420000",24.5056743621826,383.286895751953,660.153381347656
"CRS3035RES20000mN2120000E3440000",23.6273326873779,424.667358398438,657.867492675781
"CRS3035RES20000mN2120000E3460000",24.6543388366699,385.012023925781,678.284301757812
"CRS3035RES20000mN2120000E3480000",24.9549922943115,390.112030029297,693.968872070312
"CRS3035RES20000mN1620000E6360000",24.7297172546387,847.957824707031,582.93603515625
"CRS3035RES20000mN2120000E3500000",24.9412956237793,392.183135986328,706.177978515625
"CRS3035RES20000mN2120000E3520000",24.3874206542969,411.581604003906,703.517700195312
"CRS3035RES20000mN2120000E3540000",23.5437316894531,473.668365478516,690.378479003906
"CRS3035RES20000mN2120000E3560000",23.5440864562988,512.959350585938,690.615966796875
"CRS3035RES20000mN2120000E3580000",22.9173812866211,572.53076171875,677.615417480469
"CRS3035RES20000mN2120000E3600000",20.9312553405762,685.703186035156,641.83154296875
"CRS3035RES20000mN2120000E3620000",21.0552024841309,669.30078125,630.695556640625
"CRS3035RES20000mN2120000E3640000",21.1006164550781,719.496887207031,613.688232421875
"CRS3035RES20000mN2120000E3660000",20.1506023406982,792.581604003906,588.957397460938
"CRS3035RES20000mN2120000E3680000",19.5317115783691,952.201965332031,576.414611816406
"CRS3035RES20000mN1620000E6380000",24.2689380645752,790.394165039062,675.937622070312
"CRS3035RES20000mN2120000E3700000",21.2889518737793,941.955688476562,589.496765136719
"CRS3035RES20000mN2120000E3720000",22.6885471343994,759.317016601562,576.845642089844
"CRS3035RES20000mN2120000E3740000",22.449390411377,651.919250488281,502.086639404297
"CRS3035RES20000mN2120000E3760000",22.0209045410156,595.446594238281,436.191223144531
"CRS3035RES20000mN2120000E4200000",21.443416595459,1216.11364746094,507.038818359375
"CRS3035RES20000mN2120000E4220000",16.5957641601562,1277.75146484375,571.681457519531
"CRS3035RES20000mN2120000E4240000",18.3089256286621,1006.01965332031,603.022277832031
"CRS3035RES20000mN2120000E4260000",20.4331607818604,980.140747070312,555.174194335938
"CRS3035RES20000mN2120000E4280000",23.2786922454834,727.869201660156,487.189697265625
"CRS3035RES20000mN1620000E6400000",24.5161190032959,654.598266601562,696.999267578125
"CRS3035RES20000mN2120000E4440000",23.5001773834229,662.904968261719,517.536560058594
"CRS3035RES20000mN2120000E4460000",23.3868808746338,826.590576171875,576.671447753906
"CRS3035RES20000mN2120000E4480000",22.1651668548584,921.581176757812,607.403686523438
"CRS3035RES20000mN2120000E4500000",22.4076061248779,952.42919921875,638.19580078125
"CRS3035RES20000mN2120000E4520000",23.6101551055908,883.849914550781,649.43212890625
"CRS3035RES20000mN2120000E4540000",22.3289279937744,1117.76843261719,647.9892578125
"CRS3035RES20000mN1620000E6420000",25.6981658935547,531.343811035156,623.34912109375
"CRS3035RES20000mN2120000E4560000",19.732780456543,1191.94165039062,635.9541015625
"CRS3035RES20000mN2120000E4580000",17.6559085845947,1148.84692382812,653.89404296875
"CRS3035RES20000mN2120000E4600000",15.8077554702759,1043.052734375,658.061096191406
"CRS3035RES20000mN2120000E4620000",19.6914157867432,854.559143066406,674.10498046875
"CRS3035RES20000mN2120000E4640000",20.2089767456055,951.873291015625,669.915161132812
"CRS3035RES20000mN2120000E4660000",20.646240234375,912.222045898438,658.881652832031
"CRS3035RES20000mN2120000E4680000",24.0566902160645,655.898620605469,661.264831542969
"CRS3035RES20000mN2120000E4700000",24.1114044189453,504.516998291016,604.653564453125
"CRS3035RES20000mN2120000E4720000",23.8884563446045,448.111145019531,554.797302246094
"CRS3035RES20000mN1620000E6440000",26.9294395446777,412.477661132812,540.377990722656
"CRS3035RES20000mN1620000E6460000",26.4262866973877,390.45458984375,476.079071044922
"CRS3035RES20000mN1640000E2860000",24.3015899658203,604.212280273438,443.381896972656
"CRS3035RES20000mN1640000E2880000",24.8874530792236,659.518188476562,499.268249511719
"CRS3035RES20000mN1640000E2900000",24.7721652984619,936.964599609375,526.06591796875
"CRS3035RES20000mN1640000E2920000",24.2696590423584,1405.21716308594,545.610534667969
"CRS3035RES20000mN1640000E2940000",22.2138347625732,1480.50451660156,550.705383300781
"CRS3035RES20000mN1640000E2960000",20.9901523590088,941.784301757812,541.436279296875
"CRS3035RES20000mN1640000E2980000",22.5508060455322,686.771240234375,528.869262695312
"CRS3035RES20000mN1640000E3000000",24.1239738464355,565.424011230469,516.128540039062
"CRS3035RES20000mN2140000E2740000",20.3388347625732,1150.72900390625,356.661804199219
"CRS3035RES20000mN2140000E2760000",20.5921401977539,1670.66198730469,421.509979248047
"CRS3035RES20000mN2140000E2780000",19.212646484375,1741.26574707031,462.076812744141
"CRS3035RES20000mN2140000E2800000",19.614990234375,1327.57751464844,482.123474121094
"CRS3035RES20000mN2140000E2820000",18.7792205810547,1221.46142578125,499.652435302734
"CRS3035RES20000mN2140000E2840000",19.2524490356445,906.083618164062,525.46435546875
"CRS3035RES20000mN2140000E2860000",19.7793407440186,824.821533203125,541.301879882812
"CRS3035RES20000mN2140000E2880000",22.0356540679932,592.145263671875,577.740783691406
"CRS3035RES20000mN2140000E2900000",22.227502822876,633.939636230469,592.890441894531
"CRS3035RES20000mN2140000E2920000",21.183385848999,751.932495117188,587.591186523438
"CRS3035RES20000mN1640000E3020000",22.8751201629639,598.689819335938,498.242248535156
"CRS3035RES20000mN2140000E2940000",20.7194766998291,719.535400390625,586.664916992188
"CRS3035RES20000mN2140000E2960000",20.742223739624,587.606811523438,591.734680175781
"CRS3035RES20000mN2140000E2980000",20.4224987030029,559.039489746094,592.4052734375
"CRS3035RES20000mN2140000E3000000",20.4073715209961,515.653991699219,600.543029785156
"CRS3035RES20000mN2140000E3020000",21.1905422210693,432.650512695312,621.342468261719
"CRS3035RES20000mN2140000E3040000",21.729679107666,434.564025878906,631.533508300781
"CRS3035RES20000mN2140000E3060000",21.8942279815674,451.033599853516,635.326904296875
"CRS3035RES20000mN2140000E3080000",22.0152893066406,472.899322509766,642.498657226562
"CRS3035RES20000mN2140000E3100000",21.6685371398926,489.117584228516,641.862121582031
"CRS3035RES20000mN2140000E3120000",21.3062210083008,507.839202880859,641.626159667969
"CRS3035RES20000mN1640000E3040000",22.8031177520752,619.287963867188,480.489685058594
"CRS3035RES20000mN2140000E3140000",21.211986541748,483.159210205078,641.999755859375
"CRS3035RES20000mN2140000E3160000",20.4385013580322,531.654602050781,638.089111328125
"CRS3035RES20000mN2140000E3180000",20.5076675415039,518.405517578125,636.027160644531
"CRS3035RES20000mN2140000E3200000",20.8584766387939,535.474426269531,637.525085449219
"CRS3035RES20000mN2140000E3220000",20.9457168579102,559.618347167969,642.286682128906
"CRS3035RES20000mN2140000E3240000",20.5488758087158,594.932922363281,643.965942382812
"CRS3035RES20000mN2140000E3260000",20.0563850402832,605.055297851562,639.724304199219
"CRS3035RES20000mN2140000E3280000",19.9803371429443,526.979614257812,627.410766601562
"CRS3035RES20000mN2140000E3300000",19.3787078857422,498.727111816406,607.124145507812
"CRS3035RES20000mN2140000E3320000",17.737117767334,539.476745605469,588.055480957031
"CRS3035RES20000mN1640000E3060000",20.8111267089844,792.286682128906,524.192993164062
"CRS3035RES20000mN2140000E3340000",19.7771625518799,480.688354492188,590.214904785156
"CRS3035RES20000mN2140000E3360000",23.009241104126,380.460601806641,620.299865722656
"CRS3035RES20000mN2140000E3380000",24.2208213806152,332.997222900391,645.810791015625
"CRS3035RES20000mN2140000E3400000",23.5574150085449,382.859954833984,652.084411621094
"CRS3035RES20000mN2140000E3420000",24.1869049072266,388.999176025391,666.496520996094
"CRS3035RES20000mN2140000E3440000",23.9384212493896,445.156188964844,672.598876953125
"CRS3035RES20000mN2140000E3460000",24.3516330718994,424.869842529297,688.227294921875
"CRS3035RES20000mN2140000E3480000",24.0925922393799,459.708221435547,696.765869140625
"CRS3035RES20000mN2140000E3500000",23.8328704833984,506.283081054688,702.930236816406
"CRS3035RES20000mN2140000E3520000",21.7519416809082,593.189270019531,677.168823242188
"CRS3035RES20000mN1640000E3080000",20.755765914917,599.052551269531,569.855529785156
"CRS3035RES20000mN2140000E3540000",20.7147808074951,632.302001953125,660.29541015625
"CRS3035RES20000mN2140000E3560000",21.0752468109131,657.760437011719,665.924560546875
"CRS3035RES20000mN2140000E3580000",20.4158744812012,678.714416503906,658.408813476562
"CRS3035RES20000mN2140000E3600000",19.2943630218506,762.927856445312,640.333068847656
"CRS3035RES20000mN2140000E3620000",17.4668846130371,824.016174316406,617.037658691406
"CRS3035RES20000mN2140000E3640000",18.4446983337402,861.042785644531,606.420104980469
"CRS3035RES20000mN2140000E3660000",18.9046096801758,874.725280761719,586.6923828125
"CRS3035RES20000mN2140000E3680000",18.8785762786865,1080.72717285156,577.174133300781
"CRS3035RES20000mN2140000E3700000",21.1125259399414,987.058410644531,589.062194824219
"CRS3035RES20000mN2140000E3720000",22.7230949401855,813.509643554688,589.511840820312
"CRS3035RES20000mN1640000E3100000",22.2737789154053,618.144287109375,600.494384765625
"CRS3035RES20000mN2140000E3740000",22.7697086334229,640.476806640625,532.402282714844
"CRS3035RES20000mN2140000E3760000",21.8992671966553,650.082580566406,450.023071289062
"CRS3035RES20000mN2140000E4200000",22.6276683807373,1010.12805175781,503.890014648438
"CRS3035RES20000mN2140000E4220000",17.7961921691895,1144.9140625,564.749389648438
"CRS3035RES20000mN2140000E4240000",20.2735977172852,885.718933105469,600.103881835938
"CRS3035RES20000mN2140000E4260000",20.8299655914307,935.291931152344,551.74072265625
"CRS3035RES20000mN2140000E4280000",23.2698879241943,684.708862304688,486.589202880859
"CRS3035RES20000mN2140000E4400000",23.1663970947266,612.62548828125,487.491729736328
"CRS3035RES20000mN1640000E3120000",17.4755573272705,722.172729492188,627.883239746094
"CRS3035RES20000mN2140000E4420000",23.1732158660889,670.838623046875,522.344970703125
"CRS3035RES20000mN2140000E4440000",23.0910091400146,739.990600585938,566.341125488281
"CRS3035RES20000mN2140000E4460000",22.9577198028564,796.913452148438,613.143615722656
"CRS3035RES20000mN2140000E4480000",22.5333099365234,863.246215820312,635.233215332031
"CRS3035RES20000mN2140000E4500000",22.5999774932861,944.7412109375,653.720458984375
"CRS3035RES20000mN2140000E4520000",22.9961853027344,988.281982421875,657.75390625
"CRS3035RES20000mN2140000E4540000",21.1304130554199,1201.28747558594,649.795593261719
"CRS3035RES20000mN2140000E4560000",18.6200847625732,1126.3662109375,644.890502929688
"CRS3035RES20000mN2140000E4580000",18.3087692260742,962.919372558594,658.833068847656
"CRS3035RES20000mN2140000E4600000",16.6222705841064,985.411865234375,654.984069824219
"CRS3035RES20000mN1640000E3140000",19.968433380127,662.031433105469,642.609497070312
"CRS3035RES20000mN2140000E4620000",16.4421768188477,1054.87377929688,641.923583984375
"CRS3035RES20000mN2140000E4640000",22.9534511566162,795.689697265625,669.444641113281
"CRS3035RES20000mN2140000E4660000",23.8253593444824,740.428283691406,646.592163085938
"CRS3035RES20000mN2140000E4680000",24.5226078033447,581.264526367188,624.278381347656
"CRS3035RES20000mN1640000E3160000",20.8025970458984,581.957458496094,643.884216308594
"CRS3035RES20000mN1640000E3180000",24.3814506530762,412.04541015625,636.648376464844
"CRS3035RES20000mN1640000E3200000",24.4769287109375,377.513946533203,612.340637207031
"CRS3035RES20000mN1640000E3220000",23.879508972168,386.109405517578,578.198059082031
"CRS3035RES20000mN1640000E3240000",24.4616203308105,354.6279296875,536.839416503906
"CRS3035RES20000mN1640000E3260000",24.6303882598877,263.289794921875,453.798461914062
"CRS3035RES20000mN1640000E4520000",24.6966648101807,536.338256835938,466.63623046875
"CRS3035RES20000mN2160000E2740000",20.0155715942383,1212.56506347656,332.680694580078
"CRS3035RES20000mN2160000E2760000",20.3831729888916,1687.88403320312,406.920379638672
"CRS3035RES20000mN2160000E2780000",19.6384944915771,1689.11083984375,450.972686767578
"CRS3035RES20000mN2160000E2800000",18.4086513519287,1595.79467773438,473.409301757812
"CRS3035RES20000mN2160000E2820000",18.3547191619873,1090.85791015625,494.359954833984
"CRS3035RES20000mN2160000E2840000",19.884162902832,801.306701660156,524.212036132812
"CRS3035RES20000mN2160000E2860000",20.719970703125,670.249389648438,544.480163574219
"CRS3035RES20000mN2160000E2880000",21.7749423980713,647.27490234375,569.535888671875
"CRS3035RES20000mN1640000E4540000",25.1570415496826,616.485290527344,523.955993652344
"CRS3035RES20000mN2160000E2900000",21.6923694610596,741.810791015625,582.601196289062
"CRS3035RES20000mN2160000E2920000",21.0934753417969,836.041625976562,584.896301269531
"CRS3035RES20000mN2160000E2940000",21.2700939178467,734.062683105469,589.328491210938
"CRS3035RES20000mN2160000E2960000",20.8260498046875,645.298217773438,590.403442382812
"CRS3035RES20000mN2160000E2980000",20.714111328125,540.857849121094,594.721557617188
"CRS3035RES20000mN2160000E3000000",21.0702476501465,439.855743408203,605.706848144531
"CRS3035RES20000mN2160000E3020000",21.7179164886475,413.249145507812,625.651733398438
"CRS3035RES20000mN2160000E3040000",22.0411376953125,420.864379882812,634.195861816406
"CRS3035RES20000mN2160000E3060000",21.7719345092773,453.190734863281,632.611633300781
"CRS3035RES20000mN2160000E3080000",21.7935905456543,461.450958251953,635.113830566406
"CRS3035RES20000mN1640000E4560000",24.7964820861816,689.54345703125,576.804016113281
"CRS3035RES20000mN2160000E3100000",21.4502220153809,497.929748535156,633.464172363281
"CRS3035RES20000mN2160000E3120000",21.0507411956787,492.325653076172,629.746887207031
"CRS3035RES20000mN2160000E3140000",20.9777183532715,474.69580078125,628.315795898438
"CRS3035RES20000mN2160000E3160000",21.2175941467285,459.9462890625,630.78515625
"CRS3035RES20000mN2160000E3180000",21.2260990142822,491.141632080078,635.024475097656
"CRS3035RES20000mN2160000E3200000",20.8402767181396,540.78076171875,639.125427246094
"CRS3035RES20000mN2160000E3220000",20.0873241424561,668.711730957031,640.050109863281
"CRS3035RES20000mN2160000E3240000",19.2555084228516,725.087097167969,631.965209960938
"CRS3035RES20000mN2160000E3260000",18.9584789276123,676.128112792969,617.967224121094
"CRS3035RES20000mN2160000E3280000",18.7996158599854,603.587463378906,599.316528320312
"CRS3035RES20000mN1640000E4580000",25.239917755127,714.897521972656,602.681457519531
"CRS3035RES20000mN2160000E3300000",17.9492721557617,596.117309570312,578.351806640625
"CRS3035RES20000mN2160000E3320000",19.7727184295654,476.790740966797,575.255432128906
"CRS3035RES20000mN2160000E3340000",21.7921009063721,417.073089599609,588.603332519531
"CRS3035RES20000mN2160000E3360000",23.3538932800293,352.910278320312,620.378967285156
"CRS3035RES20000mN2160000E3380000",23.5513515472412,380.3779296875,640.297668457031
"CRS3035RES20000mN2160000E3400000",22.9968891143799,450.778564453125,647.423889160156
"CRS3035RES20000mN2160000E3420000",23.4576263427734,476.37548828125,660.801635742188
"CRS3035RES20000mN2160000E3440000",23.3428707122803,524.438720703125,667.767150878906
"CRS3035RES20000mN2160000E3460000",22.8900337219238,555.912414550781,669.110046386719
"CRS3035RES20000mN2160000E3480000",22.3585872650146,586.023010253906,668.251586914062
"CRS3035RES20000mN1640000E4600000",23.7500019073486,857.875793457031,595.887634277344
"CRS3035RES20000mN2160000E3500000",22.1576766967773,647.732788085938,672.893432617188
"CRS3035RES20000mN2160000E3520000",21.5638942718506,738.585266113281,667.727355957031
"CRS3035RES20000mN2160000E3540000",20.3906154632568,697.543151855469,650.44580078125
"CRS3035RES20000mN2160000E3560000",20.2876873016357,762.635986328125,649.140747070312
"CRS3035RES20000mN2160000E3580000",17.1752243041992,834.82861328125,633.258483886719
"CRS3035RES20000mN2160000E3600000",18.5047283172607,725.054382324219,634.06396484375
"CRS3035RES20000mN2160000E3620000",15.5019636154175,840.132690429688,624.366394042969
"CRS3035RES20000mN2160000E3640000",16.2063045501709,836.442565917969,614.703796386719
"CRS3035RES20000mN2160000E3660000",13.9351387023926,1040.91540527344,593.213317871094
"CRS3035RES20000mN2160000E3680000",15.0980215072632,1199.95471191406,572.595458984375
"CRS3035RES20000mN1640000E4620000",22.8479156494141,748.310180664062,583.806457519531
"CRS3035RES20000mN2160000E3700000",18.7544326782227,1122.03674316406,575.277038574219
"CRS3035RES20000mN2160000E3720000",21.4542407989502,845.296752929688,587.844543457031
"CRS3035RES20000mN2160000E3740000",21.9865379333496,735.076477050781,549.24462890625
"CRS3035RES20000mN2160000E3760000",22.0363445281982,636.94775390625,463.476104736328
"CRS3035RES20000mN2160000E4200000",23.4352359771729,659.723999023438,487.023040771484
"CRS3035RES20000mN2160000E4220000",23.4381008148193,722.606872558594,536.103210449219
"CRS3035RES20000mN2160000E4240000",21.8802013397217,698.437561035156,553.084045410156
"CRS3035RES20000mN2160000E4260000",22.1002063751221,721.753784179688,518.822692871094
"CRS3035RES20000mN2160000E4280000",23.1460151672363,607.804626464844,475.969573974609
"CRS3035RES20000mN1640000E4640000",23.0448131561279,715.273742675781,566.142395019531
"CRS3035RES20000mN2160000E4340000",23.3321990966797,556.306213378906,472.269744873047
"CRS3035RES20000mN2160000E4380000",23.5168170928955,597.623229980469,510.546020507812
"CRS3035RES20000mN2160000E4400000",23.2956809997559,671.707641601562,535.484558105469
"CRS3035RES20000mN2160000E4420000",22.6746597290039,809.724487304688,570.770263671875
"CRS3035RES20000mN2160000E4440000",22.4942607879639,832.685119628906,608.936645507812
"CRS3035RES20000mN2160000E4460000",21.7951946258545,881.205993652344,632.819458007812
"CRS3035RES20000mN2160000E4480000",21.9346046447754,943.875244140625,643.576171875
"CRS3035RES20000mN2160000E4500000",22.6811218261719,836.581909179688,661.502380371094
"CRS3035RES20000mN2160000E4520000",22.532169342041,965.903991699219,664.358032226562
"CRS3035RES20000mN2160000E4540000",20.4322776794434,1120.6083984375,656.531555175781
"CRS3035RES20000mN1640000E4660000",21.3084735870361,814.638793945312,562.77978515625
"CRS3035RES20000mN2160000E4560000",17.6457748413086,1083.97583007812,648.601989746094
"CRS3035RES20000mN2160000E4580000",17.2921314239502,1060.95849609375,653.257934570312
"CRS3035RES20000mN2160000E4600000",17.1530075073242,1124.19885253906,649.881164550781
"CRS3035RES20000mN2160000E4620000",22.0821056365967,848.281311035156,666.818359375
"CRS3035RES20000mN2160000E4640000",23.6495571136475,734.851440429688,649.710266113281
"CRS3035RES20000mN2160000E4660000",24.1117458343506,653.355651855469,603.839538574219
"CRS3035RES20000mN1640000E4680000",20.7854270935059,748.471252441406,570.671264648438
"CRS3035RES20000mN1640000E4700000",20.7378959655762,772.902465820312,581.417846679688
"CRS3035RES20000mN1640000E4720000",20.502965927124,768.122741699219,591.323486328125
"CRS3035RES20000mN1640000E4740000",20.6897869110107,973.849365234375,598.492126464844
"CRS3035RES20000mN1640000E4760000",18.3999004364014,1035.66284179688,573.201721191406
"CRS3035RES20000mN1640000E4780000",24.7310791015625,755.902709960938,505.900054931641
"CRS3035RES20000mN2180000E2760000",20.5423469543457,1435.66467285156,389.81591796875
"CRS3035RES20000mN2180000E2780000",20.4461517333984,1520.00378417969,441.302276611328
"CRS3035RES20000mN2180000E2800000",19.994514465332,1447.154296875,472.460510253906
"CRS3035RES20000mN2180000E2820000",19.208610534668,1199.11975097656,492.292358398438
"CRS3035RES20000mN2180000E2840000",20.0156078338623,987.445739746094,516.939514160156
"CRS3035RES20000mN2180000E2860000",20.5373611450195,787.460815429688,538.263610839844
"CRS3035RES20000mN2180000E2880000",21.4222145080566,642.3583984375,564.023193359375
"CRS3035RES20000mN2180000E2900000",21.2531604766846,765.703735351562,575.954223632812
"CRS3035RES20000mN2180000E2920000",21.4263954162598,777.973815917969,586.547302246094
"CRS3035RES20000mN2180000E2940000",21.0944023132324,776.305236816406,584.775146484375
"CRS3035RES20000mN2180000E2960000",20.8447532653809,714.192932128906,589.705993652344
"CRS3035RES20000mN2180000E2980000",20.9025001525879,567.398010253906,597.530029296875
"CRS3035RES20000mN2180000E3000000",21.2645530700684,452.669921875,607.260192871094
"CRS3035RES20000mN2180000E3020000",21.5944042205811,463.012878417969,620.031188964844
"CRS3035RES20000mN2180000E3040000",21.4503498077393,492.460510253906,622.827026367188
"CRS3035RES20000mN2180000E3060000",20.9229774475098,496.347747802734,617.561828613281
"CRS3035RES20000mN2180000E3080000",20.8704490661621,496.200622558594,618.828186035156
"CRS3035RES20000mN2180000E3100000",21.2179737091064,476.215179443359,620.9111328125
"CRS3035RES20000mN2180000E3120000",20.6666355133057,488.053924560547,613.021179199219
"CRS3035RES20000mN2180000E3140000",20.182933807373,493.71142578125,608.673461914062
"CRS3035RES20000mN2180000E3160000",20.2282733917236,509.862213134766,613.401977539062
"CRS3035RES20000mN2180000E3180000",20.124626159668,550.351379394531,619.114013671875
"CRS3035RES20000mN2180000E3200000",19.3166255950928,646.794982910156,618.461303710938
"CRS3035RES20000mN2180000E3220000",18.7678184509277,814.612365722656,610.244445800781
"CRS3035RES20000mN2180000E3240000",16.2418384552002,958.913757324219,589.760437011719
"CRS3035RES20000mN2180000E3260000",15.4373044967651,924.6201171875,571.871032714844
"CRS3035RES20000mN2180000E3280000",15.843074798584,821.763244628906,558.594543457031
"CRS3035RES20000mN2180000E3300000",17.3383598327637,644.079650878906,555.559020996094
"CRS3035RES20000mN2180000E3320000",20.2485961914062,479.207092285156,571.826354980469
"CRS3035RES20000mN2180000E3340000",22.6181735992432,415.491912841797,595.768798828125
"CRS3035RES20000mN2180000E3360000",22.9526844024658,392.997131347656,616.922607421875
"CRS3035RES20000mN2180000E3380000",22.7038230895996,462.297576904297,627.04052734375
"CRS3035RES20000mN2180000E3400000",22.1091976165771,585.109313964844,630.577453613281
"CRS3035RES20000mN2180000E3420000",21.7084102630615,629.634582519531,632.212219238281
"CRS3035RES20000mN2180000E3440000",20.5667152404785,792.117919921875,631.217346191406
"CRS3035RES20000mN2180000E3460000",18.8186092376709,825.269958496094,624.294006347656
"CRS3035RES20000mN2180000E3480000",18.358362197876,907.095397949219,626.29931640625
"CRS3035RES20000mN2180000E3500000",21.4559440612793,881.168823242188,658.163635253906
"CRS3035RES20000mN2180000E3520000",19.4504508972168,968.15478515625,654.86181640625
"CRS3035RES20000mN2180000E3540000",17.7513408660889,941.19677734375,640.813720703125
"CRS3035RES20000mN2180000E3560000",15.6206150054932,1023.17602539062,633.5859375
"CRS3035RES20000mN2180000E3580000",15.7113971710205,947.98291015625,635.95166015625
"CRS3035RES20000mN2180000E3600000",15.069878578186,923.375793457031,636.545959472656
"CRS3035RES20000mN2180000E3620000",12.7010774612427,1071.82202148438,635.450378417969
"CRS3035RES20000mN2180000E3640000",12.9197568893433,1015.19470214844,623.49169921875
"CRS3035RES20000mN2180000E3660000",13.032603263855,1000.99127197266,598.631896972656
"CRS3035RES20000mN2180000E3680000",14.9150867462158,925.762451171875,573.031372070312
"CRS3035RES20000mN2180000E3700000",17.9002990722656,968.005065917969,570.395263671875
"CRS3035RES20000mN2180000E3720000",22.4047183990479,764.419189453125,594.423706054688
"CRS3035RES20000mN2180000E3740000",22.9035968780518,676.755615234375,563.075012207031
"CRS3035RES20000mN2180000E4240000",23.4102401733398,565.404907226562,497.190765380859
"CRS3035RES20000mN2180000E4260000",21.6524677276611,656.930053710938,479.706665039062
"CRS3035RES20000mN2180000E4320000",22.8727741241455,584.211791992188,467.5400390625
"CRS3035RES20000mN2180000E4340000",23.0631847381592,609.462341308594,475.343048095703
"CRS3035RES20000mN2180000E4380000",23.1399307250977,659.533935546875,556.004028320312
"CRS3035RES20000mN2180000E4400000",23.5036163330078,677.260314941406,592.869323730469
"CRS3035RES20000mN2180000E4420000",22.6681423187256,892.515502929688,617.9755859375
"CRS3035RES20000mN2180000E4440000",19.8193492889404,1019.98803710938,618.071655273438
"CRS3035RES20000mN2180000E4460000",21.6513748168945,895.544250488281,649.201782226562
"CRS3035RES20000mN2180000E4480000",22.3994598388672,855.382995605469,657.654724121094
"CRS3035RES20000mN2180000E4500000",22.2022438049316,879.991943359375,661.472290039062
"CRS3035RES20000mN2180000E4520000",22.0599822998047,920.321899414062,666.548767089844
"CRS3035RES20000mN2180000E4540000",20.9644260406494,1044.83959960938,666.300476074219
"CRS3035RES20000mN2180000E4560000",19.0039653778076,1046.791015625,658.241760253906
"CRS3035RES20000mN2180000E4580000",16.4716110229492,1169.23132324219,647.661682128906
"CRS3035RES20000mN2180000E4600000",18.9857292175293,1117.99157714844,649.087890625
"CRS3035RES20000mN2180000E4620000",22.8813457489014,837.642333984375,652.732116699219
"CRS3035RES20000mN2180000E4640000",24.3371829986572,659.359680175781,628.39501953125
"CRS3035RES20000mN2200000E2760000",20.3156452178955,1409.50610351562,376.225494384766
"CRS3035RES20000mN2200000E2780000",20.2290172576904,1538.58056640625,439.261322021484
"CRS3035RES20000mN2200000E2800000",19.9144172668457,1542.21508789062,469.188171386719
"CRS3035RES20000mN2200000E2820000",19.4178733825684,1540.22375488281,486.106262207031
"CRS3035RES20000mN2200000E2840000",17.8339004516602,1438.24780273438,493.127685546875
"CRS3035RES20000mN2200000E2860000",19.3413715362549,1028.93176269531,525.278503417969
"CRS3035RES20000mN2200000E2880000",21.8236923217773,689.98681640625,568.400390625
"CRS3035RES20000mN2200000E2900000",20.8261470794678,945.835632324219,568.967468261719
"CRS3035RES20000mN2200000E2920000",20.4320831298828,929.905334472656,573.10595703125
"CRS3035RES20000mN2200000E2940000",20.8378505706787,884.829833984375,580.561096191406
"CRS3035RES20000mN2200000E2960000",20.2193450927734,773.884338378906,581.950500488281
"CRS3035RES20000mN2200000E2980000",20.4584541320801,639.563232421875,591.861572265625
"CRS3035RES20000mN2200000E3000000",20.9419975280762,533.684509277344,602.648254394531
"CRS3035RES20000mN2200000E3020000",21.3576984405518,461.536041259766,612.986633300781
"CRS3035RES20000mN2200000E3040000",21.3983955383301,471.310791015625,616.919311523438
"CRS3035RES20000mN2200000E3060000",21.029842376709,486.467559814453,613.17626953125
"CRS3035RES20000mN2200000E3080000",20.7547740936279,468.3115234375,609.147399902344
"CRS3035RES20000mN2200000E3100000",20.6187858581543,461.067443847656,604.933776855469
"CRS3035RES20000mN2200000E3120000",20.5259456634521,456.451782226562,599.79052734375
"CRS3035RES20000mN2200000E3140000",20.0664730072021,476.081298828125,595.699340820312
"CRS3035RES20000mN2200000E3160000",19.988109588623,489.938293457031,597.253845214844
"CRS3035RES20000mN2200000E3180000",19.6464347839355,585.136291503906,595.266418457031
"CRS3035RES20000mN2200000E3200000",18.5794467926025,758.560668945312,585.017456054688
"CRS3035RES20000mN2200000E3220000",16.6253051757812,963.463012695312,567.041809082031
"CRS3035RES20000mN2200000E3240000",15.4915771484375,933.172058105469,547.693542480469
"CRS3035RES20000mN2200000E3260000",16.2466201782227,867.974731445312,537.544311523438
"CRS3035RES20000mN2200000E3280000",16.8632564544678,806.456787109375,536.005493164062
"CRS3035RES20000mN2200000E3300000",18.209300994873,694.441223144531,547.917541503906
"CRS3035RES20000mN2200000E3320000",21.4551753997803,489.783111572266,579.584167480469
"CRS3035RES20000mN2200000E3340000",22.4814128875732,453.673065185547,600.479125976562
"CRS3035RES20000mN2200000E3360000",22.3106346130371,492.639099121094,609.845031738281
"CRS3035RES20000mN2200000E3380000",21.6540985107422,660.477172851562,612.816223144531
"CRS3035RES20000mN2200000E3400000",19.894416809082,876.8203125,603.846313476562
"CRS3035RES20000mN2200000E3420000",19.7340106964111,812.418823242188,612.245666503906
"CRS3035RES20000mN2200000E3440000",19.7065105438232,933.796691894531,626.518920898438
"CRS3035RES20000mN2200000E3460000",19.3278675079346,1003.20721435547,629.324035644531
"CRS3035RES20000mN2200000E3480000",17.6508026123047,1007.71392822266,626.846862792969
"CRS3035RES20000mN2200000E3500000",18.644021987915,1048.04650878906,639.313049316406
"CRS3035RES20000mN2200000E3520000",14.7432708740234,1288.35620117188,638.246337890625
"CRS3035RES20000mN2200000E3540000",12.6445474624634,1338.56799316406,625.947326660156
"CRS3035RES20000mN2200000E3560000",11.0822067260742,1428.35412597656,615.528259277344
"CRS3035RES20000mN2200000E3580000",12.4671440124512,1321.34252929688,615.894409179688
"CRS3035RES20000mN2200000E3600000",11.8142795562744,1444.85461425781,613.374633789062
"CRS3035RES20000mN2200000E3620000",11.2019023895264,1258.36315917969,607.893859863281
"CRS3035RES20000mN2200000E3640000",12.6210737228394,1019.9443359375,594.573608398438
"CRS3035RES20000mN2200000E3660000",12.9082717895508,979.388122558594,569.138977050781
"CRS3035RES20000mN2200000E3680000",16.0669097900391,982.589233398438,556.097045898438
"CRS3035RES20000mN2200000E3700000",20.7313632965088,832.670104980469,572.926147460938
"CRS3035RES20000mN2200000E3720000",22.7594089508057,712.209533691406,591.258117675781
"CRS3035RES20000mN2200000E3740000",23.4115352630615,638.813720703125,573.356994628906
"CRS3035RES20000mN2200000E4260000",22.686487197876,590.624267578125,462.208343505859
"CRS3035RES20000mN2200000E4360000",23.1791324615479,707.189819335938,526.369750976562
"CRS3035RES20000mN2200000E4380000",22.789867401123,764.913757324219,591.001342773438
"CRS3035RES20000mN2200000E4400000",22.5032424926758,737.886657714844,627.344543457031
"CRS3035RES20000mN2200000E4420000",23.0148143768311,781.138061523438,651.416625976562
"CRS3035RES20000mN2200000E4440000",21.7524833679199,887.916076660156,650.814697265625
"CRS3035RES20000mN2200000E4460000",21.6365127563477,870.791259765625,654.775207519531
"CRS3035RES20000mN2200000E4480000",22.2031364440918,843.334655761719,660.526245117188
"CRS3035RES20000mN2200000E4500000",22.9797668457031,812.532104492188,673.901123046875
"CRS3035RES20000mN2200000E4520000",22.7895317077637,883.967834472656,678.784790039062
"CRS3035RES20000mN2200000E4540000",20.318733215332,1081.56408691406,659.254516601562
"CRS3035RES20000mN2200000E4560000",18.4095420837402,1098.09924316406,655.378967285156
"CRS3035RES20000mN2200000E4580000",17.5691871643066,1182.0615234375,648.489929199219
"CRS3035RES20000mN2200000E4600000",21.4206981658936,999.829650878906,652.567443847656
"CRS3035RES20000mN2200000E4620000",23.1748905181885,790.415405273438,620.55078125
"CRS3035RES20000mN2200000E4640000",24.0547962188721,608.509521484375,589.443115234375
"CRS3035RES20000mN1640000E6360000",26.0849590301514,583.331359863281,537.556701660156
"CRS3035RES20000mN1640000E6380000",27.2826385498047,530.212524414062,631.265747070312
"CRS3035RES20000mN1640000E6400000",27.8873691558838,520.780883789062,720.664245605469
"CRS3035RES20000mN1640000E6420000",28.0462093353271,462.470550537109,720.041748046875
"CRS3035RES20000mN1640000E6440000",28.2675590515137,412.464141845703,656.188720703125
"CRS3035RES20000mN1640000E6460000",27.8432579040527,354.1396484375,556.090698242188
"CRS3035RES20000mN1660000E2840000",23.962366104126,554.341979980469,416.038940429688
"CRS3035RES20000mN1660000E2860000",25.2493019104004,590.806030273438,502.243316650391
"CRS3035RES20000mN1660000E2880000",25.3906002044678,646.735534667969,536.006103515625
"CRS3035RES20000mN1660000E2900000",25.3651161193848,849.722412109375,541.466369628906
"CRS3035RES20000mN2220000E2760000",19.9789657592773,1429.58776855469,368.471160888672
"CRS3035RES20000mN2220000E2780000",20.341007232666,1603.64404296875,436.841552734375
"CRS3035RES20000mN2220000E2800000",19.7949714660645,1861.33349609375,464.121459960938
"CRS3035RES20000mN2220000E2820000",18.4235210418701,1742.27380371094,474.626403808594
"CRS3035RES20000mN2220000E2840000",18.7728462219238,1394.74536132812,494.917785644531
"CRS3035RES20000mN2220000E2860000",19.7235240936279,1053.43566894531,520.750915527344
"CRS3035RES20000mN2220000E2880000",20.381706237793,894.758056640625,545.0751953125
"CRS3035RES20000mN2220000E2900000",20.6304492950439,1126.32946777344,559.995361328125
"CRS3035RES20000mN1660000E2920000",25.0724811553955,1267.8408203125,554.789611816406
"CRS3035RES20000mN2220000E2920000",19.4831485748291,1220.53674316406,558.738830566406
"CRS3035RES20000mN2220000E2940000",20.3801288604736,988.850769042969,571.935241699219
"CRS3035RES20000mN2220000E2960000",19.7566032409668,858.036926269531,574.916076660156
"CRS3035RES20000mN2220000E2980000",19.9632625579834,702.469909667969,585.751159667969
"CRS3035RES20000mN2220000E3000000",20.8952598571777,545.765686035156,602.136352539062
"CRS3035RES20000mN2220000E3020000",21.1937294006348,469.368927001953,610.6533203125
"CRS3035RES20000mN2220000E3040000",21.1648349761963,466.784484863281,612.032775878906
"CRS3035RES20000mN2220000E3060000",20.9394779205322,474.109466552734,608.590270996094
"CRS3035RES20000mN2220000E3080000",20.7109680175781,470.293823242188,602.110656738281
"CRS3035RES20000mN2220000E3100000",20.482479095459,479.156768798828,593.697937011719
"CRS3035RES20000mN1660000E2940000",23.8981113433838,1294.69323730469,568.806335449219
"CRS3035RES20000mN2220000E3120000",19.8842430114746,481.869293212891,582.580139160156
"CRS3035RES20000mN2220000E3140000",19.5418510437012,476.667266845703,575.497741699219
"CRS3035RES20000mN2220000E3160000",19.3102264404297,514.453552246094,569.658935546875
"CRS3035RES20000mN2220000E3180000",18.7531070709229,606.351623535156,558.738708496094
"CRS3035RES20000mN2220000E3200000",17.4962329864502,796.109313964844,544.372009277344
"CRS3035RES20000mN2220000E3220000",15.9845714569092,883.616394042969,528.173828125
"CRS3035RES20000mN2220000E3240000",16.4043273925781,837.92578125,518.208923339844
"CRS3035RES20000mN2220000E3260000",18.6658592224121,735.339172363281,523.212768554688
"CRS3035RES20000mN2220000E3280000",19.1371402740479,743.642517089844,532.854187011719
"CRS3035RES20000mN2220000E3300000",20.6556701660156,632.364868164062,553.814331054688
"CRS3035RES20000mN1660000E2960000",22.8117942810059,850.360290527344,564.185180664062
"CRS3035RES20000mN2220000E3320000",21.2165794372559,553.028747558594,572.6787109375
"CRS3035RES20000mN2220000E3340000",21.5791397094727,547.292724609375,589.031066894531
"CRS3035RES20000mN2220000E3360000",20.717830657959,650.173767089844,588.670471191406
"CRS3035RES20000mN2220000E3380000",20.6914749145508,768.408142089844,594.432739257812
"CRS3035RES20000mN2220000E3400000",19.9878063201904,976.550842285156,597.038696289062
"CRS3035RES20000mN2220000E3420000",19.8963413238525,1061.17114257812,606.261840820312
"CRS3035RES20000mN2220000E3440000",18.6198635101318,1396.78112792969,611.804321289062
"CRS3035RES20000mN2220000E3460000",15.6062574386597,1603.52978515625,609.025817871094
"CRS3035RES20000mN2220000E3480000",12.9411544799805,1532.5458984375,609.100463867188
"CRS3035RES20000mN2220000E3500000",11.9230251312256,1532.01220703125,612.211364746094
"CRS3035RES20000mN1660000E2980000",23.1761169433594,587.356018066406,557.641479492188
"CRS3035RES20000mN2220000E3520000",11.5263051986694,1500.88842773438,609.766662597656
"CRS3035RES20000mN2220000E3540000",12.9931573867798,1342.29284667969,594.579040527344
"CRS3035RES20000mN2220000E3560000",12.7407445907593,1291.93981933594,583.747192382812
"CRS3035RES20000mN2220000E3580000",12.3302192687988,1447.80322265625,581.360290527344
"CRS3035RES20000mN2220000E3600000",14.8466310501099,1269.90551757812,579.777648925781
"CRS3035RES20000mN2220000E3620000",16.1688766479492,1189.2607421875,576.749267578125
"CRS3035RES20000mN2220000E3640000",15.9327096939087,1154.33190917969,565.055725097656
"CRS3035RES20000mN2220000E3660000",17.4634742736816,1045.28930664062,549.758911132812
"CRS3035RES20000mN2220000E3680000",19.210901260376,909.2216796875,551.387084960938
"CRS3035RES20000mN2220000E3700000",19.8269424438477,841.364196777344,560.369689941406
"CRS3035RES20000mN1660000E3000000",23.3645172119141,553.504577636719,558.602783203125
"CRS3035RES20000mN2220000E3720000",21.6840286254883,729.04833984375,580.482543945312
"CRS3035RES20000mN2220000E3740000",23.1669330596924,629.225830078125,576.770385742188
"CRS3035RES20000mN2220000E3960000",21.8829193115234,616.651733398438,471.109802246094
"CRS3035RES20000mN2220000E3980000",22.5373630523682,664.032104492188,522.212707519531
"CRS3035RES20000mN2220000E4000000",23.5768146514893,697.719909667969,561.658935546875
"CRS3035RES20000mN2220000E4020000",23.645092010498,750.445495605469,557.897216796875
"CRS3035RES20000mN2220000E4040000",23.1060123443604,743.769165039062,497.771179199219
"CRS3035RES20000mN2220000E4360000",22.6603889465332,866.49755859375,555.387268066406
"CRS3035RES20000mN2220000E4380000",21.2730178833008,951.585205078125,607.068786621094
"CRS3035RES20000mN1660000E3020000",22.5429668426514,663.931396484375,559.63818359375
"CRS3035RES20000mN2220000E4400000",21.1149864196777,867.981689453125,629.547729492188
"CRS3035RES20000mN2220000E4420000",22.6165904998779,778.156860351562,659.596313476562
"CRS3035RES20000mN2220000E4440000",22.703950881958,756.222839355469,667.927429199219
"CRS3035RES20000mN2220000E4460000",22.6339149475098,783.692321777344,671.507507324219
"CRS3035RES20000mN2220000E4480000",22.5349197387695,799.626831054688,669.8603515625
"CRS3035RES20000mN2220000E4500000",22.1391525268555,866.490051269531,668.07373046875
"CRS3035RES20000mN2220000E4520000",21.9728813171387,1017.00994873047,670.508422851562
"CRS3035RES20000mN2220000E4540000",19.7376956939697,1081.84716796875,651.711364746094
"CRS3035RES20000mN2220000E4560000",20.4074668884277,1047.36535644531,671.177185058594
"CRS3035RES20000mN2220000E4580000",21.6055278778076,997.438354492188,673.731811523438
"CRS3035RES20000mN1660000E3040000",21.2213325500488,745.025939941406,574.828918457031
"CRS3035RES20000mN2220000E4600000",22.8313598632812,818.34521484375,653.320678710938
"CRS3035RES20000mN2220000E4620000",23.3285808563232,718.291259765625,598.596496582031
"CRS3035RES20000mN1660000E3060000",22.1631965637207,645.444702148438,607.981384277344
"CRS3035RES20000mN1660000E3080000",23.8784446716309,498.476928710938,638.223815917969
"CRS3035RES20000mN1660000E3100000",23.9763374328613,627.6318359375,653.392272949219
"CRS3035RES20000mN1660000E3120000",19.0627689361572,723.959350585938,653.976013183594
"CRS3035RES20000mN1660000E3140000",21.1556606292725,507.400939941406,659.992858886719
"CRS3035RES20000mN1660000E3160000",22.0588970184326,498.784271240234,660.806823730469
"CRS3035RES20000mN1660000E3180000",20.1421585083008,485.728729248047,646.838623046875
"CRS3035RES20000mN1660000E3200000",20.9351100921631,445.046722412109,623.111450195312
"CRS3035RES20000mN1660000E3220000",23.4455699920654,418.1328125,590.498168945312
"CRS3035RES20000mN1660000E3240000",24.794750213623,342.417449951172,562.109802246094
"CRS3035RES20000mN1660000E3260000",24.6189060211182,277.752410888672,516.709289550781
"CRS3035RES20000mN1660000E3280000",24.4465637207031,226.763229370117,465.685546875
"CRS3035RES20000mN1660000E3300000",24.1466960906982,224.342025756836,423.686157226562
"CRS3035RES20000mN2240000E2760000",19.3834056854248,1603.46862792969,354.945343017578
"CRS3035RES20000mN2240000E2780000",20.0243434906006,1714.55895996094,428.969451904297
"CRS3035RES20000mN2240000E2800000",19.3488330841064,2175.0341796875,457.298370361328
"CRS3035RES20000mN2240000E2820000",17.2978324890137,1993.85400390625,462.342681884766
"CRS3035RES20000mN2240000E2840000",16.6565475463867,1486.11267089844,471.793670654297
"CRS3035RES20000mN2240000E2860000",18.8053207397461,1265.66979980469,503.014831542969
"CRS3035RES20000mN2240000E2880000",19.6760730743408,1235.46569824219,527.3271484375
"CRS3035RES20000mN2240000E2900000",19.1432476043701,1376.80554199219,538.044372558594
"CRS3035RES20000mN2240000E2920000",17.9088573455811,1480.62512207031,541.391784667969
"CRS3035RES20000mN2240000E2940000",18.8759708404541,1244.90283203125,550.648254394531
"CRS3035RES20000mN2240000E2960000",19.1611061096191,953.372314453125,559.919128417969
"CRS3035RES20000mN2240000E2980000",20.1252937316895,721.095581054688,578.585876464844
"CRS3035RES20000mN2240000E3000000",20.5337581634521,591.882446289062,591.465026855469
"CRS3035RES20000mN2240000E3020000",20.8039932250977,479.204528808594,599.977172851562
"CRS3035RES20000mN2240000E3040000",20.6848430633545,468.859161376953,601.3642578125
"CRS3035RES20000mN2240000E3060000",20.59104347229,485.275909423828,598.496704101562
"CRS3035RES20000mN2240000E3080000",20.1695556640625,522.165344238281,591.320556640625
"CRS3035RES20000mN2240000E3100000",19.7012195587158,549.519104003906,581.662170410156
"CRS3035RES20000mN2240000E3120000",19.3997344970703,535.618041992188,567.612609863281
"CRS3035RES20000mN1660000E3340000",23.9407196044922,279.302337646484,408.750457763672
"CRS3035RES20000mN2240000E3140000",19.1227684020996,508.955291748047,556.483337402344
"CRS3035RES20000mN2240000E3160000",18.5066757202148,532.713562011719,546.560729980469
"CRS3035RES20000mN2240000E3180000",17.9379806518555,592.6650390625,533.435974121094
"CRS3035RES20000mN2240000E3200000",17.4149360656738,688.644592285156,518.590209960938
"CRS3035RES20000mN2240000E3220000",17.4440059661865,719.452697753906,504.258483886719
"CRS3035RES20000mN2240000E3240000",18.2883605957031,674.424194335938,502.217163085938
"CRS3035RES20000mN2240000E3260000",18.9964637756348,645.052978515625,513.081848144531
"CRS3035RES20000mN2240000E3280000",18.6226387023926,815.019348144531,521.646606445312
"CRS3035RES20000mN2240000E3300000",18.9250087738037,870.403015136719,534.874938964844
"CRS3035RES20000mN2240000E3320000",19.5348052978516,801.768859863281,549.077392578125
"CRS3035RES20000mN1660000E3360000",24.0515975952148,304.795593261719,408.052856445312
"CRS3035RES20000mN2240000E3340000",20.0403137207031,743.494018554688,560.515869140625
"CRS3035RES20000mN2240000E3360000",19.2504005432129,846.659240722656,558.52734375
"CRS3035RES20000mN2240000E3380000",19.2968406677246,946.788757324219,560.665954589844
"CRS3035RES20000mN2240000E3400000",18.4127445220947,1353.61181640625,563.693298339844
"CRS3035RES20000mN2240000E3420000",17.0205135345459,1650.35327148438,568.636657714844
"CRS3035RES20000mN2240000E3440000",13.7981052398682,1955.58581542969,570.229858398438
"CRS3035RES20000mN2240000E3460000",11.8176126480103,1899.92565917969,573.553039550781
"CRS3035RES20000mN2240000E3480000",10.6672477722168,1759.7978515625,574.04150390625
"CRS3035RES20000mN2240000E3500000",11.8454618453979,1507.24096679688,574.107360839844
"CRS3035RES20000mN2240000E3520000",14.4007349014282,1306.16479492188,568.514953613281
"CRS3035RES20000mN2240000E3540000",15.5883779525757,1292.62341308594,555.767883300781
"CRS3035RES20000mN2240000E3560000",16.5532073974609,1209.47521972656,554.484558105469
"CRS3035RES20000mN2240000E3580000",18.144401550293,1234.52453613281,557.112670898438
"CRS3035RES20000mN2240000E3600000",18.3889827728271,1275.51916503906,555.1875
"CRS3035RES20000mN2240000E3620000",18.7260894775391,1212.08544921875,555.399475097656
"CRS3035RES20000mN2240000E3640000",19.489818572998,1035.48583984375,555.592834472656
"CRS3035RES20000mN2240000E3660000",19.6874465942383,945.935119628906,548.093627929688
"CRS3035RES20000mN2240000E3680000",20.3154392242432,824.303771972656,556.865600585938
"CRS3035RES20000mN2240000E3700000",20.6085929870605,820.029968261719,566.652526855469
"CRS3035RES20000mN2240000E3720000",22.2114849090576,696.165771484375,583.685302734375
"CRS3035RES20000mN2240000E3740000",23.0146198272705,624.19140625,579.090454101562
"CRS3035RES20000mN2240000E3760000",22.142972946167,608.386352539062,515.028747558594
"CRS3035RES20000mN2240000E3940000",21.9470558166504,622.730651855469,528.544860839844
"CRS3035RES20000mN2240000E3960000",20.7163581848145,761.696166992188,529.3603515625
"CRS3035RES20000mN2240000E3980000",20.8357238769531,834.226501464844,572.444763183594
"CRS3035RES20000mN2240000E4000000",22.9545612335205,825.638549804688,617.039123535156
"CRS3035RES20000mN2240000E4020000",23.1365165710449,907.81103515625,598.354125976562
"CRS3035RES20000mN2240000E4040000",23.3368015289307,845.515625,539.395141601562
"CRS3035RES20000mN2240000E4340000",23.2806510925293,765.90869140625,542.187927246094
"CRS3035RES20000mN2240000E4360000",22.5205001831055,910.304565429688,592.206848144531
"CRS3035RES20000mN2240000E4380000",22.1991863250732,812.577209472656,631.273010253906
"CRS3035RES20000mN2240000E4400000",21.7385025024414,829.532348632812,642.270385742188
"CRS3035RES20000mN2240000E4420000",22.0980911254883,814.412170410156,657.090270996094
"CRS3035RES20000mN2240000E4440000",21.9532051086426,873.583801269531,664.232177734375
"CRS3035RES20000mN2240000E4460000",22.4082794189453,898.194641113281,674.002197265625
"CRS3035RES20000mN2240000E4480000",20.873685836792,1026.91003417969,656.113952636719
"CRS3035RES20000mN1660000E4540000",25.0871486663818,613.582885742188,511.707000732422
"CRS3035RES20000mN2240000E4500000",21.689567565918,897.971740722656,668.276672363281
"CRS3035RES20000mN2240000E4520000",20.7274017333984,1066.83410644531,658.975891113281
"CRS3035RES20000mN2240000E4540000",20.457052230835,1031.00695800781,660.166137695312
"CRS3035RES20000mN2240000E4560000",21.1776313781738,1038.47326660156,674.918395996094
"CRS3035RES20000mN2240000E4580000",23.0366764068604,815.146118164062,679.436706542969
"CRS3035RES20000mN2240000E4600000",23.6258850097656,734.633483886719,649.090026855469
"CRS3035RES20000mN2240000E4620000",23.8178997039795,626.636047363281,591.499450683594
"CRS3035RES20000mN1660000E4560000",25.1859474182129,673.837036132812,566.055908203125
"CRS3035RES20000mN1660000E4580000",25.6227283477783,744.937561035156,582.244323730469
"CRS3035RES20000mN1660000E4600000",23.158296585083,908.331176757812,564.542785644531
"CRS3035RES20000mN1660000E4620000",24.2167873382568,738.976684570312,523.646911621094
"CRS3035RES20000mN1660000E4640000",24.7547454833984,641.24462890625,501.427947998047
"CRS3035RES20000mN1660000E4660000",24.0331993103027,671.900451660156,496.946380615234
"CRS3035RES20000mN1660000E4680000",24.0338649749756,647.014465332031,505.971496582031
"CRS3035RES20000mN1660000E4700000",23.4446506500244,715.227905273438,519.90966796875
"CRS3035RES20000mN1660000E4720000",21.5600109100342,835.0859375,542.594482421875
"CRS3035RES20000mN1660000E4740000",19.6825103759766,916.610168457031,568.400756835938
"CRS3035RES20000mN1660000E4760000",21.2313709259033,910.91845703125,560.106628417969
"CRS3035RES20000mN1660000E4780000",22.3936080932617,887.053161621094,527.569885253906
"CRS3035RES20000mN2260000E2760000",18.609375,1828.97717285156,331.971740722656
"CRS3035RES20000mN2260000E2780000",19.1721115112305,1873.80822753906,414.661315917969
"CRS3035RES20000mN2260000E2800000",18.8416576385498,2143.48364257812,450.715209960938
"CRS3035RES20000mN2260000E2820000",17.5123252868652,1788.16125488281,460.043975830078
"CRS3035RES20000mN1660000E4800000",25.1115798950195,639.63427734375,522.429626464844
"CRS3035RES20000mN2260000E2840000",16.9243221282959,1266.80627441406,465.568206787109
"CRS3035RES20000mN2260000E2860000",18.1222362518311,1164.84582519531,486.982391357422
"CRS3035RES20000mN2260000E2880000",18.277437210083,1316.65380859375,504.055572509766
"CRS3035RES20000mN2260000E2900000",17.6517810821533,1453.98498535156,513.976135253906
"CRS3035RES20000mN2260000E2920000",14.8485813140869,1755.49401855469,515.047973632812
"CRS3035RES20000mN2260000E2940000",15.3172664642334,1480.92260742188,521.404663085938
"CRS3035RES20000mN2260000E2960000",16.2748222351074,1137.88244628906,529.51611328125
"CRS3035RES20000mN2260000E2980000",18.162166595459,860.155639648438,549.739196777344
"CRS3035RES20000mN2260000E3000000",19.9577922821045,639.094055175781,574.143859863281
"CRS3035RES20000mN2260000E3020000",20.2674007415771,525.00634765625,585.906311035156
"CRS3035RES20000mN1660000E4820000",24.4003753662109,647.856872558594,529.767578125
"CRS3035RES20000mN2260000E3040000",20.355152130127,498.501007080078,592.63818359375
"CRS3035RES20000mN2260000E3060000",19.936840057373,559.089782714844,586.955688476562
"CRS3035RES20000mN2260000E3080000",19.6507205963135,612.906433105469,580.462585449219
"CRS3035RES20000mN2260000E3100000",19.0662612915039,649.943542480469,571.245361328125
"CRS3035RES20000mN2260000E3120000",18.6512355804443,637.990234375,555.527221679688
"CRS3035RES20000mN2260000E3140000",18.3351058959961,593.675048828125,540.683959960938
"CRS3035RES20000mN2260000E3160000",17.7373600006104,606.843200683594,528.860412597656
"CRS3035RES20000mN2260000E3180000",16.9383983612061,665.980651855469,514.912536621094
"CRS3035RES20000mN2260000E3200000",17.1609134674072,701.112426757812,505.170471191406
"CRS3035RES20000mN2260000E3220000",17.7889709472656,667.634155273438,496.575714111328
"CRS3035RES20000mN1660000E4840000",24.6833686828613,627.769836425781,532.13330078125
"CRS3035RES20000mN2260000E3240000",17.7297916412354,698.755493164062,493.290618896484
"CRS3035RES20000mN2260000E3260000",18.2608242034912,784.114685058594,496.059356689453
"CRS3035RES20000mN2260000E3280000",17.663875579834,1002.24963378906,500.279144287109
"CRS3035RES20000mN2260000E3300000",17.3109722137451,1092.22790527344,506.717071533203
"CRS3035RES20000mN2260000E3320000",17.0959281921387,1219.24182128906,512.037658691406
"CRS3035RES20000mN2260000E3340000",17.6243953704834,1200.66577148438,517.43115234375
"CRS3035RES20000mN2260000E3360000",18.5328617095947,1175.65710449219,522.014526367188
"CRS3035RES20000mN2260000E3380000",17.4728851318359,1521.72509765625,522.098937988281
"CRS3035RES20000mN2260000E3400000",16.2869167327881,1621.23327636719,522.4453125
"CRS3035RES20000mN2260000E3420000",15.5538568496704,1913.46252441406,525.905334472656
"CRS3035RES20000mN1660000E4860000",25.1453399658203,619.981323242188,494.904296875
"CRS3035RES20000mN2260000E3440000",15.1954536437988,1882.47253417969,525.0380859375
"CRS3035RES20000mN2260000E3460000",14.6966342926025,1846.65966796875,528.437622070312
"CRS3035RES20000mN2260000E3480000",16.475830078125,1526.99304199219,531.853515625
"CRS3035RES20000mN2260000E3500000",17.2412757873535,1378.73229980469,536.2744140625
"CRS3035RES20000mN2260000E3520000",18.3063430786133,1267.11901855469,536.930908203125
"CRS3035RES20000mN2260000E3540000",18.8452434539795,1204.57446289062,534.409851074219
"CRS3035RES20000mN2260000E3560000",19.6124687194824,1083.322265625,543.978454589844
"CRS3035RES20000mN2260000E3580000",19.954870223999,1019.21343994141,551.241394042969
"CRS3035RES20000mN2260000E3600000",20.0541706085205,973.984802246094,553.133666992188
"CRS3035RES20000mN2260000E3620000",20.2879066467285,908.894104003906,555.202209472656
"CRS3035RES20000mN2260000E3640000",20.4183197021484,822.334350585938,557.870483398438
"CRS3035RES20000mN2260000E3660000",20.5449867248535,796.150817871094,560.453674316406
"CRS3035RES20000mN2260000E3680000",20.9620170593262,787.33349609375,572.309875488281
"CRS3035RES20000mN2260000E3700000",21.434440612793,811.158325195312,581.178161621094
"CRS3035RES20000mN2260000E3720000",21.9997959136963,750.599487304688,585.565124511719
"CRS3035RES20000mN2260000E3740000",22.5899639129639,679.509582519531,583.001953125
"CRS3035RES20000mN2260000E3760000",22.1793384552002,660.6357421875,540.596008300781
"CRS3035RES20000mN2260000E3780000",21.8601226806641,634.696350097656,505.524322509766
"CRS3035RES20000mN2260000E3800000",21.5789661407471,616.790710449219,477.983184814453
"CRS3035RES20000mN2260000E3840000",21.5584201812744,587.551940917969,474.849609375
"CRS3035RES20000mN2260000E3860000",21.6634864807129,564.862060546875,483.287841796875
"CRS3035RES20000mN2260000E3880000",22.4275646209717,562.81640625,524.1923828125
"CRS3035RES20000mN2260000E3900000",23.4573822021484,578.451843261719,586.694641113281
"CRS3035RES20000mN2260000E3920000",23.4173545837402,572.386108398438,612.509887695312
"CRS3035RES20000mN2260000E3940000",22.2394275665283,658.770446777344,609.872253417969
"CRS3035RES20000mN2260000E3960000",21.5153274536133,691.870971679688,611.982971191406
"CRS3035RES20000mN2260000E3980000",21.9335861206055,748.674255371094,633.521423339844
"CRS3035RES20000mN2260000E4000000",22.7180862426758,812.057189941406,642.340087890625
"CRS3035RES20000mN2260000E4020000",23.0372295379639,839.105407714844,614.809387207031
"CRS3035RES20000mN2260000E4040000",23.0856742858887,879.388671875,576.846252441406
"CRS3035RES20000mN2260000E4060000",22.8703479766846,894.4287109375,539.985107421875
"CRS3035RES20000mN2260000E4080000",23.0854110717773,828.031127929688,507.782836914062
"CRS3035RES20000mN2260000E4340000",22.9594707489014,884.072021484375,568.894348144531
"CRS3035RES20000mN2260000E4360000",22.7651100158691,875.477783203125,627.30419921875
"CRS3035RES20000mN2260000E4380000",22.3408851623535,883.249938964844,645.977416992188
"CRS3035RES20000mN2260000E4400000",22.2859020233154,912.876159667969,656.118286132812
"CRS3035RES20000mN2260000E4420000",20.957426071167,1065.05834960938,646.673767089844
"CRS3035RES20000mN2260000E4440000",21.9425792694092,940.653076171875,669.331115722656
"CRS3035RES20000mN2260000E4460000",21.5172634124756,977.944885253906,669.966064453125
"CRS3035RES20000mN2260000E4480000",21.1613845825195,939.723999023438,668.077026367188
"CRS3035RES20000mN2260000E4500000",20.3030376434326,1060.12976074219,657.543579101562
"CRS3035RES20000mN2260000E4520000",20.0628814697266,1138.40307617188,654.943298339844
"CRS3035RES20000mN2260000E4540000",21.4174270629883,1050.32800292969,668.557739257812
"CRS3035RES20000mN2260000E4560000",22.9900970458984,865.199951171875,681.485900878906
"CRS3035RES20000mN2260000E4580000",23.8466567993164,743.045349121094,672.256469726562
"CRS3035RES20000mN2260000E4600000",23.9146404266357,706.762268066406,631.588623046875
"CRS3035RES20000mN2260000E4620000",23.8163681030273,613.174255371094,580.817016601562
"CRS3035RES20000mN2280000E2760000",18.246114730835,1734.65759277344,294.601928710938
"CRS3035RES20000mN2280000E2780000",19.063814163208,1728.69323730469,385.793121337891
"CRS3035RES20000mN2280000E2800000",19.0214195251465,1939.56909179688,435.947479248047
"CRS3035RES20000mN2280000E2820000",17.2727565765381,1718.03393554688,452.983856201172
"CRS3035RES20000mN2280000E2840000",17.8204212188721,1099.36657714844,458.306915283203
"CRS3035RES20000mN2280000E2860000",18.2586212158203,1174.357421875,470.089141845703
"CRS3035RES20000mN2280000E2880000",15.7658042907715,1466.09313964844,474.713928222656
"CRS3035RES20000mN2280000E2900000",16.8416881561279,1244.05310058594,492.975158691406
"CRS3035RES20000mN2280000E2920000",16.6073780059814,1597.83239746094,507.032318115234
"CRS3035RES20000mN2280000E2940000",16.0960102081299,1369.99072265625,514.415771484375
"CRS3035RES20000mN2280000E2960000",15.2699708938599,1181.9521484375,519.473815917969
"CRS3035RES20000mN2280000E2980000",17.2985363006592,889.420532226562,540.823974609375
"CRS3035RES20000mN2280000E3000000",19.1531829833984,689.297302246094,560.92724609375
"CRS3035RES20000mN2280000E3020000",19.5234279632568,605.740295410156,572.3994140625
"CRS3035RES20000mN2280000E3040000",19.8642559051514,586.362609863281,582.73779296875
"CRS3035RES20000mN2280000E3060000",19.4621810913086,681.960510253906,578.167541503906
"CRS3035RES20000mN2280000E3080000",18.9520225524902,778.085327148438,572.389953613281
"CRS3035RES20000mN2280000E3100000",18.0810108184814,874.969848632812,563.358093261719
"CRS3035RES20000mN2280000E3120000",17.6972370147705,789.239807128906,547.226318359375
"CRS3035RES20000mN2280000E3140000",17.4543113708496,693.797607421875,529.111145019531
"CRS3035RES20000mN2280000E3160000",16.8378467559814,702.660278320312,513.212341308594
"CRS3035RES20000mN2280000E3180000",16.8596458435059,704.305969238281,497.807495117188
"CRS3035RES20000mN2280000E3200000",16.6957988739014,795.346496582031,489.256744384766
"CRS3035RES20000mN2280000E3220000",17.5006809234619,764.258850097656,485.093292236328
"CRS3035RES20000mN2280000E3240000",16.9999713897705,924.233703613281,477.829498291016
"CRS3035RES20000mN2280000E3260000",17.1739654541016,1031.20166015625,473.233978271484
"CRS3035RES20000mN2280000E3280000",17.6697101593018,1142.5673828125,472.617218017578
"CRS3035RES20000mN2280000E3300000",17.148509979248,1495.8291015625,472.730529785156
"CRS3035RES20000mN2280000E3320000",17.7052783966064,1524.72192382812,469.270324707031
"CRS3035RES20000mN2280000E3340000",16.9518890380859,1744.81030273438,475.314178466797
"CRS3035RES20000mN2280000E3360000",17.3855381011963,1792.83935546875,480.567352294922
"CRS3035RES20000mN2280000E3380000",17.1109218597412,1868.67321777344,489.11328125
"CRS3035RES20000mN2280000E3400000",17.5637474060059,1687.1142578125,490.374359130859
"CRS3035RES20000mN2280000E3420000",18.1667327880859,1741.17822265625,501.757354736328
"CRS3035RES20000mN2280000E3440000",19.2831707000732,1542.95617675781,498.102508544922
"CRS3035RES20000mN2280000E3460000",19.3576564788818,1470.00903320312,503.535003662109
"CRS3035RES20000mN2280000E3480000",19.6606960296631,1319.9072265625,511.447906494141
"CRS3035RES20000mN2280000E3500000",19.4352722167969,1258.7646484375,521.220153808594
"CRS3035RES20000mN2280000E3520000",19.7089252471924,1120.46801757812,529.650390625
"CRS3035RES20000mN2280000E3540000",19.7772769927979,999.605163574219,537.144470214844
"CRS3035RES20000mN2280000E3560000",20.1766052246094,858.704711914062,548.874145507812
"CRS3035RES20000mN2280000E3580000",20.322681427002,812.252624511719,555.169494628906
"CRS3035RES20000mN2280000E3600000",20.753396987915,782.57568359375,560.653442382812
"CRS3035RES20000mN2280000E3620000",20.8311576843262,758.450500488281,563.706115722656
"CRS3035RES20000mN2280000E3640000",20.8168754577637,746.823120117188,563.515991210938
"CRS3035RES20000mN2280000E3660000",20.5134258270264,889.279663085938,563.869323730469
"CRS3035RES20000mN2280000E3680000",18.7428855895996,1284.66772460938,552.235656738281
"CRS3035RES20000mN2280000E3700000",18.5500659942627,1301.82897949219,553.985473632812
"CRS3035RES20000mN2280000E3720000",18.8257789611816,1211.19348144531,556.366333007812
"CRS3035RES20000mN2280000E3740000",20.7872791290283,947.904357910156,577.544494628906
"CRS3035RES20000mN2280000E3760000",21.8636245727539,847.993225097656,579.98681640625
"CRS3035RES20000mN2280000E3780000",22.1733932495117,780.243041992188,558.170776367188
"CRS3035RES20000mN2280000E3800000",21.6884536743164,782.78173828125,529.488098144531
"CRS3035RES20000mN2280000E3820000",22.26047706604,693.179443359375,531.715759277344
"CRS3035RES20000mN2280000E3840000",22.4828720092773,640.2451171875,541.367126464844
"CRS3035RES20000mN2280000E3860000",22.7148723602295,634.936096191406,552.607055664062
"CRS3035RES20000mN2280000E3880000",23.4872817993164,631.846923828125,595.230834960938
"CRS3035RES20000mN2280000E3900000",24.0769100189209,613.874084472656,641.896118164062
"CRS3035RES20000mN2280000E3920000",23.6070346832275,656.654357910156,658.996643066406
"CRS3035RES20000mN2280000E3940000",22.52223777771,701.494812011719,654.318969726562
"CRS3035RES20000mN2280000E3960000",21.7361679077148,721.850158691406,651.232727050781
"CRS3035RES20000mN2280000E3980000",21.511344909668,750.731506347656,650.991760253906
"CRS3035RES20000mN2280000E4000000",20.7514038085938,958.233642578125,633.998229980469
"CRS3035RES20000mN2280000E4020000",19.0635547637939,993.270568847656,605.24560546875
"CRS3035RES20000mN2280000E4040000",19.3541088104248,1057.67126464844,599.140625
"CRS3035RES20000mN2280000E4060000",20.0821895599365,1103.53100585938,580.076904296875
"CRS3035RES20000mN2280000E4080000",22.1278705596924,918.498474121094,557.698486328125
"CRS3035RES20000mN2280000E4100000",22.5593128204346,799.468078613281,515.103881835938
"CRS3035RES20000mN2280000E4120000",22.869047164917,732.453735351562,486.556976318359
"CRS3035RES20000mN2280000E4340000",22.859992980957,880.572937011719,580.410888671875
"CRS3035RES20000mN2280000E4360000",22.5671806335449,887.575500488281,644.954406738281
"CRS3035RES20000mN2280000E4380000",22.9719390869141,867.410400390625,663.193115234375
"CRS3035RES20000mN2280000E4400000",22.6541652679443,1003.58575439453,665.357177734375
"CRS3035RES20000mN2280000E4420000",22.2857723236084,1163.2744140625,666.247314453125
"CRS3035RES20000mN2280000E4440000",19.1991844177246,1294.67004394531,645.834106445312
"CRS3035RES20000mN2280000E4460000",19.715160369873,1104.18127441406,658.864135742188
"CRS3035RES20000mN2280000E4480000",18.9747982025146,1100.05603027344,652.248291015625
"CRS3035RES20000mN2280000E4500000",20.0485744476318,1061.74047851562,655.787658691406
"CRS3035RES20000mN2280000E4520000",21.8632202148438,958.668029785156,664.282409667969
"CRS3035RES20000mN2280000E4540000",22.6271915435791,903.849426269531,665.054321289062
"CRS3035RES20000mN2280000E4560000",23.9079494476318,776.403259277344,664.036560058594
"CRS3035RES20000mN2280000E4580000",24.1574821472168,708.553894042969,636.580444335938
"CRS3035RES20000mN2280000E4600000",23.7595348358154,670.649047851562,589.334777832031
"CRS3035RES20000mN1660000E6400000",27.738037109375,495.955902099609,639.338623046875
"CRS3035RES20000mN1660000E6420000",28.7904472351074,410.14013671875,687.764953613281
"CRS3035RES20000mN1660000E6440000",29.3139915466309,365.087432861328,680.530883789062
"CRS3035RES20000mN1660000E6460000",28.4285888671875,358.125457763672,606.28466796875
"CRS3035RES20000mN1660000E6480000",26.7365188598633,366.961944580078,500.938751220703
"CRS3035RES20000mN1660000E6500000",26.233211517334,384.656402587891,460.144927978516
"CRS3035RES20000mN1680000E2840000",24.3764038085938,559.367126464844,444.121063232422
"CRS3035RES20000mN2300000E2760000",18.0934944152832,1640.61804199219,265.895355224609
"CRS3035RES20000mN2300000E2780000",18.6653518676758,1766.4091796875,354.500213623047
"CRS3035RES20000mN2300000E2800000",18.7879829406738,2056.619140625,418.50439453125
"CRS3035RES20000mN2300000E2820000",18.3141479492188,1494.89782714844,440.546447753906
"CRS3035RES20000mN2300000E2840000",19.0823631286621,1031.5859375,447.120544433594
"CRS3035RES20000mN2300000E2860000",18.4502868652344,1147.478515625,454.041381835938
"CRS3035RES20000mN2300000E2880000",17.8296813964844,1185.06335449219,464.097778320312
"CRS3035RES20000mN2300000E2900000",18.3943824768066,1149.14245605469,484.348266601562
"CRS3035RES20000mN2300000E2920000",18.0726509094238,1323.79467773438,502.802337646484
"CRS3035RES20000mN2300000E2940000",19.6306858062744,1148.02392578125,525.568725585938
"CRS3035RES20000mN1680000E2860000",25.6593017578125,565.302734375,522.119689941406
"CRS3035RES20000mN2300000E2960000",19.2153434753418,1190.17407226562,538.669128417969
"CRS3035RES20000mN2300000E2980000",17.5695877075195,1025.47277832031,541.908813476562
"CRS3035RES20000mN2300000E3000000",17.6398639678955,841.415710449219,546.778137207031
"CRS3035RES20000mN2300000E3020000",18.0345077514648,741.249145507812,550.939392089844
"CRS3035RES20000mN2300000E3040000",18.3180751800537,762.780639648438,558.742919921875
"CRS3035RES20000mN2300000E3060000",18.0952377319336,918.19677734375,559.057250976562
"CRS3035RES20000mN2300000E3080000",17.5927429199219,1120.84362792969,556.540649414062
"CRS3035RES20000mN2300000E3100000",16.3461532592773,1225.94409179688,547.146301269531
"CRS3035RES20000mN2300000E3120000",15.5579462051392,1080.35900878906,526.095153808594
"CRS3035RES20000mN2300000E3140000",15.5181226730347,933.175659179688,504.47314453125
"CRS3035RES20000mN1680000E2880000",25.8328475952148,617.5478515625,551.06884765625
"CRS3035RES20000mN2300000E3160000",16.0662307739258,928.888549804688,490.174896240234
"CRS3035RES20000mN2300000E3180000",16.278018951416,976.483215332031,472.119934082031
"CRS3035RES20000mN2300000E3200000",16.7428760528564,1041.47290039062,463.518035888672
"CRS3035RES20000mN2300000E3220000",17.0120296478271,1139.83801269531,460.213684082031
"CRS3035RES20000mN2300000E3240000",17.2541408538818,1217.91564941406,449.148406982422
"CRS3035RES20000mN2300000E3260000",18.0439167022705,1171.06481933594,434.097625732422
"CRS3035RES20000mN2300000E3280000",17.7087020874023,1400.19030761719,433.612457275391
"CRS3035RES20000mN2300000E3300000",18.0898723602295,1553.47509765625,426.697204589844
"CRS3035RES20000mN2300000E3320000",18.0794277191162,1862.11328125,422.4296875
"CRS3035RES20000mN2300000E3340000",18.3995494842529,1979.48901367188,423.782012939453
"CRS3035RES20000mN1680000E2900000",25.7061462402344,715.252014160156,553.671447753906
"CRS3035RES20000mN2300000E3360000",18.2592926025391,2057.94897460938,444.736083984375
"CRS3035RES20000mN2300000E3380000",18.5039081573486,1993.46606445312,458.564727783203
"CRS3035RES20000mN2300000E3400000",19.1910667419434,1564.74938964844,468.891571044922
"CRS3035RES20000mN2300000E3420000",19.9793186187744,1384.61560058594,494.321075439453
"CRS3035RES20000mN2300000E3440000",20.0622444152832,1334.42004394531,503.783996582031
"CRS3035RES20000mN2300000E3460000",20.2282772064209,1232.96252441406,512.631713867188
"CRS3035RES20000mN2300000E3480000",19.950101852417,1207.94897460938,523.985412597656
"CRS3035RES20000mN2300000E3500000",20.1245708465576,1024.42236328125,536.055297851562
"CRS3035RES20000mN2300000E3520000",20.3460865020752,918.318237304688,545.283325195312
"CRS3035RES20000mN2300000E3540000",20.504508972168,824.375122070312,553.965148925781
"CRS3035RES20000mN1680000E2920000",25.7239303588867,849.055908203125,560.987182617188
"CRS3035RES20000mN2300000E3560000",20.6206378936768,764.250732421875,563.217346191406
"CRS3035RES20000mN2300000E3580000",20.8212051391602,718.787292480469,567.036437988281
"CRS3035RES20000mN2300000E3600000",20.8803577423096,706.673767089844,569.022216796875
"CRS3035RES20000mN2300000E3620000",21.183687210083,691.588012695312,575.279846191406
"CRS3035RES20000mN2300000E3640000",20.9005699157715,739.160034179688,569.368041992188
"CRS3035RES20000mN2300000E3660000",20.7058277130127,834.238708496094,567.390319824219
"CRS3035RES20000mN2300000E3680000",20.6478042602539,1107.40454101562,573.649719238281
"CRS3035RES20000mN2300000E3700000",18.6106109619141,1548.681640625,556.244934082031
"CRS3035RES20000mN2300000E3720000",16.9226970672607,1516.54748535156,539.584045410156
"CRS3035RES20000mN2300000E3740000",17.5932636260986,1439.16931152344,551.964538574219
"CRS3035RES20000mN1680000E2940000",25.2636032104492,925.875,571.510131835938
"CRS3035RES20000mN2300000E3760000",20.2221336364746,1106.26379394531,582.148010253906
"CRS3035RES20000mN2300000E3780000",21.4082622528076,1014.18542480469,589.243286132812
"CRS3035RES20000mN2300000E3800000",21.7551002502441,1004.64483642578,589.299621582031
"CRS3035RES20000mN2300000E3820000",22.775857925415,864.038208007812,608.468627929688
"CRS3035RES20000mN2300000E3840000",23.5818767547607,719.203735351562,628.442626953125
"CRS3035RES20000mN2300000E3860000",23.821382522583,703.786254882812,634.207946777344
"CRS3035RES20000mN2300000E3880000",24.1843891143799,672.89697265625,650.524230957031
"CRS3035RES20000mN2300000E3900000",23.7977676391602,662.847778320312,660.174682617188
"CRS3035RES20000mN2300000E3920000",23.0860424041748,734.802856445312,662.037780761719
"CRS3035RES20000mN2300000E3940000",21.8493614196777,780.991760253906,654.627502441406
"CRS3035RES20000mN1680000E2960000",24.3009471893311,730.287109375,570.830383300781
"CRS3035RES20000mN2300000E3960000",21.2521877288818,783.9169921875,653.018981933594
"CRS3035RES20000mN2300000E3980000",21.5035438537598,789.984436035156,659.241638183594
"CRS3035RES20000mN2300000E4000000",19.9379043579102,1018.35565185547,639.752990722656
"CRS3035RES20000mN2300000E4020000",16.8808841705322,1147.29162597656,617.084716796875
"CRS3035RES20000mN2300000E4040000",16.5210704803467,1150.07958984375,621.960998535156
"CRS3035RES20000mN2300000E4060000",17.5300483703613,1200.52038574219,614.994323730469
"CRS3035RES20000mN2300000E4080000",19.5514221191406,1078.06408691406,604.004089355469
"CRS3035RES20000mN2300000E4100000",18.9731254577637,1031.64819335938,577.724548339844
"CRS3035RES20000mN2300000E4120000",20.1634578704834,968.923217773438,556.822937011719
"CRS3035RES20000mN2300000E4140000",20.9788017272949,901.349609375,531.63134765625
"CRS3035RES20000mN1680000E2980000",23.8680553436279,534.139709472656,568.829223632812
"CRS3035RES20000mN2300000E4160000",22.5104007720947,710.043090820312,495.948394775391
"CRS3035RES20000mN2300000E4320000",22.8080768585205,957.975769042969,516.106811523438
"CRS3035RES20000mN2300000E4340000",21.407470703125,927.783203125,576.310363769531
"CRS3035RES20000mN2300000E4360000",21.5613918304443,803.167053222656,637.232788085938
"CRS3035RES20000mN2300000E4380000",22.0755672454834,908.200012207031,659.93603515625
"CRS3035RES20000mN2300000E4400000",22.2627296447754,1016.85083007812,669.725463867188
"CRS3035RES20000mN2300000E4420000",21.4481582641602,1200.49584960938,665.2353515625
"CRS3035RES20000mN2300000E4440000",19.6332035064697,1200.25036621094,652.865356445312
"CRS3035RES20000mN2300000E4460000",18.9038391113281,1139.85375976562,651.826721191406
"CRS3035RES20000mN2300000E4480000",20.0855007171631,1063.30224609375,667.837036132812
"CRS3035RES20000mN1680000E3000000",24.32688331604,498.485137939453,581.922180175781
"CRS3035RES20000mN2300000E4500000",20.6901607513428,1013.84985351562,657.139709472656
"CRS3035RES20000mN2300000E4520000",22.6100082397461,843.773986816406,646.790344238281
"CRS3035RES20000mN2300000E4540000",23.3456420898438,800.222595214844,629.024597167969
"CRS3035RES20000mN2300000E4560000",24.0265312194824,707.594177246094,618.714660644531
"CRS3035RES20000mN1680000E3020000",24.3939743041992,559.440002441406,593.731689453125
"CRS3035RES20000mN1680000E3040000",23.9602966308594,593.019287109375,610.540893554688
"CRS3035RES20000mN1680000E3060000",23.8435173034668,543.875427246094,629.274658203125
"CRS3035RES20000mN1680000E3080000",23.9005451202393,509.932556152344,643.751831054688
"CRS3035RES20000mN1680000E3100000",23.7570266723633,583.776306152344,653.490783691406
"CRS3035RES20000mN1680000E3120000",21.6818237304688,545.72314453125,652.711242675781
"CRS3035RES20000mN1680000E3140000",23.7167530059814,408.409973144531,661.770385742188
"CRS3035RES20000mN1680000E3160000",21.6246776580811,544.647705078125,662.243896484375
"CRS3035RES20000mN1680000E3180000",22.675199508667,406.687652587891,662.8447265625
"CRS3035RES20000mN1680000E3200000",22.20849609375,392.791076660156,641.701477050781
"CRS3035RES20000mN1680000E3220000",21.9214344024658,404.761932373047,614.841369628906
"CRS3035RES20000mN1680000E3240000",22.8184242248535,379.871368408203,609.068359375
"CRS3035RES20000mN2320000E2780000",18.8810615539551,1956.99841308594,336.886108398438
"CRS3035RES20000mN2320000E2800000",18.3747615814209,2217.08471679688,406.507629394531
"CRS3035RES20000mN2320000E2820000",17.346378326416,1564.41040039062,428.906158447266
"CRS3035RES20000mN2320000E2840000",17.7100296020508,1201.97387695312,431.254089355469
"CRS3035RES20000mN2320000E2860000",17.8339653015137,1151.80419921875,438.359832763672
"CRS3035RES20000mN2320000E2880000",18.6256446838379,1097.88659667969,448.905303955078
"CRS3035RES20000mN2320000E2900000",17.5034599304199,1611.52551269531,464.497222900391
"CRS3035RES20000mN2320000E2920000",15.8440742492676,1533.43212890625,481.996185302734
"CRS3035RES20000mN2320000E2940000",17.3949394226074,1351.16784667969,508.888000488281
"CRS3035RES20000mN2320000E2960000",18.3310222625732,1373.21362304688,530.359741210938
"CRS3035RES20000mN1680000E3260000",23.9395084381104,327.908203125,583.652893066406
"CRS3035RES20000mN2320000E2980000",15.4754724502563,1498.88671875,528.182250976562
"CRS3035RES20000mN2320000E3000000",14.7380676269531,1206.9736328125,522.1923828125
"CRS3035RES20000mN2320000E3020000",15.4371433258057,1044.08068847656,517.116149902344
"CRS3035RES20000mN2320000E3040000",15.4499635696411,1152.06872558594,515.668334960938
"CRS3035RES20000mN2320000E3060000",15.094220161438,1333.58947753906,516.963073730469
"CRS3035RES20000mN2320000E3080000",15.0209121704102,1488.45275878906,520.454895019531
"CRS3035RES20000mN2320000E3100000",14.3186893463135,1545.52099609375,513.647583007812
"CRS3035RES20000mN2320000E3120000",13.1975898742676,1443.32238769531,488.320434570312
"CRS3035RES20000mN2320000E3140000",14.1483879089355,1227.11804199219,460.661834716797
"CRS3035RES20000mN2320000E3160000",15.8121290206909,1187.16186523438,452.808898925781
"CRS3035RES20000mN1680000E3280000",24.0563297271729,276.874176025391,545.970031738281
"CRS3035RES20000mN2320000E3180000",17.1091079711914,1329.48291015625,442.771118164062
"CRS3035RES20000mN2320000E3200000",15.9428262710571,1687.21496582031,439.689086914062
"CRS3035RES20000mN2320000E3220000",17.0605297088623,1518.83227539062,431.795318603516
"CRS3035RES20000mN2320000E3240000",18.1326274871826,1302.15698242188,407.889221191406
"CRS3035RES20000mN2320000E3260000",18.6678867340088,1191.80993652344,388.062622070312
"CRS3035RES20000mN2320000E3280000",18.8098297119141,1315.67041015625,384.221374511719
"CRS3035RES20000mN2320000E3300000",18.9232177734375,1523.380859375,383.133514404297
"CRS3035RES20000mN2320000E3320000",19.5727558135986,1566.8037109375,373.935577392578
"CRS3035RES20000mN2320000E3340000",19.6972637176514,1790.88256835938,378.940979003906
"CRS3035RES20000mN2320000E3360000",19.8437805175781,1871.18688964844,399.236846923828
"CRS3035RES20000mN1680000E3300000",24.1645565032959,278.825042724609,504.4345703125
"CRS3035RES20000mN2320000E3380000",20.0328826904297,1704.81799316406,426.733215332031
"CRS3035RES20000mN2320000E3400000",20.1787872314453,1444.32556152344,467.64111328125
"CRS3035RES20000mN2320000E3420000",20.5053653717041,1306.01452636719,501.650024414062
"CRS3035RES20000mN2320000E3440000",20.5609874725342,1202.04113769531,523.278747558594
"CRS3035RES20000mN2320000E3460000",20.5714569091797,1102.56274414062,531.9580078125
"CRS3035RES20000mN2320000E3480000",20.5232734680176,1023.23706054688,539.199645996094
"CRS3035RES20000mN2320000E3500000",20.6898250579834,903.243103027344,548.921508789062
"CRS3035RES20000mN2320000E3520000",20.5990123748779,846.665100097656,554.576965332031
"CRS3035RES20000mN2320000E3540000",20.672477722168,784.657287597656,560.32763671875
"CRS3035RES20000mN2320000E3560000",20.8497982025146,726.932800292969,568.887573242188
"CRS3035RES20000mN1680000E3320000",24.1390113830566,298.369659423828,486.539672851562
"CRS3035RES20000mN2320000E3580000",20.961238861084,686.975036621094,570.827087402344
"CRS3035RES20000mN2320000E3600000",21.0027389526367,689.229736328125,570.902954101562
"CRS3035RES20000mN2320000E3620000",21.2676620483398,676.373474121094,577.877136230469
"CRS3035RES20000mN2320000E3640000",21.1288623809814,711.7744140625,574.693481445312
"CRS3035RES20000mN2320000E3660000",20.813304901123,808.618530273438,569.31982421875
"CRS3035RES20000mN2320000E3680000",20.3732509613037,1068.0185546875,568.888305664062
"CRS3035RES20000mN2320000E3700000",18.7374153137207,1461.14294433594,557.796936035156
"CRS3035RES20000mN2320000E3720000",18.2711563110352,1406.81030273438,561.251220703125
"CRS3035RES20000mN2320000E3740000",18.5658340454102,1249.19934082031,571.47265625
"CRS3035RES20000mN2320000E3760000",18.384033203125,1188.94653320312,571.560607910156
"CRS3035RES20000mN1680000E3340000",24.4982433319092,307.298522949219,463.975860595703
"CRS3035RES20000mN2320000E3780000",18.605396270752,1366.30725097656,576.807373046875
"CRS3035RES20000mN2320000E3800000",20.7246723175049,1299.05773925781,601.879455566406
"CRS3035RES20000mN2320000E3820000",22.2222537994385,1106.97009277344,626.644836425781
"CRS3035RES20000mN2320000E3840000",23.1312999725342,899.8701171875,646.202392578125
"CRS3035RES20000mN2320000E3860000",23.4528102874756,794.211486816406,650.279724121094
"CRS3035RES20000mN2320000E3880000",23.766695022583,739.789733886719,655.89794921875
"CRS3035RES20000mN2320000E3900000",24.0517711639404,692.344177246094,664.832946777344
"CRS3035RES20000mN2320000E3920000",22.6623859405518,863.079406738281,655.979553222656
"CRS3035RES20000mN2320000E3940000",19.8940620422363,974.863647460938,630.490966796875
"CRS3035RES20000mN2320000E3960000",19.3268032073975,882.3544921875,632.072204589844
"CRS3035RES20000mN1680000E3360000",24.1822776794434,310.303955078125,432.856018066406
"CRS3035RES20000mN2320000E3980000",20.4423885345459,807.070861816406,654.623291015625
"CRS3035RES20000mN2320000E4000000",19.7725238800049,982.181945800781,658.830383300781
"CRS3035RES20000mN2320000E4020000",16.9677429199219,1153.76293945312,648.484069824219
"CRS3035RES20000mN2320000E4040000",15.0657358169556,1162.9423828125,648.175354003906
"CRS3035RES20000mN2320000E4060000",16.4342708587646,1063.33447265625,647.79443359375
"CRS3035RES20000mN2320000E4080000",15.7726917266846,1214.14147949219,641.568481445312
"CRS3035RES20000mN2320000E4100000",13.395414352417,1369.72009277344,635.758483886719
"CRS3035RES20000mN2320000E4120000",15.4959831237793,1259.52124023438,630.228332519531
"CRS3035RES20000mN2320000E4140000",17.8199081420898,1163.31628417969,604.419189453125
"CRS3035RES20000mN2320000E4160000",21.0366344451904,889.849914550781,555.679748535156
"CRS3035RES20000mN2320000E4180000",22.6613750457764,786.982849121094,510.315185546875
"CRS3035RES20000mN2320000E4280000",22.6208667755127,1006.31823730469,503.946990966797
"CRS3035RES20000mN2320000E4300000",22.3404178619385,1020.73889160156,532.387145996094
"CRS3035RES20000mN2320000E4320000",20.3467140197754,1227.57299804688,552.873046875
"CRS3035RES20000mN2320000E4340000",18.7599601745605,972.263793945312,595.319885253906
"CRS3035RES20000mN2320000E4360000",17.632604598999,821.623046875,620.951477050781
"CRS3035RES20000mN2320000E4380000",17.5642509460449,1102.09436035156,626.826904296875
"CRS3035RES20000mN2320000E4400000",19.3871212005615,1151.43017578125,650.400634765625
"CRS3035RES20000mN2320000E4420000",20.0747165679932,1078.44482421875,657.72998046875
"CRS3035RES20000mN2320000E4440000",19.6429557800293,1119.72717285156,654.630981445312
"CRS3035RES20000mN1680000E4560000",25.390115737915,620.546142578125,507.334320068359
"CRS3035RES20000mN2320000E4460000",21.4320507049561,943.007507324219,686.475524902344
"CRS3035RES20000mN2320000E4480000",22.8817367553711,804.135681152344,706.164794921875
"CRS3035RES20000mN2320000E4500000",23.577184677124,751.034240722656,691.272155761719
"CRS3035RES20000mN2320000E4520000",23.8162708282471,729.083312988281,640.341552734375
"CRS3035RES20000mN2320000E4540000",23.5184516906738,708.872619628906,590.4248046875
"CRS3035RES20000mN1680000E4580000",25.4393749237061,671.443603515625,515.404418945312
"CRS3035RES20000mN1680000E4600000",24.9872817993164,721.129089355469,498.485198974609
"CRS3035RES20000mN1680000E4720000",25.1970539093018,658.334777832031,494.591705322266
"CRS3035RES20000mN1680000E4740000",24.2558174133301,706.060729980469,512.998168945312
"CRS3035RES20000mN1680000E4760000",24.7109031677246,727.008544921875,515.973327636719
"CRS3035RES20000mN1680000E4780000",23.0083236694336,824.685363769531,516.173645019531
"CRS3035RES20000mN1680000E4800000",24.1963176727295,762.268493652344,522.912353515625
"CRS3035RES20000mN1680000E4820000",20.8275890350342,1133.93017578125,550.713012695312
"CRS3035RES20000mN1680000E4840000",20.8494644165039,959.345336914062,556.125061035156
"CRS3035RES20000mN1680000E4860000",24.8929233551025,714.131225585938,511.54931640625
"CRS3035RES20000mN2340000E2780000",19.2122688293457,1888.00695800781,346.190185546875
"CRS3035RES20000mN2340000E2800000",18.5287132263184,2208.79174804688,393.925506591797
"CRS3035RES20000mN2340000E2820000",17.2171020507812,1837.78063964844,410.022064208984
"CRS3035RES20000mN2340000E2840000",17.119441986084,1400.4921875,411.258453369141
"CRS3035RES20000mN2340000E2860000",17.0963802337646,1272.76000976562,422.078155517578
"CRS3035RES20000mN2340000E2880000",17.6255645751953,1172.85180664062,431.346710205078
"CRS3035RES20000mN2340000E2900000",17.5347499847412,1517.34899902344,443.269195556641
"CRS3035RES20000mN2340000E2920000",16.9598655700684,1529.58325195312,462.661254882812
"CRS3035RES20000mN2340000E2940000",15.4668893814087,1603.5908203125,481.646392822266
"CRS3035RES20000mN2340000E2960000",15.147686958313,1526.03930664062,494.015502929688
"CRS3035RES20000mN2340000E2980000",13.8669691085815,1589.89514160156,493.558197021484
"CRS3035RES20000mN2340000E3000000",12.9294586181641,1336.02111816406,487.106018066406
"CRS3035RES20000mN2340000E3020000",13.8121366500854,1278.40710449219,476.203308105469
"CRS3035RES20000mN2340000E3040000",14.4012641906738,1353.51147460938,469.124755859375
"CRS3035RES20000mN2340000E3060000",14.0418148040771,1512.00866699219,468.747833251953
"CRS3035RES20000mN2340000E3080000",14.4887046813965,1660.00817871094,474.983703613281
"CRS3035RES20000mN2340000E3100000",13.4167165756226,1787.16284179688,470.500061035156
"CRS3035RES20000mN2340000E3120000",14.7771234512329,1740.92114257812,437.582702636719
"CRS3035RES20000mN2340000E3140000",16.6813812255859,1503.49768066406,395.832092285156
"CRS3035RES20000mN2340000E3160000",18.0257987976074,1314.51257324219,393.46875
"CRS3035RES20000mN2340000E3180000",18.9916610717773,1376.29467773438,401.538208007812
"CRS3035RES20000mN2340000E3200000",18.8649921417236,1563.10119628906,398.434631347656
"CRS3035RES20000mN2340000E3220000",19.1797637939453,1454.63793945312,394.879608154297
"CRS3035RES20000mN2340000E3240000",19.3193359375,1287.3798828125,373.825714111328
"CRS3035RES20000mN2340000E3260000",19.4505767822266,1148.30163574219,353.804870605469
"CRS3035RES20000mN2340000E3280000",19.3815364837646,1254.72485351562,353.548583984375
"CRS3035RES20000mN2340000E3300000",19.7135734558105,1368.11828613281,351.685913085938
"CRS3035RES20000mN2340000E3380000",20.2006950378418,1557.23132324219,403.893829345703
"CRS3035RES20000mN2340000E3400000",20.2825126647949,1358.31787109375,452.866455078125
"CRS3035RES20000mN2340000E3420000",20.6121692657471,1255.86108398438,499.350067138672
"CRS3035RES20000mN2340000E3440000",20.7904243469238,1124.26513671875,526.825805664062
"CRS3035RES20000mN2340000E3460000",20.8028793334961,1041.859375,536.191833496094
"CRS3035RES20000mN2340000E3480000",20.8290500640869,949.23779296875,542.49072265625
"CRS3035RES20000mN2340000E3500000",20.889575958252,857.066772460938,552.7939453125
"CRS3035RES20000mN2340000E3520000",20.7743358612061,820.204040527344,559.253112792969
"CRS3035RES20000mN2340000E3540000",20.892297744751,740.749877929688,565.776184082031
"CRS3035RES20000mN2340000E3560000",21.048713684082,716.416198730469,575.590881347656
"CRS3035RES20000mN2340000E3580000",20.9790267944336,714.344421386719,577.067199707031
"CRS3035RES20000mN2340000E3600000",21.1503829956055,697.526794433594,577.745971679688
"CRS3035RES20000mN2340000E3620000",21.2919654846191,695.574279785156,583.044982910156
"CRS3035RES20000mN2340000E3640000",20.8856582641602,756.701171875,578.576843261719
"CRS3035RES20000mN2340000E3660000",20.7682495117188,793.344543457031,576.008850097656
"CRS3035RES20000mN2340000E3680000",20.5337467193604,907.082763671875,577.566650390625
"CRS3035RES20000mN2340000E3700000",19.5547504425049,1104.84838867188,572.957092285156
"CRS3035RES20000mN2340000E3720000",19.015645980835,1100.21850585938,574.47802734375
"CRS3035RES20000mN2340000E3740000",18.9303760528564,1072.73059082031,581.285949707031
"CRS3035RES20000mN2340000E3760000",17.8717555999756,1109.52514648438,573.982482910156
"CRS3035RES20000mN2340000E3780000",17.3189563751221,1222.88562011719,571.877502441406
"CRS3035RES20000mN2340000E3800000",18.1891670227051,1511.126953125,581.2490234375
"CRS3035RES20000mN2340000E3820000",20.7704658508301,1403.2666015625,610.801879882812
"CRS3035RES20000mN2340000E3840000",22.5745487213135,1095.19189453125,636.724365234375
"CRS3035RES20000mN2340000E3860000",22.5154819488525,963.355285644531,640.618713378906
"CRS3035RES20000mN2340000E3880000",23.4327259063721,827.276489257812,656.396118164062
"CRS3035RES20000mN2340000E3900000",23.7789630889893,785.457946777344,667.016052246094
"CRS3035RES20000mN2340000E3920000",21.9233589172363,996.61279296875,654.229553222656
"CRS3035RES20000mN2340000E3940000",18.1667098999023,1083.77990722656,619.699096679688
"CRS3035RES20000mN2340000E3960000",17.0707912445068,1041.25708007812,619.61474609375
"CRS3035RES20000mN2340000E3980000",18.5302658081055,935.073303222656,645.967651367188
"CRS3035RES20000mN2340000E4000000",17.3247261047363,1099.82861328125,659.342163085938
"CRS3035RES20000mN2340000E4020000",16.0303363800049,1217.259765625,672.047607421875
"CRS3035RES20000mN2340000E4040000",11.5024175643921,1497.60705566406,678.954162597656
"CRS3035RES20000mN2340000E4060000",11.7606267929077,1401.04602050781,677.062316894531
"CRS3035RES20000mN2340000E4080000",11.9252319335938,1423.10217285156,672.056030273438
"CRS3035RES20000mN2340000E4100000",14.1415214538574,1310.03820800781,673.698547363281
"CRS3035RES20000mN2340000E4120000",15.6341228485107,1152.68591308594,673.480773925781
"CRS3035RES20000mN2340000E4140000",15.951301574707,1130.0166015625,653.317443847656
"CRS3035RES20000mN2340000E4160000",18.5065078735352,1108.73474121094,616.031799316406
"CRS3035RES20000mN2340000E4180000",21.1708564758301,1002.94396972656,570.133117675781
"CRS3035RES20000mN2340000E4200000",22.6758556365967,1001.86895751953,532.167541503906
"CRS3035RES20000mN2340000E4240000",22.7735366821289,1120.56433105469,497.071472167969
"CRS3035RES20000mN2340000E4260000",22.2194499969482,1214.68493652344,511.983520507812
"CRS3035RES20000mN2340000E4280000",20.4093112945557,1360.5654296875,552.696960449219
"CRS3035RES20000mN2340000E4300000",20.58251953125,1243.52001953125,604.968139648438
"CRS3035RES20000mN2340000E4320000",19.3775997161865,1200.31970214844,627.143859863281
"CRS3035RES20000mN2340000E4340000",16.1431217193604,948.68896484375,630.931396484375
"CRS3035RES20000mN2340000E4360000",17.0398330688477,811.675964355469,652.161071777344
"CRS3035RES20000mN2340000E4380000",19.6375751495361,907.799865722656,677.688598632812
"CRS3035RES20000mN2340000E4400000",21.0552787780762,908.410522460938,692.552978515625
"CRS3035RES20000mN2340000E4420000",20.7454013824463,952.003784179688,681.003112792969
"CRS3035RES20000mN2340000E4440000",22.3835258483887,825.338012695312,702.572143554688
"CRS3035RES20000mN2340000E4460000",23.6888484954834,723.946166992188,726.324523925781
"CRS3035RES20000mN2340000E4480000",24.568603515625,660.070861816406,739.388427734375
"CRS3035RES20000mN2340000E4500000",24.7657470703125,647.597595214844,716.510437011719
"CRS3035RES20000mN2360000E2760000",18.776834487915,1775.78466796875,298.042236328125
"CRS3035RES20000mN2360000E2780000",18.916540145874,1871.65991210938,362.684326171875
"CRS3035RES20000mN2360000E2800000",18.796688079834,1836.35437011719,379.373718261719
"CRS3035RES20000mN2360000E2820000",18.2181777954102,1703.28698730469,378.841369628906
"CRS3035RES20000mN2360000E2840000",17.5693454742432,1555.72351074219,387.409027099609
"CRS3035RES20000mN2360000E2860000",17.1695766448975,1400.23449707031,403.275146484375
"CRS3035RES20000mN2360000E2880000",17.4435291290283,1178.96887207031,414.064575195312
"CRS3035RES20000mN2360000E2900000",17.6361503601074,1266.26721191406,419.661468505859
"CRS3035RES20000mN2360000E2920000",16.8335037231445,1429.43383789062,435.352691650391
"CRS3035RES20000mN2360000E2940000",17.4006805419922,1379.591796875,448.948699951172
"CRS3035RES20000mN2360000E2960000",15.8437070846558,1653.2890625,457.055267333984
"CRS3035RES20000mN2360000E2980000",15.2400379180908,1454.71618652344,451.712463378906
"CRS3035RES20000mN2360000E3000000",15.0229053497314,1300.98059082031,443.610290527344
"CRS3035RES20000mN2360000E3020000",15.6211185455322,1282.92541503906,429.332824707031
"CRS3035RES20000mN2360000E3040000",17.2016124725342,1254.90832519531,413.802124023438
"CRS3035RES20000mN2360000E3060000",16.9297180175781,1475.07116699219,413.238494873047
"CRS3035RES20000mN2360000E3080000",17.5409507751465,1536.013671875,408.556091308594
"CRS3035RES20000mN2360000E3100000",17.5970020294189,1624.28698730469,392.473724365234
"CRS3035RES20000mN2360000E3120000",18.1988945007324,1609.037109375,359.073455810547
"CRS3035RES20000mN2360000E3140000",19.065746307373,1423.00305175781,331.785369873047
"CRS3035RES20000mN2360000E3160000",19.522985458374,1285.23303222656,348.327209472656
"CRS3035RES20000mN2360000E3180000",19.8415565490723,1327.77746582031,368.87060546875
"CRS3035RES20000mN2360000E3200000",19.9038887023926,1454.51989746094,369.07421875
"CRS3035RES20000mN2360000E3220000",19.9072265625,1448.18237304688,366.810699462891
"CRS3035RES20000mN2360000E3400000",20.2247085571289,1336.28881835938,435.429168701172
"CRS3035RES20000mN2360000E3420000",20.5264663696289,1233.45520019531,496.674438476562
"CRS3035RES20000mN2360000E3440000",20.9786109924316,1074.50476074219,534.368896484375
"CRS3035RES20000mN2360000E3460000",21.1034374237061,999.702819824219,547.683227539062
"CRS3035RES20000mN2360000E3480000",21.1139755249023,898.919250488281,552.961853027344
"CRS3035RES20000mN2360000E3500000",21.0064582824707,847.397521972656,561.313903808594
"CRS3035RES20000mN2360000E3520000",21.0231342315674,776.583312988281,568.992004394531
"CRS3035RES20000mN2360000E3540000",21.082103729248,732.638061523438,575.138366699219
"CRS3035RES20000mN2360000E3560000",21.113862991333,733.028137207031,582.305603027344
"CRS3035RES20000mN2360000E3580000",21.2310256958008,704.456176757812,584.707397460938
"CRS3035RES20000mN2360000E3600000",21.3374538421631,700.358947753906,583.881958007812
"CRS3035RES20000mN2360000E3620000",21.2434768676758,739.062866210938,584.359436035156
"CRS3035RES20000mN2360000E3640000",20.8598957061768,788.885498046875,580.162170410156
"CRS3035RES20000mN2360000E3660000",20.3186664581299,856.36572265625,573.395141601562
"CRS3035RES20000mN2360000E3680000",19.8353824615479,982.222045898438,572.503051757812
"CRS3035RES20000mN2360000E3700000",19.0622806549072,1072.45056152344,570.651733398438
"CRS3035RES20000mN2360000E3720000",17.7100734710693,1199.02038574219,560.802185058594
"CRS3035RES20000mN2360000E3740000",16.7322559356689,1151.052734375,559.354858398438
"CRS3035RES20000mN2360000E3760000",17.6475963592529,1067.9658203125,580.358520507812
"CRS3035RES20000mN2360000E3780000",16.7753448486328,1231.2900390625,577.111022949219
"CRS3035RES20000mN2360000E3800000",17.1249465942383,1374.79919433594,578.4892578125
"CRS3035RES20000mN2360000E3820000",18.9049072265625,1621.27746582031,591.903015136719
"CRS3035RES20000mN2360000E3840000",21.5539608001709,1414.09631347656,620.654113769531
"CRS3035RES20000mN2360000E3860000",22.4196929931641,1031.84643554688,637.721862792969
"CRS3035RES20000mN2360000E3880000",23.1516532897949,890.522094726562,656.152099609375
"CRS3035RES20000mN2360000E3900000",23.125696182251,899.991821289062,664.523193359375
"CRS3035RES20000mN2360000E3920000",21.392578125,1020.41882324219,654.800964355469
"CRS3035RES20000mN2360000E3940000",18.9983348846436,1039.25073242188,639.519470214844
"CRS3035RES20000mN2360000E3960000",17.520694732666,994.739868164062,638.939331054688
"CRS3035RES20000mN2360000E3980000",18.9393062591553,891.591979980469,668.533203125
"CRS3035RES20000mN2360000E4000000",17.2694931030273,1128.47241210938,682.044921875
"CRS3035RES20000mN2360000E4020000",14.84716796875,1252.6640625,698.767333984375
"CRS3035RES20000mN2360000E4040000",12.0311870574951,1331.11596679688,698.194274902344
"CRS3035RES20000mN2360000E4060000",10.4710540771484,1376.56909179688,689.648986816406
"CRS3035RES20000mN2360000E4080000",12.5379934310913,1229.0703125,683.357177734375
"CRS3035RES20000mN2360000E4100000",18.3031196594238,1040.82885742188,681.006408691406
"CRS3035RES20000mN2360000E4120000",21.1356430053711,950.485107421875,695.933837890625
"CRS3035RES20000mN2360000E4140000",21.2235126495361,825.990905761719,713.420288085938
"CRS3035RES20000mN2360000E4160000",20.0490055084229,867.985168457031,677.599731445312
"CRS3035RES20000mN2360000E4180000",20.4883556365967,937.281494140625,638.833374023438
"CRS3035RES20000mN2360000E4200000",20.2590084075928,1186.56970214844,593.940307617188
"CRS3035RES20000mN2360000E4220000",21.6434745788574,1216.50708007812,583.167175292969
"CRS3035RES20000mN2360000E4240000",20.1252899169922,1379.61694335938,561.803100585938
"CRS3035RES20000mN2360000E4260000",18.4282073974609,1463.66198730469,565.292541503906
"CRS3035RES20000mN2360000E4280000",18.0692939758301,1496.61352539062,597.477783203125
"CRS3035RES20000mN2360000E4300000",18.5870056152344,1291.25732421875,636.733459472656
"CRS3035RES20000mN2360000E4320000",17.1315422058105,1215.02709960938,635.742004394531
"CRS3035RES20000mN2360000E4340000",19.4626979827881,907.153442382812,674.577514648438
"CRS3035RES20000mN2360000E4360000",20.7798652648926,744.064025878906,695.325073242188
"CRS3035RES20000mN2360000E4380000",21.5347557067871,754.109558105469,705.812622070312
"CRS3035RES20000mN2360000E4400000",22.7354354858398,758.178039550781,726.508361816406
"CRS3035RES20000mN2360000E4420000",23.6595039367676,735.263671875,741.9208984375
"CRS3035RES20000mN2360000E4440000",24.2845935821533,705.887573242188,749.399597167969
"CRS3035RES20000mN2360000E4460000",24.6120643615723,660.967468261719,751.140075683594
"CRS3035RES20000mN2360000E4480000",24.5518913269043,638.623901367188,731.529968261719
"CRS3035RES20000mN2360000E4500000",24.3314113616943,641.202270507812,687.714660644531
"CRS3035RES20000mN2380000E2760000",18.4074363708496,1959.12170410156,290.575805664062
"CRS3035RES20000mN2380000E2780000",18.2747631072998,2030.53198242188,354.762756347656
"CRS3035RES20000mN2380000E2800000",18.0835571289062,1747.66564941406,362.622955322266
"CRS3035RES20000mN2380000E2820000",17.7375068664551,1653.90747070312,363.675872802734
"CRS3035RES20000mN2380000E2840000",17.5075302124023,1657.66027832031,376.871337890625
"CRS3035RES20000mN2380000E2860000",16.785327911377,1582.58947753906,388.479400634766
"CRS3035RES20000mN2380000E2880000",17.2020225524902,1240.234375,393.333099365234
"CRS3035RES20000mN2380000E2900000",17.2373714447021,1165.0634765625,395.433685302734
"CRS3035RES20000mN2380000E2920000",16.7498188018799,1344.10888671875,406.139495849609
"CRS3035RES20000mN2380000E2940000",16.5476264953613,1364.56530761719,409.37158203125
"CRS3035RES20000mN2380000E2960000",16.1297130584717,1512.43688964844,413.137939453125
"CRS3035RES20000mN2380000E2980000",16.6702041625977,1352.69689941406,401.343963623047
"CRS3035RES20000mN2380000E3000000",16.7997398376465,1303.01245117188,390.182800292969
"CRS3035RES20000mN2380000E3020000",17.6708641052246,1151.81420898438,371.027465820312
"CRS3035RES20000mN2380000E3040000",18.0225391387939,1156.50524902344,366.153564453125
"CRS3035RES20000mN2380000E3060000",18.0868396759033,1319.18969726562,368.226440429688
"CRS3035RES20000mN2380000E3080000",18.595724105835,1370.92578125,359.988647460938
"CRS3035RES20000mN2380000E3100000",19.4109325408936,1369.82836914062,335.039367675781
"CRS3035RES20000mN2380000E3120000",19.5346622467041,1408.87097167969,320.622253417969
"CRS3035RES20000mN2380000E3400000",20.1958084106445,1282.06591796875,425.579833984375
"CRS3035RES20000mN2380000E3420000",20.6710929870605,1164.18310546875,495.454620361328
"CRS3035RES20000mN2380000E3440000",20.9812431335449,1052.6875,536.869445800781
"CRS3035RES20000mN2380000E3460000",21.0156478881836,1010.18255615234,550.674499511719
"CRS3035RES20000mN2380000E3480000",20.9807777404785,938.272033691406,553.818786621094
"CRS3035RES20000mN2380000E3500000",20.914098739624,893.278686523438,561.49658203125
"CRS3035RES20000mN2380000E3520000",20.9090595245361,829.817016601562,568.388305664062
"CRS3035RES20000mN1700000E2820000",23.0982208251953,574.014770507812,381.630065917969
"CRS3035RES20000mN2380000E3540000",21.1082305908203,786.736938476562,572.671997070312
"CRS3035RES20000mN2380000E3560000",21.125509262085,779.750610351562,577.405639648438
"CRS3035RES20000mN2380000E3580000",20.9404602050781,818.088623046875,577.79638671875
"CRS3035RES20000mN2380000E3600000",20.7652683258057,827.172180175781,575.170349121094
"CRS3035RES20000mN2380000E3620000",20.6556835174561,839.418884277344,575.468383789062
"CRS3035RES20000mN2380000E3640000",20.4215087890625,880.427307128906,574.007873535156
"CRS3035RES20000mN2380000E3660000",19.8225803375244,958.829284667969,566.745483398438
"CRS3035RES20000mN2380000E3680000",19.1658096313477,1072.98010253906,564.029602050781
"CRS3035RES20000mN2380000E3700000",18.1937103271484,1126.94995117188,558.720642089844
"CRS3035RES20000mN2380000E3720000",18.1052627563477,1151.42309570312,565.2578125
"CRS3035RES20000mN1700000E2840000",24.4501705169678,628.766662597656,464.148529052734
"CRS3035RES20000mN2380000E3740000",17.6485500335693,1179.82946777344,569.857055664062
"CRS3035RES20000mN2380000E3760000",17.517635345459,1083.05969238281,579.687622070312
"CRS3035RES20000mN2380000E3780000",17.0616664886475,1077.05651855469,583.271667480469
"CRS3035RES20000mN2380000E3800000",16.1687107086182,1257.98388671875,579.822875976562
"CRS3035RES20000mN2380000E3820000",15.7799606323242,1685.09802246094,576.327453613281
"CRS3035RES20000mN2380000E3840000",20.0903244018555,1527.76403808594,613.72314453125
"CRS3035RES20000mN2380000E3860000",22.2466068267822,1156.15490722656,640.973205566406
"CRS3035RES20000mN2380000E3880000",22.1337585449219,1045.568359375,644.477661132812
"CRS3035RES20000mN2380000E3900000",22.3902359008789,933.661743164062,656.228820800781
"CRS3035RES20000mN2380000E3920000",19.6839771270752,1130.07861328125,634.846130371094
"CRS3035RES20000mN1700000E2860000",25.6893215179443,601.392700195312,532.012268066406
"CRS3035RES20000mN2380000E3940000",17.5216426849365,1138.99853515625,626.638671875
"CRS3035RES20000mN2380000E3960000",16.634672164917,1101.55651855469,639.815368652344
"CRS3035RES20000mN2380000E3980000",16.201509475708,1019.35400390625,666.629150390625
"CRS3035RES20000mN2380000E4000000",17.4746017456055,1061.30261230469,706.110412597656
"CRS3035RES20000mN2380000E4020000",15.0114116668701,1319.90466308594,719.111328125
"CRS3035RES20000mN2380000E4040000",13.1471891403198,1243.95983886719,713.20263671875
"CRS3035RES20000mN2380000E4060000",8.91293525695801,1326.11413574219,704.866516113281
"CRS3035RES20000mN2380000E4080000",11.738842010498,1203.26696777344,685.561767578125
"CRS3035RES20000mN2380000E4100000",18.0437335968018,1069.42785644531,678.017456054688
"CRS3035RES20000mN2380000E4120000",21.5197887420654,918.648376464844,697.196838378906
"CRS3035RES20000mN1700000E2880000",26.0749816894531,610.885620117188,560.003173828125
"CRS3035RES20000mN2380000E4140000",22.1538505554199,781.876586914062,731.93896484375
"CRS3035RES20000mN2380000E4160000",21.0517864227295,823.105346679688,714.592712402344
"CRS3035RES20000mN2380000E4180000",21.3602066040039,831.478881835938,702.355834960938
"CRS3035RES20000mN2380000E4200000",21.3142890930176,919.371948242188,681.940612792969
"CRS3035RES20000mN2380000E4220000",20.4451560974121,1225.19372558594,653.220825195312
"CRS3035RES20000mN2380000E4240000",17.851619720459,1405.20544433594,612.070922851562
"CRS3035RES20000mN2380000E4260000",17.4945907592773,1333.49536132812,616.9970703125
"CRS3035RES20000mN2380000E4280000",17.738489151001,1290.2744140625,636.399658203125
"CRS3035RES20000mN2380000E4300000",19.8938655853271,1108.09582519531,677.608520507812
"CRS3035RES20000mN2380000E4320000",20.7737941741943,915.259155273438,697.707458496094
"CRS3035RES20000mN1700000E2900000",26.248950958252,652.8798828125,570.960632324219
"CRS3035RES20000mN2380000E4340000",22.2933139801025,752.1162109375,723.8310546875
"CRS3035RES20000mN2380000E4360000",23.108190536499,690.07080078125,739.388488769531
"CRS3035RES20000mN2380000E4380000",24.0079231262207,649.042663574219,754.800964355469
"CRS3035RES20000mN2380000E4400000",24.4835987091064,645.305114746094,766.319885253906
"CRS3035RES20000mN2380000E4420000",24.7204875946045,655.044128417969,772.730834960938
"CRS3035RES20000mN2380000E4440000",24.7537689208984,654.936096191406,771.23583984375
"CRS3035RES20000mN2380000E4460000",24.7974491119385,635.16552734375,764.65576171875
"CRS3035RES20000mN2380000E4480000",24.3911952972412,632.172973632812,720.092834472656
"CRS3035RES20000mN2380000E4500000",23.8270397186279,654.506713867188,656.143920898438
"CRS3035RES20000mN1700000E2920000",26.4129199981689,674.651123046875,584.892700195312
"CRS3035RES20000mN1700000E2940000",26.3095417022705,678.676574707031,592.978698730469
"CRS3035RES20000mN1700000E2960000",26.174768447876,578.802734375,595.537475585938
"CRS3035RES20000mN1700000E2980000",25.5175838470459,522.516845703125,594.179016113281
"CRS3035RES20000mN1700000E3000000",25.6127433776855,512.65625,606.618347167969
"CRS3035RES20000mN1700000E3020000",25.389461517334,580.661193847656,617.117370605469
"CRS3035RES20000mN1700000E3040000",23.6548461914062,691.912231445312,619.957336425781
"CRS3035RES20000mN1700000E3060000",23.3711376190186,626.668518066406,631.18798828125
"CRS3035RES20000mN1700000E3080000",22.3898124694824,674.420715332031,639.1748046875
"CRS3035RES20000mN1700000E3100000",22.0966777801514,572.636047363281,648.756286621094
"CRS3035RES20000mN1700000E3120000",22.5134792327881,546.908081054688,655.739685058594
"CRS3035RES20000mN2400000E2760000",17.9466037750244,2061.4833984375,276.826782226562
"CRS3035RES20000mN1700000E3140000",23.2435665130615,494.359405517578,663.50927734375
"CRS3035RES20000mN2400000E2780000",17.6582069396973,2098.6162109375,324.984344482422
"CRS3035RES20000mN2400000E2800000",17.3561992645264,1843.28173828125,339.803802490234
"CRS3035RES20000mN2400000E2820000",17.4267234802246,1582.81909179688,348.427276611328
"CRS3035RES20000mN2400000E2840000",17.9684753417969,1451.16760253906,357.59765625
"CRS3035RES20000mN2400000E2860000",17.1794776916504,1610.80859375,367.696960449219
"CRS3035RES20000mN2400000E2880000",16.9048366546631,1383.11450195312,371.739410400391
"CRS3035RES20000mN2400000E2900000",16.8346729278564,1342.25109863281,374.413513183594
"CRS3035RES20000mN2400000E2920000",17.0777740478516,1366.34484863281,368.511505126953
"CRS3035RES20000mN2400000E2940000",16.9323539733887,1369.80017089844,367.109802246094
"CRS3035RES20000mN2400000E2960000",17.1493148803711,1289.74389648438,361.523681640625
"CRS3035RES20000mN1700000E3160000",24.6772441864014,421.657684326172,675.161926269531
"CRS3035RES20000mN2400000E2980000",17.3155956268311,1242.1787109375,352.700714111328
"CRS3035RES20000mN2400000E3000000",17.5431728363037,1215.68774414062,344.705352783203
"CRS3035RES20000mN2400000E3020000",18.2463359832764,1116.59252929688,331.841705322266
"CRS3035RES20000mN2400000E3040000",18.6238784790039,1030.87719726562,327.812408447266
"CRS3035RES20000mN2400000E3060000",18.9616413116455,1049.63757324219,322.577941894531
"CRS3035RES20000mN2400000E3080000",19.1810150146484,1171.42663574219,322.014221191406
"CRS3035RES20000mN2400000E3400000",20.1497917175293,1155.26391601562,416.330596923828
"CRS3035RES20000mN2400000E3420000",20.6795330047607,1058.71325683594,487.811553955078
"CRS3035RES20000mN2400000E3440000",20.909065246582,1038.0556640625,528.736267089844
"CRS3035RES20000mN2400000E3460000",20.8857841491699,1018.33966064453,542.944702148438
"CRS3035RES20000mN1700000E3180000",24.2906894683838,414.059112548828,671.931640625
"CRS3035RES20000mN2400000E3480000",20.7844619750977,958.271850585938,548.552551269531
"CRS3035RES20000mN2400000E3500000",20.8292274475098,901.322265625,558.126342773438
"CRS3035RES20000mN2400000E3520000",20.8853855133057,867.04833984375,566.847595214844
"CRS3035RES20000mN2400000E3540000",21.1430397033691,790.264587402344,571.678161621094
"CRS3035RES20000mN2400000E3560000",20.9396057128906,830.826538085938,574.0498046875
"CRS3035RES20000mN2400000E3580000",20.8458290100098,838.146179199219,575.86328125
"CRS3035RES20000mN2400000E3600000",20.5314712524414,870.765502929688,571.666137695312
"CRS3035RES20000mN2400000E3620000",20.4272079467773,856.537231445312,572.555725097656
"CRS3035RES20000mN2400000E3640000",20.3260688781738,880.412963867188,574.100524902344
"CRS3035RES20000mN2400000E3660000",20.0748405456543,927.188537597656,571.564208984375
"CRS3035RES20000mN1700000E3200000",22.7651691436768,440.604583740234,651.249206542969
"CRS3035RES20000mN2400000E3680000",19.6213817596436,988.098449707031,569.991027832031
"CRS3035RES20000mN2400000E3700000",19.3011875152588,1034.35595703125,572.249755859375
"CRS3035RES20000mN2400000E3720000",18.7229404449463,1236.14758300781,571.899475097656
"CRS3035RES20000mN2400000E3740000",17.7632827758789,1367.93823242188,571.566223144531
"CRS3035RES20000mN2400000E3760000",14.9978218078613,1301.07421875,558.599487304688
"CRS3035RES20000mN2400000E3780000",16.1214504241943,1061.16711425781,577.093688964844
"CRS3035RES20000mN2400000E3800000",14.8784761428833,1177.28076171875,575.767700195312
"CRS3035RES20000mN2400000E3820000",15.1843004226685,1409.63842773438,579.99658203125
"CRS3035RES20000mN2400000E3840000",16.2710208892822,1689.50463867188,586.364013671875
"CRS3035RES20000mN2400000E3860000",20.168909072876,1385.87573242188,621.959655761719
"CRS3035RES20000mN1700000E3220000",21.0454082489014,386.044830322266,627.139038085938
"CRS3035RES20000mN2400000E3880000",20.3249855041504,1252.10485839844,621.609741210938
"CRS3035RES20000mN2400000E3900000",21.990406036377,929.590576171875,653.141418457031
"CRS3035RES20000mN2400000E3920000",20.4691600799561,1148.59497070312,647.554809570312
"CRS3035RES20000mN2400000E3940000",18.7328662872314,1183.86743164062,643.806030273438
"CRS3035RES20000mN2400000E3960000",15.5631771087646,1275.34545898438,638.115661621094
"CRS3035RES20000mN2400000E3980000",14.1806201934814,1300.19152832031,667.878479003906
"CRS3035RES20000mN2400000E4000000",14.3078212738037,1420.50085449219,709.843139648438
"CRS3035RES20000mN2400000E4020000",10.2187366485596,1796.77770996094,723.290954589844
"CRS3035RES20000mN2400000E4040000",12.5677814483643,1219.66186523438,729.015563964844
"CRS3035RES20000mN2400000E4060000",10.6092748641968,1169.21716308594,725.722351074219
"CRS3035RES20000mN1700000E3240000",21.7656726837158,365.184722900391,618.384826660156
"CRS3035RES20000mN2400000E4080000",11.4820137023926,1110.79260253906,694.863525390625
"CRS3035RES20000mN2400000E4100000",20.6122951507568,934.629333496094,699.967590332031
"CRS3035RES20000mN2400000E4120000",22.2015762329102,793.701782226562,717.816162109375
"CRS3035RES20000mN2400000E4140000",22.4871006011963,709.164001464844,748.334167480469
"CRS3035RES20000mN2400000E4160000",22.7762660980225,702.138061523438,754.658447265625
"CRS3035RES20000mN2400000E4180000",22.6949996948242,769.202087402344,748.887512207031
"CRS3035RES20000mN2400000E4200000",23.163366317749,767.967102050781,751.596252441406
"CRS3035RES20000mN2400000E4220000",22.6516036987305,961.673889160156,732.165832519531
"CRS3035RES20000mN2400000E4240000",20.3842678070068,1180.37438964844,688.848876953125
"CRS3035RES20000mN2400000E4260000",19.2071208953857,1111.53039550781,670.433410644531
"CRS3035RES20000mN1700000E3260000",23.6375160217285,315.29150390625,603.730773925781
"CRS3035RES20000mN2400000E4280000",20.4445667266846,1049.95202636719,694.529846191406
"CRS3035RES20000mN2400000E4300000",21.821382522583,926.26220703125,716.932739257812
"CRS3035RES20000mN2400000E4320000",23.4972038269043,769.749633789062,750.258056640625
"CRS3035RES20000mN2400000E4340000",24.092004776001,698.136535644531,764.996887207031
"CRS3035RES20000mN2400000E4360000",24.2656593322754,663.372619628906,773.617919921875
"CRS3035RES20000mN2400000E4380000",24.3016948699951,648.690185546875,776.203186035156
"CRS3035RES20000mN2400000E4400000",24.576961517334,645.320190429688,780.460205078125
"CRS3035RES20000mN2400000E4420000",24.6906452178955,660.759094238281,780.356750488281
"CRS3035RES20000mN2400000E4440000",24.6590995788574,651.876953125,776.202880859375
"CRS3035RES20000mN2400000E4460000",24.7574863433838,634.635375976562,770.503356933594
"CRS3035RES20000mN1700000E3280000",23.8981437683105,292.156066894531,588.408935546875
"CRS3035RES20000mN2400000E4480000",24.2682991027832,640.091979980469,713.799011230469
"CRS3035RES20000mN2400000E4500000",23.5865478515625,669.593383789062,640.9990234375
"CRS3035RES20000mN1700000E3300000",24.8697357177734,303.047241210938,574.875793457031
"CRS3035RES20000mN1700000E3320000",24.7414817810059,330.509765625,568.933898925781
"CRS3035RES20000mN1700000E3340000",25.0338153839111,307.963989257812,537.327331542969
"CRS3035RES20000mN1700000E3360000",24.9099502563477,313.214050292969,486.5947265625
"CRS3035RES20000mN1700000E4780000",24.7897205352783,716.741088867188,484.513549804688
"CRS3035RES20000mN1700000E4800000",24.441198348999,722.503173828125,488.197967529297
"CRS3035RES20000mN1700000E4820000",23.06960105896,1024.65991210938,508.124359130859
"CRS3035RES20000mN1700000E4840000",21.8136119842529,917.652160644531,535.17822265625
"CRS3035RES20000mN2420000E2760000",17.9141006469727,1621.42395019531,239.875045776367
"CRS3035RES20000mN2420000E2780000",17.8769359588623,1707.72644042969,266.591766357422
"CRS3035RES20000mN2420000E2800000",17.7609272003174,1553.39245605469,282.1962890625
"CRS3035RES20000mN2420000E2820000",18.0946426391602,1324.3662109375,298.841125488281
"CRS3035RES20000mN2420000E2840000",18.7443218231201,1227.251953125,315.089630126953
"CRS3035RES20000mN2420000E2860000",17.7303638458252,1700.54174804688,341.268768310547
"CRS3035RES20000mN2420000E2880000",16.8650512695312,1705.515625,353.7333984375
"CRS3035RES20000mN2420000E2900000",16.4270725250244,1725.36584472656,366.320587158203
"CRS3035RES20000mN2420000E2920000",17.7259082794189,1320.49877929688,328.456787109375
"CRS3035RES20000mN2420000E2940000",18.2190818786621,1173.8125,307.741058349609
"CRS3035RES20000mN1700000E4860000",23.4754676818848,803.491760253906,525.470581054688
"CRS3035RES20000mN2420000E2960000",18.3743839263916,1136.41870117188,299.667419433594
"CRS3035RES20000mN2420000E2980000",18.5001544952393,1090.37341308594,293.8974609375
"CRS3035RES20000mN2420000E3000000",18.5746803283691,1066.20654296875,293.874816894531
"CRS3035RES20000mN2420000E3420000",20.5079746246338,976.733337402344,474.498809814453
"CRS3035RES20000mN2420000E3440000",20.7950096130371,969.171264648438,519.199645996094
"CRS3035RES20000mN2420000E3460000",20.8636493682861,967.541625976562,540.9150390625
"CRS3035RES20000mN2420000E3480000",20.8435096740723,914.078491210938,548.234375
"CRS3035RES20000mN2420000E3500000",20.7875118255615,872.955505371094,556.221557617188
"CRS3035RES20000mN2420000E3520000",20.991418838501,804.829162597656,566.150024414062
"CRS3035RES20000mN1700000E4880000",24.7861785888672,719.449279785156,499.438934326172
"CRS3035RES20000mN2420000E3540000",20.9627819061279,830.425231933594,570.1669921875
"CRS3035RES20000mN2420000E3560000",20.7933769226074,860.620361328125,572.191528320312
"CRS3035RES20000mN2420000E3580000",20.7122650146484,865.548522949219,572.844909667969
"CRS3035RES20000mN2420000E3600000",20.261848449707,918.7763671875,566.211364746094
"CRS3035RES20000mN2420000E3620000",20.152811050415,914.616394042969,566.743530273438
"CRS3035RES20000mN2420000E3640000",19.6091365814209,993.033630371094,564.715209960938
"CRS3035RES20000mN2420000E3660000",19.6107215881348,1053.65979003906,567.643737792969
"CRS3035RES20000mN2420000E3680000",19.2243995666504,1181.96057128906,566.8037109375
"CRS3035RES20000mN2420000E3700000",18.9022102355957,1301.10363769531,570.011657714844
"CRS3035RES20000mN2420000E3720000",18.2315120697021,1474.77331542969,571.25439453125
"CRS3035RES20000mN2420000E3740000",16.3142795562744,1589.17651367188,561.788330078125
"CRS3035RES20000mN2420000E3760000",14.9332523345947,1204.45239257812,562.752319335938
"CRS3035RES20000mN2420000E3780000",15.5371360778809,945.780639648438,573.211181640625
"CRS3035RES20000mN2420000E3800000",14.3600311279297,1053.74914550781,571.874572753906
"CRS3035RES20000mN2420000E3820000",15.7702827453613,1026.18017578125,583.860778808594
"CRS3035RES20000mN2420000E3840000",15.1603298187256,1306.54370117188,578.916809082031
"CRS3035RES20000mN2420000E3860000",16.2025089263916,1514.83215332031,585.262878417969
"CRS3035RES20000mN2420000E3880000",19.1758728027344,1237.64965820312,610.375854492188
"CRS3035RES20000mN2420000E3900000",21.3263530731201,1070.32666015625,646.454650878906
"CRS3035RES20000mN2420000E3920000",20.0881443023682,1266.55187988281,641.819763183594
"CRS3035RES20000mN2420000E3940000",16.1125755310059,1462.01489257812,613.495544433594
"CRS3035RES20000mN2420000E3960000",15.3575391769409,1280.46960449219,635.116516113281
"CRS3035RES20000mN2420000E3980000",16.3053302764893,1402.30786132812,677.717102050781
"CRS3035RES20000mN2420000E4000000",11.181601524353,1899.61096191406,706.540954589844
"CRS3035RES20000mN2420000E4020000",7.08899164199829,1925.46520996094,724.886962890625
"CRS3035RES20000mN2420000E4040000",11.7479515075684,1216.14099121094,737.542663574219
"CRS3035RES20000mN2420000E4060000",10.6148204803467,1098.67980957031,739.759521484375
"CRS3035RES20000mN2420000E4080000",12.3752489089966,1068.54895019531,710.861755371094
"CRS3035RES20000mN2420000E4100000",19.5977745056152,979.770385742188,707.266174316406
"CRS3035RES20000mN2420000E4120000",22.2966079711914,792.478820800781,724.941101074219
"CRS3035RES20000mN2420000E4140000",22.5914344787598,706.945983886719,754.092712402344
"CRS3035RES20000mN2420000E4160000",22.8496475219727,712.532531738281,763.656494140625
"CRS3035RES20000mN2420000E4180000",22.8696784973145,816.511474609375,762.37939453125
"CRS3035RES20000mN2420000E4200000",23.4923877716064,783.275329589844,771.111022949219
"CRS3035RES20000mN2420000E4220000",23.9552001953125,780.314697265625,773.837219238281
"CRS3035RES20000mN2420000E4240000",23.3399963378906,876.184936523438,758.645690917969
"CRS3035RES20000mN2420000E4260000",22.6364364624023,854.561279296875,743.213562011719
"CRS3035RES20000mN2420000E4280000",23.4708347320557,820.565063476562,754.094482421875
"CRS3035RES20000mN2420000E4300000",23.9080600738525,775.149963378906,763.034057617188
"CRS3035RES20000mN2420000E4320000",24.1895999908447,720.477600097656,774.075866699219
"CRS3035RES20000mN2420000E4340000",24.2511692047119,725.872802734375,776.923767089844
"CRS3035RES20000mN2420000E4360000",24.2288036346436,724.696228027344,778.543395996094
"CRS3035RES20000mN2420000E4380000",24.2218627929688,703.655639648438,777.694030761719
"CRS3035RES20000mN2420000E4400000",24.4066276550293,702.760559082031,777.818481445312
"CRS3035RES20000mN2420000E4420000",24.4946708679199,701.624816894531,778.093994140625
"CRS3035RES20000mN2420000E4440000",24.4406681060791,688.54541015625,774.023315429688
"CRS3035RES20000mN2420000E4460000",24.4881439208984,678.410888671875,767.380859375
"CRS3035RES20000mN2420000E4480000",24.0471744537354,690.795776367188,709.70166015625
"CRS3035RES20000mN2420000E4500000",23.5083198547363,709.235290527344,641.075256347656
"CRS3035RES20000mN2420000E4520000",23.4499435424805,715.644287109375,615.657104492188
"CRS3035RES20000mN2440000E2840000",18.5774574279785,1372.1044921875,279.102661132812
"CRS3035RES20000mN2440000E2860000",18.3843536376953,1578.86376953125,301.482452392578
"CRS3035RES20000mN2440000E2880000",17.7855834960938,1674.736328125,321.174255371094
"CRS3035RES20000mN2440000E2900000",17.9972839355469,1482.30285644531,327.775909423828
"CRS3035RES20000mN2440000E2920000",18.5030879974365,1258.98315429688,307.632843017578
"CRS3035RES20000mN2440000E3420000",20.2849731445312,950.544494628906,460.914764404297
"CRS3035RES20000mN2440000E3440000",20.7027969360352,892.733947753906,510.339996337891
"CRS3035RES20000mN2440000E3460000",20.6736602783203,952.451965332031,537.984924316406
"CRS3035RES20000mN2440000E3480000",20.763973236084,890.736450195312,545.810852050781
"CRS3035RES20000mN2440000E3500000",20.7354564666748,878.329345703125,552.831115722656
"CRS3035RES20000mN2440000E3520000",20.8130149841309,850.047729492188,560.962036132812
"CRS3035RES20000mN2440000E3540000",20.7138710021973,863.738220214844,564.179748535156
"CRS3035RES20000mN2440000E3560000",20.6619815826416,867.998168945312,567.241516113281
"CRS3035RES20000mN2440000E3580000",20.5813541412354,878.579833984375,567.907531738281
"CRS3035RES20000mN2440000E3600000",20.3186931610107,894.974243164062,564.276428222656
"CRS3035RES20000mN2440000E3620000",20.4890460968018,860.221008300781,568.861267089844
"CRS3035RES20000mN2440000E3640000",20.1928787231445,943.658142089844,571.597106933594
"CRS3035RES20000mN2440000E3660000",19.6466960906982,1179.69213867188,569.039916992188
"CRS3035RES20000mN2440000E3680000",18.2501201629639,1461.58142089844,554.260314941406
"CRS3035RES20000mN2440000E3700000",17.77516746521,1454.87243652344,555.436096191406
"CRS3035RES20000mN2440000E3720000",17.1488800048828,1702.29370117188,561.15576171875
"CRS3035RES20000mN2440000E3740000",15.9416980743408,1645.52783203125,561.921325683594
"CRS3035RES20000mN2440000E3760000",16.1864166259766,1089.8154296875,574.165832519531
"CRS3035RES20000mN2440000E3780000",15.5608863830566,895.412719726562,571.879760742188
"CRS3035RES20000mN2440000E3800000",15.8002595901489,885.391235351562,576.425903320312
"CRS3035RES20000mN2440000E3820000",16.2048110961914,943.247497558594,582.93115234375
"CRS3035RES20000mN2440000E3840000",16.3881893157959,1017.51782226562,585.694519042969
"CRS3035RES20000mN2440000E3860000",15.8291025161743,1161.58117675781,583.471496582031
"CRS3035RES20000mN2440000E3880000",17.9725151062012,1199.61950683594,601.477416992188
"CRS3035RES20000mN2440000E3900000",20.5706729888916,1006.49731445312,639.603088378906
"CRS3035RES20000mN2440000E3920000",21.244836807251,1102.46606445312,656.826538085938
"CRS3035RES20000mN2440000E3940000",19.2537498474121,1412.85815429688,647.367919921875
"CRS3035RES20000mN2440000E3960000",15.4617500305176,1536.62463378906,629.281982421875
"CRS3035RES20000mN2440000E3980000",17.175220489502,1538.27038574219,684.251770019531
"CRS3035RES20000mN2440000E4000000",11.849461555481,1848.15087890625,692.991943359375
"CRS3035RES20000mN2440000E4020000",8.86584854125977,1729.25,715.415405273438
"CRS3035RES20000mN2440000E4040000",9.4236536026001,1360.46105957031,731.828308105469
"CRS3035RES20000mN2440000E4060000",10.3514728546143,1173.57702636719,737.225769042969
"CRS3035RES20000mN2440000E4080000",13.9782724380493,1066.37683105469,715.165893554688
"CRS3035RES20000mN2440000E4100000",17.3017768859863,1141.11010742188,705.958068847656
"CRS3035RES20000mN2440000E4120000",21.6367778778076,982.163818359375,719.263732910156
"CRS3035RES20000mN2440000E4140000",22.3713512420654,801.278564453125,734.111145019531
"CRS3035RES20000mN2440000E4160000",22.5144939422607,826.460815429688,749.492309570312
"CRS3035RES20000mN2440000E4180000",22.8172073364258,881.706237792969,761.034301757812
"CRS3035RES20000mN2440000E4200000",23.5635623931885,822.003967285156,775.694030761719
"CRS3035RES20000mN2440000E4220000",23.9348812103271,812.453002929688,778.410278320312
"CRS3035RES20000mN2440000E4240000",24.1766242980957,771.929077148438,780.639282226562
"CRS3035RES20000mN2440000E4260000",24.0551204681396,732.150085449219,776.077026367188
"CRS3035RES20000mN2440000E4280000",23.8939151763916,755.091796875,769.166442871094
"CRS3035RES20000mN2440000E4300000",23.9291019439697,781.58544921875,767.814819335938
"CRS3035RES20000mN2440000E4320000",24.0321578979492,789.440246582031,772.071166992188
"CRS3035RES20000mN2440000E4340000",24.1098937988281,779.052429199219,771.069763183594
"CRS3035RES20000mN2440000E4360000",24.1553173065186,761.666442871094,770.261535644531
"CRS3035RES20000mN2440000E4380000",24.1594772338867,764.570251464844,770.838012695312
"CRS3035RES20000mN2440000E4400000",24.2089004516602,772.006286621094,770.497985839844
"CRS3035RES20000mN2440000E4420000",24.1495323181152,773.604797363281,772.07470703125
"CRS3035RES20000mN2440000E4440000",24.0850467681885,747.351013183594,769.096252441406
"CRS3035RES20000mN2440000E4460000",24.1117706298828,751.609008789062,761.022399902344
"CRS3035RES20000mN2440000E4480000",23.7889194488525,774.512451171875,706.687805175781
"CRS3035RES20000mN2440000E4500000",23.3686141967773,786.771911621094,642.64013671875
"CRS3035RES20000mN2460000E2860000",18.4297065734863,1436.60021972656,270.513671875
"CRS3035RES20000mN2460000E2880000",18.4828929901123,1408.35083007812,285.546630859375
"CRS3035RES20000mN2460000E2900000",18.7530498504639,1277.16638183594,291.395721435547
"CRS3035RES20000mN2460000E3420000",20.133228302002,941.297302246094,451.161834716797
"CRS3035RES20000mN2460000E3440000",20.5022315979004,912.932861328125,502.590423583984
"CRS3035RES20000mN2460000E3460000",20.5697154998779,925.562805175781,533.902160644531
"CRS3035RES20000mN2460000E3480000",20.687707901001,887.437255859375,542.255859375
"CRS3035RES20000mN2460000E3500000",20.7085113525391,854.814758300781,549.096801757812
"CRS3035RES20000mN2460000E3520000",20.8571605682373,821.093994140625,558.212158203125
"CRS3035RES20000mN2460000E3540000",20.7860622406006,837.526245117188,561.886962890625
"CRS3035RES20000mN2460000E3560000",20.6337394714355,864.6279296875,564.07470703125
"CRS3035RES20000mN2460000E3580000",20.3824672698975,895.734985351562,564.412292480469
"CRS3035RES20000mN2460000E3600000",20.2964038848877,913.801818847656,564.724243164062
"CRS3035RES20000mN2460000E3620000",20.033390045166,962.480834960938,565.388916015625
"CRS3035RES20000mN2460000E3640000",19.7408275604248,1053.58996582031,567.511108398438
"CRS3035RES20000mN2460000E3660000",19.8144283294678,1208.09814453125,571.804748535156
"CRS3035RES20000mN2460000E3680000",18.5869102478027,1547.09619140625,558.799072265625
"CRS3035RES20000mN2460000E3700000",17.7739124298096,1543.7626953125,554.069396972656
"CRS3035RES20000mN2460000E3720000",15.9419994354248,1809.53198242188,548.769897460938
"CRS3035RES20000mN2460000E3740000",13.7228012084961,1660.70556640625,545.365173339844
"CRS3035RES20000mN2460000E3760000",15.526611328125,1057.69982910156,568.336669921875
"CRS3035RES20000mN2460000E3780000",15.9519662857056,894.700378417969,574.984741210938
"CRS3035RES20000mN2460000E3800000",17.8106288909912,770.787231445312,593.242431640625
"CRS3035RES20000mN2460000E3820000",16.3982276916504,964.110900878906,579.915710449219
"CRS3035RES20000mN2460000E3840000",17.5578556060791,915.054809570312,594.545349121094
"CRS3035RES20000mN2460000E3860000",16.9185333251953,938.092407226562,591.910339355469
"CRS3035RES20000mN2460000E3880000",16.718132019043,1108.56604003906,589.402099609375
"CRS3035RES20000mN2460000E3900000",20.5256614685059,909.087524414062,641.809020996094
"CRS3035RES20000mN2460000E3920000",20.2206840515137,1061.56115722656,642.603454589844
"CRS3035RES20000mN2460000E3940000",19.2983379364014,1309.93493652344,641.790405273438
"CRS3035RES20000mN2460000E3960000",18.6085300445557,1423.29089355469,656.42041015625
"CRS3035RES20000mN2460000E3980000",17.8218936920166,1609.72583007812,675.906311035156
"CRS3035RES20000mN2460000E4000000",13.0892543792725,1930.45837402344,685.212768554688
"CRS3035RES20000mN2460000E4020000",12.9129648208618,1479.26623535156,698.42529296875
"CRS3035RES20000mN2460000E4040000",9.83057403564453,1550.56323242188,720.164428710938
"CRS3035RES20000mN2460000E4060000",9.30265712738037,1343.03308105469,727.508178710938
"CRS3035RES20000mN2460000E4080000",7.41205453872681,1654.90026855469,724.46044921875
"CRS3035RES20000mN2460000E4100000",13.7732973098755,1373.00061035156,707.903137207031
"CRS3035RES20000mN2460000E4120000",19.4958152770996,1102.123046875,712.818481445312
"CRS3035RES20000mN2460000E4140000",22.2346229553223,830.279052734375,724.329467773438
"CRS3035RES20000mN2460000E4160000",22.4182682037354,897.820007324219,728.631591796875
"CRS3035RES20000mN2460000E4180000",22.8290157318115,951.516540527344,748.737731933594
"CRS3035RES20000mN2460000E4200000",23.2708339691162,940.755676269531,763.361328125
"CRS3035RES20000mN2460000E4220000",23.6295871734619,935.056091308594,767.5361328125
"CRS3035RES20000mN2460000E4240000",23.7480564117432,902.616027832031,769.695190429688
"CRS3035RES20000mN2460000E4260000",23.7341041564941,812.591857910156,770.649658203125
"CRS3035RES20000mN2460000E4280000",23.6044445037842,805.002014160156,766.63623046875
"CRS3035RES20000mN2460000E4300000",23.5707416534424,830.316955566406,759.762573242188
"CRS3035RES20000mN2460000E4320000",23.7204113006592,838.313598632812,757.257263183594
"CRS3035RES20000mN2460000E4340000",23.8167266845703,847.229187011719,750.480529785156
"CRS3035RES20000mN2460000E4360000",23.7785091400146,831.025512695312,748.154113769531
"CRS3035RES20000mN2460000E4380000",23.9215068817139,812.614562988281,757.051940917969
"CRS3035RES20000mN2460000E4400000",23.9617385864258,829.3447265625,761.921203613281
"CRS3035RES20000mN2460000E4420000",23.6637668609619,851.262573242188,763.2900390625
"CRS3035RES20000mN2460000E4440000",23.4362010955811,884.603515625,759.590026855469
"CRS3035RES20000mN2460000E4460000",23.7091236114502,835.715454101562,754.479187011719
"CRS3035RES20000mN2460000E4480000",23.4747009277344,849.560546875,703.103454589844
"CRS3035RES20000mN2480000E3420000",19.952615737915,948.095764160156,443.155517578125
"CRS3035RES20000mN2480000E3440000",20.3218841552734,920.526489257812,495.395263671875
"CRS3035RES20000mN2480000E3460000",20.4999942779541,905.307189941406,527.755065917969
"CRS3035RES20000mN2480000E3480000",20.6837921142578,855.080139160156,539.1181640625
"CRS3035RES20000mN2480000E3500000",20.6233386993408,862.732788085938,545.323608398438
"CRS3035RES20000mN2480000E3520000",20.7307052612305,826.930358886719,554.950866699219
"CRS3035RES20000mN2480000E3540000",20.5867519378662,859.200012207031,557.551879882812
"CRS3035RES20000mN2480000E3560000",20.3453407287598,896.684326171875,558.265563964844
"CRS3035RES20000mN2480000E3580000",20.0864143371582,920.521057128906,560.317077636719
"CRS3035RES20000mN2480000E3600000",19.919771194458,931.703125,560.97705078125
"CRS3035RES20000mN2480000E3620000",19.9138717651367,970.245361328125,564.796142578125
"CRS3035RES20000mN2480000E3640000",20.1265716552734,1009.86743164062,572.819519042969
"CRS3035RES20000mN2480000E3660000",18.9806518554688,1396.74853515625,562.511108398438
"CRS3035RES20000mN2480000E3680000",18.2585735321045,1507.19482421875,556.433654785156
"CRS3035RES20000mN2480000E3700000",17.8273773193359,1508.68530273438,555.322082519531
"CRS3035RES20000mN2480000E3720000",16.6500606536865,1640.77917480469,556.149108886719
"CRS3035RES20000mN2480000E3740000",15.1469078063965,1453.89453125,554.784423828125
"CRS3035RES20000mN2480000E3760000",14.3911352157593,1229.37341308594,556.206665039062
"CRS3035RES20000mN2480000E3780000",17.7918910980225,866.258605957031,592.997314453125
"CRS3035RES20000mN2480000E3800000",17.5681743621826,924.759399414062,591.879638671875
"CRS3035RES20000mN2480000E3820000",16.1642208099365,975.130126953125,577.293395996094
"CRS3035RES20000mN2480000E3840000",16.886058807373,962.593383789062,588.328247070312
"CRS3035RES20000mN2480000E3860000",18.0666599273682,905.625061035156,604.870910644531
"CRS3035RES20000mN1720000E2720000",22.0331916809082,628.468933105469,320.721984863281
"CRS3035RES20000mN2480000E3880000",16.6975708007812,998.827819824219,588.206298828125
"CRS3035RES20000mN2480000E3900000",20.179615020752,861.133850097656,637.628112792969
"CRS3035RES20000mN2480000E3920000",20.1365604400635,987.10498046875,640.544189453125
"CRS3035RES20000mN2480000E3940000",19.4649810791016,1056.23266601562,641.847778320312
"CRS3035RES20000mN2480000E3960000",19.1587066650391,1378.65197753906,652.768798828125
"CRS3035RES20000mN2480000E3980000",17.3557052612305,1608.30541992188,652.5634765625
"CRS3035RES20000mN2480000E4000000",18.4212112426758,1400.86169433594,689.715698242188
"CRS3035RES20000mN2480000E4020000",14.3775701522827,1646.87609863281,695.758850097656
"CRS3035RES20000mN2480000E4040000",13.7136402130127,1439.20617675781,711.582580566406
"CRS3035RES20000mN2480000E4060000",9.10219478607178,1735.66516113281,722.434020996094
"CRS3035RES20000mN1720000E2740000",22.5361862182617,584.1650390625,347.554870605469
"CRS3035RES20000mN2480000E4080000",7.01470232009888,1871.3193359375,723.854858398438
"CRS3035RES20000mN2480000E4100000",8.59570407867432,1655.34716796875,719.052917480469
"CRS3035RES20000mN2480000E4120000",12.9455375671387,1426.08544921875,710.655700683594
"CRS3035RES20000mN2480000E4140000",18.6776542663574,1045.09887695312,713.14501953125
"CRS3035RES20000mN2480000E4160000",21.3126106262207,1092.37219238281,701.1357421875
"CRS3035RES20000mN2480000E4180000",22.2532958984375,1102.24560546875,720.169494628906
"CRS3035RES20000mN2480000E4200000",22.7244701385498,1074.45458984375,736.354553222656
"CRS3035RES20000mN2480000E4220000",23.0318183898926,1075.52746582031,744.029235839844
"CRS3035RES20000mN2480000E4240000",23.16481590271,1084.53125,747.677001953125
"CRS3035RES20000mN2480000E4260000",23.1754188537598,959.722351074219,751.431030273438
"CRS3035RES20000mN1720000E2800000",24.2183322906494,551.846862792969,438.324035644531
"CRS3035RES20000mN2480000E4280000",22.9985809326172,904.227783203125,752.541381835938
"CRS3035RES20000mN2480000E4300000",22.8608303070068,912.903137207031,747.739562988281
"CRS3035RES20000mN2480000E4320000",22.9606666564941,958.6953125,738.398132324219
"CRS3035RES20000mN2480000E4340000",22.3895969390869,959.234375,717.297790527344
"CRS3035RES20000mN2480000E4360000",23.722827911377,905.523132324219,731.414428710938
"CRS3035RES20000mN2480000E4380000",22.4778919219971,1044.66809082031,727.181762695312
"CRS3035RES20000mN2480000E4400000",21.292688369751,1072.24853515625,722.467834472656
"CRS3035RES20000mN2480000E4420000",22.663969039917,1096.46069335938,747.026672363281
"CRS3035RES20000mN2480000E4440000",23.1697940826416,1003.59661865234,754.002624511719
"CRS3035RES20000mN2480000E4460000",23.2956371307373,918.254028320312,747.960998535156
"CRS3035RES20000mN1720000E2820000",24.4991073608398,622.868530273438,474.425079345703
"CRS3035RES20000mN2480000E4480000",23.1368675231934,900.917663574219,702.078735351562
"CRS3035RES20000mN2480000E4500000",23.0610828399658,909.411804199219,671.573303222656
"CRS3035RES20000mN2480000E4520000",23.2005043029785,915.684692382812,662.883605957031
"CRS3035RES20000mN2480000E4540000",23.2199363708496,962.878967285156,643.418273925781
"CRS3035RES20000mN2480000E4600000",22.412425994873,1364.96166992188,651.9091796875
"CRS3035RES20000mN2480000E4620000",20.7791728973389,1591.41088867188,680.211730957031
"CRS3035RES20000mN2480000E4640000",18.8736629486084,1858.43200683594,670.192077636719
"CRS3035RES20000mN2480000E4660000",18.3038597106934,1872.27392578125,679.723327636719
"CRS3035RES20000mN2480000E4680000",17.227897644043,1944.34802246094,680.60888671875
"CRS3035RES20000mN1720000E2840000",25.1194705963135,637.752319335938,521.129760742188
"CRS3035RES20000mN2480000E4700000",17.7513370513916,1636.72265625,696.601867675781
"CRS3035RES20000mN2480000E4720000",19.8935775756836,1411.06372070312,719.962463378906
"CRS3035RES20000mN1720000E2860000",25.8344268798828,638.289245605469,558.725280761719
"CRS3035RES20000mN1720000E2880000",26.17578125,621.886962890625,574.746704101562
"CRS3035RES20000mN1720000E2900000",26.4559135437012,616.371154785156,585.083068847656
"CRS3035RES20000mN1720000E2920000",26.6371402740479,655.537841796875,601.550842285156
"CRS3035RES20000mN1720000E2940000",26.8684749603271,634.998840332031,611.640258789062
"CRS3035RES20000mN1720000E2960000",26.7324542999268,618.765808105469,620.550354003906
"CRS3035RES20000mN1720000E2980000",26.8773784637451,573.042907714844,632.67041015625
"CRS3035RES20000mN1720000E3000000",26.7856426239014,577.373962402344,638.839172363281
"CRS3035RES20000mN2500000E3420000",19.8065090179443,949.983276367188,437.662567138672
"CRS3035RES20000mN2500000E3440000",20.3213043212891,913.514099121094,495.330963134766
"CRS3035RES20000mN2500000E3460000",20.5079479217529,891.326416015625,524.555786132812
"CRS3035RES20000mN2500000E3480000",20.4692153930664,868.196838378906,533.844909667969
"CRS3035RES20000mN1720000E3020000",25.7871837615967,629.808227539062,636.108459472656
"CRS3035RES20000mN2500000E3500000",20.2379665374756,881.776794433594,539.625061035156
"CRS3035RES20000mN2500000E3520000",20.3044490814209,848.862976074219,549.252197265625
"CRS3035RES20000mN2500000E3540000",20.317626953125,865.056823730469,553.247009277344
"CRS3035RES20000mN2500000E3560000",20.0647735595703,924.550964355469,552.735229492188
"CRS3035RES20000mN2500000E3580000",19.9459667205811,956.884216308594,557.637023925781
"CRS3035RES20000mN2500000E3600000",19.9034156799316,974.416809082031,560.826416015625
"CRS3035RES20000mN2500000E3620000",19.4298000335693,1041.06311035156,557.916259765625
"CRS3035RES20000mN2500000E3640000",19.0969181060791,1158.50988769531,558.556396484375
"CRS3035RES20000mN2500000E3660000",18.5982856750488,1444.39489746094,558.146179199219
"CRS3035RES20000mN2500000E3680000",17.3924751281738,1598.18762207031,548.283874511719
"CRS3035RES20000mN1720000E3040000",24.3252811431885,625.594360351562,631.997131347656
"CRS3035RES20000mN2500000E3700000",17.3487892150879,1399.27709960938,552.241821289062
"CRS3035RES20000mN2500000E3720000",17.4762687683105,1438.77429199219,566.650939941406
"CRS3035RES20000mN2500000E3740000",15.3193502426147,1606.02124023438,552.810913085938
"CRS3035RES20000mN2500000E3760000",14.4981508255005,1298.03186035156,550.574768066406
"CRS3035RES20000mN2500000E3780000",18.276065826416,921.374572753906,596.060241699219
"CRS3035RES20000mN2500000E3800000",16.7347297668457,1102.65698242188,582.924743652344
"CRS3035RES20000mN2500000E3820000",16.5998344421387,1008.39270019531,585.306030273438
"CRS3035RES20000mN2500000E3840000",15.9647369384766,1086.44213867188,580.13232421875
"CRS3035RES20000mN2500000E3860000",19.5742359161377,838.446044921875,627.621520996094
"CRS3035RES20000mN2500000E3880000",18.3133792877197,889.4599609375,610.182922363281
"CRS3035RES20000mN1720000E3060000",24.9058399200439,610.089721679688,641.831787109375
"CRS3035RES20000mN2500000E3900000",20.1361408233643,856.669982910156,636.70849609375
"CRS3035RES20000mN2500000E3920000",20.4943199157715,905.324279785156,644.665100097656
"CRS3035RES20000mN2500000E3940000",20.1832828521729,980.850341796875,650.405029296875
"CRS3035RES20000mN2500000E3960000",20.4412860870361,1103.63073730469,668.449462890625
"CRS3035RES20000mN2500000E3980000",19.6689949035645,1388.96105957031,669.504272460938
"CRS3035RES20000mN2500000E4000000",17.204740524292,1533.99523925781,660.721618652344
"CRS3035RES20000mN2500000E4020000",16.2865409851074,1552.84643554688,692.387939453125
"CRS3035RES20000mN2500000E4040000",13.3212871551514,1916.45043945312,716.262451171875
"CRS3035RES20000mN2500000E4060000",10.8811550140381,2061.37646484375,728.835327148438
"CRS3035RES20000mN2500000E4080000",9.71127128601074,1821.41491699219,726.16162109375
"CRS3035RES20000mN1720000E3080000",23.0262088775635,792.52001953125,634.398315429688
"CRS3035RES20000mN2500000E4100000",12.1234855651855,1224.86010742188,728.490478515625
"CRS3035RES20000mN2500000E4120000",12.7444219589233,1241.22058105469,727.340698242188
"CRS3035RES20000mN2500000E4140000",13.6040935516357,1258.59143066406,713.616088867188
"CRS3035RES20000mN2500000E4160000",15.5561943054199,1679.82348632812,685.156494140625
"CRS3035RES20000mN2500000E4180000",20.269214630127,1584.87341308594,685.637329101562
"CRS3035RES20000mN2500000E4200000",21.9626808166504,1285.52856445312,701.839172363281
"CRS3035RES20000mN2500000E4220000",22.1224365234375,1299.30419921875,709.913879394531
"CRS3035RES20000mN2500000E4240000",22.1944313049316,1281.48828125,716.100402832031
"CRS3035RES20000mN2500000E4260000",22.0081806182861,1197.89099121094,718.193725585938
"CRS3035RES20000mN2500000E4280000",21.2935829162598,1126.90649414062,722.471923828125
"CRS3035RES20000mN1720000E3100000",22.6728553771973,589.364868164062,641.416381835938
"CRS3035RES20000mN2500000E4300000",20.4179439544678,1185.73352050781,726.970275878906
"CRS3035RES20000mN2500000E4320000",19.3480796813965,1368.96374511719,707.525939941406
"CRS3035RES20000mN2500000E4340000",18.7634773254395,1258.98974609375,687.754821777344
"CRS3035RES20000mN2500000E4360000",20.1582088470459,1203.17041015625,691.699157714844
"CRS3035RES20000mN2500000E4380000",18.1936340332031,1306.51062011719,672.011474609375
"CRS3035RES20000mN2500000E4400000",16.4947414398193,1381.58068847656,663.374816894531
"CRS3035RES20000mN2500000E4420000",21.21142578125,1242.04260253906,728.312927246094
"CRS3035RES20000mN2500000E4440000",22.4311218261719,1138.33801269531,742.559204101562
"CRS3035RES20000mN2500000E4460000",22.7138023376465,1013.90716552734,736.68212890625
"CRS3035RES20000mN2500000E4480000",22.839672088623,974.976623535156,719.666809082031
"CRS3035RES20000mN1720000E3120000",21.6741027832031,630.992309570312,647.957641601562
"CRS3035RES20000mN2500000E4500000",23.033992767334,979.8876953125,709.122985839844
"CRS3035RES20000mN2500000E4520000",23.1611862182617,1022.65173339844,704.291748046875
"CRS3035RES20000mN2500000E4540000",23.1134090423584,1052.3779296875,676.592224121094
"CRS3035RES20000mN2500000E4560000",22.9948806762695,1105.99560546875,638.594482421875
"CRS3035RES20000mN2500000E4580000",22.9880752563477,1187.52160644531,625.397888183594
"CRS3035RES20000mN2500000E4600000",22.8057155609131,1479.93798828125,667.867431640625
"CRS3035RES20000mN2500000E4620000",19.9007568359375,1829.50244140625,685.547485351562
"CRS3035RES20000mN2500000E4640000",18.8098011016846,1741.89965820312,696.362060546875
"CRS3035RES20000mN2500000E4660000",15.7857522964478,1897.6962890625,663.136901855469
"CRS3035RES20000mN2500000E4680000",17.5093746185303,1640.00390625,689.914367675781
"CRS3035RES20000mN1720000E3140000",24.2229995727539,549.12060546875,676.690307617188
"CRS3035RES20000mN2500000E4700000",18.0131549835205,1552.38549804688,698.196960449219
"CRS3035RES20000mN2500000E4720000",20.3112525939941,1241.02075195312,731.238647460938
"CRS3035RES20000mN1720000E3160000",23.3795108795166,728.996398925781,677.342651367188
"CRS3035RES20000mN1720000E3180000",21.5392093658447,675.799499511719,662.808532714844
"CRS3035RES20000mN1720000E3200000",21.9665393829346,533.138854980469,649.013610839844
"CRS3035RES20000mN1720000E3220000",21.6363925933838,423.009185791016,631.197937011719
"CRS3035RES20000mN1720000E3240000",21.4672584533691,407.335144042969,616.650512695312
"CRS3035RES20000mN1720000E3260000",22.6331939697266,373.823059082031,607.880187988281
"CRS3035RES20000mN1720000E3280000",22.6867523193359,384.388488769531,609.197082519531
"CRS3035RES20000mN1720000E3300000",24.7084083557129,333.907165527344,602.918212890625
"CRS3035RES20000mN2520000E3440000",20.3456325531006,895.31884765625,496.762908935547
"CRS3035RES20000mN2520000E3460000",20.5282440185547,869.83349609375,524.792724609375
"CRS3035RES20000mN2520000E3480000",20.2776889801025,895.48779296875,530.769165039062
"CRS3035RES20000mN2520000E3500000",20.0774192810059,878.811889648438,537.284484863281
"CRS3035RES20000mN1720000E3320000",26.0073356628418,313.640625,589.670776367188
"CRS3035RES20000mN2520000E3520000",19.9327697753906,864.295227050781,544.341979980469
"CRS3035RES20000mN2520000E3540000",19.8436717987061,898.445983886719,547.827697753906
"CRS3035RES20000mN2520000E3560000",19.7926635742188,956.520935058594,548.25732421875
"CRS3035RES20000mN2520000E3580000",19.5941619873047,1016.06024169922,551.613159179688
"CRS3035RES20000mN2520000E3600000",19.1812515258789,1096.03967285156,550.442077636719
"CRS3035RES20000mN2520000E3620000",18.7304935455322,1147.34936523438,547.570068359375
"CRS3035RES20000mN2520000E3640000",18.5180282592773,1206.04077148438,549.693298339844
"CRS3035RES20000mN2520000E3660000",18.1489925384521,1436.7666015625,551.956420898438
"CRS3035RES20000mN2520000E3680000",16.4086856842041,1634.74645996094,537.126342773438
"CRS3035RES20000mN2520000E3700000",16.2365760803223,1402.43432617188,540.778076171875
"CRS3035RES20000mN1720000E3340000",25.7639236450195,295.682769775391,575.398681640625
"CRS3035RES20000mN2520000E3720000",16.5349216461182,1332.93298339844,555.28466796875
"CRS3035RES20000mN2520000E3740000",15.3576736450195,1409.62438964844,549.226684570312
"CRS3035RES20000mN2520000E3760000",15.0865058898926,1193.38305664062,548.243957519531
"CRS3035RES20000mN2520000E3780000",18.4289302825928,944.055725097656,592.669555664062
"CRS3035RES20000mN2520000E3800000",18.2930355072021,1030.76123046875,598.097900390625
"CRS3035RES20000mN2520000E3820000",16.2517986297607,1201.42028808594,580.812744140625
"CRS3035RES20000mN2520000E3840000",17.301700592041,1024.41394042969,597.766357421875
"CRS3035RES20000mN2520000E3860000",19.666524887085,844.870666503906,630.707397460938
"CRS3035RES20000mN2520000E3880000",18.31081199646,905.803527832031,610.366943359375
"CRS3035RES20000mN2520000E3900000",20.0054721832275,853.195678710938,634.745300292969
"CRS3035RES20000mN1720000E3360000",25.7223854064941,302.976867675781,539.435668945312
"CRS3035RES20000mN2520000E3920000",20.8274192810059,896.483215332031,649.117065429688
"CRS3035RES20000mN2520000E3940000",20.7166652679443,1029.69970703125,656.056640625
"CRS3035RES20000mN2520000E3960000",19.4314193725586,1384.69946289062,648.132263183594
"CRS3035RES20000mN2520000E3980000",20.2331409454346,1173.84167480469,675.963134765625
"CRS3035RES20000mN2520000E4000000",18.6143894195557,1451.47778320312,662.185791015625
"CRS3035RES20000mN2520000E4020000",16.6350212097168,1540.73962402344,690.056396484375
"CRS3035RES20000mN2520000E4040000",13.4352169036865,2046.38586425781,711.764404296875
"CRS3035RES20000mN2520000E4060000",9.75081443786621,2394.76708984375,740.080932617188
"CRS3035RES20000mN2520000E4080000",8.29128360748291,2128.36767578125,734.581420898438
"CRS3035RES20000mN2520000E4100000",9.69515514373779,1625.85534667969,738.34814453125
"CRS3035RES20000mN1720000E3380000",25.2551670074463,292.23828125,483.677062988281
"CRS3035RES20000mN2520000E4120000",9.45789051055908,1380.70202636719,737.100402832031
"CRS3035RES20000mN2520000E4140000",6.84081554412842,1720.30078125,734.532653808594
"CRS3035RES20000mN2520000E4160000",12.8998327255249,1682.25866699219,706.804443359375
"CRS3035RES20000mN2520000E4180000",16.9451866149902,2034.70935058594,681.32177734375
"CRS3035RES20000mN2520000E4200000",21.2212810516357,1694.59057617188,691.540283203125
"CRS3035RES20000mN2520000E4220000",20.7490234375,1796.73962402344,679.912048339844
"CRS3035RES20000mN2520000E4240000",19.5686187744141,1698.32458496094,673.793640136719
"CRS3035RES20000mN2520000E4260000",19.0661697387695,1785.76684570312,684.776611328125
"CRS3035RES20000mN2520000E4280000",16.8796672821045,1653.79626464844,694.80517578125
"CRS3035RES20000mN2520000E4300000",15.6413688659668,1608.25036621094,714.428283691406
"CRS3035RES20000mN2520000E4320000",16.5941696166992,1523.89001464844,720.53076171875
"CRS3035RES20000mN2520000E4340000",13.3754119873047,1641.29699707031,703.407348632812
"CRS3035RES20000mN2520000E4360000",15.6986036300659,1540.47802734375,697.077453613281
"CRS3035RES20000mN2520000E4380000",19.0810089111328,1228.48559570312,704.624328613281
"CRS3035RES20000mN2520000E4400000",16.70703125,1224.90771484375,684.149475097656
"CRS3035RES20000mN2520000E4420000",15.7720584869385,1382.8837890625,681.540710449219
"CRS3035RES20000mN2520000E4440000",16.464319229126,1720.94604492188,686.700256347656
"CRS3035RES20000mN2520000E4460000",19.6045017242432,1419.03442382812,700.234252929688
"CRS3035RES20000mN2520000E4480000",21.9259471893311,1130.25524902344,717.325134277344
"CRS3035RES20000mN2520000E4500000",22.838809967041,1095.39404296875,724.972290039062
"CRS3035RES20000mN2520000E4520000",22.9670848846436,1124.14074707031,726.790405273438
"CRS3035RES20000mN2520000E4540000",22.887882232666,1128.56982421875,704.310668945312
"CRS3035RES20000mN2520000E4560000",22.8606071472168,1161.87133789062,676.065063476562
"CRS3035RES20000mN2520000E4580000",22.7503299713135,1446.45776367188,660.680053710938
"CRS3035RES20000mN2520000E4600000",21.4323596954346,2061.89770507812,675.621765136719
"CRS3035RES20000mN2520000E4620000",19.2756748199463,2042.85083007812,686.581909179688
"CRS3035RES20000mN2520000E4640000",18.0694561004639,1799.55017089844,689.839721679688
"CRS3035RES20000mN2520000E4660000",17.7250423431396,1693.45068359375,689.61865234375
"CRS3035RES20000mN2520000E4680000",18.4304161071777,1599.80236816406,702.823120117188
"CRS3035RES20000mN2520000E4700000",19.2928657531738,1475.29064941406,718.514343261719
"CRS3035RES20000mN2520000E4720000",19.2363834381104,1317.52172851562,715.536010742188
"CRS3035RES20000mN2520000E4740000",19.1657905578613,1263.46704101562,714.323547363281
"CRS3035RES20000mN1720000E4820000",24.1590518951416,843.800842285156,471.331634521484
"CRS3035RES20000mN1720000E4840000",23.4421291351318,1045.39196777344,506.334106445312
"CRS3035RES20000mN1720000E4860000",20.0041637420654,1109.36608886719,542.461791992188
"CRS3035RES20000mN1720000E4880000",23.3989505767822,881.709777832031,515.169372558594
"CRS3035RES20000mN2540000E3440000",20.1958541870117,868.494506835938,493.127349853516
"CRS3035RES20000mN2540000E3460000",20.4105091094971,872.608703613281,524.432861328125
"CRS3035RES20000mN2540000E3480000",20.104700088501,906.959167480469,529.443969726562
"CRS3035RES20000mN2540000E3500000",20.0179195404053,873.918395996094,535.979248046875
"CRS3035RES20000mN2540000E3520000",19.9920825958252,857.310729980469,543.546997070312
"CRS3035RES20000mN2540000E3540000",19.9106979370117,862.763610839844,548.085205078125
"CRS3035RES20000mN2540000E3560000",19.6598281860352,922.318237304688,545.733276367188
"CRS3035RES20000mN2540000E3580000",19.2693939208984,1068.03759765625,545.327209472656
"CRS3035RES20000mN2540000E3600000",18.607946395874,1174.40209960938,542.193542480469
"CRS3035RES20000mN2540000E3620000",18.4847984313965,1147.40100097656,545.562438964844
"CRS3035RES20000mN2540000E3640000",18.632791519165,1152.88842773438,552.178039550781
"CRS3035RES20000mN2540000E3660000",18.0695838928223,1389.83386230469,550.874694824219
"CRS3035RES20000mN2540000E3680000",16.7619323730469,1538.18579101562,541.734252929688
"CRS3035RES20000mN2540000E3700000",16.0701465606689,1338.76623535156,538.212585449219
"CRS3035RES20000mN2540000E3720000",16.3144950866699,1132.89990234375,548.609191894531
"CRS3035RES20000mN2540000E3740000",16.396427154541,1092.97583007812,555.652160644531
"CRS3035RES20000mN2540000E3760000",15.9769668579102,1051.12756347656,550.777465820312
"CRS3035RES20000mN2540000E3780000",19.1055946350098,843.892150878906,596.254150390625
"CRS3035RES20000mN2540000E3800000",19.4357147216797,914.763793945312,606.206237792969
"CRS3035RES20000mN2540000E3820000",16.6118316650391,1295.80041503906,576.762756347656
"CRS3035RES20000mN2540000E3840000",17.8956604003906,1031.77941894531,599.408874511719
"CRS3035RES20000mN2540000E3860000",18.9603443145752,905.302185058594,617.702758789062
"CRS3035RES20000mN2540000E3880000",18.498607635498,895.650939941406,615.498718261719
"CRS3035RES20000mN2540000E3900000",20.3149032592773,875.515625,643.156372070312
"CRS3035RES20000mN2540000E3920000",20.2710628509521,986.02783203125,639.494140625
"CRS3035RES20000mN2540000E3940000",20.5103073120117,1159.2021484375,651.032775878906
"CRS3035RES20000mN2540000E3960000",18.2068614959717,1649.42102050781,627.217529296875
"CRS3035RES20000mN2540000E3980000",17.4540500640869,1442.81506347656,626.57177734375
"CRS3035RES20000mN2540000E4000000",18.905725479126,1318.568359375,655.107666015625
"CRS3035RES20000mN2540000E4020000",16.2004508972168,1730.9423828125,673.420715332031
"CRS3035RES20000mN2540000E4040000",14.8543167114258,1848.0009765625,703.954284667969
"CRS3035RES20000mN2540000E4060000",12.2723073959351,2167.51000976562,735.975280761719
"CRS3035RES20000mN2540000E4080000",10.3888549804688,1926.10412597656,738.400085449219
"CRS3035RES20000mN2540000E4100000",8.49344062805176,1582.80358886719,751.870178222656
"CRS3035RES20000mN2540000E4120000",5.53453302383423,1539.28869628906,750.897155761719
"CRS3035RES20000mN2540000E4140000",4.88280057907104,1641.17175292969,750.154602050781
"CRS3035RES20000mN2540000E4160000",9.87044239044189,1676.19360351562,731.430786132812
"CRS3035RES20000mN2540000E4180000",16.8347187042236,1816.16638183594,709.404663085938
"CRS3035RES20000mN2540000E4200000",16.8809432983398,2374.36840820312,676.38916015625
"CRS3035RES20000mN2540000E4220000",19.4023418426514,2090.79858398438,677.494689941406
"CRS3035RES20000mN2540000E4240000",16.8759155273438,1923.75512695312,663.403137207031
"CRS3035RES20000mN2540000E4260000",18.3402652740479,1818.96984863281,690.120422363281
"CRS3035RES20000mN2540000E4280000",14.1133470535278,1948.78771972656,704.83984375
"CRS3035RES20000mN2540000E4300000",11.8925247192383,1845.62805175781,734.247192382812
"CRS3035RES20000mN2540000E4320000",11.4971437454224,1705.20617675781,748.855224609375
"CRS3035RES20000mN2540000E4340000",12.8599557876587,1634.2451171875,750.658508300781
"CRS3035RES20000mN2540000E4360000",11.4585342407227,1678.2109375,744.768737792969
"CRS3035RES20000mN2540000E4380000",16.4087924957275,1263.77087402344,730.132690429688
"CRS3035RES20000mN2540000E4400000",18.790153503418,1041.978515625,727.033447265625
"CRS3035RES20000mN2540000E4420000",15.0098781585693,1234.15795898438,699.275756835938
"CRS3035RES20000mN2540000E4440000",15.7816886901855,1443.84216308594,700.338012695312
"CRS3035RES20000mN2540000E4460000",17.6443614959717,1480.65856933594,688.794311523438
"CRS3035RES20000mN2540000E4480000",18.9100589752197,1356.208984375,690.486267089844
"CRS3035RES20000mN2540000E4500000",18.8323287963867,1328.89172363281,691.096923828125
"CRS3035RES20000mN2540000E4520000",22.1541442871094,1191.05139160156,727.623352050781
"CRS3035RES20000mN2540000E4540000",22.3359241485596,1228.13549804688,722.197631835938
"CRS3035RES20000mN2540000E4560000",22.3513507843018,1391.18481445312,714.941040039062
"CRS3035RES20000mN2540000E4580000",21.9317035675049,2061.41552734375,705.157470703125
"CRS3035RES20000mN2540000E4600000",18.828649520874,2672.85693359375,682.885192871094
"CRS3035RES20000mN2540000E4620000",17.341833114624,2271.91552734375,673.273620605469
"CRS3035RES20000mN2540000E4640000",18.5662956237793,1721.43505859375,698.915893554688
"CRS3035RES20000mN2540000E4660000",19.4618301391602,1499.41674804688,715.190307617188
"CRS3035RES20000mN2540000E4680000",19.4351673126221,1360.998046875,713.128967285156
"CRS3035RES20000mN2540000E4700000",19.6921710968018,1247.79931640625,720.533996582031
"CRS3035RES20000mN2540000E4720000",20.2058658599854,1144.77941894531,733.955017089844
"CRS3035RES20000mN2540000E4740000",20.5918827056885,1050.57299804688,742.983093261719
"CRS3035RES20000mN2540000E4760000",21.0211734771729,998.338317871094,756.703308105469
"CRS3035RES20000mN2560000E3440000",19.9068298339844,840.058410644531,484.993682861328
"CRS3035RES20000mN2560000E3460000",20.1835308074951,869.368530273438,521.949157714844
"CRS3035RES20000mN2560000E3480000",19.9095630645752,892.314331054688,528.54638671875
"CRS3035RES20000mN2560000E3500000",19.8824996948242,877.512451171875,532.978759765625
"CRS3035RES20000mN2560000E3520000",19.8651256561279,871.002075195312,540.118896484375
"CRS3035RES20000mN2560000E3540000",19.7937259674072,879.14892578125,545.786071777344
"CRS3035RES20000mN2560000E3560000",19.6548480987549,915.858825683594,544.712585449219
"CRS3035RES20000mN2560000E3580000",19.1419067382812,1031.294921875,541.902770996094
"CRS3035RES20000mN2560000E3600000",19.0802268981934,1057.10229492188,547.100158691406
"CRS3035RES20000mN2560000E3620000",18.7068252563477,1109.16320800781,548.421081542969
"CRS3035RES20000mN2560000E3640000",18.4465942382812,1186.66772460938,548.678283691406
"CRS3035RES20000mN2560000E3660000",18.0302925109863,1300.73278808594,547.427856445312
"CRS3035RES20000mN2560000E3680000",17.1912860870361,1307.51123046875,542.010009765625
"CRS3035RES20000mN2560000E3700000",17.2277507781982,1126.71936035156,547.191284179688
"CRS3035RES20000mN2560000E3720000",17.0845050811768,1030.09814453125,551.062072753906
"CRS3035RES20000mN2560000E3740000",16.9652366638184,926.856262207031,555.576416015625
"CRS3035RES20000mN2560000E3760000",16.9991359710693,902.173583984375,558.596252441406
"CRS3035RES20000mN2560000E3780000",18.5131072998047,812.704650878906,582.387817382812
"CRS3035RES20000mN2560000E3800000",19.2504215240479,881.613830566406,596.828491210938
"CRS3035RES20000mN2560000E3820000",17.5022010803223,1165.82177734375,579.314697265625
"CRS3035RES20000mN2560000E3840000",18.077808380127,1030.08068847656,593.425048828125
"CRS3035RES20000mN2560000E3860000",19.4430160522461,929.239624023438,620.140258789062
"CRS3035RES20000mN2560000E3880000",17.82936668396,1021.29675292969,602.232971191406
"CRS3035RES20000mN2560000E3900000",19.9756641387939,923.091796875,636.42724609375
"CRS3035RES20000mN2560000E3920000",20.3445816040039,1049.3994140625,636.321594238281
"CRS3035RES20000mN2560000E3940000",20.3986759185791,1157.23937988281,638.37939453125
"CRS3035RES20000mN2560000E3960000",18.9372806549072,1737.58410644531,631.490783691406
"CRS3035RES20000mN2560000E3980000",16.6052513122559,1640.35290527344,608.541442871094
"CRS3035RES20000mN2560000E4000000",18.3030815124512,1295.82263183594,637.582702636719
"CRS3035RES20000mN2560000E4020000",18.5839500427246,1331.42956542969,662.198791503906
"CRS3035RES20000mN2560000E4040000",15.1947946548462,1948.43432617188,665.393371582031
"CRS3035RES20000mN2560000E4060000",12.398247718811,2108.56274414062,695.841491699219
"CRS3035RES20000mN2560000E4080000",13.653639793396,1554.03576660156,734.758422851562
"CRS3035RES20000mN2560000E4100000",13.5840167999268,1332.4912109375,761.515197753906
"CRS3035RES20000mN2560000E4120000",12.1675186157227,1040.61535644531,772.166259765625
"CRS3035RES20000mN2560000E4140000",10.2113466262817,1154.4169921875,756.23095703125
"CRS3035RES20000mN2560000E4160000",9.2450590133667,1582.466796875,742.276794433594
"CRS3035RES20000mN2560000E4180000",12.9625539779663,1871.55529785156,725.948059082031
"CRS3035RES20000mN2560000E4200000",13.6080112457275,2400.93408203125,694.058349609375
"CRS3035RES20000mN2560000E4220000",15.534722328186,2086.57373046875,688.708862304688
"CRS3035RES20000mN2560000E4240000",15.7745313644409,1891.30065917969,692.098937988281
"CRS3035RES20000mN2560000E4260000",15.7498388290405,1608.47143554688,700.806884765625
"CRS3035RES20000mN2560000E4280000",11.8194494247437,1728.05004882812,728.668518066406
"CRS3035RES20000mN2560000E4300000",11.9968042373657,1425.02783203125,759.454223632812
"CRS3035RES20000mN2560000E4320000",13.2757205963135,1245.30407714844,779.660949707031
"CRS3035RES20000mN2560000E4340000",11.9431056976318,1283.18688964844,782.745422363281
"CRS3035RES20000mN2560000E4360000",9.33623218536377,1512.97998046875,784.603332519531
"CRS3035RES20000mN2560000E4380000",12.1747436523438,1359.67236328125,767.658264160156
"CRS3035RES20000mN2560000E4400000",19.1216564178467,936.949768066406,753.034362792969
"CRS3035RES20000mN2560000E4420000",13.8515453338623,1245.75964355469,713.251220703125
"CRS3035RES20000mN2560000E4440000",11.967866897583,1385.01550292969,711.167602539062
"CRS3035RES20000mN2560000E4460000",13.09801197052,1612.94262695312,694.843627929688
"CRS3035RES20000mN2560000E4480000",16.009880065918,1453.53076171875,700.177673339844
"CRS3035RES20000mN2560000E4500000",15.4195966720581,1454.923828125,692.993347167969
"CRS3035RES20000mN2560000E4520000",18.2964725494385,1427.49865722656,711.385559082031
"CRS3035RES20000mN2560000E4540000",20.4186096191406,1453.82739257812,722.184753417969
"CRS3035RES20000mN2560000E4560000",20.8536491394043,1808.57653808594,725.272705078125
"CRS3035RES20000mN2560000E4580000",19.1665649414062,2501.71752929688,711.860412597656
"CRS3035RES20000mN2560000E4600000",17.8010730743408,2692.466796875,710.273620605469
"CRS3035RES20000mN2560000E4620000",16.8349590301514,2168.26708984375,700.565185546875
"CRS3035RES20000mN2560000E4640000",18.3856258392334,1752.92456054688,716.904174804688
"CRS3035RES20000mN2560000E4660000",20.0062694549561,1410.70629882812,741.336547851562
"CRS3035RES20000mN2560000E4680000",19.0565929412842,1361.18237304688,718.689270019531
"CRS3035RES20000mN2560000E4700000",18.3063049316406,1323.21057128906,700.858276367188
"CRS3035RES20000mN2560000E4720000",19.0005950927734,1193.16345214844,712.693481445312
"CRS3035RES20000mN2560000E4740000",19.4948787689209,1168.18139648438,722.157470703125
"CRS3035RES20000mN2560000E4760000",20.7218170166016,1006.68603515625,749.756286621094
"CRS3035RES20000mN2580000E3440000",19.6308937072754,809.679016113281,475.218780517578
"CRS3035RES20000mN2580000E3460000",20.0234184265137,826.014038085938,516.357055664062
"CRS3035RES20000mN2580000E3480000",19.7906684875488,856.886657714844,525.827209472656
"CRS3035RES20000mN2580000E3500000",19.6645450592041,870.575927734375,528.518615722656
"CRS3035RES20000mN2580000E3520000",19.4713115692139,916.12548828125,533.393005371094
"CRS3035RES20000mN2580000E3540000",19.5325870513916,889.142761230469,541.254028320312
"CRS3035RES20000mN2580000E3560000",19.4051780700684,908.99462890625,541.476257324219
"CRS3035RES20000mN2580000E3580000",19.19997215271,953.602783203125,542.074157714844
"CRS3035RES20000mN2580000E3600000",19.0685329437256,992.304504394531,544.866882324219
"CRS3035RES20000mN2580000E3620000",18.632209777832,1063.00830078125,544.911437988281
"CRS3035RES20000mN2580000E3640000",18.0815601348877,1154.1201171875,541.317626953125
"CRS3035RES20000mN2580000E3660000",17.9048919677734,1128.68188476562,543.578063964844
"CRS3035RES20000mN2580000E3680000",17.5293655395508,1135.29895019531,543.124450683594
"CRS3035RES20000mN2580000E3700000",17.8654289245605,999.489379882812,552.065551757812
"CRS3035RES20000mN2580000E3720000",18.1291160583496,888.952270507812,560.117004394531
"CRS3035RES20000mN2580000E3740000",17.9661312103271,861.814697265625,563.088928222656
"CRS3035RES20000mN2580000E3760000",17.5566005706787,875.4716796875,563.005065917969
"CRS3035RES20000mN2580000E3780000",18.7709617614746,815.038696289062,586.091125488281
"CRS3035RES20000mN2580000E3800000",19.4550933837891,795.658996582031,599.250305175781
"CRS3035RES20000mN2580000E3820000",19.0474948883057,905.6279296875,596.923950195312
"CRS3035RES20000mN2580000E3840000",19.2977542877197,911.696350097656,604.477355957031
"CRS3035RES20000mN2580000E3860000",19.3181304931641,977.071594238281,610.914489746094
"CRS3035RES20000mN2580000E3880000",18.4671955108643,1048.1416015625,607.2822265625
"CRS3035RES20000mN2580000E3900000",19.1449394226074,982.786071777344,617.999938964844
"CRS3035RES20000mN2580000E3920000",20.5283889770508,981.281494140625,635.036743164062
"CRS3035RES20000mN2580000E3940000",20.5312080383301,1159.93981933594,630.703002929688
"CRS3035RES20000mN2580000E3960000",19.2904109954834,1637.32995605469,626.818481445312
"CRS3035RES20000mN2580000E3980000",17.6191730499268,1819.13696289062,618.641174316406
"CRS3035RES20000mN2580000E4000000",15.2897062301636,1688.51806640625,599.861572265625
"CRS3035RES20000mN2580000E4020000",18.9918670654297,1307.9111328125,636.126342773438
"CRS3035RES20000mN2580000E4040000",18.7685317993164,1478.01867675781,639.2587890625
"CRS3035RES20000mN2580000E4060000",16.2011909484863,1754.35363769531,640.357604980469
"CRS3035RES20000mN2580000E4080000",14.9761791229248,1627.10876464844,695.994506835938
"CRS3035RES20000mN2580000E4100000",10.1794013977051,1778.45935058594,734.13720703125
"CRS3035RES20000mN2580000E4120000",9.92292499542236,1791.37524414062,744.030212402344
"CRS3035RES20000mN2580000E4140000",8.31643962860107,1790.62341308594,733.002563476562
"CRS3035RES20000mN2580000E4160000",8.35131549835205,1932.78881835938,719.051452636719
"CRS3035RES20000mN2580000E4180000",8.37603187561035,2452.701171875,706.184387207031
"CRS3035RES20000mN2580000E4200000",10.3310785293579,2553.1884765625,707.887023925781
"CRS3035RES20000mN2580000E4220000",12.2562599182129,2156.44653320312,711.167053222656
"CRS3035RES20000mN2580000E4240000",10.8637943267822,2271.67309570312,714.950866699219
"CRS3035RES20000mN2580000E4260000",9.91621685028076,1976.44165039062,718.071594238281
"CRS3035RES20000mN2580000E4280000",8.50014686584473,1768.67810058594,734.336120605469
"CRS3035RES20000mN2580000E4300000",6.46998929977417,1658.6298828125,753.068115234375
"CRS3035RES20000mN2580000E4320000",7.84055328369141,1425.17687988281,764.387329101562
"CRS3035RES20000mN2580000E4340000",9.66828346252441,1169.54724121094,770.817993164062
"CRS3035RES20000mN2580000E4360000",6.61370372772217,1527.36242675781,787.817199707031
"CRS3035RES20000mN2580000E4380000",11.6459789276123,1288.69348144531,779.004821777344
"CRS3035RES20000mN2580000E4400000",17.2808685302734,998.818664550781,742.704711914062
"CRS3035RES20000mN2580000E4420000",16.6955089569092,1110.88439941406,727.415283203125
"CRS3035RES20000mN2580000E4440000",10.8530111312866,1203.10266113281,726.210266113281
"CRS3035RES20000mN2580000E4460000",11.5616626739502,1267.78771972656,709.870422363281
"CRS3035RES20000mN2580000E4480000",12.564001083374,1429.15502929688,715.047241210938
"CRS3035RES20000mN2580000E4500000",13.2733678817749,1452.27197265625,721.161437988281
"CRS3035RES20000mN2580000E4520000",14.5142383575439,1731.10437011719,723.017333984375
"CRS3035RES20000mN2580000E4540000",17.7152976989746,1705.10083007812,729.631713867188
"CRS3035RES20000mN2580000E4560000",16.8500652313232,2171.4189453125,715.105102539062
"CRS3035RES20000mN2580000E4580000",14.5674638748169,2601.84643554688,697.571044921875
"CRS3035RES20000mN2580000E4600000",12.6601581573486,2779.0078125,683.355651855469
"CRS3035RES20000mN2580000E4620000",16.0739517211914,2045.47448730469,718.257690429688
"CRS3035RES20000mN2580000E4640000",17.3524074554443,1642.27685546875,724.812072753906
"CRS3035RES20000mN2580000E4660000",15.380970954895,1726.43811035156,686.986450195312
"CRS3035RES20000mN2580000E4680000",16.4391765594482,1479.38940429688,697.718139648438
"CRS3035RES20000mN2580000E4700000",19.3167285919189,1179.30200195312,741.567565917969
"CRS3035RES20000mN2580000E4720000",19.4513969421387,1081.21728515625,735.742614746094
"CRS3035RES20000mN2580000E4740000",19.8437900543213,1057.29125976562,737.670471191406
"CRS3035RES20000mN2580000E4760000",19.6262550354004,1103.03454589844,729.017761230469
"CRS3035RES20000mN2580000E4780000",19.7599277496338,1033.95153808594,732.9697265625
"CRS3035RES20000mN2600000E3440000",19.3776397705078,765.467346191406,465.127563476562
"CRS3035RES20000mN2600000E3460000",19.7946014404297,794.030151367188,508.229309082031
"CRS3035RES20000mN2600000E3480000",19.6382522583008,852.165649414062,521.333618164062
"CRS3035RES20000mN2600000E3500000",19.4897136688232,888.680786132812,525.598083496094
"CRS3035RES20000mN2600000E3520000",19.3776035308838,900.4443359375,531.3564453125
"CRS3035RES20000mN2600000E3540000",19.141918182373,927.418579101562,536.154846191406
"CRS3035RES20000mN2600000E3560000",19.2125377655029,879.350830078125,541.446716308594
"CRS3035RES20000mN2600000E3580000",19.2592468261719,865.539855957031,545.440734863281
"CRS3035RES20000mN2600000E3600000",19.2361259460449,886.611022949219,547.723510742188
"CRS3035RES20000mN2600000E3620000",19.0467624664307,951.968688964844,548.098388671875
"CRS3035RES20000mN2600000E3640000",18.6768016815186,1027.28503417969,547.542358398438
"CRS3035RES20000mN2600000E3660000",18.2954006195068,1069.63195800781,547.533203125
"CRS3035RES20000mN2600000E3680000",18.3046398162842,961.486694335938,552.545776367188
"CRS3035RES20000mN2600000E3700000",18.1904239654541,932.857055664062,554.874145507812
"CRS3035RES20000mN2600000E3720000",18.0713424682617,913.189147949219,556.796020507812
"CRS3035RES20000mN2600000E3740000",18.9504699707031,813.900817871094,574.582153320312
"CRS3035RES20000mN2600000E3760000",18.8475303649902,839.326416015625,579.984069824219
"CRS3035RES20000mN2600000E3780000",18.435619354248,851.655456542969,579.437866210938
"CRS3035RES20000mN2600000E3800000",19.5066795349121,792.060424804688,598.973937988281
"CRS3035RES20000mN2600000E3820000",19.4286041259766,861.592041015625,601.449645996094
"CRS3035RES20000mN2600000E3840000",19.6283664703369,844.505554199219,608.727600097656
"CRS3035RES20000mN2600000E3860000",19.7088012695312,896.6953125,614.919738769531
"CRS3035RES20000mN2600000E3880000",19.2948112487793,992.426818847656,616.167785644531
"CRS3035RES20000mN2600000E3900000",19.64719581604,957.855407714844,624.184265136719
"CRS3035RES20000mN2600000E3920000",20.2634391784668,947.398254394531,631.454711914062
"CRS3035RES20000mN2600000E3940000",20.4906749725342,1099.75915527344,629.091247558594
"CRS3035RES20000mN2600000E3960000",19.4098491668701,1545.46997070312,620.989440917969
"CRS3035RES20000mN2600000E3980000",18.0525741577148,1811.10778808594,618.619995117188
"CRS3035RES20000mN2600000E4000000",15.745509147644,1975.32727050781,609.731628417969
"CRS3035RES20000mN2600000E4020000",14.5831613540649,1724.88732910156,575.694702148438
"CRS3035RES20000mN2600000E4040000",18.767951965332,1293.49633789062,608.39208984375
"CRS3035RES20000mN2600000E4060000",17.8814544677734,1517.16528320312,598.769653320312
"CRS3035RES20000mN2600000E4080000",15.2909326553345,1592.95690917969,644.021728515625
"CRS3035RES20000mN2600000E4100000",12.4878520965576,1770.35485839844,675.089660644531
"CRS3035RES20000mN2600000E4120000",12.082691192627,1818.74377441406,691.83251953125
"CRS3035RES20000mN2600000E4140000",11.6474170684814,1900.53442382812,690.737915039062
"CRS3035RES20000mN2600000E4160000",6.5522985458374,2211.86938476562,687.271911621094
"CRS3035RES20000mN2600000E4180000",7.11603403091431,2363.02124023438,683.562744140625
"CRS3035RES20000mN2600000E4200000",8.43179416656494,2510.02709960938,703.8427734375
"CRS3035RES20000mN2600000E4220000",8.92347526550293,2301.87670898438,717.319396972656
"CRS3035RES20000mN2600000E4240000",8.57555866241455,2199.17529296875,720.810119628906
"CRS3035RES20000mN2600000E4260000",9.71805381774902,1829.18884277344,718.807189941406
"CRS3035RES20000mN2600000E4280000",9.77908039093018,1490.0322265625,724.541687011719
"CRS3035RES20000mN2600000E4300000",7.48098945617676,1519.447265625,737.080078125
"CRS3035RES20000mN2600000E4320000",8.26902294158936,1319.7939453125,745.886840820312
"CRS3035RES20000mN2600000E4340000",8.58204555511475,1128.84069824219,750.599792480469
"CRS3035RES20000mN2600000E4360000",10.8425340652466,937.931701660156,755.153137207031
"CRS3035RES20000mN2600000E4380000",11.8460531234741,1007.57507324219,760.397155761719
"CRS3035RES20000mN2600000E4400000",16.6326751708984,858.132873535156,741.046630859375
"CRS3035RES20000mN2600000E4420000",14.9439821243286,1014.6455078125,725.859436035156
"CRS3035RES20000mN2600000E4440000",12.2775573730469,973.956115722656,733.819702148438
"CRS3035RES20000mN2600000E4460000",9.99441146850586,1211.68322753906,727.565795898438
"CRS3035RES20000mN2600000E4480000",10.4831409454346,1269.61096191406,734.018981933594
"CRS3035RES20000mN2600000E4500000",12.1940202713013,1293.45532226562,743.661987304688
"CRS3035RES20000mN2600000E4520000",12.2503261566162,1585.20812988281,744.438110351562
"CRS3035RES20000mN2600000E4540000",13.9650630950928,1788.18481445312,738.587341308594
"CRS3035RES20000mN2600000E4560000",14.7422065734863,1839.9052734375,730.286560058594
"CRS3035RES20000mN2600000E4580000",15.5530223846436,1723.08276367188,729.895690917969
"CRS3035RES20000mN2600000E4600000",16.1100063323975,1697.2705078125,734.219116210938
"CRS3035RES20000mN2600000E4620000",16.873628616333,1604.82702636719,739.188110351562
"CRS3035RES20000mN2600000E4640000",16.6625480651855,1611.32348632812,728.644897460938
"CRS3035RES20000mN2600000E4660000",16.5233917236328,1488.02014160156,723.937805175781
"CRS3035RES20000mN2600000E4680000",16.0573329925537,1388.27502441406,718.504455566406
"CRS3035RES20000mN2600000E4700000",17.8032569885254,1303.18566894531,744.8935546875
"CRS3035RES20000mN2600000E4720000",15.8549909591675,1382.61767578125,694.771301269531
"CRS3035RES20000mN2600000E4740000",18.7039947509766,1165.26599121094,731.255249023438
"CRS3035RES20000mN2600000E4760000",20.2794170379639,990.954895019531,748.977478027344
"CRS3035RES20000mN2600000E4780000",20.3561859130859,933.984069824219,747.087524414062
"CRS3035RES20000mN2600000E4800000",20.5154228210449,870.921081542969,750.468444824219
"CRS3035RES20000mN1740000E2620000",19.5806407928467,527.955932617188,208.768127441406
"CRS3035RES20000mN1740000E2640000",20.1504974365234,591.553100585938,240.196090698242
"CRS3035RES20000mN1740000E2660000",20.9833812713623,673.475952148438,283.869232177734
"CRS3035RES20000mN1740000E2680000",21.8324489593506,705.624389648438,332.088470458984
"CRS3035RES20000mN1740000E2700000",22.6513195037842,708.333801269531,385.823852539062
"CRS3035RES20000mN1740000E2720000",22.8341217041016,681.868041992188,433.794952392578
"CRS3035RES20000mN1740000E2740000",23.6377696990967,645.385192871094,470.537139892578
"CRS3035RES20000mN2620000E3460000",19.4518089294434,791.782287597656,499.803131103516
"CRS3035RES20000mN2620000E3480000",19.5832080841064,820.866638183594,518.453247070312
"CRS3035RES20000mN2620000E3500000",19.5643768310547,859.949096679688,526.843017578125
"CRS3035RES20000mN2620000E3520000",19.2568092346191,924.16552734375,531.692932128906
"CRS3035RES20000mN2620000E3540000",19.0193557739258,919.832336425781,535.709838867188
"CRS3035RES20000mN2620000E3560000",19.1353702545166,846.870361328125,542.3330078125
"CRS3035RES20000mN2620000E3580000",19.295259475708,804.900939941406,548.1328125
"CRS3035RES20000mN2620000E3600000",19.4699878692627,804.370178222656,553.906311035156
"CRS3035RES20000mN2620000E3620000",19.4359035491943,846.288696289062,554.295959472656
"CRS3035RES20000mN2620000E3640000",19.2702007293701,883.783081054688,554.264404296875
"CRS3035RES20000mN1740000E2760000",24.5627498626709,579.925415039062,484.139404296875
"CRS3035RES20000mN2620000E3660000",18.9385986328125,931.329162597656,553.312927246094
"CRS3035RES20000mN2620000E3680000",18.5512657165527,982.602600097656,552.757507324219
"CRS3035RES20000mN2620000E3700000",18.5410137176514,923.824584960938,558.636840820312
"CRS3035RES20000mN2620000E3720000",18.5869407653809,861.896850585938,565.384643554688
"CRS3035RES20000mN2620000E3740000",19.2603569030762,802.196044921875,579.156188964844
"CRS3035RES20000mN2620000E3760000",19.0097980499268,858.624877929688,580.381042480469
"CRS3035RES20000mN2620000E3780000",19.1239032745361,833.756469726562,587.760437011719
"CRS3035RES20000mN2620000E3800000",19.4710578918457,806.728210449219,597.044799804688
"CRS3035RES20000mN2620000E3820000",19.6566867828369,851.538879394531,605.266357421875
"CRS3035RES20000mN2620000E3840000",19.367208480835,923.458984375,606.850891113281
"CRS3035RES20000mN1740000E2780000",24.9404525756836,560.67041015625,495.025695800781
"CRS3035RES20000mN2620000E3860000",19.4781322479248,941.987426757812,614.247741699219
"CRS3035RES20000mN2620000E3880000",19.3510875701904,953.678405761719,617.709899902344
"CRS3035RES20000mN2620000E3900000",19.7123165130615,924.234130859375,626.791320800781
"CRS3035RES20000mN2620000E3920000",20.2651405334473,912.790161132812,635.064208984375
"CRS3035RES20000mN2620000E3940000",20.3323440551758,1021.20092773438,632.367065429688
"CRS3035RES20000mN2620000E3960000",20.252857208252,1285.97839355469,629.848693847656
"CRS3035RES20000mN2620000E3980000",18.6104488372803,1650.96459960938,616.345092773438
"CRS3035RES20000mN2620000E4000000",17.0408935546875,1893.69165039062,615.33837890625
"CRS3035RES20000mN2620000E4020000",14.947057723999,1722.25073242188,590.209045410156
"CRS3035RES20000mN2620000E4040000",16.4857406616211,1301.66564941406,607.625610351562
"CRS3035RES20000mN1740000E2800000",25.5406303405762,586.337463378906,527.306213378906
"CRS3035RES20000mN2620000E4060000",18.2337779998779,1184.38500976562,621.093872070312
"CRS3035RES20000mN2620000E4080000",17.5471324920654,1322.51867675781,639.892944335938
"CRS3035RES20000mN2620000E4100000",15.5615139007568,1487.36999511719,643.362915039062
"CRS3035RES20000mN2620000E4120000",15.3000745773315,1559.61059570312,653.609985351562
"CRS3035RES20000mN2620000E4140000",14.9719209671021,1670.86853027344,655.611572265625
"CRS3035RES20000mN2620000E4160000",12.9043407440186,1863.32775878906,649.610168457031
"CRS3035RES20000mN2620000E4180000",11.7027254104614,2102.17529296875,661.70263671875
"CRS3035RES20000mN2620000E4200000",9.52084636688232,2398.42993164062,679.949951171875
"CRS3035RES20000mN2620000E4220000",8.36427688598633,2282.13623046875,697.610778808594
"CRS3035RES20000mN2620000E4240000",10.2727766036987,1765.34411621094,703.038696289062
"CRS3035RES20000mN1740000E2820000",25.856086730957,636.390625,549.325134277344
"CRS3035RES20000mN2620000E4260000",13.3617067337036,1291.89685058594,705.248962402344
"CRS3035RES20000mN2620000E4280000",10.9016895294189,1490.43530273438,708.60009765625
"CRS3035RES20000mN2620000E4300000",8.3933219909668,1625.01818847656,721.803894042969
"CRS3035RES20000mN2620000E4320000",7.30575037002563,1479.26440429688,733.026062011719
"CRS3035RES20000mN2620000E4340000",8.94178199768066,1100.04235839844,734.533264160156
"CRS3035RES20000mN2620000E4360000",7.42532777786255,1137.330078125,735.099426269531
"CRS3035RES20000mN2620000E4380000",5.92412900924683,1457.0146484375,735.673034667969
"CRS3035RES20000mN2620000E4400000",11.0827751159668,1208.84973144531,729.242126464844
"CRS3035RES20000mN2620000E4420000",10.821102142334,1123.7900390625,723.655334472656
"CRS3035RES20000mN2620000E4440000",13.8086404800415,820.039245605469,728.284790039062
"CRS3035RES20000mN1740000E2840000",25.9068088531494,675.37548828125,566.70654296875
"CRS3035RES20000mN2620000E4460000",13.3130340576172,876.434204101562,732.913330078125
"CRS3035RES20000mN2620000E4480000",11.3426561355591,991.345397949219,736.517150878906
"CRS3035RES20000mN2620000E4500000",10.7060041427612,1177.7265625,738.009765625
"CRS3035RES20000mN2620000E4520000",12.2136316299438,1319.57824707031,740.694152832031
"CRS3035RES20000mN2620000E4540000",13.5853137969971,1424.435546875,740.734619140625
"CRS3035RES20000mN2620000E4560000",14.4241514205933,1394.88989257812,737.526123046875
"CRS3035RES20000mN2620000E4580000",15.1467571258545,1226.80053710938,734.773620605469
"CRS3035RES20000mN2620000E4600000",15.1340227127075,1231.95886230469,731.948425292969
"CRS3035RES20000mN2620000E4620000",16.7116851806641,1268.6884765625,738.275451660156
"CRS3035RES20000mN2620000E4640000",18.5474815368652,1083.25012207031,756.175415039062
"CRS3035RES20000mN1740000E2860000",26.1197681427002,675.699096679688,584.676147460938
"CRS3035RES20000mN2620000E4660000",18.2116508483887,1070.88818359375,754.447998046875
"CRS3035RES20000mN2620000E4680000",18.5963535308838,1053.45385742188,764.379028320312
"CRS3035RES20000mN2620000E4700000",16.4935817718506,1195.33264160156,730.574768066406
"CRS3035RES20000mN2620000E4720000",18.5999908447266,1162.29443359375,753.035278320312
"CRS3035RES20000mN2620000E4740000",19.3548183441162,1055.68835449219,753.919677734375
"CRS3035RES20000mN2620000E4760000",20.0941772460938,947.160766601562,756.641296386719
"CRS3035RES20000mN2620000E4780000",20.5643444061279,859.452270507812,760.690307617188
"CRS3035RES20000mN2620000E4800000",20.642557144165,811.081787109375,759.742248535156
"CRS3035RES20000mN2620000E4820000",20.454963684082,784.912048339844,752.322509765625
"CRS3035RES20000mN1740000E2880000",26.5265998840332,625.880920410156,596.41259765625
"CRS3035RES20000mN1740000E2900000",26.9932670593262,584.34521484375,603.514099121094
"CRS3035RES20000mN1740000E2920000",27.0860137939453,649.157592773438,616.358764648438
"CRS3035RES20000mN1740000E2940000",27.2819080352783,639.234619140625,629.907104492188
"CRS3035RES20000mN1740000E2960000",27.3946743011475,613.435852050781,643.181335449219
"CRS3035RES20000mN1740000E2980000",27.2426853179932,622.273498535156,650.963806152344
"CRS3035RES20000mN1740000E3000000",26.7543468475342,664.716552734375,651.843688964844
"CRS3035RES20000mN2640000E3420000",18.6444816589355,782.700378417969,421.182373046875
"CRS3035RES20000mN2640000E3440000",18.991247177124,798.203125,467.133178710938
"CRS3035RES20000mN2640000E3460000",19.3778820037842,812.303833007812,504.813537597656
"CRS3035RES20000mN2640000E3480000",19.4471282958984,848.389953613281,520.133605957031
"CRS3035RES20000mN2640000E3500000",19.272216796875,904.893249511719,526.728210449219
"CRS3035RES20000mN2640000E3520000",18.9378185272217,936.58154296875,531.108459472656
"CRS3035RES20000mN2640000E3540000",18.7704162597656,909.445068359375,534.781005859375
"CRS3035RES20000mN2640000E3560000",19.0324859619141,824.283813476562,541.726745605469
"CRS3035RES20000mN2640000E3580000",19.2586078643799,773.146118164062,548.731079101562
"CRS3035RES20000mN2640000E3600000",19.4027919769287,774.262878417969,555.322143554688
"CRS3035RES20000mN1740000E3020000",26.7224502563477,594.769409179688,655.664733886719
"CRS3035RES20000mN2640000E3620000",19.5844993591309,788.451416015625,559.432739257812
"CRS3035RES20000mN2640000E3640000",19.6494235992432,815.541748046875,562.694030761719
"CRS3035RES20000mN2640000E3660000",19.4862823486328,841.657592773438,564.753723144531
"CRS3035RES20000mN2640000E3680000",19.3067150115967,856.972839355469,567.039794921875
"CRS3035RES20000mN2640000E3700000",19.1046810150146,875.254943847656,567.739990234375
"CRS3035RES20000mN2640000E3720000",19.2529392242432,826.688842773438,575.095397949219
"CRS3035RES20000mN2640000E3740000",19.3730316162109,813.218078613281,580.549438476562
"CRS3035RES20000mN2640000E3760000",19.20823097229,804.237670898438,581.6220703125
"CRS3035RES20000mN2640000E3780000",19.3406143188477,805.321594238281,588.988891601562
"CRS3035RES20000mN2640000E3800000",19.422679901123,852.886657714844,595.1396484375
"CRS3035RES20000mN1740000E3040000",26.3450508117676,588.191711425781,657.8447265625
"CRS3035RES20000mN2640000E3820000",19.6660118103027,895.508850097656,605.132873535156
"CRS3035RES20000mN2640000E3840000",19.3981533050537,1034.95385742188,609.689514160156
"CRS3035RES20000mN2640000E3860000",19.1456470489502,1017.36938476562,614.2158203125
"CRS3035RES20000mN2640000E3880000",18.7349224090576,932.473388671875,610.946594238281
"CRS3035RES20000mN2640000E3900000",19.2199363708496,881.771057128906,621.926147460938
"CRS3035RES20000mN2640000E3920000",20.1668834686279,851.293090820312,637.875671386719
"CRS3035RES20000mN2640000E3940000",20.2030925750732,933.513244628906,636.684997558594
"CRS3035RES20000mN2640000E3960000",20.1686191558838,1068.10607910156,630.912353515625
"CRS3035RES20000mN2640000E3980000",19.4812335968018,1408.82312011719,622.142578125
"CRS3035RES20000mN2640000E4000000",17.5321502685547,1735.51000976562,606.82275390625
"CRS3035RES20000mN1740000E3060000",26.1798286437988,577.782165527344,660.050170898438
"CRS3035RES20000mN2640000E4020000",16.2498302459717,1746.28601074219,602.91650390625
"CRS3035RES20000mN2640000E4040000",14.9548215866089,1659.42956542969,598.431091308594
"CRS3035RES20000mN2640000E4060000",16.1793689727783,1415.35717773438,613.913391113281
"CRS3035RES20000mN2640000E4080000",18.8367080688477,1155.85034179688,656.717163085938
"CRS3035RES20000mN2640000E4100000",18.1486873626709,1203.22436523438,647.998291015625
"CRS3035RES20000mN2640000E4120000",17.3463287353516,1297.55249023438,641.50634765625
"CRS3035RES20000mN2640000E4140000",15.9664030075073,1571.50463867188,638.617370605469
"CRS3035RES20000mN2640000E4160000",14.403359413147,1743.66552734375,623.595336914062
"CRS3035RES20000mN2640000E4180000",15.9194669723511,1786.48876953125,634.188110351562
"CRS3035RES20000mN2640000E4200000",15.3118495941162,2047.56140136719,652.884948730469
"CRS3035RES20000mN1740000E3080000",25.3877067565918,620.030639648438,656.166198730469
"CRS3035RES20000mN2640000E4220000",11.3139724731445,2421.1591796875,666.586975097656
"CRS3035RES20000mN2640000E4240000",11.199254989624,2110.99853515625,678.732421875
"CRS3035RES20000mN2640000E4260000",9.35005283355713,2064.63403320312,681.506591796875
"CRS3035RES20000mN2640000E4280000",13.7013969421387,1470.18737792969,699.459045410156
"CRS3035RES20000mN2640000E4300000",10.1480760574341,1842.6435546875,706.786926269531
"CRS3035RES20000mN2640000E4320000",8.00387859344482,1716.81958007812,716.615295410156
"CRS3035RES20000mN2640000E4340000",8.02279376983643,1344.55456542969,719.214965820312
"CRS3035RES20000mN2640000E4360000",8.7133264541626,1139.5029296875,718.591918945312
"CRS3035RES20000mN2640000E4380000",6.41534996032715,1349.47094726562,716.267211914062
"CRS3035RES20000mN2640000E4400000",6.68393564224243,1546.3271484375,707.077026367188
"CRS3035RES20000mN1740000E3100000",25.9619312286377,524.208740234375,667.172058105469
"CRS3035RES20000mN2640000E4420000",11.3106784820557,1095.63623046875,700.544494628906
"CRS3035RES20000mN2640000E4440000",7.87945985794067,1501.1845703125,704.208618164062
"CRS3035RES20000mN2640000E4460000",9.92513751983643,1224.08325195312,709.017578125
"CRS3035RES20000mN2640000E4480000",7.45945644378662,1421.2958984375,706.118041992188
"CRS3035RES20000mN2640000E4500000",9.98170757293701,1302.13098144531,705.612121582031
"CRS3035RES20000mN2640000E4520000",9.54488658905029,1657.28137207031,710.573547363281
"CRS3035RES20000mN2640000E4540000",10.9938726425171,1631.95861816406,712.933532714844
"CRS3035RES20000mN2640000E4560000",11.1409387588501,1557.21423339844,712.988586425781
"CRS3035RES20000mN2640000E4580000",13.1635828018188,1263.05187988281,716.112976074219
"CRS3035RES20000mN2640000E4600000",10.8858489990234,1528.09912109375,711.118774414062
"CRS3035RES20000mN1740000E3120000",25.9768390655518,514.285217285156,683.666381835938
"CRS3035RES20000mN2640000E4620000",13.3763542175293,1249.46215820312,713.106750488281
"CRS3035RES20000mN2640000E4640000",16.2912063598633,996.576782226562,729.821472167969
"CRS3035RES20000mN2640000E4660000",14.6931095123291,1147.17761230469,714.058776855469
"CRS3035RES20000mN2640000E4680000",16.1402416229248,981.708374023438,730.614685058594
"CRS3035RES20000mN2640000E4700000",14.6110439300537,1121.79211425781,701.3955078125
"CRS3035RES20000mN2640000E4720000",19.5319805145264,981.457702636719,771.262145996094
"CRS3035RES20000mN2640000E4740000",19.6626625061035,921.727661132812,765.75830078125
"CRS3035RES20000mN2640000E4760000",19.7162494659424,869.149108886719,760.983703613281
"CRS3035RES20000mN2640000E4780000",19.7360210418701,861.428161621094,755.847351074219
"CRS3035RES20000mN2640000E4800000",20.1495914459229,800.200805664062,758.150146484375
"CRS3035RES20000mN1740000E3140000",26.5567989349365,541.081604003906,696.210266113281
"CRS3035RES20000mN1740000E3160000",24.9934959411621,900.27734375,686.147766113281
"CRS3035RES20000mN1740000E3180000",20.4479236602783,1065.87963867188,657.115539550781
"CRS3035RES20000mN1740000E3200000",18.5793018341064,801.092895507812,641.31640625
"CRS3035RES20000mN1740000E3220000",19.3803882598877,561.6240234375,632.426513671875
"CRS3035RES20000mN1740000E3240000",20.168041229248,462.833435058594,618.124816894531
"CRS3035RES20000mN2660000E3400000",18.4749660491943,816.733337402344,404.77880859375
"CRS3035RES20000mN1740000E3260000",22.0848789215088,429.383026123047,610.932067871094
"CRS3035RES20000mN2660000E3420000",18.6058082580566,853.461608886719,446.105377197266
"CRS3035RES20000mN2660000E3440000",18.9038600921631,864.737243652344,487.672576904297
"CRS3035RES20000mN2660000E3460000",19.0703678131104,870.319152832031,509.590789794922
"CRS3035RES20000mN2660000E3480000",18.9479427337646,899.889038085938,517.969787597656
"CRS3035RES20000mN2660000E3500000",18.5881538391113,927.056274414062,520.230834960938
"CRS3035RES20000mN2660000E3520000",18.4535446166992,904.92578125,526.217468261719
"CRS3035RES20000mN2660000E3540000",18.7431964874268,812.291076660156,535.597839355469
"CRS3035RES20000mN2660000E3560000",19.0719757080078,753.668395996094,543.101196289062
"CRS3035RES20000mN2660000E3580000",19.3378238677979,725.471923828125,549.592895507812
"CRS3035RES20000mN2660000E3600000",19.3335857391357,752.435791015625,554.219177246094
"CRS3035RES20000mN1740000E3280000",24.4641723632812,367.780517578125,618.070129394531
"CRS3035RES20000mN2660000E3620000",19.5630912780762,745.747253417969,561.473876953125
"CRS3035RES20000mN2660000E3640000",19.6697902679443,773.74853515625,566.917175292969
"CRS3035RES20000mN2660000E3660000",19.5264873504639,805.780456542969,569.987060546875
"CRS3035RES20000mN2660000E3680000",19.3444995880127,821.606567382812,571.152404785156
"CRS3035RES20000mN2660000E3700000",19.3153553009033,816.84130859375,572.37451171875
"CRS3035RES20000mN2660000E3720000",19.3939895629883,804.937561035156,577.959106445312
"CRS3035RES20000mN2660000E3740000",19.4031848907471,819.359436035156,582.775268554688
"CRS3035RES20000mN2660000E3760000",19.2719802856445,831.5595703125,584.834594726562
"CRS3035RES20000mN2660000E3780000",19.3648223876953,831.172424316406,590.450622558594
"CRS3035RES20000mN2660000E3800000",19.2878456115723,878.192932128906,592.050720214844
"CRS3035RES20000mN1740000E3300000",25.071138381958,352.408020019531,615.959045410156
"CRS3035RES20000mN2660000E3820000",19.2471256256104,987.159912109375,596.309326171875
"CRS3035RES20000mN2660000E3840000",19.0034675598145,1185.36877441406,602.678649902344
"CRS3035RES20000mN2660000E3860000",17.5719242095947,1229.95263671875,588.840698242188
"CRS3035RES20000mN2660000E3880000",18.6301708221436,909.668090820312,613.550659179688
"CRS3035RES20000mN2660000E3900000",18.4038410186768,863.977722167969,610.945739746094
"CRS3035RES20000mN2660000E3920000",19.5077781677246,829.197387695312,630.597045898438
"CRS3035RES20000mN2660000E3940000",20.0077590942383,875.69775390625,637.860229492188
"CRS3035RES20000mN2660000E3960000",20.029541015625,950.515502929688,634.819091796875
"CRS3035RES20000mN2660000E3980000",19.8659210205078,1134.53271484375,628.633117675781
"CRS3035RES20000mN2660000E4000000",19.0651683807373,1448.34362792969,618.478210449219
"CRS3035RES20000mN1740000E3320000",25.7682933807373,309.8076171875,608.212890625
"CRS3035RES20000mN2660000E4020000",17.6849765777588,1541.04663085938,608.374877929688
"CRS3035RES20000mN2660000E4040000",16.1336250305176,1696.1484375,603.426574707031
"CRS3035RES20000mN2660000E4060000",15.1412782669067,1609.01696777344,599.715393066406
"CRS3035RES20000mN2660000E4080000",15.226541519165,1473.82458496094,603.502136230469
"CRS3035RES20000mN2660000E4100000",17.4157752990723,1302.68701171875,631.282409667969
"CRS3035RES20000mN2660000E4120000",18.2190170288086,1238.82250976562,645.009399414062
"CRS3035RES20000mN2660000E4140000",17.2904396057129,1390.62451171875,637.420288085938
"CRS3035RES20000mN2660000E4160000",17.2063617706299,1347.70324707031,627.659423828125
"CRS3035RES20000mN2660000E4180000",17.962869644165,1550.65466308594,628.518859863281
"CRS3035RES20000mN2660000E4200000",17.1490516662598,1836.77319335938,634.374755859375
"CRS3035RES20000mN1740000E3340000",25.4914951324463,293.979125976562,592.864379882812
"CRS3035RES20000mN2660000E4220000",15.5953397750854,2022.95788574219,652.620910644531
"CRS3035RES20000mN2660000E4240000",14.6733064651489,2104.85424804688,664.25146484375
"CRS3035RES20000mN2660000E4260000",13.4551000595093,1939.67211914062,666.6552734375
"CRS3035RES20000mN2660000E4280000",14.1549491882324,1608.00158691406,688.338439941406
"CRS3035RES20000mN2660000E4300000",13.2197980880737,1869.35314941406,693.286071777344
"CRS3035RES20000mN2660000E4320000",9.01857566833496,2269.5556640625,694.310485839844
"CRS3035RES20000mN2660000E4340000",9.15085601806641,1665.51147460938,696.678833007812
"CRS3035RES20000mN2660000E4360000",11.4610395431519,1200.65014648438,697.290832519531
"CRS3035RES20000mN2660000E4380000",9.3025369644165,1366.71826171875,702.696960449219
"CRS3035RES20000mN2660000E4400000",8.0926513671875,1500.07116699219,696.602966308594
"CRS3035RES20000mN1740000E3360000",25.6037769317627,284.415588378906,564.172485351562
"CRS3035RES20000mN2660000E4420000",11.4625835418701,1229.77661132812,685.263977050781
"CRS3035RES20000mN2660000E4440000",8.75414848327637,1594.68347167969,687.735107421875
"CRS3035RES20000mN2660000E4460000",9.45551776885986,1424.71984863281,689.181518554688
"CRS3035RES20000mN2660000E4480000",6.78668165206909,1667.08630371094,687.90478515625
"CRS3035RES20000mN2660000E4500000",7.17731237411499,1686.67846679688,686.796936035156
"CRS3035RES20000mN2660000E4520000",7.08070278167725,1922.98742675781,691.327453613281
"CRS3035RES20000mN2660000E4540000",9.40474891662598,1688.9169921875,692.099487304688
"CRS3035RES20000mN2660000E4560000",8.56182765960693,1759.75378417969,696.355407714844
"CRS3035RES20000mN2660000E4580000",10.4353122711182,1387.57275390625,701.136169433594
"CRS3035RES20000mN2660000E4600000",12.3666172027588,1129.41625976562,704.643859863281
"CRS3035RES20000mN1740000E3380000",25.3779544830322,290.793365478516,511.813140869141
"CRS3035RES20000mN2660000E4620000",12.5418872833252,1096.60205078125,705.384521484375
"CRS3035RES20000mN2660000E4640000",14.5900087356567,950.316589355469,712.890197753906
"CRS3035RES20000mN2660000E4660000",12.8435029983521,1159.43017578125,705.585327148438
"CRS3035RES20000mN2660000E4680000",13.4249563217163,996.008056640625,701.295227050781
"CRS3035RES20000mN2660000E4700000",16.9298248291016,887.846069335938,733.578369140625
"CRS3035RES20000mN2660000E4720000",19.1266765594482,886.573791503906,763.177429199219
"CRS3035RES20000mN2660000E4740000",18.9313297271729,910.6572265625,753.633666992188
"CRS3035RES20000mN2660000E4760000",19.2742290496826,829.102600097656,758.42822265625
"CRS3035RES20000mN2660000E4780000",19.6516933441162,781.090148925781,761.416015625
"CRS3035RES20000mN2660000E4800000",19.9587631225586,755.205383300781,759.915588378906
"CRS3035RES20000mN1740000E3400000",24.782564163208,323.180511474609,461.441131591797
"CRS3035RES20000mN1740000E4200000",24.4881744384766,487.306945800781,485.504852294922
"CRS3035RES20000mN1740000E4220000",24.1465129852295,465.291534423828,466.742065429688
"CRS3035RES20000mN2680000E3400000",18.5412712097168,821.7041015625,431.669189453125
"CRS3035RES20000mN2680000E3420000",18.6162853240967,879.062316894531,466.599670410156
"CRS3035RES20000mN2680000E3440000",18.7011375427246,893.507263183594,493.988220214844
"CRS3035RES20000mN2680000E3460000",18.6617698669434,891.675354003906,504.985534667969
"CRS3035RES20000mN2680000E3480000",18.5090923309326,905.231323242188,512.233581542969
"CRS3035RES20000mN2680000E3500000",18.2754535675049,902.313354492188,516.189697265625
"CRS3035RES20000mN2680000E3520000",18.4940528869629,812.737060546875,525.547424316406
"CRS3035RES20000mN1740000E4820000",23.9048957824707,965.2802734375,467.333648681641
"CRS3035RES20000mN2680000E3540000",18.9735851287842,715.267822265625,537.192626953125
"CRS3035RES20000mN2680000E3560000",19.2068138122559,696.598449707031,543.673522949219
"CRS3035RES20000mN2680000E3580000",19.1928329467773,723.439880371094,546.592163085938
"CRS3035RES20000mN2680000E3600000",19.3559951782227,715.796813964844,553.342041015625
"CRS3035RES20000mN2680000E3620000",19.2673950195312,755.555053710938,556.54638671875
"CRS3035RES20000mN2680000E3640000",19.3226795196533,764.740234375,561.316955566406
"CRS3035RES20000mN2680000E3660000",19.2494163513184,800.666076660156,565.296875
"CRS3035RES20000mN2680000E3680000",19.1996078491211,794.599670410156,569.339050292969
"CRS3035RES20000mN2680000E3700000",19.2959804534912,786.273864746094,572.941711425781
"CRS3035RES20000mN2680000E3720000",19.382137298584,805.707946777344,578.328308105469
"CRS3035RES20000mN1740000E4840000",22.5900650024414,1129.265625,497.167907714844
"CRS3035RES20000mN2680000E3740000",19.3525123596191,822.766723632812,583.214782714844
"CRS3035RES20000mN2680000E3760000",19.2206230163574,856.247863769531,586.108520507812
"CRS3035RES20000mN2680000E3780000",19.2521991729736,851.19873046875,589.857055664062
"CRS3035RES20000mN2680000E3800000",18.7613105773926,951.010620117188,583.572326660156
"CRS3035RES20000mN2680000E3820000",18.7658843994141,995.55322265625,587.521179199219
"CRS3035RES20000mN2680000E3840000",18.6409950256348,1181.56628417969,593.737060546875
"CRS3035RES20000mN2680000E3860000",16.9927597045898,1274.697265625,574.9013671875
"CRS3035RES20000mN2680000E3880000",17.9497489929199,969.191772460938,598.898803710938
"CRS3035RES20000mN2680000E3900000",18.2123470306396,907.518493652344,608.602966308594
"CRS3035RES20000mN2680000E3920000",18.0123558044434,899.481750488281,605.414001464844
"CRS3035RES20000mN1740000E4860000",21.4486789703369,1182.33508300781,529.347778320312
"CRS3035RES20000mN2680000E3940000",19.6629905700684,839.851806640625,634.551086425781
"CRS3035RES20000mN2680000E3960000",19.8430614471436,918.867004394531,636.546142578125
"CRS3035RES20000mN2680000E3980000",19.6614627838135,1053.78381347656,632.959167480469
"CRS3035RES20000mN2680000E4000000",19.6101379394531,1207.8701171875,628.80224609375
"CRS3035RES20000mN2680000E4020000",18.6365985870361,1365.58764648438,609.206665039062
"CRS3035RES20000mN2680000E4040000",17.6635684967041,1422.15185546875,604.572814941406
"CRS3035RES20000mN2680000E4060000",16.8412532806396,1474.017578125,608.175598144531
"CRS3035RES20000mN2680000E4080000",15.8975038528442,1484.36560058594,606.856872558594
"CRS3035RES20000mN2680000E4100000",15.7836799621582,1340.71520996094,604.690551757812
"CRS3035RES20000mN2680000E4120000",16.2256126403809,1406.97924804688,613.641479492188
"CRS3035RES20000mN1740000E4880000",22.5266780853271,926.354187011719,527.755981445312
"CRS3035RES20000mN2680000E4140000",17.3084411621094,1271.42321777344,629.615356445312
"CRS3035RES20000mN2680000E4160000",17.9842967987061,1203.99938964844,638.992919921875
"CRS3035RES20000mN2680000E4180000",18.0157585144043,1252.8125,630.6494140625
"CRS3035RES20000mN2680000E4200000",17.9563751220703,1344.72583007812,631.551391601562
"CRS3035RES20000mN2680000E4220000",17.5761299133301,1490.1357421875,647.681884765625
"CRS3035RES20000mN2680000E4240000",15.9341230392456,1890.419921875,649.647216796875
"CRS3035RES20000mN2680000E4260000",14.4033813476562,1833.5947265625,651.834899902344
"CRS3035RES20000mN2680000E4280000",17.1233329772949,1558.32116699219,688.690063476562
"CRS3035RES20000mN2680000E4300000",13.0881052017212,2202.05297851562,670.758117675781
"CRS3035RES20000mN2680000E4320000",11.4385499954224,2183.57958984375,671.198364257812
"CRS3035RES20000mN2680000E4340000",10.7783584594727,1935.97424316406,675.337890625
"CRS3035RES20000mN2680000E4360000",10.5138120651245,1606.7705078125,686.685607910156
"CRS3035RES20000mN2680000E4380000",12.3169145584106,1362.02893066406,691.919982910156
"CRS3035RES20000mN2680000E4400000",12.7903718948364,1331.42309570312,689.610778808594
"CRS3035RES20000mN2680000E4420000",12.6906242370605,1454.18725585938,682.54248046875
"CRS3035RES20000mN2680000E4440000",12.7134628295898,1437.50158691406,681.059143066406
"CRS3035RES20000mN2680000E4460000",11.969220161438,1511.16491699219,682.687072753906
"CRS3035RES20000mN2680000E4480000",11.5240936279297,1518.04699707031,680.28271484375
"CRS3035RES20000mN2680000E4500000",12.1012630462646,1540.78930664062,678.859924316406
"CRS3035RES20000mN2680000E4520000",12.8313579559326,1548.67651367188,683.092407226562
"CRS3035RES20000mN2680000E4540000",12.883487701416,1448.880859375,688.370239257812
"CRS3035RES20000mN2680000E4560000",12.3694067001343,1518.13586425781,694.37939453125
"CRS3035RES20000mN2680000E4580000",10.3826036453247,1625.91528320312,697.287109375
"CRS3035RES20000mN2680000E4600000",9.81610488891602,1681.17407226562,701.447265625
"CRS3035RES20000mN2680000E4620000",10.8949003219604,1478.51000976562,701.175170898438
"CRS3035RES20000mN2680000E4640000",12.7862548828125,1156.97277832031,702.693420410156
"CRS3035RES20000mN2680000E4660000",14.3831338882446,1022.98132324219,710.8271484375
"CRS3035RES20000mN2680000E4680000",15.3485336303711,892.741760253906,717.813659667969
"CRS3035RES20000mN2680000E4700000",14.8059530258179,1009.92883300781,709.917541503906
"CRS3035RES20000mN2680000E4720000",17.116792678833,939.600891113281,731.535766601562
"CRS3035RES20000mN2680000E4740000",18.2302532196045,844.794006347656,743.253295898438
"CRS3035RES20000mN2680000E4760000",19.1122493743896,796.456420898438,756.532531738281
"CRS3035RES20000mN2680000E4780000",19.5577163696289,753.788635253906,761.2470703125
"CRS3035RES20000mN2680000E4800000",19.8696384429932,717.773742675781,760.342651367188
"CRS3035RES20000mN2700000E3400000",18.615701675415,813.17529296875,451.772766113281
"CRS3035RES20000mN2700000E3420000",18.6335048675537,881.563781738281,478.832916259766
"CRS3035RES20000mN2700000E3440000",18.6699123382568,882.466918945312,494.804656982422
"CRS3035RES20000mN2700000E3460000",18.5769004821777,867.897583007812,501.767517089844
"CRS3035RES20000mN2700000E3480000",18.2908267974854,882.2822265625,507.087310791016
"CRS3035RES20000mN2700000E3500000",18.343620300293,836.045104980469,515.58544921875
"CRS3035RES20000mN2700000E3520000",18.7057266235352,743.00439453125,525.535827636719
"CRS3035RES20000mN2700000E3540000",19.1272983551025,659.304748535156,536.108520507812
"CRS3035RES20000mN2700000E3560000",19.1869640350342,673.573364257812,540.650146484375
"CRS3035RES20000mN2700000E3580000",19.2707614898682,671.635314941406,546.052734375
"CRS3035RES20000mN2700000E3600000",19.2530784606934,705.974426269531,550.690368652344
"CRS3035RES20000mN2700000E3620000",19.2101573944092,738.910888671875,555.0908203125
"CRS3035RES20000mN2700000E3640000",19.2089462280273,744.042358398438,559.157165527344
"CRS3035RES20000mN2700000E3660000",19.2286510467529,758.436218261719,564.538330078125
"CRS3035RES20000mN2700000E3680000",19.4439907073975,731.194519042969,572.512512207031
"CRS3035RES20000mN2700000E3700000",19.4111843109131,775.374816894531,574.613037109375
"CRS3035RES20000mN2700000E3720000",19.235050201416,830.45947265625,575.054504394531
"CRS3035RES20000mN2700000E3740000",18.7519035339355,898.558898925781,572.223510742188
"CRS3035RES20000mN2700000E3760000",18.62939453125,913.331604003906,575.830139160156
"CRS3035RES20000mN2700000E3780000",19.1512432098389,846.113342285156,587.953552246094
"CRS3035RES20000mN2700000E3800000",18.5535125732422,926.573913574219,580.055358886719
"CRS3035RES20000mN2700000E3820000",18.8081150054932,890.628356933594,587.586486816406
"CRS3035RES20000mN2700000E3840000",18.5270595550537,1026.77062988281,588.15771484375
"CRS3035RES20000mN2700000E3860000",17.4717426300049,1144.71105957031,577.085998535156
"CRS3035RES20000mN2700000E3880000",17.9857330322266,958.460327148438,593.187561035156
"CRS3035RES20000mN2700000E3900000",17.8584594726562,913.74755859375,597.575988769531
"CRS3035RES20000mN2700000E3920000",17.630184173584,932.819702148438,597.963562011719
"CRS3035RES20000mN2700000E3940000",18.9283542633057,876.845642089844,623.270263671875
"CRS3035RES20000mN2700000E3960000",19.5432071685791,912.388916015625,633.597961425781
"CRS3035RES20000mN2700000E3980000",19.5938987731934,1001.81756591797,635.270874023438
"CRS3035RES20000mN2700000E4000000",19.2679882049561,1125.65148925781,627.153259277344
"CRS3035RES20000mN2700000E4020000",19.1453475952148,1164.03784179688,620.088317871094
"CRS3035RES20000mN2700000E4040000",18.7983741760254,1246.76928710938,617.284912109375
"CRS3035RES20000mN2700000E4060000",18.4964694976807,1336.43896484375,626.646057128906
"CRS3035RES20000mN2700000E4080000",18.0993156433105,1412.12976074219,635.943481445312
"CRS3035RES20000mN2700000E4100000",17.5685195922852,1280.43298339844,628.76220703125
"CRS3035RES20000mN2700000E4120000",18.0662651062012,1110.73291015625,639.31494140625
"CRS3035RES20000mN2700000E4140000",18.1104793548584,1125.75244140625,639.45849609375
"CRS3035RES20000mN2700000E4160000",17.9123058319092,1268.67028808594,646.443542480469
"CRS3035RES20000mN2700000E4180000",18.3362941741943,1165.05029296875,649.940124511719
"CRS3035RES20000mN2700000E4200000",18.2520389556885,1101.26794433594,647.577575683594
"CRS3035RES20000mN2700000E4220000",17.9062099456787,1154.94055175781,648.6416015625
"CRS3035RES20000mN2700000E4240000",17.9132747650146,1216.51379394531,659.337097167969
"CRS3035RES20000mN2700000E4260000",18.0729522705078,1315.8671875,678.735290527344
"CRS3035RES20000mN2700000E4280000",18.4319324493408,1393.43322753906,688.773376464844
"CRS3035RES20000mN2700000E4300000",16.5854244232178,1961.21313476562,667.958679199219
"CRS3035RES20000mN2700000E4320000",13.9443664550781,2124.21337890625,655.846984863281
"CRS3035RES20000mN2700000E4340000",13.2198028564453,1988.01818847656,664.39404296875
"CRS3035RES20000mN2700000E4360000",13.2794675827026,1700.787109375,680.619567871094
"CRS3035RES20000mN2700000E4380000",12.0449361801147,1627.99401855469,682.513854980469
"CRS3035RES20000mN2700000E4400000",13.5635204315186,1497.1865234375,694.046142578125
"CRS3035RES20000mN2700000E4420000",12.1828746795654,1692.64526367188,687.976928710938
"CRS3035RES20000mN2700000E4440000",12.5113840103149,1631.28308105469,683.363403320312
"CRS3035RES20000mN2700000E4460000",15.0681142807007,1449.42211914062,693.262939453125
"CRS3035RES20000mN2700000E4480000",14.6013507843018,1589.99768066406,697.801696777344
"CRS3035RES20000mN2700000E4500000",13.6466426849365,1692.58923339844,696.8388671875
"CRS3035RES20000mN2700000E4520000",12.8090591430664,1921.26062011719,695.505126953125
"CRS3035RES20000mN2700000E4540000",10.9786071777344,2215.83081054688,694.380920410156
"CRS3035RES20000mN2700000E4560000",13.3295221328735,1743.61254882812,704.404724121094
"CRS3035RES20000mN2700000E4580000",11.9182453155518,2008.65222167969,698.6181640625
"CRS3035RES20000mN2700000E4600000",12.6192493438721,1730.51330566406,695.952575683594
"CRS3035RES20000mN2700000E4620000",12.7714204788208,1304.83569335938,697.610046386719
"CRS3035RES20000mN2700000E4640000",11.4901885986328,1375.08386230469,701.161499023438
"CRS3035RES20000mN2700000E4660000",11.4852657318115,1506.26245117188,703.537780761719
"CRS3035RES20000mN2700000E4680000",14.0025730133057,1252.78137207031,713.230712890625
"CRS3035RES20000mN2700000E4700000",15.3306827545166,1028.03747558594,716.33837890625
"CRS3035RES20000mN2700000E4720000",15.3217172622681,988.947998046875,710.786804199219
"CRS3035RES20000mN2700000E4740000",15.478325843811,978.175659179688,703.940979003906
"CRS3035RES20000mN2700000E4760000",17.675724029541,859.029724121094,728.224609375
"CRS3035RES20000mN2700000E4780000",18.8013000488281,801.378295898438,741.814819335938
"CRS3035RES20000mN2700000E4800000",19.0126876831055,748.203002929688,739.963928222656
"CRS3035RES20000mN2720000E3400000",18.5209274291992,775.897583007812,457.635070800781
"CRS3035RES20000mN2720000E3420000",18.6582698822021,844.972534179688,482.342956542969
"CRS3035RES20000mN2720000E3440000",18.6706714630127,857.622436523438,493.014892578125
"CRS3035RES20000mN2720000E3460000",18.5686569213867,836.5498046875,500.200408935547
"CRS3035RES20000mN2720000E3480000",18.4722995758057,825.501831054688,507.311584472656
"CRS3035RES20000mN2720000E3500000",18.4290962219238,794.878234863281,515.1650390625
"CRS3035RES20000mN2720000E3520000",18.8170375823975,690.875183105469,524.380187988281
"CRS3035RES20000mN2720000E3540000",19.0580825805664,671.268310546875,531.663757324219
"CRS3035RES20000mN2720000E3560000",19.2191562652588,663.584167480469,537.659057617188
"CRS3035RES20000mN2720000E3580000",19.1298904418945,691.28076171875,541.451232910156
"CRS3035RES20000mN2720000E3600000",19.16139793396,696.622741699219,548.522399902344
"CRS3035RES20000mN2720000E3620000",19.2506332397461,702.536315917969,555.606262207031
"CRS3035RES20000mN2720000E3640000",19.1789112091064,733.832153320312,558.547729492188
"CRS3035RES20000mN2720000E3660000",19.3130264282227,717.783020019531,565.426696777344
"CRS3035RES20000mN2720000E3680000",19.4581279754639,733.599731445312,572.540954589844
"CRS3035RES20000mN2720000E3700000",19.4553489685059,776.45751953125,575.206665039062
"CRS3035RES20000mN2720000E3720000",19.2434902191162,817.786926269531,574.802429199219
"CRS3035RES20000mN2720000E3740000",18.6452598571777,864.719848632812,569.156188964844
"CRS3035RES20000mN2720000E3760000",18.4552745819092,852.77294921875,570.720275878906
"CRS3035RES20000mN2720000E3780000",18.8874950408936,814.967834472656,581.693237304688
"CRS3035RES20000mN2720000E3800000",18.5001277923584,869.242553710938,578.008117675781
"CRS3035RES20000mN2720000E3820000",18.8305397033691,813.984252929688,585.753173828125
"CRS3035RES20000mN2720000E3840000",18.8022804260254,871.259338378906,589.728210449219
"CRS3035RES20000mN2720000E3860000",18.5206241607666,932.589721679688,589.332824707031
"CRS3035RES20000mN2720000E3880000",18.4585609436035,919.670227050781,594.352844238281
"CRS3035RES20000mN2720000E3900000",18.1206321716309,920.993835449219,595.088623046875
"CRS3035RES20000mN2720000E3920000",17.6188812255859,944.497192382812,593.858032226562
"CRS3035RES20000mN2720000E3940000",18.2140865325928,892.434204101562,609.373168945312
"CRS3035RES20000mN2720000E3960000",18.921745300293,914.908813476562,624.142150878906
"CRS3035RES20000mN2720000E3980000",19.1739463806152,982.805603027344,629.565734863281
"CRS3035RES20000mN2720000E4000000",19.2881336212158,1052.02172851562,630.572937011719
"CRS3035RES20000mN2720000E4020000",18.9683589935303,1109.13830566406,624.162780761719
"CRS3035RES20000mN2720000E4040000",18.9554710388184,1215.12475585938,625.555786132812
"CRS3035RES20000mN2720000E4060000",18.5384330749512,1455.740234375,631.658874511719
"CRS3035RES20000mN2720000E4080000",18.5147819519043,1525.42358398438,642.5361328125
"CRS3035RES20000mN2720000E4100000",18.7969493865967,1158.38073730469,647.512451171875
"CRS3035RES20000mN2720000E4120000",19.0622367858887,956.646057128906,653.231262207031
"CRS3035RES20000mN2720000E4140000",18.1296806335449,1434.99987792969,643.7939453125
"CRS3035RES20000mN2720000E4160000",16.2375793457031,1797.9990234375,627.778930664062
"CRS3035RES20000mN2720000E4180000",17.3318271636963,1324.46728515625,644.550659179688
"CRS3035RES20000mN2720000E4200000",17.9379100799561,1065.65942382812,653.60546875
"CRS3035RES20000mN2720000E4220000",18.3042182922363,958.811950683594,660.050842285156
"CRS3035RES20000mN2720000E4240000",18.5277729034424,962.633239746094,670.34912109375
"CRS3035RES20000mN2720000E4260000",18.7500896453857,1038.31774902344,680.879699707031
"CRS3035RES20000mN2720000E4280000",18.3346271514893,1282.55749511719,677.2626953125
"CRS3035RES20000mN2720000E4300000",17.0922908782959,1605.67907714844,660.950561523438
"CRS3035RES20000mN2720000E4320000",15.5299005508423,1795.455078125,645.95654296875
"CRS3035RES20000mN2720000E4340000",15.6389646530151,1611.33129882812,660.275695800781
"CRS3035RES20000mN2720000E4360000",15.6766653060913,1496.54736328125,676.803833007812
"CRS3035RES20000mN2720000E4380000",15.1629371643066,1362.94091796875,682.904174804688
"CRS3035RES20000mN2720000E4400000",16.1369953155518,1384.73620605469,700.316650390625
"CRS3035RES20000mN2720000E4420000",15.5515909194946,1604.4052734375,692.693786621094
"CRS3035RES20000mN2720000E4440000",14.1221437454224,1690.26635742188,678.309692382812
"CRS3035RES20000mN2720000E4460000",13.8730096817017,1643.22827148438,680.550659179688
"CRS3035RES20000mN2720000E4480000",15.2147064208984,1784.33215332031,698.617553710938
"CRS3035RES20000mN2720000E4500000",14.5059261322021,1862.76879882812,696.715087890625
"CRS3035RES20000mN2720000E4520000",13.974063873291,1923.20385742188,697.886657714844
"CRS3035RES20000mN2720000E4540000",14.8800106048584,1765.59411621094,711.235412597656
"CRS3035RES20000mN2720000E4560000",14.2014207839966,1803.46008300781,707.366760253906
"CRS3035RES20000mN2720000E4580000",14.5719833374023,1943.64794921875,706.367614746094
"CRS3035RES20000mN2720000E4600000",13.3375949859619,1998.58764648438,693.833984375
"CRS3035RES20000mN2720000E4620000",12.313081741333,1822.01147460938,690.899353027344
"CRS3035RES20000mN2720000E4640000",14.1295337677002,1435.05236816406,704.588928222656
"CRS3035RES20000mN2720000E4660000",13.6367588043213,1521.70300292969,710.039306640625
"CRS3035RES20000mN2720000E4680000",13.0266637802124,1665.87683105469,702.278930664062
"CRS3035RES20000mN2720000E4700000",13.1923551559448,1527.80932617188,696.61376953125
"CRS3035RES20000mN2720000E4720000",14.9750194549561,1150.14013671875,705.203491210938
"CRS3035RES20000mN2720000E4740000",14.3592090606689,1096.19482421875,693.035888671875
"CRS3035RES20000mN2720000E4760000",14.8112096786499,1049.34020996094,679.175537109375
"CRS3035RES20000mN2720000E4780000",17.2642860412598,885.649841308594,704.408935546875
"CRS3035RES20000mN2720000E4800000",19.3948955535889,688.629150390625,743.298889160156
"CRS3035RES20000mN2720000E4820000",20.3190212249756,659.244323730469,760.523193359375
"CRS3035RES20000mN2740000E3400000",18.3972759246826,776.815368652344,462.035430908203
"CRS3035RES20000mN2740000E3420000",18.4619007110596,823.426330566406,478.834686279297
"CRS3035RES20000mN2740000E3440000",18.4889984130859,854.762451171875,489.292205810547
"CRS3035RES20000mN2740000E3460000",18.4693603515625,841.749755859375,498.825317382812
"CRS3035RES20000mN2740000E3480000",18.5317497253418,778.214233398438,507.051635742188
"CRS3035RES20000mN2740000E3500000",18.6993808746338,719.186157226562,516.193969726562
"CRS3035RES20000mN2740000E3520000",18.9118385314941,680.307067871094,522.943298339844
"CRS3035RES20000mN2740000E3540000",19.0761623382568,660.070922851562,529.220825195312
"CRS3035RES20000mN2740000E3560000",18.9851627349854,705.412902832031,532.21484375
"CRS3035RES20000mN2740000E3580000",18.8979949951172,729.826965332031,536.608581542969
"CRS3035RES20000mN2740000E3600000",18.9359474182129,726.557800292969,543.647888183594
"CRS3035RES20000mN2740000E3620000",19.006196975708,724.697692871094,551.410278320312
"CRS3035RES20000mN2740000E3640000",19.1016159057617,712.943664550781,557.197631835938
"CRS3035RES20000mN2740000E3660000",19.2334499359131,699.324096679688,563.509460449219
"CRS3035RES20000mN2740000E3680000",19.3224964141846,720.211608886719,569.308532714844
"CRS3035RES20000mN2740000E3700000",19.3076057434082,775.835998535156,571.878173828125
"CRS3035RES20000mN2740000E3720000",19.151388168335,811.673583984375,572.316589355469
"CRS3035RES20000mN2740000E3740000",18.9135646820068,818.304931640625,572.216064453125
"CRS3035RES20000mN2740000E3760000",18.8231925964355,792.473937988281,574.352783203125
"CRS3035RES20000mN2740000E3780000",18.7266750335693,799.461791992188,576.963256835938
"CRS3035RES20000mN2740000E3800000",18.341251373291,840.420715332031,573.662719726562
"CRS3035RES20000mN2740000E3820000",18.378360748291,848.063232421875,576.200622558594
"CRS3035RES20000mN2740000E3840000",18.7791614532471,820.761352539062,586.005065917969
"CRS3035RES20000mN2740000E3860000",18.5249195098877,863.397644042969,585.412841796875
"CRS3035RES20000mN2740000E3880000",18.4795837402344,874.764343261719,590.052001953125
"CRS3035RES20000mN2740000E3900000",18.1338558197021,941.758178710938,589.150512695312
"CRS3035RES20000mN2740000E3920000",17.8785839080811,976.960388183594,592.850891113281
"CRS3035RES20000mN2740000E3940000",17.6725063323975,977.936462402344,594.712585449219
"CRS3035RES20000mN2740000E3960000",18.1005229949951,961.266479492188,609.160461425781
"CRS3035RES20000mN2740000E3980000",18.5821704864502,968.558898925781,619.708984375
"CRS3035RES20000mN2740000E4000000",18.8398952484131,1002.91558837891,625.211608886719
"CRS3035RES20000mN2740000E4020000",18.9443778991699,1096.78259277344,629.4189453125
"CRS3035RES20000mN2740000E4040000",18.6980514526367,1315.54858398438,629.400634765625
"CRS3035RES20000mN2740000E4060000",17.1447677612305,1915.3544921875,616.642028808594
"CRS3035RES20000mN2740000E4080000",16.0243911743164,1872.67102050781,604.149597167969
"CRS3035RES20000mN2740000E4100000",18.1331653594971,1215.00915527344,639.324768066406
"CRS3035RES20000mN2740000E4120000",19.5197124481201,863.129455566406,662.895935058594
"CRS3035RES20000mN2740000E4140000",17.7326049804688,1446.97985839844,642.145874023438
"CRS3035RES20000mN2740000E4160000",14.4472484588623,1926.19909667969,606.138977050781
"CRS3035RES20000mN2740000E4180000",15.0639791488647,1453.30505371094,620.031005859375
"CRS3035RES20000mN2740000E4200000",16.3572254180908,1019.06048583984,638.5927734375
"CRS3035RES20000mN2740000E4220000",17.1068477630615,883.059997558594,648.3525390625
"CRS3035RES20000mN2740000E4240000",17.5270175933838,900.857788085938,659.332336425781
"CRS3035RES20000mN2740000E4260000",17.1586055755615,985.411193847656,652.715209960938
"CRS3035RES20000mN2740000E4280000",17.5123748779297,1046.61267089844,660.244873046875
"CRS3035RES20000mN2740000E4300000",16.6646537780762,1257.97094726562,645.969909667969
"CRS3035RES20000mN2740000E4320000",16.4619693756104,1317.60314941406,643.439514160156
"CRS3035RES20000mN2740000E4340000",15.9538812637329,1370.46496582031,644.179626464844
"CRS3035RES20000mN2740000E4360000",16.083854675293,1273.80810546875,657.1455078125
"CRS3035RES20000mN2740000E4380000",16.2999801635742,1194.83605957031,669.346008300781
"CRS3035RES20000mN2740000E4400000",17.1962909698486,1200.32739257812,689.134765625
"CRS3035RES20000mN2740000E4420000",16.8872699737549,1344.85705566406,683.937255859375
"CRS3035RES20000mN2740000E4440000",16.3750534057617,1429.81005859375,676.558471679688
"CRS3035RES20000mN2740000E4460000",17.4585781097412,1425.65759277344,696.759826660156
"CRS3035RES20000mN2740000E4480000",17.2691516876221,1547.02209472656,700.097473144531
"CRS3035RES20000mN2740000E4500000",16.8704242706299,1578.66015625,700.088806152344
"CRS3035RES20000mN2740000E4520000",16.5403652191162,1617.56359863281,702.927490234375
"CRS3035RES20000mN2740000E4540000",17.3367118835449,1517.45678710938,721.015319824219
"CRS3035RES20000mN2740000E4560000",15.7955236434937,1588.00769042969,706.203857421875
"CRS3035RES20000mN2740000E4580000",15.5559711456299,1709.96691894531,700.79638671875
"CRS3035RES20000mN2740000E4600000",14.9430809020996,1830.04235839844,695.744323730469
"CRS3035RES20000mN2740000E4620000",14.6812582015991,1540.49377441406,696.236389160156
"CRS3035RES20000mN2740000E4640000",14.9310007095337,1403.83825683594,701.924011230469
"CRS3035RES20000mN2740000E4660000",15.5003929138184,1448.56884765625,711.088439941406
"CRS3035RES20000mN2740000E4680000",14.8558692932129,1621.65710449219,706.046203613281
"CRS3035RES20000mN2740000E4700000",13.8044452667236,1479.40625,692.232421875
"CRS3035RES20000mN2740000E4720000",13.6683387756348,1293.37536621094,686.82275390625
"CRS3035RES20000mN2740000E4740000",13.843692779541,1288.25390625,681.567016601562
"CRS3035RES20000mN2740000E4760000",16.9895267486572,933.300170898438,705.62841796875
"CRS3035RES20000mN2740000E4780000",18.0657596588135,806.676635742188,713.432983398438
"CRS3035RES20000mN2740000E4800000",19.4054336547852,704.248718261719,738.966918945312
"CRS3035RES20000mN2740000E4820000",20.7687606811523,625.778259277344,767.631652832031
"CRS3035RES20000mN2740000E4840000",20.9178676605225,605.232788085938,770.601135253906
"CRS3035RES20000mN2760000E3360000",17.8343372344971,765.610778808594,397.751251220703
"CRS3035RES20000mN2760000E3380000",18.1525325775146,776.118774414062,437.313720703125
"CRS3035RES20000mN2760000E3400000",18.363260269165,801.466918945312,465.117218017578
"CRS3035RES20000mN2760000E3420000",18.2350311279297,856.630737304688,478.579742431641
"CRS3035RES20000mN2760000E3440000",18.3503227233887,822.315490722656,487.55908203125
"CRS3035RES20000mN2760000E3460000",18.4182796478271,803.5751953125,496.907867431641
"CRS3035RES20000mN2760000E3480000",18.4776172637939,763.158447265625,505.115570068359
"CRS3035RES20000mN2760000E3500000",18.5790252685547,730.348937988281,512.186828613281
"CRS3035RES20000mN2760000E3520000",18.8634376525879,683.854064941406,520.333618164062
"CRS3035RES20000mN2760000E3540000",18.8930416107178,697.280456542969,524.854614257812
"CRS3035RES20000mN2760000E3560000",18.782434463501,733.6259765625,527.755676269531
"CRS3035RES20000mN2760000E3580000",18.8166999816895,739.644775390625,534.555847167969
"CRS3035RES20000mN2760000E3600000",18.7382526397705,720.661865234375,539.493896484375
"CRS3035RES20000mN2760000E3620000",18.582483291626,723.065856933594,543.70166015625
"CRS3035RES20000mN2760000E3640000",18.7661285400391,693.878112792969,551.439331054688
"CRS3035RES20000mN2760000E3660000",18.9080715179443,687.580688476562,558.154907226562
"CRS3035RES20000mN2760000E3680000",19.1040515899658,702.296569824219,564.631958007812
"CRS3035RES20000mN2760000E3700000",19.1321105957031,746.404296875,567.432861328125
"CRS3035RES20000mN2760000E3720000",19.0783309936523,776.740600585938,569.232666015625
"CRS3035RES20000mN2760000E3740000",19.0105571746826,769.197082519531,572.079040527344
"CRS3035RES20000mN2760000E3760000",18.8870620727539,776.597229003906,573.213012695312
"CRS3035RES20000mN2760000E3780000",18.787181854248,771.906066894531,575.468933105469
"CRS3035RES20000mN2760000E3800000",18.552677154541,815.062316894531,575.736938476562
"CRS3035RES20000mN2760000E3820000",18.9015846252441,783.775573730469,584.572204589844
"CRS3035RES20000mN2760000E3840000",18.8803634643555,782.081665039062,587.062683105469
"CRS3035RES20000mN2760000E3860000",18.6070766448975,818.999694824219,585.521362304688
"CRS3035RES20000mN2760000E3880000",18.3321952819824,878.168884277344,584.96240234375
"CRS3035RES20000mN2760000E3900000",18.439769744873,898.323120117188,591.344970703125
"CRS3035RES20000mN2760000E3920000",18.2833881378174,965.206237792969,595.105163574219
"CRS3035RES20000mN2760000E3940000",17.9376754760742,997.000610351562,596.406799316406
"CRS3035RES20000mN2760000E3960000",17.825870513916,975.251831054688,602.118713378906
"CRS3035RES20000mN2760000E3980000",18.0951042175293,959.651184082031,610.132141113281
"CRS3035RES20000mN2760000E4000000",18.4313201904297,974.865234375,619.997192382812
"CRS3035RES20000mN2760000E4020000",18.3906536102295,1118.2421875,622.300354003906
"CRS3035RES20000mN2760000E4040000",17.7492046356201,1415.83361816406,616.583679199219
"CRS3035RES20000mN2760000E4060000",16.7863292694092,1782.04565429688,615.605285644531
"CRS3035RES20000mN1760000E2620000",19.3732585906982,576.919006347656,207.32307434082
"CRS3035RES20000mN2760000E4080000",14.8339490890503,1888.46801757812,590.025817871094
"CRS3035RES20000mN2760000E4100000",16.7167453765869,1229.4873046875,621.114868164062
"CRS3035RES20000mN2760000E4120000",19.6999473571777,779.224426269531,669.909118652344
"CRS3035RES20000mN2760000E4140000",19.5993938446045,1054.09033203125,672.62548828125
"CRS3035RES20000mN2760000E4160000",17.2475090026855,1524.52722167969,647.224792480469
"CRS3035RES20000mN2760000E4180000",14.5872449874878,1519.76196289062,619.791931152344
"CRS3035RES20000mN2760000E4200000",16.0747547149658,1031.45031738281,643.807739257812
"CRS3035RES20000mN2760000E4220000",15.7456226348877,920.103393554688,633.349853515625
"CRS3035RES20000mN2760000E4240000",16.1769313812256,890.596252441406,641.822875976562
"CRS3035RES20000mN2760000E4260000",16.9340839385986,846.849731445312,657.249694824219
"CRS3035RES20000mN1760000E2640000",20.0989685058594,691.870849609375,268.119140625
"CRS3035RES20000mN2760000E4280000",16.9716739654541,894.108215332031,654.239929199219
"CRS3035RES20000mN2760000E4300000",16.8249168395996,1005.44122314453,646.876037597656
"CRS3035RES20000mN2760000E4320000",16.8987903594971,1054.84228515625,647.133850097656
"CRS3035RES20000mN2760000E4340000",16.7989463806152,1089.50439453125,645.020141601562
"CRS3035RES20000mN2760000E4360000",16.8755855560303,1053.21691894531,649.844055175781
"CRS3035RES20000mN2760000E4380000",16.9074459075928,1047.74829101562,656.2880859375
"CRS3035RES20000mN2760000E4400000",17.2413902282715,1073.39465332031,665.74169921875
"CRS3035RES20000mN2760000E4420000",17.0635185241699,1129.82824707031,663.0576171875
"CRS3035RES20000mN2760000E4440000",17.1284923553467,1158.02478027344,664.288940429688
"CRS3035RES20000mN2760000E4460000",17.6222591400146,1168.71594238281,674.08642578125
"CRS3035RES20000mN1760000E2660000",21.792875289917,748.969177246094,368.610107421875
"CRS3035RES20000mN2760000E4480000",17.8200626373291,1229.19396972656,679.506225585938
"CRS3035RES20000mN2760000E4500000",17.6074275970459,1269.64929199219,680.561706542969
"CRS3035RES20000mN2760000E4520000",17.9446601867676,1253.8271484375,695.133911132812
"CRS3035RES20000mN2760000E4540000",17.4281806945801,1283.27124023438,696.71923828125
"CRS3035RES20000mN2760000E4560000",16.7866458892822,1305.39892578125,692.823852539062
"CRS3035RES20000mN2760000E4580000",17.5835227966309,1259.48815917969,705.762512207031
"CRS3035RES20000mN2760000E4600000",17.8502140045166,1324.7890625,711.180786132812
"CRS3035RES20000mN2760000E4620000",17.5800113677979,1287.46716308594,709.862670898438
"CRS3035RES20000mN2760000E4640000",17.0111465454102,1246.56298828125,705.694091796875
"CRS3035RES20000mN2760000E4660000",17.0038585662842,1313.3515625,709.046447753906
"CRS3035RES20000mN1760000E2680000",22.9651355743408,751.802490234375,443.441009521484
"CRS3035RES20000mN2760000E4680000",16.6048183441162,1425.50732421875,707.595703125
"CRS3035RES20000mN2760000E4700000",15.7551498413086,1298.54553222656,698.379760742188
"CRS3035RES20000mN2760000E4720000",15.6826038360596,1163.26477050781,693.629821777344
"CRS3035RES20000mN2760000E4740000",15.7449712753296,1099.91918945312,687.15625
"CRS3035RES20000mN2760000E4760000",17.1462078094482,897.940795898438,699.112487792969
"CRS3035RES20000mN2760000E4780000",19.5013465881348,729.26171875,739.849914550781
"CRS3035RES20000mN2760000E4800000",19.9995956420898,658.268188476562,748.930297851562
"CRS3035RES20000mN2760000E4820000",20.7971496582031,603.0537109375,767.490783691406
"CRS3035RES20000mN2760000E4840000",20.8047695159912,598.028015136719,769.82568359375
"CRS3035RES20000mN1760000E2700000",23.3694324493408,781.515319824219,492.134002685547
"CRS3035RES20000mN1760000E2720000",22.9653587341309,724.423400878906,515.012145996094
"CRS3035RES20000mN1760000E2740000",23.8528060913086,648.642883300781,529.986083984375
"CRS3035RES20000mN1760000E2760000",24.752872467041,573.535888671875,531.021362304688
"CRS3035RES20000mN1760000E2780000",24.9581298828125,583.640014648438,533.749450683594
"CRS3035RES20000mN1760000E2800000",25.2702503204346,644.507629394531,549.076599121094
"CRS3035RES20000mN1760000E2820000",25.745584487915,715.627868652344,568.984008789062
"CRS3035RES20000mN2780000E3360000",17.8292751312256,826.607177734375,417.920135498047
"CRS3035RES20000mN2780000E3380000",18.0121593475342,859.844909667969,447.260589599609
"CRS3035RES20000mN2780000E3400000",18.088357925415,869.948669433594,463.692077636719
"CRS3035RES20000mN2780000E3420000",18.1410732269287,864.447509765625,478.254699707031
"CRS3035RES20000mN1760000E2840000",25.6243705749512,795.842163085938,584.529418945312
"CRS3035RES20000mN2780000E3440000",18.145809173584,839.508666992188,485.179290771484
"CRS3035RES20000mN2780000E3460000",18.1318550109863,804.90283203125,491.812805175781
"CRS3035RES20000mN2780000E3480000",18.2159461975098,759.178405761719,500.167083740234
"CRS3035RES20000mN2780000E3500000",18.4612903594971,724.414367675781,509.2041015625
"CRS3035RES20000mN2780000E3520000",18.6026210784912,726.319458007812,515.818725585938
"CRS3035RES20000mN2780000E3540000",18.7389621734619,723.289611816406,522.089660644531
"CRS3035RES20000mN2780000E3560000",18.6975116729736,751.984985351562,526.038024902344
"CRS3035RES20000mN2780000E3580000",18.6124000549316,750.457946777344,530.657775878906
"CRS3035RES20000mN2780000E3600000",18.405101776123,743.484008789062,533.363403320312
"CRS3035RES20000mN2780000E3620000",18.4753723144531,705.205932617188,541.179931640625
"CRS3035RES20000mN1760000E2860000",25.5569534301758,808.760925292969,597.493957519531
"CRS3035RES20000mN2780000E3640000",18.4959201812744,689.217529296875,546.575317382812
"CRS3035RES20000mN2780000E3660000",18.5697860717773,680.911987304688,552.625244140625
"CRS3035RES20000mN2780000E3680000",18.7137928009033,682.434448242188,557.443115234375
"CRS3035RES20000mN2780000E3700000",18.8291358947754,712.092712402344,561.558349609375
"CRS3035RES20000mN2780000E3720000",18.8165702819824,750.760375976562,563.912231445312
"CRS3035RES20000mN2780000E3740000",18.7962532043457,766.719909667969,566.987182617188
"CRS3035RES20000mN2780000E3760000",19.0367050170898,713.385681152344,573.422180175781
"CRS3035RES20000mN2780000E3780000",18.8425769805908,750.450622558594,573.628784179688
"CRS3035RES20000mN2780000E3800000",18.6287403106689,802.670654296875,575.3564453125
"CRS3035RES20000mN2780000E3820000",18.7492122650146,796.751770019531,581.928161621094
"CRS3035RES20000mN1760000E2880000",26.1079196929932,762.0712890625,611.797790527344
"CRS3035RES20000mN2780000E3840000",18.6997566223145,813.384155273438,584.459533691406
"CRS3035RES20000mN2780000E3860000",18.7835483551025,805.062377929688,587.993469238281
"CRS3035RES20000mN2780000E3880000",18.5934581756592,809.485046386719,587.7080078125
"CRS3035RES20000mN2780000E3900000",18.3613262176514,889.494323730469,587.660583496094
"CRS3035RES20000mN2780000E3920000",18.1876697540283,957.594543457031,588.976135253906
"CRS3035RES20000mN2780000E3940000",18.1933403015137,994.16748046875,596.6357421875
"CRS3035RES20000mN2780000E3960000",17.7875022888184,1037.61059570312,597.566162109375
"CRS3035RES20000mN2780000E3980000",17.7340908050537,1004.83441162109,602.845886230469
"CRS3035RES20000mN2780000E4000000",17.7662563323975,989.619262695312,608.540588378906
"CRS3035RES20000mN2780000E4020000",17.9516124725342,1061.52270507812,614.502075195312
"CRS3035RES20000mN1760000E2900000",26.3061752319336,762.556701660156,619.238891601562
"CRS3035RES20000mN2780000E4040000",17.9282493591309,1168.61303710938,617.745056152344
"CRS3035RES20000mN2780000E4060000",17.4967994689941,1374.43627929688,621.910766601562
"CRS3035RES20000mN2780000E4080000",16.5337829589844,1468.65979003906,615.924560546875
"CRS3035RES20000mN2780000E4100000",16.0267086029053,1230.00695800781,608.724792480469
"CRS3035RES20000mN2780000E4120000",19.4573001861572,808.012878417969,663.233703613281
"CRS3035RES20000mN2780000E4140000",19.7119026184082,876.107971191406,663.433898925781
"CRS3035RES20000mN2780000E4160000",17.8255233764648,1396.4013671875,640.449951171875
"CRS3035RES20000mN2780000E4180000",16.1407508850098,1378.02160644531,633.942810058594
"CRS3035RES20000mN2780000E4200000",16.2404861450195,1079.65539550781,646.755615234375
"CRS3035RES20000mN2780000E4220000",16.1161041259766,954.001953125,643.067504882812
"CRS3035RES20000mN1760000E2920000",27.0868129730225,715.144409179688,637.703430175781
"CRS3035RES20000mN2780000E4240000",15.2754774093628,986.514831542969,627.184204101562
"CRS3035RES20000mN2780000E4260000",15.9507598876953,952.998352050781,641.423950195312
"CRS3035RES20000mN2780000E4280000",16.8136730194092,881.139709472656,656.097900390625
"CRS3035RES20000mN2780000E4300000",17.2366409301758,846.873779296875,658.556213378906
"CRS3035RES20000mN2780000E4320000",17.1292343139648,937.6767578125,651.739562988281
"CRS3035RES20000mN2780000E4340000",17.1208076477051,961.604858398438,651.00146484375
"CRS3035RES20000mN2780000E4360000",17.0784187316895,981.903686523438,652.010925292969
"CRS3035RES20000mN2780000E4380000",17.36159324646,958.147827148438,658.843383789062
"CRS3035RES20000mN2780000E4400000",17.5588684082031,946.795043945312,663.431579589844
"CRS3035RES20000mN2780000E4420000",17.6980724334717,947.357666015625,668.817749023438
"CRS3035RES20000mN1760000E2940000",26.8164806365967,715.523742675781,645.002807617188
"CRS3035RES20000mN2780000E4440000",17.7318725585938,978.360107421875,671.508911132812
"CRS3035RES20000mN2780000E4460000",17.6393337249756,1000.11279296875,669.913757324219
"CRS3035RES20000mN2780000E4480000",17.9528961181641,976.191650390625,676.76318359375
"CRS3035RES20000mN2780000E4500000",18.3054943084717,962.062377929688,686.568176269531
"CRS3035RES20000mN2780000E4520000",18.2817478179932,988.644958496094,692.411437988281
"CRS3035RES20000mN2780000E4540000",18.1901950836182,1020.73168945312,700.320556640625
"CRS3035RES20000mN2780000E4560000",17.624439239502,1065.9638671875,693.5927734375
"CRS3035RES20000mN2780000E4580000",17.6452350616455,1081.73608398438,691.402038574219
"CRS3035RES20000mN2780000E4600000",18.544340133667,1025.20910644531,709.308227539062
"CRS3035RES20000mN2780000E4620000",18.7233943939209,983.973815917969,715.89111328125
"CRS3035RES20000mN1760000E2960000",27.468957901001,682.794128417969,658.411071777344
"CRS3035RES20000mN2780000E4640000",18.7949199676514,963.382080078125,721.433166503906
"CRS3035RES20000mN2780000E4660000",18.9332942962646,982.732116699219,730.204345703125
"CRS3035RES20000mN2780000E4680000",18.7703342437744,1019.17559814453,732.875183105469
"CRS3035RES20000mN2780000E4700000",18.6782608032227,948.546264648438,736.083435058594
"CRS3035RES20000mN2780000E4720000",18.1414089202881,931.599792480469,722.424255371094
"CRS3035RES20000mN2780000E4740000",17.4374084472656,923.984985351562,701.929748535156
"CRS3035RES20000mN2780000E4760000",17.737476348877,825.133605957031,703.4482421875
"CRS3035RES20000mN2780000E4780000",19.5611743927002,704.803894042969,741.464538574219
"CRS3035RES20000mN2780000E4800000",20.1244525909424,625.068054199219,752.238891601562
"CRS3035RES20000mN2780000E4820000",20.313383102417,604.116271972656,759.409729003906
"CRS3035RES20000mN1760000E2980000",27.6243019104004,672.426940917969,664.132019042969
"CRS3035RES20000mN2780000E4840000",20.5980491638184,604.200073242188,771.530395507812
"CRS3035RES20000mN1760000E3000000",27.2353706359863,700.6064453125,665.245727539062
"CRS3035RES20000mN1760000E3020000",27.5631732940674,639.743896484375,675.871887207031
"CRS3035RES20000mN1760000E3040000",27.6009960174561,600.086120605469,684.308471679688
"CRS3035RES20000mN1760000E3060000",27.4633769989014,587.023193359375,689.144348144531
"CRS3035RES20000mN1760000E3080000",27.6468715667725,515.568908691406,697.924194335938
"CRS3035RES20000mN1760000E3100000",27.3363380432129,504.587829589844,696.147705078125
"CRS3035RES20000mN1760000E3120000",26.8574905395508,549.842956542969,702.449035644531
"CRS3035RES20000mN2800000E3320000",17.3006496429443,844.319274902344,360.294708251953
"CRS3035RES20000mN2800000E3340000",17.505952835083,860.677368164062,404.779815673828
"CRS3035RES20000mN2800000E3360000",17.5758895874023,896.127258300781,431.662231445312
"CRS3035RES20000mN2800000E3380000",17.5684299468994,927.074523925781,450.769500732422
"CRS3035RES20000mN2800000E3400000",17.8221263885498,871.841430664062,465.211975097656
"CRS3035RES20000mN2800000E3420000",17.9433536529541,850.459228515625,474.184295654297
"CRS3035RES20000mN2800000E3440000",17.9560451507568,836.894592285156,481.324798583984
"CRS3035RES20000mN2800000E3460000",17.8951759338379,820.485778808594,486.663543701172
"CRS3035RES20000mN2800000E3480000",17.9715976715088,779.511901855469,494.592956542969
"CRS3035RES20000mN2800000E3500000",18.168025970459,762.388244628906,504.021270751953
"CRS3035RES20000mN1760000E3140000",25.8717212677002,629.381774902344,699.657348632812
"CRS3035RES20000mN2800000E3520000",18.2582359313965,781.698913574219,511.056396484375
"CRS3035RES20000mN2800000E3540000",18.4353256225586,760.209411621094,518.195861816406
"CRS3035RES20000mN2800000E3560000",18.4727058410645,772.627136230469,523.227905273438
"CRS3035RES20000mN2800000E3580000",18.5703964233398,750.33251953125,529.503540039062
"CRS3035RES20000mN2800000E3600000",18.3671112060547,721.559387207031,532.111511230469
"CRS3035RES20000mN2800000E3620000",18.1005821228027,715.484252929688,534.29638671875
"CRS3035RES20000mN2800000E3640000",17.9916248321533,723.806457519531,538.173889160156
"CRS3035RES20000mN2800000E3660000",18.3278331756592,667.104187011719,548.287109375
"CRS3035RES20000mN2800000E3680000",18.4956569671631,667.952026367188,553.541320800781
"CRS3035RES20000mN2800000E3700000",18.5517311096191,676.841003417969,556.592712402344
"CRS3035RES20000mN1760000E3160000",25.8348598480225,794.912536621094,699.320617675781
"CRS3035RES20000mN2800000E3720000",18.5853843688965,702.027404785156,559.176330566406
"CRS3035RES20000mN2800000E3740000",18.7143688201904,710.852722167969,564.490112304688
"CRS3035RES20000mN2800000E3760000",18.8877372741699,713.743591308594,569.811279296875
"CRS3035RES20000mN2800000E3780000",18.7878723144531,744.419982910156,570.90283203125
"CRS3035RES20000mN2800000E3800000",18.5907669067383,793.589050292969,572.770263671875
"CRS3035RES20000mN2800000E3820000",18.7362537384033,761.612854003906,580.142395019531
"CRS3035RES20000mN2800000E3840000",18.445463180542,778.861328125,578.775024414062
"CRS3035RES20000mN2800000E3860000",18.4087181091309,774.611267089844,580.282592773438
"CRS3035RES20000mN2800000E3880000",18.890604019165,750.686218261719,591.018981933594
"CRS3035RES20000mN2800000E3900000",18.6563053131104,838.324035644531,590.008239746094
"CRS3035RES20000mN1760000E3180000",23.0320510864258,1018.71209716797,673.439636230469
"CRS3035RES20000mN2800000E3920000",18.3636856079102,895.26025390625,588.428283691406
"CRS3035RES20000mN2800000E3940000",17.9205856323242,1015.65649414062,586.898559570312
"CRS3035RES20000mN2800000E3960000",17.9025917053223,1042.81884765625,595.170532226562
"CRS3035RES20000mN2800000E3980000",17.5473556518555,1055.76550292969,597.768859863281
"CRS3035RES20000mN2800000E4000000",17.6543846130371,1003.19598388672,605.803039550781
"CRS3035RES20000mN2800000E4020000",17.8571186065674,983.365478515625,611.92626953125
"CRS3035RES20000mN2800000E4040000",18.0026836395264,1022.05670166016,614.620788574219
"CRS3035RES20000mN2800000E4060000",18.2119998931885,1085.93017578125,625.238952636719
"CRS3035RES20000mN2800000E4080000",17.6604499816895,1239.46008300781,627.347351074219
"CRS3035RES20000mN2800000E4100000",16.4059238433838,1316.2001953125,614.123657226562
"CRS3035RES20000mN1760000E3200000",21.1146659851074,895.320495605469,660.589477539062
"CRS3035RES20000mN2800000E4120000",18.1930503845215,982.870727539062,638.557556152344
"CRS3035RES20000mN2800000E4140000",19.5866928100586,831.936096191406,654.733825683594
"CRS3035RES20000mN2800000E4160000",18.6724720001221,1241.57690429688,643.952331542969
"CRS3035RES20000mN2800000E4180000",16.3968448638916,1600.77648925781,629.900146484375
"CRS3035RES20000mN2800000E4200000",16.3891181945801,1261.85046386719,645.457092285156
"CRS3035RES20000mN2800000E4220000",17.2996768951416,906.471130371094,658.183410644531
"CRS3035RES20000mN2800000E4240000",16.8699226379395,891.100341796875,648.490295410156
"CRS3035RES20000mN2800000E4260000",15.8688373565674,929.033081054688,633.455017089844
"CRS3035RES20000mN2800000E4280000",15.6897144317627,986.084594726562,636.422912597656
"CRS3035RES20000mN2800000E4300000",16.7366333007812,925.996276855469,654.621032714844
"CRS3035RES20000mN1760000E3220000",21.1026992797852,584.320373535156,656.040649414062
"CRS3035RES20000mN2800000E4320000",17.4400424957275,862.292358398438,663.246948242188
"CRS3035RES20000mN2800000E4340000",17.3888397216797,862.282531738281,659.236511230469
"CRS3035RES20000mN2800000E4360000",17.4536952972412,887.564697265625,659.63818359375
"CRS3035RES20000mN2800000E4380000",17.6838893890381,895.457946777344,663.394348144531
"CRS3035RES20000mN2800000E4400000",17.7141227722168,895.503845214844,663.526000976562
"CRS3035RES20000mN2800000E4420000",17.8130683898926,896.968505859375,668.938659667969
"CRS3035RES20000mN2800000E4440000",18.0399646759033,889.810974121094,677.463012695312
"CRS3035RES20000mN2800000E4460000",18.0781002044678,892.003845214844,680.416198730469
"CRS3035RES20000mN2800000E4480000",18.0488758087158,900.42041015625,682.966064453125
"CRS3035RES20000mN2800000E4500000",18.1331958770752,914.01904296875,686.437438964844
"CRS3035RES20000mN1760000E3240000",21.5136814117432,491.515045166016,634.364074707031
"CRS3035RES20000mN2800000E4520000",18.1522846221924,939.904602050781,688.869506835938
"CRS3035RES20000mN2800000E4540000",18.282054901123,962.4052734375,697.367614746094
"CRS3035RES20000mN2800000E4560000",18.7329616546631,946.568054199219,711.18896484375
"CRS3035RES20000mN2800000E4580000",18.2856330871582,987.78125,702.901000976562
"CRS3035RES20000mN2800000E4600000",18.3764419555664,940.751220703125,707.764831542969
"CRS3035RES20000mN2800000E4620000",18.4595165252686,870.580505371094,714.408203125
"CRS3035RES20000mN2800000E4640000",18.5809383392334,836.007995605469,720.959655761719
"CRS3035RES20000mN2800000E4660000",17.9843654632568,961.147644042969,716.340759277344
"CRS3035RES20000mN2800000E4680000",16.7677612304688,972.134033203125,694.139343261719
"CRS3035RES20000mN2800000E4700000",17.5534839630127,830.606140136719,712.125732421875
"CRS3035RES20000mN1760000E3260000",22.2722206115723,483.171783447266,622.687438964844
"CRS3035RES20000mN2800000E4720000",18.3748626708984,761.511596679688,724.408630371094
"CRS3035RES20000mN2800000E4740000",19.2161064147949,695.545288085938,737.241088867188
"CRS3035RES20000mN2800000E4760000",19.0399398803711,688.923217773438,732.353576660156
"CRS3035RES20000mN2800000E4780000",19.5413665771484,647.599060058594,744.642944335938
"CRS3035RES20000mN2800000E4800000",20.3938388824463,582.071044921875,763.329162597656
"CRS3035RES20000mN2800000E4820000",20.4038581848145,584.219360351562,766.334716796875
"CRS3035RES20000mN2800000E4840000",20.0553951263428,623.540344238281,764.996215820312
"CRS3035RES20000mN1760000E3280000",25.1447257995605,361.197448730469,627.578002929688
"CRS3035RES20000mN1760000E3300000",25.7983283996582,312.136260986328,627.567993164062
"CRS3035RES20000mN1760000E3320000",25.1499805450439,304.751373291016,624.571105957031
"CRS3035RES20000mN1760000E3340000",23.9652462005615,308.317657470703,613.385864257812
"CRS3035RES20000mN1760000E3360000",24.464282989502,301.09814453125,590.518432617188
"CRS3035RES20000mN1760000E3380000",24.2871437072754,337.950988769531,559.476684570312
"CRS3035RES20000mN1760000E3400000",24.4370365142822,386.33642578125,515.788879394531
"CRS3035RES20000mN1760000E3420000",24.7085208892822,453.9150390625,482.881469726562
"CRS3035RES20000mN2820000E3280000",17.2388935089111,919.895080566406,345.924560546875
"CRS3035RES20000mN2820000E3300000",17.1648387908936,932.236877441406,364.188507080078
"CRS3035RES20000mN2820000E3320000",17.1252937316895,939.54248046875,384.521087646484
"CRS3035RES20000mN2820000E3340000",17.2010536193848,946.355407714844,420.679046630859
"CRS3035RES20000mN2820000E3360000",17.1701927185059,940.148803710938,439.511657714844
"CRS3035RES20000mN2820000E3380000",17.3374137878418,892.182861328125,450.302459716797
"CRS3035RES20000mN2820000E3400000",17.4182910919189,889.62158203125,459.418060302734
"CRS3035RES20000mN2820000E3420000",17.5675926208496,848.224548339844,467.028015136719
"CRS3035RES20000mN2820000E3440000",17.763708114624,809.088928222656,476.183380126953
"CRS3035RES20000mN1760000E3440000",24.9887275695801,543.462097167969,473.308502197266
"CRS3035RES20000mN2820000E3460000",17.8225326538086,793.728393554688,482.214599609375
"CRS3035RES20000mN2820000E3480000",17.7842102050781,809.776611328125,488.558776855469
"CRS3035RES20000mN2820000E3500000",17.7524013519287,833.208984375,495.832092285156
"CRS3035RES20000mN2820000E3520000",17.9971599578857,804.550109863281,505.746734619141
"CRS3035RES20000mN2820000E3540000",17.9092426300049,819.217102050781,510.171569824219
"CRS3035RES20000mN2820000E3560000",17.8918495178223,824.406127929688,514.948303222656
"CRS3035RES20000mN2820000E3580000",18.3129024505615,750.024169921875,525.876403808594
"CRS3035RES20000mN2820000E3600000",18.2563171386719,730.388061523438,530.052917480469
"CRS3035RES20000mN2820000E3620000",18.0218143463135,746.905334472656,532.202270507812
"CRS3035RES20000mN2820000E3640000",17.6424388885498,765.401489257812,531.829040527344
"CRS3035RES20000mN1760000E3560000",24.797176361084,420.507232666016,446.193145751953
"CRS3035RES20000mN2820000E3660000",18.0156383514404,695.438659667969,542.633422851562
"CRS3035RES20000mN2820000E3680000",18.2338314056396,665.216796875,549.479309082031
"CRS3035RES20000mN2820000E3700000",18.3108692169189,661.194885253906,552.908264160156
"CRS3035RES20000mN2820000E3720000",18.4011135101318,677.272827148438,555.561950683594
"CRS3035RES20000mN2820000E3740000",18.5259685516357,700.941589355469,559.974792480469
"CRS3035RES20000mN2820000E3760000",18.6832466125488,710.568054199219,565.094787597656
"CRS3035RES20000mN2820000E3780000",18.8418998718262,704.374389648438,571.220642089844
"CRS3035RES20000mN2820000E3800000",18.9245014190674,709.991882324219,577.088195800781
"CRS3035RES20000mN2820000E3820000",18.7824573516846,725.949951171875,579.303955078125
"CRS3035RES20000mN2820000E3840000",18.6590881347656,727.22509765625,580.148498535156
"CRS3035RES20000mN1760000E3580000",24.5589809417725,449.97900390625,437.421997070312
"CRS3035RES20000mN2820000E3860000",18.7380657196045,709.289978027344,583.500549316406
"CRS3035RES20000mN2820000E3880000",18.6413917541504,743.375610351562,583.983093261719
"CRS3035RES20000mN2820000E3900000",18.8584156036377,795.488220214844,589.975708007812
"CRS3035RES20000mN2820000E3920000",18.8202934265137,869.154479980469,593.141784667969
"CRS3035RES20000mN2820000E3940000",18.3246212005615,981.857238769531,590.830932617188
"CRS3035RES20000mN2820000E3960000",17.7403793334961,1079.521484375,588.826843261719
"CRS3035RES20000mN2820000E3980000",17.4392185211182,1085.26794433594,592.573852539062
"CRS3035RES20000mN2820000E4000000",17.7154006958008,991.243286132812,604.376586914062
"CRS3035RES20000mN2820000E4020000",17.8529720306396,921.249694824219,609.864990234375
"CRS3035RES20000mN2820000E4040000",18.1792163848877,893.169799804688,615.384826660156
"CRS3035RES20000mN1760000E4160000",23.4621734619141,496.929962158203,438.195068359375
"CRS3035RES20000mN2820000E4060000",18.473258972168,949.035278320312,623.879028320312
"CRS3035RES20000mN2820000E4080000",18.1748905181885,1130.76916503906,628.521240234375
"CRS3035RES20000mN2820000E4100000",16.5734214782715,1291.11413574219,611.101989746094
"CRS3035RES20000mN2820000E4120000",18.0344161987305,963.734191894531,632.60205078125
"CRS3035RES20000mN2820000E4140000",19.2871417999268,840.002075195312,646.948425292969
"CRS3035RES20000mN2820000E4160000",19.3227405548096,1137.27465820312,650.404541015625
"CRS3035RES20000mN2820000E4180000",15.9288291931152,1708.794921875,616.532592773438
"CRS3035RES20000mN2820000E4200000",15.8940858840942,1340.00842285156,630.702270507812
"CRS3035RES20000mN2820000E4220000",17.0309600830078,942.628967285156,646.153381347656
"CRS3035RES20000mN2820000E4240000",17.5492782592773,827.802307128906,651.101379394531
"CRS3035RES20000mN1760000E4180000",24.095495223999,529.596313476562,488.229064941406
"CRS3035RES20000mN2820000E4260000",17.7403621673584,871.060913085938,658.071594238281
"CRS3035RES20000mN2820000E4280000",16.5148162841797,1003.69384765625,648.016784667969
"CRS3035RES20000mN2820000E4300000",16.3499336242676,991.790466308594,649.15283203125
"CRS3035RES20000mN2820000E4320000",16.997917175293,911.632751464844,660.496032714844
"CRS3035RES20000mN2820000E4340000",17.6320686340332,804.839172363281,670.502563476562
"CRS3035RES20000mN2820000E4360000",17.844575881958,796.048950195312,671.506958007812
"CRS3035RES20000mN2820000E4380000",17.8636856079102,838.825500488281,669.634582519531
"CRS3035RES20000mN2820000E4400000",18.1276836395264,833.054870605469,675.083557128906
"CRS3035RES20000mN2820000E4420000",18.0495128631592,853.430786132812,676.011474609375
"CRS3035RES20000mN2820000E4440000",17.9057807922363,860.322265625,675.625915527344
"CRS3035RES20000mN1760000E4200000",24.257719039917,635.680603027344,544.342041015625
"CRS3035RES20000mN2820000E4460000",18.1038284301758,839.181396484375,682.939453125
"CRS3035RES20000mN2820000E4480000",18.1931762695312,830.212097167969,690.617492675781
"CRS3035RES20000mN2820000E4500000",18.1536102294922,850.042907714844,691.995483398438
"CRS3035RES20000mN2820000E4520000",18.2668037414551,902.367309570312,694.926696777344
"CRS3035RES20000mN2820000E4540000",18.3887996673584,952.099426269531,701.406311035156
"CRS3035RES20000mN2820000E4560000",18.4378070831299,993.045104980469,709.400695800781
"CRS3035RES20000mN2820000E4580000",17.4889888763428,1170.24536132812,698.743469238281
"CRS3035RES20000mN2820000E4600000",17.2003631591797,1025.33239746094,701.367309570312
"CRS3035RES20000mN2820000E4620000",16.243143081665,940.691589355469,688.142272949219
"CRS3035RES20000mN2820000E4640000",16.5050258636475,840.740234375,698.379577636719
"CRS3035RES20000mN1760000E4220000",23.8386478424072,545.186706542969,516.067687988281
"CRS3035RES20000mN2820000E4660000",15.6606597900391,960.52685546875,690.542541503906
"CRS3035RES20000mN2820000E4680000",15.5608758926392,910.173095703125,689.071044921875
"CRS3035RES20000mN2820000E4700000",16.0453872680664,752.79833984375,693.321838378906
"CRS3035RES20000mN2820000E4720000",18.1090850830078,621.266296386719,727.167236328125
"CRS3035RES20000mN2820000E4740000",19.4413967132568,592.190246582031,750.241271972656
"CRS3035RES20000mN2820000E4760000",19.6569118499756,614.707458496094,752.231628417969
"CRS3035RES20000mN2820000E4780000",19.6058387756348,598.316284179688,750.02294921875
"CRS3035RES20000mN2820000E4800000",20.0177707672119,570.075866699219,759.503479003906
"CRS3035RES20000mN2820000E4820000",20.3267726898193,577.861511230469,769.781188964844
"CRS3035RES20000mN1760000E4840000",24.0392971038818,894.144165039062,477.971405029297
"CRS3035RES20000mN1760000E4860000",22.7317390441895,1100.97595214844,512.493774414062
"CRS3035RES20000mN1760000E4880000",23.480640411377,902.187072753906,538.842407226562
"CRS3035RES20000mN1760000E4900000",25.3991374969482,723.861877441406,556.822143554688
"CRS3035RES20000mN2840000E3240000",16.8091106414795,866.0166015625,311.350463867188
"CRS3035RES20000mN2840000E3260000",17.0121059417725,986.390197753906,346.967987060547
"CRS3035RES20000mN2840000E3280000",16.9651165008545,1054.42163085938,375.519866943359
"CRS3035RES20000mN2840000E3300000",16.8273239135742,1057.15856933594,397.669158935547
"CRS3035RES20000mN2840000E3320000",16.8047771453857,1029.91918945312,415.306457519531
"CRS3035RES20000mN2840000E3340000",16.8471260070801,985.4833984375,429.308197021484
"CRS3035RES20000mN2840000E3360000",16.9946365356445,908.043640136719,440.920288085938
"CRS3035RES20000mN2840000E3380000",17.0772762298584,870.0341796875,447.079467773438
"CRS3035RES20000mN2840000E3400000",17.1435680389404,860.612121582031,452.854553222656
"CRS3035RES20000mN2840000E3420000",17.3601570129395,792.531677246094,461.355102539062
"CRS3035RES20000mN2840000E3440000",17.62868309021,770.59375,469.685882568359
"CRS3035RES20000mN2840000E3460000",17.5913314819336,818.308288574219,473.898406982422
"CRS3035RES20000mN2840000E3480000",17.4719772338867,852.722229003906,479.174987792969
"CRS3035RES20000mN2840000E3500000",17.3815116882324,868.676025390625,485.94482421875
"CRS3035RES20000mN2840000E3520000",17.5606746673584,872.519226074219,495.495269775391
"CRS3035RES20000mN2840000E3540000",17.3714580535889,887.241943359375,500.4248046875
"CRS3035RES20000mN2840000E3560000",17.4579639434814,829.552001953125,507.988586425781
"CRS3035RES20000mN2840000E3580000",17.8648834228516,770.498291015625,519.179443359375
"CRS3035RES20000mN2840000E3600000",17.8203582763672,773.251403808594,523.08740234375
"CRS3035RES20000mN2840000E3620000",17.6981906890869,774.417907714844,526.891296386719
"CRS3035RES20000mN2840000E3640000",17.5442314147949,778.837036132812,529.292663574219
"CRS3035RES20000mN2840000E3660000",17.6122131347656,718.822265625,534.039123535156
"CRS3035RES20000mN2840000E3680000",18.0021018981934,666.451354980469,544.299499511719
"CRS3035RES20000mN2840000E3700000",18.1062316894531,652.695678710938,548.440612792969
"CRS3035RES20000mN2840000E3720000",18.1860427856445,674.511657714844,550.400939941406
"CRS3035RES20000mN2840000E3740000",18.5001277923584,670.974609375,557.165588378906
"CRS3035RES20000mN2840000E3760000",18.6867065429688,687.192504882812,563.203430175781
"CRS3035RES20000mN2840000E3780000",18.6739082336426,713.393493652344,567.471618652344
"CRS3035RES20000mN2840000E3800000",18.5032806396484,739.301086425781,569.315307617188
"CRS3035RES20000mN2840000E3820000",18.484188079834,741.116638183594,574.026794433594
"CRS3035RES20000mN2840000E3840000",18.5865650177002,729.807189941406,579.460021972656
"CRS3035RES20000mN2840000E3860000",18.8065986633301,724.398559570312,585.722595214844
"CRS3035RES20000mN2840000E3880000",18.5789108276367,764.321655273438,583.759338378906
"CRS3035RES20000mN2840000E3900000",18.4697113037109,826.705993652344,583.727233886719
"CRS3035RES20000mN2840000E3920000",18.7704982757568,854.742126464844,592.275329589844
"CRS3035RES20000mN2840000E3940000",18.471586227417,991.9404296875,593.578979492188
"CRS3035RES20000mN2840000E3960000",17.7873039245605,1082.85473632812,589.290466308594
"CRS3035RES20000mN2840000E3980000",17.560962677002,1044.60632324219,592.444213867188
"CRS3035RES20000mN2840000E4000000",17.9210739135742,930.302429199219,604.716430664062
"CRS3035RES20000mN2840000E4020000",17.9962215423584,873.951904296875,610.319885253906
"CRS3035RES20000mN2840000E4040000",18.3536758422852,829.173156738281,621.274597167969
"CRS3035RES20000mN2840000E4060000",18.5607795715332,884.757080078125,628.322692871094
"CRS3035RES20000mN2840000E4080000",18.4585952758789,983.149841308594,630.796508789062
"CRS3035RES20000mN2840000E4100000",18.0576972961426,1025.44921875,628.622436523438
"CRS3035RES20000mN2840000E4120000",18.3161010742188,894.156860351562,630.502075195312
"CRS3035RES20000mN2840000E4140000",18.9506340026855,850.15869140625,639.396850585938
"CRS3035RES20000mN2840000E4160000",19.4569225311279,980.773132324219,652.195983886719
"CRS3035RES20000mN2840000E4180000",18.4306411743164,1399.59191894531,654.174072265625
"CRS3035RES20000mN2840000E4200000",16.0635852813721,1309.31335449219,624.517395019531
"CRS3035RES20000mN2840000E4220000",16.7844085693359,967.095520019531,634.91748046875
"CRS3035RES20000mN2840000E4240000",17.4476470947266,814.773742675781,641.607238769531
"CRS3035RES20000mN2840000E4260000",18.1002407073975,856.664855957031,655.5732421875
"CRS3035RES20000mN2840000E4280000",17.8279304504395,1007.29510498047,664.645568847656
"CRS3035RES20000mN2840000E4300000",16.9413242340088,1063.46545410156,659.474304199219
"CRS3035RES20000mN2840000E4320000",16.4601783752441,976.243286132812,654.205993652344
"CRS3035RES20000mN2840000E4340000",16.9383792877197,903.901245117188,661.694580078125
"CRS3035RES20000mN2840000E4360000",17.5769500732422,812.6884765625,672.183715820312
"CRS3035RES20000mN2840000E4380000",17.6766090393066,809.170654296875,672.031127929688
"CRS3035RES20000mN2840000E4400000",18.0468349456787,778.830444335938,680.429504394531
"CRS3035RES20000mN2840000E4420000",18.3791179656982,774.023559570312,690.211120605469
"CRS3035RES20000mN2840000E4440000",18.2982444763184,766.824462890625,689.336730957031
"CRS3035RES20000mN2840000E4460000",18.0176239013672,779.398315429688,683.320190429688
"CRS3035RES20000mN2840000E4480000",18.1352386474609,811.143371582031,689.881530761719
"CRS3035RES20000mN2840000E4500000",18.3928890228271,827.269775390625,699.590087890625
"CRS3035RES20000mN2840000E4520000",18.5637950897217,850.588317871094,708.753173828125
"CRS3035RES20000mN2840000E4540000",18.3601169586182,958.060791015625,713.05078125
"CRS3035RES20000mN2840000E4560000",17.8896579742432,1086.24365234375,715.913146972656
"CRS3035RES20000mN2840000E4580000",16.6196155548096,1344.14904785156,703.450744628906
"CRS3035RES20000mN2840000E4600000",15.6806907653809,1070.90393066406,694.453796386719
"CRS3035RES20000mN2840000E4620000",15.7666749954224,860.370483398438,692.223083496094
"CRS3035RES20000mN2840000E4640000",16.335729598999,770.637023925781,697.265625
"CRS3035RES20000mN2840000E4660000",15.5583143234253,861.381591796875,681.945251464844
"CRS3035RES20000mN2840000E4680000",16.6301746368408,803.350280761719,705.911987304688
"CRS3035RES20000mN2840000E4700000",17.0890560150146,720.213928222656,714.353637695312
"CRS3035RES20000mN2840000E4720000",17.9983577728271,593.90576171875,726.402526855469
"CRS3035RES20000mN2840000E4740000",18.8452014923096,563.407897949219,740.855651855469
"CRS3035RES20000mN2840000E4760000",19.3466911315918,559.413635253906,748.887756347656
"CRS3035RES20000mN2840000E4780000",19.2822456359863,578.112426757812,745.200927734375
"CRS3035RES20000mN2840000E4800000",19.718770980835,552.836059570312,754.936645507812
"CRS3035RES20000mN2840000E4820000",20.1884593963623,561.428283691406,769.5849609375
"CRS3035RES20000mN2860000E3220000",16.4725742340088,791.419555664062,287.244598388672
"CRS3035RES20000mN2860000E3240000",16.4082107543945,975.590637207031,305.850677490234
"CRS3035RES20000mN2860000E3260000",16.4803428649902,1119.31604003906,347.316131591797
"CRS3035RES20000mN2860000E3280000",16.4731025695801,1168.73107910156,394.378875732422
"CRS3035RES20000mN2860000E3300000",16.3534679412842,1173.0615234375,411.984100341797
"CRS3035RES20000mN2860000E3320000",16.240385055542,1150.60974121094,421.400115966797
"CRS3035RES20000mN2860000E3340000",16.343355178833,1006.18841552734,426.847290039062
"CRS3035RES20000mN2860000E3360000",16.502025604248,919.239990234375,433.347290039062
"CRS3035RES20000mN2860000E3380000",16.4663505554199,903.128112792969,436.905334472656
"CRS3035RES20000mN2860000E3400000",16.8559799194336,820.384033203125,444.274291992188
"CRS3035RES20000mN2860000E3420000",17.1848392486572,784.7734375,452.947326660156
"CRS3035RES20000mN2860000E3440000",17.2816886901855,786.798461914062,457.259887695312
"CRS3035RES20000mN2860000E3460000",17.3899116516113,817.001831054688,463.404052734375
"CRS3035RES20000mN2860000E3480000",17.2440452575684,912.371826171875,471.372131347656
"CRS3035RES20000mN2860000E3500000",16.9692077636719,969.234130859375,476.700286865234
"CRS3035RES20000mN2860000E3520000",17.1950492858887,935.635864257812,487.325836181641
"CRS3035RES20000mN2860000E3540000",17.2746658325195,879.561950683594,496.643859863281
"CRS3035RES20000mN2860000E3560000",16.8578319549561,868.396728515625,496.896759033203
"CRS3035RES20000mN2860000E3580000",17.0988101959229,815.596252441406,505.591766357422
"CRS3035RES20000mN2860000E3600000",17.4008827209473,760.156433105469,514.901489257812
"CRS3035RES20000mN2860000E3620000",17.139347076416,793.931396484375,516.362121582031
"CRS3035RES20000mN2860000E3640000",17.158634185791,789.575256347656,520.640563964844
"CRS3035RES20000mN2860000E3660000",17.4548988342285,718.104553222656,527.624938964844
"CRS3035RES20000mN2860000E3680000",17.8172740936279,652.464904785156,536.124389648438
"CRS3035RES20000mN2860000E3700000",17.905216217041,666.5400390625,540.223388671875
"CRS3035RES20000mN2860000E3720000",17.943151473999,693.04345703125,543.306945800781
"CRS3035RES20000mN2860000E3740000",18.3094234466553,693.261291503906,551.296569824219
"CRS3035RES20000mN2860000E3760000",18.5542869567871,699.208557128906,558.243530273438
"CRS3035RES20000mN2860000E3780000",18.4047718048096,735.633483886719,559.860656738281
"CRS3035RES20000mN2860000E3800000",18.3601570129395,735.59228515625,565.2880859375
"CRS3035RES20000mN2860000E3820000",18.176887512207,737.878051757812,569.215026855469
"CRS3035RES20000mN2860000E3840000",18.0411758422852,750.376708984375,571.929260253906
"CRS3035RES20000mN2860000E3860000",18.3003425598145,751.525146484375,579.113464355469
"CRS3035RES20000mN2860000E3880000",18.2412605285645,779.515014648438,579.808166503906
"CRS3035RES20000mN2860000E3900000",18.4048538208008,764.96240234375,583.99658203125
"CRS3035RES20000mN2860000E3920000",18.4972515106201,854.304077148438,588.368957519531
"CRS3035RES20000mN2860000E3940000",18.4279117584229,959.513854980469,593.145568847656
"CRS3035RES20000mN2860000E3960000",17.7082080841064,1079.45812988281,587.777770996094
"CRS3035RES20000mN2860000E3980000",17.629373550415,992.767456054688,592.622680664062
"CRS3035RES20000mN2860000E4000000",17.9498195648193,893.760620117188,603.655090332031
"CRS3035RES20000mN2860000E4020000",18.0619506835938,852.6005859375,610.3779296875
"CRS3035RES20000mN2860000E4040000",18.3241062164307,828.661865234375,620.592895507812
"CRS3035RES20000mN2860000E4060000",18.3030738830566,876.426513671875,623.546142578125
"CRS3035RES20000mN2860000E4080000",18.4896030426025,921.487365722656,629.929748535156
"CRS3035RES20000mN2860000E4100000",18.2514953613281,928.666748046875,629.069458007812
"CRS3035RES20000mN2860000E4120000",18.0356140136719,928.902038574219,626.425415039062
"CRS3035RES20000mN2860000E4140000",18.4915752410889,905.136413574219,635.816528320312
"CRS3035RES20000mN2860000E4160000",19.1459407806396,913.718383789062,650.243469238281
"CRS3035RES20000mN2860000E4180000",19.557430267334,988.295288085938,662.253173828125
"CRS3035RES20000mN2860000E4200000",18.7152404785156,1026.57678222656,653.771057128906
"CRS3035RES20000mN2860000E4220000",18.1545448303223,870.437316894531,644.046569824219
"CRS3035RES20000mN2860000E4240000",18.3582553863525,812.966796875,652.803649902344
"CRS3035RES20000mN2860000E4260000",18.3674163818359,856.743103027344,660.138916015625
"CRS3035RES20000mN2860000E4280000",17.4090728759766,1030.76025390625,655.089599609375
"CRS3035RES20000mN2860000E4300000",17.224853515625,1070.7890625,664.19384765625
"CRS3035RES20000mN2860000E4320000",17.122917175293,990.769287109375,668.560546875
"CRS3035RES20000mN2860000E4340000",17.2891139984131,832.531372070312,670.972839355469
"CRS3035RES20000mN2860000E4360000",17.422191619873,825.487243652344,672.350891113281
"CRS3035RES20000mN2860000E4380000",17.222541809082,795.175537109375,667.338439941406
"CRS3035RES20000mN2860000E4400000",17.3079261779785,827.175109863281,670.836547851562
"CRS3035RES20000mN2860000E4420000",17.5691566467285,834.311462402344,680.183227539062
"CRS3035RES20000mN2860000E4440000",17.7612934112549,834.191528320312,687.055603027344
"CRS3035RES20000mN2860000E4460000",18.0646228790283,786.053588867188,696.453674316406
"CRS3035RES20000mN2860000E4480000",18.4697914123535,767.730529785156,710.752563476562
"CRS3035RES20000mN2860000E4500000",18.4901332855225,884.442260742188,719.806884765625
"CRS3035RES20000mN2860000E4520000",17.5948219299316,1082.41870117188,714.827941894531
"CRS3035RES20000mN2860000E4540000",16.2514247894287,1251.40295410156,699.725891113281
"CRS3035RES20000mN2860000E4560000",15.5199069976807,1404.21752929688,696.622131347656
"CRS3035RES20000mN2860000E4580000",14.7835512161255,1364.31823730469,686.074829101562
"CRS3035RES20000mN2860000E4600000",14.8786010742188,1028.14392089844,682.091430664062
"CRS3035RES20000mN2860000E4620000",16.0685176849365,797.570495605469,690.349609375
"CRS3035RES20000mN2860000E4640000",17.2046985626221,686.038818359375,703.798034667969
"CRS3035RES20000mN2860000E4660000",17.3943786621094,725.691772460938,706.92529296875
"CRS3035RES20000mN2860000E4680000",17.2644672393799,721.767700195312,709.135864257812
"CRS3035RES20000mN2860000E4700000",17.2460136413574,707.568969726562,711.992980957031
"CRS3035RES20000mN2860000E4720000",17.6339702606201,634.141357421875,718.209533691406
"CRS3035RES20000mN2860000E4740000",18.3936824798584,561.137023925781,731.950561523438
"CRS3035RES20000mN2860000E4760000",19.71750831604,513.330688476562,760.919372558594
"CRS3035RES20000mN2860000E4780000",20.0485000610352,512.291442871094,765.908081054688
"CRS3035RES20000mN2860000E4800000",19.8057632446289,548.771118164062,757.48974609375
"CRS3035RES20000mN2860000E4820000",20.1992492675781,549.734680175781,770.075500488281
"CRS3035RES20000mN2860000E4840000",19.7174682617188,589.718688964844,763.651184082031
"CRS3035RES20000mN2880000E3220000",16.3039951324463,776.83837890625,281.455963134766
"CRS3035RES20000mN2880000E3240000",16.2782230377197,954.253540039062,297.969085693359
"CRS3035RES20000mN2880000E3260000",16.2485961914062,1169.39672851562,339.194427490234
"CRS3035RES20000mN2880000E3280000",16.301830291748,1200.76403808594,391.943969726562
"CRS3035RES20000mN2880000E3300000",16.2339305877686,1196.6708984375,405.622772216797
"CRS3035RES20000mN2880000E3320000",16.021089553833,1145.26489257812,411.174591064453
"CRS3035RES20000mN2880000E3340000",15.9081230163574,1037.07360839844,415.926879882812
"CRS3035RES20000mN2880000E3360000",16.0508365631104,932.681884765625,419.509460449219
"CRS3035RES20000mN2880000E3380000",16.5306434631348,799.671508789062,422.791259765625
"CRS3035RES20000mN2880000E3400000",16.8675212860107,750.235290527344,427.78369140625
"CRS3035RES20000mN2880000E3420000",17.0217533111572,765.458251953125,433.594421386719
"CRS3035RES20000mN2880000E3440000",17.1835231781006,780.692260742188,436.082427978516
"CRS3035RES20000mN2880000E3460000",17.203182220459,854.486450195312,443.073516845703
"CRS3035RES20000mN2880000E3480000",17.1198749542236,950.901550292969,458.784851074219
"CRS3035RES20000mN2880000E3500000",16.9707221984863,1018.41827392578,470.283172607422
"CRS3035RES20000mN2880000E3520000",16.8125457763672,1035.41711425781,477.986999511719
"CRS3035RES20000mN2880000E3540000",16.775276184082,965.77392578125,483.540069580078
"CRS3035RES20000mN2880000E3560000",16.798210144043,830.745788574219,488.904907226562
"CRS3035RES20000mN2880000E3580000",16.9739265441895,755.053466796875,496.645904541016
"CRS3035RES20000mN2880000E3600000",16.7852268218994,790.62841796875,499.904479980469
"CRS3035RES20000mN2880000E3620000",16.7307090759277,795.639831542969,504.895141601562
"CRS3035RES20000mN2880000E3640000",17.1983337402344,709.909240722656,516.094177246094
"CRS3035RES20000mN2880000E3660000",17.5116424560547,669.486877441406,523.359436035156
"CRS3035RES20000mN2880000E3680000",17.8159198760986,653.273315429688,529.720397949219
"CRS3035RES20000mN2880000E3700000",17.7937793731689,682.555908203125,532.004150390625
"CRS3035RES20000mN2880000E3720000",17.8914165496826,696.053771972656,536.454040527344
"CRS3035RES20000mN2880000E3740000",18.2550029754639,677.567749023438,545.320922851562
"CRS3035RES20000mN2880000E3760000",18.453125,691.435485839844,552.911682128906
"CRS3035RES20000mN2880000E3780000",18.2912464141846,721.424743652344,555.15673828125
"CRS3035RES20000mN2880000E3800000",18.1680240631104,737.293273925781,559.299865722656
"CRS3035RES20000mN2880000E3820000",18.0132484436035,754.205139160156,563.465637207031
"CRS3035RES20000mN2880000E3840000",17.817663192749,756.339416503906,564.492370605469
"CRS3035RES20000mN2880000E3860000",17.6724510192871,769.054260253906,564.665649414062
"CRS3035RES20000mN2880000E3880000",18.3848991394043,687.12158203125,578.665649414062
"CRS3035RES20000mN2880000E3900000",18.376953125,740.890991210938,581.366821289062
"CRS3035RES20000mN2880000E3920000",18.0908699035645,883.464477539062,580.726623535156
"CRS3035RES20000mN2880000E3940000",18.134069442749,954.847473144531,587.182373046875
"CRS3035RES20000mN2880000E3960000",17.6411819458008,1085.72473144531,585.291442871094
"CRS3035RES20000mN2880000E3980000",17.5466823577881,1017.75854492188,590.042175292969
"CRS3035RES20000mN2880000E4000000",17.9245891571045,889.037231445312,602.540466308594
"CRS3035RES20000mN2880000E4020000",17.9275245666504,871.44482421875,606.834167480469
"CRS3035RES20000mN2880000E4040000",18.2488288879395,822.669372558594,617.243041992188
"CRS3035RES20000mN2880000E4060000",17.93092918396,870.379760742188,614.913330078125
"CRS3035RES20000mN2880000E4080000",18.1568603515625,885.513061523438,623.162658691406
"CRS3035RES20000mN2880000E4100000",18.1919422149658,896.281921386719,628.089172363281
"CRS3035RES20000mN2880000E4120000",17.787805557251,942.186706542969,625.339782714844
"CRS3035RES20000mN2880000E4140000",17.833438873291,976.343688964844,630.447082519531
"CRS3035RES20000mN2880000E4160000",18.3350257873535,906.296997070312,642.206848144531
"CRS3035RES20000mN2880000E4180000",19.4610080718994,795.073181152344,659.213317871094
"CRS3035RES20000mN2880000E4200000",19.4925403594971,805.429626464844,660.824829101562
"CRS3035RES20000mN2880000E4220000",18.8119983673096,845.671691894531,651.092529296875
"CRS3035RES20000mN2880000E4240000",18.5666770935059,841.557861328125,656.458129882812
"CRS3035RES20000mN2880000E4260000",18.3675136566162,870.957153320312,660.930053710938
"CRS3035RES20000mN2880000E4280000",17.4265689849854,963.082763671875,652.075988769531
"CRS3035RES20000mN2880000E4300000",17.4750804901123,939.701904296875,665.136962890625
"CRS3035RES20000mN2880000E4320000",17.2357978820801,928.125427246094,666.191650390625
"CRS3035RES20000mN2880000E4340000",17.2853012084961,850.967712402344,667.653625488281
"CRS3035RES20000mN2880000E4360000",17.4901218414307,785.989196777344,671.376037597656
"CRS3035RES20000mN2880000E4380000",17.6250495910645,782.212707519531,676.501770019531
"CRS3035RES20000mN2880000E4400000",17.4982604980469,805.191467285156,677.891357421875
"CRS3035RES20000mN2880000E4420000",17.3991432189941,834.600280761719,680.633056640625
"CRS3035RES20000mN2880000E4440000",17.2717475891113,844.170471191406,681.877624511719
"CRS3035RES20000mN2880000E4460000",17.9160861968994,735.995544433594,700.264343261719
"CRS3035RES20000mN2880000E4480000",17.3823699951172,856.888793945312,693.123840332031
"CRS3035RES20000mN2880000E4500000",17.0808200836182,976.063232421875,696.768371582031
"CRS3035RES20000mN2880000E4520000",16.5891456604004,1144.26049804688,705.671569824219
"CRS3035RES20000mN2880000E4540000",15.2819995880127,1325.92077636719,694.207275390625
"CRS3035RES20000mN2880000E4560000",13.9642601013184,1395.18237304688,675.695434570312
"CRS3035RES20000mN2880000E4580000",14.4757499694824,1104.64624023438,679.557861328125
"CRS3035RES20000mN2880000E4600000",16.1524696350098,799.631774902344,692.883056640625
"CRS3035RES20000mN2880000E4620000",17.4128761291504,660.50537109375,701.378112792969
"CRS3035RES20000mN2880000E4640000",17.5846710205078,671.689331054688,699.782348632812
"CRS3035RES20000mN2880000E4660000",17.6910152435303,683.649780273438,707.670532226562
"CRS3035RES20000mN2880000E4680000",17.0062294006348,751.32373046875,702.532348632812
"CRS3035RES20000mN2880000E4700000",17.0394115447998,709.098815917969,711.036743164062
"CRS3035RES20000mN2880000E4720000",17.5701999664307,641.524475097656,723.938049316406
"CRS3035RES20000mN2880000E4740000",18.0895881652832,556.894958496094,730.360473632812
"CRS3035RES20000mN2880000E4760000",19.0850658416748,513.030334472656,748.245788574219
"CRS3035RES20000mN2880000E4780000",19.8068675994873,524.772338867188,762.773803710938
"CRS3035RES20000mN2880000E4800000",19.956995010376,539.315673828125,765.618713378906
"CRS3035RES20000mN2880000E4820000",19.8403549194336,560.075500488281,762.739196777344
"CRS3035RES20000mN2880000E4840000",19.6483173370361,571.647888183594,761.16845703125
"CRS3035RES20000mN2880000E4860000",18.2966251373291,653.768249511719,734.294189453125
"CRS3035RES20000mN2880000E4880000",17.7101974487305,735.549377441406,726.563293457031
"CRS3035RES20000mN2900000E3220000",16.1622161865234,801.970825195312,277.9384765625
"CRS3035RES20000mN2900000E3240000",16.1416168212891,980.654052734375,303.896392822266
"CRS3035RES20000mN2900000E3260000",16.2414379119873,1159.79541015625,347.097442626953
"CRS3035RES20000mN2900000E3280000",15.9127368927002,1317.07702636719,384.220245361328
"CRS3035RES20000mN2900000E3300000",15.7422914505005,1267.79333496094,388.134155273438
"CRS3035RES20000mN2900000E3320000",15.6707944869995,1186.62756347656,389.272094726562
"CRS3035RES20000mN2900000E3340000",15.9147577285767,1002.16766357422,398.329132080078
"CRS3035RES20000mN2900000E3360000",16.2510833740234,864.038146972656,394.45068359375
"CRS3035RES20000mN2900000E3380000",16.7644195556641,764.874938964844,386.445831298828
"CRS3035RES20000mN2900000E3400000",16.7558250427246,769.795715332031,383.993377685547
"CRS3035RES20000mN2900000E3420000",16.9619407653809,757.444763183594,386.746795654297
"CRS3035RES20000mN2900000E3440000",17.0494422912598,787.676879882812,391.510009765625
"CRS3035RES20000mN2900000E3460000",17.0958862304688,850.205810546875,403.854888916016
"CRS3035RES20000mN2900000E3480000",16.801929473877,1042.72436523438,432.122528076172
"CRS3035RES20000mN2900000E3500000",16.3963146209717,1205.49389648438,453.734985351562
"CRS3035RES20000mN2900000E3520000",16.3163661956787,1158.66198730469,465.561340332031
"CRS3035RES20000mN2900000E3540000",16.7336978912354,929.775329589844,475.570953369141
"CRS3035RES20000mN2900000E3560000",16.8017826080322,819.037170410156,480.346527099609
"CRS3035RES20000mN2900000E3580000",17.1354236602783,750.512451171875,489.414154052734
"CRS3035RES20000mN2900000E3600000",16.7037448883057,808.70849609375,490.230377197266
"CRS3035RES20000mN2900000E3620000",16.7518920898438,750.698486328125,496.9736328125
"CRS3035RES20000mN2900000E3640000",17.0817394256592,715.433959960938,505.845428466797
"CRS3035RES20000mN2900000E3660000",17.4090404510498,683.239440917969,515.113159179688
"CRS3035RES20000mN2900000E3680000",17.645866394043,681.685852050781,522.56396484375
"CRS3035RES20000mN2900000E3700000",17.7976264953613,699.010192871094,526.4345703125
"CRS3035RES20000mN2900000E3720000",17.8844356536865,711.765747070312,530.945617675781
"CRS3035RES20000mN2900000E3740000",18.0994758605957,700.452331542969,538.472839355469
"CRS3035RES20000mN2900000E3760000",17.9911251068115,729.5751953125,541.831604003906
"CRS3035RES20000mN2900000E3780000",17.986967086792,737.788146972656,546.737487792969
"CRS3035RES20000mN2900000E3800000",18.008358001709,745.376770019531,552.563720703125
"CRS3035RES20000mN2900000E3820000",17.8366928100586,767.569763183594,555.784606933594
"CRS3035RES20000mN2900000E3840000",17.7688293457031,762.040771484375,559.186828613281
"CRS3035RES20000mN2900000E3860000",17.7597255706787,741.502868652344,562.054992675781
"CRS3035RES20000mN2900000E3880000",17.8940544128418,721.598571777344,566.374450683594
"CRS3035RES20000mN2900000E3900000",18.1164608001709,734.424560546875,573.618835449219
"CRS3035RES20000mN2900000E3920000",17.9697856903076,879.130065917969,575.983093261719
"CRS3035RES20000mN2900000E3940000",17.9284534454346,962.328063964844,580.484619140625
"CRS3035RES20000mN2900000E3960000",17.5558795928955,1032.42041015625,580.807556152344
"CRS3035RES20000mN2900000E3980000",17.5492267608643,1001.91284179688,587.541870117188
"CRS3035RES20000mN2900000E4000000",17.8409843444824,915.530517578125,599.484619140625
"CRS3035RES20000mN2900000E4020000",17.7358303070068,914.060180664062,601.252380371094
"CRS3035RES20000mN2900000E4040000",18.1269187927246,834.549438476562,612.228515625
"CRS3035RES20000mN2900000E4060000",17.9306011199951,889.562255859375,613.706787109375
"CRS3035RES20000mN2900000E4080000",18.1684169769287,875.841491699219,624.48388671875
"CRS3035RES20000mN2900000E4100000",17.9231090545654,923.778564453125,624.664733886719
"CRS3035RES20000mN2900000E4120000",17.9362983703613,929.80810546875,631.878540039062
"CRS3035RES20000mN2900000E4140000",17.5124282836914,988.327453613281,630.026489257812
"CRS3035RES20000mN2900000E4160000",17.3336925506592,940.620178222656,628.050476074219
"CRS3035RES20000mN2900000E4180000",19.0489559173584,729.457214355469,657.179321289062
"CRS3035RES20000mN2900000E4200000",19.4862232208252,746.680480957031,663.969360351562
"CRS3035RES20000mN2900000E4220000",18.8505973815918,898.505249023438,656.707275390625
"CRS3035RES20000mN2900000E4240000",18.3958911895752,923.425231933594,657.508972167969
"CRS3035RES20000mN2900000E4260000",18.3006000518799,870.33251953125,662.302429199219
"CRS3035RES20000mN2900000E4280000",17.9130916595459,866.411926269531,658.421997070312
"CRS3035RES20000mN2900000E4300000",17.3066177368164,892.765075683594,654.091735839844
"CRS3035RES20000mN2900000E4320000",17.2075061798096,868.517944335938,657.904418945312
"CRS3035RES20000mN2900000E4340000",17.2221908569336,817.663879394531,660.772277832031
"CRS3035RES20000mN2900000E4360000",17.4398078918457,775.67041015625,665.113647460938
"CRS3035RES20000mN2900000E4380000",17.8235549926758,757.8798828125,677.489624023438
"CRS3035RES20000mN2900000E4400000",17.8312702178955,833.160461425781,684.789978027344
"CRS3035RES20000mN2900000E4420000",17.1471004486084,900.328918457031,675.299560546875
"CRS3035RES20000mN2900000E4440000",17.1696090698242,843.530639648438,680.888305664062
"CRS3035RES20000mN2900000E4460000",17.8051204681396,754.224487304688,699.038208007812
"CRS3035RES20000mN2900000E4480000",17.6349773406982,774.425109863281,701.359252929688
"CRS3035RES20000mN2900000E4500000",17.3526229858398,837.919311523438,701.805603027344
"CRS3035RES20000mN2900000E4520000",16.8770599365234,951.750915527344,704.504089355469
"CRS3035RES20000mN2900000E4540000",15.7646350860596,1032.78063964844,689.726745605469
"CRS3035RES20000mN2900000E4560000",15.9044198989868,920.818176269531,691.345275878906
"CRS3035RES20000mN2900000E4580000",16.7219276428223,753.35546875,702.480163574219
"CRS3035RES20000mN2900000E4600000",17.3147678375244,654.307067871094,701.060729980469
"CRS3035RES20000mN2900000E4620000",17.5488185882568,636.961730957031,699.711120605469
"CRS3035RES20000mN2900000E4640000",17.4737911224365,649.258483886719,703.12255859375
"CRS3035RES20000mN2900000E4660000",17.480770111084,673.909973144531,711.947937011719
"CRS3035RES20000mN2900000E4680000",16.8951473236084,739.279663085938,711.022583007812
"CRS3035RES20000mN2900000E4700000",16.484733581543,735.042297363281,705.162292480469
"CRS3035RES20000mN2900000E4720000",16.6245403289795,713.998229980469,708.061218261719
"CRS3035RES20000mN2900000E4740000",17.4313507080078,593.224365234375,723.824096679688
"CRS3035RES20000mN2900000E4760000",18.1517333984375,540.124755859375,735.305114746094
"CRS3035RES20000mN2900000E4780000",18.993896484375,545.225402832031,753.770080566406
"CRS3035RES20000mN2900000E4800000",19.6435070037842,536.224060058594,768.103515625
"CRS3035RES20000mN2900000E4820000",19.0756397247314,562.585021972656,748.893676757812
"CRS3035RES20000mN2900000E4840000",18.7641181945801,601.888366699219,740.681396484375
"CRS3035RES20000mN2900000E4860000",19.1727428436279,608.795227050781,753.975463867188
"CRS3035RES20000mN2900000E4880000",17.9481620788574,730.271179199219,735.333923339844
"CRS3035RES20000mN2900000E4900000",17.6985416412354,787.373779296875,736.89013671875
"CRS3035RES20000mN1780000E2640000",19.9773540496826,684.112609863281,261.391021728516
"CRS3035RES20000mN1780000E2660000",21.2588596343994,837.265686035156,392.464447021484
"CRS3035RES20000mN1780000E2680000",22.3034210205078,746.248413085938,456.494567871094
"CRS3035RES20000mN1780000E2700000",22.5297050476074,747.865173339844,483.923004150391
"CRS3035RES20000mN1780000E2720000",22.5668849945068,662.337707519531,495.152679443359
"CRS3035RES20000mN1780000E2740000",23.6938743591309,597.510131835938,519.235717773438
"CRS3035RES20000mN2920000E3220000",16.0740432739258,844.420349121094,275.797546386719
"CRS3035RES20000mN2920000E3240000",16.0254192352295,977.967346191406,302.729461669922
"CRS3035RES20000mN2920000E3260000",16.1328620910645,1081.9755859375,332.959381103516
"CRS3035RES20000mN2920000E3280000",16.0315475463867,1146.712890625,339.450073242188
"CRS3035RES20000mN2920000E3300000",15.9847412109375,1179.07751464844,336.164855957031
"CRS3035RES20000mN1780000E2760000",24.6249656677246,541.849914550781,537.419494628906
"CRS3035RES20000mN2920000E3320000",15.994966506958,1069.76904296875,342.57373046875
"CRS3035RES20000mN2920000E3340000",16.2800025939941,899.082885742188,365.883575439453
"CRS3035RES20000mN2920000E3360000",16.4589996337891,845.141723632812,357.471252441406
"CRS3035RES20000mN2920000E3460000",17.0163497924805,802.64697265625,386.330108642578
"CRS3035RES20000mN2920000E3480000",16.686408996582,1006.71685791016,418.550231933594
"CRS3035RES20000mN2920000E3500000",16.6425304412842,1113.89855957031,447.704864501953
"CRS3035RES20000mN2920000E3520000",16.5003528594971,1115.50231933594,459.029388427734
"CRS3035RES20000mN2920000E3540000",16.6747245788574,946.942810058594,467.777923583984
"CRS3035RES20000mN1780000E2780000",24.8234748840332,592.226318359375,545.723937988281
"CRS3035RES20000mN2920000E3560000",17.0414657592773,809.571044921875,475.68994140625
"CRS3035RES20000mN2920000E3580000",17.4711151123047,724.957458496094,484.760528564453
"CRS3035RES20000mN2920000E3600000",17.0105381011963,797.761352539062,486.949920654297
"CRS3035RES20000mN2920000E3620000",16.8772773742676,825.067016601562,491.708343505859
"CRS3035RES20000mN2920000E3640000",17.090404510498,772.361206054688,498.421234130859
"CRS3035RES20000mN2920000E3660000",17.2717323303223,743.960083007812,506.114105224609
"CRS3035RES20000mN2920000E3680000",17.6047649383545,719.652709960938,516.1884765625
"CRS3035RES20000mN2920000E3700000",17.5331726074219,749.224548339844,519.630554199219
"CRS3035RES20000mN2920000E3720000",17.5654277801514,745.586547851562,525.541137695312
"CRS3035RES20000mN2920000E3740000",17.63645362854,757.433288574219,531.005310058594
"CRS3035RES20000mN1780000E2800000",24.9390201568604,686.152526855469,558.647705078125
"CRS3035RES20000mN2920000E3760000",17.9287185668945,711.916564941406,538.440795898438
"CRS3035RES20000mN2920000E3780000",17.8889198303223,712.121704101562,540.841918945312
"CRS3035RES20000mN2920000E3800000",17.7254829406738,743.278137207031,543.227661132812
"CRS3035RES20000mN2920000E3820000",17.7297420501709,768.746520996094,548.380126953125
"CRS3035RES20000mN2920000E3840000",17.8580799102783,751.479187011719,555.568542480469
"CRS3035RES20000mN2920000E3860000",17.9468994140625,727.034851074219,561.209777832031
"CRS3035RES20000mN2920000E3880000",18.1366157531738,700.018920898438,567.843383789062
"CRS3035RES20000mN2920000E3900000",18.0145702362061,751.256225585938,569.748291015625
"CRS3035RES20000mN2920000E3920000",17.9449405670166,867.263244628906,574.382690429688
"CRS3035RES20000mN2920000E3940000",17.7208595275879,982.023376464844,576.426879882812
"CRS3035RES20000mN1780000E2820000",25.5216617584229,770.747924804688,580.661682128906
"CRS3035RES20000mN2920000E3960000",17.4255142211914,1013.11639404297,578.591613769531
"CRS3035RES20000mN2920000E3980000",17.4587955474854,1004.6875,587.03271484375
"CRS3035RES20000mN2920000E4000000",17.1612949371338,1024.93835449219,587.608581542969
"CRS3035RES20000mN2920000E4020000",16.981538772583,980.592102050781,587.80908203125
"CRS3035RES20000mN2920000E4040000",17.9676609039307,841.857604980469,610.311157226562
"CRS3035RES20000mN2920000E4060000",17.4596214294434,973.051940917969,607.738403320312
"CRS3035RES20000mN2920000E4080000",17.6520748138428,948.830993652344,618.881958007812
"CRS3035RES20000mN2920000E4100000",17.3967475891113,950.151916503906,619.604614257812
"CRS3035RES20000mN2920000E4120000",17.6213817596436,916.744873046875,628.915100097656
"CRS3035RES20000mN2920000E4140000",17.7826747894287,853.255126953125,636.846374511719
"CRS3035RES20000mN1780000E2840000",25.4199275970459,835.377868652344,592.875671386719
"CRS3035RES20000mN2920000E4160000",17.5771083831787,779.999206542969,630.976196289062
"CRS3035RES20000mN2920000E4180000",18.6360664367676,678.927917480469,648.845031738281
"CRS3035RES20000mN2920000E4200000",19.3646106719971,740.035400390625,663.047607421875
"CRS3035RES20000mN2920000E4220000",17.9596042633057,1073.90197753906,643.706726074219
"CRS3035RES20000mN2920000E4240000",17.2987575531006,1052.93188476562,640.447204589844
"CRS3035RES20000mN2920000E4260000",17.369291305542,935.633361816406,648.027160644531
"CRS3035RES20000mN2920000E4280000",17.6036777496338,834.522399902344,651.765747070312
"CRS3035RES20000mN2920000E4300000",17.71262550354,768.974670410156,655.980834960938
"CRS3035RES20000mN2920000E4320000",17.518482208252,739.577880859375,657.1904296875
"CRS3035RES20000mN2920000E4340000",17.5258159637451,729.707214355469,662.220275878906
"CRS3035RES20000mN1780000E2860000",24.8301429748535,857.618347167969,602.438598632812
"CRS3035RES20000mN2920000E4360000",17.5773849487305,730.762390136719,665.287780761719
"CRS3035RES20000mN2920000E4380000",18.0477828979492,738.349609375,679.970336914062
"CRS3035RES20000mN2920000E4400000",17.8570251464844,837.101501464844,683.8427734375
"CRS3035RES20000mN2920000E4420000",16.991907119751,937.565002441406,671.716735839844
"CRS3035RES20000mN2920000E4440000",17.2531356811523,841.165222167969,683.412719726562
"CRS3035RES20000mN2920000E4460000",17.4301681518555,821.210021972656,693.853881835938
"CRS3035RES20000mN2920000E4480000",16.9785003662109,856.51416015625,694.637573242188
"CRS3035RES20000mN2920000E4500000",16.3141994476318,903.145568847656,686.164611816406
"CRS3035RES20000mN2920000E4520000",16.8199062347412,803.732421875,699.503723144531
"CRS3035RES20000mN2920000E4540000",17.0304355621338,766.46435546875,700.65185546875
"CRS3035RES20000mN1780000E2880000",25.6856746673584,747.871520996094,623.02001953125
"CRS3035RES20000mN2920000E4560000",16.8580894470215,723.002807617188,693.943908691406
"CRS3035RES20000mN2920000E4580000",16.8923568725586,650.11572265625,696.579711914062
"CRS3035RES20000mN2920000E4600000",17.1138534545898,643.136352539062,696.282104492188
"CRS3035RES20000mN2920000E4620000",17.2929000854492,634.059936523438,697.189025878906
"CRS3035RES20000mN2920000E4640000",17.1371974945068,662.86865234375,699.139770507812
"CRS3035RES20000mN2920000E4660000",16.8882026672363,683.211059570312,700.419189453125
"CRS3035RES20000mN2920000E4680000",16.2296810150146,765.280456542969,695.612426757812
"CRS3035RES20000mN2920000E4700000",16.2120304107666,742.989379882812,699.090026855469
"CRS3035RES20000mN2920000E4720000",16.5300960540771,673.955932617188,711.45654296875
"CRS3035RES20000mN2920000E4740000",16.9113540649414,624.733032226562,719.894104003906
"CRS3035RES20000mN1780000E2900000",25.7545509338379,752.057312011719,631.043212890625
"CRS3035RES20000mN2920000E4760000",17.2167797088623,609.420471191406,725.173583984375
"CRS3035RES20000mN2920000E4780000",18.2502307891846,546.307434082031,747.841918945312
"CRS3035RES20000mN2920000E4800000",17.8971157073975,583.397644042969,732.442077636719
"CRS3035RES20000mN2920000E4820000",18.4753589630127,587.187561035156,740.135498046875
"CRS3035RES20000mN2920000E4840000",18.6027526855469,622.992858886719,741.340881347656
"CRS3035RES20000mN2920000E4860000",18.9066619873047,631.503967285156,749.848205566406
"CRS3035RES20000mN2920000E4880000",17.7366409301758,777.340209960938,734.650024414062
"CRS3035RES20000mN2920000E4900000",16.658576965332,882.791198730469,719.133911132812
"CRS3035RES20000mN1780000E2920000",25.6645641326904,759.277648925781,639.427978515625
"CRS3035RES20000mN1780000E2940000",24.9861831665039,743.595336914062,640.216735839844
"CRS3035RES20000mN1780000E2960000",26.3515701293945,651.450805664062,658.836669921875
"CRS3035RES20000mN1780000E2980000",26.075813293457,695.107421875,660.464599609375
"CRS3035RES20000mN1780000E3000000",25.6815814971924,709.400634765625,661.113098144531
