"GRD_ID","bio10","bio12","bio15","bio4"
"CRS3035RES50000mN2300000E4250000",22.7105121612549,1026.82922363281,49.8242225646973,487.471618652344
"CRS3035RES50000mN2300000E4300000",21.3738327026367,1053.00024414062,42.1049423217773,547.364013671875
"CRS3035RES50000mN2300000E4350000",19.2925281524658,894.464904785156,29.9921188354492,633.505432128906
"CRS3035RES50000mN2300000E4400000",20.6419868469238,1092.55859375,25.0678176879883,663.555297851562
"CRS3035RES50000mN2300000E4450000",21.0742492675781,964.060729980469,21.217227935791,681.829833984375
"CRS3035RES50000mN2300000E4500000",23.0910530090332,790.893920898438,22.7946662902832,652.759521484375
"CRS3035RES50000mN2300000E4550000",23.6325550079346,694.710693359375,24.6964511871338,585.683715820312
"CRS3035RES50000mN2350000E2750000",18.5836963653564,1810.51989746094,49.1989517211914,308.536560058594
"CRS3035RES50000mN2350000E2800000",18.0340747833252,1759.97192382812,46.7412414550781,377.909851074219
"CRS3035RES50000mN2350000E2850000",17.2289161682129,1364.17858886719,44.333438873291,401.312683105469
"CRS3035RES50000mN2350000E2900000",17.1473922729492,1344.07397460938,40.4390068054199,424.044616699219
"CRS3035RES50000mN2350000E2950000",15.8309316635132,1490.60412597656,36.561092376709,441.171356201172
"CRS3035RES50000mN2350000E3000000",15.9502086639404,1259.30810546875,30.8297271728516,417.836151123047
"CRS3035RES50000mN2350000E3050000",17.2615356445312,1414.09106445312,30.6314277648926,402.094146728516
"CRS3035RES50000mN2350000E3100000",17.9500064849854,1551.18884277344,34.4454154968262,363.414428710938
"CRS3035RES50000mN2350000E3150000",19.4168262481689,1342.78759765625,35.508487701416,351.874053955078
"CRS3035RES50000mN2350000E3200000",19.7670669555664,1407.88159179688,38.2566413879395,361.038635253906
"CRS3035RES50000mN2350000E3350000",20.0383911132812,1395.21765136719,36.2425384521484,377.439727783203
"CRS3035RES50000mN2350000E3400000",20.5094890594482,1227.93737792969,26.9791278839111,477.664184570312
"CRS3035RES50000mN2350000E3450000",21.0225410461426,981.658081054688,18.7415161132812,547.390380859375
"CRS3035RES50000mN2350000E3500000",20.9788703918457,817.757690429688,14.8800954818726,565.272033691406
"CRS3035RES50000mN2350000E3550000",21.0751285552979,753.668579101562,13.4186668395996,578.954162597656
"CRS3035RES50000mN2350000E3600000",21.0174388885498,767.59716796875,13.8902502059937,580.322204589844
"CRS3035RES50000mN2350000E3650000",20.02614402771,930.210021972656,15.653751373291,571.280395507812
"CRS3035RES50000mN2350000E3700000",18.2240810394287,1140.93774414062,17.8196430206299,565.084411621094
"CRS3035RES50000mN2350000E3750000",17.360466003418,1116.703125,23.6918182373047,577.599670410156
"CRS3035RES50000mN2350000E3800000",17.9978866577148,1490.12048339844,38.504467010498,589.252014160156
"CRS3035RES50000mN2350000E3850000",22.4086418151855,1074.33776855469,39.8370361328125,641.872497558594
"CRS3035RES50000mN2350000E3900000",21.1678867340088,1003.38610839844,32.8601989746094,649.152526855469
"CRS3035RES50000mN2350000E3950000",17.5806217193604,1011.64471435547,29.7968158721924,647.218566894531
"CRS3035RES50000mN2350000E4000000",15.4374322891235,1223.58337402344,25.6112861633301,696.462463378906
"CRS3035RES50000mN2350000E4050000",11.1077356338501,1319.49438476562,26.0900020599365,691.074951171875
"CRS3035RES50000mN2350000E4100000",19.5739250183105,985.347534179688,33.3124237060547,692.493469238281
"CRS3035RES50000mN2350000E4150000",20.6022453308105,883.582397460938,33.881649017334,677.41943359375
"CRS3035RES50000mN2350000E4200000",21.1046562194824,1154.48461914062,40.447925567627,602.795288085938
"CRS3035RES50000mN2350000E4250000",18.5944271087646,1387.53430175781,37.4408645629883,586.498596191406
"CRS3035RES50000mN2350000E4300000",19.1713256835938,1112.71044921875,33.0796127319336,659.494018554688
"CRS3035RES50000mN2350000E4350000",21.4055347442627,751.060180664062,24.8401679992676,710.277282714844
"CRS3035RES50000mN2350000E4400000",23.551441192627,728.385986328125,21.2487964630127,743.141540527344
"CRS3035RES50000mN2350000E4450000",24.5207366943359,656.427368164062,19.5534553527832,743.492248535156
"CRS3035RES50000mN2350000E4500000",23.8890781402588,653.66943359375,22.556453704834,642.677917480469
"CRS3035RES50000mN1600000E6300000",25.8736972808838,498.846130371094,99.4479751586914,452.804656982422
"CRS3035RES50000mN1600000E6350000",25.3082008361816,708.453002929688,91.5327835083008,574.677612304688
"CRS3035RES50000mN1600000E6400000",26.4204006195068,514.312622070312,89.9491424560547,614.973815917969
"CRS3035RES50000mN1600000E6450000",26.3891429901123,424.533233642578,106.092781066895,473.758148193359
"CRS3035RES50000mN2400000E2750000",17.8670883178711,1734.1826171875,47.5954856872559,261.696228027344
"CRS3035RES50000mN2400000E2800000",17.869197845459,1484.52941894531,44.3015518188477,308.369323730469
"CRS3035RES50000mN2400000E2850000",17.5432758331299,1571.068359375,42.252025604248,346.967437744141
"CRS3035RES50000mN2400000E2900000",17.316463470459,1397.42224121094,37.4849319458008,347.60546875
"CRS3035RES50000mN2400000E2950000",17.9201641082764,1198.80615234375,37.9329261779785,319.544097900391
"CRS3035RES50000mN1650000E2850000",25.1901340484619,598.511108398438,71.9790344238281,503.631103515625
"CRS3035RES50000mN2400000E3000000",18.446216583252,1077.9970703125,34.0691184997559,311.527130126953
"CRS3035RES50000mN2400000E3050000",19.0170135498047,1046.29504394531,38.1232376098633,312.113708496094
"CRS3035RES50000mN2400000E3400000",20.3901767730713,1036.72900390625,30.5253734588623,457.765075683594
"CRS3035RES50000mN2400000E3450000",20.8288955688477,963.305114746094,20.3174667358398,541.544982910156
"CRS3035RES50000mN2400000E3500000",20.9057350158691,848.230773925781,15.0758619308472,562.826110839844
"CRS3035RES50000mN2400000E3550000",20.8199348449707,850.297729492188,13.2041988372803,572.241821289062
"CRS3035RES50000mN2400000E3600000",20.271614074707,896.496765136719,12.4700117111206,568.638793945312
"CRS3035RES50000mN2400000E3650000",19.543851852417,1068.76135253906,14.5344390869141,567.398376464844
"CRS3035RES50000mN2400000E3700000",18.3298969268799,1366.03479003906,17.2800102233887,568.890686035156
"CRS3035RES50000mN2400000E3750000",15.718204498291,1168.54418945312,19.1391334533691,568.430908203125
"CRS3035RES50000mN1650000E2900000",25.0725231170654,1037.64404296875,71.7145233154297,553.11962890625
"CRS3035RES50000mN2400000E3800000",15.2654724121094,1166.74780273438,27.1838474273682,578.618957519531
"CRS3035RES50000mN2400000E3850000",18.050199508667,1352.52099609375,36.8022880554199,602.197143554688
"CRS3035RES50000mN2400000E3900000",20.3691463470459,1151.53771972656,30.0272960662842,643.630554199219
"CRS3035RES50000mN2400000E3950000",15.7788352966309,1352.3779296875,18.5406913757324,650.119995117188
"CRS3035RES50000mN2400000E4000000",10.8433694839478,1669.24682617188,19.4714031219482,717.301330566406
"CRS3035RES50000mN2400000E4050000",11.6700811386108,1108.66784667969,25.468864440918,723.023193359375
"CRS3035RES50000mN2400000E4100000",21.3465843200684,861.326049804688,38.5131874084473,720.009216308594
"CRS3035RES50000mN2400000E4150000",22.6605167388916,765.534912109375,31.1794948577881,755.450012207031
"CRS3035RES50000mN2400000E4200000",23.3063468933105,847.083068847656,30.7289505004883,758.283508300781
"CRS3035RES50000mN2400000E4250000",21.9321956634521,925.714538574219,27.6118011474609,726.52392578125
"CRS3035RES50000mN1650000E2950000",23.4297561645508,770.390380859375,67.4978713989258,564.060119628906
"CRS3035RES50000mN2400000E4300000",23.6198902130127,779.047058105469,26.2132530212402,758.133972167969
"CRS3035RES50000mN2400000E4350000",24.2338237762451,702.734008789062,22.7577419281006,775.398315429688
"CRS3035RES50000mN2400000E4400000",24.4840068817139,691.603576660156,22.431224822998,777.540405273438
"CRS3035RES50000mN2400000E4450000",24.3517456054688,677.492004394531,21.0399799346924,745.971923828125
"CRS3035RES50000mN2400000E4500000",23.4747409820557,707.093322753906,24.0135860443115,623.434875488281
"CRS3035RES50000mN1650000E3000000",23.4110736846924,593.504577636719,62.4182052612305,565.125549316406
"CRS3035RES50000mN1650000E3050000",22.8568706512451,593.476257324219,60.0588645935059,611.87744140625
"CRS3035RES50000mN1650000E3100000",21.1418190002441,624.705871582031,52.7626647949219,652.323852539062
"CRS3035RES50000mN1650000E3150000",21.6608695983887,491.75439453125,45.1225738525391,657.543701171875
"CRS3035RES50000mN1650000E3200000",22.5742263793945,410.227935791016,42.4105072021484,607.519348144531
"CRS3035RES50000mN2450000E2850000",18.3461952209473,1438.81433105469,47.1201515197754,272.823974609375
"CRS3035RES50000mN2450000E2900000",18.6381912231445,1266.75805664062,45.8560676574707,287.459259033203
"CRS3035RES50000mN2450000E3400000",19.9825572967529,954.53369140625,34.8347549438477,435.834411621094
"CRS3035RES50000mN2450000E3450000",20.607292175293,900.223388671875,23.0116577148438,531.722412109375
"CRS3035RES50000mN2450000E3500000",20.7192516326904,848.920227050781,17.630407333374,554.032409667969
"CRS3035RES50000mN2450000E3550000",20.4570560455322,883.042175292969,14.8546829223633,562.314758300781
"CRS3035RES50000mN2450000E3600000",20.1235122680664,939.802368164062,13.4181118011475,565.879028320312
"CRS3035RES50000mN2450000E3650000",19.1658267974854,1323.10241699219,14.5069198608398,564.599609375
"CRS3035RES50000mN1650000E3250000",24.2847919464111,285.755859375,43.5207710266113,522.327514648438
"CRS3035RES50000mN2450000E3700000",16.6331748962402,1640.47839355469,14.7362833023071,553.284790039062
"CRS3035RES50000mN2450000E3750000",15.5865697860718,1100.00598144531,17.5699691772461,568.916809082031
"CRS3035RES50000mN2450000E3800000",16.9541358947754,905.166442871094,22.7258281707764,585.981567382812
"CRS3035RES50000mN2450000E3850000",17.0057563781738,1011.37719726562,26.7318515777588,592.483947753906
"CRS3035RES50000mN2450000E3900000",20.2703075408936,1004.30291748047,26.9050064086914,642.749267578125
"CRS3035RES50000mN2450000E3950000",18.2361354827881,1471.22082519531,14.2773914337158,656.470458984375
"CRS3035RES50000mN2450000E4000000",13.3210802078247,1631.76477050781,10.9860515594482,698.3046875
"CRS3035RES50000mN2450000E4050000",9.25822162628174,1535.3310546875,15.7321910858154,724.418579101562
"CRS3035RES50000mN2450000E4100000",15.7585010528564,1263.9375,33.6723899841309,713.5302734375
"CRS3035RES50000mN2450000E4150000",22.1796169281006,953.255859375,32.8957290649414,729.150207519531
"CRS3035RES50000mN1650000E3300000",24.0819644927979,264.267150878906,49.1703758239746,441.918914794922
"CRS3035RES50000mN2450000E4200000",23.328010559082,974.778381347656,28.3042068481445,758.386840820312
"CRS3035RES50000mN2450000E4250000",23.5061378479004,864.265686035156,26.9869995117188,762.948364257812
"CRS3035RES50000mN2450000E4300000",23.3582572937012,871.285217285156,25.3533267974854,751.926147460938
"CRS3035RES50000mN2450000E4350000",23.5698261260986,874.507568359375,24.7200889587402,744.797912597656
"CRS3035RES50000mN2450000E4400000",23.2061672210693,925.949401855469,26.1432800292969,754.399963378906
"CRS3035RES50000mN2450000E4450000",23.4751110076904,865.812561035156,24.5142059326172,733.870239257812
"CRS3035RES50000mN2450000E4500000",23.2295875549316,864.594787597656,24.7699279785156,645.856384277344
"CRS3035RES50000mN2450000E4600000",21.6367416381836,1364.09545898438,25.1629505157471,651.960205078125
"CRS3035RES50000mN2450000E4650000",20.1438179016113,1790.23413085938,27.8441181182861,675.519653320312
"CRS3035RES50000mN1650000E3350000",24.1504516601562,305.297149658203,53.5514831542969,417.829925537109
"CRS3035RES50000mN2450000E4700000",18.6548538208008,1634.90393066406,19.9668502807617,703.932983398438
"CRS3035RES50000mN1650000E4500000",24.5671310424805,561.044494628906,65.2480239868164,457.623565673828
"CRS3035RES50000mN1650000E4550000",25.3069496154785,674.571533203125,59.6541061401367,545.061950683594
"CRS3035RES50000mN1650000E4600000",24.1446647644043,758.302612304688,56.7507209777832,523.645874023438
"CRS3035RES50000mN2500000E3400000",19.6337032318115,925.733032226562,37.542163848877,426.347778320312
"CRS3035RES50000mN2500000E3450000",20.4214878082275,884.285522460938,25.7278385162354,524.066467285156
"CRS3035RES50000mN2500000E3500000",20.0996227264404,869.325805664062,20.1002635955811,543.745361328125
"CRS3035RES50000mN2500000E3550000",19.8167572021484,955.451538085938,16.7030639648438,550.880493164062
"CRS3035RES50000mN2500000E3600000",19.0825443267822,1098.26184082031,14.7872734069824,552.185729980469
"CRS3035RES50000mN2500000E3650000",17.7933387756348,1459.69494628906,14.1472864151001,549.269958496094
"CRS3035RES50000mN2500000E3700000",16.6058330535889,1384.26525878906,11.2315711975098,552.541442871094
"CRS3035RES50000mN2500000E3750000",16.3613224029541,1142.53857421875,15.5383434295654,567.042358398438
"CRS3035RES50000mN2500000E3800000",16.8976707458496,1091.22106933594,18.5892753601074,586.017028808594
"CRS3035RES50000mN1650000E4650000",23.8547019958496,676.372924804688,55.481330871582,498.613555908203
"CRS3035RES50000mN2500000E3850000",18.7847175598145,899.235595703125,23.0376224517822,617.191040039062
"CRS3035RES50000mN2500000E3900000",20.3936862945557,901.692626953125,22.6422138214111,643.375732421875
"CRS3035RES50000mN2500000E3950000",19.7307395935059,1270.13977050781,15.1639995574951,657.887023925781
"CRS3035RES50000mN2500000E4000000",16.5986576080322,1593.015625,11.4116430282593,680.390075683594
"CRS3035RES50000mN2500000E4050000",10.2759990692139,2126.58911132812,10.6417512893677,731.141174316406
"CRS3035RES50000mN2500000E4100000",9.98590564727783,1427.69714355469,17.4628448486328,735.316528320312
"CRS3035RES50000mN2500000E4150000",14.3959150314331,1734.87145996094,35.1379241943359,700.582153320312
"CRS3035RES50000mN2500000E4200000",20.9513034820557,1641.85412597656,32.9634742736816,691.580200195312
"CRS3035RES50000mN2500000E4250000",19.2572631835938,1534.15344238281,34.1148376464844,700.184631347656
"CRS3035RES50000mN2500000E4300000",16.6316108703613,1498.20922851562,32.7057647705078,717.126159667969
"CRS3035RES50000mN1650000E4700000",22.7589435577393,758.874572753906,50.3978652954102,527.960632324219
"CRS3035RES50000mN2500000E4350000",17.1359329223633,1369.32690429688,31.4816970825195,699.699035644531
"CRS3035RES50000mN2500000E4400000",17.5612373352051,1326.55310058594,33.7402000427246,695.5244140625
"CRS3035RES50000mN2500000E4450000",20.8830680847168,1226.14013671875,30.0969562530518,713.22216796875
"CRS3035RES50000mN2500000E4500000",22.8004894256592,1083.20727539062,24.8041381835938,714.129333496094
"CRS3035RES50000mN2500000E4550000",22.828052520752,1260.87109375,23.694730758667,666.2998046875
"CRS3035RES50000mN2500000E4600000",20.0072994232178,1931.00317382812,21.8470134735107,680.872619628906
"CRS3035RES50000mN2500000E4650000",17.8323001861572,1676.84826660156,21.0899600982666,691.475158691406
"CRS3035RES50000mN2500000E4700000",19.5144443511963,1328.94641113281,21.3669204711914,720.458435058594
"CRS3035RES50000mN2500000E4750000",21.0857543945312,1029.59313964844,21.1686305999756,753.229309082031
"CRS3035RES50000mN1650000E4750000",22.4879112243652,846.371765136719,50.9695205688477,536.974487304688
"CRS3035RES50000mN1650000E4800000",23.5832862854004,751.074035644531,58.5639991760254,525.340026855469
"CRS3035RES50000mN1650000E4850000",24.8290271759033,651.589782714844,68.6863708496094,497.598083496094
"CRS3035RES50000mN2550000E3400000",19.176586151123,823.4384765625,34.733341217041,415.366333007812
"CRS3035RES50000mN2550000E3450000",20.0199108123779,860.151916503906,27.2734184265137,518.437927246094
"CRS3035RES50000mN2550000E3500000",19.7676067352295,879.907287597656,22.6381702423096,536.739929199219
"CRS3035RES50000mN2550000E3550000",19.4477081298828,941.546691894531,19.1206474304199,543.462890625
"CRS3035RES50000mN2550000E3600000",18.7566719055176,1085.2412109375,16.0196628570557,546.451843261719
"CRS3035RES50000mN2550000E3650000",17.7491874694824,1248.79541015625,13.6795539855957,544.802368164062
"CRS3035RES50000mN2550000E3700000",17.352388381958,1021.76330566406,11.8439931869507,552.63671875
"CRS3035RES50000mN2550000E3750000",17.7606716156006,874.689453125,20.0121002197266,569.886291503906
"CRS3035RES50000mN2550000E3800000",18.4186115264893,993.370727539062,18.1208343505859,590.197265625
"CRS3035RES50000mN2550000E3850000",18.8759689331055,958.864440917969,16.7912616729736,611.449035644531
"CRS3035RES50000mN2550000E3900000",20.1208362579346,1001.01556396484,15.9056692123413,633.681335449219
"CRS3035RES50000mN2550000E3950000",18.5181312561035,1591.03979492188,13.6977386474609,625.303771972656
"CRS3035RES50000mN2550000E4000000",17.7367000579834,1468.80651855469,11.7794141769409,643.832580566406
"CRS3035RES50000mN2550000E4050000",14.4462938308716,1776.9970703125,12.0076341629028,693.007751464844
"CRS3035RES50000mN2550000E4100000",10.2962522506714,1474.43322753906,13.9283256530762,752.582458496094
"CRS3035RES50000mN2550000E4150000",9.96756553649902,1830.33081054688,22.5553188323975,727.787780761719
"CRS3035RES50000mN2550000E4200000",13.9846649169922,2244.3662109375,33.5885887145996,695.881469726562
"CRS3035RES50000mN2550000E4250000",12.5301990509033,1847.0244140625,35.8187484741211,711.776184082031
"CRS3035RES50000mN2550000E4300000",10.8160562515259,1430.16979980469,33.8377532958984,763.759887695312
"CRS3035RES50000mN2550000E4350000",10.1948118209839,1444.43640136719,40.674373626709,773.651550292969
"CRS3035RES50000mN2550000E4400000",15.8155527114868,1122.84448242188,39.9468879699707,728.063049316406
"CRS3035RES50000mN2550000E4450000",13.7873458862305,1417.42944335938,34.928539276123,704.809509277344
"CRS3035RES50000mN2550000E4500000",16.7435836791992,1486.53454589844,29.3142967224121,712.588134765625
"CRS3035RES50000mN2550000E4550000",18.953239440918,2059.55859375,25.4398422241211,716.251159667969
"CRS3035RES50000mN2550000E4600000",16.5279140472412,2312.72998046875,24.5981521606445,701.85888671875
"CRS3035RES50000mN2550000E4650000",18.1710948944092,1499.048828125,24.2287178039551,714.525390625
"CRS3035RES50000mN2550000E4700000",19.2584438323975,1176.13806152344,27.7172737121582,723.849487304688
"CRS3035RES50000mN2550000E4750000",20.1856327056885,1044.453125,25.854419708252,739.720397949219
"CRS3035RES50000mN2600000E3400000",18.7506408691406,745.519226074219,30.2529258728027,407.072967529297
"CRS3035RES50000mN2600000E3450000",19.5326690673828,805.362121582031,26.8101940155029,504.441284179688
"CRS3035RES50000mN2600000E3500000",19.3191795349121,905.076110839844,23.4825115203857,530.178344726562
"CRS3035RES50000mN2600000E3550000",19.1807804107666,854.141906738281,20.1778526306152,543.110412597656
"CRS3035RES50000mN2600000E3600000",19.3027172088623,868.765197753906,16.1723747253418,552.28955078125
"CRS3035RES50000mN2600000E3650000",18.7516822814941,957.439392089844,13.2641115188599,553.638305664062
"CRS3035RES50000mN2600000E3700000",18.62624168396,879.113647460938,12.6213064193726,564.155639648438
"CRS3035RES50000mN2600000E3750000",18.9912662506104,830.896362304688,16.2165470123291,581.964416503906
"CRS3035RES50000mN2600000E3800000",19.5305233001709,845.829895019531,15.9610586166382,602.146057128906
"CRS3035RES50000mN2600000E3850000",19.3926620483398,944.427978515625,13.5040397644043,614.058776855469
"CRS3035RES50000mN2600000E3900000",20.0139312744141,939.879516601562,15.099910736084,630.069458007812
"CRS3035RES50000mN2600000E3950000",19.437047958374,1432.64453125,13.0034322738647,623.750915527344
"CRS3035RES50000mN2600000E4000000",15.8955249786377,1744.35485839844,10.2158575057983,598.738586425781
"CRS3035RES50000mN2600000E4050000",17.4768085479736,1351.46044921875,12.6124305725098,625.747192382812
"CRS3035RES50000mN2600000E4100000",14.6418180465698,1589.67504882812,22.7499809265137,663.617309570312
"CRS3035RES50000mN2600000E4150000",11.0057992935181,2033.052734375,19.8026332855225,663.703186035156
"CRS3035RES50000mN2600000E4200000",9.36847686767578,2307.43481445312,21.1690521240234,695.284729003906
"CRS3035RES50000mN2600000E4250000",10.7402839660645,1641.33239746094,28.2516613006592,709.4443359375
"CRS3035RES50000mN2600000E4300000",8.06402206420898,1459.64306640625,32.4899673461914,732.365417480469
"CRS3035RES50000mN2600000E4350000",8.64425277709961,1146.42858886719,38.3686714172363,741.199096679688
"CRS3035RES50000mN2600000E4400000",12.742015838623,1066.35534667969,37.3050956726074,725.560729980469
"CRS3035RES50000mN2600000E4450000",11.0063810348511,1087.48046875,39.4112663269043,729.221740722656
"CRS3035RES50000mN2600000E4500000",11.9163084030151,1395.40466308594,32.859432220459,736.593627929688
"CRS3035RES50000mN2600000E4550000",14.3285369873047,1534.81079101562,31.6215400695801,731.659301757812
"CRS3035RES50000mN2600000E4600000",15.8909025192261,1409.27270507812,35.2417449951172,733.352966308594
"CRS3035RES50000mN2600000E4650000",17.1943016052246,1222.37084960938,36.0995407104492,738.822265625
"CRS3035RES50000mN2600000E4700000",17.4115123748779,1209.95922851562,36.8616943359375,732.881469726562
"CRS3035RES50000mN2600000E4750000",20.1823768615723,934.199462890625,31.9192886352539,755.567443847656
"CRS3035RES50000mN2600000E4800000",20.5388793945312,799.07666015625,29.6494312286377,754.393737792969
"CRS3035RES50000mN2650000E3350000",18.3570728302002,784.130126953125,32.1936874389648,370.094512939453
"CRS3035RES50000mN2650000E3400000",18.6087493896484,838.398254394531,31.0591773986816,441.63037109375
"CRS3035RES50000mN2650000E3450000",18.9068222045898,879.11279296875,27.8371658325195,508.1826171875
"CRS3035RES50000mN2650000E3500000",18.5872783660889,877.813781738281,23.34934425354,525.281921386719
"CRS3035RES50000mN2650000E3550000",19.130651473999,745.290893554688,18.8400211334229,544.097778320312
"CRS3035RES50000mN2650000E3600000",19.4272022247314,752.602355957031,16.5730285644531,557.975524902344
"CRS3035RES50000mN2650000E3650000",19.3965435028076,805.655334472656,14.7305555343628,568.220336914062
"CRS3035RES50000mN2650000E3700000",19.3281517028809,814.717041015625,12.7064638137817,576.01220703125
"CRS3035RES50000mN2650000E3750000",19.302152633667,832.393615722656,12.3380298614502,586.636596679688
"CRS3035RES50000mN2650000E3800000",19.1426849365234,963.981384277344,11.7235918045044,593.958801269531
"CRS3035RES50000mN2650000E3850000",18.111852645874,1111.37121582031,13.6720609664917,597.601257324219
"CRS3035RES50000mN2650000E3900000",18.9678573608398,866.111022949219,13.8585815429688,620.813903808594
"CRS3035RES50000mN2650000E3950000",19.898401260376,1013.15411376953,14.5534801483154,633.398742675781
"CRS3035RES50000mN2650000E4000000",18.118200302124,1478.81884765625,10.3189830780029,611.923217773438
"CRS3035RES50000mN2650000E4050000",16.0597724914551,1499.22912597656,9.93018054962158,608.520690917969
"CRS3035RES50000mN2650000E4100000",17.1329822540283,1317.88220214844,13.6738061904907,629.022583007812
"CRS3035RES50000mN2650000E4150000",17.302942276001,1404.45642089844,19.8163642883301,630.178833007812
"CRS3035RES50000mN2650000E4200000",16.2613716125488,1821.94750976562,24.2072486877441,647.217712402344
"CRS3035RES50000mN2650000E4250000",14.309006690979,1797.64672851562,25.108362197876,673.58349609375
"CRS3035RES50000mN2650000E4300000",10.8984231948853,2027.13793945312,26.8351955413818,688.109497070312
"CRS3035RES50000mN2650000E4350000",10.2432308197021,1410.09204101562,35.4136352539062,697.03662109375
"CRS3035RES50000mN2650000E4400000",10.5186138153076,1419.47888183594,39.487476348877,689.715759277344
"CRS3035RES50000mN2650000E4450000",9.61170673370361,1515.02026367188,41.5164794921875,687.942749023438
"CRS3035RES50000mN2650000E4500000",9.83579444885254,1646.27490234375,35.6109580993652,688.803649902344
"CRS3035RES50000mN2650000E4550000",10.7759485244751,1553.37646484375,37.4582328796387,698.388793945312
"CRS3035RES50000mN2650000E4600000",11.8277463912964,1309.84436035156,44.1746368408203,705.1689453125
"CRS3035RES50000mN2650000E4650000",14.257963180542,1012.83489990234,49.3363418579102,710.998901367188
"CRS3035RES50000mN2650000E4700000",17.3489761352539,938.854125976562,46.2285270690918,738.258972167969
"CRS3035RES50000mN2650000E4750000",19.314395904541,819.464904785156,42.1397895812988,757.281494140625
"CRS3035RES50000mN2650000E4800000",20.142219543457,727.377502441406,35.3217506408691,758.662353515625
"CRS3035RES50000mN2700000E3350000",17.9859714508057,750.614074707031,32.0040702819824,382.266265869141
"CRS3035RES50000mN2700000E3400000",18.590799331665,832.88623046875,28.827091217041,472.636199951172
"CRS3035RES50000mN2700000E3450000",18.5080738067627,851.182922363281,26.0095882415771,502.172302246094
"CRS3035RES50000mN2700000E3500000",18.682638168335,740.184020996094,21.2661209106445,522.162719726562
"CRS3035RES50000mN2700000E3550000",19.1593265533447,676.904418945312,17.0534439086914,539.225891113281
"CRS3035RES50000mN2700000E3600000",19.2003192901611,714.458435058594,16.520679473877,553.2021484375
"CRS3035RES50000mN2700000E3650000",19.3187618255615,731.6005859375,14.9802389144897,566.699523925781
"CRS3035RES50000mN2700000E3700000",19.2319431304932,812.498413085938,12.3792028427124,574.025817871094
"CRS3035RES50000mN2700000E3750000",18.7415790557861,851.780822753906,11.1604738235474,576.740966796875
"CRS3035RES50000mN2700000E3800000",18.6517009735107,874.1220703125,10.4602241516113,582.946472167969
"CRS3035RES50000mN1650000E6350000",26.7601833343506,593.2978515625,96.9406509399414,511.809814453125
"CRS3035RES50000mN2700000E3850000",18.2452716827393,969.603515625,10.2764368057251,588.015686035156
"CRS3035RES50000mN2700000E3900000",17.8912830352783,929.205017089844,11.6865091323853,597.449523925781
"CRS3035RES50000mN2700000E3950000",19.0399913787842,944.924621582031,14.0633821487427,625.761291503906
"CRS3035RES50000mN2700000E4000000",19.0580825805664,1128.84936523438,12.8984985351562,624.769775390625
"CRS3035RES50000mN2700000E4050000",18.254035949707,1466.37622070312,14.9945764541626,628.876525878906
"CRS3035RES50000mN2700000E4100000",18.4688453674316,1131.33081054688,14.5315446853638,644.296325683594
"CRS3035RES50000mN2700000E4150000",17.0407581329346,1457.95141601562,12.7594366073608,635.798706054688
"CRS3035RES50000mN2700000E4200000",17.9650478363037,1044.13208007812,17.6120662689209,653.737243652344
"CRS3035RES50000mN2700000E4250000",18.2188835144043,1190.76342773438,24.7322273254395,675.114196777344
"CRS3035RES50000mN2700000E4300000",15.8111515045166,1744.57141113281,21.3836307525635,655.934692382812
"CRS3035RES50000mN1650000E6400000",28.1091899871826,452.013122558594,84.3056869506836,642.390380859375
"CRS3035RES50000mN2700000E4350000",14.3778200149536,1560.63916015625,31.7757015228271,674.633544921875
"CRS3035RES50000mN2700000E4400000",14.691460609436,1526.22985839844,34.5283279418945,691.25927734375
"CRS3035RES50000mN2700000E4450000",14.8985958099365,1602.07458496094,31.8498229980469,691.568603515625
"CRS3035RES50000mN2700000E4500000",14.0896263122559,1842.96240234375,30.8971500396729,698.930725097656
"CRS3035RES50000mN2700000E4550000",13.8726215362549,1851.17346191406,31.5816230773926,705.447937011719
"CRS3035RES50000mN2700000E4600000",13.0617542266846,1666.1494140625,30.8492870330811,696.106384277344
"CRS3035RES50000mN2700000E4650000",13.3873338699341,1479.83215332031,31.5333652496338,707.226013183594
"CRS3035RES50000mN2700000E4700000",14.4829759597778,1191.20739746094,35.1852645874023,702.349365234375
"CRS3035RES50000mN2700000E4750000",16.7215003967285,925.7509765625,42.4797630310059,708.643249511719
"CRS3035RES50000mN2700000E4800000",19.9630451202393,681.402770996094,36.2735023498535,754.563171386719
"CRS3035RES50000mN1650000E6450000",27.707799911499,370.297668457031,93.2226715087891,565.942443847656
"CRS3035RES50000mN1650000E6500000",26.277250289917,433.761138916016,108.511085510254,459.725708007812
"CRS3035RES50000mN2750000E3300000",17.5200061798096,740.476806640625,30.4417686462402,343.486846923828
"CRS3035RES50000mN2750000E3350000",17.89821434021,785.626708984375,30.3887042999268,412.312133789062
"CRS3035RES50000mN2750000E3400000",18.2452907562256,840.80810546875,28.3218688964844,473.936462402344
"CRS3035RES50000mN2750000E3450000",18.3508911132812,791.632141113281,24.6031703948975,497.345306396484
"CRS3035RES50000mN1700000E2700000",21.8939952850342,635.299865722656,82.8344039916992,315.009735107422
"CRS3035RES50000mN2750000E3500000",18.7191295623779,705.74853515625,19.4243812561035,517.097045898438
"CRS3035RES50000mN2750000E3550000",18.7835521697998,733.443481445312,17.5127201080322,529.49462890625
"CRS3035RES50000mN2750000E3600000",18.6212730407715,720.640808105469,15.5964736938477,542.233337402344
"CRS3035RES50000mN2750000E3650000",18.8702831268311,693.348693847656,14.6879291534424,558.072814941406
"CRS3035RES50000mN2750000E3700000",18.9878253936768,760.844970703125,13.0263938903809,567.130249023438
"CRS3035RES50000mN2750000E3750000",18.8798160552979,762.415405273438,10.8240699768066,573.61376953125
"CRS3035RES50000mN2750000E3800000",18.6827411651611,801.755554199219,10.45960521698,579.982360839844
"CRS3035RES50000mN2750000E3850000",18.6107788085938,827.632690429688,11.3976774215698,586.635559082031
"CRS3035RES50000mN2750000E3900000",18.2409114837646,941.311218261719,11.811692237854,591.915649414062
"CRS3035RES50000mN2750000E3950000",17.9185276031494,992.366577148438,13.3928298950195,603.125732421875
"CRS3035RES50000mN1700000E2750000",23.0101528167725,560.026733398438,78.183967590332,371.308532714844
"CRS3035RES50000mN2750000E4000000",18.2771530151367,1069.22729492188,13.6843252182007,619.543029785156
"CRS3035RES50000mN2750000E4050000",16.6651210784912,1629.61877441406,17.595272064209,611.531127929688
"CRS3035RES50000mN2750000E4100000",18.4011325836182,998.936584472656,18.5227184295654,647.114318847656
"CRS3035RES50000mN2750000E4150000",16.7216014862061,1423.79296875,14.607666015625,637.842468261719
"CRS3035RES50000mN2750000E4200000",16.0431976318359,977.883972167969,17.6032257080078,639.850952148438
"CRS3035RES50000mN2750000E4250000",16.6351661682129,909.432006835938,26.2206783294678,650.406066894531
"CRS3035RES50000mN2750000E4300000",16.906286239624,1026.47692871094,26.8101387023926,648.908142089844
"CRS3035RES50000mN2750000E4350000",16.8850135803223,1048.20971679688,30.5064125061035,653.433837890625
"CRS3035RES50000mN2750000E4400000",17.2989253997803,1081.01025390625,31.5987300872803,667.978454589844
"CRS3035RES50000mN2750000E4450000",17.6646881103516,1154.52587890625,30.6231880187988,677.286254882812
"CRS3035RES50000mN1700000E2800000",24.1504516601562,592.070617675781,72.16015625,445.774475097656
"CRS3035RES50000mN2750000E4500000",17.9197654724121,1195.81640625,28.0193920135498,693.757263183594
"CRS3035RES50000mN2750000E4550000",17.2095222473145,1250.94079589844,26.8925495147705,697.967468261719
"CRS3035RES50000mN2750000E4600000",17.5784530639648,1225.82104492188,25.1808261871338,708.866027832031
"CRS3035RES50000mN2750000E4650000",17.338264465332,1233.11193847656,23.9852809906006,716.174133300781
"CRS3035RES50000mN2750000E4700000",16.3541564941406,1140.98791503906,27.1639499664307,704.996704101562
"CRS3035RES50000mN2750000E4750000",17.876932144165,852.177062988281,30.8244762420654,713.249084472656
"CRS3035RES50000mN2750000E4800000",20.3822917938232,623.450927734375,31.4739856719971,759.243896484375
"CRS3035RES50000mN2750000E4850000",20.8800048828125,584.758178710938,26.0062274932861,777.007263183594
"CRS3035RES50000mN1700000E2850000",25.8264274597168,627.216552734375,69.3759841918945,553.597717285156
"CRS3035RES50000mN1700000E2900000",26.5532665252686,645.424377441406,68.1076812744141,592.3056640625
"CRS3035RES50000mN1700000E2950000",26.5047569274902,598.200500488281,65.761848449707,615.255249023438
"CRS3035RES50000mN2800000E3250000",17.1873168945312,888.143737792969,30.413646697998,331.752105712891
"CRS3035RES50000mN2800000E3300000",17.1647186279297,917.5361328125,29.9191570281982,377.257110595703
"CRS3035RES50000mN2800000E3350000",17.3478527069092,909.384704589844,27.8009548187256,439.566864013672
"CRS3035RES50000mN1700000E3000000",25.7836780548096,595.410278320312,59.9789772033691,630.081787109375
"CRS3035RES50000mN2800000E3400000",17.6451244354248,849.51513671875,25.350679397583,466.966217041016
"CRS3035RES50000mN2800000E3450000",17.8226375579834,807.296508789062,22.1154155731201,484.776641845703
"CRS3035RES50000mN2800000E3500000",17.9819564819336,804.880737304688,20.6914710998535,503.908233642578
"CRS3035RES50000mN2800000E3550000",18.1550750732422,785.649291992188,19.2477912902832,519.847900390625
"CRS3035RES50000mN2800000E3600000",18.0757160186768,738.497436523438,16.1976146697998,531.780151367188
"CRS3035RES50000mN2800000E3650000",18.0965671539307,691.561462402344,14.9440393447876,544.495971679688
"CRS3035RES50000mN2800000E3700000",18.4326477050781,681.062927246094,12.6292629241943,555.921264648438
"CRS3035RES50000mN2800000E3750000",18.7526779174805,712.355651855469,11.4551553726196,567.473266601562
"CRS3035RES50000mN2800000E3800000",18.7072563171387,745.384521484375,11.5416498184204,577.229797363281
"CRS3035RES50000mN2800000E3850000",18.6755790710449,741.338989257812,11.8009815216064,583.993286132812
"CRS3035RES50000mN1700000E3050000",23.8362197875977,661.18115234375,56.0083770751953,637.525939941406
"CRS3035RES50000mN2800000E3900000",18.6061859130859,871.952880859375,11.2334842681885,590.061706542969
"CRS3035RES50000mN2800000E3950000",17.7498550415039,1057.40893554688,13.4780035018921,592.483581542969
"CRS3035RES50000mN2800000E4000000",17.8562049865723,956.636840820312,12.8341341018677,609.144165039062
"CRS3035RES50000mN2800000E4050000",18.1963691711426,1045.58020019531,12.9511795043945,624.915710449219
"CRS3035RES50000mN2800000E4100000",17.818078994751,1050.24035644531,14.3307790756226,629.544494628906
"CRS3035RES50000mN2800000E4150000",18.1129570007324,1284.97509765625,14.5531320571899,640.1171875
"CRS3035RES50000mN2800000E4200000",16.7043037414551,1066.53137207031,14.7942276000977,643.386840820312
"CRS3035RES50000mN2800000E4250000",16.8161392211914,930.182189941406,21.119291305542,646.825012207031
"CRS3035RES50000mN2800000E4300000",16.9174900054932,926.224304199219,19.1861572265625,657.628234863281
"CRS3035RES50000mN2800000E4350000",17.6692008972168,845.544250488281,25.385082244873,667.033813476562
"CRS3035RES50000mN1700000E3100000",23.0106811523438,570.769104003906,50.755558013916,655.556579589844
"CRS3035RES50000mN2800000E4400000",18.0070991516113,852.25341796875,26.7969417572021,674.676696777344
"CRS3035RES50000mN2800000E4450000",18.0759830474854,854.069091796875,26.8575248718262,683.083251953125
"CRS3035RES50000mN2800000E4500000",18.2564811706543,898.71240234375,25.2490329742432,694.098815917969
"CRS3035RES50000mN2800000E4550000",18.1291122436523,1040.99609375,20.7332458496094,705.346923828125
"CRS3035RES50000mN2800000E4600000",17.2414398193359,924.459777832031,22.8685703277588,701.949951171875
"CRS3035RES50000mN2800000E4650000",16.5629978179932,910.186767578125,31.1153316497803,699.24658203125
"CRS3035RES50000mN2800000E4700000",17.8334808349609,704.7890625,38.5553016662598,720.701782226562
"CRS3035RES50000mN2800000E4750000",19.394603729248,629.714416503906,35.1246643066406,744.561584472656
"CRS3035RES50000mN2800000E4800000",20.1217708587646,584.155944824219,28.7225112915039,763.216003417969
"CRS3035RES50000mN1700000E3150000",23.4596500396729,616.667846679688,49.2711791992188,672.652221679688
"CRS3035RES50000mN1700000E3200000",21.284008026123,468.896820068359,40.8138809204102,634.818237304688
"CRS3035RES50000mN1700000E3250000",22.9819583892822,357.744842529297,37.4024963378906,606.420227050781
"CRS3035RES50000mN1700000E3300000",25.2264804840088,318.269622802734,40.8065719604492,585.186462402344
"CRS3035RES50000mN2850000E3200000",16.4891700744629,785.84521484375,28.4476985931396,285.778167724609
"CRS3035RES50000mN2850000E3250000",16.4653568267822,1114.77490234375,30.4497947692871,356.413146972656
"CRS3035RES50000mN2850000E3300000",16.2926349639893,1127.79431152344,29.2125816345215,414.494934082031
"CRS3035RES50000mN2850000E3350000",16.4589023590088,908.125915527344,23.6114768981934,429.892944335938
"CRS3035RES50000mN2850000E3400000",17.0895519256592,784.26123046875,19.9432888031006,444.486419677734
"CRS3035RES50000mN2850000E3450000",17.2814197540283,859.326416015625,20.2876892089844,459.92138671875
"CRS3035RES50000mN2850000E3500000",17.076208114624,962.015991210938,22.1346092224121,482.276275634766
"CRS3035RES50000mN2850000E3550000",17.0481014251709,833.130615234375,20.1087169647217,498.466461181641
"CRS3035RES50000mN2850000E3600000",17.1414394378662,781.471435546875,17.5191345214844,513.120544433594
"CRS3035RES50000mN2850000E3650000",17.5894584655762,691.530578613281,14.571400642395,528.979370117188
"CRS3035RES50000mN1700000E3350000",25.3064155578613,297.960784912109,47.7340621948242,509.323272705078
"CRS3035RES50000mN2850000E3700000",17.9778957366943,682.185424804688,12.3940887451172,541.398986816406
"CRS3035RES50000mN2850000E3750000",18.4757804870605,701.618225097656,12.1430292129517,557.153381347656
"CRS3035RES50000mN2850000E3800000",18.1790027618408,742.776489257812,12.6563081741333,566.126220703125
"CRS3035RES50000mN2850000E3850000",18.1909523010254,751.757507324219,10.8814086914062,575.889343261719
"CRS3035RES50000mN2850000E3900000",18.386360168457,839.050048828125,10.9941310882568,585.572937011719
"CRS3035RES50000mN2850000E3950000",17.7525367736816,1038.52514648438,15.3520317077637,589.558227539062
"CRS3035RES50000mN2850000E4000000",18.0477542877197,864.822692871094,12.7215347290039,608.863403320312
"CRS3035RES50000mN2850000E4050000",18.2819766998291,882.22216796875,13.0150728225708,623.5029296875
"CRS3035RES50000mN2850000E4100000",18.1289253234863,928.031494140625,13.7413139343262,628.55322265625
"CRS3035RES50000mN2850000E4150000",19.0129089355469,935.992614746094,13.646409034729,651.040588378906
"CRS3035RES50000mN2850000E4200000",18.3400459289551,912.947875976562,12.6562309265137,648.427062988281
"CRS3035RES50000mN2850000E4250000",18.017635345459,904.60888671875,13.5067892074585,657.283142089844
"CRS3035RES50000mN2850000E4300000",17.1643981933594,965.30126953125,12.9246759414673,664.960571289062
"CRS3035RES50000mN2850000E4350000",17.4294013977051,805.955627441406,19.5643157958984,671.387145996094
"CRS3035RES50000mN2850000E4400000",17.5938453674316,817.185607910156,20.4620895385742,680.123962402344
"CRS3035RES50000mN2850000E4450000",17.9373035430908,792.915100097656,21.476957321167,695.8427734375
"CRS3035RES50000mN2850000E4500000",17.4031085968018,1029.01550292969,18.1500911712646,707.360778808594
"CRS3035RES50000mN2850000E4550000",15.3584136962891,1290.32543945312,17.8561897277832,692.042724609375
"CRS3035RES50000mN2850000E4600000",16.2436752319336,817.714294433594,31.5112552642822,693.838989257812
"CRS3035RES50000mN2850000E4650000",17.1466255187988,731.714416503906,37.2364845275879,703.277221679688
"CRS3035RES50000mN1700000E4550000",24.7355041503906,588.027038574219,60.8432388305664,464.310577392578
"CRS3035RES50000mN2850000E4700000",17.5514698028564,652.502990722656,36.5819702148438,719.136474609375
"CRS3035RES50000mN2850000E4750000",19.4251708984375,523.731262207031,41.1542091369629,753.980346679688
"CRS3035RES50000mN2850000E4800000",19.9400615692139,554.800598144531,33.0475273132324,764.203735351562
"CRS3035RES50000mN2850000E4850000",18.9191665649414,641.627380371094,26.7824020385742,750.512817382812
"CRS3035RES50000mN1700000E4600000",24.8400726318359,637.311279296875,60.3030395507812,468.982116699219
"CRS3035RES50000mN1700000E4700000",24.9283790588379,645.110168457031,58.3065567016602,475.280456542969
"CRS3035RES50000mN1700000E4750000",24.8309154510498,685.716003417969,55.9129104614258,476.830383300781
"CRS3035RES50000mN2900000E3200000",16.1410713195801,828.820251464844,29.0269908905029,276.818939208984
"CRS3035RES50000mN2900000E3250000",16.0704956054688,1117.20593261719,30.0343399047852,332.212127685547
"CRS3035RES50000mN2900000E3300000",15.9113349914551,1121.37463378906,31.149787902832,355.305358886719
"CRS3035RES50000mN2900000E3350000",16.4786148071289,838.375183105469,26.2146015167236,365.455322265625
"CRS3035RES50000mN2900000E3400000",16.7849197387695,799.138671875,26.1743259429932,363.029022216797
"CRS3035RES50000mN2900000E3450000",16.9194679260254,900.064086914062,24.6193580627441,402.292358398438
"CRS3035RES50000mN2900000E3500000",16.5547161102295,1093.23510742188,23.0894145965576,457.678863525391
"CRS3035RES50000mN1700000E4800000",23.795934677124,889.723022460938,54.3975105285645,485.544860839844
"CRS3035RES50000mN2900000E3550000",17.1510982513428,794.217407226562,17.1598682403564,480.377532958984
"CRS3035RES50000mN2900000E3600000",16.9046287536621,804.425842285156,16.4915218353271,492.123596191406
"CRS3035RES50000mN2900000E3650000",17.3856563568115,732.823669433594,14.6320714950562,510.814697265625
"CRS3035RES50000mN2900000E3700000",17.6499938964844,739.55224609375,13.9185628890991,525.616577148438
"CRS3035RES50000mN2900000E3750000",17.890193939209,724.822387695312,12.3276300430298,539.391540527344
"CRS3035RES50000mN2900000E3800000",17.8286399841309,751.602844238281,13.0930624008179,550.084594726562
"CRS3035RES50000mN2900000E3850000",17.9235172271729,735.486022949219,11.238489151001,562.578186035156
"CRS3035RES50000mN2900000E3900000",17.9766693115234,844.781860351562,10.613224029541,574.130737304688
"CRS3035RES50000mN2900000E3950000",17.4945449829102,1021.43414306641,15.081374168396,582.093872070312
"CRS3035RES50000mN2900000E4000000",17.4653835296631,928.866455078125,14.0555734634399,596.179504394531
"CRS3035RES50000mN1700000E4850000",22.55832862854,939.400634765625,59.458065032959,522.948852539062
"CRS3035RES50000mN2900000E4050000",17.6371898651123,923.780639648438,13.1415233612061,611.794311523438
"CRS3035RES50000mN2900000E4100000",17.5531158447266,926.285217285156,14.0425081253052,625.08935546875
"CRS3035RES50000mN2900000E4150000",18.0449600219727,784.320556640625,12.5207471847534,639.380859375
"CRS3035RES50000mN2900000E4200000",18.6451835632324,901.465270996094,12.4857921600342,653.917663574219
"CRS3035RES50000mN2900000E4250000",17.6933307647705,887.646301269531,12.0575380325317,652.266540527344
"CRS3035RES50000mN2900000E4300000",17.4939670562744,790.588684082031,12.3358516693115,657.340637207031
"CRS3035RES50000mN2900000E4350000",17.699857711792,748.024963378906,16.3013687133789,670.361694335938
"CRS3035RES50000mN2900000E4400000",17.3209209442139,886.207275390625,14.5797872543335,677.254211425781
"CRS3035RES50000mN2900000E4450000",17.3626270294189,811.999938964844,17.3916416168213,694.722045898438
"CRS3035RES50000mN2900000E4500000",16.7863101959229,854.221496582031,20.1508598327637,698.154418945312
"CRS3035RES50000mN2900000E4550000",16.6096973419189,757.477478027344,30.4967823028564,694.558959960938
"CRS3035RES50000mN2900000E4600000",17.2136135101318,646.180358886719,39.309814453125,696.938354492188
"CRS3035RES50000mN2900000E4650000",16.8642292022705,707.835021972656,32.0013771057129,701.427490234375
"CRS3035RES50000mN2900000E4700000",16.5457916259766,701.38623046875,31.342248916626,708.035705566406
"CRS3035RES50000mN2900000E4750000",17.7856349945068,576.793640136719,35.5302085876465,734.631225585938
"CRS3035RES50000mN2900000E4800000",18.5262622833252,580.882690429688,36.3146018981934,741.345153808594
"CRS3035RES50000mN2900000E4850000",18.3920383453369,684.915405273438,29.8912029266357,741.54833984375
"CRS3035RES50000mN2900000E4900000",16.9178466796875,857.970336914062,23.0940570831299,730.189636230469
"CRS3035RES50000mN2950000E3450000",16.8842811584473,912.174682617188,29.0694198608398,390.484100341797
"CRS3035RES50000mN2950000E3500000",17.0142288208008,899.435852050781,25.8085136413574,418.553436279297
"CRS3035RES50000mN2950000E3550000",17.2505550384521,842.376647949219,21.5564842224121,433.611236572266
"CRS3035RES50000mN2950000E3600000",16.8806095123291,914.614440917969,20.9985942840576,457.71484375
"CRS3035RES50000mN2950000E3650000",16.9125156402588,912.846313476562,17.6665954589844,491.867767333984
"CRS3035RES50000mN2950000E3700000",16.7739887237549,833.209533691406,15.635778427124,504.952697753906
"CRS3035RES50000mN2950000E3750000",17.3149089813232,720.325622558594,13.3396234512329,521.637268066406
"CRS3035RES50000mN2950000E3800000",17.6148071289062,738.940246582031,12.8784322738647,536.470458984375
"CRS3035RES50000mN2950000E3850000",17.4897956848145,840.856201171875,11.4913778305054,549.412658691406
"CRS3035RES50000mN2950000E3900000",16.9594192504883,1064.32653808594,14.9642429351807,558.349975585938
"CRS3035RES50000mN2950000E3950000",16.3155136108398,1183.18615722656,17.009204864502,567.461181640625
"CRS3035RES50000mN2950000E4000000",16.253547668457,993.068481445312,15.3309621810913,581.912231445312
"CRS3035RES50000mN2950000E4050000",16.9143238067627,870.699890136719,11.0892562866211,603.075256347656
"CRS3035RES50000mN2950000E4100000",16.5574722290039,810.914428710938,9.5924129486084,605.93896484375
"CRS3035RES50000mN2950000E4150000",18.0180149078369,653.20361328125,12.5760126113892,637.240417480469
"CRS3035RES50000mN2950000E4200000",18.6392440795898,796.99267578125,12.1183891296387,652.310363769531
"CRS3035RES50000mN2950000E4250000",17.599178314209,862.502624511719,10.7442712783813,647.220703125
"CRS3035RES50000mN2950000E4300000",17.8052024841309,705.4775390625,13.0717182159424,660.648803710938
"CRS3035RES50000mN2950000E4350000",17.6008129119873,762.799377441406,14.1637697219849,663.784301757812
"CRS3035RES50000mN2950000E4400000",16.7932929992676,950.780334472656,13.182785987854,668.46142578125
"CRS3035RES50000mN2950000E4450000",16.2068729400635,886.651733398438,15.4364986419678,679.593383789062
"CRS3035RES50000mN2950000E4500000",16.1204280853271,729.102783203125,22.4407176971436,683.173950195312
"CRS3035RES50000mN2950000E4550000",17.0713977813721,580.8486328125,37.5891227722168,695.127685546875
"CRS3035RES50000mN2950000E4600000",17.4397373199463,597.395446777344,41.3868141174316,697.119323730469
"CRS3035RES50000mN2950000E4650000",17.20774269104,663.495971679688,34.9262237548828,690.687622070312
"CRS3035RES50000mN2950000E4700000",16.9219970703125,705.389831542969,33.6659736633301,698.24072265625
"CRS3035RES50000mN2950000E4750000",16.4647121429443,700.734130859375,29.678783416748,706.302062988281
"CRS3035RES50000mN2950000E4800000",17.6047821044922,649.585815429688,31.8502712249756,738.803283691406
"CRS3035RES50000mN2950000E4850000",17.3603286743164,730.432678222656,34.5558738708496,725.418762207031
"CRS3035RES50000mN2950000E4900000",16.6241416931152,954.655883789062,32.865966796875,712.342956542969
"CRS3035RES50000mN2950000E4950000",15.4204502105713,1142.53796386719,30.5863342285156,715.026489257812
"CRS3035RES50000mN3000000E3450000",16.2516555786133,866.945068359375,36.8691368103027,345.159820556641
"CRS3035RES50000mN3000000E3500000",16.3436756134033,896.736328125,39.6815528869629,346.759307861328
"CRS3035RES50000mN3000000E3600000",16.5869770050049,889.407287597656,27.9709243774414,385.903747558594
"CRS3035RES50000mN3000000E3650000",16.8176002502441,921.50244140625,25.6149749755859,436.521148681641
"CRS3035RES50000mN3000000E3700000",16.8108978271484,866.798461914062,18.2033004760742,479.021606445312
"CRS3035RES50000mN3000000E3750000",16.8990287780762,819.243591308594,14.0517454147339,505.505676269531
"CRS3035RES50000mN3000000E3800000",17.1829986572266,775.907531738281,11.4279279708862,521.675048828125
"CRS3035RES50000mN3000000E3850000",16.9483318328857,880.566833496094,11.3494739532471,531.376098632812
"CRS3035RES50000mN3000000E3900000",16.5761642456055,1013.04766845703,12.2086048126221,541.076232910156
"CRS3035RES50000mN3000000E3950000",16.3564929962158,1036.9892578125,10.8099460601807,552.260559082031
"CRS3035RES50000mN3000000E4000000",15.4878797531128,1087.5517578125,11.2236280441284,564.674865722656
"CRS3035RES50000mN3000000E4050000",15.3692665100098,999.303894042969,11.7849893569946,577.876159667969
"CRS3035RES50000mN3000000E4100000",16.7373371124268,771.404174804688,9.60804557800293,597.818481445312
"CRS3035RES50000mN3000000E4150000",17.0745544433594,789.315002441406,9.55040740966797,617.853271484375
"CRS3035RES50000mN3000000E4200000",17.651460647583,772.801879882812,11.5607891082764,633.091857910156
"CRS3035RES50000mN3000000E4250000",16.9573574066162,966.986206054688,12.0343103408813,637.866088867188
"CRS3035RES50000mN3000000E4300000",16.4985694885254,862.239624023438,12.4841747283936,646.18017578125
"CRS3035RES50000mN3000000E4350000",16.7945194244385,838.692565917969,13.4258394241333,664.006591796875
"CRS3035RES50000mN3000000E4400000",16.0804710388184,978.934387207031,13.9386177062988,666.014221191406
"CRS3035RES50000mN3000000E4450000",15.7416276931763,869.537658691406,17.4016799926758,663.532531738281
"CRS3035RES50000mN3000000E4500000",15.0542039871216,885.811279296875,19.2665500640869,672.607482910156
"CRS3035RES50000mN3000000E4550000",17.474702835083,579.281372070312,34.4673843383789,703.18408203125
"CRS3035RES50000mN3000000E4600000",18.2961025238037,551.073425292969,41.7841110229492,710.432556152344
"CRS3035RES50000mN3000000E4650000",18.4380626678467,621.593627929688,34.2596244812012,709.528015136719
"CRS3035RES50000mN3000000E4700000",18.1343421936035,635.786499023438,28.6463832855225,711.174621582031
"CRS3035RES50000mN3000000E4750000",16.4917640686035,862.387084960938,23.2765731811523,708.760498046875
"CRS3035RES50000mN3000000E4800000",15.1647510528564,906.513488769531,27.7744522094727,697.64697265625
"CRS3035RES50000mN3000000E4850000",17.2995586395264,690.3173828125,38.6400833129883,719.596252441406
"CRS3035RES50000mN3000000E4900000",18.2176818847656,746.81884765625,37.1425361633301,726.492980957031
"CRS3035RES50000mN3050000E3200000",16.1216773986816,969.429321289062,29.6585826873779,289.185821533203
"CRS3035RES50000mN3050000E3700000",16.7156276702881,925.903564453125,26.9680862426758,447.721435546875
"CRS3035RES50000mN3050000E3750000",16.5990028381348,905.611145019531,16.7178363800049,490.447845458984
"CRS3035RES50000mN3050000E3800000",17.2329711914062,795.175598144531,12.1688070297241,511.845184326172
"CRS3035RES50000mN3050000E3850000",17.2897434234619,830.408508300781,11.5241241455078,525.444396972656
"CRS3035RES50000mN3050000E3900000",17.0991764068604,873.830932617188,11.1486396789551,535.686462402344
"CRS3035RES50000mN3050000E3950000",17.1264934539795,865.641540527344,10.5603103637695,546.818298339844
"CRS3035RES50000mN3050000E4000000",16.7849445343018,983.648132324219,9.83030128479004,556.865051269531
"CRS3035RES50000mN3050000E4050000",16.7964420318604,844.136169433594,9.5576868057251,568.1552734375
"CRS3035RES50000mN3050000E4100000",17.3501720428467,909.212463378906,12.2109327316284,587.0693359375
"CRS3035RES50000mN3050000E4150000",16.0192317962646,1111.18151855469,14.439266204834,601.5751953125
"CRS3035RES50000mN3050000E4200000",16.6695098876953,871.277465820312,13.1035757064819,621.278686523438
"CRS3035RES50000mN3050000E4250000",16.5562610626221,803.816345214844,12.1921491622925,619.169067382812
"CRS3035RES50000mN3050000E4300000",16.4096431732178,790.936828613281,11.7934284210205,633.814758300781
"CRS3035RES50000mN3050000E4350000",15.8706035614014,843.277099609375,13.1186609268188,642.774658203125
"CRS3035RES50000mN3050000E4400000",16.7228908538818,694.674377441406,22.4396476745605,649.999328613281
"CRS3035RES50000mN3050000E4450000",16.9540462493896,711.162963867188,23.5633716583252,649.4365234375
"CRS3035RES50000mN3050000E4500000",16.2482662200928,881.471130371094,20.1704692840576,659.273254394531
"CRS3035RES50000mN3050000E4550000",15.8469047546387,876.198303222656,23.1722774505615,669.651611328125
"CRS3035RES50000mN3050000E4600000",17.0642051696777,712.354064941406,28.3379344940186,697.706848144531
"CRS3035RES50000mN3050000E4650000",16.6115474700928,929.554626464844,23.1347198486328,699.569641113281
"CRS3035RES50000mN3050000E4700000",15.4160079956055,1007.20745849609,21.6191692352295,704.57666015625
"CRS3035RES50000mN3050000E4750000",16.2090473175049,744.100646972656,33.742790222168,695.8974609375
"CRS3035RES50000mN3050000E4800000",17.6905899047852,704.28369140625,39.8802223205566,703.796325683594
"CRS3035RES50000mN3050000E4850000",18.3262100219727,657.103088378906,37.8754920959473,716.923522949219
"CRS3035RES50000mN3100000E3150000",15.952564239502,938.230590820312,26.5973644256592,281.865783691406
"CRS3035RES50000mN3100000E3200000",15.8454828262329,1042.36975097656,27.2796955108643,309.338653564453
"CRS3035RES50000mN3100000E3250000",15.7972974777222,1142.94128417969,27.20041847229,342.382263183594
"CRS3035RES50000mN3100000E3300000",15.4482975006104,1347.47790527344,27.1834754943848,350.431610107422
"CRS3035RES50000mN3100000E3350000",15.8485260009766,1012.79614257812,29.273946762085,351.212982177734
"CRS3035RES50000mN3100000E3400000",16.0852737426758,910.373107910156,30.708610534668,359.532318115234
"CRS3035RES50000mN3100000E3450000",16.2346477508545,859.360534667969,30.9590034484863,373.783233642578
"CRS3035RES50000mN3100000E3500000",16.4842147827148,806.551696777344,29.8859195709229,391.803680419922
"CRS3035RES50000mN3100000E3550000",16.2856597900391,829.989318847656,29.2830982208252,385.109680175781
"CRS3035RES50000mN3100000E3600000",16.198938369751,839.504760742188,29.6474800109863,393.611572265625
"CRS3035RES50000mN3100000E3650000",16.4805889129639,834.586975097656,28.9380149841309,409.766571044922
"CRS3035RES50000mN3100000E3700000",16.5137424468994,855.487182617188,29.6096324920654,416.285034179688
"CRS3035RES50000mN3100000E3750000",16.9266929626465,794.262573242188,19.7170333862305,467.984466552734
"CRS3035RES50000mN3100000E3800000",17.0270099639893,827.810302734375,14.596529006958,490.46435546875
"CRS3035RES50000mN3100000E3850000",17.2642192840576,839.00830078125,13.9207458496094,518.936462402344
"CRS3035RES50000mN3100000E3900000",17.4534034729004,845.232116699219,12.8040475845337,533.469543457031
"CRS3035RES50000mN1700000E6450000",26.5317287445068,538.614196777344,103.848121643066,494.101348876953
"CRS3035RES50000mN3100000E3950000",17.5492305755615,842.001342773438,11.863564491272,547.219360351562
"CRS3035RES50000mN3100000E4000000",17.703685760498,825.434448242188,11.5316848754883,560.18017578125
"CRS3035RES50000mN3100000E4050000",17.7746143341064,824.57080078125,11.2066268920898,569.699951171875
"CRS3035RES50000mN3100000E4100000",16.9119548797607,1145.49987792969,13.2146291732788,578.359680175781
"CRS3035RES50000mN3100000E4150000",15.6382570266724,1252.27734375,15.0863885879517,587.811096191406
"CRS3035RES50000mN3100000E4200000",15.2034397125244,1030.9521484375,12.7235670089722,592.671508789062
"CRS3035RES50000mN3100000E4250000",16.5158004760742,755.645690917969,14.0657014846802,612.979309082031
"CRS3035RES50000mN3100000E4300000",16.2701549530029,799.704528808594,13.2201290130615,618.810607910156
"CRS3035RES50000mN3100000E4350000",16.8327026367188,629.10791015625,17.0931568145752,641.266174316406
"CRS3035RES50000mN3100000E4400000",17.4485931396484,594.324462890625,21.785514831543,647.455810546875
"CRS3035RES50000mN1700000E6500000",26.4348545074463,520.670288085938,105.739883422852,474.905822753906
"CRS3035RES50000mN3100000E4450000",17.9750270843506,606.707946777344,23.5952262878418,654.859558105469
"CRS3035RES50000mN3100000E4500000",17.7663383483887,678.137084960938,19.8227653503418,655.705444335938
"CRS3035RES50000mN3100000E4550000",17.8046207427979,710.108703613281,22.6164894104004,665.316711425781
"CRS3035RES50000mN3100000E4600000",17.2993049621582,760.945617675781,21.319185256958,670.6376953125
"CRS3035RES50000mN3100000E4650000",17.221830368042,786.176818847656,25.3429546356201,681.839172363281
"CRS3035RES50000mN1750000E2600000",19.529764175415,580.876953125,75.478874206543,213.915130615234
"CRS3035RES50000mN1750000E2650000",21.6973285675049,747.203735351562,72.3713607788086,376.173065185547
"CRS3035RES50000mN1750000E2700000",22.9969425201416,713.23486328125,70.7755355834961,492.200897216797
"CRS3035RES50000mN1750000E2750000",24.6585693359375,583.349365234375,68.3404388427734,530.236267089844
"CRS3035RES50000mN3150000E3250000",15.7020254135132,1163.50427246094,28.4268836975098,327.053009033203
"CRS3035RES50000mN3150000E3300000",15.0711193084717,1274.81823730469,25.6512451171875,372.719177246094
"CRS3035RES50000mN3150000E3350000",15.2193794250488,1220.908203125,24.6394786834717,396.403747558594
"CRS3035RES50000mN3150000E3400000",15.9393453598022,959.16748046875,21.2686157226562,416.044738769531
"CRS3035RES50000mN3150000E3450000",15.8421564102173,940.957824707031,21.7372035980225,427.074096679688
"CRS3035RES50000mN3150000E3500000",16.115291595459,868.675598144531,23.0521945953369,441.131958007812
"CRS3035RES50000mN3150000E3550000",16.3448505401611,788.401611328125,19.9846229553223,452.268127441406
"CRS3035RES50000mN3150000E3600000",16.360034942627,746.982482910156,20.0163021087646,457.371215820312
"CRS3035RES50000mN3150000E3650000",16.5877075195312,683.567626953125,18.0149822235107,452.750213623047
"CRS3035RES50000mN3150000E3700000",16.6385402679443,688.3486328125,23.7501449584961,421.015289306641
"CRS3035RES50000mN1750000E2800000",25.502067565918,707.101745605469,67.5035781860352,565.320495605469
"CRS3035RES50000mN3150000E3800000",16.7722568511963,838.980773925781,24.5499820709229,438.618438720703
"CRS3035RES50000mN3150000E3850000",17.0589008331299,848.16455078125,18.8475933074951,491.406097412109
"CRS3035RES50000mN3150000E3900000",17.2455635070801,869.367248535156,16.4572486877441,525.554809570312
"CRS3035RES50000mN3150000E3950000",17.3101100921631,865.400573730469,13.2716436386108,539.25634765625
"CRS3035RES50000mN3150000E4000000",17.4668006896973,828.80029296875,12.1764001846313,552.324951171875
"CRS3035RES50000mN3150000E4050000",17.6057415008545,834.782592773438,12.5606737136841,564.067260742188
"CRS3035RES50000mN3150000E4100000",17.5202484130859,905.833984375,12.4821138381958,577.140197753906
"CRS3035RES50000mN3150000E4150000",17.3578777313232,906.215087890625,12.1126298904419,585.418212890625
"CRS3035RES50000mN3150000E4200000",16.6912460327148,939.57421875,12.0646743774414,591.461364746094
"CRS3035RES50000mN3150000E4250000",16.5020961761475,921.375183105469,12.8909311294556,600.920288085938
"CRS3035RES50000mN1750000E2850000",25.7115840911865,772.449890136719,66.8546981811523,602.904174804688
"CRS3035RES50000mN3150000E4300000",16.4005298614502,922.577880859375,13.1145105361938,620.173278808594
"CRS3035RES50000mN3150000E4350000",15.6603107452393,876.475158691406,14.0645227432251,626.859436035156
"CRS3035RES50000mN3150000E4400000",17.3629112243652,563.837768554688,21.2239112854004,641.432739257812
"CRS3035RES50000mN3150000E4450000",18.18137550354,580.420532226562,19.9272594451904,657.761962890625
"CRS3035RES50000mN3150000E4500000",18.3089427947998,597.745727539062,19.1985111236572,667.992980957031
"CRS3035RES50000mN3150000E4550000",18.2885208129883,618.888427734375,20.9874477386475,672.587890625
"CRS3035RES50000mN3150000E4600000",18.3272399902344,650.564086914062,22.192834854126,681.13037109375
"CRS3035RES50000mN3150000E4650000",18.1907825469971,680.824035644531,24.4592971801758,692.429016113281
"CRS3035RES50000mN1750000E2900000",26.3686981201172,720.405639648438,67.822624206543,630.78857421875
"CRS3035RES50000mN1750000E2950000",26.8709030151367,670.412841796875,65.7275238037109,655.761291503906
"CRS3035RES50000mN1750000E3000000",26.8018321990967,652.662109375,62.6388244628906,669.316101074219
"CRS3035RES50000mN1750000E3050000",27.0065002441406,576.947937011719,58.0034408569336,688.774597167969
"CRS3035RES50000mN3200000E3300000",15.7545442581177,1101.54968261719,27.4635601043701,335.741607666016
"CRS3035RES50000mN3200000E3350000",15.6188011169434,1306.298828125,25.9793910980225,378.224670410156
"CRS3035RES50000mN3200000E3400000",16.0619926452637,1066.19921875,21.3802108764648,416.904571533203
"CRS3035RES50000mN3200000E3450000",15.9012937545776,893.415283203125,18.4444961547852,433.773040771484
"CRS3035RES50000mN3200000E3500000",15.9433641433716,777.004638671875,16.5278491973877,446.482971191406
"CRS3035RES50000mN3200000E3550000",16.2059211730957,685.816162109375,14.9765872955322,455.332611083984
"CRS3035RES50000mN1750000E3100000",26.8711414337158,529.234497070312,54.7778778076172,702.901733398438
"CRS3035RES50000mN3200000E3600000",16.4199562072754,649.86767578125,13.7842063903809,461.217193603516
"CRS3035RES50000mN3200000E3650000",16.4862060546875,590.985595703125,13.1404304504395,453.460174560547
"CRS3035RES50000mN3200000E3700000",16.5658893585205,606.319458007812,17.5146102905273,429.126434326172
"CRS3035RES50000mN3200000E3850000",16.6541233062744,849.616577148438,26.3652839660645,443.475616455078
"CRS3035RES50000mN3200000E3900000",16.8047180175781,914.778503417969,21.1380939483643,493.003662109375
"CRS3035RES50000mN3200000E3950000",16.9467639923096,895.344604492188,16.2196273803711,525.998474121094
"CRS3035RES50000mN3200000E4000000",17.0349769592285,904.969665527344,13.920919418335,543.646667480469
"CRS3035RES50000mN3200000E4050000",17.2227439880371,872.857788085938,14.3660497665405,557.453125
"CRS3035RES50000mN3200000E4100000",17.2077217102051,868.762145996094,13.3563671112061,570.003723144531
"CRS3035RES50000mN3200000E4150000",17.3172435760498,846.243469238281,13.9393939971924,583.126831054688
"CRS3035RES50000mN1750000E3150000",24.9202480316162,786.510803222656,52.5936660766602,692.628112792969
"CRS3035RES50000mN3200000E4200000",17.0948257446289,880.302124023438,12.9749841690063,589.897399902344
"CRS3035RES50000mN3200000E4250000",16.8068542480469,905.346801757812,12.6489973068237,596.531188964844
"CRS3035RES50000mN3200000E4300000",17.0517826080322,768.740966796875,12.9689197540283,612.898254394531
"CRS3035RES50000mN3200000E4350000",17.1848239898682,689.692199707031,14.4273290634155,631.254821777344
"CRS3035RES50000mN3200000E4400000",17.7092590332031,565.642883300781,19.6970558166504,640.601440429688
"CRS3035RES50000mN3200000E4450000",17.9229717254639,601.492858886719,18.6821136474609,654.7646484375
"CRS3035RES50000mN3200000E4500000",18.1723937988281,585.996948242188,18.2206001281738,668.680969238281
"CRS3035RES50000mN3200000E4550000",18.4012413024902,598.147277832031,19.4931602478027,677.119323730469
"CRS3035RES50000mN3200000E4600000",18.3822898864746,608.596618652344,20.7928142547607,685.144165039062
"CRS3035RES50000mN1750000E3200000",21.4324474334717,686.447143554688,43.1289329528809,659.359619140625
"CRS3035RES50000mN1750000E3250000",23.4146518707275,426.141052246094,32.8366317749023,629.098571777344
"CRS3035RES50000mN1750000E3300000",24.9585475921631,311.340576171875,36.9309043884277,626.698425292969
"CRS3035RES50000mN1750000E3350000",24.1306076049805,341.818206787109,40.3921279907227,586.466064453125
"CRS3035RES50000mN3250000E3250000",15.4282341003418,1089.39074707031,26.6281356811523,307.78662109375
"CRS3035RES50000mN3250000E3300000",15.4269218444824,1284.74182128906,26.2266902923584,351.799926757812
"CRS3035RES50000mN3250000E3350000",14.6696243286133,1681.94128417969,26.6807613372803,400.071624755859
"CRS3035RES50000mN3250000E3400000",14.787428855896,1259.85180664062,24.1783199310303,424.609039306641
"CRS3035RES50000mN1750000E3400000",23.8595542907715,515.480529785156,46.0572471618652,510.946258544922
"CRS3035RES50000mN3250000E3450000",15.9483766555786,818.963134765625,16.2112693786621,440.301086425781
"CRS3035RES50000mN3250000E3500000",15.8279190063477,748.4755859375,12.7045974731445,448.301330566406
"CRS3035RES50000mN3250000E3550000",16.0172023773193,672.768859863281,12.7016639709473,456.894653320312
"CRS3035RES50000mN3250000E3600000",16.3868408203125,630.980163574219,13.0669689178467,464.450866699219
"CRS3035RES50000mN3250000E3650000",16.2680606842041,629.686645507812,13.0543518066406,463.602661132812
"CRS3035RES50000mN3250000E3700000",16.2085456848145,631.875183105469,12.7764873504639,451.327209472656
"CRS3035RES50000mN3250000E3750000",16.2170867919922,665.559692382812,20.6980876922607,413.429168701172
"CRS3035RES50000mN3250000E3900000",16.5240535736084,938.991027832031,30.3236656188965,450.966949462891
"CRS3035RES50000mN3250000E3950000",16.6101551055908,919.228576660156,21.5821323394775,500.774566650391
"CRS3035RES50000mN3250000E4000000",16.7849884033203,888.454711914062,16.26123046875,525.380432128906
"CRS3035RES50000mN1750000E3450000",24.4745674133301,586.05615234375,52.5845375061035,448.749114990234
"CRS3035RES50000mN3250000E4050000",16.8628997802734,882.678283691406,15.2064247131348,548.608215332031
"CRS3035RES50000mN3250000E4100000",16.9413814544678,846.158569335938,15.0733661651611,561.12451171875
"CRS3035RES50000mN3250000E4150000",17.1018199920654,848.118041992188,14.9514446258545,574.774841308594
"CRS3035RES50000mN3250000E4200000",17.2591590881348,760.487426757812,13.8886251449585,585.484985351562
"CRS3035RES50000mN3250000E4250000",17.3676147460938,756.160217285156,13.3541345596313,598.257690429688
"CRS3035RES50000mN3250000E4300000",17.4492835998535,755.081481933594,13.1855621337891,613.165771484375
"CRS3035RES50000mN3250000E4350000",17.4826507568359,684.988891601562,14.0982666015625,626.001647949219
"CRS3035RES50000mN3250000E4400000",17.715747833252,586.099975585938,17.1608085632324,638.520690917969
"CRS3035RES50000mN3250000E4450000",17.9788551330566,582.15185546875,18.8474464416504,653.098266601562
"CRS3035RES50000mN3250000E4500000",18.0321521759033,587.058654785156,17.7240962982178,663.927429199219
"CRS3035RES50000mN1750000E3550000",24.8442230224609,431.474853515625,54.2542457580566,448.983428955078
"CRS3035RES50000mN3250000E4550000",17.9799194335938,607.62646484375,18.1070747375488,673.860717773438
"CRS3035RES50000mN3250000E4600000",18.201831817627,563.197143554688,23.1336841583252,684.213684082031
"CRS3035RES50000mN1750000E4150000",23.8482322692871,516.803283691406,63.5356979370117,468.660797119141
"CRS3035RES50000mN1750000E4200000",24.2315788269043,546.087707519531,56.868221282959,527.710083007812
"CRS3035RES50000mN1750000E4250000",24.3703670501709,424.330474853516,57.2825393676758,491.597503662109
"CRS3035RES50000mN3300000E2950000",15.0909414291382,1549.35302734375,24.4436683654785,281.104064941406
"CRS3035RES50000mN1750000E4750000",24.8326225280762,632.197631835938,61.3751678466797,475.622161865234
"CRS3035RES50000mN3300000E3000000",15.0844774246216,1393.77893066406,24.5036392211914,296.357666015625
"CRS3035RES50000mN3300000E3050000",15.351957321167,1145.27502441406,21.5972003936768,296.447235107422
"CRS3035RES50000mN3300000E3100000",15.3794755935669,1098.115234375,22.5346851348877,293.191558837891
"CRS3035RES50000mN3300000E3250000",14.9297914505005,1094.63891601562,30.3402309417725,291.796569824219
"CRS3035RES50000mN3300000E3300000",14.9659833908081,1342.16223144531,29.3473052978516,343.556884765625
"CRS3035RES50000mN3300000E3350000",14.1545791625977,1755.76586914062,26.7404556274414,391.937652587891
"CRS3035RES50000mN3300000E3400000",14.2294273376465,1268.62170410156,22.8576164245605,418.331604003906
"CRS3035RES50000mN3300000E3450000",15.4631376266479,807.357788085938,13.5021600723267,435.438568115234
"CRS3035RES50000mN3300000E3500000",15.7445878982544,748.520141601562,12.0611591339111,445.722961425781
"CRS3035RES50000mN3300000E3550000",15.7695980072021,679.723937988281,10.9893770217896,454.422149658203
"CRS3035RES50000mN1750000E4800000",24.3815021514893,892.074951171875,61.8937339782715,472.133941650391
"CRS3035RES50000mN3300000E3600000",16.3360328674316,627.051635742188,11.4680166244507,460.680633544922
"CRS3035RES50000mN3300000E3650000",16.2092514038086,663.306579589844,12.7431726455688,453.206146240234
"CRS3035RES50000mN3300000E3700000",15.8749752044678,686.77392578125,13.4402809143066,438.577697753906
"CRS3035RES50000mN3300000E3750000",15.8761835098267,672.560485839844,19.5753231048584,408.647796630859
"CRS3035RES50000mN3300000E3950000",16.4589748382568,863.590087890625,26.0329551696777,462.966888427734
"CRS3035RES50000mN3300000E4000000",16.4932632446289,872.794067382812,19.567195892334,497.786346435547
"CRS3035RES50000mN3300000E4050000",16.4359397888184,901.848754882812,16.2003383636475,536.515258789062
"CRS3035RES50000mN3300000E4100000",16.5649127960205,836.495361328125,16.5549068450928,549.518798828125
"CRS3035RES50000mN3300000E4150000",16.7513332366943,844.099731445312,15.6671075820923,562.762573242188
"CRS3035RES50000mN3300000E4200000",16.9144039154053,798.642517089844,14.7847671508789,574.50732421875
"CRS3035RES50000mN1750000E4850000",22.5279312133789,1095.20568847656,55.4748764038086,524.109497070312
"CRS3035RES50000mN3300000E4250000",17.1037425994873,801.052185058594,15.0142698287964,591.538024902344
"CRS3035RES50000mN3300000E4300000",16.9837951660156,807.64501953125,13.7012739181519,606.843322753906
"CRS3035RES50000mN3300000E4350000",17.3099040985107,689.342590332031,14.9077768325806,620.993041992188
"CRS3035RES50000mN3300000E4400000",17.5892734527588,632.790405273438,16.3320941925049,634.214721679688
"CRS3035RES50000mN3300000E4450000",17.396656036377,613.007995605469,16.7520694732666,641.907348632812
"CRS3035RES50000mN3300000E4500000",17.4726753234863,611.773803710938,16.2267208099365,652.596496582031
"CRS3035RES50000mN3300000E4550000",17.5689163208008,589.551452636719,19.3896026611328,663.005798339844
"CRS3035RES50000mN3300000E4600000",17.6820049285889,567.473449707031,24.1580467224121,671.326171875
"CRS3035RES50000mN1750000E4900000",24.9627418518066,759.69140625,61.3894462585449,542.728149414062
"CRS3035RES50000mN3350000E2900000",14.9050312042236,1972.4453125,25.8814678192139,251.012329101562
"CRS3035RES50000mN3350000E2950000",14.1589336395264,2300.87475585938,24.7333087921143,322.420196533203
"CRS3035RES50000mN3350000E3000000",13.9673528671265,1776.24670410156,25.1468353271484,342.5927734375
"CRS3035RES50000mN3350000E3050000",14.5341968536377,1245.50305175781,19.503849029541,345.737762451172
"CRS3035RES50000mN3350000E3100000",14.6216230392456,1232.01293945312,18.9637508392334,343.803436279297
"CRS3035RES50000mN3350000E3150000",14.8383207321167,1081.04406738281,18.818660736084,328.616424560547
"CRS3035RES50000mN3350000E3200000",14.8173160552979,1037.33642578125,22.7295074462891,304.142913818359
"CRS3035RES50000mN3350000E3300000",14.9271831512451,1099.45263671875,30.812463760376,303.257659912109
"CRS3035RES50000mN3350000E3350000",14.6494474411011,1683.88562011719,26.8160190582275,372.895782470703
"CRS3035RES50000mN3350000E3400000",14.0561056137085,1562.19848632812,24.8387203216553,409.925567626953
"CRS3035RES50000mN3350000E3450000",15.385627746582,778.47412109375,13.7135601043701,428.274597167969
"CRS3035RES50000mN3350000E3500000",15.1841297149658,876.740783691406,13.0738506317139,437.131225585938
"CRS3035RES50000mN3350000E3550000",15.7400388717651,712.111877441406,10.5469560623169,449.574951171875
"CRS3035RES50000mN3350000E3600000",16.0552883148193,646.109558105469,11.026421546936,454.715270996094
"CRS3035RES50000mN3350000E3650000",15.6514673233032,663.31298828125,12.9266204833984,418.412933349609
"CRS3035RES50000mN3350000E3700000",15.3693799972534,649.499267578125,18.7676448822021,387.254425048828
"CRS3035RES50000mN3350000E3950000",16.218376159668,838.904418945312,29.038875579834,439.876739501953
"CRS3035RES50000mN3350000E4000000",16.3294734954834,876.931762695312,24.5040092468262,472.428863525391
"CRS3035RES50000mN3350000E4050000",16.3246326446533,889.101684570312,21.3862857818604,501.205078125
"CRS3035RES50000mN3350000E4100000",16.4082946777344,860.829284667969,19.8367919921875,530.862121582031
"CRS3035RES50000mN3350000E4150000",16.4068737030029,863.317810058594,18.6120986938477,548.617614746094
"CRS3035RES50000mN3350000E4200000",16.6233310699463,849.703552246094,18.321159362793,564.304870605469
"CRS3035RES50000mN3350000E4250000",16.7929611206055,851.920959472656,17.0266609191895,583.527648925781
"CRS3035RES50000mN3350000E4300000",16.8867416381836,813.665832519531,15.3636159896851,599.456604003906
"CRS3035RES50000mN3350000E4350000",16.9634284973145,731.438598632812,14.8965997695923,611.656677246094
"CRS3035RES50000mN3350000E4400000",16.9289131164551,674.4140625,15.7434167861938,622.047973632812
"CRS3035RES50000mN3350000E4450000",16.8724021911621,628.782897949219,16.9534130096436,630.50439453125
"CRS3035RES50000mN3350000E4500000",16.9891929626465,595.119873046875,17.7503719329834,640.158020019531
"CRS3035RES50000mN3350000E4550000",17.1844501495361,573.602905273438,19.9876937866211,652.242065429688
"CRS3035RES50000mN3350000E4600000",17.4667930603027,575.097106933594,22.2748851776123,662.126037597656
"CRS3035RES50000mN3400000E2900000",14.8451318740845,1689.01489257812,26.3148040771484,253.699356079102
"CRS3035RES50000mN3400000E2950000",14.5580110549927,1714.5703125,25.9390144348145,313.151000976562
"CRS3035RES50000mN3400000E3000000",14.1610145568848,1504.79418945312,23.131628036499,341.697601318359
"CRS3035RES50000mN3400000E3050000",14.4315938949585,1167.791015625,18.8878402709961,355.486968994141
"CRS3035RES50000mN3400000E3100000",14.3117876052856,1199.66125488281,17.8870429992676,366.694000244141
"CRS3035RES50000mN3400000E3150000",14.6273698806763,1007.88922119141,16.0118503570557,373.471832275391
"CRS3035RES50000mN3400000E3200000",14.4688749313354,1227.6435546875,18.9527816772461,363.656372070312
"CRS3035RES50000mN3400000E3250000",14.5086050033569,1085.66186523438,29.8329524993896,287.241180419922
"CRS3035RES50000mN3400000E3300000",14.5783576965332,965.478820800781,30.8640556335449,290.009857177734
"CRS3035RES50000mN3400000E3350000",14.4538078308105,1487.2265625,26.859073638916,365.090393066406
"CRS3035RES50000mN3400000E3400000",14.573504447937,1145.74755859375,22.6317157745361,398.621490478516
"CRS3035RES50000mN3400000E3450000",15.5329542160034,866.914489746094,17.1939659118652,418.455352783203
"CRS3035RES50000mN3400000E3500000",14.2886276245117,1254.38513183594,16.7812385559082,424.474212646484
"CRS3035RES50000mN3400000E3550000",15.4049882888794,796.809020996094,11.6728162765503,440.798004150391
"CRS3035RES50000mN3400000E3600000",15.8144235610962,666.325622558594,10.6947641372681,448.453704833984
"CRS3035RES50000mN3400000E3650000",15.2491464614868,668.533508300781,13.311544418335,397.801208496094
"CRS3035RES50000mN3400000E4100000",16.2608985900879,841.950012207031,27.0170917510986,487.555297851562
"CRS3035RES50000mN3400000E4150000",16.2993907928467,835.486999511719,24.9639701843262,506.471038818359
"CRS3035RES50000mN3400000E4200000",16.4819164276123,894.819152832031,24.277379989624,543.151916503906
"CRS3035RES50000mN3400000E4250000",16.4920063018799,903.261291503906,20.1645641326904,576.625793457031
"CRS3035RES50000mN3400000E4300000",16.5109939575195,871.483459472656,16.0805511474609,590.122985839844
"CRS3035RES50000mN3400000E4350000",16.7241668701172,718.3359375,17.3636169433594,599.694946289062
"CRS3035RES50000mN3400000E4400000",16.8382244110107,668.013305664062,17.7752380371094,610.79296875
"CRS3035RES50000mN3400000E4450000",16.8432216644287,650.944946289062,18.6414852142334,620.880676269531
"CRS3035RES50000mN3400000E4500000",16.9375400543213,613.914428710938,19.4017639160156,627.788269042969
"CRS3035RES50000mN3400000E4550000",17.2204093933105,594.196655273438,18.7602043151855,632.510986328125
"CRS3035RES50000mN3400000E4600000",17.1401462554932,638.875549316406,19.3161697387695,633.417236328125
"CRS3035RES50000mN3450000E2950000",14.8439388275146,1530.78564453125,28.9554290771484,267.430694580078
"CRS3035RES50000mN3450000E3000000",14.6761798858643,1391.13305664062,23.9157886505127,312.547271728516
"CRS3035RES50000mN3450000E3050000",14.4742746353149,1320.39074707031,19.6289730072021,352.764343261719
"CRS3035RES50000mN3450000E3100000",14.6793165206909,1083.2880859375,16.839635848999,367.413055419922
"CRS3035RES50000mN3450000E3150000",14.7847347259521,974.396911621094,14.7471046447754,375.0478515625
"CRS3035RES50000mN3450000E3200000",14.5624256134033,1119.14929199219,15.8797979354858,376.344573974609
"CRS3035RES50000mN3450000E3250000",14.593599319458,983.730895996094,23.6991157531738,303.846160888672
"CRS3035RES50000mN3450000E3300000",14.3539524078369,938.580017089844,29.8354206085205,280.634307861328
"CRS3035RES50000mN3450000E3350000",14.6924924850464,905.663024902344,26.8122367858887,314.258361816406
"CRS3035RES50000mN3450000E3450000",15.1315927505493,1079.35278320312,21.7763614654541,390.396881103516
"CRS3035RES50000mN3450000E3500000",14.0337162017822,1373.19848632812,20.0631828308105,417.806579589844
"CRS3035RES50000mN3450000E3550000",15.2458028793335,801.605834960938,12.0671215057373,432.037536621094
"CRS3035RES50000mN3450000E3600000",15.3130922317505,688.767639160156,10.9373140335083,432.317321777344
"CRS3035RES50000mN3450000E3650000",14.6555404663086,680.05029296875,16.4260692596436,356.617370605469
"CRS3035RES50000mN3450000E4150000",16.1367321014404,762.80078125,30.2900657653809,490.067230224609
"CRS3035RES50000mN3450000E4200000",16.2291793823242,823.721069335938,27.7918434143066,532.376647949219
"CRS3035RES50000mN3450000E4250000",16.1562042236328,888.975646972656,21.6630020141602,569.705017089844
"CRS3035RES50000mN3450000E4300000",16.3923950195312,812.05078125,17.7708206176758,579.051147460938
"CRS3035RES50000mN3450000E4350000",16.623514175415,699.980651855469,17.6670894622803,576.174560546875
"CRS3035RES50000mN3450000E4400000",16.8297138214111,645.955749511719,18.8880405426025,585.392150878906
"CRS3035RES50000mN3450000E4450000",16.7885723114014,670.02880859375,18.8428192138672,596.043579101562
"CRS3035RES50000mN3450000E4500000",16.8723964691162,647.74267578125,19.3937187194824,609.038879394531
"CRS3035RES50000mN3450000E4550000",16.8200874328613,631.546203613281,18.4761867523193,598.581359863281
"CRS3035RES50000mN3500000E3000000",14.5694990158081,1718.95056152344,24.9892997741699,305.842407226562
"CRS3035RES50000mN3500000E3050000",14.5964918136597,1315.89453125,20.0609703063965,352.507781982422
"CRS3035RES50000mN3500000E3100000",14.7031097412109,1079.05444335938,16.9426879882812,366.533111572266
"CRS3035RES50000mN3500000E3150000",14.7481126785278,1021.29766845703,14.8633489608765,373.344757080078
"CRS3035RES50000mN3500000E3200000",14.9171953201294,983.93212890625,14.0792589187622,377.023406982422
"CRS3035RES50000mN3500000E3250000",14.7220754623413,975.657165527344,18.1034755706787,324.540069580078
"CRS3035RES50000mN3500000E3350000",14.2789621353149,957.987976074219,26.9357490539551,294.019592285156
"CRS3035RES50000mN3500000E3450000",14.7516059875488,1390.59216308594,24.2294826507568,388.641082763672
"CRS3035RES50000mN3500000E3500000",13.0828504562378,1571.58264160156,25.0806312561035,411.100189208984
"CRS3035RES50000mN3500000E3550000",14.5520534515381,857.897583007812,14.6931982040405,421.267852783203
"CRS3035RES50000mN3500000E3600000",14.3074254989624,735.317199707031,14.6966190338135,387.846588134766
"CRS3035RES50000mN3500000E3650000",14.6929445266724,665.852172851562,16.2812366485596,347.864410400391
"CRS3035RES50000mN3500000E4200000",16.0084705352783,804.148315429688,28.028470993042,527.695617675781
"CRS3035RES50000mN3500000E4250000",15.9533929824829,883.960327148438,21.9065132141113,565.174072265625
"CRS3035RES50000mN3500000E4300000",16.3741416931152,725.816772460938,18.1934986114502,569.6171875
"CRS3035RES50000mN3500000E4350000",16.4757232666016,616.19482421875,17.7094268798828,564.379821777344
"CRS3035RES50000mN3500000E4400000",16.6034984588623,626.995056152344,17.4311943054199,576.729248046875
"CRS3035RES50000mN3500000E4450000",16.3718605041504,622.190551757812,19.4167575836182,569.273864746094
"CRS3035RES50000mN3500000E4500000",16.4119472503662,620.973937988281,21.0604972839355,569.960571289062
"CRS3035RES50000mN3500000E4550000",16.5266780853271,632.126159667969,21.2980442047119,574.503784179688
"CRS3035RES50000mN3550000E2950000",14.4636449813843,1462.30102539062,26.4936847686768,249.914291381836
"CRS3035RES50000mN3550000E3000000",14.030065536499,1802.23498535156,24.6742515563965,300.663360595703
"CRS3035RES50000mN3550000E3050000",14.2285299301147,1505.51281738281,23.4660968780518,349.376861572266
"CRS3035RES50000mN3550000E3100000",14.3317432403564,1280.33581542969,18.3758449554443,364.833435058594
"CRS3035RES50000mN3550000E3150000",14.4268035888672,1274.9794921875,17.6694831848145,371.929840087891
"CRS3035RES50000mN3550000E3200000",14.4215106964111,1080.79406738281,14.8595838546753,372.463134765625
"CRS3035RES50000mN3550000E3250000",14.2807750701904,1124.23315429688,15.1192283630371,353.212890625
"CRS3035RES50000mN3550000E3300000",14.2045946121216,961.118713378906,18.9049758911133,296.780212402344
"CRS3035RES50000mN3550000E3350000",14.0582294464111,997.697631835938,24.5576190948486,294.925506591797
"CRS3035RES50000mN3550000E3400000",14.6523313522339,1166.90258789062,26.2398223876953,342.513000488281
"CRS3035RES50000mN3550000E3450000",13.5993223190308,1668.47814941406,25.077262878418,394.422058105469
"CRS3035RES50000mN3550000E3500000",12.9413194656372,1528.45666503906,23.1401023864746,410.081359863281
"CRS3035RES50000mN3550000E3550000",14.4703760147095,831.423767089844,13.5607414245605,412.575744628906
"CRS3035RES50000mN3550000E3600000",14.6187105178833,679.041931152344,17.445915222168,353.725128173828
"CRS3035RES50000mN3550000E4200000",15.8584566116333,820.285095214844,27.8144950866699,529.851013183594
"CRS3035RES50000mN3550000E4250000",15.7893953323364,894.989685058594,22.0907306671143,562.36669921875
"CRS3035RES50000mN1750000E6500000",26.5347671508789,674.358093261719,104.904823303223,486.727111816406
"CRS3035RES50000mN3550000E4300000",16.1565227508545,725.646850585938,18.9392204284668,571.640747070312
"CRS3035RES50000mN3550000E4350000",16.4253902435303,635.908508300781,17.7921409606934,580.023803710938
"CRS3035RES50000mN3550000E4400000",16.3247566223145,654.221862792969,18.9988842010498,587.903686523438
"CRS3035RES50000mN3550000E4450000",16.3271484375,631.5888671875,20.9710350036621,581.401306152344
"CRS3035RES50000mN3550000E4500000",16.2094306945801,664.86376953125,21.8256931304932,573.32666015625
"CRS3035RES50000mN3550000E4550000",16.2042617797852,663.352722167969,22.2676334381104,568.190795898438
"CRS3035RES50000mN3550000E4600000",16.1981773376465,609.78857421875,23.2092876434326,559.904479980469
"CRS3035RES50000mN1800000E2650000",21.033203125,652.595764160156,68.3192977905273,351.990692138672
"CRS3035RES50000mN1800000E2700000",22.8103141784668,582.8125,65.5597839355469,483.381530761719
"CRS3035RES50000mN3600000E3000000",14.2022047042847,1624.75952148438,24.3375511169434,274.415069580078
"CRS3035RES50000mN3600000E3050000",14.0022125244141,1548.03247070312,24.6220741271973,308.479583740234
"CRS3035RES50000mN3600000E3100000",14.194580078125,1467.03649902344,21.539134979248,334.251708984375
"CRS3035RES50000mN3600000E3150000",14.0526905059814,1502.17822265625,20.247163772583,365.515808105469
"CRS3035RES50000mN3600000E3200000",14.0021905899048,1244.46545410156,16.5080547332764,368.988128662109
"CRS3035RES50000mN1800000E2750000",24.1498947143555,573.822692871094,62.6340026855469,537.252075195312
"CRS3035RES50000mN3600000E3250000",14.5248212814331,1107.41125488281,15.1558513641357,367.599090576172
"CRS3035RES50000mN3600000E3300000",13.7461633682251,1106.61157226562,18.9801063537598,297.551452636719
"CRS3035RES50000mN3600000E3350000",13.8102207183838,1295.92993164062,24.5731868743896,310.753692626953
"CRS3035RES50000mN3600000E3400000",14.071174621582,1569.83349609375,26.5413208007812,374.286560058594
"CRS3035RES50000mN3600000E3450000",14.4916734695435,1362.041015625,23.4330005645752,404.971405029297
"CRS3035RES50000mN3600000E3500000",13.5468845367432,1322.73059082031,18.5833377838135,409.183319091797
"CRS3035RES50000mN3600000E3550000",14.2710790634155,828.308166503906,13.3195562362671,390.550140380859
"CRS3035RES50000mN3600000E4200000",15.5644588470459,880.889343261719,27.8263034820557,529.53515625
"CRS3035RES50000mN3600000E4250000",15.400803565979,928.931579589844,22.3805370330811,561.853149414062
"CRS3035RES50000mN1800000E2800000",24.3937435150146,729.923583984375,60.9763717651367,574.604553222656
"CRS3035RES50000mN3600000E4300000",15.9226722717285,718.449829101562,18.8987350463867,563.744689941406
"CRS3035RES50000mN3600000E4350000",16.184268951416,593.328857421875,19.7855701446533,563.473205566406
"CRS3035RES50000mN3600000E4400000",16.2295970916748,643.472473144531,20.928201675415,590.646484375
"CRS3035RES50000mN3600000E4450000",16.2918491363525,662.72314453125,22.1508369445801,600.8115234375
"CRS3035RES50000mN3600000E4500000",16.0459003448486,734.374816894531,20.4410190582275,614.542419433594
"CRS3035RES50000mN3600000E4550000",15.6705484390259,735.536193847656,19.5795440673828,591.9345703125
"CRS3035RES50000mN1800000E2850000",23.9378566741943,711.307250976562,59.5034294128418,604.478149414062
"CRS3035RES50000mN1800000E2900000",24.497537612915,583.218505859375,58.503776550293,631.543518066406
"CRS3035RES50000mN3650000E3100000",14.1152219772339,1673.8837890625,26.0527172088623,285.469482421875
"CRS3035RES50000mN3650000E3150000",13.6194324493408,1810.28344726562,22.7595481872559,331.715698242188
"CRS3035RES50000mN3650000E3200000",13.88743019104,1265.22241210938,19.1044750213623,344.704376220703
"CRS3035RES50000mN3650000E3250000",13.499810218811,1298.44848632812,20.2122268676758,310.008148193359
"CRS3035RES50000mN3650000E3300000",13.4012413024902,1281.46325683594,23.8122711181641,278.116485595703
"CRS3035RES50000mN3650000E3350000",13.6551790237427,1398.43627929688,25.6681785583496,308.631195068359
"CRS3035RES50000mN1800000E2950000",25.0100688934326,554.130737304688,56.2283706665039,652.634765625
"CRS3035RES50000mN3650000E3400000",13.1224184036255,1617.673828125,26.7243213653564,376.547027587891
"CRS3035RES50000mN3650000E3450000",12.7733755111694,1551.15576171875,24.051290512085,400.016479492188
"CRS3035RES50000mN3650000E3500000",13.5719699859619,1112.62121582031,16.3521118164062,407.522094726562
"CRS3035RES50000mN3650000E3550000",13.8786382675171,817.484191894531,15.843677520752,361.148590087891
"CRS3035RES50000mN3650000E4200000",15.4005250930786,922.296508789062,27.6939849853516,522.501403808594
"CRS3035RES50000mN3650000E4250000",15.3673648834229,889.979675292969,21.2932357788086,561.549865722656
"CRS3035RES50000mN3650000E4300000",15.6595621109009,740.183044433594,18.850513458252,566.6201171875
"CRS3035RES50000mN3650000E4350000",16.0189552307129,626.226867675781,20.9496536254883,557.320190429688
"CRS3035RES50000mN3650000E4400000",16.2745971679688,616.273498535156,22.6383380889893,570.1826171875
"CRS3035RES50000mN3650000E4450000",16.2488479614258,706.351867675781,24.1700000762939,599.295471191406
"CRS3035RES50000mN1800000E3000000",24.9547653198242,561.101501464844,54.8410606384277,666.738708496094
"CRS3035RES50000mN3650000E4500000",15.4080715179443,890.206848144531,20.4324550628662,617.259643554688
"CRS3035RES50000mN3650000E4550000",15.6581020355225,744.544738769531,19.0540008544922,617.757019042969
"CRS3035RES50000mN3650000E4600000",15.7237701416016,640.154663085938,20.8649215698242,586.556579589844
"CRS3035RES50000mN3650000E4650000",15.7750558853149,593.949645996094,21.7763347625732,577.237365722656
"CRS3035RES50000mN3650000E4700000",15.9062185287476,512.029357910156,25.1246757507324,564.665893554688
"CRS3035RES50000mN1800000E3050000",24.8437747955322,557.579406738281,52.8753471374512,687.093811035156
"CRS3035RES50000mN1800000E3100000",25.1768493652344,469.615234375,50.0325813293457,706.8544921875
"CRS3035RES50000mN3700000E3150000",13.9759206771851,1476.62609863281,25.1495494842529,266.934295654297
"CRS3035RES50000mN3700000E3200000",13.9375324249268,1324.42797851562,23.7707443237305,279.812225341797
"CRS3035RES50000mN3700000E3250000",13.528450012207,1328.68188476562,27.4329090118408,262.140808105469
"CRS3035RES50000mN3700000E3300000",13.3109407424927,1452.40075683594,27.5078392028809,275.04443359375
"CRS3035RES50000mN3700000E3350000",13.3737716674805,1776.74658203125,27.5631465911865,313.591674804688
"CRS3035RES50000mN3700000E3400000",13.9647226333618,1628.88159179688,25.5959396362305,382.549224853516
"CRS3035RES50000mN3700000E3450000",13.9647579193115,1083.56457519531,19.6899433135986,396.163848876953
"CRS3035RES50000mN3700000E3500000",13.7889451980591,824.107055664062,15.6562337875366,367.187591552734
"CRS3035RES50000mN3700000E3550000",13.6653099060059,699.861755371094,18.7265491485596,319.350036621094
"CRS3035RES50000mN3700000E4200000",15.5585994720459,859.61279296875,26.7408199310303,524.456176757812
"CRS3035RES50000mN1800000E3150000",24.4052448272705,484.405364990234,48.326000213623,695.938720703125
"CRS3035RES50000mN3700000E4250000",15.610387802124,814.012390136719,21.1941890716553,552.587524414062
"CRS3035RES50000mN3700000E4300000",15.7007274627686,750.813354492188,19.3059158325195,560.876159667969
"CRS3035RES50000mN3700000E4350000",15.9406299591064,665.457153320312,21.8095283508301,548.734069824219
"CRS3035RES50000mN3700000E4400000",16.1099662780762,641.219055175781,24.9849948883057,563.873657226562
"CRS3035RES50000mN3700000E4450000",16.2092208862305,848.779602050781,24.0299797058105,604.74560546875
"CRS3035RES50000mN3700000E4500000",15.3271780014038,1052.57751464844,20.5058689117432,631.836181640625
"CRS3035RES50000mN3700000E4550000",15.2971725463867,822.227355957031,19.7426376342773,638.323059082031
"CRS3035RES50000mN3700000E4600000",15.4712915420532,721.360961914062,20.98583984375,640.060729980469
"CRS3035RES50000mN3700000E4650000",15.8087501525879,654.4189453125,21.5307426452637,634.023803710938
"CRS3035RES50000mN3700000E4700000",15.9174222946167,525.506958007812,23.5477275848389,592.411865234375
"CRS3035RES50000mN1800000E3200000",22.9395923614502,597.159240722656,45.8553924560547,685.848999023438
"CRS3035RES50000mN1800000E3250000",23.1546440124512,431.906311035156,34.0258293151855,658.595336914062
"CRS3035RES50000mN3750000E3250000",13.4904222488403,1318.52575683594,27.9670162200928,257.258361816406
"CRS3035RES50000mN3750000E3300000",13.2045621871948,1596.37854003906,28.3098812103271,270.457916259766
"CRS3035RES50000mN3750000E3350000",13.148509979248,2473.5439453125,30.8761577606201,337.415130615234
"CRS3035RES50000mN3750000E3400000",12.8292627334595,2609.76318359375,31.169340133667,398.176422119141
"CRS3035RES50000mN3750000E3450000",13.4558382034302,1405.73400878906,23.2299747467041,408.094818115234
"CRS3035RES50000mN1800000E3300000",22.9549732208252,376.731353759766,34.6981201171875,644.364929199219
"CRS3035RES50000mN3750000E3500000",14.2000818252563,869.821594238281,15.9183750152588,390.213714599609
"CRS3035RES50000mN3750000E3550000",13.4349803924561,716.935852050781,19.4082279205322,312.490875244141
"CRS3035RES50000mN3750000E4200000",15.2487096786499,887.565795898438,29.9648838043213,479.262786865234
"CRS3035RES50000mN3750000E4250000",15.583592414856,807.599548339844,23.3074359893799,522.851745605469
"CRS3035RES50000mN3750000E4300000",15.799599647522,767.5,20.8655815124512,558.392578125
"CRS3035RES50000mN3750000E4350000",15.8406744003296,693.408020019531,21.7103004455566,543.348449707031
"CRS3035RES50000mN3750000E4400000",16.0066680908203,750.917053222656,23.2275314331055,566.479370117188
"CRS3035RES50000mN3750000E4450000",15.7327470779419,1016.17755126953,21.6898231506348,619.664916992188
"CRS3035RES50000mN3750000E4500000",15.2204370498657,1057.13073730469,20.6709041595459,642.657958984375
"CRS3035RES50000mN3750000E4550000",15.1604385375977,813.793579101562,21.8302822113037,651.163391113281
"CRS3035RES50000mN1800000E3350000",23.2397003173828,497.146636962891,37.7933349609375,607.078857421875
"CRS3035RES50000mN3750000E4600000",15.11732006073,736.182800292969,23.4877910614014,655.946411132812
"CRS3035RES50000mN3750000E4650000",15.6336822509766,634.985656738281,25.0257415771484,652.781311035156
"CRS3035RES50000mN3750000E4700000",16.0714378356934,547.499267578125,23.4079570770264,616.251220703125
"CRS3035RES50000mN3750000E4800000",15.9792938232422,552.684387207031,22.8115520477295,578.656311035156
"CRS3035RES50000mN1800000E3400000",24.2752780914307,705.294372558594,50.1511878967285,541.612243652344
"CRS3035RES50000mN3800000E3250000",13.3668336868286,1292.46423339844,27.8938293457031,250.72705078125
"CRS3035RES50000mN3800000E3300000",13.0737733840942,1909.52319335938,29.604434967041,272.707763671875
"CRS3035RES50000mN1800000E3450000",24.3549022674561,658.682189941406,55.8983039855957,451.730224609375
"CRS3035RES50000mN3800000E3350000",13.1278562545776,2701.1298828125,30.4820861816406,355.484497070312
"CRS3035RES50000mN3800000E3400000",11.8780565261841,2622.9306640625,34.1262054443359,403.679351806641
"CRS3035RES50000mN3800000E3450000",11.690016746521,1545.46484375,28.5394973754883,415.189453125
"CRS3035RES50000mN3800000E3500000",12.234920501709,1237.4833984375,20.3487567901611,415.201721191406
"CRS3035RES50000mN3800000E3550000",13.2762680053711,916.071533203125,19.7093963623047,347.721801757812
"CRS3035RES50000mN3800000E4250000",15.3150472640991,891.918334960938,29.269214630127,486.156280517578
"CRS3035RES50000mN3800000E4300000",15.5687074661255,785.464660644531,23.3002548217773,528.138488769531
"CRS3035RES50000mN3800000E4350000",15.7454261779785,726.278076171875,22.5448722839355,539.26513671875
"CRS3035RES50000mN3800000E4400000",15.9497241973877,822.345581054688,21.3748588562012,586.44287109375
"CRS3035RES50000mN3800000E4450000",15.3885822296143,1066.22106933594,20.5328464508057,633.308715820312
"CRS3035RES50000mN1800000E3550000",24.8862113952637,492.361938476562,54.4196510314941,465.113922119141
"CRS3035RES50000mN3800000E4500000",14.9394121170044,994.918395996094,20.8256034851074,650.368957519531
"CRS3035RES50000mN3800000E4550000",14.8108758926392,849.648498535156,22.2943420410156,657.471862792969
"CRS3035RES50000mN3800000E4600000",14.9987783432007,720.215515136719,24.6923217773438,663.250915527344
"CRS3035RES50000mN3800000E4650000",15.7428932189941,633.093078613281,27.843391418457,668.627685546875
"CRS3035RES50000mN3800000E4700000",16.2424011230469,574.299621582031,23.4283008575439,639.328369140625
"CRS3035RES50000mN3800000E4800000",16.1112670898438,569.359130859375,24.7564105987549,612.262268066406
"CRS3035RES50000mN3800000E4850000",16.0452270507812,613.031677246094,29.4127235412598,586.837524414062
"CRS3035RES50000mN1800000E3650000",24.4688777923584,475.820281982422,55.7675285339355,448.140777587891
"CRS3035RES50000mN1800000E3700000",24.3677978515625,471.581329345703,54.1909217834473,457.949401855469
"CRS3035RES50000mN3850000E3250000",13.1807165145874,1367.30212402344,28.6552276611328,246.294815063477
"CRS3035RES50000mN3850000E3300000",13.0701189041138,2148.587890625,30.9615955352783,263.952819824219
"CRS3035RES50000mN3850000E3350000",12.8534126281738,2897.94677734375,31.4168949127197,342.665649414062
"CRS3035RES50000mN3850000E3400000",12.0319890975952,2294.900390625,33.5831756591797,398.187255859375
"CRS3035RES50000mN3850000E3450000",12.0353994369507,1315.10144042969,23.7456970214844,403.402099609375
"CRS3035RES50000mN3850000E3500000",12.3276052474976,1143.77124023438,17.1686000823975,404.126434326172
"CRS3035RES50000mN3850000E3550000",13.4478940963745,976.925598144531,18.308931350708,372.490875244141
"CRS3035RES50000mN3850000E3600000",13.1943531036377,839.517333984375,24.8623371124268,302.108612060547
"CRS3035RES50000mN1800000E4150000",23.6598110198975,567.069885253906,60.9031562805176,494.643707275391
"CRS3035RES50000mN3850000E4100000",14.5259027481079,1474.41760253906,31.3501720428467,442.265289306641
"CRS3035RES50000mN3850000E4150000",15.0444107055664,1419.30163574219,30.7292156219482,499.345092773438
"CRS3035RES50000mN3850000E4200000",15.3047533035278,1234.29504394531,32.4452972412109,499.287994384766
"CRS3035RES50000mN3850000E4350000",15.65114402771,770.283813476562,24.120096206665,537.228149414062
"CRS3035RES50000mN3850000E4400000",15.707160949707,903.142456054688,21.7201461791992,597.726623535156
"CRS3035RES50000mN3850000E4450000",15.3042106628418,971.276672363281,19.7146453857422,641.550231933594
"CRS3035RES50000mN3850000E4500000",14.7085905075073,893.52978515625,20.7815341949463,649.829528808594
"CRS3035RES50000mN3850000E4550000",15.0566759109497,717.805358886719,25.1577110290527,658.526550292969
"CRS3035RES50000mN3850000E4600000",14.9993352890015,653.147216796875,26.7363014221191,663.545959472656
"CRS3035RES50000mN3850000E4650000",15.6649951934814,636.565307617188,28.0466537475586,673.022033691406
"CRS3035RES50000mN1800000E4200000",24.2089328765869,620.57470703125,55.3375473022461,580.07763671875
"CRS3035RES50000mN3850000E4700000",16.0758533477783,615.446960449219,24.271354675293,636.890625
"CRS3035RES50000mN3850000E4800000",16.1123924255371,571.72900390625,25.7338924407959,620.076782226562
"CRS3035RES50000mN3850000E4850000",16.0084381103516,591.779968261719,28.3682460784912,589.270202636719
"CRS3035RES50000mN1800000E4250000",23.8569068908691,594.774353027344,51.4194450378418,570.032043457031
"CRS3035RES50000mN3900000E3250000",12.9989757537842,1336.40319824219,28.5348777770996,242.566162109375
"CRS3035RES50000mN3900000E3300000",13.0246229171753,1896.67297363281,30.4836769104004,267.21337890625
"CRS3035RES50000mN3900000E3350000",12.7291011810303,2283.16137695312,32.2835311889648,310.325073242188
"CRS3035RES50000mN3900000E3400000",11.8983402252197,2367.72827148438,32.3423805236816,386.462432861328
"CRS3035RES50000mN3900000E3450000",13.679497718811,1123.59338378906,20.3287696838379,398.299774169922
"CRS3035RES50000mN3900000E3500000",13.5758094787598,818.660339355469,18.5906715393066,338.984466552734
"CRS3035RES50000mN3900000E3550000",13.1041193008423,840.427062988281,23.9897613525391,298.571441650391
"CRS3035RES50000mN3900000E3600000",12.8824157714844,833.6904296875,29.4532604217529,277.868072509766
"CRS3035RES50000mN1800000E4800000",23.9615821838379,985.489379882812,58.6605949401855,496.165710449219
"CRS3035RES50000mN3900000E4050000",14.1500959396362,1757.25061035156,32.1727180480957,430.121032714844
"CRS3035RES50000mN3900000E4100000",13.7116088867188,2471.36694335938,35.0706672668457,536.398193359375
"CRS3035RES50000mN3900000E4150000",13.8737506866455,2039.19445800781,31.1813106536865,591.093566894531
"CRS3035RES50000mN3900000E4200000",15.4354724884033,1479.52880859375,28.4857234954834,606.45849609375
"CRS3035RES50000mN3900000E4250000",15.9573383331299,1118.36047363281,29.390157699585,558.789184570312
"CRS3035RES50000mN3900000E4350000",15.7584657669067,850.68505859375,26.5237941741943,559.427856445312
"CRS3035RES50000mN3900000E4400000",15.6776504516602,975.164367675781,20.9580574035645,634.943115234375
"CRS3035RES50000mN3900000E4450000",15.9754180908203,793.985900878906,20.9725475311279,660.968994140625
"CRS3035RES50000mN3900000E4500000",15.4845275878906,711.037780761719,24.5881080627441,659.729797363281
"CRS3035RES50000mN3900000E4550000",15.8527631759644,638.979125976562,29.5913467407227,671.282104492188
"CRS3035RES50000mN1800000E4850000",19.4275341033936,1248.31823730469,47.4670600891113,577.627685546875
"CRS3035RES50000mN3900000E4600000",15.6461572647095,595.785400390625,28.5083904266357,676.299194335938
"CRS3035RES50000mN3900000E4650000",15.8485059738159,612.6591796875,27.4787616729736,681.087219238281
"CRS3035RES50000mN3900000E4700000",15.8256063461304,594.424133300781,25.1032466888428,633.880004882812
"CRS3035RES50000mN3900000E4800000",15.8622570037842,544.317260742188,25.3846645355225,592.896850585938
"CRS3035RES50000mN3900000E4850000",15.9073629379272,569.685852050781,26.9555702209473,587.030578613281
"CRS3035RES50000mN1800000E4900000",23.5237941741943,919.539001464844,45.18310546875,563.812744140625
"CRS3035RES50000mN3950000E3200000",13.0083703994751,1345.05871582031,30.5005779266357,227.505325317383
"CRS3035RES50000mN3950000E3250000",12.9331665039062,1394.85339355469,30.1304683685303,238.627883911133
"CRS3035RES50000mN3950000E3300000",12.9001922607422,1640.00793457031,30.2005767822266,267.970794677734
"CRS3035RES50000mN3950000E3350000",12.9841346740723,1651.70483398438,33.1679077148438,272.947418212891
"CRS3035RES50000mN3950000E3400000",12.6131372451782,2142.67651367188,29.7817764282227,327.076385498047
"CRS3035RES50000mN3950000E3450000",12.7039394378662,1608.68469238281,26.0043659210205,383.685791015625
"CRS3035RES50000mN3950000E3500000",12.9888067245483,1007.01690673828,20.6947689056396,341.610687255859
"CRS3035RES50000mN3950000E3550000",12.7843408584595,831.301086425781,26.2745094299316,277.346008300781
"CRS3035RES50000mN3950000E4050000",13.7719459533691,2019.37609863281,32.5196151733398,455.845062255859
"CRS3035RES50000mN3950000E4100000",11.4905672073364,3302.68286132812,35.4791259765625,561.766296386719
"CRS3035RES50000mN3950000E4150000",11.6907367706299,2066.22143554688,30.2432651519775,610.546508789062
"CRS3035RES50000mN3950000E4200000",13.7292098999023,1518.92053222656,27.6265392303467,643.223754882812
"CRS3035RES50000mN3950000E4250000",15.628927230835,1183.18359375,27.8360939025879,625.395751953125
"CRS3035RES50000mN3950000E4300000",15.9500455856323,969.423583984375,27.9032573699951,583.892578125
"CRS3035RES50000mN3950000E4350000",16.0080375671387,887.379333496094,26.7899513244629,603.665588378906
"CRS3035RES50000mN3950000E4400000",15.3661937713623,982.994873046875,23.0523433685303,655.802124023438
"CRS3035RES50000mN3950000E4450000",16.1437129974365,802.497436523438,21.9085159301758,679.027954101562
"CRS3035RES50000mN3950000E4500000",16.2102947235107,696.590881347656,25.1042175292969,673.138549804688
"CRS3035RES50000mN3950000E4550000",15.6309309005737,722.552307128906,25.2082538604736,678.061706542969
"CRS3035RES50000mN3950000E4600000",15.7148494720459,687.938171386719,24.9351711273193,691.773864746094
"CRS3035RES50000mN3950000E4650000",15.9555330276489,637.085632324219,26.5086631774902,694.861938476562
"CRS3035RES50000mN3950000E4700000",15.7872896194458,598.097106933594,26.1376819610596,658.64794921875
"CRS3035RES50000mN3950000E4750000",15.6403541564941,525.491271972656,24.550500869751,617.235595703125
"CRS3035RES50000mN3950000E4850000",15.7339372634888,566.685363769531,26.9762191772461,587.971618652344
"CRS3035RES50000mN4000000E3200000",12.8346214294434,1423.67590332031,32.3452072143555,222.097473144531
"CRS3035RES50000mN4000000E3300000",12.980544090271,1592.49145507812,32.4160270690918,262.820251464844
"CRS3035RES50000mN4000000E3350000",13.0661907196045,1490.20812988281,30.8531398773193,276.941223144531
"CRS3035RES50000mN4000000E3400000",12.7327575683594,1801.8974609375,32.8221435546875,265.686218261719
"CRS3035RES50000mN4000000E3450000",12.3662700653076,1608.53051757812,29.4011116027832,294.408355712891
"CRS3035RES50000mN4000000E3500000",12.7193584442139,1096.92065429688,25.6973419189453,291.393890380859
"CRS3035RES50000mN4000000E3550000",12.3789844512939,983.006713867188,27.6975555419922,263.400085449219
"CRS3035RES50000mN4000000E4000000",13.8864049911499,1311.29089355469,31.3569564819336,384.028503417969
"CRS3035RES50000mN4000000E4050000",14.2084369659424,2014.87780761719,31.7399787902832,486.859680175781
"CRS3035RES50000mN4000000E4100000",11.1519298553467,3226.29638671875,34.1982040405273,559.555114746094
"CRS3035RES50000mN4000000E4150000",10.2042121887207,1954.07690429688,28.0984210968018,616.869506835938
"CRS3035RES50000mN4000000E4200000",12.8358030319214,1292.82165527344,26.28249168396,680.228149414062
"CRS3035RES50000mN4000000E4250000",14.6924381256104,1147.74304199219,27.0846710205078,713.012512207031
"CRS3035RES50000mN4000000E4300000",15.5225276947021,1113.83142089844,26.7281970977783,687.494445800781
"CRS3035RES50000mN4000000E4350000",16.2460556030273,929.274230957031,24.89280128479,689.004821777344
"CRS3035RES50000mN4000000E4400000",15.4015846252441,913.498168945312,23.5122756958008,682.523742675781
"CRS3035RES50000mN4000000E4450000",15.6262903213501,835.882263183594,22.3494167327881,693.875854492188
"CRS3035RES50000mN4000000E4500000",16.2897853851318,765.256408691406,24.2434883117676,710.092834472656
"CRS3035RES50000mN4000000E4550000",15.6043071746826,795.853698730469,24.55517578125,707.06591796875
"CRS3035RES50000mN4000000E4600000",15.8874940872192,706.064575195312,25.6914196014404,714.948669433594
"CRS3035RES50000mN4000000E4650000",16.0247001647949,634.744262695312,28.00244140625,713.711303710938
"CRS3035RES50000mN4000000E4700000",15.9313745498657,616.251770019531,27.748161315918,704.467346191406
"CRS3035RES50000mN4000000E4750000",15.7104425430298,602.720275878906,25.9327583312988,669.77294921875
"CRS3035RES50000mN4000000E4800000",15.3481616973877,552.683471679688,25.9979209899902,604.238159179688
"CRS3035RES50000mN4050000E3550000",12.1181631088257,1111.43103027344,31.3460216522217,246.764251708984
"CRS3035RES50000mN4050000E3600000",12.0944051742554,998.659057617188,31.5807762145996,243.331573486328
"CRS3035RES50000mN4050000E3650000",12.2621278762817,968.309814453125,31.5630378723145,251.067810058594
"CRS3035RES50000mN4050000E4000000",13.660135269165,1454.31958007812,32.1836776733398,377.457794189453
"CRS3035RES50000mN4050000E4050000",13.4854650497437,2699.31420898438,30.8959178924561,503.723693847656
"CRS3035RES50000mN4050000E4100000",10.9062795639038,3588.30859375,34.4192504882812,587.298217773438
"CRS3035RES50000mN4050000E4150000",9.32468509674072,2015.45495605469,27.7929668426514,639.103698730469
"CRS3035RES50000mN4050000E4200000",10.6080284118652,1393.89501953125,26.0063400268555,674.542236328125
"CRS3035RES50000mN4050000E4250000",13.5483064651489,1085.38269042969,29.4889831542969,743.402770996094
"CRS3035RES50000mN4050000E4300000",15.2259531021118,1029.91284179688,25.7587242126465,767.970947265625
"CRS3035RES50000mN4050000E4350000",15.8387775421143,989.097717285156,24.7258453369141,743.012145996094
"CRS3035RES50000mN4050000E4400000",15.2541122436523,906.765747070312,25.6991939544678,719.247436523438
"CRS3035RES50000mN4050000E4450000",15.4124021530151,832.685607910156,25.5724544525146,725.165466308594
"CRS3035RES50000mN4050000E4500000",15.3840379714966,841.986694335938,25.1287670135498,737.713806152344
"CRS3035RES50000mN4050000E4550000",14.9429559707642,901.647644042969,23.3142929077148,724.830139160156
"CRS3035RES50000mN4050000E4600000",15.4672327041626,797.11279296875,24.7597808837891,728.4912109375
"CRS3035RES50000mN4050000E4650000",15.9411773681641,669.714050292969,28.2851047515869,729.67041015625
"CRS3035RES50000mN4050000E4700000",16.0410327911377,597.595703125,29.4024410247803,727.833984375
"CRS3035RES50000mN4050000E4750000",15.8299045562744,599.405090332031,28.2977771759033,705.874084472656
"CRS3035RES50000mN4050000E4800000",15.1406145095825,559.740905761719,26.3022441864014,627.600280761719
"CRS3035RES50000mN4100000E3650000",11.991436958313,1085.48608398438,32.4302215576172,243.306762695312
"CRS3035RES50000mN4100000E4000000",13.4533739089966,1663.76611328125,33.4828834533691,374.674560546875
"CRS3035RES50000mN4100000E4050000",13.7711572647095,2830.73364257812,30.3029441833496,536.795288085938
"CRS3035RES50000mN4100000E4100000",10.8988313674927,3402.73583984375,32.6676330566406,619.680236816406
"CRS3035RES50000mN4100000E4150000",8.53432655334473,1929.19689941406,26.6026973724365,631.720153808594
"CRS3035RES50000mN4100000E4200000",9.4577579498291,1167.37390136719,28.3586082458496,678.92431640625
"CRS3035RES50000mN4100000E4250000",12.28955078125,1075.00512695312,33.9344940185547,742.046875
"CRS3035RES50000mN4100000E4300000",14.8163728713989,957.893127441406,29.0502986907959,793.979187011719
"CRS3035RES50000mN4100000E4350000",14.6540422439575,1028.53747558594,25.5512809753418,757.314208984375
"CRS3035RES50000mN4100000E4400000",15.0562448501587,899.528259277344,28.4546298980713,763.643310546875
"CRS3035RES50000mN4100000E4450000",14.9042272567749,934.228088378906,26.6607131958008,764.272216796875
"CRS3035RES50000mN4100000E4500000",14.6725568771362,922.938232421875,26.3654232025146,754.087158203125
"CRS3035RES50000mN4100000E4550000",14.4317445755005,893.718811035156,25.4640159606934,739.005615234375
"CRS3035RES50000mN4100000E4600000",15.0323944091797,788.513488769531,26.3603572845459,741.852172851562
"CRS3035RES50000mN4100000E4650000",15.7047004699707,690.422729492188,28.6070365905762,744.853698730469
"CRS3035RES50000mN4100000E4700000",15.7935333251953,654.181335449219,29.0917530059814,736.082702636719
"CRS3035RES50000mN4100000E4750000",15.7412700653076,662.810913085938,28.7903385162354,718.822937011719
"CRS3035RES50000mN4100000E4800000",15.0974102020264,599.01171875,27.1055068969727,650.324157714844
"CRS3035RES50000mN4100000E5000000",15.3455581665039,650.907165527344,30.9692974090576,675.342041015625
"CRS3035RES50000mN4100000E5050000",15.4136714935303,668.609802246094,32.0915756225586,702.944274902344
"CRS3035RES50000mN4150000E3650000",11.7253475189209,1254.59790039062,33.2980880737305,237.306900024414
"CRS3035RES50000mN4150000E3700000",11.9414691925049,1189.92321777344,32.4449310302734,248.458511352539
"CRS3035RES50000mN4150000E4000000",13.2352333068848,1725.96789550781,31.2220878601074,363.901031494141
"CRS3035RES50000mN4150000E4050000",12.99303150177,3778.09204101562,29.9664058685303,525.330993652344
"CRS3035RES50000mN4150000E4100000",11.6913824081421,3262.24609375,32.7618598937988,612.382568359375
"CRS3035RES50000mN4150000E4150000",8.91051578521729,2041.78039550781,27.5769062042236,636.454162597656
"CRS3035RES50000mN4150000E4200000",9.75611591339111,1235.46594238281,25.813871383667,684.698791503906
"CRS3035RES50000mN4150000E4250000",11.8132276535034,913.418640136719,36.9288673400879,768.094604492188
"CRS3035RES50000mN4150000E4300000",13.7127456665039,968.513000488281,32.1732139587402,793.143920898438
"CRS3035RES50000mN4150000E4350000",14.5030345916748,850.399780273438,29.4806594848633,788.507019042969
"CRS3035RES50000mN4150000E4400000",14.5880451202393,885.843017578125,29.8231010437012,794.446960449219
"CRS3035RES50000mN4150000E4450000",13.9226398468018,939.646606445312,28.9394187927246,771.752136230469
"CRS3035RES50000mN4150000E4500000",14.0026683807373,924.322265625,28.7549533843994,755.007080078125
"CRS3035RES50000mN4150000E4550000",14.5169229507446,756.22705078125,32.4223937988281,752.131103515625
"CRS3035RES50000mN4150000E4600000",14.9808959960938,737.698913574219,30.3016242980957,762.204956054688
"CRS3035RES50000mN4150000E4650000",15.3945026397705,726.323425292969,29.7595539093018,754.171203613281
"CRS3035RES50000mN4150000E4700000",15.8655385971069,666.278381347656,28.8406848907471,741.516540527344
"CRS3035RES50000mN4150000E4750000",15.2022275924683,597.547119140625,27.7325553894043,673.239990234375
"CRS3035RES50000mN4150000E4800000",14.8535137176514,575.658630371094,28.096773147583,630.913330078125
"CRS3035RES50000mN4150000E4900000",14.9356698989868,599.840698242188,30.4781055450439,670.081237792969
"CRS3035RES50000mN4150000E4950000",15.2467603683472,661.669006347656,30.388521194458,711.048522949219
"CRS3035RES50000mN4150000E5000000",15.4283838272095,744.132690429688,31.1830024719238,737.948547363281
"CRS3035RES50000mN4150000E5050000",15.4360637664795,749.437133789062,30.7481288909912,748.710510253906
"CRS3035RES50000mN4150000E5100000",15.2748708724976,662.586486816406,32.9562225341797,736.396911621094
"CRS3035RES50000mN4200000E3650000",11.7301578521729,1318.20788574219,32.7332382202148,232.993316650391
"CRS3035RES50000mN4200000E3700000",11.7677345275879,1224.4228515625,32.7008590698242,240.681350708008
"CRS3035RES50000mN4200000E4000000",13.0124855041504,1779.59033203125,31.210823059082,353.008087158203
"CRS3035RES50000mN4200000E4050000",12.3096437454224,4025.82421875,32.130729675293,507.940765380859
"CRS3035RES50000mN4200000E4100000",11.456841468811,2902.79760742188,31.1369571685791,626.473754882812
"CRS3035RES50000mN4200000E4150000",11.8792247772217,1557.90551757812,28.4655666351318,686.592041015625
"CRS3035RES50000mN4200000E4200000",8.61777305603027,1315.04235839844,24.8090419769287,683.809020996094
"CRS3035RES50000mN4200000E4250000",11.1588172912598,1059.82629394531,32.7787895202637,762.941528320312
"CRS3035RES50000mN4200000E4300000",12.3580360412598,1067.01599121094,32.3910102844238,795.994934082031
"CRS3035RES50000mN4200000E4350000",12.7407274246216,1124.53295898438,30.3507061004639,781.297485351562
"CRS3035RES50000mN4200000E4400000",13.3804683685303,1004.78857421875,30.0043754577637,793.118225097656
"CRS3035RES50000mN4200000E4450000",13.1846618652344,1025.54443359375,31.0908699035645,781.399963378906
"CRS3035RES50000mN4200000E4500000",13.6418561935425,891.132934570312,31.9936618804932,767.207824707031
"CRS3035RES50000mN4200000E4550000",14.5386915206909,762.468505859375,33.9245834350586,775.695678710938
"CRS3035RES50000mN4200000E4600000",14.2390155792236,755.218688964844,32.332763671875,764.628662109375
"CRS3035RES50000mN4200000E4650000",14.8072881698608,775.452331542969,30.1780986785889,750.078430175781
"CRS3035RES50000mN4200000E4700000",15.1443920135498,657.344421386719,26.6000175476074,685.684875488281
"CRS3035RES50000mN4200000E4900000",14.8079271316528,618.523376464844,30.3870334625244,675.987670898438
"CRS3035RES50000mN4200000E4950000",15.5678977966309,720.157897949219,29.416482925415,757.80908203125
"CRS3035RES50000mN4200000E5000000",15.5478782653809,748.340148925781,30.5545806884766,783.441528320312
"CRS3035RES50000mN4200000E5050000",15.5537672042847,768.072998046875,28.4955673217773,797.526245117188
"CRS3035RES50000mN4200000E5100000",15.7459707260132,747.178405761719,28.7823448181152,800.886352539062
"CRS3035RES50000mN4200000E5150000",15.8088636398315,710.092163085938,28.7909069061279,793.14111328125
"CRS3035RES50000mN4200000E5200000",15.0693206787109,655.114135742188,30.2209949493408,747.701477050781
"CRS3035RES50000mN4250000E4000000",12.8568716049194,1660.79797363281,30.6170272827148,343.791656494141
"CRS3035RES50000mN4250000E4050000",12.1564598083496,3655.74194335938,32.4664115905762,478.186431884766
"CRS3035RES50000mN4250000E4100000",10.9209985733032,3397.32690429688,31.3800792694092,595.177001953125
"CRS3035RES50000mN4250000E4150000",9.68766212463379,2450.09521484375,32.7999076843262,658.699096679688
"CRS3035RES50000mN4250000E4200000",7.29240036010742,1369.74389648438,26.2121124267578,672.143676757812
"CRS3035RES50000mN4250000E4250000",9.78174877166748,934.671752929688,37.6155319213867,769.672668457031
"CRS3035RES50000mN4250000E4300000",11.0589046478271,921.812255859375,39.8176002502441,825.29833984375
"CRS3035RES50000mN4250000E4350000",12.0446767807007,963.1064453125,35.9075469970703,819.093139648438
"CRS3035RES50000mN4250000E4400000",11.5417318344116,1064.26293945312,33.1466522216797,769.414489746094
"CRS3035RES50000mN4250000E4450000",12.3165788650513,1038.17932128906,32.8659782409668,765.297729492188
"CRS3035RES50000mN4250000E4500000",12.5013694763184,948.556884765625,36.1153297424316,759.370361328125
"CRS3035RES50000mN4250000E4550000",13.2308769226074,909.287841796875,32.7062072753906,756.159973144531
"CRS3035RES50000mN4250000E4600000",14.3098468780518,738.134826660156,33.3305969238281,773.191223144531
"CRS3035RES50000mN4250000E4650000",15.006028175354,747.485473632812,29.3631629943848,764.493408203125
"CRS3035RES50000mN4250000E4700000",14.5572366714478,631.689819335938,24.9622497558594,647.703063964844
"CRS3035RES50000mN4250000E4900000",14.5892381668091,626.559631347656,29.3986110687256,662.882934570312
"CRS3035RES50000mN4250000E4950000",15.4017705917358,703.885559082031,28.8524017333984,772.96923828125
"CRS3035RES50000mN4250000E5000000",15.3456363677979,683.131652832031,30.9001655578613,798.246520996094
"CRS3035RES50000mN4250000E5050000",15.2936210632324,705.27001953125,30.0454006195068,808.574401855469
"CRS3035RES50000mN4250000E5100000",15.6073989868164,697.826843261719,30.4054508209229,823.168823242188
"CRS3035RES50000mN4250000E5150000",16.0220813751221,716.768798828125,27.2770729064941,837.56201171875
"CRS3035RES50000mN4250000E5200000",15.9328460693359,706.433776855469,26.6480541229248,831.199951171875
"CRS3035RES50000mN4250000E5250000",15.6326179504395,732.620422363281,29.4185123443604,815.761962890625
"CRS3035RES50000mN4300000E4000000",12.6209878921509,1513.25109863281,30.8119888305664,329.372589111328
"CRS3035RES50000mN4300000E4050000",11.8094215393066,2912.34912109375,31.0391674041748,425.269317626953
"CRS3035RES50000mN4300000E4100000",11.9567213058472,2687.6513671875,33.4047813415527,565.517395019531
"CRS3035RES50000mN4300000E4150000",9.12123012542725,2242.76782226562,33.3001365661621,628.6298828125
"CRS3035RES50000mN4300000E4200000",8.38735580444336,1024.02697753906,28.1002025604248,686.461547851562
"CRS3035RES50000mN4300000E4250000",9.76601219177246,782.602416992188,35.1982460021973,762.120727539062
"CRS3035RES50000mN4300000E4300000",9.70262145996094,825.3359375,45.6593589782715,786.288513183594
"CRS3035RES50000mN4300000E4350000",10.9961881637573,791.784729003906,42.3060111999512,801.884216308594
"CRS3035RES50000mN4300000E4400000",11.1399412155151,926.778442382812,35.9745445251465,759.373352050781
"CRS3035RES50000mN4300000E4450000",11.5945110321045,974.635925292969,36.5237426757812,751.6474609375
"CRS3035RES50000mN4300000E4500000",12.5991058349609,841.848266601562,39.0300216674805,768.608032226562
"CRS3035RES50000mN4300000E4550000",13.4350728988647,774.916748046875,35.8665771484375,772.085876464844
"CRS3035RES50000mN4300000E4600000",14.1974954605103,736.520935058594,34.5077095031738,788.829772949219
"CRS3035RES50000mN4300000E4650000",14.5567808151245,763.582214355469,28.2142715454102,766.797485351562
"CRS3035RES50000mN4300000E4700000",14.2583065032959,622.086059570312,24.9672050476074,643.413024902344
"CRS3035RES50000mN4300000E4900000",14.5909996032715,665.09228515625,29.3021144866943,688.04833984375
"CRS3035RES50000mN4300000E4950000",15.310546875,739.689270019531,28.5998497009277,794.097473144531
"CRS3035RES50000mN4300000E5000000",15.3003950119019,723.845886230469,30.3231925964355,811.81591796875
"CRS3035RES50000mN4300000E5050000",15.3561353683472,693.265686035156,32.2374801635742,818.527038574219
"CRS3035RES50000mN4300000E5100000",15.4817552566528,711.285827636719,32.9144630432129,833.247985839844
"CRS3035RES50000mN4300000E5150000",15.6240587234497,693.417358398438,30.2529678344727,843.938598632812
"CRS3035RES50000mN4300000E5200000",15.9477348327637,708.85888671875,28.2534694671631,863.94189453125
"CRS3035RES50000mN4300000E5250000",16.0347766876221,729.907165527344,27.6818923950195,866.894775390625
"CRS3035RES50000mN4300000E5300000",15.9476795196533,722.936645507812,27.1981353759766,862.841918945312
"CRS3035RES50000mN4350000E4050000",12.4032077789307,1457.27685546875,30.4911499023438,343.469665527344
"CRS3035RES50000mN4350000E4100000",12.3157501220703,2244.88745117188,31.0439872741699,461.416870117188
"CRS3035RES50000mN4350000E4150000",11.8252468109131,2161.416015625,29.8512649536133,594.452575683594
"CRS3035RES50000mN4350000E4200000",9.51127052307129,1836.33227539062,26.458423614502,643.469177246094
"CRS3035RES50000mN4350000E4250000",8.25172805786133,1322.77172851562,26.3997707366943,696.309265136719
"CRS3035RES50000mN4350000E4300000",9.51648998260498,880.919616699219,38.4125785827637,734.040954589844
"CRS3035RES50000mN4350000E4350000",10.2918663024902,886.554748535156,36.9420471191406,736.084289550781
"CRS3035RES50000mN4350000E4400000",10.4034900665283,992.249938964844,32.288257598877,719.363525390625
"CRS3035RES50000mN4350000E4450000",11.1992492675781,894.751708984375,36.1420783996582,737.788452148438
"CRS3035RES50000mN4350000E4500000",12.1876649856567,852.061950683594,38.8134574890137,776.280517578125
"CRS3035RES50000mN4350000E4550000",13.4069452285767,740.635070800781,36.5083999633789,787.312255859375
"CRS3035RES50000mN4350000E4600000",13.7106609344482,741.186584472656,34.9232330322266,796.036804199219
"CRS3035RES50000mN4350000E4650000",14.1802129745483,792.622863769531,29.1071395874023,786.205810546875
"CRS3035RES50000mN4350000E4700000",14.4945392608643,654.023132324219,26.5505809783936,691.612426757812
"CRS3035RES50000mN4350000E4900000",15.070143699646,716.009704589844,28.5122146606445,769.987182617188
"CRS3035RES50000mN4350000E4950000",14.8502283096313,785.167053222656,29.0342559814453,809.591796875
"CRS3035RES50000mN4350000E5000000",14.9552726745605,779.275817871094,29.2788143157959,822.798522949219
"CRS3035RES50000mN4350000E5050000",15.0510959625244,729.115783691406,32.7577705383301,829.681213378906
"CRS3035RES50000mN4350000E5100000",15.331974029541,728.586364746094,32.1124114990234,844.223510742188
"CRS3035RES50000mN4350000E5150000",15.4278554916382,697.959106445312,31.5296154022217,854.744384765625
"CRS3035RES50000mN4350000E5200000",15.8263559341431,677.379150390625,30.0575618743896,875.3642578125
"CRS3035RES50000mN4350000E5250000",16.1951675415039,726.663208007812,30.178861618042,885.313537597656
"CRS3035RES50000mN4350000E5300000",16.0179214477539,705.120483398438,27.399040222168,891.41015625
"CRS3035RES50000mN4400000E4100000",12.4131860733032,1334.9970703125,31.9642677307129,348.445678710938
"CRS3035RES50000mN4400000E4150000",12.5470266342163,1765.12646484375,29.8975696563721,443.462554931641
"CRS3035RES50000mN4400000E4200000",12.806583404541,1954.61242675781,26.5012283325195,565.090515136719
"CRS3035RES50000mN4400000E4250000",10.9610977172852,2090.87890625,22.0096530914307,643.394287109375
"CRS3035RES50000mN4400000E4300000",11.6067867279053,1228.71350097656,22.2365665435791,656.829650878906
"CRS3035RES50000mN4400000E4350000",10.7001867294312,1316.41638183594,24.3082847595215,663.927368164062
"CRS3035RES50000mN4400000E4400000",9.55771160125732,1319.49865722656,28.2680397033691,671.006103515625
"CRS3035RES50000mN4400000E4450000",10.0055236816406,1002.47827148438,32.3144950866699,699.490112304688
"CRS3035RES50000mN4400000E4500000",12.0164155960083,851.63037109375,38.5299873352051,744.807861328125
"CRS3035RES50000mN4400000E4550000",13.2225284576416,730.69775390625,37.3613662719727,761.885314941406
"CRS3035RES50000mN4400000E4600000",13.4324712753296,755.218505859375,35.9273834228516,797.3896484375
"CRS3035RES50000mN4400000E4650000",13.7872648239136,764.405456542969,30.5260677337646,807.333618164062
"CRS3035RES50000mN4400000E4700000",14.2019462585449,767.228942871094,26.2209663391113,740.888977050781
"CRS3035RES50000mN4400000E4750000",13.9989452362061,612.001647949219,28.8011035919189,642.360473632812
"CRS3035RES50000mN4400000E4850000",14.0931978225708,620.597473144531,31.6305484771729,668.804809570312
"CRS3035RES50000mN4400000E4900000",14.8561191558838,715.367065429688,29.8239593505859,796.306030273438
"CRS3035RES50000mN4400000E4950000",14.7468633651733,710.899475097656,33.1814994812012,819.876831054688
"CRS3035RES50000mN4400000E5000000",14.8477392196655,702.806579589844,33.5446166992188,836.739135742188
"CRS3035RES50000mN4400000E5050000",14.9969367980957,725.058654785156,33.0179786682129,851.623596191406
"CRS3035RES50000mN4400000E5100000",15.2073593139648,729.389770507812,31.084436416626,863.239074707031
"CRS3035RES50000mN4400000E5150000",15.3551368713379,722.887451171875,29.8568668365479,872.012512207031
"CRS3035RES50000mN4400000E5200000",15.5190048217773,695.642517089844,29.2654457092285,883.072265625
"CRS3035RES50000mN4400000E5250000",15.8127193450928,697.12109375,29.6585292816162,896.215698242188
"CRS3035RES50000mN4400000E5300000",15.9015293121338,686.83203125,29.1877403259277,902.214599609375
"CRS3035RES50000mN4400000E5350000",15.1707706451416,721.245178222656,31.1340007781982,855.085998535156
"CRS3035RES50000mN4450000E4200000",12.3583211898804,1572.98315429688,30.079195022583,400.893676757812
"CRS3035RES50000mN4450000E4250000",12.406834602356,1782.66772460938,25.1074447631836,532.858032226562
"CRS3035RES50000mN4450000E4300000",13.327507019043,1262.12573242188,22.6306571960449,609.108947753906
"CRS3035RES50000mN4450000E4350000",12.6146993637085,1403.44299316406,20.7101383209229,632.912780761719
"CRS3035RES50000mN4450000E4400000",10.7930889129639,1431.76086425781,24.3417530059814,650.564514160156
"CRS3035RES50000mN1850000E2650000",20.1367492675781,619.741455078125,68.0790786743164,295.833435058594
"CRS3035RES50000mN4450000E4450000",11.3295488357544,972.801879882812,28.654691696167,689.848449707031
"CRS3035RES50000mN4450000E4500000",12.9575643539429,783.467102050781,33.6335144042969,743.763122558594
"CRS3035RES50000mN4450000E4550000",13.3271322250366,712.646728515625,36.6138343811035,773.723693847656
"CRS3035RES50000mN4450000E4600000",13.393482208252,755.776000976562,36.5989189147949,797.386840820312
"CRS3035RES50000mN4450000E4650000",14.0720386505127,722.588562011719,34.1828079223633,828.806030273438
"CRS3035RES50000mN4450000E4700000",14.1304979324341,808.254699707031,29.5815620422363,801.294189453125
"CRS3035RES50000mN4450000E4750000",14.0348262786865,665.363220214844,31.1564502716064,706.136108398438
"CRS3035RES50000mN4450000E4850000",14.0203790664673,582.600708007812,29.6837120056152,698.526916503906
"CRS3035RES50000mN4450000E4900000",15.0091724395752,638.035339355469,31.8913688659668,809.492492675781
"CRS3035RES50000mN4450000E4950000",15.0595369338989,632.642395019531,35.4222793579102,834.353393554688
"CRS3035RES50000mN1850000E2700000",22.7727642059326,585.345458984375,63.5580673217773,466.661041259766
"CRS3035RES50000mN4450000E5000000",14.7047672271729,687.05712890625,34.5008735656738,847.085144042969
"CRS3035RES50000mN4450000E5050000",14.5587596893311,734.1796875,33.0128402709961,856.701110839844
"CRS3035RES50000mN4450000E5100000",15.003360748291,713.748107910156,32.6683120727539,867.734985351562
"CRS3035RES50000mN4450000E5150000",15.2743711471558,728.604431152344,31.5916862487793,883.333679199219
"CRS3035RES50000mN4450000E5200000",15.4436187744141,697.037109375,29.4982204437256,892.720520019531
"CRS3035RES50000mN4450000E5250000",15.6448822021484,704.807189941406,28.7245540618896,905.897766113281
"CRS3035RES50000mN4450000E5300000",15.7692070007324,694.176391601562,29.4019374847412,912.812133789062
"CRS3035RES50000mN4450000E5350000",15.5204973220825,736.467163085938,28.7118721008301,908.732177734375
"CRS3035RES50000mN4500000E4200000",12.1502132415771,1071.62902832031,30.0931911468506,342.387878417969
"CRS3035RES50000mN4500000E4250000",12.252513885498,1150.94897460938,27.1245288848877,383.420806884766
"CRS3035RES50000mN1850000E2750000",23.8808097839355,629.067749023438,61.5486831665039,536.562866210938
"CRS3035RES50000mN4500000E4300000",12.6528987884521,1871.93359375,26.6887626647949,529.431396484375
"CRS3035RES50000mN4500000E4350000",13.7253761291504,1459.39916992188,24.0921745300293,647.279541015625
"CRS3035RES50000mN4500000E4400000",11.991626739502,1562.97875976562,19.8317337036133,658.204040527344
"CRS3035RES50000mN4500000E4450000",10.9104909896851,1371.41638183594,20.6861362457275,679.852172851562
"CRS3035RES50000mN4500000E4500000",12.0412673950195,1003.83813476562,25.0503540039062,736.074890136719
"CRS3035RES50000mN4500000E4550000",13.1713905334473,785.442749023438,33.8017654418945,780.959167480469
"CRS3035RES50000mN4500000E4600000",13.6620492935181,750.125305175781,35.337085723877,809.738647460938
"CRS3035RES50000mN4500000E4650000",13.7094354629517,775.465576171875,33.5915756225586,830.257568359375
"CRS3035RES50000mN4500000E4700000",13.7626943588257,796.707458496094,32.2044715881348,826.212829589844
"CRS3035RES50000mN4500000E4750000",14.2257385253906,805.926940917969,32.5439758300781,810.442077636719
"CRS3035RES50000mN1850000E2800000",24.569787979126,628.617004394531,58.5537261962891,580.499694824219
"CRS3035RES50000mN4500000E4800000",13.8755540847778,663.277709960938,29.1019515991211,724.897155761719
"CRS3035RES50000mN4500000E4850000",13.6365299224854,566.313110351562,28.1576480865479,708.308349609375
"CRS3035RES50000mN4500000E4900000",14.5687618255615,602.518920898438,30.707914352417,788.016235351562
"CRS3035RES50000mN4500000E4950000",15.010763168335,653.552795410156,33.4938774108887,841.982116699219
"CRS3035RES50000mN4500000E5000000",14.739312171936,710.427734375,31.93678855896,859.697875976562
"CRS3035RES50000mN4500000E5050000",14.6164474487305,688.935668945312,32.6257667541504,865.515502929688
"CRS3035RES50000mN4500000E5100000",14.9984903335571,707.308410644531,31.9541053771973,879.588928222656
"CRS3035RES50000mN4500000E5150000",15.1424942016602,712.063842773438,31.0493431091309,891.523986816406
"CRS3035RES50000mN4500000E5200000",15.221287727356,713.280700683594,28.7869300842285,899.297546386719
"CRS3035RES50000mN4500000E5250000",15.2470359802246,749.387329101562,26.9017581939697,909.600646972656
"CRS3035RES50000mN1850000E2850000",24.5001449584961,568.847534179688,55.0559577941895,613.154724121094
"CRS3035RES50000mN4500000E5300000",15.3753986358643,727.784912109375,28.0933113098145,918.128723144531
"CRS3035RES50000mN4500000E5350000",14.9811811447144,808.360412597656,27.881217956543,925.715515136719
"CRS3035RES50000mN4500000E5400000",14.8093519210815,801.862854003906,28.2210731506348,928.079223632812
"CRS3035RES50000mN4550000E4300000",12.2520599365234,1466.74096679688,24.6612701416016,430.518463134766
"CRS3035RES50000mN4550000E4350000",12.6031084060669,1795.93786621094,26.799430847168,603.108764648438
"CRS3035RES50000mN4550000E4400000",12.5792083740234,1688.09387207031,22.140064239502,670.966796875
"CRS3035RES50000mN4550000E4450000",10.8071031570435,1532.12951660156,21.9964351654053,680.536560058594
"CRS3035RES50000mN4550000E4500000",10.819842338562,1195.16577148438,26.8147830963135,718.284606933594
"CRS3035RES50000mN4550000E4550000",12.4156742095947,932.166137695312,32.0028648376465,774.702331542969
"CRS3035RES50000mN1850000E2900000",24.9627456665039,467.248016357422,52.2520294189453,634.594787597656
"CRS3035RES50000mN4550000E4600000",13.2767925262451,804.184265136719,34.9537467956543,826.223266601562
"CRS3035RES50000mN4550000E4650000",13.1095867156982,819.675842285156,34.9024238586426,828.628173828125
"CRS3035RES50000mN4550000E4700000",13.1694869995117,808.179138183594,35.4531898498535,829.994445800781
"CRS3035RES50000mN4550000E4750000",13.881178855896,784.024963378906,34.7969856262207,844.029235839844
"CRS3035RES50000mN4550000E4800000",13.9601535797119,811.52978515625,28.8072032928467,804.195007324219
"CRS3035RES50000mN4550000E4850000",13.3484811782837,619.885681152344,27.9121704101562,722.723083496094
"CRS3035RES50000mN4550000E4900000",13.5790033340454,557.198486328125,30.6338081359863,738.694763183594
"CRS3035RES50000mN4550000E4950000",14.7453289031982,621.098693847656,33.4470825195312,831.676513671875
"CRS3035RES50000mN4550000E5000000",14.6305236816406,697.486145019531,32.2883796691895,865.71533203125
"CRS3035RES50000mN4550000E5050000",14.5911817550659,696.256530761719,31.6139869689941,879.344482421875
"CRS3035RES50000mN1850000E2950000",25.0324363708496,478.40625,51.488582611084,651.664611816406
"CRS3035RES50000mN4550000E5100000",14.7369403839111,727.906188964844,30.8393230438232,894.224914550781
"CRS3035RES50000mN4550000E5150000",14.9180221557617,747.123107910156,29.4860935211182,909.956665039062
"CRS3035RES50000mN4550000E5200000",14.8767824172974,751.501342773438,27.4229984283447,915.699279785156
"CRS3035RES50000mN4550000E5250000",14.8765153884888,834.028442382812,26.5901679992676,917.604309082031
"CRS3035RES50000mN4550000E5300000",14.8940448760986,809.983520507812,27.9589023590088,921.482543945312
"CRS3035RES50000mN4550000E5350000",14.7497396469116,806.703918457031,28.361047744751,935.347045898438
"CRS3035RES50000mN4550000E5400000",14.6270542144775,763.026123046875,29.4613704681396,937.201599121094
"CRS3035RES50000mN4600000E4350000",12.33909034729,1443.00244140625,24.9830799102783,480.935729980469
"CRS3035RES50000mN4600000E4400000",12.3515272140503,2205.88427734375,24.4055557250977,658.299133300781
"CRS3035RES50000mN1850000E3000000",25.5341014862061,569.23486328125,54.2871360778809,683.235534667969
"CRS3035RES50000mN4600000E4450000",11.1948823928833,1721.97290039062,24.509708404541,692.208923339844
"CRS3035RES50000mN4600000E4500000",10.8522434234619,1416.63244628906,22.9187850952148,733.750671386719
"CRS3035RES50000mN4600000E4550000",11.6851921081543,1111.43579101562,28.6833438873291,787.977905273438
"CRS3035RES50000mN4600000E4600000",12.48459815979,900.027099609375,35.1177024841309,819.43798828125
"CRS3035RES50000mN4600000E4650000",12.5399942398071,865.492370605469,37.3593482971191,823.907775878906
"CRS3035RES50000mN4600000E4700000",13.1781644821167,829.56201171875,38.829532623291,837.683837890625
"CRS3035RES50000mN4600000E4750000",13.7573480606079,737.594360351562,37.9852409362793,859.882751464844
"CRS3035RES50000mN4600000E4800000",13.8506669998169,837.057373046875,30.8778648376465,841.530700683594
"CRS3035RES50000mN4600000E4850000",13.400260925293,705.696166992188,28.7340335845947,752.969604492188
"CRS3035RES50000mN4600000E4950000",14.1341466903687,569.739807128906,32.3570785522461,800.745361328125
"CRS3035RES50000mN1850000E3050000",25.1771297454834,534.503356933594,52.3715896606445,703.126037597656
"CRS3035RES50000mN4600000E5000000",14.8324565887451,670.774169921875,31.4779357910156,878.561218261719
"CRS3035RES50000mN4600000E5050000",14.5420999526978,693.134643554688,30.8688564300537,889.806213378906
"CRS3035RES50000mN4600000E5100000",14.5121850967407,747.744567871094,30.9836387634277,902.766052246094
"CRS3035RES50000mN4600000E5150000",14.5003414154053,785.870056152344,27.3934459686279,914.882202148438
"CRS3035RES50000mN4600000E5200000",14.3383913040161,784.69970703125,27.0053634643555,919.997985839844
"CRS3035RES50000mN4600000E5250000",14.8361139297485,816.757202148438,29.1066379547119,927.074279785156
"CRS3035RES50000mN4600000E5300000",14.6447172164917,797.787475585938,29.3228340148926,934.596435546875
"CRS3035RES50000mN4600000E5350000",14.3226127624512,803.115173339844,28.9484272003174,936.638793945312
"CRS3035RES50000mN4650000E4350000",12.1136713027954,1174.93127441406,25.6068115234375,420.764282226562
"CRS3035RES50000mN1850000E3100000",25.301721572876,435.644866943359,49.4751663208008,715.190551757812
"CRS3035RES50000mN4650000E4400000",12.691933631897,2265.57348632812,23.4426174163818,612.4267578125
"CRS3035RES50000mN4650000E4450000",10.6728887557983,2454.958984375,25.3524036407471,695.14453125
"CRS3035RES50000mN4650000E4500000",9.36939144134521,1536.81457519531,23.4173583984375,717.798278808594
"CRS3035RES50000mN4650000E4550000",10.41197681427,1194.89562988281,29.8446998596191,770.598693847656
"CRS3035RES50000mN4650000E4600000",12.0932197570801,912.691345214844,37.1772079467773,816.709716796875
"CRS3035RES50000mN4650000E4650000",12.9705324172974,862.103271484375,40.090461730957,847.207336425781
"CRS3035RES50000mN4650000E4700000",13.5234603881836,810.24462890625,39.1170654296875,865.957275390625
"CRS3035RES50000mN4650000E4750000",13.6445035934448,762.908996582031,36.9830780029297,874.008117675781
"CRS3035RES50000mN4650000E4800000",13.8998899459839,780.490295410156,32.2997436523438,852.2548828125
"CRS3035RES50000mN4650000E4850000",13.2602300643921,616.408630371094,30.2448883056641,761.581115722656
"CRS3035RES50000mN1850000E3150000",24.9542388916016,407.080535888672,46.5633506774902,713.364379882812
"CRS3035RES50000mN4650000E4950000",13.2238655090332,539.256042480469,31.0263137817383,755.737731933594
"CRS3035RES50000mN4650000E5000000",14.415940284729,675.242065429688,32.0949897766113,865.683349609375
"CRS3035RES50000mN4650000E5050000",14.4755363464355,707.320495605469,33.6139602661133,897.953979492188
"CRS3035RES50000mN4650000E5100000",14.5180625915527,743.167663574219,33.2065505981445,913.752258300781
"CRS3035RES50000mN4650000E5150000",14.2569198608398,793.64111328125,30.734338760376,915.190368652344
"CRS3035RES50000mN4650000E5200000",14.0962047576904,821.235534667969,28.4036140441895,919.136352539062
"CRS3035RES50000mN4650000E5250000",14.1426010131836,830.633728027344,26.8597393035889,933.097961425781
"CRS3035RES50000mN4650000E5300000",14.0993661880493,796.779296875,29.0290470123291,934.036315917969
"CRS3035RES50000mN4700000E4400000",12.2271175384521,2039.04443359375,25.3473625183105,562.789855957031
"CRS3035RES50000mN1850000E3200000",24.2560539245605,433.863830566406,41.646900177002,704.832397460938
"CRS3035RES50000mN4700000E4450000",10.9640636444092,2502.98999023438,28.347541809082,714.875732421875
"CRS3035RES50000mN4700000E4500000",10.05295753479,1655.76281738281,24.9853343963623,723.185913085938
"CRS3035RES50000mN4700000E4550000",10.5107107162476,1151.83837890625,28.7675018310547,777.578186035156
"CRS3035RES50000mN4700000E4600000",11.7671985626221,964.5322265625,37.178150177002,824.99169921875
"CRS3035RES50000mN4700000E4650000",12.7255086898804,838.924438476562,39.1925239562988,855.604858398438
"CRS3035RES50000mN4700000E4700000",12.715537071228,858.130920410156,38.1904296875,858.563659667969
"CRS3035RES50000mN4700000E4750000",13.1046943664551,808.885131835938,35.5923500061035,871.133117675781
"CRS3035RES50000mN4700000E4800000",13.7305488586426,805.078063964844,33.3805046081543,872.193359375
"CRS3035RES50000mN4700000E4850000",13.3689651489258,631.630187988281,31.6855335235596,797.630493164062
"CRS3035RES50000mN1850000E3250000",24.2568473815918,426.322174072266,36.8836364746094,689.190734863281
"CRS3035RES50000mN4700000E5000000",13.5267810821533,627.888610839844,29.3323993682861,833.689758300781
"CRS3035RES50000mN4700000E5050000",14.5057725906372,728.838623046875,31.7579307556152,910.473754882812
"CRS3035RES50000mN4700000E5100000",14.2894344329834,794.017272949219,31.54953956604,922.335754394531
"CRS3035RES50000mN4700000E5150000",13.9122705459595,835.667297363281,29.3616123199463,924.169372558594
"CRS3035RES50000mN4700000E5200000",13.895788192749,825.691284179688,27.4520435333252,927.404602050781
"CRS3035RES50000mN4700000E5250000",13.8954639434814,781.912475585938,29.1831874847412,929.623718261719
"CRS3035RES50000mN4700000E5300000",13.9300193786621,770.061767578125,31.956729888916,937.957458496094
"CRS3035RES50000mN1850000E3300000",24.0047988891602,422.747497558594,35.9045867919922,670.311218261719
"CRS3035RES50000mN4750000E4400000",11.7409067153931,1669.62084960938,27.8361930847168,475.24267578125
"CRS3035RES50000mN4750000E4450000",11.9128742218018,2591.85083007812,28.801118850708,689.707275390625
"CRS3035RES50000mN4750000E4500000",9.69326210021973,2096.48364257812,27.1049137115479,712.072326660156
"CRS3035RES50000mN4750000E4550000",9.32717418670654,1265.98193359375,26.7715625762939,766.875061035156
"CRS3035RES50000mN1850000E3350000",22.8779926300049,525.769226074219,38.2727203369141,594.670654296875
"CRS3035RES50000mN4750000E4600000",10.6136274337769,1086.84069824219,37.3526039123535,813.004821777344
"CRS3035RES50000mN4750000E4650000",12.0675039291382,851.502380371094,40.446102142334,844.960998535156
"CRS3035RES50000mN4750000E4700000",12.5161371231079,815.757080078125,40.2165298461914,866.258911132812
"CRS3035RES50000mN4750000E4750000",13.2594184875488,773.340270996094,38.8740844726562,892.655883789062
"CRS3035RES50000mN4750000E4800000",14.1598777770996,759.175964355469,34.0309600830078,912.719543457031
"CRS3035RES50000mN4750000E4850000",13.9332695007324,725.021179199219,27.8792362213135,873.28955078125
"CRS3035RES50000mN4750000E4900000",13.0093555450439,602.922790527344,24.3876171112061,806.586303710938
"CRS3035RES50000mN4750000E4950000",12.9356689453125,582.788757324219,25.3987598419189,805.341430664062
"CRS3035RES50000mN4750000E5000000",13.5441608428955,694.107055664062,26.0083885192871,862.426330566406
"CRS3035RES50000mN4750000E5050000",14.2614192962646,801.407287597656,28.1396293640137,925.67138671875
"CRS3035RES50000mN1850000E3400000",24.9298534393311,545.721801757812,49.9296379089355,535.186828613281
"CRS3035RES50000mN4750000E5100000",14.0670433044434,811.320434570312,29.291784286499,931.331848144531
"CRS3035RES50000mN4750000E5150000",13.5928525924683,882.063598632812,27.6634502410889,929.054016113281
"CRS3035RES50000mN4750000E5200000",13.5810470581055,814.927185058594,28.2112407684326,929.992431640625
"CRS3035RES50000mN4750000E5250000",13.7727088928223,788.410522460938,31.9641017913818,931.767517089844
"CRS3035RES50000mN1850000E3650000",24.2703990936279,620.771118164062,50.3273849487305,476.52783203125
"CRS3035RES50000mN4800000E4400000",11.518985748291,1253.75268554688,28.2880039215088,405.188110351562
"CRS3035RES50000mN4800000E4450000",11.1480941772461,3141.8466796875,27.6703701019287,616.419250488281
"CRS3035RES50000mN4800000E4500000",10.0190401077271,2594.05053710938,30.2710075378418,728.933837890625
"CRS3035RES50000mN4800000E4550000",8.46176052093506,1389.72680664062,26.7840404510498,758.503540039062
"CRS3035RES50000mN4800000E4600000",10.5824928283691,1039.39367675781,35.8084259033203,824.175109863281
"CRS3035RES50000mN4800000E4650000",11.5434761047363,966.250122070312,38.8471984863281,867.278686523438
"CRS3035RES50000mN4800000E4700000",11.8817710876465,901.382202148438,40.7243919372559,870.828796386719
"CRS3035RES50000mN1850000E3700000",24.4798679351807,640.408447265625,48.9007835388184,514.82080078125
"CRS3035RES50000mN4800000E4750000",12.9548492431641,842.539672851562,38.9428901672363,895.138427734375
"CRS3035RES50000mN4800000E4800000",14.0337133407593,762.563415527344,32.3811721801758,937.310119628906
"CRS3035RES50000mN4800000E4850000",14.141845703125,807.102661132812,27.0962905883789,934.751159667969
"CRS3035RES50000mN4800000E4900000",14.0261096954346,822.082885742188,24.1667060852051,915.433166503906
"CRS3035RES50000mN4800000E4950000",13.889762878418,833.218688964844,23.9961318969727,905.252197265625
"CRS3035RES50000mN4800000E5000000",13.9406261444092,876.037841796875,25.7496547698975,928.231994628906
"CRS3035RES50000mN4800000E5050000",13.7767810821533,850.761535644531,27.8598957061768,931.957092285156
"CRS3035RES50000mN4800000E5100000",13.5603952407837,880.269165039062,28.1321830749512,933.324340820312
"CRS3035RES50000mN4800000E5150000",13.2305593490601,901.847778320312,28.396183013916,929.107849121094
"CRS3035RES50000mN4800000E5200000",13.3023166656494,811.427429199219,29.1843185424805,931.375305175781
"CRS3035RES50000mN1850000E3750000",23.9738140106201,541.555603027344,54.8969688415527,442.037994384766
"CRS3035RES50000mN1850000E3800000",23.8420658111572,531.542907714844,54.735710144043,438.37109375
"CRS3035RES50000mN4850000E4450000",11.529727935791,2003.0087890625,29.1613655090332,490.409942626953
"CRS3035RES50000mN4850000E4500000",10.1650581359863,2287.78662109375,31.0508155822754,700.822143554688
"CRS3035RES50000mN4850000E4550000",9.36029243469238,1276.16943359375,27.1044483184814,750.832702636719
"CRS3035RES50000mN4850000E4600000",8.82367992401123,1157.41882324219,30.232536315918,806.409301757812
"CRS3035RES50000mN4850000E4650000",10.9896793365479,1035.12145996094,40.4295387268066,885.234619140625
"CRS3035RES50000mN4850000E4700000",12.3959903717041,804.148620605469,44.8546333312988,913.825378417969
"CRS3035RES50000mN4850000E4750000",12.9813175201416,784.309387207031,41.5633506774902,925.384887695312
"CRS3035RES50000mN4850000E4800000",12.9502010345459,821.307861328125,33.5296096801758,917.584350585938
"CRS3035RES50000mN4850000E4850000",13.808931350708,813.136901855469,30.729305267334,945.39306640625
"CRS3035RES50000mN1850000E4150000",23.114631652832,573.650634765625,63.7092247009277,453.329437255859
"CRS3035RES50000mN4850000E4900000",13.8492050170898,798.294738769531,29.3036346435547,948.144409179688
"CRS3035RES50000mN4850000E4950000",13.7583198547363,831.701965332031,27.2008934020996,943.797973632812
"CRS3035RES50000mN4850000E5000000",13.7050514221191,861.033325195312,27.8990249633789,942.327392578125
"CRS3035RES50000mN4850000E5050000",13.3863916397095,828.578674316406,29.9741802215576,935.005187988281
"CRS3035RES50000mN4850000E5100000",12.9014253616333,891.972961425781,27.8846988677979,923.078063964844
"CRS3035RES50000mN4850000E5150000",12.7572574615479,841.131958007812,29.6061305999756,917.443481445312
"CRS3035RES50000mN4850000E5200000",12.7380266189575,779.519592285156,29.5783195495605,916.326782226562
"CRS3035RES50000mN1850000E4200000",22.7772674560547,797.510131835938,54.5819206237793,578.275329589844
"CRS3035RES50000mN4900000E4500000",11.9565372467041,1613.10717773438,28.515510559082,608.148864746094
"CRS3035RES50000mN1850000E4250000",21.1234874725342,735.376281738281,50.3151550292969,552.578857421875
"CRS3035RES50000mN4900000E4550000",10.2570724487305,1972.34020996094,26.2937393188477,734.785278320312
"CRS3035RES50000mN4900000E4600000",7.82384967803955,1259.10900878906,26.778413772583,753.15283203125
"CRS3035RES50000mN4900000E4650000",8.71616744995117,1068.86535644531,40.3445243835449,833.324584960938
"CRS3035RES50000mN4900000E4700000",11.295166015625,892.182189941406,45.8849334716797,914.690734863281
"CRS3035RES50000mN4900000E4750000",11.971155166626,789.388732910156,42.7176704406738,906.472045898438
"CRS3035RES50000mN4900000E4800000",12.8809223175049,753.820739746094,36.2652359008789,916.033325195312
"CRS3035RES50000mN4900000E4850000",13.4516515731812,753.064819335938,33.5562858581543,946.214904785156
"CRS3035RES50000mN4900000E4900000",13.5088872909546,751.270385742188,33.4773902893066,952.688659667969
"CRS3035RES50000mN4900000E4950000",13.442626953125,774.985595703125,30.8624038696289,950.7900390625
"CRS3035RES50000mN4900000E5000000",13.3798685073853,773.704711914062,31.1956176757812,948.619323730469
"CRS3035RES50000mN1850000E4750000",24.2070789337158,727.035522460938,58.2975883483887,492.937805175781
"CRS3035RES50000mN4900000E5050000",13.1821756362915,767.071716308594,31.8670024871826,940.492370605469
"CRS3035RES50000mN4900000E5100000",12.7869491577148,811.004699707031,31.3321857452393,929.137939453125
"CRS3035RES50000mN4900000E5150000",12.5849866867065,780.894348144531,31.8347644805908,924.792419433594
"CRS3035RES50000mN4900000E5200000",12.5890827178955,769.568115234375,32.1257133483887,911.993225097656
"CRS3035RES50000mN1850000E4800000",21.8844566345215,1097.05187988281,46.0456962585449,561.487060546875
"CRS3035RES50000mN4950000E4400000",10.6476535797119,1504.50073242188,36.8457794189453,346.207794189453
"CRS3035RES50000mN4950000E4450000",10.9279870986938,1714.28576660156,36.4876289367676,387.981292724609
"CRS3035RES50000mN4950000E4500000",11.8004484176636,1591.75866699219,29.4248390197754,522.976501464844
"CRS3035RES50000mN4950000E4550000",10.8413896560669,2150.60083007812,27.7662220001221,686.264465332031
"CRS3035RES50000mN4950000E4600000",8.96925640106201,1318.1357421875,27.1022205352783,739.541259765625
"CRS3035RES50000mN4950000E4650000",8.26664447784424,915.176818847656,34.6927032470703,792.402587890625
"CRS3035RES50000mN4950000E4700000",10.4536123275757,838.344421386719,47.7508735656738,884.281005859375
"CRS3035RES50000mN1850000E4850000",23.1708030700684,763.111999511719,46.2102432250977,574.401794433594
"CRS3035RES50000mN4950000E4750000",11.6590642929077,769.28857421875,46.9595222473145,889.631408691406
"CRS3035RES50000mN4950000E4800000",12.526026725769,759.066040039062,41.0664749145508,908.378356933594
"CRS3035RES50000mN4950000E4850000",13.1021356582642,717.553771972656,36.1076850891113,941.71630859375
"CRS3035RES50000mN4950000E4900000",13.1457023620605,793.983093261719,33.2635803222656,950.861083984375
"CRS3035RES50000mN4950000E4950000",13.0066909790039,745.608032226562,32.5285911560059,947.476867675781
"CRS3035RES50000mN4950000E5000000",12.7738218307495,763.773193359375,33.7864036560059,940.416931152344
"CRS3035RES50000mN4950000E5050000",12.900351524353,777.501708984375,31.1265239715576,943.876403808594
"CRS3035RES50000mN4950000E5100000",12.690580368042,783.176330566406,31.610481262207,940.722351074219
"CRS3035RES50000mN4950000E5150000",12.1168537139893,797.499572753906,33.2722702026367,920.003234863281
"CRS3035RES50000mN1850000E4900000",25.0547657012939,631.825500488281,54.0978164672852,533.573059082031
"CRS3035RES50000mN5000000E4400000",10.443416595459,1326.0166015625,38.1797523498535,331.383972167969
"CRS3035RES50000mN1850000E5000000",24.5582580566406,583.14404296875,62.069881439209,494.473999023438
"CRS3035RES50000mN5000000E4450000",10.4744911193848,1593.04736328125,37.4774322509766,368.695922851562
"CRS3035RES50000mN5000000E4500000",11.3068695068359,2119.18896484375,31.7109508514404,500.936340332031
"CRS3035RES50000mN5000000E4550000",12.0053834915161,2132.75537109375,28.4229755401611,628.759155273438
"CRS3035RES50000mN5000000E4600000",9.46601581573486,1732.84338378906,25.6714782714844,715.3486328125
"CRS3035RES50000mN5000000E4650000",6.85404968261719,1145.86083984375,31.7234210968018,742.876281738281
"CRS3035RES50000mN5000000E4700000",9.96305179595947,757.961547851562,46.5787315368652,854.547729492188
"CRS3035RES50000mN5000000E4750000",11.4241504669189,722.736511230469,46.6520767211914,891.548278808594
"CRS3035RES50000mN5000000E4800000",11.8896236419678,751.839050292969,42.7918319702148,898.343811035156
"CRS3035RES50000mN5000000E4850000",12.3911828994751,767.549499511719,37.5623245239258,920.843505859375
"CRS3035RES50000mN5000000E4900000",12.4656257629395,777.864135742188,36.0905113220215,929.546325683594
"CRS3035RES50000mN5000000E4950000",12.6641998291016,697.143432617188,35.9863967895508,939.320251464844
"CRS3035RES50000mN5000000E5000000",12.6154584884644,721.744689941406,34.0587348937988,936.353820800781
"CRS3035RES50000mN5000000E5050000",12.4634370803833,777.912170410156,30.4799785614014,935.537902832031
"CRS3035RES50000mN5000000E5100000",12.2196426391602,814.920715332031,30.7073993682861,931.959533691406
"CRS3035RES50000mN5000000E5150000",11.8168239593506,831.513244628906,31.0787410736084,918.362182617188
"CRS3035RES50000mN5050000E4500000",11.3342704772949,1838.62097167969,30.7213249206543,525.792663574219
"CRS3035RES50000mN5050000E4550000",11.5830774307251,1758.96960449219,28.9935855865479,654.937622070312
"CRS3035RES50000mN5050000E4600000",11.1621551513672,1713.67504882812,26.2704315185547,714.940185546875
"CRS3035RES50000mN5050000E4650000",8.84019756317139,1354.0166015625,26.9578990936279,758.458557128906
"CRS3035RES50000mN5050000E4700000",9.0025520324707,801.790222167969,38.2412948608398,818.601196289062
"CRS3035RES50000mN5050000E4750000",10.069935798645,762.004516601562,48.8536376953125,852.357055664062
"CRS3035RES50000mN5050000E4800000",11.39182472229,715.88134765625,45.6230239868164,878.120971679688
"CRS3035RES50000mN5050000E4850000",11.9407596588135,688.795776367188,41.2916030883789,912.639343261719
"CRS3035RES50000mN5050000E4900000",11.9045610427856,713.275451660156,40.5869216918945,914.18505859375
"CRS3035RES50000mN5050000E4950000",11.9552993774414,681.123779296875,39.4018974304199,912.706298828125
"CRS3035RES50000mN5050000E5000000",11.961483001709,732.549682617188,34.6333351135254,909.838500976562
"CRS3035RES50000mN5050000E5050000",11.8745021820068,773.316650390625,31.4816932678223,916.647766113281
"CRS3035RES50000mN5050000E5100000",11.8659086227417,782.147888183594,31.9568214416504,911.918701171875
"CRS3035RES50000mN5050000E5150000",11.9288520812988,792.256225585938,32.1348075866699,911.696838378906
"CRS3035RES50000mN5100000E4500000",10.2666578292847,1272.1376953125,34.0837326049805,381.736083984375
"CRS3035RES50000mN5100000E4550000",10.6749639511108,1330.25146484375,29.3066482543945,453.892059326172
"CRS3035RES50000mN5100000E4600000",11.0345611572266,1763.74377441406,29.1069240570068,636.19091796875
"CRS3035RES50000mN5100000E4650000",10.5902938842773,1448.83386230469,26.4917335510254,793.314636230469
"CRS3035RES50000mN5100000E4700000",8.83035659790039,1011.89990234375,31.5439262390137,798.874816894531
"CRS3035RES50000mN5100000E4750000",9.34072303771973,779.224914550781,42.6663513183594,831.44677734375
"CRS3035RES50000mN5100000E4800000",10.6699123382568,712.502868652344,49.2059211730957,860.414367675781
"CRS3035RES50000mN5100000E4850000",10.9846172332764,633.719543457031,49.4479560852051,881.973571777344
"CRS3035RES50000mN5100000E4900000",11.1962623596191,669.340759277344,47.9045829772949,886.527893066406
"CRS3035RES50000mN5100000E4950000",11.4908151626587,682.586486816406,43.0401763916016,895.473754882812
"CRS3035RES50000mN5100000E5000000",11.6338863372803,744.488464355469,38.0486946105957,888.918640136719
"CRS3035RES50000mN5100000E5050000",11.5563259124756,711.146789550781,39.0663986206055,896.62890625
"CRS3035RES50000mN5100000E5100000",11.8377408981323,718.78759765625,34.4357261657715,905.748779296875
"CRS3035RES50000mN5150000E4550000",9.99951267242432,1072.62329101562,28.928503036499,374.087463378906
"CRS3035RES50000mN5150000E4600000",10.0172462463379,1558.99951171875,28.2805767059326,508.794891357422
"CRS3035RES50000mN5150000E4650000",10.8753833770752,1789.55981445312,25.807107925415,769.689819335938
"CRS3035RES50000mN5150000E4700000",9.56506252288818,1137.54284667969,27.2779407501221,793.3271484375
"CRS3035RES50000mN5150000E4750000",8.27451229095459,873.900634765625,31.3248023986816,789.131042480469
"CRS3035RES50000mN5150000E4800000",9.87862873077393,726.963073730469,40.5400123596191,839.628356933594
"CRS3035RES50000mN5150000E4850000",10.8090410232544,625.885070800781,50.881534576416,861.382080078125
"CRS3035RES50000mN5150000E4900000",11.244499206543,605.018737792969,51.790699005127,875.285522460938
"CRS3035RES50000mN5150000E4950000",11.4295682907104,637.024536132812,47.5387191772461,876.960754394531
"CRS3035RES50000mN5150000E5000000",11.603702545166,668.742431640625,45.8692855834961,856.005249023438
"CRS3035RES50000mN5150000E5050000",11.8452453613281,697.807861328125,41.3587951660156,876.667175292969
"CRS3035RES50000mN5200000E4600000",9.73817253112793,1051.13244628906,32.9633483886719,391.087127685547
"CRS3035RES50000mN5200000E4650000",9.95013236999512,1565.42199707031,26.0509262084961,588.055969238281
"CRS3035RES50000mN5200000E4700000",10.3908681869507,1308.19299316406,26.3768291473389,668.778442382812
"CRS3035RES50000mN5200000E4750000",9.86924934387207,1101.33837890625,24.8289604187012,775.5244140625
"CRS3035RES50000mN5200000E4800000",9.46951675415039,853.574645996094,29.4742336273193,809.763549804688
"CRS3035RES50000mN5200000E4850000",10.0682039260864,717.589660644531,40.991138458252,819.90576171875
"CRS3035RES50000mN5200000E4900000",10.9395179748535,628.258178710938,44.8164291381836,877.97119140625
"CRS3035RES50000mN5200000E4950000",10.9055070877075,641.178344726562,45.2538299560547,873.662292480469
"CRS3035RES50000mN5200000E5000000",11.2880344390869,638.160583496094,39.9304428100586,848.858703613281
"CRS3035RES50000mN5200000E5050000",11.3984603881836,672.770141601562,39.3336486816406,849.729187011719
"CRS3035RES50000mN5250000E4650000",9.27666473388672,852.612976074219,29.2112350463867,362.734497070312
"CRS3035RES50000mN5250000E4700000",9.36216735839844,993.213806152344,28.0989551544189,411.880767822266
"CRS3035RES50000mN5250000E4750000",9.51215362548828,1313.47583007812,25.4651317596436,597.5078125
"CRS3035RES50000mN5250000E4800000",10.4073600769043,1066.62805175781,21.5903511047363,807.388977050781
"CRS3035RES50000mN5250000E4850000",9.99906349182129,824.857299804688,28.828670501709,806.2861328125
"CRS3035RES50000mN5250000E4900000",9.37388801574707,791.859924316406,38.9386940002441,816.988708496094
"CRS3035RES50000mN5250000E4950000",10.3424205780029,688.765075683594,40.2285690307617,829.993225097656
"CRS3035RES50000mN5250000E5000000",10.5226078033447,702.127990722656,37.6198272705078,830.82080078125
"CRS3035RES50000mN5250000E5050000",11.0124397277832,698.896667480469,34.9942436218262,835.170959472656
"CRS3035RES50000mN5250000E5100000",10.4001665115356,864.266418457031,30.9044609069824,789.420104980469
"CRS3035RES50000mN5300000E4750000",9.05732727050781,1142.19421386719,30.8877105712891,410.518005371094
"CRS3035RES50000mN5300000E4800000",9.5636568069458,1345.21960449219,25.7300434112549,611.162841796875
"CRS3035RES50000mN5300000E4850000",10.1650648117065,988.455627441406,20.8661727905273,732.878234863281
"CRS3035RES50000mN5300000E4900000",10.3430976867676,812.189453125,27.1218376159668,740.891296386719
"CRS3035RES50000mN5300000E4950000",9.99000549316406,816.768371582031,30.0092830657959,782.356872558594
"CRS3035RES50000mN5300000E5000000",10.1964721679688,781.452087402344,32.2270660400391,812.800842285156
"CRS3035RES50000mN5300000E5050000",9.99066352844238,712.068420410156,28.3658981323242,757.050170898438
"CRS3035RES50000mN5300000E5100000",9.05381774902344,671.670959472656,22.8547801971436,546.008361816406
"CRS3035RES50000mN5350000E4800000",8.98737525939941,920.784423828125,27.6851043701172,409.961242675781
"CRS3035RES50000mN5350000E4850000",9.05723857879639,1129.93029785156,23.9619770050049,514.804931640625
"CRS3035RES50000mN5350000E4900000",9.49884510040283,883.24462890625,23.0404281616211,568.071838378906
"CRS3035RES50000mN5350000E4950000",9.40093803405762,1006.02026367188,21.2234649658203,700.494567871094
"CRS3035RES50000mN5350000E5000000",8.99490547180176,961.597290039062,21.9835605621338,700.84765625
"CRS3035RES50000mN5350000E5050000",8.57690906524658,866.548583984375,21.2591209411621,591.516723632812
"CRS3035RES50000mN5350000E5100000",8.44425010681152,662.199645996094,20.3266849517822,431.780670166016
"CRS3035RES50000mN5400000E4850000",8.54980850219727,819.696594238281,31.4290904998779,379.318237304688
"CRS3035RES50000mN5400000E4950000",8.53226661682129,819.552978515625,23.0921897888184,442.544677734375
"CRS3035RES50000mN5400000E5000000",8.43178176879883,736.4833984375,24.5680961608887,423.287719726562
"CRS3035RES50000mN1900000E2600000",19.1900043487549,641.877319335938,68.8108901977539,218.369262695312
"CRS3035RES50000mN1900000E2650000",20.9168758392334,683.165954589844,66.3415985107422,339.659210205078
"CRS3035RES50000mN1900000E2700000",22.5614337921143,664.452087402344,61.8098526000977,467.495574951172
"CRS3035RES50000mN1900000E2750000",23.1836910247803,632.128173828125,61.5749816894531,522.679382324219
"CRS3035RES50000mN1900000E2800000",24.1396293640137,610.817626953125,60.229850769043,577.822143554688
"CRS3035RES50000mN1900000E2850000",25.4406852722168,554.272888183594,56.9360122680664,625.284851074219
"CRS3035RES50000mN1900000E2900000",25.365909576416,552.487854003906,56.4942207336426,648.341064453125
"CRS3035RES50000mN1900000E2950000",25.5179843902588,599.901672363281,55.9952621459961,664.179443359375
"CRS3035RES50000mN1900000E3000000",25.6549510955811,649.626831054688,56.1627960205078,695.397644042969
"CRS3035RES50000mN1900000E3050000",24.5047225952148,651.121337890625,52.8669624328613,701.027160644531
"CRS3035RES50000mN1900000E3100000",23.8828830718994,516.89892578125,47.1306571960449,700.821533203125
"CRS3035RES50000mN1900000E3150000",25.3282375335693,383.319610595703,44.1433906555176,731.751953125
"CRS3035RES50000mN1900000E3200000",24.3699016571045,439.605377197266,42.1422729492188,712.650817871094
"CRS3035RES50000mN1900000E3250000",23.0904731750488,522.463317871094,38.6367073059082,684.059631347656
"CRS3035RES50000mN1900000E3300000",22.2373199462891,504.157958984375,33.6342582702637,657.730529785156
"CRS3035RES50000mN1900000E3350000",21.3843593597412,512.883728027344,31.9800758361816,604.231872558594
"CRS3035RES50000mN1900000E3400000",22.6934490203857,527.271057128906,37.599681854248,550.148559570312
"CRS3035RES50000mN1900000E3450000",24.175594329834,527.604919433594,49.3844757080078,491.952026367188
"CRS3035RES50000mN1900000E3700000",24.0324573516846,675.607971191406,52.4950828552246,449.333648681641
"CRS3035RES50000mN1900000E3750000",23.770902633667,565.536682128906,53.794620513916,439.412506103516
"CRS3035RES50000mN1900000E3800000",23.6266193389893,522.595764160156,53.4734649658203,437.512725830078
"CRS3035RES50000mN1900000E4150000",23.0952758789062,613.016479492188,59.95703125,479.430938720703
"CRS3035RES50000mN1900000E4200000",22.0601921081543,671.319885253906,51.213565826416,585.534545898438
"CRS3035RES50000mN1900000E4250000",22.2736492156982,620.36279296875,49.9447402954102,559.127685546875
"CRS3035RES50000mN1900000E4300000",23.514778137207,498.682708740234,65.8632736206055,457.197021484375
"CRS3035RES50000mN1900000E4700000",24.0624351501465,825.275573730469,55.6407508850098,489.02734375
"CRS3035RES50000mN1900000E4750000",21.3225345611572,1004.48669433594,45.8670196533203,571.333618164062
"CRS3035RES50000mN1900000E4800000",19.8055648803711,887.736450195312,37.0066413879395,608.950805664062
"CRS3035RES50000mN1900000E4850000",24.136739730835,594.338745117188,35.1931304931641,618.318420410156
"CRS3035RES50000mN1900000E4900000",24.7304801940918,532.212890625,51.9415893554688,530.365234375
"CRS3035RES50000mN1900000E4950000",24.8233642578125,563.356994628906,52.5895805358887,530.347595214844
"CRS3035RES50000mN1900000E5000000",24.7347793579102,627.622375488281,51.3297309875488,545.664672851562
"CRS3035RES50000mN1950000E2600000",18.8699703216553,652.612915039062,65.6604461669922,216.765960693359
"CRS3035RES50000mN1950000E2650000",20.8367691040039,700.266845703125,61.7137222290039,373.739868164062
"CRS3035RES50000mN1950000E2700000",22.522216796875,655.367858886719,59.7027778625488,466.334655761719
"CRS3035RES50000mN1950000E2750000",23.0377101898193,677.768432617188,60.2481384277344,514.444030761719
"CRS3035RES50000mN1950000E2800000",23.2881202697754,714.092102050781,60.4336891174316,567.288818359375
"CRS3035RES50000mN1950000E2850000",24.5834484100342,601.700805664062,58.7981643676758,616.414611816406
"CRS3035RES50000mN1950000E2900000",25.0626850128174,616.531433105469,57.7556686401367,647.35546875
"CRS3035RES50000mN1950000E2950000",24.4921112060547,779.603820800781,56.5957946777344,657.196960449219
"CRS3035RES50000mN1950000E3000000",24.439582824707,650.761535644531,55.054801940918,671.840393066406
"CRS3035RES50000mN1950000E3050000",24.1449508666992,529.001098632812,48.4306869506836,685.670959472656
"CRS3035RES50000mN1950000E3100000",24.8938293457031,411.198150634766,44.6403121948242,710.002502441406
"CRS3035RES50000mN1950000E3150000",25.0137271881104,409.983093261719,43.2459373474121,724.859924316406
"CRS3035RES50000mN1950000E3200000",23.6898326873779,490.996002197266,41.5603256225586,701.623657226562
"CRS3035RES50000mN1950000E3250000",21.9520683288574,653.177124023438,38.650074005127,678.778076171875
"CRS3035RES50000mN1950000E3300000",19.1771793365479,694.488342285156,34.5501327514648,645.304626464844
"CRS3035RES50000mN1950000E3350000",19.926420211792,483.698669433594,30.8324527740479,629.461120605469
"CRS3035RES50000mN1950000E3400000",18.5301399230957,623.394165039062,30.4429626464844,581.692199707031
"CRS3035RES50000mN1950000E3450000",22.2342224121094,640.699035644531,34.8219451904297,564.34326171875
"CRS3035RES50000mN1950000E3500000",24.1997776031494,571.144348144531,43.4154930114746,504.587158203125
"CRS3035RES50000mN1950000E4150000",23.281177520752,519.736511230469,58.4672088623047,458.785827636719
"CRS3035RES50000mN1950000E4200000",22.3391456604004,676.996643066406,50.9485855102539,520.461547851562
"CRS3035RES50000mN1950000E4250000",22.7321147918701,584.893737792969,48.755687713623,529.547180175781
"CRS3035RES50000mN1950000E4600000",23.9739818572998,735.498229980469,59.0899620056152,478.493743896484
"CRS3035RES50000mN1950000E4650000",23.6915512084961,855.257080078125,51.7963409423828,512.900817871094
"CRS3035RES50000mN1950000E4700000",22.1268043518066,1146.96472167969,45.7281532287598,561.641235351562
"CRS3035RES50000mN1950000E4750000",21.0428047180176,868.021728515625,34.3619575500488,622.664855957031
"CRS3035RES50000mN1950000E4800000",21.3133296966553,624.426391601562,25.2178077697754,640.2060546875
"CRS3035RES50000mN1950000E4850000",23.8414974212646,550.244750976562,26.5363159179688,639.255798339844
"CRS3035RES50000mN1950000E4900000",24.2308788299561,572.623779296875,36.6675872802734,601.032470703125
"CRS3035RES50000mN1950000E4950000",24.7946605682373,621.775024414062,43.5170555114746,577.55810546875
"CRS3035RES50000mN1950000E5000000",25.0020484924316,680.907531738281,47.4792518615723,549.656372070312
"CRS3035RES50000mN1500000E4450000",24.6259460449219,549.313842773438,70.6953735351562,434.451599121094
"CRS3035RES50000mN1500000E4500000",24.4952697753906,522.695495605469,72.7775726318359,428.392578125
"CRS3035RES50000mN2000000E2650000",19.7256565093994,725.436584472656,58.7505226135254,294.339080810547
"CRS3035RES50000mN2000000E2700000",20.8693332672119,816.239440917969,55.9487609863281,422.770843505859
"CRS3035RES50000mN2000000E2750000",22.0367851257324,911.428283691406,58.6725845336914,502.455657958984
"CRS3035RES50000mN2000000E2800000",23.5796298980713,761.618408203125,59.5850830078125,576.894897460938
"CRS3035RES50000mN1500000E4700000",24.4469776153564,536.601257324219,81.2632827758789,447.922271728516
"CRS3035RES50000mN2000000E2850000",24.5701904296875,695.636413574219,58.5339584350586,621.413940429688
"CRS3035RES50000mN2000000E2900000",25.0548496246338,787.946166992188,58.7665252685547,652.525695800781
"CRS3035RES50000mN2000000E2950000",23.6770610809326,1008.24273681641,58.5520477294922,661.080993652344
"CRS3035RES50000mN2000000E3000000",22.5689239501953,958.5732421875,57.8729400634766,669.696899414062
"CRS3035RES50000mN2000000E3050000",23.5528240203857,697.722839355469,54.0907325744629,698.09228515625
"CRS3035RES50000mN2000000E3100000",24.5241851806641,538.512023925781,48.8475074768066,713.159973144531
"CRS3035RES50000mN2000000E3150000",24.6104354858398,443.16455078125,44.1469230651855,716.511169433594
"CRS3035RES50000mN2000000E3200000",23.2143898010254,506.424499511719,40.7880401611328,695.526611328125
"CRS3035RES50000mN2000000E3250000",21.7914772033691,707.032348632812,38.308292388916,679.229858398438
"CRS3035RES50000mN2000000E3300000",18.7885913848877,639.031311035156,32.3833274841309,641.268859863281
"CRS3035RES50000mN1500000E4750000",24.8782367706299,545.964233398438,76.9504928588867,465.107330322266
"CRS3035RES50000mN2000000E3350000",19.8884086608887,453.021484375,33.009147644043,632.442993164062
"CRS3035RES50000mN2000000E3400000",20.1569747924805,485.919860839844,30.7610473632812,618.987426757812
"CRS3035RES50000mN2000000E3450000",21.9187068939209,561.496398925781,31.1283760070801,607.661560058594
"CRS3035RES50000mN2000000E3500000",23.1219539642334,556.364135742188,38.9375267028809,563.649475097656
"CRS3035RES50000mN2000000E3550000",23.7280311584473,581.308166503906,43.4214477539062,507.519134521484
"CRS3035RES50000mN2000000E3600000",23.627103805542,580.905029296875,41.5541648864746,480.800201416016
"CRS3035RES50000mN2000000E4150000",23.0883369445801,518.869506835938,59.7195205688477,436.443511962891
"CRS3035RES50000mN2000000E4200000",22.8884544372559,598.010009765625,54.5647392272949,447.406677246094
"CRS3035RES50000mN2000000E4250000",23.4011993408203,546.463439941406,52.161563873291,476.620178222656
"CRS3035RES50000mN2000000E4500000",23.7484321594238,722.574829101562,56.0161590576172,471.882507324219
"CRS3035RES50000mN2000000E4550000",23.6289520263672,905.956787109375,56.5928916931152,525.115844726562
"CRS3035RES50000mN2000000E4600000",22.7748126983643,1015.29876708984,55.2668914794922,547.520874023438
"CRS3035RES50000mN2000000E4650000",22.1271457672119,1107.45129394531,44.9547576904297,597.744873046875
"CRS3035RES50000mN2000000E4700000",21.8039836883545,917.320678710938,35.9406127929688,630.381225585938
"CRS3035RES50000mN2000000E4750000",22.830623626709,616.887817382812,27.1180782318115,650.667785644531
"CRS3035RES50000mN2000000E4800000",24.4046039581299,499.962280273438,26.8111038208008,646.350036621094
"CRS3035RES50000mN2000000E4850000",24.0083103179932,570.567932128906,31.2196159362793,598.110595703125
"CRS3035RES50000mN2000000E4900000",24.1884784698486,567.51318359375,42.2135467529297,543.77197265625
"CRS3035RES50000mN2000000E4950000",24.0744915008545,611.9677734375,51.5965766906738,505.679260253906
"CRS3035RES50000mN2050000E2650000",18.8241424560547,758.948120117188,61.4702262878418,228.575286865234
"CRS3035RES50000mN2050000E2700000",19.5651531219482,909.63916015625,56.5054550170898,329.504638671875
"CRS3035RES50000mN2050000E2750000",20.3767032623291,1151.18737792969,54.2275772094727,462.255798339844
"CRS3035RES50000mN2050000E2800000",20.3910617828369,1259.26416015625,58.056568145752,535.064636230469
"CRS3035RES50000mN2050000E2850000",21.7361106872559,995.01220703125,56.1888084411621,592.259521484375
"CRS3035RES50000mN2050000E2900000",21.6641807556152,857.273681640625,52.0634117126465,614.38037109375
"CRS3035RES50000mN2050000E2950000",20.8191623687744,881.672729492188,49.6298408508301,620.558776855469
"CRS3035RES50000mN2050000E3000000",19.3303108215332,700.473754882812,43.2524070739746,616.775939941406
"CRS3035RES50000mN2050000E3050000",19.7763042449951,529.978332519531,38.733829498291,634.375732421875
"CRS3035RES50000mN2050000E3100000",20.0881004333496,727.277465820312,42.0026702880859,652.592041015625
"CRS3035RES50000mN2050000E3150000",21.1592540740967,644.95849609375,42.2983703613281,668.962097167969
"CRS3035RES50000mN2050000E3200000",21.9483051300049,571.721313476562,39.5927848815918,677.425842285156
"CRS3035RES50000mN2050000E3250000",20.8668384552002,556.957336425781,35.8434181213379,664.759094238281
"CRS3035RES50000mN2050000E3300000",20.7078037261963,484.857421875,34.4480400085449,642.836181640625
"CRS3035RES50000mN2050000E3350000",20.9130592346191,460.586761474609,34.7330665588379,630.724975585938
"CRS3035RES50000mN2050000E3400000",23.3401107788086,380.345275878906,33.1275749206543,628.029541015625
"CRS3035RES50000mN2050000E3450000",25.0248641967773,358.850341796875,33.4464721679688,651.016418457031
"CRS3035RES50000mN2050000E3500000",24.1411380767822,430.269989013672,38.2883262634277,641.735778808594
"CRS3035RES50000mN2050000E3550000",22.3829498291016,518.413757324219,37.6037712097168,618.404663085938
"CRS3035RES50000mN2050000E3600000",21.9285335540771,594.838073730469,33.5023498535156,572.837768554688
"CRS3035RES50000mN2050000E3650000",22.4750919342041,639.65771484375,31.2488174438477,521.049926757812
"CRS3035RES50000mN2050000E3700000",22.9129199981689,640.10498046875,37.2956733703613,480.716583251953
"CRS3035RES50000mN2050000E4200000",21.7198276519775,974.863037109375,50.3298187255859,511.78857421875
"CRS3035RES50000mN2050000E4250000",22.895544052124,747.744262695312,49.3949813842773,540.040344238281
"CRS3035RES50000mN2050000E4450000",23.5094757080078,671.262573242188,52.5050201416016,476.144256591797
"CRS3035RES50000mN2050000E4500000",23.515796661377,838.115661621094,46.1064720153809,554.63037109375
"CRS3035RES50000mN2050000E4550000",21.3809070587158,1164.86486816406,40.6580047607422,629.463684082031
"CRS3035RES50000mN2050000E4600000",19.3309803009033,1187.04956054688,42.9724159240723,644.215393066406
"CRS3035RES50000mN2050000E4650000",18.791431427002,1101.45275878906,34.4982109069824,630.892211914062
"CRS3035RES50000mN2050000E4700000",22.2192516326904,697.739501953125,29.2539577484131,642.9638671875
"CRS3035RES50000mN2050000E4750000",24.8863468170166,523.090576171875,26.4274654388428,660.699340820312
"CRS3035RES50000mN2050000E4800000",24.3030815124512,488.681610107422,31.8510513305664,598.044189453125
"CRS3035RES50000mN1550000E2850000",22.6683616638184,695.21728515625,76.423225402832,340.258056640625
"CRS3035RES50000mN1550000E2900000",22.4480400085449,700.501586914062,76.3986587524414,349.025329589844
"CRS3035RES50000mN1550000E4600000",24.3291091918945,559.23779296875,72.7703399658203,468.634429931641
"CRS3035RES50000mN2100000E2700000",19.0601406097412,967.940673828125,59.6602668762207,277.445495605469
"CRS3035RES50000mN2100000E2750000",20.552209854126,1294.09252929688,54.003101348877,443.190582275391
"CRS3035RES50000mN2100000E2800000",20.337703704834,1204.50415039062,55.0306282043457,511.899627685547
"CRS3035RES50000mN2100000E2850000",20.653751373291,796.343627929688,50.8254203796387,564.465393066406
"CRS3035RES50000mN2100000E2900000",21.1115398406982,660.357666015625,45.0885963439941,590.295227050781
"CRS3035RES50000mN1550000E4650000",24.2529525756836,504.302886962891,66.9050598144531,527.457336425781
"CRS3035RES50000mN2100000E2950000",20.5478096008301,600.140502929688,43.680305480957,597.490844726562
"CRS3035RES50000mN2100000E3000000",20.96337890625,469.358306884766,39.8813743591309,618.565856933594
"CRS3035RES50000mN2100000E3050000",21.6499652862549,444.020446777344,36.7099723815918,633.875915527344
"CRS3035RES50000mN2100000E3100000",21.4493103027344,498.366912841797,36.3693504333496,640.405822753906
"CRS3035RES50000mN2100000E3150000",19.8008270263672,608.802490234375,35.2804985046387,632.740905761719
"CRS3035RES50000mN2100000E3200000",19.7395439147949,570.617309570312,33.4748268127441,638.103515625
"CRS3035RES50000mN2100000E3250000",20.5344791412354,524.380920410156,32.0076713562012,641.215026855469
"CRS3035RES50000mN2100000E3300000",20.42453956604,480.904815673828,31.8983421325684,623.363952636719
"CRS3035RES50000mN2100000E3350000",23.0403251647949,387.2373046875,33.576171875,632.952819824219
"CRS3035RES50000mN2100000E3400000",24.3329162597656,370.058929443359,33.3205718994141,655.371154785156
"CRS3035RES50000mN1550000E4700000",23.9915637969971,593.827026367188,66.8794403076172,561.2978515625
"CRS3035RES50000mN2100000E3450000",24.5039577484131,397.050476074219,32.0922203063965,677.1083984375
"CRS3035RES50000mN2100000E3500000",24.4235210418701,419.680847167969,33.8301048278809,695.297546386719
"CRS3035RES50000mN2100000E3550000",23.0950832366943,523.929809570312,31.5067272186279,678.549133300781
"CRS3035RES50000mN2100000E3600000",20.9930267333984,666.364807128906,30.5537643432617,631.628723144531
"CRS3035RES50000mN2100000E3650000",19.7729511260986,878.386962890625,25.2825622558594,587.687438964844
"CRS3035RES50000mN2100000E3700000",22.2117691040039,800.817687988281,26.4374504089355,567.992370605469
"CRS3035RES50000mN2100000E3750000",22.0916309356689,591.392333984375,42.2207565307617,438.843048095703
"CRS3035RES50000mN2100000E4200000",19.3547668457031,1179.46374511719,49.1690063476562,547.370971679688
"CRS3035RES50000mN2100000E4250000",21.872688293457,848.127685546875,44.4231605529785,541.513366699219
"CRS3035RES50000mN1550000E4750000",24.8388729095459,623.646667480469,70.0468063354492,555.699584960938
"CRS3035RES50000mN2100000E4300000",23.3062992095947,569.810302734375,49.5956268310547,461.678619384766
"CRS3035RES50000mN2100000E4350000",23.4330749511719,514.589538574219,47.5939331054688,465.524963378906
"CRS3035RES50000mN2100000E4400000",23.3562507629395,598.232727050781,50.3280563354492,481.301086425781
"CRS3035RES50000mN2100000E4450000",22.9540481567383,815.001647949219,46.9385795593262,564.909729003906
"CRS3035RES50000mN2100000E4500000",23.0413970947266,934.987915039062,38.3666534423828,640.964721679688
"CRS3035RES50000mN2100000E4550000",19.3909645080566,1176.29296875,31.9516983032227,642.340454101562
"CRS3035RES50000mN2100000E4600000",18.8605804443359,931.211303710938,33.4817199707031,668.864807128906
"CRS3035RES50000mN2100000E4650000",21.051155090332,842.506774902344,25.6498794555664,653.379699707031
"CRS3035RES50000mN2100000E4700000",23.7949161529541,495.763671875,31.2898120880127,577.418029785156
"CRS3035RES50000mN2100000E4750000",23.9889392852783,476.0400390625,34.2697219848633,530.416442871094
"CRS3035RES50000mN2100000E4800000",23.7706527709961,448.213745117188,35.2963485717773,517.933044433594
"CRS3035RES50000mN2150000E2700000",18.5312538146973,1056.97534179688,60.5821304321289,242.023086547852
"CRS3035RES50000mN2150000E2750000",20.1367607116699,1547.3125,52.7535705566406,410.728637695312
"CRS3035RES50000mN2150000E2800000",19.0879287719727,1251.78381347656,53.4926986694336,490.505187988281
"CRS3035RES50000mN2150000E2850000",20.8521785736084,723.785827636719,50.3357467651367,549.216186523438
"CRS3035RES50000mN2150000E2900000",21.3879413604736,767.884643554688,47.9157066345215,584.476623535156
"CRS3035RES50000mN2150000E2950000",20.8179130554199,636.95556640625,44.6531753540039,591.585815429688
"CRS3035RES50000mN2150000E3000000",21.3891582489014,447.966613769531,39.7441673278809,616.838439941406
"CRS3035RES50000mN2150000E3050000",21.4997177124023,471.000701904297,37.9850616455078,628.577026367188
"CRS3035RES50000mN2150000E3100000",21.0571041107178,490.875946044922,36.958610534668,626.499328613281
"CRS3035RES50000mN2150000E3150000",20.7169723510742,497.487365722656,35.38916015625,626.450439453125
"CRS3035RES50000mN2150000E3200000",19.730770111084,674.566101074219,34.1104888916016,628.288513183594
"CRS3035RES50000mN2150000E3250000",17.7828350067139,738.97705078125,30.1783065795898,599.607849121094
"CRS3035RES50000mN2150000E3300000",19.2479991912842,525.76416015625,29.2983245849609,576.73974609375
"CRS3035RES50000mN2150000E3350000",23.0609874725342,392.535705566406,29.5595188140869,621.592712402344
"CRS3035RES50000mN2150000E3400000",22.7206077575684,525.539123535156,29.8279323577881,647.442443847656
"CRS3035RES50000mN2150000E3450000",21.4625949859619,661.914123535156,29.0210571289062,655.95263671875
"CRS3035RES50000mN2150000E3500000",20.9598655700684,774.41357421875,30.225658416748,664.323547363281
"CRS3035RES50000mN2150000E3550000",18.1513080596924,837.108032226562,28.0742835998535,642.4873046875
"CRS3035RES50000mN2150000E3600000",15.6191778182983,886.486999511719,25.3994922637939,628.900390625
"CRS3035RES50000mN2150000E3650000",15.1456327438354,1008.29016113281,21.9734687805176,589.611328125
"CRS3035RES50000mN2150000E3700000",20.9131031036377,875.400329589844,25.0557804107666,582.28271484375
"CRS3035RES50000mN2150000E3750000",21.9759178161621,629.630737304688,41.3210525512695,464.210174560547
"CRS3035RES50000mN2150000E4200000",22.8302917480469,697.521484375,49.2938537597656,509.266784667969
"CRS3035RES50000mN2150000E4250000",22.3881320953369,668.545288085938,46.5563659667969,501.590057373047
"CRS3035RES50000mN2150000E4300000",23.1759414672852,562.783081054688,47.9466857910156,467.183135986328
"CRS3035RES50000mN2150000E4350000",23.3624095916748,598.598449707031,45.1520538330078,501.265991210938
"CRS3035RES50000mN2150000E4400000",22.7568264007568,772.543884277344,41.7141075134277,572.764953613281
"CRS3035RES50000mN2150000E4450000",21.932523727417,884.712585449219,38.7159080505371,636.759643554688
"CRS3035RES50000mN2150000E4500000",22.3203659057617,944.283996582031,32.8748817443848,663.131286621094
"CRS3035RES50000mN2150000E4550000",18.1286430358887,1087.95068359375,20.687629699707,652.507202148438
"CRS3035RES50000mN2150000E4600000",20.1062564849854,954.20703125,18.284294128418,651.63623046875
"CRS3035RES50000mN2150000E4650000",23.9712715148926,618.220764160156,32.9432907104492,591.031677246094
"CRS3035RES50000mN1550000E6350000",25.978702545166,457.002258300781,102.533432006836,450.19287109375
"CRS3035RES50000mN1600000E2850000",23.2776336669922,681.055969238281,75.7945861816406,387.906036376953
"CRS3035RES50000mN1600000E2900000",23.5268859863281,1013.310546875,75.9375,468.925537109375
"CRS3035RES50000mN2200000E2750000",19.9501724243164,1461.04931640625,51.8208160400391,380.705017089844
"CRS3035RES50000mN2200000E2800000",19.0422744750977,1687.71325683594,53.0085296630859,474.052825927734
"CRS3035RES50000mN2200000E2850000",19.7535190582275,1048.048828125,49.6904067993164,527.785339355469
"CRS3035RES50000mN2200000E2900000",20.1839237213135,1087.64514160156,49.5657424926758,563.58935546875
"CRS3035RES50000mN2200000E2950000",20.0930767059326,804.4619140625,46.3757591247559,580.011779785156
"CRS3035RES50000mN2200000E3000000",21.074462890625,498.751892089844,40.0075073242188,607.067016601562
"CRS3035RES50000mN2200000E3050000",20.8696022033691,474.626525878906,36.6734313964844,607.416198730469
"CRS3035RES50000mN2200000E3100000",20.1562519073486,479.169555664062,33.9390106201172,589.7431640625
"CRS3035RES50000mN2200000E3150000",19.2955360412598,537.294860839844,33.1058654785156,574.494689941406
"CRS3035RES50000mN2200000E3200000",17.0275421142578,832.489501953125,32.7628021240234,544.318969726562
"CRS3035RES50000mN1600000E2950000",22.4007720947266,823.771545410156,75.3075103759766,428.225738525391
"CRS3035RES50000mN2200000E3250000",17.7916431427002,774.376525878906,28.7797470092773,529.593322753906
"CRS3035RES50000mN2200000E3300000",20.5241374969482,609.668518066406,27.2771320343018,565.627807617188
"CRS3035RES50000mN2200000E3350000",21.1334037780762,656.094360351562,27.2747688293457,594.427734375
"CRS3035RES50000mN2200000E3400000",19.426383972168,1069.12060546875,29.4542064666748,601.613586425781
"CRS3035RES50000mN2200000E3450000",15.6874160766602,1407.42724609375,26.5330867767334,612.13720703125
"CRS3035RES50000mN2200000E3500000",13.6852045059204,1356.07019042969,20.5118007659912,614.299072265625
"CRS3035RES50000mN2200000E3550000",13.1067419052124,1340.18615722656,17.3363876342773,592.608032226562
"CRS3035RES50000mN2200000E3600000",14.4829940795898,1260.00256347656,15.6145296096802,585.564575195312
"CRS3035RES50000mN2200000E3650000",16.7324981689453,988.722717285156,18.6218223571777,558.179382324219
"CRS3035RES50000mN2200000E3700000",21.6440582275391,753.493774414062,32.9749870300293,578.323425292969
"CRS3035RES50000mN1600000E3000000",23.2379112243652,565.008117675781,70.9422454833984,402.581756591797
"CRS3035RES50000mN2200000E3750000",22.1483421325684,587.144775390625,42.5337371826172,490.989074707031
"CRS3035RES50000mN2200000E3900000",21.7303619384766,541.263977050781,50.0687828063965,453.734954833984
"CRS3035RES50000mN2200000E3950000",21.8831081390381,639.618530273438,48.3951187133789,480.538146972656
"CRS3035RES50000mN2200000E4000000",23.2189559936523,735.908630371094,48.8409080505371,533.490661621094
"CRS3035RES50000mN2200000E4050000",22.6118717193604,702.256713867188,55.1480445861816,452.551513671875
"CRS3035RES50000mN2200000E4250000",22.9108448028564,573.33935546875,49.6690368652344,460.886566162109
"CRS3035RES50000mN2200000E4300000",23.1554317474365,618.981994628906,48.2917785644531,478.154418945312
"CRS3035RES50000mN2200000E4350000",22.671760559082,793.427612304688,39.335033416748,563.689575195312
"CRS3035RES50000mN2200000E4400000",22.3474044799805,793.685668945312,32.4295768737793,647.553283691406
"CRS3035RES50000mN2200000E4450000",22.0937576293945,844.211730957031,34.9223213195801,663.272705078125
"CRS3035RES50000mN1600000E3050000",22.83762550354,495.570678710938,68.9233474731445,401.410278320312
"CRS3035RES50000mN2200000E4500000",22.0087585449219,935.038635253906,29.5356731414795,669.192504882812
"CRS3035RES50000mN2200000E4550000",19.8517189025879,1058.88098144531,17.7541198730469,662.582214355469
"CRS3035RES50000mN2200000E4600000",23.0794219970703,763.362121582031,19.7498645782471,619.643188476562
"CRS3035RES50000mN1600000E3100000",23.0013637542725,476.201934814453,65.7920303344727,463.030120849609
"CRS3035RES50000mN1600000E3150000",23.4795894622803,403.920104980469,58.9388618469238,504.471588134766
"CRS3035RES50000mN1600000E3200000",24.8805065155029,281.837036132812,52.3356437683105,506.7763671875
"CRS3035RES50000mN1600000E3250000",24.2810363769531,263.561218261719,54.3365936279297,420.75634765625
"CRS3035RES50000mN1600000E4500000",24.4401397705078,525.555419921875,67.656005859375,447.190216064453
"CRS3035RES50000mN2250000E2750000",18.7155418395996,1708.10290527344,50.5896110534668,338.213562011719
"CRS3035RES50000mN2250000E2800000",17.8397769927979,1827.56701660156,52.0142250061035,452.978881835938
"CRS3035RES50000mN2250000E2850000",17.7698402404785,1263.81713867188,48.8354225158691,484.805389404297
"CRS3035RES50000mN2250000E2900000",16.571683883667,1512.30603027344,48.8636665344238,514.056274414062
"CRS3035RES50000mN1600000E4550000",24.4857406616211,638.931274414062,64.3795547485352,511.241271972656
"CRS3035RES50000mN2250000E2950000",17.1620845794678,1046.61755371094,44.3477439880371,537.662353515625
"CRS3035RES50000mN2250000E3000000",19.9550857543945,586.583679199219,36.7614593505859,579.472534179688
"CRS3035RES50000mN2250000E3050000",19.7483253479004,611.368591308594,36.7424964904785,583.614379882812
"CRS3035RES50000mN2250000E3100000",18.5038433074951,688.665893554688,34.0114517211914,557.809020996094
"CRS3035RES50000mN2250000E3150000",17.4287014007568,641.336547851562,31.7241058349609,521.315246582031
"CRS3035RES50000mN2250000E3200000",17.2779579162598,737.099243164062,28.0723781585693,494.944793701172
"CRS3035RES50000mN2250000E3250000",17.8085193634033,916.6591796875,29.91721534729,490.262969970703
"CRS3035RES50000mN2250000E3300000",17.580358505249,1264.83374023438,31.4456043243408,500.474395751953
"CRS3035RES50000mN2250000E3350000",17.9390316009521,1435.28625488281,30.2080821990967,512.320922851562
"CRS3035RES50000mN2250000E3400000",16.6881198883057,1744.5966796875,26.8408889770508,519.477600097656
"CRS3035RES50000mN1600000E4600000",23.0906734466553,703.113525390625,56.1987113952637,574.198303222656
"CRS3035RES50000mN2250000E3450000",16.5710258483887,1599.02294921875,19.9787082672119,526.160766601562
"CRS3035RES50000mN2250000E3500000",17.8123779296875,1265.14807128906,17.8194389343262,536.727783203125
"CRS3035RES50000mN2250000E3550000",19.5558013916016,1013.44384765625,16.7518482208252,547.816589355469
"CRS3035RES50000mN2250000E3600000",20.3188343048096,902.548706054688,17.529239654541,557.749389648438
"CRS3035RES50000mN2250000E3650000",20.2679958343506,896.514770507812,20.2294082641602,560.568359375
"CRS3035RES50000mN2250000E3700000",20.7269878387451,934.764099121094,32.0600738525391,573.116943359375
"CRS3035RES50000mN2250000E3750000",22.0193309783936,712.738830566406,39.3725280761719,544.611694335938
"CRS3035RES50000mN2250000E3800000",21.7160129547119,648.097045898438,42.3147926330566,492.192779541016
"CRS3035RES50000mN2250000E3850000",22.2667007446289,588.7626953125,46.0030364990234,518.183044433594
"CRS3035RES50000mN2250000E3900000",23.2725772857666,601.45849609375,43.5408401489258,608.852783203125
"CRS3035RES50000mN1600000E4650000",22.8354339599609,591.982543945312,50.1139602661133,598.230773925781
"CRS3035RES50000mN2250000E3950000",21.5605487823486,737.66552734375,39.3803977966309,620.792419433594
"CRS3035RES50000mN2250000E4000000",21.6609554290771,908.445190429688,38.9532814025879,615.191833496094
"CRS3035RES50000mN2250000E4050000",22.1573810577393,913.999145507812,48.8529853820801,542.935913085938
"CRS3035RES50000mN2250000E4100000",22.8027038574219,738.149780273438,55.0578575134277,474.823791503906
"CRS3035RES50000mN2250000E4300000",23.0456218719482,818.905456542969,49.3694267272949,503.304168701172
"CRS3035RES50000mN2250000E4350000",22.6023464202881,882.876403808594,37.9018898010254,630.034973144531
"CRS3035RES50000mN2250000E4400000",21.8580150604248,1009.91583251953,30.1727409362793,657.95751953125
"CRS3035RES50000mN2250000E4450000",20.4976005554199,1040.45983886719,29.7741165161133,660.931884765625
"CRS3035RES50000mN2250000E4500000",20.7384815216064,1045.1806640625,24.8722667694092,659.153686523438
"CRS3035RES50000mN2250000E4550000",23.2003173828125,830.292602539062,21.1543483734131,667.20947265625
"CRS3035RES50000mN1600000E4700000",23.5614757537842,577.75439453125,52.7843589782715,607.615600585938
"CRS3035RES50000mN2250000E4600000",23.7049160003662,647.459716796875,26.0586376190186,585.953247070312
"CRS3035RES50000mN1600000E4750000",24.0685291290283,714.522338867188,63.0742721557617,555.578430175781
"CRS3035RES50000mN2300000E2750000",18.4329051971436,1692.96545410156,51.2594871520996,291.493347167969
"CRS3035RES50000mN2300000E2800000",18.139627456665,1732.51232910156,48.9776916503906,422.689880371094
"CRS3035RES50000mN2300000E2850000",18.0300846099854,1159.42614746094,46.3525466918945,445.256774902344
"CRS3035RES50000mN2300000E2900000",17.4128856658936,1417.8251953125,45.520336151123,483.982757568359
"CRS3035RES50000mN2300000E2950000",17.2387771606445,1330.54211425781,44.6939430236816,526.080017089844
"CRS3035RES50000mN2300000E3000000",15.9844350814819,1013.19903564453,40.4854164123535,525.624877929688
"CRS3035RES50000mN2300000E3050000",15.8555402755737,1257.60412597656,40.5656929016113,527.238403320312
"CRS3035RES50000mN2300000E3100000",14.8514137268066,1350.20947265625,36.1421585083008,500.917694091797
"CRS3035RES50000mN2300000E3150000",16.2813930511475,1155.9951171875,29.1088466644287,455.990051269531
"CRS3035RES50000mN2300000E3200000",17.191219329834,1368.02661132812,26.1780242919922,437.477355957031
"CRS3035RES50000mN2300000E3250000",18.4220676422119,1254.99609375,29.2893047332764,402.496856689453
"CRS3035RES50000mN2300000E3300000",18.9607391357422,1632.09130859375,27.2769069671631,392.268890380859
"CRS3035RES50000mN2300000E3350000",19.3281936645508,1870.61108398438,26.5138854980469,419.454467773438
"CRS3035RES50000mN2300000E3400000",20.1248588562012,1378.23889160156,24.5009117126465,488.56396484375
"CRS3035RES50000mN2300000E3450000",20.400354385376,1135.99182128906,19.7310657501221,527.089599609375
"CRS3035RES50000mN2300000E3500000",20.5387268066406,886.037231445312,16.3348064422607,549.501342773438
"CRS3035RES50000mN2300000E3550000",20.8036556243896,734.436340332031,14.6130847930908,567.02392578125
"CRS3035RES50000mN2300000E3600000",21.0953159332275,696.486877441406,16.8557529449463,574.462585449219
"CRS3035RES50000mN2300000E3650000",20.7351226806641,890.235290527344,17.8270816802979,571.382873535156
"CRS3035RES50000mN2300000E3700000",18.350133895874,1389.5048828125,25.615104675293,559.03955078125
"CRS3035RES50000mN2300000E3750000",19.1004428863525,1192.41809082031,36.8217277526855,576.30908203125
"CRS3035RES50000mN2300000E3800000",21.8372840881348,1082.89721679688,42.4230995178223,611.542175292969
"CRS3035RES50000mN2300000E3850000",23.5913352966309,770.259399414062,41.2575225830078,646.563171386719
"CRS3035RES50000mN2300000E3900000",22.8584327697754,791.608459472656,38.8827247619629,657.243103027344
"CRS3035RES50000mN2300000E3950000",19.952184677124,870.764831542969,32.576774597168,642.222595214844
"CRS3035RES50000mN2300000E4000000",17.6853790283203,1092.41174316406,26.9141139984131,644.976867675781
"CRS3035RES50000mN2300000E4050000",16.0008525848389,1209.31286621094,32.8507957458496,636.749145507812
"CRS3035RES50000mN2300000E4100000",16.3826503753662,1188.21801757812,35.3305778503418,607.710571289062
"CRS3035RES50000mN2300000E4150000",21.2868709564209,869.143249511719,44.4021987915039,533.421020507812
