"GRD_ID","frac_1","frac_2","frac_3","frac_4","frac_5","frac_6","frac_7","frac_8","frac_9","frac_10","frac_11","frac_12","frac_13","frac_14","frac_15","frac_16","frac_17","frac_18","frac_19","frac_20","frac_21","frac_22","frac_23","frac_24","frac_25","frac_26","frac_27","frac_28","frac_29","frac_30","frac_31","frac_32","frac_33","frac_34","frac_35","frac_36","frac_37","frac_38","frac_39","frac_40","frac_41","frac_42","frac_43"
"CRS3035RES50000mN2300000E4250000",0,0.0185429267585278,0.00272690085694194,0,0,0,0,0,0,0,0,0.00109076034277678,0,0,0.00968049839138985,0,0,0.00140889873728156,0.00168158882297575,0.0231786575168371,0.0770349502563477,0,0.28723356127739,0.0828977897763252,0.354133516550064,0,0,0.0485842823982239,0.0819433704018593,0,0,0.00522655993700027,0.00463573168963194,0,0,0,0,0,0,0,0,0,0
"CRS3035RES50000mN2300000E4300000",0.00713028945028782,0.0812668427824974,0.0159607771784067,0.00189130590297282,0.00329495803453028,0.000672171416226774,0.0126789985224605,0.000349265552358702,0,0.000909408438019454,0.00161452940665185,0.0298918597400188,0,0,0.00371671258471906,0,0.0258654206991196,0.00380238168872893,0.000533783226273954,0.0781036838889122,0.0782816112041473,0,0.404166132211685,0.0210943222045898,0.125214993953705,0.0126394592225552,0,0.00512695452198386,0.0407652221620083,0.00716323871165514,0.00510718487203121,0.0158487483859062,0.000461294141132385,0,0.00682715326547623,0,0,0,0,0.00161452940665185,0.00774315139278769,0,0.000263596652075648
"CRS3035RES50000mN2300000E4350000",0.00125600001774728,0.0451119989156723,0.0108000002801418,0.000823999987915158,0,0.000188000005437061,0.000728000013623387,0,0,0.000755999993998557,0.000788000004831702,0.0626960024237633,0,0,0.0085039995610714,0.000123999998322688,0.0479919984936714,0.00368000008165836,0,0.0612680017948151,0.0848999992012978,0,0.499424010515213,0.015192000195384,0.108432002365589,0.0224159993231297,0,0.00083999999333173,0.0117560001090169,0.000888000009581447,0.00011600000289036,0.00656800018623471,0.000112000001536217,0,0.00260000000707805,0,0,0,0,0.0018880000570789,0.000151999993249774,0,0
"CRS3035RES50000mN2300000E4400000",0.000804000010248274,0.0311919990926981,0.0156319998204708,0.00160800002049655,0,0.00049200002104044,0.00153200002387166,0.000195999993593432,0.000948000000789762,0.00011600000289036,0.00158000004012138,0.122011996805668,0,0,0.00546000013127923,0.00014000000373926,0.0326679982244968,0.0173439998179674,0.000228000004426576,0.0318240001797676,0.105371996760368,0,0.495108008384705,0.0158920008689165,0.0669120028614998,0.00778800016269088,0,0,0.0336159989237785,0,0,0.00594400009140372,0.00209599989466369,0,0.000331999995978549,0,0,0,0,0.000151999993249774,0.00301199988462031,0,0
"CRS3035RES50000mN2300000E4450000",0.000255999999353662,0.0172600001096725,0.00618800008669496,0,0,0.000836000021081418,0.000284000008832663,0,0,0.00022000000171829,0.000292000011540949,0.184972003102303,0,0,0.00123599998187274,0.000348000001395121,0.000720000010915101,0.0056679998524487,0.000380000012228265,0.0854760035872459,0.193759992718697,0,0.328792005777359,0.021671999245882,0.0909759998321533,0.00543599994853139,0,0,0.0495040006935596,0.000452000007499009,0.00011600000289036,0.00469199987128377,0,0,0,0,0,0,0,0,0.000464000011561438,0,0
"CRS3035RES50000mN2300000E4500000",0.000396454561268911,0.0589584559202194,0.0178744364529848,0.000169909093528986,0,0.00268456386402249,0.00219182739965618,0.000271854543825611,0,0.000385127292247489,0.00239005475305021,0.474380552768707,0,0,0.000606009096372873,0.00286580016836524,0.00350579107180238,0.00685866409912705,0.00305270007811487,0.131775826215744,0.129521712660789,0,0.0814317688345909,0.00160280917771161,0.00813298206776381,0.00467250030487776,0,0,0.0519921854138374,0.00828590057790279,0.000634327298030257,0.00474612740799785,0,0,0,0,0,1.13272735688952e-05,0,0,0.000600345490965992,0,0
"CRS3035RES50000mN2300000E4550000",0.00299639673903584,0.0968329235911369,0.041115116328001,0.00102408498059958,0.00292053865268826,0.00364119093865156,0.00326190027408302,0,0,0.00250331871211529,0,0.44881471991539,0,0,0.00466527603566647,0,0.00250331871211529,0,0,0.293002098798752,0.056817751377821,0,0.0148681960999966,0,0.00273089320398867,0,0,0,0.0194576140493155,0.00140337564516813,0,0,0,0,0,0,0,0,0,0,0.00144130480475724,0,0
"CRS3035RES50000mN2350000E2750000",0.00644606770947576,0.031451441347599,0.00366172473877668,0,0.000868428614921868,0,0.00119073200039566,0,0,0,0,0.00464654061943293,0,0,0.000707276922184974,0,0,0.00078785273944959,0,0.223839715123177,0.0419442057609558,0,0.136191084980965,0.169925510883331,0.0456686019897461,0.0116029223427176,0.201797738671303,0,0.0811219736933708,0.00730554340407252,0.000214868923649192,0.0221762638539076,0.00079680560156703,0,0,0,0.00241727544926107,0,0.00124444917310029,0,0.0010474860901013,0.000626701046712697,0.00231879390776157
"CRS3035RES50000mN2350000E2800000",0.00179600005503744,0.0185000002384186,0.00427199993282557,0.000768000027164817,0,0.000920000020414591,0.00215599988587201,0,0.00128399999812245,0.000560000014957041,0.000615999975707382,0.00413599982857704,9.99999974737875e-05,0,0,0,0,0.00258399988524616,0,0.350495994091034,0.03141999989748,0,0.235111996531487,0.161080002784729,0.0527920015156269,0.00238399999216199,0.0568239986896515,0,0.0681879967451096,0,0,0.000783999974373728,0,0,0,0,0.000607999972999096,0,0,0,0.00194400001782924,0,0.000676000025123358
"CRS3035RES50000mN2350000E2850000",0.00139999995008111,0.0043919999152422,0.00234799995087087,0.000615999975707382,0,0,0.000515999970957637,0,0,0.000163999997312203,0.000216000000364147,0.0312959998846054,0,0,0.000163999997312203,0,0,0.00301199988462031,0,0.345252007246017,0.0660080015659332,0,0.203904002904892,0.0975160002708435,0.0453599989414215,0.00255200010724366,0.129739999771118,0,0.059468001127243,0,0.000607999972999096,0.000119999996968545,0,0,0.000272000004770234,0,0,0,0,0,0.0050760000012815,0,0
"CRS3035RES50000mN2350000E2900000",0.00133600004483014,0.00400000018998981,0.00221200007945299,0.000487999990582466,0,0.00023999999393709,0.00101600005291402,0,0.00011600000289036,0,0.000315999990561977,0.0531120002269745,0.000132000001030974,0,0,0,0,0.00146800000220537,0,0.236944004893303,0.0369439981877804,0,0.294508010149002,0.117859996855259,0.0266839992254972,0.00222799996845424,0.170671999454498,0,0.0477479994297028,0,0.000912000017706305,0.00011600000289036,0.000948000000789762,0,0,0,0,0,0,0,0,0,0
"CRS3035RES50000mN2350000E2950000",0.000119999996968545,0.00109200004953891,0.000372000009519979,0,0,0,0.00498400023207068,0,0,0,0,0.0170920006930828,0,0,0,0.000167999998666346,0,0.0788400024175644,0,0.0217840000987053,0.0233280006796122,0,0.244432002305984,0.0456920005381107,0.00653199991211295,0.0147360004484653,0.49770799279213,0,0.0196519996970892,0,0.00752800004556775,0.00845600012689829,0.00436400016769767,0,0,0.000136000002385117,0,0,0,0.00298399990424514,0,0,0
"CRS3035RES50000mN2350000E3000000",0.00364000000990927,0.0118760000914335,0.00714399991557002,0.0034719998948276,0,0.000112000001536217,0.00206799991428852,0.000568000017665327,0.000296000012895092,0.000647999986540526,0.000996000017039478,0.0316519998013973,0,0,0,0,0,0.129452005028725,0,0.0359439998865128,0.0674239993095398,0,0.28193598985672,0.00932800024747849,0.00832000002264977,0.0285080000758171,0.315964013338089,0,0.015192000195384,0,0.0211640000343323,0.0233040004968643,0,0,0,0.000184000004082918,0,0,0,0,0.000807999982498586,0,0
"CRS3035RES50000mN2350000E3050000",0.00210011680610478,0.010735796764493,0.00582572398707271,0.00151628430467099,0,0,0.00112566258758307,0.000142807941301726,0,0.000222612376092002,0.00107525975909084,0.0749825686216354,0,0,0,0.000915650918614119,0.000100805606052745,0.10910526663065,0,0.09896170347929,0.0548088476061821,0,0.355957180261612,0.0124284913763404,0.00399862229824066,0.0402928404510021,0.176859229803085,0,0.0199259072542191,0.000449424987891689,0.0143395969644189,0.0115170404314995,0.000109206070192158,0,0,0,0,0,0,0,0.00105425866786391,0,0.00144908053334802
"CRS3035RES50000mN2350000E3100000",0.0010982658714056,0.0104190753772855,0.00124999997206032,0.00132947973906994,0,0,0,0,0,0,0.000924855470657349,0.0428612716495991,0,0,0,0,0,0.057196531444788,0,0.0232008676975965,0.0400216765701771,0,0.223656073212624,0.00474710995331407,0.00276011554524302,0.0599349699914455,0.362117052078247,0,0.0272543355822563,0.000997109804302454,0.102348268032074,0.0369797684252262,0,0,0,0.000209537567570806,0.000238439301028848,0,0,0,0,0,0.000455202301964164
"CRS3035RES50000mN2350000E3150000",0.00250774645246565,0.0545402020215988,0.00800903327763081,0.00214011874049902,0,0,0.00409642327576876,0.000407016428653151,0,0,0.00266530108638108,0.00225828471593559,0,0,0,0,0,0.285935610532761,0,0.0678667053580284,0.0884407311677933,0,0.250814020633698,0.0272832307964563,0.00518617732450366,0.038719080388546,0.0717661902308464,0,0.0593324936926365,0.00329552008770406,0,0.00836353097110987,0,0,0,0,0.00828475411981344,0,0,0,0.000498923356644809,0,0.00758888712152839
"CRS3035RES50000mN2350000E3200000",0.016285739839077,0.0726688131690025,0.0227339882403612,0.00326757621951401,0.00655253324657679,0.00321543402969837,0.00286781950853765,0.000990701257251203,0.00154688453767449,0.00165116880089045,0.00966368336230516,0,0,0,0,0,0,0.324689328670502,0,0.117372035980225,0.0669853165745735,0,0.184131398797035,0.0012166507076472,0.00427565816789865,0.000990701257251203,0.0306943599134684,0,0.0343964546918869,0.0106196226552129,0.00288520031608641,0.00794299133121967,0,0,0,0,0.0433996692299843,0,0,0.00144260015804321,0.000417137402109802,0,0.0270965490490198
"CRS3035RES50000mN2350000E3350000",0,0.462765961885452,0,0,0,0,0,0,0,0,0.0195035468786955,0,0,0,0,0,0,0,0,0,0,0,0,0.101063832640648,0,0,0,0,0.0407801419496536,0.191489368677139,0,0,0,0,0,0,0,0,0.177304968237877,0,0.00709219835698605,0,0
"CRS3035RES50000mN2350000E3400000",0.000282020948361605,0.0564411729574203,0.00654658442363143,0.00150257057975978,0,0.000323630578350276,0.000605651526711881,0.00018493176321499,0,0,0.00388356694020331,0.126118838787079,0,0,0,0,0,0.00494230119511485,0,0.0243832524865866,0.0379110090434551,0,0.022834450006485,0.355882674455643,0.024942671880126,0.000744350312743336,0,0,0.313713610172272,0.00626456318423152,0,0,0,0,0.00167825573589653,0,0,0,0.00500240409746766,0,0.00581148033961654,0,0
"CRS3035RES50000mN2350000E3450000",0.000284000008832663,0.0229800008237362,0.00606400007382035,0.000372000009519979,0,0.00123199995141476,0.00128800002858043,0,0,0.000255999999353662,0.000623999978415668,0.25899600982666,0,0,0.000899999984540045,0,0,0.00252399989403784,0,0.0370600000023842,0.0360600017011166,0,0.0519240014255047,0.158276006579399,0.0549440011382103,0.00314799998886883,0.00330800004303455,0,0.354907989501953,0,0,0,0,0,0,0,0,0,0,0,0.00485200015828013,0,0
"CRS3035RES50000mN2350000E3500000",0.000255999999353662,0.0108759999275208,0.00192399998195469,7.20000025467016e-05,0,0,0.000464000011561438,0,0,8.80000006873161e-05,0.000920000020414591,0.249799996614456,0,0,0.0971039980649948,0.00197599991224706,0,0.0183840002864599,0,0.115819998085499,0.0591440014541149,0,0.0906639993190765,0.195767998695374,0.0477680005133152,0,0,0,0.106951996684074,0,0,0,0,0,0.000103999998827931,0,0,0,0,0,0.00191600003745407,0,0
"CRS3035RES50000mN2350000E3550000",0.000936000025831163,0.0295880008488894,0.00519199995324016,0.000211999999010004,0,0.000468000012915581,0.000571999989915639,0,0,0.000300000014249235,0.00111199996899813,0.59742397069931,0,0,0.00552400015294552,0.0128960004076362,0,0.0462119989097118,0,0.143411993980408,0.0843439996242523,0,0.0591639988124371,0.00103599997237325,0.000783999974373728,0,0.000167999998666346,0,0.00170000002253801,0,0,0,0,0,0,0,0,0,0,0.00585599988698959,0.00310000008903444,0,0
"CRS3035RES50000mN2350000E3600000",0.000780000002123415,0.0438079982995987,0.00650400016456842,0.000967999978456646,0,0.000723999983165413,0.000875999976415187,0,0.000103999998827931,0,0.00152799999341369,0.366979986429214,0,0,0.00189199997112155,0.0382359996438026,0,0.0362080000340939,0,0.272287994623184,0.0827559977769852,0,0.120651997625828,0.00150400004349649,0.00319599988870323,0.000272000004770234,0.00125600001774728,0,0.0109040001407266,0,0,0,0,0,0,0,0,0,0,0.00649600010365248,0.00206799991428852,0,0
"CRS3035RES50000mN2350000E3650000",0.000288000010186806,0.0133199999108911,0.00182400003541261,0,0,0,0.000247999996645376,0,0,0,0.000791999977082014,0.159595996141434,0,0,0.02008399926126,0.000352000002749264,0,0.181871995329857,0,0.20516799390316,0.0771360024809837,0,0.300651997327805,0.00615599984303117,0.00293600000441074,0.00918000005185604,0.00745599996298552,0.000584000023081899,0.011739999987185,0,0,0,0,0,0,0,0,0,0,0,0.000615999975707382,0,0
"CRS3035RES50000mN2350000E3700000",0.000395999988541007,0.0171000007539988,0.00323599996045232,0.000127999999676831,0,0.000384000013582408,0.000720000010915101,0.000119999996968545,0.000788000004831702,0,0.000660000019706786,0.125668004155159,0,0,0,0,0,0.182899996638298,0,0.396972000598907,0.0338479988276958,0,0.183124005794525,0.0149480002000928,0.0130319995805621,0.00809200014919043,0.0042200000025332,0,0.00612800009548664,0,0,0,0,0,0,0,0,0,0,0,0.0075360001064837,0,0
"CRS3035RES50000mN2350000E3750000",0.000276000006124377,0.0120360003784299,0.0015640000347048,0.000707999977748841,0,0,0.000511999998707324,0,0,0,0.000587999995332211,0.0883120000362396,0,0,0,0.000444000004790723,0,0.160807996988297,0,0.0811880007386208,0.0518359988927841,0,0.150000005960464,0.140415996313095,0.0792080014944077,0.154192000627518,0.0167280007153749,0.0110879996791482,0.0412199981510639,0,0,0.00886000040918589,0,0,0,0,0,0,0,1.59999999596039e-05,0,0,0
"CRS3035RES50000mN2350000E3800000",0.000403999991249293,0.0187320001423359,0.00192800001241267,0,0,0.000247999996645376,0.000184000004082918,0.000311999989207834,0,0,0.000276000006124377,0.00566399982199073,0,0,0.000207999997655861,0.000224000003072433,0,0.0354599989950657,0,0.0203159991651773,0.0139199998229742,0,0.286832004785538,0.166068002581596,0.185696005821228,0.105824001133442,0.0829199999570847,0.0013279999839142,0.0615880005061626,0,0,0.0109919998794794,0,0,0,0,0,0,0,0,0.000875999976415187,0,0
"CRS3035RES50000mN2350000E3850000",0.000300000014249235,0.0422959998250008,0.00561599992215633,0,0,0,0.00127200002316386,0.000180000002728775,0,0,0.00142400001641363,0.0165119990706444,0,0,0.113023996353149,0.00571200018748641,0.000604000000748783,0.00891599990427494,0,0.155895993113518,0.0342440009117126,0,0.327751994132996,0.0450199991464615,0.0593720003962517,0.0363680012524128,0.0295080002397299,0.0741119980812073,0.0307080000638962,0,0,9.99999974737875e-05,0,0,0,0,0,0,0,0.00826799962669611,0.00279600010253489,0,0
"CRS3035RES50000mN2350000E3900000",0.000503999995999038,0.0320120006799698,0.00473999977111816,0.00115999998524785,0,0.00128399999812245,0.0006520000169985,0.000103999998827931,0,7.999999797903e-05,0.000500000023748726,0.0415959991514683,0,0,0.209951996803284,0.00356399989686906,0.00899199955165386,0.0161039996892214,0,0.135087996721268,0.0539680011570454,0,0.16873599588871,0.0979240015149117,0.112644001841545,0.0159440003335476,0.0049519999884069,0.0538999997079372,0.0191600006073713,0.00442800018936396,0.00223199999891222,0.00775999994948506,0,0,0.000127999999676831,0,0,0,0,0.00185999996028841,3.19999999192078e-05,0,0
"CRS3035RES50000mN2350000E3950000",0,0.00583600020036101,0.00100000004749745,0.000236000007134862,0,0,0.000720000010915101,0,0,0,0.000284000008832663,0.0639960020780563,0,0,0.000547999981790781,0.0214360002428293,0.000744000019039959,0.0196039993315935,0,0.0798840001225471,0.0439159981906414,0,0.131587997078896,0.195684000849724,0.141019999980927,0.0589799992740154,0.0250720009207726,0.0996880009770393,0.0536120012402534,0.00534400017932057,0.0113120004534721,0.0389599986374378,0,0,0,0,0,0,0,0,0.000536000006832182,0,0
"CRS3035RES50000mN2350000E4000000",0.000272000004770234,0.0115879997611046,0.00191600003745407,0.000288000010186806,0,0.000292000011540949,0.000123999998322688,0,0,0,0.00213199993595481,0.0493119992315769,0,0,0.000515999970957637,0.00253199995495379,0,0.043248001486063,0,0.0697840005159378,0.0307199992239475,0,0.0651480033993721,0.205827996134758,0.114235997200012,0.12525600194931,0.0509440004825592,0,0.0595000013709068,0.00129199994262308,0.0641160011291504,0.0890439972281456,0,0,0,0,0,0,0,0,0.0119120003655553,0,0
"CRS3035RES50000mN2350000E4050000",0,0.00336400000378489,0.000132000001030974,0,0,0,0,0,0,0,0.000691999972332269,0.000348000001395121,0,0,0,0,0,0.0196439996361732,0,0.00293600000441074,0.00796400010585785,0.000228000004426576,0.0275320000946522,0.194808006286621,0.0254880003631115,0.146160006523132,0.0165400002151728,0,0.089479997754097,0.00097200000891462,0.198888003826141,0.264319986104965,0,0,0,0,0,0,0,0,0.000503999995999038,0,0
"CRS3035RES50000mN2350000E4100000",0.00100000004749745,0.0318999998271465,0.00963599979877472,0.000668000022415072,0,0.000483999989228323,0.00138399994466454,0,0,0,0.000364000006811693,0.266303986310959,0,0,0.00133600004483014,0.0283519998192787,0,0.0235639996826649,0,0.130595996975899,0.0696640014648438,0,0.305996000766754,0.00903999991714954,0.0319680012762547,0.00516000017523766,0.00400000018998981,0,0.039648000150919,0.00432799989357591,0.00124799995683134,0.0333600006997585,0,0,0,0,0,0,0,0,0,0,0
"CRS3035RES50000mN2350000E4150000",0.000849740870762616,0.0177720673382282,0.00540451286360621,0.000124843441881239,0.000213442021049559,0,0.000857795239426196,0,0,0,0.000185251556104049,0.0476660318672657,0,0,0.0573192499577999,0.0126977860927582,0.000664489285554737,0.0309047922492027,0,0.0829121544957161,0.211033746600151,0,0.393349468708038,0.00244048796594143,0.0883730500936508,0.00120413512922823,0.000153033892274834,0.00325801107101142,0.0385725982487202,0.000189278769539669,0,0.000366475898772478,0,0,0,0,0,0,0,0.00326606561429799,0.000221496433368884,0,0
"CRS3035RES50000mN2350000E4200000",0.00382877630181611,0.0451932325959206,0.0070934914983809,0.000324762280797586,0.00546968029811978,0.00104265776462853,0.00103126268368214,0,0.000159532341058366,0,0.000433016364695504,0.0133950188755989,0,0,0.0205226968973875,0,0.00278042093850672,0.00306529994122684,0,0.0184658691287041,0.155515551567078,0,0.462740659713745,0.0116458609700203,0.0610439106822014,0.041905727237463,0,0.0229555647820234,0.107319682836533,0.00163520651403815,0,0.0107969213277102,0,0,0,0,0,0,0,0.00112812151201069,0.000507084943819791,0,0
"CRS3035RES50000mN2350000E4250000",0.000838682055473328,0.0132734272629023,0.000218228495214134,0,0.00026957638328895,0,0,0,0,0,0.000188275560503826,0.00753958057612181,0,0,0,0,0.00298245623707771,0.00130937097128481,0.000149764658999629,0.0142789902165532,0.125053480267525,0,0.635477125644684,0.0130723146721721,0.0598716288805008,0.0331750102341175,0,0.00899015832692385,0.0678005963563919,0.00143774074967951,0,0.0135216088965535,8.55798043630784e-06,0,0,0,0,0,0,0,0.00054343172814697,0,0
"CRS3035RES50000mN2350000E4300000",0.000268000003416091,0.00918400008231401,0.00237199990078807,0,0,0,0.000671999994665384,0.000103999998827931,0,0,0.000539999979082495,0.0854919999837875,0,0,0,0,0.000483999989228323,0.000991999986581504,0.00148400000762194,0.00697200000286102,0.215811997652054,0.000136000002385117,0.558099985122681,0.00951599981635809,0.0186119992285967,0.0208960007876158,0,0,0.0424919985234737,0.0135199995711446,0.000560000014957041,0.0116560002788901,0,0,0,0,0,0,0,0,0.000136000002385117,0,0
"CRS3035RES50000mN2350000E4350000",0.000612000003457069,0.0449239984154701,0.0213520005345345,0.000684000027831644,0,0.000631999981123954,0.00630000000819564,0.000511999998707324,0,0.000323999993270263,0.00192399998195469,0.341372013092041,0,0,0.000432000000728294,0.00210399995557964,0,0,0.00300400005653501,0.0430920012295246,0.219983994960785,0,0.238076001405716,0.00104000000283122,0.00724799977615476,0.0107079995796084,0,0,0.0357040017843246,0.00746800005435944,0,0.0101880002766848,0,0,0.000180000002728775,0,0,0,0,0.000607999972999096,0.00152799999341369,0,0
"CRS3035RES50000mN2350000E4400000",0.00138000003062189,0.045864000916481,0.0278079994022846,0.00291200005449355,0,0.000928000023122877,0.0035880000796169,0.000276000006124377,0.000276000006124377,0.00125199998728931,0.00276400009170175,0.495844006538391,0.00164000003132969,0.00014000000373926,0.000180000002728775,0.00881600007414818,0,0.000684000027831644,0.00183199997991323,0.0531800016760826,0.141752004623413,0,0.152060002088547,0.000327999994624406,0.00258000008761883,0.0129720000550151,0,0,0.0286400001496077,0.00194400001782924,0,0.00411200011149049,0,0,0.00436400016769767,0,0,0,0,0.000236000007134862,0.00164799997583032,0,0
"CRS3035RES50000mN2350000E4450000",0.000692373898345977,0.0305244829505682,0.0167090222239494,0.000128069150377996,0.000256138300755993,0,0.00212514749728143,0.0007403998170048,0.00020811238209717,0.000560302578378469,0.00101254682522267,0.553094685077667,0,0,0.000364196661394089,0.0120505075901747,0,0,0,0.288731902837753,0.00956916715949774,0,0.00249734846875072,0.00027214695001021,0.00483060861006379,0,0,0,0.00668761134147644,0.00042823125841096,0,0.00103655969724059,0,0,0.00995337497442961,0,0.0123986955732107,0,0,0.00216116709634662,0.00196906318888068,0.040998138487339,0
"CRS3035RES50000mN2350000E4500000",0,0.073017492890358,0.022075055167079,0,0.00866021402180195,0,0.00573102384805679,0,0,0,0.013032772578299,0.550050914287567,0,0,0,0,0,0,0,0.0516216680407524,0,0,0,0.0608337596058846,0.0415180847048759,0,0,0,0.00751400925219059,0.0159195102751255,0,0,0,0,0.00441501103341579,0,0.0634657815098763,0.0340889804065228,0,0.00776872131973505,0.0258532855659723,0.0144336903467774,0
"CRS3035RES50000mN1600000E6300000",0,0,0,0,0,0,0,0,0,0,0,0.0391719751060009,0,0,0,0,0,0,0.0256369430571795,0.00350318476557732,0.000477707013487816,0,0,0.35302546620369,0,0.0160828027874231,0,0.346974521875381,0,0.0359872616827488,0,0.179140120744705,0,0,0,0,0,0,0,0,0,0,0
"CRS3035RES50000mN1600000E6350000",0.000125185455544852,0.0332668758928776,0.00306472554802895,0.000129821957671084,0,0,0.00286535616032779,0.000384829385438934,0.000134458459797315,0,0.00555452518165112,0.0986044108867645,0.00414039334282279,0,0.0542933978140354,0.021527262404561,0.00248516327701509,0.0014326780801639,0.0442924685776234,0.0705675110220909,0.0518221445381641,0,0.000255007413215935,0.330234616994858,0,0.0452754087746143,0.000185459939530119,0.155188247561455,0.0601400211453438,0.00351910246536136,0,0.00660701049491763,0.000709384272340685,0,0,0,0,0,0,0,0.00319454749114811,0,0
"CRS3035RES50000mN1600000E6400000",0.000177065463503823,0.0538026057183743,0.00770487729460001,0.000632376701105386,0.000794265128206462,0,0.00716862175613642,0,0.00134569755755365,0,0.00443169567734003,0.0293220411986113,0.0123439924791455,0,0.00905563402920961,0.0208734888583422,0.0155514068901539,0.000146711390698329,0.0509897954761982,0.102111123502254,0.083782322704792,0,0.00139628769829869,0.268163114786148,0.00119392713531852,0.00590386847034097,0.000844855210743845,0.229765206575394,0.0611533522605896,0.00470994133502245,0.000177065463503823,0.00967789255082607,0.00810453947633505,0,0.00064249470597133,0,0.00348566030152142,0,0,0,0.00454805325716734,0,0
"CRS3035RES50000mN1600000E6450000",0.00267549115233123,0.0683306306600571,0.0121805248782039,0.000950503395870328,0,0.0132014360278845,0.0019362106686458,0,0.000880095758475363,0.00792086217552423,0.00658311601728201,0.234774336218834,0.146870374679565,0,0,0.0146447932347655,0.0105611486360431,0,0.0637189298868179,0.107230864465237,0.0223896354436874,0,0,0.0237977895885706,0,0.00675913551822305,0,0.177145674824715,0.0123213408514857,0,0,0.0375624857842922,0,0,0,0,0.0275645982474089,0,0,0,0,0,0
"CRS3035RES50000mN2400000E2750000",0.00386442220769823,0.00503104040399194,0.000583309039939195,0,0,0,0.000770801212638617,0,0,0,0,0.00306237232871354,0,0,0,0,0,0.00380192487500608,0,0.267509698867798,0.0366547219455242,0,0.101037457585335,0.130609139800072,0.131859093904495,0.00451022852212191,0.189335867762566,0,0.0885275602340698,0.00231240363791585,0.00057289277901873,0.0169576276093721,0,0,0,0,0.000999958370812237,0,0.00426023919135332,0,0.00773926079273224,0,0
"CRS3035RES50000mN2400000E2800000",0.00612151017412543,0.0269393622875214,0.0111578973010182,0.000748970895074308,0.00112640508450568,0.000566151225939393,0.00359152187593281,0.000807944976259023,0.00207588775083423,0.00120307132601738,0.0010261491406709,0.00679381471127272,0,0,0,0,0,0.00618048431351781,0,0.37712749838829,0.0157755687832832,0,0.180814549326897,0.111201539635658,0.0809419304132462,0.00153922371100634,0.115671776235104,0,0.0412110909819603,0.00096717500127852,0,0.000943585415370762,0.000212306709727272,0,0,0,0.000825637194793671,0,0,0,0.00298408884555101,0.000589740870054811,0.000855124264489859
"CRS3035RES50000mN2400000E2850000",0.00353824626654387,0.0174747742712498,0.00712644448503852,0.000445402780314907,0.00162343063857406,0,0.00169419555459172,0.000116553994303104,0,0,0.000765926262829453,0.0429334975779057,0.000345499342074618,0,0.00031636084895581,0,0,0.00806720182299614,0,0.2311931848526,0.023052716627717,0,0.304085224866867,0.0859502479434013,0.051666721701622,0.00608994625508785,0.150691837072372,0,0.050139032304287,0.000761763600166887,0,0.00107812450733036,0,0,0,0,0.000865829701069742,0,0.0013695094967261,0,0.00633970508351922,0.000120716642413754,0.00214792368933558
"CRS3035RES50000mN2400000E2900000",0.000674849958159029,0.00346544594503939,0.000241669244132936,0.00125850399490446,0,0,0.000524376693647355,0,0,0,0.000123114528832957,0.0449459217488766,0,0,0,0,0,0.00264924205839634,0,0.21835957467556,0.0308698266744614,0,0.323385387659073,0.0538238473236561,0.0916154459118843,0.0195934493094683,0.147053465247154,0,0.0588077045977116,0,0,0.000460539507912472,0,0,0,0,0.000807084084954113,0,0,0,0.000259908440057188,0,0.00108067190740258
"CRS3035RES50000mN2400000E2950000",0.000568799674510956,0.00808030087500811,0.00215809280052781,0.000242576323216781,0.00025094102602452,0,0.000276035134447739,0,0.000267670431639999,0,0.000209117526537739,0.149058967828751,0,0,0,0,0,0.0477624423801899,0,0.0284065250307322,0.0208113752305508,0,0.229736506938934,0.0816478431224823,0.0570807196199894,0.00334588042460382,0.278410702943802,0,0.0706231668591499,0,0.00293601001612842,0.00404015043750405,0,0,0,0,0.00148055201862007,0,0,0.000819740700535476,0.00345462141558528,0,0.00833124201744795
"CRS3035RES50000mN1650000E2850000",0.0187718980014324,0.0249437410384417,0.0141809964552522,0.00198448495939374,0.00181831989903003,0.0024924750905484,0.00282480521127582,0.000403543584980071,0.00367462052963674,0.000593446427956223,0.00596295017749071,0.327553957700729,0.308933973312378,0.000811834761407226,0.0410332605242729,0.00325683411210775,0.00833673588931561,0.00978474505245686,0,0.00766732823103666,0.00464312499389052,0.00508464919403195,0.00585850328207016,0.0197356548160315,0.000802339578513056,0,0,0.0126285403966904,0.0134356273338199,0.0174473263323307,0,0.00105396087747067,0,0,0.000417786301113665,0,0.0788334235548973,0.0309826526790857,0,0.00957110431045294,0.0107200164347887,0.00198448495939374,0.00177084421738982
"CRS3035RES50000mN2400000E3000000",0.00643305946141481,0.0248190704733133,0.0166550818830729,0.00367992813698947,0.00171729980502278,0.00245328526943922,0.00209892191924155,0.00155374733731151,0,0,0.00111760781146586,0.155729100108147,0,0,0,0.00055880390573293,0,0.0693870857357979,0,0.0876368060708046,0.0294121652841568,0,0.347098976373672,0.0346322134137154,0.0574613958597183,0.000872279226314276,0.121423996984959,0,0.021643428131938,0.00257594953291118,0.000804132432676852,0,0,0,0,0,0.000885908608324826,0,0,0,0.00343459961004555,0,0.00591514352709055
"CRS3035RES50000mN2400000E3050000",0.0415779687464237,0.090407133102417,0.0784326791763306,0.0069850985892117,0.0168307609856129,0,0.0069850985892117,0,0.0129723260179162,0.00339276203885674,0.00685204891487956,0.343201160430908,0,0,0,0,0,0.0774348080158234,0,0.0775678530335426,0.013903671875596,0,0.167309746146202,0,0,0.00153006915934384,0.0252794045954943,0,0.0256785526871681,0,0.00365886115469038,0,0,0,0,0,0,0,0,0,0,0,0
"CRS3035RES50000mN2400000E3400000",0,0.0345189608633518,0.0127754900604486,0.000266156042926013,0,0.00301643507555127,0,0,0,0.000207010249141604,0.00520482938736677,0.051360722631216,0,0,0,0,0,0.000243976377532817,0,0.00654300255700946,0.0207379907369614,0,0.022867240011692,0.390628337860107,0.0177437365055084,0,0.0118587305769324,0,0.328554838895798,0.0128863882273436,0,0,0.000295728939818218,0,0.00335652334615588,0,0.000717142655048519,0,0.0075558740645647,0,0.0686608627438545,0,0
"CRS3035RES50000mN2400000E3450000",0,0.0174599997699261,0.00216399994678795,0.000372000009519979,0,0,0.000715999980457127,0,0,9.99999974737875e-05,0.000132000001030974,0.0878280028700829,0,0,0.00672399997711182,0,0,0.00306400004774332,0,0.0124760000035167,0.0175800006836653,0,0.0390160009264946,0.366567999124527,0.0663840025663376,0,0.036556001752615,0,0.340696007013321,0,0,0,0,0,0.000452000007499009,0,0,0,0,0,0.0017119999974966,0,0
"CRS3035RES50000mN2400000E3500000",0.000928000023122877,0.0328640006482601,0.00445199990645051,0.000487999990582466,0,0,0.000872000004164875,0,0,0,0.00131199997849762,0.271108001470566,0,0,0.0987960025668144,0.00414799991995096,0,0.0462240017950535,0,0.122883997857571,0.0189839992672205,0,0.0964199975132942,0.174983993172646,0.0656120032072067,0,9.99999974737875e-05,0,0.0502680018544197,0,0,0,0,0,0,0,0,0,0,0.00722000002861023,0.00233600009232759,0,0
"CRS3035RES50000mN2400000E3550000",0.000348000001395121,0.0259559992700815,0.00273999990895391,0.000167999998666346,0,0.000127999999676831,0.000292000011540949,0.000103999998827931,0,0,0.000508000026457012,0.527963995933533,0,0,0.00329199992120266,0.028659999370575,0,0.0659520030021667,0,0.184824004769325,0.0414800010621548,0,0.092848002910614,0.00309600005857646,0.0127959996461868,0.000103999998827931,0,0,0.00233200006186962,0,0,0,0,0,0,0,0,0,0,0.0042200000025332,0.00218799989670515,0,0
"CRS3035RES50000mN2400000E3600000",0.000199999994947575,0.0219439994543791,0.0017239999724552,0.00169199996162206,0,0,0.00143199996091425,0,0,0.000236000007134862,0.000243999995291233,0.0412679985165596,0,0,0.019115999341011,0.0013399999588728,0,0.0929120033979416,0,0.240952000021935,0.0463959984481335,0,0.37992799282074,0.0066800001077354,0.0774800032377243,0.00644400017336011,0.00987999979406595,0,0.0442759990692139,0,0,0,0,0,0,0,0,0,0,0.00585599988698959,0,0,0
"CRS3035RES50000mN2400000E3650000",0.00039999998989515,0.0116919996216893,0.00107999995816499,0.00119199999608099,0,0,0.000103999998827931,0,0,0,0.00022000000171829,0.0134399998933077,0,0,0,0,0,0.27251198887825,0,0.17247200012207,0.0419480018317699,0,0.357863992452621,0.00349600007757545,0.00499599985778332,0.06266800314188,0.00254800007678568,4.4000000343658e-05,0.0486520007252693,0,0,0,0,0,0,0,0,0,0,0.00450399983674288,0.000167999998666346,0,0
"CRS3035RES50000mN2400000E3700000",0.000243999995291233,0.016847999766469,0.0019120000069961,0,0,9.60000033956021e-05,9.60000033956021e-05,0,0.000224000003072433,0,0.00031999999191612,0.012707999907434,0,0,0.000127999999676831,0,0,0.269896000623703,0,0.275335997343063,0.0423719994723797,0,0.318491995334625,0.0107319997623563,0.0216039996594191,0.0106960004195571,0.00515200011432171,0,0.00846400018781424,0,0,0,0,0,0,0,0,0,0,0.000684000027831644,0.00399600015953183,0,0
"CRS3035RES50000mN2400000E3750000",0,0.00682799983769655,0.000676000025123358,0.000211999999010004,0,0,0.00039999998989515,0,0,0,0,0.00464800000190735,0,0,0,0,0,0.30842399597168,0,0.103880003094673,0.0415120013058186,0,0.138451993465424,0.11404799669981,0.0662280023097992,0.148987993597984,0.0382959991693497,0,0.0190680008381605,0,0,0,0,0,0,0.00264000007882714,0,0,0,0.00192399998195469,0.0037760001141578,0,0
"CRS3035RES50000mN1650000E2900000",0.00561199989169836,0.00236000004224479,0.00208800006657839,0.00022000000171829,0,0,0.00263600004836917,0.000176000001374632,0.000515999970957637,0.00011600000289036,0.00039999998989515,0.270096004009247,0.307000011205673,8.3999999333173e-05,0.00166399998124689,0.00271599995903671,0.0650079995393753,0.0119120003655553,0.000123999998322688,0.00694399978965521,0.00882400013506413,0.0430320017039776,0.0917159989476204,0.012020000256598,0.00413599982857704,0.00514800008386374,0,0.0640079975128174,0.053371999412775,0.000464000011561438,0.00371200009249151,0.00313200009986758,0,0,0.00216399994678795,0,0,0,0,0,0.0285999998450279,0,0
"CRS3035RES50000mN2400000E3800000",0.000103999998827931,0.00610799994319677,0.000891999981831759,0,0,0,0,0,0,0,0.000303999986499548,0.0121759995818138,0,0,0,0,0,0.225807994604111,0,0.115620002150536,0.0283320005983114,0,0.0685999989509583,0.280687987804413,0.0945800021290779,0.0368559993803501,0.0775799974799156,0,0.0473960004746914,0,9.60000033956021e-05,0.000123999998322688,0,0,0,0,0,0,0,0,0.00473600020632148,0,0
"CRS3035RES50000mN2400000E3850000",0.00022000000171829,0.0252759996801615,0.00240399991162121,0,0,0,0.000791999977082014,0,0,0,0.000108000000182074,0.00116400001570582,0,0,0.0102279996499419,0.00113600003533065,0,0.173475995659828,0,0.0543599985539913,0.0206840001046658,0,0.227535992860794,0.132003992795944,0.147972002625465,0.0901240035891533,0.0952960029244423,0,0.0141040002927184,0,0.00115200004074723,0.000964000006206334,0,0,0,0,0,0,0,0,0.00100000004749745,0,0
"CRS3035RES50000mN2400000E3900000",0.000872000004164875,0.0440719984471798,0.0124679999426007,0.0013399999588728,0,0.000380000012228265,0.00176400004420429,0.00022000000171829,0,0.000103999998827931,0.000828000018373132,0.190096005797386,0,0,0.00456799985840917,0.0317160002887249,0,0.0543759986758232,0,0.139696002006531,0.0313480012118816,0,0.210127994418144,0.0895799994468689,0.110423997044563,0.018716000020504,0.0128239998593926,0.00719999987632036,0.0167079996317625,0.00226400000974536,0.000224000003072433,0.00503600016236305,0,0,0,0,0,0,0,0.0121799996122718,0.000867999973706901,0,0
"CRS3035RES50000mN2400000E3950000",0,0.0111720003187656,0.00095999997574836,0.000176000001374632,0,0,0.000103999998827931,0,0,0,0.00129199994262308,0.0385040007531643,0,0,0.00101600005291402,0.000427999999374151,0,0.0992960035800934,0,0.0485959984362125,0.0267079994082451,0,0.137424007058144,0.258983999490738,0.144244000315666,0.0904799997806549,0.0125959999859333,0.00358000001870096,0.0286120008677244,0.000907999987248331,0.0447480008006096,0.0436559990048409,0,0,0,0,0,0,0,0.000296000012895092,0.00621999986469746,0,0
"CRS3035RES50000mN2400000E4000000",0,0.00630400003865361,0.000132000001030974,0,0,0,0,0,0,0,0.000452000007499009,0.00817199982702732,0,0,0,0,0,0.0218560006469488,0,0.0225520003587008,0.0121120000258088,0,0.0387800000607967,0.112135998904705,0.0265079997479916,0.200688004493713,0.0228679999709129,0,0.0279079992324114,0.00157199997920543,0.271548002958298,0.201756000518799,0,0.0231040008366108,0,0,0,0,0,0.000615999975707382,0.000936000025831163,0,0
"CRS3035RES50000mN2400000E4050000",0,0.00987199973315001,0.000127999999676831,0.000228000004426576,0,0,0.000560000014957041,0,0,0,0.00108800001908094,0,0,0,0,0,0,0.0193399991840124,0,0.00487599987536669,0.0118640000000596,0,0.0556799992918968,0.285304009914398,0.0357440002262592,0.135087996721268,0.0146239995956421,0,0.0923440009355545,0.00153200002387166,0.125964000821114,0.205476000905037,0,0,0.000288000010186806,0,0,0,0,0,0,0,0
"CRS3035RES50000mN2400000E4100000",0.00723600015044212,0.0885640010237694,0.0352680012583733,0.00242000003345311,0,0.000515999970957637,0.00387599994428456,0.000456000008853152,0.000167999998666346,0.00556800002232194,0.00241199997253716,0.423851996660233,0,0.000311999989207834,0.00358000001870096,0.00812800042331219,0,0.0234559997916222,0,0.0905560031533241,0.0778319984674454,0,0.175264000892639,0.00578399980440736,0.0119920000433922,0.000875999976415187,0.00226800004020333,0,0.0126320002600551,0.00225999997928739,0,0.0103519996628165,0,0,0,0,0,0,0,0.0034880000166595,0.000883999979123473,0,0
"CRS3035RES50000mN2400000E4150000",0.00104400003328919,0.0270920004695654,0.00752400001510978,0.000176000001374632,0,0,0.00047999998787418,0,0,0.000119999996968545,0.000891999981831759,0.201251998543739,0,0.000391999987186864,0.150115996599197,0.0019120000069961,0,0.0115040000528097,0.00112000002991408,0.208995997905731,0.179560005664825,0,0.197032004594803,0,0.00564800016582012,0,0,0,0.000788000004831702,0,0,0,0,0,0,0,0,0,0,0.00435200007632375,0,0,0
"CRS3035RES50000mN2400000E4200000",0.00164799997583032,0.0369599983096123,0.0148200001567602,0.00135599996428937,0,0.000103999998827931,0.00192399998195469,0.00039999998989515,0.000112000001536217,0.000292000011540949,0.0014639999717474,0.46043598651886,0,0.120131999254227,0.0247799996286631,0.00267599988728762,0,0.00141200004145503,0,0.105608001351357,0.0919319987297058,0,0.0902960002422333,0.000103999998827931,0.00150400004349649,0,0,0,0.0202879998832941,0.00934000033885241,0,0.00138799997512251,0,0,0.00028000000747852,0,0,0,0,0.0105879995971918,0.000155999994603917,0,0
"CRS3035RES50000mN2400000E4250000",0.000967999978456646,0.0342320017516613,0.00811600033193827,0.000607999972999096,0,0.00115599995478988,0.0015999999595806,0.000207999997655861,0,0.000108000000182074,0.000684000027831644,0.337103992700577,0,0.0377199985086918,0.0634680017828941,0,0,0.00322000007145107,0,0.0427279993891716,0.173500001430511,0,0.201475992798805,0.0075199999846518,0.014856000430882,0.00448800018057227,0,0,0.0418759994208813,0.0105360001325607,0,0.00343600008636713,0,0,0,0,0,0,0,0.0101720001548529,0.00022000000171829,0,0
"CRS3035RES50000mN1650000E2950000",0.00552400015294552,0.00107200001366436,0.0007999999797903,0,0,0,0.000587999995332211,0,0.000592000025790185,0,0.000276000006124377,0.25152799487114,0.0189919993281364,0,0.000103999998827931,0.00576800014823675,0.239991992712021,0.00932000018656254,0,0.0193879995495081,0.00687600020319223,0.0418240018188953,0.05502799898386,0.0364760011434555,0.00203200010582805,0.0372040010988712,0.000123999998322688,0.178271993994713,0.0591839998960495,0,0.00706799980252981,0.0157319996505976,0,0,0,0,0,0,0,0,0.00623599998652935,0,0
"CRS3035RES50000mN2400000E4300000",0.00158000004012138,0.0384760014712811,0.0218519996851683,0.00205200002528727,0,0.000495999993290752,0.000980000011622906,0.000563999987207353,0.00085200002649799,0.000628000008873641,0.000931999995373189,0.73309201002121,0,0,0.00187999999616295,0.000636000011581928,0,0.000944000028539449,0,0.00122400000691414,0.07829599827528,0,0.0652040019631386,0.00047999998787418,0.00083999999333173,0.000847999996040016,0,0,0.0259479992091656,0.0078320000320673,0,0,0,0,0.000768000027164817,0,0,0,0,0.0112560000270605,0.00233999988995492,0,0
"CRS3035RES50000mN2400000E4350000",0.00167599995620549,0.0525240004062653,0.0224760007113218,0.00156799994874746,0,0.000112000001536217,0.00126399996224791,0,0.000796000007539988,0.000211999999010004,0.00047999998787418,0.777159988880157,0,0.00209599989466369,0.00028000000747852,0,0,0.00101999996695668,0,0.0797199979424477,0.0013160000089556,0,0.0166599992662668,0,0,0,0,0,0.0246799997985363,0.00174400000832975,0,0.000167999998666346,0,0,0.00335999997332692,0,0,0,0,0.00927199982106686,0.00141599995549768,0,0
"CRS3035RES50000mN2400000E4400000",0.000560000014957041,0.041228000074625,0.0163920000195503,0,0,0.000292000011540949,0.00112399994395673,0.000560000014957041,0.000292000011540949,0.000391999987186864,0.000384000013582408,0.78574800491333,0,0.000560000014957041,0.000368000008165836,0.0113439997658134,0,0.000132000001030974,0,0.107096001505852,0.000364000006811693,0,0.00718799978494644,0,0,0.00011600000289036,0,0,0.00512399990111589,0.000636000011581928,0,0.000176000001374632,0,0,0.00537599995732307,0,0,0,0,0.0137320002540946,0.000815999985206872,0,0
"CRS3035RES50000mN2400000E4450000",0.000285002053715289,0.0414216369390488,0.00846576597541571,0.00019669157336466,0,0,0.000140493983053602,0.000228804477956146,0,0.000702469900716096,0.00111190951429307,0.77002739906311,0,0.058718454092741,0.000421481934608892,0.00952147785574198,0,0,0,0.0668430179357529,0.00132064335048199,0,0.00581645080819726,0.00158156082034111,0.000674371083732694,0,0,0,0.00209135329350829,0.000260917382547632,0,0,0,0,0.00184247817378491,0,0.00234022829681635,0,0,0.0177263263612986,0.00118817761540413,0.00707286829128861,0
"CRS3035RES50000mN2400000E4500000",0,0.0103570288047194,0.0069378181360662,0,0.000516857486218214,0,0,0,0,0,0.00940283108502626,0.517255067825317,0,0.0234971381723881,0,0,0,0.000636132317595184,0,0.00292223272845149,0,0,0.00467159692198038,0.0078125,0.00298187020234764,0,0,0,0.00067589059472084,0.0176526717841625,0,0,0,0,0.0118877226486802,0,0.204079195857048,0,0,0.0459009222686291,0.00103371497243643,0.131778791546822,0
"CRS3035RES50000mN1650000E3000000",0.00565999979153275,0.00272800005041063,0.00389200006611645,0.00256799999624491,0,0,0.000804000010248274,0,0.000707999977748841,0,0.000243999995291233,0.149747997522354,0.049176000058651,0,0.00300000002607703,0.0494880005717278,0.413760006427765,0.00404000002890825,0.0013160000089556,0.026655999943614,0.0270559992641211,0.0134359998628497,0.0147919999435544,0.0242199990898371,0.0021480000577867,0.0213239993900061,0,0.128591999411583,0.0220400001853704,0.000148000006447546,0.00937199965119362,0.00697200000286102,0.000199999994947575,0,0.000948000000789762,0,0,0,0,0,0.0149640003219247,0,0
"CRS3035RES50000mN1650000E3050000",0.00700399978086352,0.00218799989670515,0.00430000014603138,0.000184000004082918,0,0.000631999981123954,0.0015999999595806,0,0.001304000033997,0,0,0.113288000226021,0.0694240033626556,0,0.00153200002387166,0.0414719991385937,0.38400399684906,0.00235199998132885,0.000211999999010004,0.0218119993805885,0.0147479996085167,0.0279239993542433,0.0375320017337799,0.0320120006799698,0.00587200000882149,0.0257440004497766,0,0.135895997285843,0.0220960006117821,0,0.0108679998666048,0.0276079997420311,0,0,0,0,0,0,0,0,0.00839199963957071,0,0
"CRS3035RES50000mN1650000E3100000",0.0131639996543527,0.0157280005514622,0.00640799989923835,0.0015640000347048,0,0.00101999996695668,0.00215200008824468,0.000148000006447546,0.00314799998886883,0.000460000010207295,0.00124000001233071,0.0739800035953522,0.035631999373436,0,0.000907999987248331,0.021339999511838,0.13204400241375,0.00153999996837229,0,0.0346839986741543,0.0192639995366335,0.0194320008158684,0.0429240018129349,0.0952799990773201,0.0189720001071692,0.0755359977483749,0.0880760028958321,0.220715999603271,0.0214239992201328,0,0.00205600005574524,0.0485399998724461,0,0,0.000288000010186806,0,0,0,0,0,0.00233200006186962,0,0
"CRS3035RES50000mN1650000E3150000",0.0023439999204129,0.00195599999278784,0.0037599999923259,0.000184000004082918,0,0,0.00299599999561906,0,0.000560000014957041,0,0,0.109240002930164,0.0477959997951984,0,0.000112000001536217,0.0691599994897842,0.0213520005345345,0.0103080002591014,0,0.0397839993238449,0.0310479998588562,0.0332599990069866,0.0202639997005463,0.181595996022224,0.0442200005054474,0.0901440009474754,0.0283320005983114,0.150184005498886,0.0408359989523888,0,0.00270400010049343,0.0676919966936111,0,0,0,0,0,0,0,0,0.000167999998666346,0,0
"CRS3035RES50000mN1650000E3200000",0.00133600004483014,0.00266800005920231,0.00277199991978705,0.000739999988581985,0,0,0.0040799998678267,0.000136000002385117,0,0,0,0.0675719976425171,0.00283199991099536,0,0.000444000004790723,0.12712399661541,0.0136559996753931,0.00251200003549457,0,0.077795997262001,0.0401519984006882,0.00985599961131811,0.00523999985307455,0.121359996497631,0.00869200006127357,0.123163998126984,0.0013160000089556,0.277707993984222,0.0293760001659393,0.000472000014269724,0.000136000002385117,0.0779199972748756,0,0,0,0,0,0,0,0,0.000939999998081475,0,0
"CRS3035RES50000mN2450000E2850000",0.00309583102352917,0.00963664706796408,0,0.00274667725898325,0,0,0.00125695392489433,0,0,0,0.000605200068093836,0.00276995403692126,0,0,0,0,0,0.00467866193503141,0,0.196061551570892,0.00828658509999514,0,0.481553047895432,0.0286538954824209,0.0337049886584282,0.0228812173008919,0.0973906591534615,0,0.045320175588131,0.00835641659796238,0,0.00979958567768335,0,0,0,0,0.0243476647883654,0,0.00293289264664054,0,0.00358464661985636,0.00181560020428151,0.0105211706832051
"CRS3035RES50000mN2450000E2900000",0.000928595836739987,0.022628415375948,0.0070866527967155,0.0046429792419076,0.00195493875071406,0,0.0112897707149386,0,0,0.00263916724361479,0,0.0123161133378744,0,0,0,0,0,0,0,0.144225597381592,0.0144665464758873,0,0.605493366718292,0.00146620394662023,0.0112897707149386,0.0141244316473603,0.100581593811512,0,0.0261473041027784,0.00474072620272636,0,0,0,0,0,0,0.00371438334695995,0,0,0,0.00395875098183751,0,0.00630467711016536
"CRS3035RES50000mN2450000E3400000",0,0.119176670908928,0.00699205929413438,0,0.00226293387822807,0.00112469168379903,0,0,0,0.00317081762477756,0.0152443153783679,0.00257459562271833,0,0,0,0,0,0.00304886302910745,0,0.00433616107329726,0.00151765625923872,0,0.00661264546215534,0.458589673042297,0.024567062035203,0,0.00173446431290358,0,0.119664490222931,0.0289845261722803,0,0,0,0,0.0116263311356306,0,0.0216672532260418,0,0.142524182796478,0,0.0245806127786636,0,0
"CRS3035RES50000mN2450000E3450000",0.00825599953532219,0.130464002490044,0.0355640016496181,0.00223199999891222,0,0.00369199994020164,0.00165600003674626,0.00031999999191612,0.000247999996645376,0.00255200010724366,0.00540800020098686,0.0630680024623871,0,0,0.0763520002365112,0.000944000028539449,0,0.0438399985432625,0,0.0473759993910789,0.0108599998056889,0,0.0365759991109371,0.26571199297905,0.051791999489069,0,0.00731599982827902,0,0.173503994941711,0,0,0,0,0,0.00321600004099309,0,0.00112799997441471,0,0,0.0192360002547503,0.00607600016519427,0,0.00261200009845197
"CRS3035RES50000mN2450000E3500000",0.000620000006165355,0.0509640015661716,0.0028800000436604,0.000668000022415072,0,0.00011600000289036,0.000587999995332211,0,0,0,0.00110400002449751,0.0424319989979267,0,0,0.344063997268677,0.00413199979811907,0,0.0873280018568039,0,0.190579995512962,0.0195519998669624,0,0.125744000077248,0.0192319992929697,0.0900200009346008,0,0.000315999990561977,0,0.00171999994199723,0,0,0,0,0,0.000127999999676831,0,0,0,0,0.0137999998405576,0.00401199981570244,0,0
"CRS3035RES50000mN2450000E3550000",0.000904000014998019,0.043248001486063,0.00543599994853139,0.00104400003328919,0,0.000615999975707382,0.000699999975040555,0,0,0.000236000007134862,0.00136400002520531,0.0861359983682632,0,0,0.0519240014255047,0.00603199983015656,0,0.0956519991159439,0,0.255071997642517,0.0116119999438524,0,0.22018800675869,0.0339200012385845,0.168431997299194,0,0.000276000006124377,0,0.0110959997400641,0,0,0,0,0,0,0,0,0,0,0.00555999996140599,0.000552000012248755,0,0
"CRS3035RES50000mN2450000E3600000",0.000112000001536217,0.0233440008014441,0.00167599995620549,0.000807999982498586,0,0.000296000012895092,0.000752000021748245,0.000292000011540949,0,0,0.000531999976374209,0.03583599999547,0,0,0,0.00357199995778501,0,0.131288006901741,0,0.259640008211136,0.0290959998965263,0,0.413399994373322,0.0101960003376007,0.0677680000662804,0.000260000000707805,0,0,0.0149400001391768,0,0,0,0,0,0,0,0,0,0,0.00543999997898936,0.000752000021748245,0,0
"CRS3035RES50000mN2450000E3650000",0.000224000003072433,0.0312919989228249,0.00497600017115474,0.00150000001303852,0,0.000775999971665442,0.000339999998686835,0,0,0,0.00109599996358156,0.00472800014540553,0,0,0.000607999972999096,0.00955600012093782,0,0.287339985370636,0,0.143636003136635,0.0312919989228249,0,0.338508009910583,0.0225559994578362,0.0841279998421669,0.0192120000720024,0.000151999993249774,0,0.00800800044089556,0,0,0,0,0,0,0,0,0,0,0.00741600012406707,0.00265599996782839,0,0
"CRS3035RES50000mN1650000E3250000",0.00529438722878695,0.00871500093489885,0.00537734106183052,0.000326934532495216,0,0.000331814138917252,0.00204944028519094,0.000351332622813061,0.000844174239318818,0.000126870116218925,0.00183473702054471,0.023968692868948,0.182990625500679,0,0.00143460824619979,0.167922362685204,0.00117110880091786,0.0261791609227657,0.000346453016391024,0.0748240873217583,0.0392321422696114,0.00517727667465806,0.00213239388540387,0.0191183499991894,4.87961988255847e-05,0.199576452374458,0,0.199747234582901,0.0142289716750383,0.00245932838879526,0.000639230187516659,0.01089131180197,0,0,0.00075634109089151,0,0,0,0,0,0.00190305174328387,0,0
"CRS3035RES50000mN2450000E3700000",0.000311999989207834,0.0192399993538857,0.00178000004962087,0,0,0.000344000000040978,0.000515999970957637,0,0,0,0.000224000003072433,0,0,0,0,0,0,0.417800009250641,0,0.094648003578186,0.0427399985492229,0,0.225940003991127,0.0292639993131161,0.0550719983875751,0.0921280011534691,0.00749999983236194,0,0.00419599981978536,0,0.000255999999353662,0.000127999999676831,0,0,0.000607999972999096,0.000203999996301718,0,0,0,0.00368400011211634,0.00341599993407726,0,0
"CRS3035RES50000mN2450000E3750000",0,0.0101680001243949,0.00118400005158037,0.000515999970957637,0,0.000108000000182074,0.00083999999333173,0,0,0,9.99999974737875e-05,0.0356799997389317,0,0,0,0,0,0.375716000795364,0,0.116644002497196,0.0271600000560284,0,0.109067998826504,0.0799119994044304,0.0688040032982826,0.13323999941349,0.0233079995959997,0,0.0128359999507666,0,0,0.000108000000182074,0,0,0.00141599995549768,0.00151600001845509,0,0,0,0,0.00167599995620549,0,0
"CRS3035RES50000mN2450000E3800000",0.000864000001456589,0.0229160003364086,0.00316400011070073,0.000108000000182074,0,0,0.000211999999010004,0,0,0.000155999994603917,0.000655999989248812,0.0391080006957054,0,0,0,0,0,0.272832006216049,0,0.195851996541023,0.0248639993369579,0,0.0370559990406036,0.256720006465912,0.127131998538971,0.00187999999616295,0.00537599995732307,0,0.0107519999146461,0,0,0,0,0,0.00015999999595806,0,0,0,0,0,0.000192000006791204,0,0
"CRS3035RES50000mN2450000E3850000",0.00144400005228817,0.0413319990038872,0.0108080003410578,0.000136000002385117,0,0,0.000487999990582466,0.000264000002061948,0,0.000944000028539449,0.00156799994874746,0.000936000025831163,0,0,0,0.000123999998322688,0,0.269400000572205,0,0.133671998977661,0.0310280006378889,0,0.0251839999109507,0.309487998485565,0.145843997597694,0.00300000002607703,0.00115999998524785,0,0.0195119995623827,0,9.60000033956021e-05,0,0,0,0,0,0,0,0,0,0.00357199995778501,0,0
"CRS3035RES50000mN2450000E3900000",0.00085200002649799,0.0609360001981258,0.0109160002321005,0.00165600003674626,0,0,0.00107999995816499,0,0,0.000368000008165836,0.00156000000424683,0.224744006991386,0,0,0.0119279995560646,0.0418680012226105,0,0.101535998284817,0,0.221588000655174,0.0366920009255409,0,0.210628002882004,0.0303160008043051,0.0243839994072914,0.000815999985206872,0.0037760001141578,0,0.00443999981507659,0,0,0,0,0,0,0,0,0,0,0.00913599971681833,0.000780000002123415,0,0
"CRS3035RES50000mN2450000E3950000",0.00138799997512251,0.0759560018777847,0.0178960002958775,0.00170400005299598,0,0.00103199994191527,0.00179600005503744,0.000356000004103407,0,0.00047999998787418,0.00225999997928739,0.104952000081539,0,0,0,0.0206119995564222,0,0.129728004336357,0,0.123704001307487,0.0414559990167618,0,0.219988003373146,0.133128002285957,0.0800400003790855,0.0112920003011823,0.00121200003195554,0,0.00899599958211184,0.000163999997312203,0.00360799999907613,0.00995200034230947,0,0,0.00100799999199808,0,0,0,0,0.0054199998266995,0.00187200005166233,0,0
"CRS3035RES50000mN2450000E4000000",0,0.0240160003304482,0.00406400021165609,0.00424400018528104,0,0,0.000739999988581985,0,0,0,0.00283199991099536,0.0154999997466803,0,0,0.00656000012531877,0.00015999999595806,0,0.0482919998466969,0,0.0369039997458458,0.0188759993761778,0,0.140555992722511,0.166767999529839,0.0781359970569611,0.210748001933098,0.0135399997234344,0,0.0204520002007484,0,0.107040002942085,0.092628002166748,0,0.00318400003015995,0,0,0,0,0,0.00209599989466369,0.00266400002874434,0,0
"CRS3035RES50000mN2450000E4050000",0,0.00958400033414364,0.00119600002653897,0.000415999995311722,0,0.000148000006447546,0.000508000026457012,0,0,0,0.00255999993532896,0,0,0,0,0,0,0.00924799963831902,0,0.0062759998254478,0.0145159997045994,0,0.0358639992773533,0.120567999780178,0.0219000000506639,0.237719997763634,0.0134840002283454,0,0.0179360006004572,0,0.308604001998901,0.15243199467659,0,0.0419079996645451,0,0,0,0,0,0,0.00513199996203184,0,0
"CRS3035RES50000mN2450000E4100000",0.000331999995978549,0.028031999245286,0.0112239997833967,0.000268000003416091,0,0.00126799999270588,0.00101200002245605,0,0,0.000511999998707324,0.00161999999545515,0.0826639980077744,0,0.000623999978415668,0.000691999972332269,0.000103999998827931,0,0.0356720015406609,0,0.0365040004253387,0.0683920010924339,0,0.217795997858047,0.0359480008482933,0.0343560017645359,0.0444240011274815,0.0455759987235069,0,0.0852039977908134,0.00431199977174401,0.0735799968242645,0.175144001841545,0.00397199997678399,0.00926799979060888,0,0,0,0,0,0.000495999993290752,0.0010039999615401,0,0
"CRS3035RES50000mN2450000E4150000",0.00112399994395673,0.048615999519825,0.017756000161171,0.00440400000661612,0,0.00031999999191612,0.00348399998620152,0.000587999995332211,0,0.000276000006124377,0.000715999980457127,0.215915992856026,0,0.344143986701965,0.00211200001649559,0.00752800004556775,0,0.00927199982106686,0.00103599997237325,0.0438079982995987,0.122043997049332,0,0.12780399620533,0,0.00258399988524616,0.00203599990345538,0.0011800000211224,0,0.0217039994895458,0.00451199989765882,0,0.00466400012373924,0,0,0.000276000006124377,0,0,0,0,0.00866399984806776,0.00343200005590916,0,0
"CRS3035RES50000mN1650000E3300000",0.0210711341351271,0.0157662909477949,0.0143686067312956,0.000783549679908901,0.00132356362883002,0,0.00225535244680941,0.00115414755418897,0.000296478276140988,0.000794138177298009,0.00128120963927358,0.0436987765133381,0.186876595020294,0,0.00326126092113554,0.194987401366234,0,0.0343385376036167,0,0.0768196359276772,0.0350267887115479,0,0,0.0387010015547276,0,0.169045552611351,0,0.147932067513466,0.00580250332131982,0.000603545049671084,0,0.00273183546960354,0,0,0.000645899097435176,0,0,0.000434128887718543,0,0,0,0,0
"CRS3035RES50000mN2450000E4200000",0.00415599998086691,0.0936679989099503,0.032404001802206,0.00361600005999207,0,0.00178399996366352,0.00313200009986758,0,0,0,0.000720000010915101,0.26937198638916,0,0.445836007595062,0.000311999989207834,0.000163999997312203,0,0.00181599997449666,0,0.0217080004513264,0.0327639989554882,0,0.0655680000782013,0.000544000009540468,0.00289999996311963,0,0,0,0.00947200041264296,0.00500799994915724,0,0,0,0,0,0,0,0,0,0.00412400020286441,0.000931999995373189,0,0
"CRS3035RES50000mN2450000E4250000",0.0172840002924204,0.151556000113487,0.0570919997990131,0.00654800003394485,0,0.00215999991632998,0.00301199988462031,0.000176000001374632,0.000211999999010004,0.00767200021073222,0.00398400006815791,0.565100014209747,0,0.10419200360775,0.00325999991036952,0.000108000000182074,0,0.0316359996795654,0.00154399999883026,0.00951999984681606,0.0120400004088879,0,0.0115480003878474,0.000216000000364147,0.000163999997312203,0,0,0,0.00584399979561567,0.000495999993290752,0,0,0,0,0.000136000002385117,0,0,0,0,0.00238800002261996,0.00211200001649559,0,0
"CRS3035RES50000mN2450000E4300000",0.00406000018119812,0.0786679983139038,0.0283959992229939,0.00192800001241267,0,0.0037360000424087,0.00621599983423948,0,0.0006520000169985,0.000211999999010004,0.000536000006832182,0.811219990253448,0,0,0.000207999997655861,0.00031999999191612,0,0.00300400005653501,0,0.00787200033664703,0.0082999998703599,0,0.0365200005471706,0,0,0,0,0,0.00492799980565906,0.000660000019706786,0,0,0,0,0,0,0,0,0,0.000688000000081956,0.00187599996570498,0,0
"CRS3035RES50000mN2450000E4350000",0.00146000005770475,0.0814720019698143,0.0271400008350611,0.00138000003062189,0,0.00216399994678795,0.00502000004053116,0.000691999972332269,0.000184000004082918,0.000931999995373189,0.00472800014540553,0.46330800652504,0,0.0150880003347993,0.0608920007944107,0.0138560002669692,0.00155599997378886,0.0273640006780624,0.000216000000364147,0.105339996516705,0.0403960011899471,0,0.0486360006034374,0.000163999997312203,0.00331999990157783,0.000232000005780719,0,0,0.000728000013623387,0,0,0.000712000008206815,0,0,0.00269200000911951,0,0,0,0,0.00173200003337115,0.0885960012674332,0,0
"CRS3035RES50000mN2450000E4400000",0.00036000000545755,0.0799399986863136,0.0295000001788139,0.00100000004749745,0,0,0.00179200002457947,0,0.000284000008832663,0.00023999999393709,0.000456000008853152,0.427756011486053,0.000539999979082495,0.0137959998100996,0.0825840011239052,0.0127640003338456,0.00399200012907386,0.0209560003131628,0,0.13272400200367,0.0896079987287521,0,0.0924040004611015,0.000991999986581504,0.000531999976374209,0.000539999979082495,0,0,0.000243999995291233,0.000503999995999038,0,0,0,0,0.000255999999353662,0,0,0,0,0.00374000007286668,0.00249599991366267,0,0
"CRS3035RES50000mN2450000E4450000",2.40000008489005e-05,0.106876000761986,0.0312799997627735,0.00167999998666346,0.00470399996265769,0.000247999996645376,0.000912000017706305,0,0.000587999995332211,0.00152399996295571,0.00178399996366352,0.557760000228882,0,0.00175199995283037,0.0121320001780987,0.000108000000182074,0.000483999989228323,0.000272000004770234,0,0.149507999420166,0.00941599998623133,0,0.0210720002651215,1.20000004244503e-05,0,0,0,0,0.000251999997999519,0,0,0,0,0,0.00015999999595806,0,0.0230679996311665,0,0,0.00300400005653501,0.00014000000373926,0.0712400004267693,0
"CRS3035RES50000mN2450000E4500000",0.00867942720651627,0.0575241148471832,0.0124277407303452,0.000683025980833918,0.00468122679740191,0.00549752591177821,0.000599730119574815,0.000616389268543571,0.000849617645144463,0.000583070970606059,0.0152431409806013,0.287204086780548,0,0.00033318338682875,0.000533093465492129,0.000499775109346956,0,0.00199910043738782,0,0.102070733904839,0.00189914542715997,0,0.00286537734791636,0.00463124923408031,0.000932913506403565,0,0,0,0.00216569215990603,0.00987888779491186,0,0,0,0,0.00183250871486962,0,0.0779482573270798,0.000566411763429642,0,0.00579739129170775,0,0.391457170248032,0
"CRS3035RES50000mN2450000E4600000",0,0.0176592189818621,0.00296211009845138,0.00092434644466266,0.000281505519524217,0.000273102370556444,0.00118064251728356,0.000130248823552392,0,0.000126047249068506,0.00392427062615752,0.0158231314271688,0.00440325029194355,0,0.0237851142883301,0.00167642836458981,0.0133778136223555,0.0253186896443367,0,0.0768047869205475,0.199524387717247,0,0.360032945871353,0.0179407242685556,0.101980619132519,0.0299068093299866,0,0.000495785847306252,0.0967034474015236,0,0,0.000117644092824776,0,0,0,0,0.000752081861719489,0.00252094492316246,0,0,0.00118904560804367,0.000184869291842915,0
"CRS3035RES50000mN2450000E4650000",0.000294740835670382,0.0560007579624653,0.0069848014973104,0.00552221946418285,0.00131799199152738,0.000950956251472235,0.00131799199152738,0.000278057385003194,0.00073963264003396,0,0.00174063921440393,0.00135691999457777,0,0,0.00138472579419613,0,0,0.011255762539804,0,0.0112335179001093,0.0404351055622101,0,0.489836990833282,0.0701149478554726,0.192804992198944,0.0295130107551813,0.00279725715517998,0.0106774037703872,0.0554613247513771,0,0,0.00516630616039038,0.000428208353696391,0,0.000216884756810032,0,0,0,0,0,0.00216884748078883,0,0
"CRS3035RES50000mN1650000E3350000",0.0374822691082954,0.023600809276104,0.0237635727971792,0.00192991842050105,0.00132536562159657,6.97560826665722e-05,0.0302741415798664,0.00553398299962282,0.00658032391220331,0,0.0118120303377509,0.0139047130942345,0.307973116636276,0,0,0.0493175536394119,0,0.0271816216409206,0,0.0104169091209769,0.00246471515856683,0,0,0.021252354606986,0,0.0619899071753025,0,0.0800799876451492,0.000651056820061058,0.000488292600493878,0.000534796679858118,0.00492943031713367,0,0,0,0,0,0.00202292646281421,0,0,0.00113934942055494,0.273281097412109,0
"CRS3035RES50000mN2450000E4700000",0,0.00819268170744181,0.000125233302242123,0.00517092319205403,0,0,0.000270665506832302,0,0.00024238703190349,0,0.000723121280316263,0.0155572071671486,0,0,0.000173710708622821,0,0,0.0140624875202775,0,0.0394242517650127,0.0886126607656479,0,0.390764236450195,0.0764448270201683,0.261676996946335,0.0205948185175657,0,0.00699690543115139,0.065012238919735,0,0,0.00082007609307766,0,0,0,0,0,0,0,0.00420541502535343,0.000929150264710188,0,0
"CRS3035RES50000mN1650000E4500000",0.0499944686889648,0.0668067708611488,0.0177524611353874,0,0.0044242893345654,0.0352284051477909,0,0,0,0,0,0.118128523230553,0,0,0.105132177472115,0,0.0561884753406048,0,0.0906979292631149,0.201858207583427,0.0128857428207994,0,0.00348412781022489,0.0226191785186529,0,0,0,0.142130300402641,0,0,0.00204623374156654,0.0054750582203269,0,0,0,0,0.00342882424592972,0.0478376299142838,0,0.00851675681769848,0.00536445062607527,0,0
"CRS3035RES50000mN1650000E4550000",0.0117048034444451,0.0493175089359283,0.00176350073888898,0.000328495225403458,0,0.00331088621169329,0.00736520905047655,0,0,0,0.000285272166365758,0.260591804981232,0,0,0.274794906377792,0.015517077408731,0.027999896556139,0,0.0137708662077785,0.103718049824238,0.0277405586093664,0,0.00593020347878337,0.0216028839349747,0.00404567830264568,0.0129150496795774,0,0.0892729014158249,0.000838527281302959,0.000414941343478858,0,0.0308093950152397,0.0319591276347637,0,0,0,0,0,0,0,0.00400245515629649,0,0
"CRS3035RES50000mN1650000E4600000",0.031376164406538,0.0874752402305603,0.00504286820068955,0,0.00129284930881113,0.000892141601070762,0.00420365016907454,0.000831657438538969,0,0.00236644339747727,0.00135333347134292,0.254131823778152,0,0,0.0260611195117235,0.0326387733221054,0.0968427285552025,0,0.0317617543041706,0.0874752402305603,0.0371297225356102,0,0.0260308776050806,0.0441988110542297,0.00741687184199691,0.0515930019319057,0,0.0844434723258018,0.0153402993455529,0,0,0.0631303563714027,0.00149698334280401,0,0,0,0,0,0,0,0.00547381769865751,0,0
"CRS3035RES50000mN2500000E3400000",0,0.0181862041354179,0,0,0,0,0,0,0,0,0.0145200192928314,0,0,0,0,0,0,0,0,0,0,0,0.00564399408176541,0.379160642623901,0.0358417741954327,0,0,0,0.212252780795097,0.049879401922226,0,0,0,0,0.0442354083061218,0,0,0,0.0407139398157597,0,0.199565842747688,0,0
"CRS3035RES50000mN2500000E3450000",0.000112147135951091,0.0272157061845064,0.00130971835460514,0.000224294271902181,0,0,9.61261175689287e-05,0.000380499201128259,0.000420551776187494,0,0.00197459058836102,0.123686276376247,0,0,0.13802108168602,0.000144189179991372,0,0.0897577628493309,0,0.108378194272518,0.00987295340746641,0,0.0469175539910793,0.106800124049187,0.0831450894474983,0,0.00030039410921745,0,0.10290701687336,0.000604793487582356,0,0,0,0,0.013970329426229,0,0.00701320124790072,0,0.00974078010767698,0.000997308525256813,0.00708529585972428,0.000448588543804362,0.118475437164307
"CRS3035RES50000mN2500000E3500000",0,0.0187919996678829,0.00227600010111928,0.00215599988587201,0,0,0.00202800007537007,0.00120399997103959,0,0,0.000744000019039959,0.282516002655029,0,0,0.0983240008354187,0,0,0.0414559990167618,0,0.233452007174492,0.0171680003404617,0,0.0786679983139038,0.0881799980998039,0.0992719978094101,0,0.00138399994466454,0,0.031784001737833,0,0,0,0,0,0,0,0,0,0,0,0.000595999998040497,0,0
"CRS3035RES50000mN2500000E3550000",0.000103999998827931,0.0185199994593859,0.00126000004820526,0,0,0,0.000671999994665384,0,0,0,0.000108000000182074,0.258971989154816,0,0,0.00109999999403954,0.00105600000824779,0,0.07065200060606,0,0.234152004122734,0.0122840004041791,0,0.251944005489349,0.0254919994622469,0.108308002352715,0.000356000004103407,0.000372000009519979,0,0.0137560004368424,0,0,0,0,0,0,0.000243999995291233,0,0,0,0,0.000647999986540526,0,0
"CRS3035RES50000mN2500000E3600000",0,0.0169239994138479,0.000387999985832721,0,0,0,0.00140399998053908,0,0.000119999996968545,0,0.000511999998707324,0.0266999993473291,0,0,0.000331999995978549,0.00847200024873018,0,0.200000002980232,0,0.353987991809845,0.0315480008721352,0,0.259351998567581,0.0196439996361732,0.0700440034270287,0,0.000272000004770234,0,0.00926799979060888,0,0,0,0,0,0,0,0,0,0,0,0.00103199994191527,0,0
"CRS3035RES50000mN2500000E3650000",0,0.0131519995629787,0.0011399999493733,0.00257200002670288,0,0,0.000163999997312203,0,0,0,0.000688000000081956,0.00675200019031763,0,0,0,0.00109599996358156,0,0.345667988061905,0,0.145743995904922,0.0641480013728142,0,0.169707998633385,0.150912001729012,0.0637200027704239,0.000247999996645376,0.0168839991092682,0,0.0138640003278852,0,0,0,0,0,0.00022000000171829,0.00126799999270588,0,0,0,0,0.00205200002528727,0,0
"CRS3035RES50000mN2500000E3700000",0.000112000001536217,0.0121959997341037,0.00243199989199638,0.00141200004145503,0,0.000327999994624406,0.000307999987853691,0,0,0,0.000415999995311722,0.00263600004836917,0,0,0,0,0,0.306008011102676,0,0.0887160003185272,0.0456519983708858,0,0.158123999834061,0.240860000252724,0.0877560004591942,0.00103199994191527,0.0206599999219179,0,0.0224559996277094,0,0,0,0,0,0.000228000004426576,0.00104799994733185,0,0,0,0.000307999987853691,0.00731199979782104,0,0
"CRS3035RES50000mN2500000E3750000",0.00170799996703863,0.060419999063015,0.0105680003762245,0.0020000000949949,0,0.00139600003603846,0.00126399996224791,0.000180000002728775,0,9.60000033956021e-05,0.00327200000174344,0.145572006702423,0,0,0.000736000016331673,0.00214400002732873,0,0.256168007850647,0,0.0990839973092079,0.0371319986879826,0,0.12185200303793,0.0690279975533485,0.0476480014622211,0.0955720022320747,0.0272679999470711,0,0.0122119998559356,0,0.000255999999353662,0,0,0,0.000136000002385117,0.00114399997983128,0,0,0,0.000136000002385117,0.00300800008699298,0,0
"CRS3035RES50000mN2500000E3800000",0.000284000008832663,0.0168600007891655,0.00173999997787178,0.0006520000169985,0,0.000224000003072433,0,0,0,0,0,0.0398759990930557,0,0,0,0,0,0.306840002536774,0,0.0772479996085167,0.0231240000575781,0,0.0551039986312389,0.322952002286911,0.11854799836874,0.00746800005435944,0.0207800008356571,0,0.00783600006252527,0,0,0,0,0,0,0,0,0,0,0.000103999998827931,0.00036000000545755,0,0
"CRS3035RES50000mN1650000E4650000",0.00715829152613878,0.0135187543928623,0.00392265478149056,0.00116349931340665,2.2161892047734e-05,0,0.00162889913190156,0,0,0,0.0018615989247337,0.145792007446289,0,0,0.000321347441058606,0.0312593504786491,0.161161288619041,0,0.0223391875624657,0.0182059947401285,0.0548174418509007,0,0.180497527122498,0.00841043796390295,0.0190149042755365,0.031669344753027,0,0.166879057884216,0.0285112746059895,0.00408886931836605,0.00527453050017357,0.0879383906722069,0.00262618437409401,0,0,0,0,0,0,0.00191700365394354,0,0,0
"CRS3035RES50000mN2500000E3850000",0.000915999989956617,0.0662039965391159,0.0113359997048974,0.00209599989466369,0,0.000696000002790242,0.00103199994191527,0,0,0.000216000000364147,0.00187599996570498,0.0866919979453087,0,0,0.00272800005041063,0.00679600005969405,0,0.419147998094559,0,0.158904001116753,0.0352240018546581,0,0.063571996986866,0.0595839992165565,0.0652720034122467,0,0.00256799999624491,0,0.00367600005120039,0,0,0,0,0,0,0,0,0,0,0.0057760002091527,0.00568800000473857,0,0
"CRS3035RES50000mN2500000E3900000",0.00374400010332465,0.174436002969742,0.0564519986510277,0.0084239998832345,0.000904000014998019,0.00408799992874265,0.00374000007286668,0.000311999989207834,0.00011600000289036,0.00660800002515316,0.00816399976611137,0.27512800693512,0,0,0.0111320000141859,0.0106520000845194,0,0.0928559973835945,0,0.137296006083488,0.0373400002717972,0,0.131295993924141,0.00433599995449185,0.00291200005449355,0.00404400005936623,0.0011800000211224,0,0.0046879998408258,0,0,0,0,0,0.00180800002999604,0,0,0,0,0.0102239996194839,0.00812000036239624,0,0
"CRS3035RES50000mN2500000E3950000",0,0.0631119981408119,0.0123800002038479,0.00122800003737211,0,0.000487999990582466,0.00252399989403784,0,0,0.000167999998666346,0.00230800011195242,0.152235999703407,0,0,0.00254400004632771,0.000904000014998019,0,0.0859519988298416,0,0.179780006408691,0.0654599964618683,0,0.314099997282028,0.0193479992449284,0.0362319983541965,0.00786000024527311,0.00154800002928823,0,0.00784000009298325,0,9.99999974737875e-05,0.00138399994466454,0,0,0.00802399963140488,0,0,0,0,0.0147040002048016,0.0197759997099638,0,0
"CRS3035RES50000mN2500000E4000000",0.00097200000891462,0.0689079985022545,0.0155760003253818,0.00190399994608015,0,0.000723999983165413,0.000707999977748841,0,0,0.000780000002123415,0.00306000001728535,0.0444840006530285,0,0,0.0024679999332875,0.000483999989228323,0,0.108400002121925,0,0.0836120024323463,0.0365200005471706,0,0.182032003998756,0.162407994270325,0.132119998335838,0.0786160007119179,0.00592799996957183,0,0.00389200006611645,0,0.0248279999941587,0.0237879995256662,0,0,0.00183199997991323,0,0,0,0,0.00234799995087087,0.01360800024122,0,0
"CRS3035RES50000mN2500000E4050000",9.99999974737875e-05,0.0219759996980429,0.00125600001774728,0.000247999996645376,0,0.000224000003072433,0.000547999981790781,0,0,0,0.00352400005795062,0.000315999990561977,0,0,0,0,0,0.0325720012187958,0,0.0157479997724295,0.0155680002644658,0,0.0252519994974136,0.167328000068665,0.0396439991891384,0.174815997481346,0.0533040016889572,0,0.0351400002837181,0,0.198955997824669,0.143383994698524,0,0.0676520019769669,0.00022000000171829,0,0,0,0,0,0.00222399993799627,0,0
"CRS3035RES50000mN2500000E4100000",0.000620000006165355,0.0121999997645617,0.0034880000166595,0.000112000001536217,0,0.000167999998666346,0,9.99999974737875e-05,0,0,0,0,9.99999974737875e-05,0,0.00147999997716397,0.000855999998748302,0,0.0355920009315014,0,0.00698000006377697,0.0453840009868145,0,0.0175599996000528,0.172544002532959,0.0327479988336563,0.0449559986591339,0.0254120007157326,0,0.109140001237392,0,0.2083880007267,0.19896799325943,0,0.0809080004692078,0,0,0,0,0,3.19999999192078e-05,0.00226400000974536,0,0
"CRS3035RES50000mN2500000E4150000",0.000384000013582408,0.0322320014238358,0.00543999997898936,7.5999996624887e-05,0,0,0.000303999986499548,0,0,0,0.000584000023081899,0.0013399999588728,0,0,0.000103999998827931,0,0,0.00738399988040328,0,0.00480399979278445,0.0429279990494251,0,0.322959989309311,0.0583080016076565,0.0810279995203018,0.0580760017037392,0.0552840009331703,0,0.104456000030041,0.00269600003957748,0.0633879974484444,0.109743997454643,0,0.0392399989068508,0,0,0,0,0,0.00103199994191527,0.00820800010114908,0,0
"CRS3035RES50000mN2500000E4200000",0.00691200001165271,0.19166399538517,0.0258680004626513,0.0011800000211224,0,0.00656800018623471,0.00265999999828637,0,0,0.00113200000487268,0.00429600011557341,0.0795279964804649,0,0,0.000880000006873161,3.19999999192078e-05,0,0.00433999998494983,0,0.0156280007213354,0.105655997991562,0,0.356768012046814,0.00738399988040328,0.0670880004763603,0.00967600010335445,0.00576400011777878,0,0.0100279999896884,8.3999999333173e-05,0,0.0028800000436604,0,0,0.000563999987207353,0.001304000033997,0,0,0,0.00224000005982816,0.0898760035634041,0,0
"CRS3035RES50000mN2500000E4250000",0.00452399998903275,0.139119997620583,0.0324239991605282,0.000255999999353662,0,0.00170799996703863,0.00195599999278784,0,0,0.000715999980457127,0.00309600005857646,0.0861639976501465,0,0,0.000531999976374209,0.000364000006811693,0,0.0165839996188879,0.000132000001030974,0.00482799997553229,0.129063993692398,0,0.383004009723663,0.0350919999182224,0.0118279997259378,0.0340039990842342,0.0055120000615716,0,0.0258879996836185,0.000403999991249293,0.00702799996361136,0.0217959992587566,0,0,0.00165200000628829,0,0,0,0,0.00148800003807992,0.0508360005915165,0,0
"CRS3035RES50000mN2500000E4300000",0.000975999981164932,0.0551559999585152,0.0138520002365112,0,0,0,0.000891999981831759,0,0,0,0.000536000006832182,0.0466759987175465,0,0,0.00144799996633083,0,0.000207999997655861,0.0230880007147789,0,0.0141519997268915,0.0895640030503273,0,0.295323997735977,0.1283999979496,0.0887520015239716,0.0698719993233681,0.0193879995495081,0,0.0379760004580021,0.000372000009519979,0.0381200015544891,0.0483479984104633,0,0,0.000928000023122877,0,0,0,0,0.000315999990561977,0.0256559997797012,0,0
"CRS3035RES50000mN1650000E4700000",0.0070804450660944,0.0134486136958003,0.000225671552470885,0,0.00021156707953196,0,0.000585335597861558,0,0,0,0,0.0783644467592239,0,0,0.000669962435495108,0.0220452900975943,0.0942672342061996,0,0.00507055781781673,0.0153386127203703,0.111234918236732,0,0.362216949462891,0.00789850391447544,0.0206983126699924,0.0626732185482979,0,0.0592105723917484,0.00281384214758873,0.00611428869888186,0,0.123301289975643,0.00539496028795838,0,0,0,0,0,0,0,0.00113540992606431,0,0
"CRS3035RES50000mN2500000E4350000",0.00014000000373926,0.0212760008871555,0.00327600003220141,0.000144000005093403,0,0,0.000587999995332211,0,0,0,0.000108000000182074,0.00445199990645051,0,0,0.01575200073421,0,0.00496000004932284,0.0275279991328716,0,0.0273039992898703,0.0597920008003712,0,0.255127996206284,0.110979996621609,0.197927996516228,0.0537160001695156,0.0249240007251501,0.000176000001374632,0.0517879985272884,0,0.0151760000735521,0.0551120005548,9.20000020414591e-05,0,0,0.000195999993593432,0,0,0,0.00135599996428937,0.0681079998612404,0,0
"CRS3035RES50000mN2500000E4400000",0.000531999976374209,0.0485239997506142,0.0106680002063513,0.000123999998322688,0,0.00031999999191612,0.00169599999208003,0,0.0011680000461638,0,0.000176000001374632,0.0737159997224808,0,0,0.0150680001825094,0.00340000004507601,0,0.055332001298666,0.000464000011561438,0.0252160001546144,0.0789519995450974,0,0.239432007074356,0.172624006867409,0.15633599460125,0.0588879995048046,0.0181840006262064,0,0.0165040008723736,0.000264000002061948,0.00120000005699694,0.0174359995871782,0,0,0,0,0,0,0,0.00110800005495548,0.00266800005920231,0,0
"CRS3035RES50000mN2500000E4450000",0.000423999998020008,0.0928760021924973,0.0266120005398989,0.00031999999191612,0,0.00156000000424683,0.00417600013315678,0.000123999998322688,0.00182000000495464,0.00023999999393709,0.00104000000283122,0.323208004236221,0.00105600000824779,0,0.041508000344038,0,0,0.0218199994415045,0,0.0979560017585754,0.0543840005993843,0,0.218143999576569,0.0211960002779961,0.0481120012700558,0.0256999991834164,0.000595999998040497,0,0.00530399987474084,0.00904799997806549,0,0.000460000010207295,0,0,0,0,0,0,0,7.20000025467016e-05,0.00224400009028614,0,0
"CRS3035RES50000mN2500000E4500000",0,0.0870806649327278,0.0289731156080961,0.000524290779139847,0.000266178394667804,0.000838865293189883,0.00123813282698393,0.000120990182040259,0,0.000955822470132262,0.000996152521111071,0.479580879211426,0.00402897316962481,0.00114537368062884,0.107201337814331,0.00310541479848325,0,0.000201650313101709,0,0.210829421877861,0.01946328766644,0,0.0206247940659523,0.00112117570824921,0.00168982951436192,0.00349258328787982,0,0,0.00513804983347654,0.0101672085002065,0,0.000564620830118656,0,0,0.00367810158059001,0,0,0,0,0.00333529617637396,0.00363777158781886,0,0
"CRS3035RES50000mN2500000E4550000",0.000325282133417204,0.0753937810659409,0.0188773907721043,0.00137831410393119,0.00385376648046076,0.00352297094650567,0.000678130541928113,0.000209503748919815,0.000617484736721963,0.00102546578273177,0.00173667585477233,0.52125084400177,0.000270149583229795,0,0.0406437292695045,0.00114675739314407,0,0.00135074788704515,0,0.120784424245358,0.0250136461108923,0,0.0309955291450024,0.00513835530728102,0.0127631891518831,0.00124599598348141,0,0,0.0230288729071617,0.00824231840670109,0,0.000220530258957297,0,0,0.00278419465757906,0,0.0138272475451231,0.00105303199961782,0,0.0067096333950758,0.00274008861742914,0.0731719434261322,0
"CRS3035RES50000mN2500000E4600000",0.00122403993736953,0.0358630158007145,0.00721777090802789,0.00791335105895996,0.00499101169407368,0,0.00112918810918927,0,0.000180670103873126,0.000587177870329469,0.00179315079003572,0.00964778382331133,0,0,0.0189658440649509,0.000907867273781449,0.00179315079003572,0.0308223199099302,0,0.102607071399689,0.0932483598589897,0,0.304094880819321,0.103298135101795,0.175742328166962,0.0159034859389067,0,0,0.0785553604364395,0.000140019328682683,0,0.0012556571746245,0,0,0.000456192006822675,0,0.000171636595041491,0,0,0.000641378865111619,0.000849149480927736,0,0
"CRS3035RES50000mN2500000E4650000",0,0.0145119996741414,0.00191999995149672,0.0017119999974966,0,0,0.000155999994603917,8.80000006873161e-05,0,0,0,0.0118680000305176,0,0,0,0,0,0.0661159977316856,0,0.085207998752594,0.0382560007274151,0,0.201407998800278,0.194675996899605,0.317620009183884,0.0203959997743368,0.000712000008206815,0,0.0362359993159771,0,0,0.000180000002728775,0,0,0.00880800001323223,0,0,0,0,0,0.000127999999676831,0,0
"CRS3035RES50000mN2500000E4700000",0,0.0118800001218915,0.00272400001995265,0.00315200001932681,0,0.000339999998686835,0.000415999995311722,0,0.000103999998827931,0.000368000008165836,0.00108800001908094,0.0398919992148876,0,0,0.0207320004701614,0.000307999987853691,0,0.0507720001041889,0,0.130528002977371,0.0848279967904091,0,0.406639993190765,0.0543959997594357,0.156016007065773,0.00277599995024502,0,0,0.0281600002199411,0,0,0,0,0,0.000108000000182074,0,0,0,0,0.00462399981915951,0.000148000006447546,0,0
"CRS3035RES50000mN2500000E4750000",0.00156799994874746,0.0860759988427162,0.0141200004145503,0.00582800013944507,0,0.00236400007270277,0.000712000008206815,0.000292000011540949,0.00015999999595806,0.00469199987128377,0.0028800000436604,0.0552960000932217,0,0,0.00324400002136827,0.000176000001374632,0,0.0538160018622875,0,0.219799995422363,0.11157999932766,0,0.336248010396957,0.000132000001030974,0.0057760002091527,0.00345600000582635,0,0,0.0717680007219315,0,0,0,0,0,0.00227600010111928,0,0,0,0,0.00894000008702278,0.00879999995231628,0,0
"CRS3035RES50000mN1650000E4750000",0.01273422408849,0.0236514676362276,0.00473438808694482,0.000127956431242637,0.000138192946906202,0,0.00183745438698679,0,0,0,0,0.0304485131055117,0.000138192946906202,0,0.00572732975706458,0.0435973145067692,0.0714406371116638,0,0.0114546595141292,0.0518786571919918,0.166328012943268,0,0.193925648927689,0.00796400848776102,0.0426657944917679,0.0311548318713903,0.000348041503457353,0.157872647047043,0.014064971357584,0.013338178396225,0.016485907137394,0.0866367444396019,0.0105436099693179,0,0,0,0.000220085072214715,0,0,0.000542535271961242,0,0,0
"CRS3035RES50000mN1650000E4800000",0.0175754353404045,0.0445730313658714,0.00579548440873623,0.00120589265134186,0.00207881489768624,0.00179983978159726,0.000368967157555744,0,0,0,0,0.039191510528326,0,0,0,0.035375852137804,0.0643712729215622,0.00488656526431441,0.0537252202630043,0.053914200514555,0.0601056516170502,0,0.167691081762314,0.0512954331934452,0.115855686366558,0.0196722485125065,0,0.0713006556034088,0.0960934460163116,0.0129318488761783,0.00101690948940814,0.074819341301918,0.00359068042598665,0,0,0,0,0,0,0,0.000764931901358068,0,0
"CRS3035RES50000mN1650000E4850000",0,0.0285183675587177,0.000814083672594279,0,0,0,0.00226417020894587,0,0,0,0,0.100005090236664,0,0,0,0.0399918593466282,0.119492217898369,0.0216749776154757,0.099165566265583,0.0597588270902634,0.0697822347283363,0,0.225068688392639,0.00516434293240309,0.0129235778003931,0.0323343835771084,0,0.0536531992256641,0.074336014688015,0.0286455675959587,0,0.0264068376272917,0,0,0,0,0,0,0,0,0,0,0
"CRS3035RES50000mN2550000E3400000",0,0.0576435811817646,0,0,0,0,0,0,0,0,0.0202702693641186,0.00907939206808805,0,0,0,0,0,0.0352618247270584,0,0.0299831088632345,0.0361064188182354,0,0.00612331088632345,0.148648649454117,0.0665118247270584,0,0.0597550682723522,0,0.0464527010917664,0.142103046178818,0,0,0,0,0.00570101337507367,0,0.0149915544316173,0,0.321368247270584,0,0,0,0
"CRS3035RES50000mN2550000E3450000",0.000498558511026204,0.0624498724937439,0.00590900238603354,0.000550582015421242,0.000671970192342997,0.00146532850340009,0.00147833442315459,0,0.000156070498633198,0.000112717578304,0.00388008588925004,0.368720859289169,0,0,0.0240521971136332,0.000871393596753478,0,0.118288427591324,0,0.11570892482996,0.0187978241592646,0,0.094799816608429,0.0260290894657373,0.0189452227205038,0,0.000550582015421242,0,0.00117486400995404,0.00295666884630919,0,0,0,0,0.00324279791675508,0,0.0392213799059391,0,0.0477879159152508,0.00318210385739803,0.00110983464401215,0,0.037387553602457
"CRS3035RES50000mN2550000E3500000",0.00011600000289036,0.0397199988365173,0.00537999998778105,9.60000033956021e-05,0,0.00211200001649559,0.00141200004145503,0.000344000000040978,0,0.000348000001395121,0.000568000017665327,0.431140005588531,0,0,0.21229200065136,0.000508000026457012,0,0.0225159991532564,0,0.153356000781059,0.0153360003605485,0,0.109939999878407,0.000647999986540526,0.00117199996020645,0,0,0,0.00230400008149445,0,0,0,0,0,0.000243999995291233,0,0,0,0,0,0.000448000006144866,0,0
"CRS3035RES50000mN2550000E3550000",0.000631999981123954,0.0504239983856678,0.00791599974036217,0.00172800000291318,0,0,0.00304000009782612,0,0,0.000216000000364147,0.00178799999412149,0.315912008285522,0,0,0.00200799992308021,0.000391999987186864,0,0.201747998595238,0,0.156360000371933,0.0301520004868507,0,0.210268005728722,0.0044680000282824,0.0043759997934103,0,0.000376000010874122,0,0.00502000004053116,0,0,0,0,0,0.00015999999595806,0,0,0,0,0.00110800005495548,0.00190799997653812,0,0
"CRS3035RES50000mN2550000E3600000",0.0010039999615401,0.0518679991364479,0.00896000023931265,0.000500000023748726,0,0.000607999972999096,0.000728000013623387,0.000119999996968545,0,0.00047999998787418,0.00144400005228817,0.0361200012266636,0,0,0,0.000335999997332692,0,0.413372009992599,0,0.203071996569633,0.0378439985215664,0,0.181336000561714,0.0275880005210638,0.0225520003587008,0,0.00047999998787418,0,0.00512399990111589,0,0,0,0,0,0,0,0,0,0,0.00412000017240644,0.0023439999204129,0,0
"CRS3035RES50000mN2550000E3650000",0.00011600000289036,0.0198120009154081,0.00172800000291318,0,0,0,0.00015999999595806,0,0,0,0.000915999989956617,0.0100039998069406,0,0,0,0,0,0.315860003232956,0,0.136452004313469,0.0446959994733334,0,0.248551994562149,0.111359998583794,0.0752200037240982,0.000380000012228265,0.00979200005531311,0,0.0156399998813868,0,0,0,0,0,0,0.000311999989207834,0,0,0,0.000228000004426576,0.00877199973911047,0,0
"CRS3035RES50000mN2550000E3700000",0,0.00960000045597553,0.000123999998322688,0.000276000006124377,0,0.000475999986520037,0.00014000000373926,0,0,0,0.000872000004164875,0.0114759998396039,0,0,0,0,0,0.495900005102158,0,0.134296000003815,0.0712879970669746,0,0.152060002088547,0.0638799965381622,0.0473800003528595,0.000108000000182074,0.00267200008966029,0,0.00637600012123585,0,0,0,0,0,0.000172000000020489,0,0,0,0,0,0.0029039999935776,0,0
"CRS3035RES50000mN2550000E3750000",0.0006520000169985,0.0326920002698898,0.00473600020632148,0.00160800002049655,0,0,0.00102800002787262,0,0,0,0,0.184448003768921,0,0,0.000956000003498048,0.000352000002749264,0,0.354828000068665,0,0.156979992985725,0.0303520001471043,0,0.158227995038033,0.0338639989495277,0.0313559994101524,0,0.00199600006453693,0,0.00330800004303455,0,0,0,0,0,0,0,0,0,0,0,0.0026159998960793,0,0
"CRS3035RES50000mN2550000E3800000",0.00103199994191527,0.034060001373291,0.00325200008228421,0.000500000023748726,0,0.000555999984499067,0.000768000027164817,0.00011600000289036,0,0.000268000003416091,0.001475999946706,0.153659999370575,0,0,0,0,0,0.374559998512268,0,0.0841040015220642,0.0310040004551411,0,0.123315997421741,0.106668002903461,0.074972003698349,0,0.00180800002999604,0,0.0042039998807013,0,0,0,0,0,0,0,0,0,0,0.00245200004428625,0.00122400000691414,0,0
"CRS3035RES50000mN2550000E3850000",0.00101999996695668,0.0406359992921352,0.00558400014415383,0.000747999991290271,0,0.000403999991249293,0.000444000004790723,0,0,0,0.00144400005228817,0.0165919996798038,0,0,0.00737599981948733,0,0,0.566280007362366,0,0.0957959964871407,0.0276120007038116,0,0.052632000297308,0.148683995008469,0.0208400003612041,0,0.00067999999737367,0,0.00582000007852912,0,0,0,0,0,0,0,0,0,0,0.00595200015231967,0.00145600002724677,0,0
"CRS3035RES50000mN2550000E3900000",0.00118400005158037,0.0666799992322922,0.00963599979877472,0.000391999987186864,0,0,0.000644000014290214,0,0,0,0.00488399993628263,0.278376013040543,0,0,0.106200002133846,0.000427999999374151,0,0.193928003311157,0,0.14164400100708,0.0241400003433228,0,0.0976720005273819,0.0164599996060133,0.0109679996967316,0,0.000547999981790781,0,0.00275200000032783,0,0,0,0,0,0,0,0,0,0,0.00659599993377924,0.0368679985404015,0,0
"CRS3035RES50000mN2550000E3950000",0.00135200005024672,0.0422319993376732,0.0110879996791482,0.00285600009374321,0,0.00123199995141476,0.00205200002528727,0.000203999996301718,0.000163999997312203,0,0.0021959999576211,0.0906080007553101,0,0,0.00161200005095452,0.000199999994947575,0,0.195807993412018,0,0.0724719986319542,0.0236840005964041,0,0.28438401222229,0.078075997531414,0.140415996313095,0.0179200004786253,0.00255999993532896,0,0.015939999371767,0,0,0.000132000001030974,0,0,0.000728000013623387,0,0,0,0,0.00535599980503321,0.00672800000756979,0,0
"CRS3035RES50000mN2550000E4000000",0.00207599997520447,0.109056003391743,0.0115959998220205,0.00288400007411838,0,0.00133200001437217,0.00112399994395673,0,0,0.00130000000353903,0.00457999994978309,0.135695993900299,0,0,0.00796000007539988,0.00310799991711974,0,0.12270399928093,0,0.0732519999146461,0.0403000004589558,0,0.143887996673584,0.0911440029740334,0.100331999361515,0.0407240018248558,0.00159200001507998,0,0.00239200005307794,0.000199999994947575,0.00390399992465973,0.00304399989545345,0,0,0.00271199992857873,0,0,0,0,0.00258000008761883,0.0905200019478798,0,0
"CRS3035RES50000mN2550000E4050000",0.000747999991290271,0.0568599998950958,0.00597199983894825,0.000163999997312203,0.000112000001536217,0,0.000292000011540949,0,0,0,0.00178399996366352,0.0293000005185604,0,0,0.00556800002232194,0.00516799977049232,0,0.0625479966402054,0,0.0243480000644922,0.0131559995934367,0,0.0486960001289845,0.212855994701385,0.143104001879692,0.141003996133804,0.0275880005210638,0,0.0230880007147789,0.000468000012915581,0.054552000015974,0.0461959987878799,0,0.00187999999616295,0.000847999996040016,0,0,0,0,0.000311999989207834,0.0933879986405373,0,0
"CRS3035RES50000mN2550000E4100000",0.000288000010186806,0.0356639996170998,0.00304799992591143,0.000199999994947575,0,0.000755999993998557,0.000136000002385117,0,0,0,0.00161999999545515,0.00559999980032444,0,0,0.0211800001561642,0.0102279996499419,0,0.0535999983549118,0,0.00264400010928512,0.0242960005998611,0,0.00242000003345311,0.187040001153946,0.021764000877738,0.162832006812096,0.0420200005173683,0,0.0694840028882027,0.000487999990582466,0.207087993621826,0.103072002530098,0.000331999995978549,0.040523998439312,0.000348000001395121,0,0,0,0,0,0.00332799996249378,0,0
"CRS3035RES50000mN2550000E4150000",0.000236000007134862,0.0179040003567934,0.00277599995024502,0.000715999980457127,0,0.000592000025790185,0.00015999999595806,0,0,0,0,0.00270799989812076,0,0,0.00052000000141561,0,0,0.0272920001298189,0,0.00123599998187274,0.018656000494957,0,0.0421920008957386,0.160487994551659,0.0645719990134239,0.112616002559662,0.0200079996138811,0,0.0897440016269684,0.00237599993124604,0.199371993541718,0.147067993879318,0,0.085996001958847,0,0,0,0,0,0,0.00277199991978705,0,0
"CRS3035RES50000mN2550000E4200000",0.000144000005093403,0.0296720005571842,0.00306800007820129,0.000607999972999096,0,0.000216000000364147,0.000335999997332692,0.000112000001536217,0,0.000339999998686835,0.000956000003498048,0.0117960004135966,0,0,0,0,0,0.00607600016519427,0,0.00427599996328354,0.0168600007891655,0,0.186596006155014,0.178128004074097,0.163499996066093,0.0744839981198311,0.027836000546813,0,0.0940039977431297,0.00115200004074723,0.0720599964261055,0.0992479994893074,0,0.00255599990487099,0.000503999995999038,0,0,0,0,0,0.0254720002412796,0,0
"CRS3035RES50000mN2550000E4250000",0.000112000001536217,0.0182799994945526,0.00183600001037121,0.000112000001536217,0,0,9.60000033956021e-05,0,0,0,0,0.019675999879837,0,0,0.00106000003870577,0,0,0.0179880000650883,0,0.00344399991445243,0.0168960001319647,0,0.156795993447304,0.184156000614166,0.0277999993413687,0.118524000048637,0.0471200011670589,0,0.0627280026674271,0,0.149148002266884,0.142547994852066,0.000195999993593432,0.00763199990615249,0.000411999993957579,0,0,0,0,0.00161200005095452,0.0218279995024204,0,0
"CRS3035RES50000mN2550000E4300000",0,0.0163160003721714,0.00206000008620322,0,0,0.000136000002385117,0.000188000005437061,0,0,0,0.00105199997778982,0.0120400004088879,0,0,0.00186399999074638,0.00330400001257658,0,0.0265999995172024,0,0.0132039999589324,0.0222520008683205,0,0.0695279985666275,0.263576000928879,0.00952799990773201,0.0949719995260239,0.0326480008661747,0,0.044539999216795,0.000536000006832182,0.173623993992805,0.174787998199463,0.000108000000182074,0.0310559999197721,0,0,0,0,0,0.000331999995978549,0.00574799999594688,0,0
"CRS3035RES50000mN2550000E4350000",0,0.00832800008356571,0,0,0,0,0.000108000000182074,0,0,0,0.00117199996020645,0.00015999999595806,0,0,0,0.0055120000615716,0,0.0193199999630451,0,0.00281600002199411,0.0198040008544922,0,0.0161760002374649,0.275496006011963,0.0566000007092953,0.0339559987187386,0.0376200005412102,0.000172000000020489,0.0568879991769791,0,0.228036001324654,0.192627996206284,0,0.0417199991643429,0,0,0,0,0,0,0.0034880000166595,0,0
"CRS3035RES50000mN2550000E4400000",0.00235199998132885,0.0333440005779266,0.00555199990049005,0.000203999996301718,0,0.000335999997332692,0.00300000002607703,0.000123999998322688,0,0,0.000272000004770234,0.00151199998799711,0,0,0.0302080009132624,0.0672240033745766,0,0.0434839986264706,0.000127999999676831,0.013944000005722,0.0382919982075691,0,0.0478480011224747,0.396212011575699,0.153852000832558,0.00943200010806322,0.0170879997313023,0,0.0501479990780354,0,0.0342720001935959,0.0466639995574951,0,0,0.000587999995332211,0,0,0,0,0.00129599997308105,0.00262399995699525,0,0
"CRS3035RES50000mN2550000E4450000",0.000348000001395121,0.0173640009015799,0.00283999997191131,0.000335999997332692,0,0,0.000348000001395121,0,0,0,0.00107200001366436,0.00673200003802776,0,0,0,0,0,0.0394160002470016,0,0.0293400008231401,0.035936001688242,0,0.124016001820564,0.295951992273331,0.125348001718521,0.0736439973115921,0.0698440000414848,0,0.0214799996465445,0.00553599977865815,0.0675759986042976,0.0803479999303818,0,0.000923999992664903,0,0,0,0,0,0,0.0015999999595806,0,0
"CRS3035RES50000mN2550000E4500000",0,0.0226879995316267,0.00362399988807738,0.000296000012895092,0,0.000699999975040555,0.00063999998383224,0.000123999998322688,0,0,0.00044000000343658,0.0856840014457703,0,0,0.00945600029081106,0,0,0.0182760003954172,0,0.0345720015466213,0.0329959988594055,0,0.250539988279343,0.0908519998192787,0.216168001294136,0.0310960002243519,0.0465640015900135,0,0.0415760017931461,0.026035999879241,0.0177280008792877,0.0635799989104271,0,0,0,0,0,0,0,0,0.00636400002986193,0,0
"CRS3035RES50000mN2550000E4550000",0.00101600005291402,0.0524160005152225,0.00936799962073565,0.000364000006811693,0,0,0.000132000001030974,0,0.000207999997655861,0,0.00115599995478988,0.150288000702858,0,0,0.0151439998298883,0,0,0.00934800039976835,0,0.059544000774622,0.0783480033278465,0,0.309132009744644,0.0179239995777607,0.152452006936073,0.024388000369072,0.0122199999168515,0,0.0386199988424778,0.0176279991865158,0.0194240007549524,0.028583999723196,0,0.000728000013623387,0,0,0,0,0,0.0006520000169985,0.000915999989956617,0,0
"CRS3035RES50000mN2550000E4600000",0,0.00953599996864796,0.00124799995683134,0.000975999981164932,0,0.000180000002728775,0.00052000000141561,0,0,0,0.00136400002520531,0.000752000021748245,0,0,0,0.000123999998322688,0,0.0402959994971752,0,0.0297480002045631,0.101187996566296,0,0.254851996898651,0.157600000500679,0.24949599802494,0.0152120003476739,0.0486639998853207,0,0.0175240002572536,0.000712000008206815,0.0450560003519058,0.0223839990794659,0,0.000132000001030974,0,0,0,0,0,0.000163999997312203,0.00227200007066131,0,0
"CRS3035RES50000mN2550000E4650000",0.000216000000364147,0.0502520017325878,0.00892799999564886,0.00671599991619587,0,0.00129599997308105,0.000975999981164932,0.000195999993593432,0,0.000112000001536217,0.00305599998682737,0.0405879989266396,0,0,0,0.000192000006791204,0,0.054152000695467,0,0.130671992897987,0.0833360031247139,0,0.115607999265194,0.158176004886627,0.28642800450325,0.00782399997115135,0.0165400002151728,0,0.0126599995419383,0.000224000003072433,0.0104080000892282,0.00858000013977289,0,0,0,0,0,0,0,0.00216799997724593,0.000696000002790242,0,0
"CRS3035RES50000mN2550000E4700000",0.000288000010186806,0.0223960001021624,0.00609599985182285,0.00245600007474422,0,0,0.00112000002991408,0.000696000002790242,0,0.000419999996665865,0.000528000004123896,0.0160160008817911,0,0,0.0103959999978542,0.00970000028610229,0,0.0669640004634857,0,0.21289199590683,0.12703600525856,0,0.227743998169899,0.0320679992437363,0.253832012414932,0.00063999998383224,0,0,0.00310000008903444,0,0,0.00028000000747852,0,0,0,0,0,0,0,0.00315200001932681,0.00218000006861985,0,0
"CRS3035RES50000mN2550000E4750000",0,0.0200479999184608,0.0023439999204129,0.00218000006861985,0,0,0.00119199999608099,0,0.00118799996562302,0,0.000460000010207295,0.028591999784112,0,0,0.0105400001630187,0.00135200005024672,0,0.0870999991893768,0,0.263963997364044,0.144347995519638,0,0.334127992391586,0.00505599984899163,0.0428600013256073,0.000112000001536217,0,0,0.0533079989254475,0,0,0,0,0,0.000584000023081899,0,0,0,0,0,0.000644000014290214,0,0
"CRS3035RES50000mN2600000E3400000",0.00238565634936094,0.130801051855087,0,0,0,0,0,0,0,0.00287024257704616,0.0234465282410383,0.0109963845461607,0,0,0.125582441687584,0.000447310536401346,0,0.0336973927915096,0,0.118835501372814,0.0184888355433941,0,0.0140530066564679,0.0508442968130112,0.0129347303882241,0,0.00585231278091669,0,0.00182651809882373,0.017184179276228,0,0,0,0,0.0079024862498045,0,0.1070936024189,0,0.313601970672607,0,0.00115555222146213,0,0
"CRS3035RES50000mN2600000E3450000",0.000456352485343814,0.061447624117136,0.0091552771627903,0.000277575221844018,0.00110089150257409,0.000738632341381162,0,0,0,0.00025405190535821,0.0027287055272609,0.588097214698792,0,0,0.00223471573553979,0.000188186590094119,0,0.113288328051567,0,0.0728423222899437,0.0199901200830936,0,0.0229540597647429,0.00591846834868193,0.000875067606102675,0.000225823911023326,0.00180659128818661,0,0.000428124476457015,0.00158076733350754,0,0,0,0,0.0018442285945639,0,0.0140199009329081,0,0.0676577836275101,0.000997388968244195,0.000813907012343407,0.000174072600202635,0.00790383666753769
"CRS3035RES50000mN2600000E3500000",0.000483999989228323,0.0514880008995533,0.00687600020319223,0.00102399999741465,0,0.000483999989228323,0.000288000010186806,0.000172000000020489,0,0,0.000739999988581985,0.64436399936676,0,0,0,0,0,0.0997880026698112,0,0.0836080014705658,0.0259879995137453,0,0.0713159963488579,0.00193999998737127,0.00132399995345622,0,0,0,0.00984799955040216,0,0,0,0,0,0,0,0,0,0,0,0.000268000003416091,0,0
"CRS3035RES50000mN2600000E3550000",0,0.028303999453783,0.00169599999208003,0.00154800002928823,0,0,0.0006520000169985,0.000464000011561438,0,0,0.00104400003328919,0.605120003223419,0,0,0,0.000587999995332211,0,0.0926999971270561,0,0.100979998707771,0.0371959991753101,0,0.115907996892929,0.00609199982136488,0.00463599991053343,0,0,0,0.00245200004428625,0,0,0,0,0,0,0,0,0,0,3.9999998989515e-05,0.000579999992623925,0,0
"CRS3035RES50000mN2600000E3600000",0,0.0117640001699328,0.00183199997991323,0,0,0,0.00119199999608099,0,0,0,0.00015999999595806,0.26665198802948,0,0,0,0,0,0.37525200843811,0,0.185412004590034,0.0342519991099834,0,0.0976959988474846,0.00520800007507205,0.00590799981728196,0,0.00813999958336353,0,0.00115200004074723,0,0,0,0,0,0,0,0,0,0,0.00364000000990927,0.00173999997787178,0,0
"CRS3035RES50000mN2600000E3650000",0,0.0163039993494749,0.00124000001233071,0.000172000000020489,0,0,0.000788000004831702,0,0,0,0.000232000005780719,0.0944880023598671,0,0,0,0,0,0.425931990146637,0,0.238803997635841,0.0688280016183853,0,0.135987997055054,0.00295599992386997,0.00841199979186058,0,0.00109599996358156,0,0.00127200002316386,0,0,0,0,0,0,0,0,0,0,0.000300000014249235,0.00318800006061792,0,0
"CRS3035RES50000mN2600000E3700000",0.000132000001030974,0.0170040000230074,0.00138799997512251,0.000356000004103407,0,0.000180000002728775,0.000807999982498586,0,0,0,0.000676000025123358,0.173531994223595,0,0,0.000579999992623925,0,0,0.489520013332367,0,0.165491998195648,0.0540760010480881,0,0.0798519998788834,0.0062279999256134,0.00735600013285875,0,0.000411999993957579,0,0.000996000017039478,0,0,0,0,0,0,0,0,0,0,0,0.00141200004145503,0,0
"CRS3035RES50000mN2600000E3750000",0.000536000006832182,0.0235040001571178,0.00429200008511543,0.000872000004164875,0,3.60000012733508e-05,0.00028000000747852,0,0,0,0.00132000003941357,0.111227996647358,0,0,0,0.000188000005437061,0,0.569351971149445,0,0.105627998709679,0.0235639996826649,0,0.128831997513771,0.00719199981540442,0.00966800004243851,0,0.000167999998666346,0,0.0093599995598197,0,0,0,0,0,0,0,0,0,0,0.000888000009581447,0.00309200002811849,0,0
"CRS3035RES50000mN2600000E3800000",0,0.0256799999624491,0.00384399993345141,0.000344000000040978,0,0.000411999993957579,0.0006520000169985,0.000103999998827931,0,0,0.00248800008557737,0.204531997442245,0,0,0.000996000017039478,0.000103999998827931,0,0.483343988656998,0,0.0806759968400002,0.025696000084281,0,0.134524002671242,0.00697200000286102,0.00872000027447939,0,0.000419999996665865,0,0.00885200034826994,0,0,0,0,0,0.000103999998827931,0,0,0,0,0.00899599958211184,0.00254000001586974,0,0
"CRS3035RES50000mN2600000E3850000",0.000395999988541007,0.0350599996745586,0.00738399988040328,0.00120800000149757,0,0.00114800001028925,0.00036000000545755,0,0,0.000771999999415129,0.00211200001649559,0.0144400000572205,0,0,0,0,0,0.615916013717651,0,0.121448002755642,0.0232239998877048,0,0.115436002612114,0.0285119991749525,0.0224760007113218,0,0.000807999982498586,0,0.00196800008416176,0,0,0,0,0,0,0,0,0,0,0.00293199997395277,0.00439999997615814,0,0
"CRS3035RES50000mN2600000E3900000",0.000500000023748726,0.0490199998021126,0.00576800014823675,0.000688000000081956,0,0,0.000951999973040074,0.000144000005093403,0,0,0.00219999998807907,0.181360006332397,0,0,0.0265640001744032,0,0,0.303883999586105,0,0.159924000501633,0.022732000797987,0,0.218199998140335,0.00795200001448393,0.0050760000012815,0.000456000008853152,0.00266800005920231,0,0.00397199997678399,0,0,0,0,0,0.000136000002385117,0,0,0,0,0.00631200009956956,0.00149199995212257,0,0
"CRS3035RES50000mN2600000E3950000",0.000563999987207353,0.0402599982917309,0.00325200008228421,0.00162400002591312,0,0,0.000615999975707382,0.000127999999676831,0,0,0.00112399994395673,0.170644000172615,0,0,0.0049200002104044,0.000136000002385117,0,0.204796001315117,0,0.177036002278328,0.0513719990849495,0,0.233628004789352,0.04322399944067,0.0430720001459122,0.00449200021103024,0.00298000010661781,0,0.00637600012123585,0,0,0,0,0,0.000907999987248331,0,0,0,0,0,0.00884800031781197,0,0
"CRS3035RES50000mN2600000E4000000",0.000108000000182074,0.0322920009493828,0.00246399990282953,0,0,1.59999999596039e-05,0.00063999998383224,0,0,0,0.00171999994199723,0.0802399963140488,0,0,0.00545200007036328,0.000939999998081475,0,0.193892002105713,0,0.0402639992535114,0.033220000565052,0,0.076884001493454,0.314195990562439,0.138807997107506,0.0360199995338917,0.00011600000289036,0,0.00925599969923496,0,0,0,0,0,0.0149959996342659,0.00297600007615983,0,0,0,0,0.0154999997466803,0,0
"CRS3035RES50000mN2600000E4050000",0.00183600001037121,0.0761919990181923,0.00825599953532219,0.000415999995311722,0,0.000956000003498048,0.000500000023748726,0,0.00011600000289036,0.00118799996562302,0.00288800010457635,0.439060002565384,0,0,0.00550400000065565,7.20000025467016e-05,0,0.0612040013074875,0,0.00877199973911047,0.0310839992016554,0,0.0309640001505613,0.0624839998781681,0.137084007263184,0.0208759997040033,0.000536000006832182,0,0.00680000009015203,0,0,0.00101600005291402,0,0,0.00245600007474422,0,0,0,0,0,0.0997399985790253,0,0
"CRS3035RES50000mN2600000E4100000",0.000584000023081899,0.052972000092268,0.00449200021103024,0,0,0.000891999981831759,0.000243999995291233,0.000103999998827931,0,0,0.000615999975707382,0.165772005915642,0,0,0,0,0,0.162543997168541,0,0.0480760000646114,0.0245559997856617,0,0.00623599998652935,0.168111994862556,0.0992240011692047,0.135480001568794,0.0228199996054173,0,0.049260001629591,0.000331999995978549,0.0120679996907711,0.0267120003700256,0,0.000728000013623387,0.000628000008873641,0,0,0,0,0,0.0175480004400015,0,0
"CRS3035RES50000mN2600000E4150000",0.000127999999676831,0.0147799998521805,0.000560000014957041,0.000151999993249774,0,0.00100799999199808,0,0,0.000112000001536217,0,0.000752000021748245,0.011807999573648,0,0,0,0,0,0.103476002812386,0,0.0319680012762547,0.00591999990865588,0,0.0121039999648929,0.185144007205963,0.0687199980020523,0.162248000502586,0.0462960004806519,0,0.0455759987235069,0,0.114908002316952,0.0719320029020309,0,0.0990400016307831,0.00011600000289036,0,0,0,0,0,0.0232519991695881,0,0
"CRS3035RES50000mN2600000E4200000",0,0.00846000015735626,0.000984000042080879,0.000391999987186864,0,0.000419999996665865,0,0,0,0,0.000243999995291233,0.00238399999216199,0,0,0,0.000364000006811693,0,0.0515200011432171,0,0.00112000002991408,0.00737599981948733,0,0.0126200001686811,0.0978560000658035,0.0488400012254715,0.229543998837471,0.0856119990348816,0,0.0283760000020266,0.000272000004770234,0.221916005015373,0.157276004552841,0,0.0336919985711575,9.99999974737875e-05,0,0,0,0,0,0.0106319999322295,0,0
"CRS3035RES50000mN2600000E4250000",0.000211999999010004,0.0179479997605085,0.00261200009845197,0,0,0,0,0,0,0,0.000707999977748841,0.0122400000691414,0,0,0.000127999999676831,0,0,0.11150000244379,0,0,0.0103519996628165,0,0.0121520003303885,0.225771993398666,0.0584440007805824,0.203912004828453,0.111100003123283,0,0.0380240008234978,0,0.116204001009464,0.0747240036725998,0,0.00205200002528727,0.00014000000373926,0,0,0,0,0.000151999993249774,0.00162400002591312,0,0
"CRS3035RES50000mN2600000E4300000",0,0.00775199988856912,0.00011600000289036,0,0,0.000736000016331673,0,0,0,0,0.00128399999812245,0.000444000004790723,0,0,0,0,0,0.050755999982357,0,0,0.00327200000174344,0,0.0011399999493733,0.147464007139206,0.00353599991649389,0.20490400493145,0.100391998887062,0,0.027403999119997,0,0.237867996096611,0.196595996618271,0,0.0103759998455644,0.00135200005024672,0,0,0,0,0,0.0046080001629889,0,0
"CRS3035RES50000mN2600000E4350000",0,0.00562800001353025,0.000544000009540468,0,0,0,0.000112000001536217,0,0,0,0.00320399994961917,0.00452800001949072,0,0,0,0.022027999162674,0,0.0466880016028881,0,0.00267999991774559,0.00875999964773655,0,0.00144799996633083,0.224511995911598,0.00239600008353591,0.0975200012326241,0.0189399998635054,0,0.0533600002527237,0.00011600000289036,0.216532006859779,0.224723994731903,0,0.0610000006854534,0.00036000000545755,0,0,0,0,0,0.0049200002104044,0,0
"CRS3035RES50000mN2600000E4400000",0.000407999992603436,0.0130240004509687,0.00239600008353591,0.000403999991249293,0,0,0,0,0.000176000001374632,0,0.000883999979123473,0.00239600008353591,0,0,0.00349200004711747,0.0338359996676445,0,0.102179996669292,0,0.0105600003153086,0.026443999260664,0,0.0212280005216599,0.383255988359451,0.0409200005233288,0.0733280032873154,0.0262960009276867,0,0.0482840016484261,0.000127999999676831,0.0713400021195412,0.131436005234718,0,0.00648400001227856,0,0.000151999993249774,0,0,0,0.000707999977748841,0.00023999999393709,0,0
"CRS3035RES50000mN2600000E4450000",0,0.0105440001934767,0.00111199996899813,0,0,0,0,0,0,0,0.000352000002749264,0.0127159999683499,0,0,0,0,0,0.0711280032992363,0,0.0082999998703599,0.0109280003234744,0,0.00031999999191612,0.46340000629425,0.00212400010786951,0.0851679965853691,0.0267760008573532,0,0.0378119982779026,1.20000004244503e-05,0.138896003365517,0.12644000351429,0,0.0033400000538677,0,0,0,0,0,0,0.000631999981123954,0,0
"CRS3035RES50000mN2600000E4500000",0.000264000002061948,0.0140880001708865,0.000936000025831163,0.000236000007134862,0,0,0.000615999975707382,0,0,0,0.00434800004586577,0.00796000007539988,0,0,0,0,0,0.0560359992086887,0,0.00451199989765882,0.0101239997893572,0,0.0153440004214644,0.441651999950409,0.0746399983763695,0.156808003783226,0.04356399923563,0,0.00973599962890148,0.000775999971665442,0.0752839967608452,0.0826039984822273,0,9.60000033956021e-05,0,0,0,0,0,0,0.000376000010874122,0,0
"CRS3035RES50000mN2600000E4550000",0.000155999994603917,0.026715999469161,0.00158000004012138,0.00102800002787262,0,0,0.000311999989207834,0,0,0,0.00456799985840917,0.0339520014822483,0,0,0,0,0,0.0474560000002384,0,0.0196679998189211,0.0207000002264977,0,0.0231599994003773,0.319115996360779,0.271043986082077,0.107524000108242,0.037712000310421,0,0.0213920008391142,0.00179200002457947,0.00538400001823902,0.0461039990186691,0,0,0.00139200000558048,0,0,0,0,0.00063999998383224,0.00860400032252073,0,0
"CRS3035RES50000mN2600000E4600000",0.000268000003416091,0.0498399995267391,0.00265599996782839,0.00317199993878603,0.000172000000020489,0,0.000831999990623444,0,0,0,0.00738799991086125,0.0343960002064705,0,0,0,0,0,0.0815640017390251,0,0.072552002966404,0.0171559993177652,0,0.00934800039976835,0.362639993429184,0.241467997431755,0.0334799997508526,0.0316840000450611,0,0.00937999971210957,0.000531999976374209,0.0041720001026988,0.0113639999181032,0,0,0.00496000004932284,9.99999974737875e-05,0,0,0,0.00586799997836351,0.0150079997256398,0,0
"CRS3035RES50000mN2600000E4650000",0.00118400005158037,0.038527999073267,0.00467999977990985,0.00126000004820526,0,0.000904000014998019,0.00154399999883026,0.00011600000289036,0.00127600005362183,0,0.00196400005370378,0.150716006755829,0,0,0,0,0,0.0741880014538765,0,0.0644000023603439,0.0352680012583733,0,0.0133560001850128,0.358244001865387,0.207816004753113,0.00925999972969294,0.0100640002638102,0,0.00374000007286668,0,0.00363199994899333,0.00629199994727969,0,0,0.00235199998132885,0.000132000001030974,0,0,0,0.0075360001064837,0.00154800002928823,0,0
"CRS3035RES50000mN2600000E4700000",0.000268000003416091,0.0276280008256435,0.0028800000436604,0.000364000006811693,0,0,0.00140399998053908,0,0.000148000006447546,0,0.0026159998960793,0.0441199988126755,0,0,0.0153999999165535,0.00083999999333173,0,0.125975996255875,0,0.0595000013709068,0.06649199873209,0,0.100060001015663,0.281008005142212,0.244847998023033,0.0121160000562668,0.00161999999545515,0,0.00612000003457069,0,0,0.000188000005437061,0,0,0,0,0,0,0,0.00510400021448731,0.00130000000353903,0,0
"CRS3035RES50000mN2600000E4750000",0.000243999995291233,0.0494999997317791,0.00715600000694394,0.00590399978682399,0,0.000411999993957579,0.000996000017039478,0.000384000013582408,0.000180000002728775,0.00109599996358156,0.00178799999412149,0.292320013046265,0,0,0.0290959998965263,0.00281600002199411,0,0.0203079991042614,0,0.216675996780396,0.109420001506805,0,0.11336400359869,0.0150239998474717,0.112736001610756,0,0,0,0.00510400021448731,0,0,0,0,0,0.000380000012228265,0,0,0,0,0.00803199969232082,0.00706399977207184,0,0
"CRS3035RES50000mN2600000E4800000",0,0.0477840006351471,0.00339199998416007,0.00263600004836917,0,0,0.00158000004012138,0,0,0,0.000508000026457012,0.339080005884171,0.000592000025790185,0,0.00865999981760979,0.0039559998549521,0,0.0517840012907982,0,0.121508002281189,0.0554400011897087,0,0.228272005915642,0.0196279995143414,0.0539559982717037,0.000203999996301718,0,0,0.042908001691103,0.000103999998827931,0,0,0,0,0.00160399999003857,0,0,0,0,0.00743599981069565,0.0089680003002286,0,0
"CRS3035RES50000mN2650000E3350000",0,0.249174922704697,0,0,0,0,0,0,0,0,0,0,0,0,0,0,0,0,0,0.0321782194077969,0,0,0,0.0437293723225594,0,0.0858085826039314,0.452970296144485,0,0,0,0,0,0,0,0,0,0,0,0.136138617992401,0,0,0,0
"CRS3035RES50000mN2650000E3400000",0.00174812239129096,0.0916621312499046,0.0106366528198123,0.00168088695500046,0.000443754164734855,0.000389965774957091,0.00148590409662575,0,0,0.000275665457593277,0.00539228552952409,0.446356177330017,0,0,0,0.000383242237148806,0,0.181824907660484,0,0.133119523525238,0.0408858954906464,0,0.0171853881329298,0.0186040569096804,0.00576880387961864,0.000282389024505392,0.00498887244611979,0,0.00104214996099472,0.00324075017124414,0,0,0,0,0.000894231896381825,0,0.0143211567774415,0.00241375365294516,0.0112081542611122,0,0.00257511879317462,0,0.00119006796739995
"CRS3035RES50000mN2650000E3450000",5.60000007681083e-05,0.0485160015523434,0.00821600016206503,0.00141200004145503,0,0,0.00152000004891306,0,0,0,0.00161200005095452,0.469056010246277,0,0,0.00167599995620549,0.0006520000169985,0,0.184604004025459,0,0.189224004745483,0.0308159999549389,0,0.0468720011413097,0.00917199999094009,0.00240799994207919,0,0,0,0.000951999973040074,0,0,0,0,0,0,0,0,0,0,0,0.00323599996045232,0,0
"CRS3035RES50000mN2650000E3500000",0.00011600000289036,0.0313879996538162,0.00421199994161725,0,0,0,0.00253199995495379,0.00014000000373926,0,0,0.000872000004164875,0.346388012170792,0,0,0,0.00342399999499321,0,0.257807999849319,0,0.267915993928909,0.0242240000516176,0,0.0518679991364479,0.00289199990220368,0.0031920000910759,0,0.000744000019039959,0,0.00022000000171829,0,0,0,0,0,0,0,0,0,0,0,0.00206399988383055,0,0
"CRS3035RES50000mN2650000E3550000",0.000880000006873161,0.0508479997515678,0.008220000192523,0.00370000000111759,0,0.000731999985873699,0.00083999999333173,0,0,0.00125199998728931,0.00255999993532896,0.560667991638184,0,0,0.0027560000307858,0,0,0.0424639992415905,0,0.138651996850967,0.0160479992628098,0,0.100564002990723,0.0328520014882088,0.0297159999608994,0,0.00224000005982816,0,0.00405200012028217,0,0,0,0,0,0.000251999997999519,0,0,0,0,0.000216000000364147,0.000487999990582466,0,0
"CRS3035RES50000mN2650000E3600000",0.000448000006144866,0.0212999992072582,0.00318400003015995,0.000356000004103407,0,9.99999974737875e-05,0.000199999994947575,0.000203999996301718,0,0.000136000002385117,0.000980000011622906,0.483171999454498,0,0,0.000112000001536217,0.000544000009540468,0,0.106108002364635,0,0.133643999695778,0.0318519994616508,0,0.111380003392696,0.0334799997508526,0.0498600006103516,0,0.00180800002999604,0,0.00471200002357364,0,0,0,0,0,0.000528000004123896,0,0,0,0,0.00547599978744984,0.0104160001501441,0,0
"CRS3035RES50000mN2650000E3650000",0.00121999997645617,0.0191200003027916,0.00690399995073676,0,0,0.00164799997583032,0.00044000000343658,0,0,0.000339999998686835,0.00124400004278868,0.500191986560822,0,0,0.000127999999676831,0.000836000021081418,0,0.155100002884865,0,0.0542320013046265,0.0305679999291897,0,0.174856007099152,0.011672000400722,0.0106680002063513,0,0.00429200008511543,0,0.00392800010740757,0,0,0,0,0,0.00171600002795458,0,0,0,0,0,0.0208960007876158,0,0
"CRS3035RES50000mN2650000E3700000",0.000951999973040074,0.0313440002501011,0.0092799998819828,0.000915999989956617,0,0.000568000017665327,0.000684000027831644,0,0,0.000356000004103407,0.00169599999208003,0.612619996070862,0,0,0.000272000004770234,9.60000033956021e-05,0,0.127667993307114,0,0.0254800003021955,0.0177960004657507,0,0.150672003626823,0.00365200010128319,0.00466400012373924,0,0.00186800002120435,0,0.0067560002207756,0,0,0,0,0,0.000148000006447546,0,0,0,0,0,0.00251200003549457,0,0
"CRS3035RES50000mN2650000E3750000",0.000224000003072433,0.02700399979949,0.00356000009924173,0.000432000000728294,0,0.00210799998603761,0.000936000025831163,0,0,0,0.000944000028539449,0.44514000415802,0,0,0,0.000495999993290752,0,0.299100011587143,0,0.0264240000396967,0.0129159996286035,0,0.157340005040169,0.00225999997928739,0.00283999997191131,0,0.00424000015482306,0,0.00480799982324243,0.000108000000182074,0,0,0,0,0.000407999992603436,0,0,0,0,0.00619200011715293,0.00252000009641051,0,0
"CRS3035RES50000mN2650000E3800000",0.000380000012228265,0.0193479992449284,0.00283599994145334,0.000515999970957637,0,0,0.00104400003328919,0,0.000260000000707805,0,0.00108800001908094,0.169548004865646,0,0,0,0,0,0.405203998088837,0,0.0304760001599789,0.00556800002232194,0,0.311031997203827,0.0239760000258684,0.0125240003690124,0,0.000472000014269724,0,0.00947200041264296,0.000103999998827931,0,0,0,0,0,0,0,0,0,0.00401999987661839,0.00213199993595481,0,0
"CRS3035RES50000mN2650000E3850000",0.000356000004103407,0.012992000207305,0.000880000006873161,0,0,0,0.000755999993998557,0,0,0,0.0011399999493733,0.0232880003750324,0,0,0,0,0,0.476772010326385,0,0.0427919998764992,0.0227039996534586,0,0.255456000566483,0.10105200111866,0.0515239983797073,0,9.60000033956021e-05,0,0.00559599976986647,0,0,0,0,0,0,0,0,0,0,0,0.00459600007161498,0,0
"CRS3035RES50000mN2650000E3900000",0.000251999997999519,0.040327999740839,0.00673600006848574,0.00233600009232759,0,0.00172800000291318,0.00198399997316301,0,0,0.000315999990561977,0.00145600002724677,0.278396010398865,0,0,0.0497200004756451,0.000108000000182074,0,0.222427994012833,0,0.0440480001270771,0.0213200002908707,0,0.282956004142761,0.0153440004214644,0.0055439998395741,0.00388800003565848,0.00327600003220141,0,0.0108279995620251,0,0,0,0,0,8.80000006873161e-05,0,0,0,0,0.00268799997866154,0.00423200009390712,0,0
"CRS3035RES50000mN2650000E3950000",0.000372000009519979,0.0548119992017746,0.00572399981319904,0.00154399999883026,0.000255999999353662,0.00108800001908094,0.00153200002387166,0,0,0,0.000628000008873641,0.381635993719101,0,0,0.00455600023269653,0,0,0.110115997493267,0,0.0609439983963966,0.0184679999947548,0,0.319272011518478,0.00780399981886148,0.00325999991036952,0,0.000456000008853152,0,0.0119120003655553,0,0,0,0,0,0.000251999997999519,0,0,0,0,0.00953999999910593,0.00582800013944507,0,0
"CRS3035RES50000mN2650000E4000000",0.00111599999945611,0.0549440011382103,0.00901199970394373,0.000791999977082014,0,0.000236000007134862,0.000823999987915158,0,0,0,0.00161200005095452,0.0708199962973595,0,0,0.000944000028539449,0.000768000027164817,0,0.213376000523567,0,0.153172001242638,0.0430480018258095,0,0.272475987672806,0.100676000118256,0.0496480017900467,0.0131040001288056,0.00183600001037121,0,0.00528000015765429,0,0,0,0,0,0.00250800000503659,0.000260000000707805,0,0,0,0.00253599998541176,0.00101200002245605,0,0
"CRS3035RES50000mN2650000E4050000",0.000155999994603917,0.0393519997596741,0.00236400007270277,0,0,0,0.000119999996968545,0,0,0.000119999996968545,0.000395999988541007,0.104699999094009,0,0,0.00265599996782839,0,0,0.276412010192871,0,0.0899119973182678,0.0453720018267632,0,0.0923200026154518,0.151012003421783,0.134611994028091,0.00904799997806549,0.000112000001536217,0,0.00458399998024106,0,0,0,0,0,0.00252799992449582,0.000728000013623387,0,0,0,0.000387999985832721,0.0431080013513565,0,0
"CRS3035RES50000mN2650000E4100000",0.00143599999137223,0.0942320004105568,0.00919600017368793,0.000780000002123415,0,0.000167999998666346,0.000847999996040016,0,0,0.000123999998322688,0.00197599991224706,0.334084004163742,0,0,0.00115599995478988,0.000807999982498586,0,0.0902720019221306,0,0.0296560004353523,0.0399320013821125,0,0.0540440008044243,0.0425640009343624,0.270159989595413,0.000688000000081956,0,0,0.00395199982449412,0,0,0,0,0,0.00103599997237325,0,0,0,0,0.00411600014194846,0.0187720004469156,0,0
"CRS3035RES50000mN2650000E4150000",0.00117599999066442,0.107968002557755,0.0126000000163913,0.000356000004103407,0,0.00158399995416403,0.000247999996645376,0,0.000148000006447546,0.000288000010186806,0.00236400007270277,0.317887991666794,0,0,0,0.000260000000707805,0,0.0651080012321472,0,0.113123998045921,0.0274999998509884,0,0.0178440008312464,0.140928000211716,0.142775997519493,0.00560399983078241,0,0,0.0105640003457665,0,0,0.000872000004164875,0,0,0.000523999973665923,0,0,0,0,0.00117199996020645,0.0291039999574423,0,0
"CRS3035RES50000mN2650000E4200000",0.0034640000667423,0.104496002197266,0.00825999956578016,0.00063999998383224,0,0.00120000005699694,0.000339999998686835,0,0,0.000339999998686835,0.00389200006611645,0.1474239975214,0,0,0.000148000006447546,0.000108000000182074,0,0.142363995313644,0,0.0733119994401932,0.0131559995934367,0,0.0290399994701147,0.0910800024867058,0.185420006513596,0.0550319999456406,0.00565600022673607,0,0.00875999964773655,0,0.0174039993435144,0.0102040003985167,0,0.000828000018373132,0.00765600008890033,0,0,0,0,0,0.0897760018706322,0,0
"CRS3035RES50000mN2650000E4250000",0.000623999978415668,0.0670719966292381,0.00836800038814545,0.000568000017665327,0,0.000112000001536217,0.00028000000747852,0,0,0,0.00123199995141476,0.0706840008497238,0,0,0.00173999997787178,0.000112000001536217,0,0.211116001009941,0,0.00669999979436398,0.0103639997541904,0,0.0370559990406036,0.143759995698929,0.178540006279945,0.126747995615005,0.0488279983401299,0,0.0140319997444749,0,0.0188079997897148,0.0372759997844696,0,0.00028000000747852,0.00251200003549457,0,0,0,0,0.00279600010253489,0.0103919999673963,0,0
"CRS3035RES50000mN2650000E4300000",0.000600000028498471,0.0271879993379116,0.00120800000149757,0.000315999990561977,0,0,0.000456000008853152,0.000148000006447546,0,0,0.00978800002485514,0.000967999978456646,0,0,0,0,0,0.052607998251915,0,0.00323199992999434,0.00118400005158037,0,0.0220960006117821,0.201808005571365,0.0988520011305809,0.346352010965347,0.0532200001180172,0,0.00193999998737127,0.000327999994624406,0.0503799989819527,0.121840000152588,0,0.000623999978415668,0.00251600006595254,0.000707999977748841,0,0,0,0,0.00164000003132969,0,0
"CRS3035RES50000mN2650000E4350000",0.000176000001374632,0.0244880001991987,0.0011680000461638,0,0,0,0.00104000000283122,0,0,0,0.00937199965119362,0.00385199999436736,0,0,0,0,0,0.0623879991471767,0,0.00478400010615587,0.00173999997787178,0,0.000815999985206872,0.330323994159698,0.0187359992414713,0.19522400200367,0.072452001273632,0,0.000344000000040978,0.00149199995212257,0.104892000555992,0.1615159958601,0,0.00386800011619925,0.000411999993957579,0,0,0,0,0.00023999999393709,0.000676000025123358,0,0
"CRS3035RES50000mN2650000E4400000",0.00152000004891306,0.0346359983086586,0.00426399987190962,0.000744000019039959,0,0.000528000004123896,0.000423999998020008,0,0,0.000103999998827931,0.00696799997240305,0.0145640000700951,0,0,0,0,0,0.0553600005805492,0,0.0134039996191859,0.00261999992653728,0,0.000712000008206815,0.300900012254715,0.0286720003932714,0.176272004842758,0.0572119988501072,0,0.00546000013127923,0.000132000001030974,0.128756001591682,0.145260006189346,0,0.0191319994628429,0,0.000127999999676831,0,0,0,0.00222799996845424,0,0,0
"CRS3035RES50000mN2650000E4450000",0.000243999995291233,0.0137000000104308,0.00112000002991408,0,0,0,0,0,0,0,0.0106239998713136,0.00211200001649559,0,0,0,0,0,0.0814519971609116,0,0.00328000006265938,0.00129199994262308,0,0.00011600000289036,0.267452001571655,0.0158840008080006,0.240899994969368,0.0151880001649261,0,0.00423600012436509,9.60000033956021e-05,0.166848003864288,0.136155992746353,0,0.0358039997518063,0,0.000555999984499067,0,0,0,0.000407999992603436,0.00253199995495379,0,0
"CRS3035RES50000mN2650000E4500000",0.000327999994624406,0.0153160002082586,0.00031999999191612,0.00011600000289036,0,0,0.00047999998787418,0,0,0,0.00861200038343668,0.000155999994603917,0,0,0,0,0,0.0895759984850883,0,0.000103999998827931,0.00402399990707636,0,0.00259599997662008,0.264896005392075,0.0204039998352528,0.288399994373322,0.0112359998747706,0,0.00366399995982647,0,0.157051995396614,0.0967120006680489,0,0.0302920006215572,0.000571999989915639,0.000112000001536217,0,0,0,0,0.00503200013190508,0,0
"CRS3035RES50000mN2650000E4550000",0.000176000001374632,0.01587999984622,0.000460000010207295,0.000108000000182074,0,0,0.000243999995291233,0,0,0,0.0151239996775985,0.000276000006124377,0,0,0,0,0,0.0777439996600151,0,0.00322799989953637,0.00083999999333173,0,0.00226400000974536,0.340755999088287,0.0465120002627373,0.23759999871254,0.0640600025653839,0,0.0114799998700619,0,0.0694319978356361,0.107156001031399,0,0.00418000016361475,0.000327999994624406,4.80000016978011e-05,0,0,0,0,0.00210399995557964,0,0
"CRS3035RES50000mN2650000E4600000",0,0.0103399995714426,0.000307999987853691,0,0,0,0,0,0,0,0.00457199988886714,0.00885200034826994,0,0,0,0,0,0.105860002338886,0,0.0108000002801418,0.002608000067994,0,0.000964000006206334,0.49549600481987,0.0258000008761883,0.190372005105019,0.0657799988985062,0,0.0250039994716644,0.000127999999676831,0.00141200004145503,0.0494880005717278,0,0,0.00124000001233071,0.000872000004164875,0,0,0,0,0.000103999998827931,0,0
"CRS3035RES50000mN2650000E4650000",0.00023999999393709,0.0232439991086721,0.00394400022923946,0.000536000006832182,0,0.00127999996766448,0.00103599997237325,0.000216000000364147,0,0,0.00421599997207522,0.0334639996290207,0,0,0,0,0,0.166308000683784,0,0.0335879996418953,0.0057760002091527,0,0.00014000000373926,0.597912013530731,0.0433959998190403,0.0432399995625019,0.0149999996647239,0,0.0240880008786917,0,0,0.00125600001774728,0,0,0.000552000012248755,0.000568000017665327,0,0,0,0,0,0,0
"CRS3035RES50000mN2650000E4700000",0.00271599995903671,0.0812560021877289,0.00771200004965067,0.000855999998748302,0,0.00134399998933077,0.00222399993799627,0.000948000000789762,0.000288000010186806,0.000536000006832182,0.00174400000832975,0.0850519984960556,0,0,0,0,0,0.13510000705719,0,0.105612002313137,0.0229599997401237,0,0.080435998737812,0.196375995874405,0.255364000797272,0.00932800024747849,0.00083999999333173,0,0.00660800002515316,0,0,0,0,0,0,0,0,0,0,0.000823999987915158,0.00187599996570498,0,0
"CRS3035RES50000mN2650000E4750000",0.000292000011540949,0.0391599982976913,0.00282800011336803,0,0,0,0.000771999999415129,0,0,0,0.001587999984622,0.28219598531723,0,0,0.00171600002795458,0.00183199997991323,0,0.0189919993281364,0,0.20618399977684,0.0463920012116432,0,0.18350000679493,0.0251759998500347,0.187099993228912,0.000112000001536217,0,0,0.00108800001908094,0,0,0,0,0,0.000307999987853691,0,0,0,0,0,0.000763999996706843,0,0
"CRS3035RES50000mN2650000E4800000",0,0.0425079986453056,0.00353599991649389,0.000195999993593432,0,0,0.00176400004420429,0.000247999996645376,0.000739999988581985,0.000704000005498528,0.000951999973040074,0.42247200012207,0,0,0.00442800018936396,0.00800400041043758,0,0.0383840017020702,0,0.0436000004410744,0.0301479995250702,0,0.196968004107475,0.0670640021562576,0.104244001209736,0.00376400002278388,0,0,0.0279280003160238,0,0,0,0,0,0.000980000011622906,0,0,0,0,0,0.00136800005566329,0,0
"CRS3035RES50000mN2700000E3350000",0,0.165656700730324,0.00580468215048313,0,0.00191363145131618,0.00204120692797005,0,0,0,0,0.0192001014947891,0.0438859462738037,0,0,0,0,0,0.0291509851813316,0,0.0701664835214615,0.00395483849570155,0,0,0.0535816811025143,0.00159469281788915,0.0206034313887358,0.034254003316164,0,0.0107163358479738,0.0156917776912451,0,0,0,0,0,0,0.0097595201805234,0.076481468975544,0.435542523860931,0,0,0,0
"CRS3035RES50000mN2700000E3400000",0.000951913418248296,0.080199770629406,0.0146287325769663,0.00135743711143732,0,0.000913495372515172,0.0024117985740304,0.000384180311812088,0.000128060099086724,0.000580539111979306,0.00621518353000283,0.295831650495529,0,0,0.0110131688416004,0,0,0.234708562493324,0,0.21543550491333,0.0170917548239231,0,0.0208225734531879,0.0072610080242157,0.00247155991382897,0,0.00118242157623172,0,0.000401254976168275,0.000653106544632465,0,0,0,0,0.0331248790025711,0,0.00160928862169385,0,0.0372185334563255,0.00312466640025377,0.0102789578959346,0,0
"CRS3035RES50000mN2700000E3450000",0.000243999995291233,0.0753040015697479,0.0164000000804663,0.000888000009581447,0,0.000216000000364147,0.00140399998053908,0.00014000000373926,0.00014000000373926,0.000576000020373613,0.00343600008636713,0.3855240046978,0,0,0.0585479997098446,0.00282400008291006,0,0.180355995893478,0,0.218960002064705,0.0211759991943836,0,0.0220120009034872,0.00284400000236928,0.00318400003015995,0.000356000004103407,0.000180000002728775,0,0,0,0,0,0,0,0.00191999995149672,0,0,0,0,0.00237599993124604,0.000991999986581504,0,0
"CRS3035RES50000mN2700000E3500000",0.00022000000171829,0.0335440002381802,0.00520800007507205,0.000771999999415129,0,0,0.0015999999595806,0.000176000001374632,0,0,0.00166399998124689,0.394692003726959,0,0,0.0579920001327991,0.00337200006470084,0,0.178184002637863,0,0.22825600206852,0.0144480001181364,0,0.0502119995653629,0.0128359999507666,0.0117720002308488,0,0.000251999997999519,0,0.00163600000087172,0.000288000010186806,0,0,0,0,0.000103999998827931,0,0,0,0,0.000568000017665327,0.00220400001853704,0,0
"CRS3035RES50000mN2700000E3550000",0.000536000006832182,0.0438000001013279,0.00617599999532104,0.000132000001030974,0,0.000331999995978549,0.000132000001030974,0,0,0,0.00388400000520051,0.359836012125015,0,0,0.0408239997923374,0.00541200023144484,0,0.0840480029582977,0,0.128728002309799,0.0283240005373955,0,0.175863996148109,0.0681160017848015,0.0247600004076958,0,0.00691200001165271,0,0.00772800017148256,0.00187999999616295,0,0,0,0,0,0,0,0,0,0.0110680004581809,0.00150799995753914,0,0
"CRS3035RES50000mN2700000E3600000",0.000560000014957041,0.0730360001325607,0.0142679996788502,0.00553999980911613,0,0.00138000003062189,0.00014000000373926,0,0,0.00117599999066442,0.00306800007820129,0.47952800989151,0,0,0.0231640003621578,0.00364000000990927,0,0.0868479982018471,0,0.0684240013360977,0.0230679996311665,0,0.157039999961853,0.018783999606967,0.0195760000497103,9.20000020414591e-05,0.00350399990566075,0,0.00293600000441074,0.000612000003457069,0,0,0,0,0,0,0,0,0,0.0109799997881055,0.00263600004836917,0,0
"CRS3035RES50000mN2700000E3650000",0.000264000002061948,0.030044000595808,0.00251200003549457,0.000331999995978549,0,0,0.00028000000747852,0.000119999996968545,0,0.000103999998827931,0.00190799997653812,0.378111988306046,0,0,0.0458960011601448,0.000368000008165836,0,0.0571120008826256,0,0.116619996726513,0.0668760016560555,0,0.222527995705605,0.0307080000638962,0.0353239998221397,0,0.000432000000728294,0,0.00270400010049343,0,0,0,0,0,0.00014000000373926,0,0,0,0,0.0033239999320358,0.00429200008511543,0,0
"CRS3035RES50000mN2700000E3700000",0.000276000006124377,0.022859999909997,0.00366399995982647,0.00189600000157952,0,0,0.000296000012895092,0.000247999996645376,0,0.000348000001395121,0.00153200002387166,0.242252007126808,0,0,0.000904000014998019,0.00637200009077787,0,0.06267199665308,0,0.0327799990773201,0.0752160027623177,0,0.369091987609863,0.107015997171402,0.048360001295805,0,0.00212400010786951,0,0.0100560002028942,0,0,0,0,0,0.000348000001395121,0,0,0,0,0,0.0116879995912313,0,0
"CRS3035RES50000mN2700000E3750000",0.00039999998989515,0.0220999997109175,0.00206000008620322,0.000103999998827931,0,0.000103999998827931,0,0,0,0.000132000001030974,0.000647999986540526,0.513220012187958,0,0,0.0200159996747971,0.00123199995141476,0,0.182127997279167,0,0.0290159992873669,0.0335199981927872,0,0.176052004098892,0.00564400013536215,0.00334800011478364,0,0.000148000006447546,0,0.00145600002724677,0.000912000017706305,0,0,0,0,0,0,0,0,0,0.00640399986878037,0.00135599996428937,0,0
"CRS3035RES50000mN2700000E3800000",0.000144000005093403,0.0153799997642636,0.000595999998040497,0,0,0,0.000368000008165836,0,0,0,0.000276000006124377,0.403295993804932,0,0,9.60000033956021e-05,0,0,0.194820001721382,0,0.0105039998888969,0.0212919991463423,0,0.317099988460541,0.0179960001260042,0.00808800011873245,0,0.000432000000728294,0,0.00837200041860342,0,0,0,0,0,0,0,0,0,0,0,0.00124000001233071,0,0
"CRS3035RES50000mN1650000E6350000",0,0.0255511030554771,0.00626252498477697,0,0,0,0.00568995112553239,0,0,0,0,0.186193808913231,0.0163183510303497,0,0,0.137310341000557,0,0.00250500999391079,0.00812338944524527,0.0944746658205986,0.0356427133083344,0,0,0.0107357576489449,0,0.0347122810781002,0,0.241447180509567,0.128578588366508,0.0491339825093746,0,0.0164972804486752,0,0,0,0,0,0,0,0.000823074718937278,0,0,0
"CRS3035RES50000mN2700000E3850000",0.00023999999393709,0.016372000798583,0.00173200003337115,0,0,0.000148000006447546,0.00126399996224791,9.99999974737875e-05,0,0,0.000108000000182074,0.2534039914608,0,0,0.000264000002061948,0,0,0.320156008005142,0,0.0164880007505417,0.0268639996647835,0,0.252364009618759,0.0554520003497601,0.0410239994525909,0,0.000636000011581928,0,0.0104560004547238,0,0,0,0,0,0,0,0,0,0,0,0.0029279999434948,0,0
"CRS3035RES50000mN2700000E3900000",0.000464000011561438,0.0248799994587898,0.00630000000819564,0.000747999991290271,0,0.000132000001030974,0.00105600000824779,0,0,0.000384000013582408,0.00150799995753914,0.381188005208969,0,0,0.000103999998827931,0.000192000006791204,0,0.16525200009346,0,0.0185320004820824,0.0133840003982186,0,0.344112008810043,0.0196599997580051,0.0162480007857084,0.00141599995549768,0.000823999987915158,0,0.00303200003691018,0,0,0,0,0,0,0,0,0,0,0,0.000584000023081899,0,0
"CRS3035RES50000mN2700000E3950000",0,0.030052000656724,0.00321200001053512,0.000432000000728294,0,0.000560000014957041,0.000352000002749264,0.000268000003416091,0,0,0.000783999974373728,0.481296002864838,0,0,0.000151999993249774,0,0,0.126111999154091,0,0.0122199999168515,0.0132839996367693,0,0.279651999473572,0.0222120005637407,0.0158159993588924,0.000311999989207834,0.000539999979082495,0,0.00567199988290668,0,0,0,0,0,0.000203999996301718,0,0,0,0,0.00306800007820129,0.00380000006407499,0,0
"CRS3035RES50000mN2700000E4000000",0.000247999996645376,0.0300120003521442,0.00267599988728762,0.0010039999615401,0,0.00187599996570498,0.000528000004123896,0.000327999994624406,0,0,0.000796000007539988,0.216064006090164,0,0,0,0.000923999992664903,0,0.184900000691414,0,0.113668002188206,0.0305039994418621,0,0.36379200220108,0.0134680001065135,0.0182520002126694,0.00176000001374632,0.00264799990691245,0,0.012423999607563,0,0,0,0,0,0.00031999999191612,0,0,0,0,0.000555999984499067,0.00325200008228421,0,0
"CRS3035RES50000mN2700000E4050000",0.000872000004164875,0.0774480029940605,0.0130920000374317,0.00383200007490814,0,0.00184000004082918,0.000967999978456646,0,0.000136000002385117,0,0.00200799992308021,0.100928001105785,0,0,0,0.00255200010724366,0,0.145247995853424,0,0.115932002663612,0.0324320010840893,0,0.38808399438858,0.0388519987463951,0.0597679987549782,0.0011680000461638,0.00049200002104044,0,0.00447600008919835,0,0,0,0,0,0.000628000008873641,0.00014000000373926,0,0,0,0.000747999991290271,0.00835600029677153,0,0
"CRS3035RES50000mN2700000E4100000",0.0024439999833703,0.118759997189045,0.0253560002893209,0.00369199994020164,0.000600000028498471,0.00266400002874434,0.00243199989199638,0.0006520000169985,0,0.00140800001099706,0.00384799996390939,0.299820005893707,0,0,0.00896400026977062,0.0164000000804663,0,0.046764001250267,0,0.0852800011634827,0.0168120004236698,0,0.248447999358177,0.0134279998019338,0.0894439965486526,0.000144000005093403,0.00157199997920543,0,0.00218000006861985,0,0,0,0,0,0.000584000023081899,0,0,0,0,0.0056520001962781,0.00265199993737042,0,0
"CRS3035RES50000mN2700000E4150000",0.000684000027831644,0.0785199999809265,0.012427999638021,0.000547999981790781,0,9.60000033956021e-05,0.00081200001295656,0,0,0,0.00161999999545515,0.183564007282257,0,0,0.000768000027164817,0.00580399995669723,0,0.17305600643158,0,0.0179800000041723,0.00659999996423721,0,0.109756000339985,0.174731999635696,0.215279996395111,0.00107200001366436,0,0,0.00692400010302663,0,0,0,0,0,0,0,0,0,0,0.00721599999815226,0.00254000001586974,0,0
"CRS3035RES50000mN2700000E4200000",0.000704000005498528,0.10360000282526,0.0150760002434254,0.000820000015664846,0,0.00370400003157556,0.00152799999341369,0,0.000172000000020489,0.000380000012228265,0.00537599995732307,0.407727986574173,0,0,0.00486000021919608,0.00686000008136034,0,0.0793360024690628,0,0.00879199989140034,0.00418000016361475,0,0.0828239992260933,0.0476600006222725,0.198796004056931,0.000372000009519979,0,0,0.000920000020414591,0,0,0,0,0,0.00221999990753829,0.000372000009519979,0,0,0,0.0034719998948276,0.0202479995787144,0,0
"CRS3035RES50000mN2700000E4250000",0.00277599995024502,0.0915639996528625,0.0151399997994304,0.000284000008832663,0,0.00101200002245605,0.000427999999374151,0.00011600000289036,0,0.000108000000182074,0.00402399990707636,0.230363994836807,0,0,0.00255999993532896,0.0680679976940155,0,0.145224004983902,0,0.0450199991464615,0.00781199987977743,0,0.0482439994812012,0.05409200116992,0.0819720029830933,0,0,0,0.000752000021748245,0,0,0,0,0,0.0063999998383224,0.000468000012915581,0,0,0,0.00115200004074723,0.19242000579834,0,0
"CRS3035RES50000mN2700000E4300000",0.00221200007945299,0.0445800013840199,0.00658399984240532,0.000296000012895092,0,0.000176000001374632,0.000859999970998615,0,0.000744000019039959,0.000415999995311722,0.00314399995841086,0.00574799999594688,0,0,0,0.000592000025790185,0,0.530160009860992,0,0.00202800007537007,0.00359200011007488,0,0.0212999992072582,0.195127993822098,0.102863997220993,0.0557000003755093,0.00203999993391335,0,0.00760400015860796,0.000192000006791204,0.00113200000487268,0.00146800000220537,0,0,0.00292399991303682,0.00198800000362098,0,0,0,0.000207999997655861,0.00632000016048551,0,0
"CRS3035RES50000mN1650000E6400000",0.00182981148827821,0.103687524795532,0.0387479998171329,0.00150248443242162,0.000262934772763401,0.00642848713323474,0.00516747357323766,0.000643921899609268,0.00384743348695338,0.00226445868611336,0.00474892416968942,0.365849614143372,0.0351152084767818,0,0,0.0269642304629087,0.00805975589901209,0.00272057019174099,0.00763047486543655,0.0785155445337296,0.0374762564897537,0,0.00130930787418038,0.0364137850701809,0.00091758870985359,0.0388553217053413,0,0.126235529780388,0.0437115654349327,0.00211421027779579,0.000177078531123698,0.0157224275171757,0.00123954971786588,0,0.000144882433232851,0,0,0,0,3.75621129933279e-05,0.00165809888858348,0,0
"CRS3035RES50000mN2700000E4350000",0.000136000002385117,0.0302840005606413,0.00307999993674457,0,0,0.000427999999374151,0.000464000011561438,0.000103999998827931,0.000184000004082918,0,0.00357599998824298,0.0013399999588728,0,0,0,0,0,0.392008006572723,0,0,9.60000033956021e-05,0,0.00870000012218952,0.319608002901077,0.0876040011644363,0.0484960004687309,0.0387439988553524,0,0.00728000001981854,0.00158399995416403,0.0100760003551841,0.0229039993137121,0,0.000144000005093403,0.00097200000891462,0.00586399994790554,0,0,0,0.00162800005637109,0.0146960001438856,0,0
"CRS3035RES50000mN2700000E4400000",0.000108000000182074,0.029152000322938,0.00267999991774559,0,0,0,0.000303999986499548,0,0,0,0.00385600002482533,0.00314399995841086,0,0,0,0,0,0.22435200214386,0,0.000452000007499009,0.00108399998862296,0.00023999999393709,0.137508004903793,0.248520001769066,0.151531994342804,0.0510439984500408,0.0386799983680248,0,0.00767999980598688,0.00209599989466369,0.0182600002735853,0.0259160008281469,0,0,0.0014280000468716,0.0295199993997812,0,0,0,0.000127999999676831,0.0223159994930029,0,0
"CRS3035RES50000mN2700000E4450000",0.000123999998322688,0.0427160002291203,0.00338799995370209,0.000151999993249774,0,0,0.00138000003062189,0,0,0,0.00849600043147802,0.0103799998760223,0,0,0,0,0,0.237220004200935,0,0.00648400001227856,0.00193599995691329,0,0.0472600013017654,0.260587990283966,0.240879997611046,0.0673839971423149,0.0272959992289543,0,0.005044000223279,0.000132000001030974,0.00838399957865477,0.0143839996308088,0,0,0.00106799998320639,0.00329999998211861,0,0,0,0.00371599989011884,0.00828799977898598,0,0
"CRS3035RES50000mN2700000E4500000",0.00180800002999604,0.040387999266386,0.00385199999436736,0.000348000001395121,0,0.000660000019706786,0.000691999972332269,0,0,0.000487999990582466,0.0109120002016425,0.00435200007632375,0,0,0,0,0,0.151907995343208,0,0.00124799995683134,0.00130799994803965,0,0.0368999987840652,0.248888000845909,0.287447988986969,0.0779640004038811,0.0417999997735023,0,0.00331200007349253,0.00294400006532669,0.0524079985916615,0.022027999162674,0,1.99999994947575e-05,0.000600000028498471,0.0037839999422431,0,0,0,0.000423999998020008,0.00351599999703467,0,0
"CRS3035RES50000mN2700000E4550000",0.000920000020414591,0.0403920002281666,0.00183199997991323,7.5999996624887e-05,0,0,0.000967999978456646,0,0,0.000155999994603917,0.00874799955636263,0.00156000000424683,0,0,0,0,0,0.137204006314278,0,0.00158000004012138,0.000511999998707324,0,0.0788360014557838,0.261743992567062,0.24431599676609,0.0439959987998009,0.0468599982559681,0,0.0067119998857379,0,0.0630799978971481,0.0411759987473488,0,0.00228799995966256,0.000623999978415668,0.00015999999595806,0,0,0,0.000508000026457012,0.01575200073421,0,0
"CRS3035RES50000mN2700000E4600000",0.000255999999353662,0.0204440001398325,0.00110800005495548,0.000260000000707805,0,0.000255999999353662,0.000620000006165355,0,0,0,0.00803199969232082,0.00201199995353818,0,0,0,0,0,0.109131999313831,0,0.00410000002011657,0.00121200003195554,0,0.0284800007939339,0.36913600564003,0.113867998123169,0.0861279964447021,0.119332000613213,0,0.0361000001430511,0,0.0528599992394447,0.0404240004718304,0,0,0.000395999988541007,0.0019000000320375,0,0,0,6.80000011925586e-05,0.00387599994428456,0,0
"CRS3035RES50000mN2700000E4650000",0.000403999991249293,0.0166759993880987,0.00103599997237325,0.000376000010874122,0,0,0.00313200009986758,0,0,0,0.00182799994945526,0.00325600011274219,0,0,0,0,0,0.0720959976315498,0,0.00288800010457635,0.00126799999270588,0,0.0372200012207031,0.458703994750977,0.145475998520851,0.0738279968500137,0.0747480019927025,0,0.0400360003113747,0,0.0216639991849661,0.0440159998834133,0,0,0.000307999987853691,0.000368000008165836,0,0,0,0.00023999999393709,0.000432000000728294,0,0
"CRS3035RES50000mN2700000E4700000",0.00052000000141561,0.0318999998271465,0.00306400004774332,0.000867999973706901,0,0,0.00115200004074723,0,0,0,0.000571999989915639,0.00200399989262223,0,0,0,0,0,0.0949480012059212,0,0.0131400004029274,0.0244919992983341,0,0.00707599986344576,0.585348010063171,0.135008007287979,0.0295679997652769,0.027276000007987,0,0.00394000019878149,0,0.0143640004098415,0.0244440007954836,0,0,0,0,0,0,0,0.000315999990561977,0,0,0
"CRS3035RES50000mN2700000E4750000",0.000172000000020489,0.0438640005886555,0.00124799995683134,0.000468000012915581,0,0,0.00085200002649799,0,0,0.000495999993290752,0.00198800000362098,0.150884002447128,0,0,0,0,0,0.0649999976158142,0,0.131420001387596,0.0339200012385845,0,0.0192280001938343,0.312052011489868,0.226160004734993,0.00792799983173609,0.00277599995024502,0,0.000720000010915101,0,0.000823999987915158,0,0,0,0,0,0,0,0,0,0,0,0
"CRS3035RES50000mN2700000E4800000",0.000411999993957579,0.0563040003180504,0.00512799993157387,0.000411999993957579,0,0,0.000668000022415072,0.000247999996645376,0.00022000000171829,0.000831999990623444,0.00335599994286895,0.506608009338379,0,0,0.0163839999586344,0.00430400017648935,0,0.0335559993982315,0,0.0210159998387098,0.0210880003869534,0,0.168612003326416,0.0353079997003078,0.0911960005760193,0.00517999986186624,0,0,0.020643999800086,0,0,0,0,0,0.00780799984931946,0,0,0,0,0.000368000008165836,0.000348000001395121,0,0
"CRS3035RES50000mN1650000E6450000",0.000560157292056829,0.0643108263611794,0.0306656341999769,0.00138847506605089,0.00119182409252971,0.00194863241631538,0.00162088079378009,0.000148978011566214,0.00173410400748253,0,0.014069483615458,0.5570228099823,0.0888326093554497,0,0,0.00256242183968425,0.00379000068642199,0.000935581920202821,0.00794350728392601,0.039342112839222,0.00877182558178902,0.000983254867605865,0,0.0127942319959402,0.000500566093251109,0.0344556346535683,0.000583993794862181,0.0853941962122917,0.0158989336341619,0.00107264169491827,0.000887908972799778,0.01628627628088,0,0,0.00205589644610882,0,0,0,0,0,0.00224658846855164,0,0
"CRS3035RES50000mN1650000E6500000",0,0,0,0,0,0,0,0,0,0,0.200305804610252,0.0840978622436523,0.0795107036828995,0,0,0,0,0,0,0.0183486230671406,0.0420489311218262,0,0,0.0267584100365639,0,0,0,0.458715587854385,0,0,0.0902140662074089,0,0,0,0,0,0,0,0,0,0,0,0
"CRS3035RES50000mN2750000E3300000",0,0.0961484685540199,0,0,0.00233143707737327,0.00494264671579003,0,0,0,0,0.0160402879118919,0.0905530154705048,0,0,0,0,0,0.233703255653381,0,0.223351672291756,0.00289098196662962,0,0.0024246945977211,0.00251795211806893,0.00382355693727732,0.0553016886115074,0.226988717913628,0,0,0.0124965030699968,0,0,0,0,0,0,0,0,0.0240604300051928,0,0.0024246945977211,0,0
"CRS3035RES50000mN2750000E3350000",0,0.122716762125492,0.00900797732174397,0,0.00144752464257181,0.000885176938027143,0.00174952612724155,0.00032282923348248,0,0.000822693866211921,0.0100597757846117,0.245069041848183,0,0,0,0.000312415388179943,0,0.106137923896313,0,0.22096098959446,0.0280757285654545,0,0.0267219301313162,0.0159435980021954,0.0145377293229103,0.000791452301200479,0.00341574149206281,0,0.000333243078785017,0.001968216849491,0,0,0,0,0.0554016605019569,0,0.0123195797204971,0.0272946916520596,0.0860600247979164,0.00346781080588698,0.00391560606658459,0,0.000260346161667258
"CRS3035RES50000mN2750000E3400000",0.000683936406858265,0.0612507537007332,0.013019073754549,0.00142857723403722,0.00354918465018272,0.00127479271031916,0.000938894925639033,0.000109267944935709,0,0.000449212675448507,0.0047066155821085,0.261733144521713,0,0,0,0.000501823145896196,0,0.21698185801506,0,0.273271024227142,0.0209511164575815,0,0.0400203950703144,0.013816324993968,0.0169931892305613,0,0.00165520701557398,0,0.00235533132217824,0.000271146389422938,0,0,0,0,0.0375234223902225,0,0.000671795511152595,0,0.00832055136561394,0.00439499970525503,0.0024605521466583,0,0.0106677887961268
"CRS3035RES50000mN2750000E3450000",0.00015999999595806,0.0412399992346764,0.00974399968981743,0.000432000000728294,0,0.000243999995291233,0.00181599997449666,0,0,0.000296000012895092,0.00528800021857023,0.395799994468689,0,0,0.00615199981257319,0.00501600001007318,0,0.208212003111839,0,0.222647994756699,0.0188319999724627,0,0.0445320010185242,0.0105039998888969,0.00788000039756298,0,0.000339999998686835,0,0.0015999999595806,0.00137199996970594,0,0,0,0,0.00552400015294552,0.000384000013582408,0,0,0,0.00841999985277653,0.00356399989686906,0,0
"CRS3035RES50000mN1700000E2700000",0.0126448106020689,0.0409654676914215,0.00392361031845212,0,0.00143183884210885,0.00390501506626606,0.00252896221354604,0.00100414676126093,0.00230581848882139,0,0.0447403155267239,0.0108038755133748,0.00682447897270322,0,0,0.0850921422243118,0.0716849192976952,0.00197110278531909,0.149171575903893,0.132063895463943,0.113654538989067,0.00130167172756046,0.00271491520106792,0.0158060137182474,0,0,0,0.0827305316925049,0.0194878857582808,0.0257173143327236,0,0,0,0,0.00236160447821021,0,0.0876582935452461,0.0173866152763367,0.0281161088496447,0,0.000464882759843022,0.0315376445651054,0
"CRS3035RES50000mN2750000E3500000",0.000831999990623444,0.0576200000941753,0.0156919993460178,0.000676000025123358,0,0.000744000019039959,0.00169599999208003,0.000207999997655861,0.000132000001030974,0.00174400000832975,0.00673600006848574,0.333371996879578,0,0,0.0125959999859333,0.0093599995598197,0,0.304628014564514,0,0.141883999109268,0.0292279999703169,0,0.0461720004677773,0.00834400020539761,0.0111560001969337,0,0,0,0.00242800009436905,0.0017119999974966,0,0,0,0,0.000544000009540468,0,0,0,0,0.0106319999322295,0.00186399999074638,0,0
"CRS3035RES50000mN2750000E3550000",0.000203999996301718,0.0284359995275736,0.00556800002232194,0.000184000004082918,0,0,0.00123199995141476,0,0,0,0.00283999997191131,0.306508004665375,0,0,9.99999974737875e-05,0.0106640001758933,0,0.23241999745369,0,0.0998800024390221,0.0399679988622665,0,0.112163998186588,0.111404001712799,0.0386600010097027,0,0.00110400002449751,0,0.0054199998266995,0,0,0,0,0,0,0,0,0,0,0,0.00324400002136827,0,0
"CRS3035RES50000mN2750000E3600000",0,0.0270119998604059,0.00193200004287064,0.000268000003416091,0,0,0.000647999986540526,0.000327999994624406,0,0,0.00143599999137223,0.572660028934479,0,0,0.00196800008416176,0.00345600000582635,0,0.138303995132446,0,0.0440680012106895,0.0296759996563196,0,0.150156006217003,0.0186279993504286,0.00347599992528558,0,0.000103999998827931,0,0.00328000006265938,0,0,0,0,0,0,0,0,0,0,0,0.00260000000707805,0,0
"CRS3035RES50000mN2750000E3650000",0.000236000007134862,0.042943999171257,0.00657999981194735,0.000199999994947575,0,0.000495999993290752,0.000544000009540468,0,0,0.000348000001395121,0.0030280000064522,0.639248013496399,0,0,0.00242800009436905,0.00150000001303852,0,0.0112199997529387,0,0.0320160016417503,0.0227199997752905,0,0.191612005233765,0.0169319994747639,0.0139359999448061,0,0.000403999991249293,0,0.00516000017523766,0,0,0,0,0,0.00149599998258054,0,0,0,0,0.00549199990928173,0.00146000005770475,0,0
"CRS3035RES50000mN2750000E3700000",0.000671999994665384,0.0619440004229546,0.0146679999306798,0.000859999970998615,0,0.00301199988462031,0.000936000025831163,0.000180000002728775,0.000112000001536217,0.000984000042080879,0.00480399979278445,0.267556011676788,0,0,0,0.00429600011557341,0,0.0540480017662048,0,0.0376960001885891,0.055332001298666,0,0.359423995018005,0.0732799991965294,0.034120000898838,0,0.000284000008832663,0,0.0119200004264712,0.000323999993270263,0,0,0,0,0,0,0,0,0,0.00863199960440397,0.00491600017994642,0,0
"CRS3035RES50000mN2750000E3750000",0.000468000012915581,0.0389840006828308,0.00597199983894825,0.000432000000728294,0,0,9.60000033956021e-05,0,0,0.000600000028498471,0.00178399996366352,0.49124801158905,0,0,0,0.000311999989207834,0,0.0935000032186508,0,0.0239599999040365,0.0464520007371902,0,0.225303992629051,0.0448159985244274,0.00854399986565113,0,0.00141599995549768,0,0.00694000022485852,0.000108000000182074,0,0,0,0,0.000272000004770234,0,0,0,0,0.00370800006203353,0.00508400006219745,0,0
"CRS3035RES50000mN2750000E3800000",0.000352000002749264,0.0360840000212193,0.00617199996486306,0.00120399997103959,0,0.000523999973665923,0.000155999994603917,0,0,0.00031999999191612,0.000907999987248331,0.530467987060547,0,0,0.00588400010019541,0.00223199999891222,0,0.0629400014877319,0,0.022859999909997,0.0388800017535686,0,0.255775988101959,0.0147719997912645,0.00975199975073338,0,0,0,0.00494799995794892,0,0,0,0,0,0.000123999998322688,0,0,0,0,0.00181599997449666,0.00382800004445016,0,0
"CRS3035RES50000mN2750000E3850000",0,0.0171479992568493,0.00202000001445413,0,0,0,0.00142400001641363,0,0,0,0.000327999994624406,0.492751985788345,0,0,0.0265519991517067,0,0,0.0620039999485016,0,0.0269680004566908,0.0228679999709129,0,0.29900398850441,0.0276079997420311,0.0160959996283054,0,0.00067999999737367,0,0.00341999996453524,0,0,0,0,0,0,0,0,0,0,0,0.00112799997441471,0,0
"CRS3035RES50000mN2750000E3900000",0.000112000001536217,0.01609200052917,0.00102399999741465,0.000167999998666346,0,0,0.000284000008832663,0,0,0,0.000783999974373728,0.377007991075516,0,0,0.0274080000817776,0,0,0.0462719984352589,0,0.0118479998782277,0.00640399986878037,0,0.423431992530823,0.0606600008904934,0.0168399997055531,0,0.000523999973665923,0,0.0097639998421073,0,0,0,0,0,0.000207999997655861,0,0,0,0,0,0.0011680000461638,0,0
"CRS3035RES50000mN2750000E3950000",0.000296000012895092,0.0247239992022514,0.00324400002136827,0.000920000020414591,0,0.00319599988870323,0.000464000011561438,0,0,0.000148000006447546,0.000487999990582466,0.288035988807678,0,0,0.000192000006791204,0,0,0.304232001304626,0,0.0110799996182323,0.0166960004717112,0,0.30783599615097,0.02335200086236,0.00829599983990192,0,0.000644000014290214,0,0.00396799994632602,0,0,0,0,0,0,0,0,0,0,0,0.00218799989670515,0,0
"CRS3035RES50000mN1700000E2750000",0.0261163040995598,0.0341381095349789,0.00594496354460716,0,0.000830737291835248,0,0.00199896167032421,0,0.00150571134872735,0,0.0185617860406637,0.0473001040518284,0.0406282432377338,0,0,0.180607482790947,0.00142782973125577,0.010410176590085,0.0708203539252281,0.0904205590486526,0.0469106957316399,0.00822949130088091,0.0123312566429377,0.0297248177230358,0.00103842164389789,0.00249221175909042,0,0.0969106927514076,0.0403167195618153,0.0296469368040562,0,0.00623052939772606,0,0,0,0,0.101323984563351,0.0462616831064224,0.00147975073195994,0.00638629263266921,0,0.0109034264460206,0.0291017647832632
"CRS3035RES50000mN2750000E4000000",9.60000033956021e-05,0.0313719995319843,0.0017359999474138,0.000531999976374209,0,0,0.00014000000373926,0,0,0,0.00182400003541261,0.184975996613503,0,0,0,0.00176799995824695,0,0.297156006097794,0,0.0486800000071526,0.025747999548912,0,0.340748012065887,0.026316000148654,0.0277360007166862,0,0,0,0.00982800032943487,0,0,0.000163999997312203,0,0,0,0,0,0,0,0,0.0011800000211224,0,0
"CRS3035RES50000mN2750000E4050000",0.00101600005291402,0.0530799999833107,0.0069280001334846,0.000980000011622906,0,0,0.00143599999137223,0,0,0.000704000005498528,0.00158000004012138,0.0328439995646477,0,0,0,0.00209599989466369,0,0.15310400724411,0,0.0668080002069473,0.0374399982392788,0,0.149724006652832,0.297919988632202,0.16687199473381,0.0103320004418492,0.00830399990081787,0,0.005107999779284,0,0.00014000000373926,0.000247999996645376,0,0,0.000163999997312203,0,0,0,0,0,0.00317199993878603,0,0
"CRS3035RES50000mN2750000E4100000",0.00126399996224791,0.0672679990530014,0.0146639999002218,0.000387999985832721,0,0.00256399996578693,0.00182799994945526,0.000723999983165413,0,0.00049200002104044,0.00302399997599423,0.328588008880615,0,0,0.0701119974255562,0.0043919999152422,0,0.0412119999527931,0,0.0323240011930466,0.00825200043618679,0,0.167216002941132,0.113912001252174,0.112708002328873,0.00914399977773428,0.00585999991744757,0,0.00139999995008111,0,0,0.000395999988541007,0,0,0.000407999992603436,0.000232000005780719,0,0,0,0.00851999968290329,0.00310799991711974,0,0
"CRS3035RES50000mN2750000E4150000",0.00196400005370378,0.0472479984164238,0.0118199996650219,0,0,0.000232000005780719,0,0.00028000000747852,0,0.000631999981123954,0.00328000006265938,0.0823839977383614,0,0,0.0225680004805326,0.00947200041264296,0,0.235119998455048,0,0.00276400009170175,0.00249599991366267,0,0.0873719975352287,0.41347599029541,0.0719359964132309,0.00253599998541176,0,0,0.00348399998620152,0,0,0,0,0,0,0,0,0,0,0,0.000936000025831163,0,0
"CRS3035RES50000mN2750000E4200000",0.00242800009436905,0.0726760029792786,0.0141399996355176,0.000167999998666346,0,0.0010039999615401,0.000984000042080879,0.000364000006811693,0.00119199999608099,0.000292000011540949,0.00220400001853704,0.179783999919891,0,0,0,0.00604399992153049,0,0.288087993860245,0,0.00218799989670515,0.0017239999724552,0,0.0860640034079552,0.261635988950729,0.064071998000145,0.00712400022894144,0.000296000012895092,0,0.00621599983423948,0,0,0,0,0,0,0.000936000025831163,0,0,0,0,0.000376000010874122,0,0
"CRS3035RES50000mN2750000E4250000",0.000592000025790185,0.0403040014207363,0.00811600033193827,0,0,0.000511999998707324,0.00229199999012053,0,0,0,0.001304000033997,0.372592002153397,0,0,0,0.00156000000424683,0,0.190116003155708,0,0.00147999997716397,0.00163600000087172,0,0.113580003380775,0.201159998774529,0.0392200015485287,0.00463599991053343,9.20000020414591e-05,0,0.0122680002823472,0,0,0,0,0,0.000407999992603436,0.0046879998408258,0,0,0,0,0.00344399991445243,0,0
"CRS3035RES50000mN2750000E4300000",0.00125199998728931,0.0614399984478951,0.0113559998571873,0.000136000002385117,0,0.00150400004349649,0.00209599989466369,0,0,0,0.00276000006124377,0.316484004259109,0,0,0,9.99999974737875e-05,0,0.309920012950897,0,0.0036359999794513,0.000448000006144866,0,0.0231199990957975,0.199928000569344,0.045024000108242,0.000715999980457127,0,0,0.0119080003350973,0,0,0,0,0,0.000268000003416091,0.00461200019344687,0,0,0,0.000864000001456589,0.00242800009436905,0,0
"CRS3035RES50000mN2750000E4350000",0.000352000002749264,0.0604319982230663,0.0123800002038479,0,0,0.00293199997395277,0.00198399997316301,0,0,0.00011600000289036,0.00203599990345538,0.295507997274399,0,0,0,0,0,0.34688800573349,0,0.00191600003745407,0.0014400000218302,0,0.0239160005003214,0.165739998221397,0.0608879998326302,0.00387199991382658,0,0,0.012980000115931,0,0,0,0,0,0.000132000001030974,0.00022000000171829,0,0,0,0.00404000002890825,0.00222799996845424,0,0
"CRS3035RES50000mN2750000E4400000",0.00729600014165044,0.143748000264168,0.0305400006473064,0.00367600005120039,0,0.00310399988666177,0.00192399998195469,0.000144000005093403,0.000380000012228265,0.0103040002286434,0.0124639999121428,0.260399997234344,0,0,0,0,0,0.177716001868248,0,0.00197599991224706,0.00151199998799711,0,0.0370160005986691,0.154540002346039,0.0984599962830544,0.002779999980703,0,0,0.00484400009736419,0.00047999998787418,0,0,0,0,0.00152000004891306,0.00326399994082749,0,0,0,0.000192000006791204,0.0417199991643429,0,0
"CRS3035RES50000mN2750000E4450000",0.000500000023748726,0.0498120002448559,0.00817599985748529,0.000423999998020008,0,0,0.00104799994733185,0,0.000987999956123531,0,0.00506799994036555,0.28684800863266,0,0,0,0,0,0.35029599070549,0,0.00265999999828637,0.00194400001782924,0,0.0185959991067648,0.166932001709938,0.0853879973292351,0.000180000002728775,0,0,0.0037760001141578,0,0,0,0,0,0.000364000006811693,0.00162800005637109,0,0,0,0.00397600000724196,0.011396000161767,0,0
"CRS3035RES50000mN1700000E2800000",0.0125925475731492,0.015295933932066,0.0181126873940229,0.000758692272938788,0.00041858883923851,0,0.00402891729027033,0.00443006493151188,0.0046916832216084,0.00249409186653793,0.00649684760719538,0.102170556783676,0.107010491192341,0,0.00470912456512451,0.025115329772234,0.0178249068558216,0.0141622554510832,0,0.0209468826651573,0.00467424187809229,0.000488353660330176,0.0204149261116982,0.155741214752197,0.0162988025695086,0.00215398846194148,0,0.0463587120175362,0.208204343914986,0.00524108111858368,0,0.0035405638627708,0.0651952102780342,0,0.000671486253850162,0,0.0754419192671776,0.00636603869497776,0,0.00347951962612569,0.00129064894281328,0,0.0231793560087681
"CRS3035RES50000mN2750000E4500000",0.000883999979123473,0.0547679997980595,0.011392000131309,0.000296000012895092,0,0.000103999998827931,0.0015999999595806,0,0,0,0.00265199993737042,0.301268011331558,0,0,0,0.000148000006447546,0,0.273559987545013,0,0.0166679993271828,0.0215360000729561,0,0.0475680008530617,0.137587994337082,0.0802000015974045,0.00101600005291402,0,0,0.00356000009924173,0,0,0,0,0,0.00235199998132885,0.00309200002811849,0,0,0,0.00802399963140488,0.0317239984869957,0,0
"CRS3035RES50000mN2750000E4550000",0.000500000023748726,0.071723997592926,0.00602399976924062,0.000339999998686835,0,0,0.00031999999191612,0,0,0,0.00271199992857873,0.207172006368637,0,0,0,0,0,0.194895997643471,0,0.0658160001039505,0.0681959986686707,0,0.0126240001991391,0.187376007437706,0.139852002263069,0.000307999987853691,0.0056520001962781,0,0.00352400005795062,0,0.000788000004831702,0.00230400008149445,0,0,0.0013160000089556,0,0,0,0,3.9999998989515e-05,0.0285160001367331,0,0
"CRS3035RES50000mN2750000E4600000",0.000720000010915101,0.0766920000314713,0.0115719996392727,0.00100000004749745,0,0.00138799997512251,0.00315200001932681,0,0,0.000436000002082437,0.00209999992512167,0.389468014240265,0,0,0,0,0,0.0738959982991219,0,0.0229800008237362,0.056827999651432,0,0.100487999618053,0.0740040019154549,0.152564004063606,0.00386400008574128,0.00664799986407161,0,0.00318800006061792,0,0,0.00560399983078241,0,0,0,0,0,0,0,0.00144400005228817,0.0119639998301864,0,0
"CRS3035RES50000mN2750000E4650000",0.00108399998862296,0.0444400012493134,0.00455999979749322,0.000108000000182074,0,0,0.00120399997103959,0,0,0.000232000005780719,0.000644000014290214,0.174832001328468,0,0,0,0,0,0.168167993426323,0,0.0824600011110306,0.0518199987709522,0,0.0874280035495758,0.159899994730949,0.201811999082565,0.00424400018528104,0.00150000001303852,0,0.00392800010740757,0,0,0.00185600004624575,0,0,0,0,0,0,0,0.00947999954223633,0.000300000014249235,0,0
"CRS3035RES50000mN2750000E4700000",0.000112000001536217,0.0331440009176731,0.00112000002991408,0,0,0,0.000296000012895092,0,0,0,0.000587999995332211,0.103391997516155,0,0,0,0,0,0.12168800085783,0,0.0415799990296364,0.0453080013394356,0,0.0576159991323948,0.295895993709564,0.268463999032974,0.0170200001448393,0.00356399989686906,0,0.00419199978932738,0,1.20000004244503e-05,0.00478400010615587,0,0,0.000132000001030974,0,0,0,0,0.000536000006832182,0.000555999984499067,0,0
"CRS3035RES50000mN2750000E4750000",0.00164399994537234,0.0911919996142387,0.0132839996367693,0.00230000005103648,0,0.000771999999415129,0.0046560000628233,0,0,0.00433599995449185,0.00362000009045005,0.169052004814148,0,0,0.0124000003561378,0,0,0.0601279996335506,0,0.0246799997985363,0.0395359992980957,0,0.164808005094528,0.201388001441956,0.18376000225544,0.0110879996791482,0.00422400003299117,0,0.00138799997512251,0,0.00167200004216284,0.00322400010190904,0,0,0,0,0,0,0,0,0.000847999996040016,0,0
"CRS3035RES50000mN2750000E4800000",0.00143599999137223,0.0600240007042885,0.00627999985590577,0.00104000000283122,0.000356000004103407,0.00195199996232986,0.00228799995966256,0,0.000112000001536217,0.000300000014249235,0.0039559998549521,0.513624012470245,0,0,0.0795160010457039,0.000891999981831759,0,0.0174039993435144,0,0.0131240002810955,0.0178200006484985,0,0.124360002577305,0.00193999998737127,0.00475599989295006,0.012079999782145,0,0,0.00766800018027425,0,0,0,0,0,0.0674199983477592,0,0,0,0,0.000544000009540468,0.0611080005764961,0,0
"CRS3035RES50000mN2750000E4850000",0.000268000003416091,0.0669479966163635,0.0155720002949238,0.0037839999422431,0,0,0.00143599999137223,0.000344000000040978,0.00028000000747852,0.00127600005362183,0.00350000010803342,0.632055997848511,0,0,0.000728000013623387,0.00122800003737211,0,0.0280000008642673,0,0.0100840004161,0.019471999257803,0,0.116232000291348,0.00358000001870096,0.00259599997662008,0.0181280001997948,0,0,0.0261760000139475,0,0,0,0,0,0.00981600023806095,0.00049200002104044,0,0,0,0.0252640005201101,0.0127400001510978,0,0
"CRS3035RES50000mN1700000E2850000",0.0148800332099199,0.0125324549153447,0.00696648797020316,0.000634046678896993,0,0,0.000569839437957853,0.000176569970790297,0.00122796383220702,0.00024880314595066,0.000870810996275395,0.154883965849876,0.111600242555141,0.157893687486649,0.021922767162323,0.0199323408305645,0.125533223152161,0.0382675267755985,0,0.0224725417792797,0.000646085536573082,0.0158912967890501,0.0227454230189323,0.0751465708017349,0.00127611926291138,0.000698253978043795,0,0.0561853647232056,0.0299847908318043,0.00467910431325436,0,0.00173760903999209,0,0,0.000991199631243944,0,0.0868764370679855,2.80906770058209e-05,0,0.00977956876158714,0.00272078276611865,0,0
"CRS3035RES50000mN1700000E2900000",0.0181120000779629,0.0354319997131824,0.0265120007097721,0.00357599998824298,0.00123599998187274,0.00575600005686283,0.00289999996311963,0.000236000007134862,0.00872000027447939,0.0046399999409914,0.00335999997332692,0.0702480003237724,0.564087986946106,0.0103000001981854,0.00173200003337115,0.035716000944376,0.140939995646477,0.0133079998195171,0.000199999994947575,0.0339360013604164,0.000715999980457127,0.00442000012844801,0.00297600007615983,0.00118400005158037,0.00011600000289036,0,0,0.00130799994803965,0.00136400002520531,0.000195999993593432,0,0,0,0,0.000448000006144866,0,0,0,0,0.00569200003519654,0.000631999981123954,0,0
"CRS3035RES50000mN1700000E2950000",0.00575200002640486,0.00214400002732873,0.00606800010427833,0.000276000006124377,0,0,0.00101999996695668,0,0.00111599999945611,0,0,0.0972120016813278,0.610064029693604,0,0,0.00153200002387166,0.234024003148079,0.000555999984499067,0.000660000019706786,0.0134479999542236,0.001475999946706,0.00525199994444847,0.00206399988383055,0.00225999997928739,0.00108800001908094,0.00256799999624491,0,0.00716000003740191,0.00123599998187274,0,0,0.000348000001395121,0,0,0,0,0,0,0,0,0.00267599988728762,0,0
"CRS3035RES50000mN2800000E3250000",0,0.197493046522141,0.00253919628448784,0,0.00354681396856904,0,0,0,0,0,0.008705816231668,0.211841523647308,0,0,0,0,0,0.0278102457523346,0,0.294063121080399,0.0352263115346432,0,0.0449397452175617,0.00729515124112368,0.0222481954842806,0.00503808772191405,0.0158397480845451,0,0.00213614921085536,0.0103986132889986,0,0,0,0,0.00967312883585691,0,0.00943130068480968,0,0.0783523470163345,0,0.00237797759473324,0,0.0110434889793396
"CRS3035RES50000mN2800000E3300000",0.00118345464579761,0.086404986679554,0.0173168200999498,0.000639705220237374,0.00125382223632187,0.00189352745655924,0.00219418900087476,0.000371029018424451,0,0,0.00580852339044213,0.257071942090988,0,0,0,0,0,0.0593774393200874,0,0.248742982745171,0.0313327610492706,0,0.0878187343478203,0.0463210567831993,0.0670922845602036,0.00660815509036183,0.0111244739964604,0,0.00916697550565004,0.00336484936997294,0,0,0,0,0.00287227635271847,0,0.00424124579876661,0,0.0358426831662655,0,0.000671690504532307,0,0.0112843997776508
"CRS3035RES50000mN2800000E3350000",0.000309008406475186,0.0548855848610401,0.00930684525519609,0.000845707196276635,0,0.000532632926478982,0.00174427113961428,0,0,0.000134174697450362,0.00215899292379618,0.397832065820694,0,0,0,0,0,0.109929740428925,0,0.201481610536575,0.0240213386714458,0,0.0527469217777252,0.0559671148657799,0.0548286624252796,6.91203022142872e-05,0.00262657157145441,0,0.00357392616569996,0,0,0,0,0,0.000313074298901483,0,0.00350480596534908,0,0.0206141136586666,0,0.00191503891255707,0,0.000658675795421004
"CRS3035RES50000mN1700000E3000000",0.00882400013506413,0.00459200004115701,0.0103599997237325,0.00360799999907613,0,0,0.000696000002790242,0.000452000007499009,0.000260000000707805,0.000123999998322688,0,0.122731998562813,0.0783279985189438,0,0.0223680008202791,0.00150799995753914,0.675556004047394,0.000991999986581504,0.000511999998707324,0.017000000923872,0.0011399999493733,0.002779999980703,0.00550400000065565,0.00236000004224479,0.000655999989248812,0.0144920004531741,0,0.0200679991394281,0.00283599994145334,0.000108000000182074,0,0.0007999999797903,0,0,0,0,0,0,0,0.000615999975707382,0.000728000013623387,0,0
"CRS3035RES50000mN2800000E3400000",0,0.0394759997725487,0.00710800010710955,0,0,0.000607999972999096,0.000944000028539449,0,0,0.000167999998666346,0.00221600010991096,0.359759986400604,0,0,0,0.000180000002728775,0,0.11030799895525,0,0.272583991289139,0.0282480008900166,0,0.062024001032114,0.0710079967975616,0.0230839997529984,0.00242400006391108,0.00899999961256981,0,0.00426399987190962,0,0,0,0,0,0.00168800004757941,0,0,0,0,0.000255999999353662,0.00465200003236532,0,0
"CRS3035RES50000mN2800000E3450000",0.00112000002991408,0.0492639988660812,0.0229919999837875,0.00128399999812245,0,0.000760000024456531,0.00187200005166233,0,0.000148000006447546,0.000136000002385117,0.0041880002245307,0.397480010986328,0,0,0,0.000415999995311722,0,0.147696003317833,0,0.281688004732132,0.0256360005587339,0,0.0481519997119904,0.00786400027573109,0.00471600005403161,0,0,0,0.000508000026457012,0,0,0,0,0,0,0,0,0,0,0,0.0040799998678267,0,0
"CRS3035RES50000mN2800000E3500000",0.000195999993593432,0.0349679999053478,0.00805199984461069,0.000587999995332211,0,0.000344000000040978,0.00359999993816018,0,0.000112000001536217,0.000228000004426576,0.00412799976766109,0.441695988178253,0,0,0,0.000384000013582408,0,0.373232007026672,0,0.0592800006270409,0.01906399987638,0,0.0464960001409054,0.00401199981570244,0.00179600005503744,0,0,0,0.000419999996665865,0,0,0,0,0,0,0,0,0,0,0,0.00140399998053908,0,0
"CRS3035RES50000mN2800000E3550000",0.00102800002787262,0.0478559993207455,0.00888399966061115,0.00211600004695356,0,0.000495999993290752,0.00178000004962087,0,0,0,0.00406799977645278,0.415071994066238,0,0,0,0,0,0.358527988195419,0,0.0392559990286827,0.0169120002537966,0,0.052216000854969,0.0335440002381802,0.0151119995862246,0,0,0,0.00085200002649799,0,0,0,0,0,0,0,0,0,0,0,0.00227999989874661,0,0
"CRS3035RES50000mN2800000E3600000",0,0.0289079993963242,0.00359999993816018,0,0,0,0.000300000014249235,0.00014000000373926,0,0.000184000004082918,0.00137600000016391,0.499352008104324,0,0,0,0,0,0.260547995567322,0,0.0368839986622334,0.0165359992533922,0,0.0986640006303787,0.0378360003232956,0.0123079996556044,0,0.000203999996301718,0,0.00172800000291318,0,0,0,0,0,0,0,0,0,0,0,0.00143199996091425,0,0
"CRS3035RES50000mN2800000E3650000",0.00015999999595806,0.0228279996663332,0.00492399977520108,0.00023999999393709,0,0.00177600001916289,0.000623999978415668,0,0,0.000592000025790185,0.00109200004953891,0.818068027496338,0,0,0,0,0,0.0368199981749058,0,0.0162680000066757,0.0108200004324317,0,0.0756039991974831,0.00147999997716397,0.00425599981099367,0,0.000847999996040016,0,0.000327999994624406,0,0,0,0,0,0.00193599995691329,0,0,0,0,0,0.00133600004483014,0,0
"CRS3035RES50000mN2800000E3700000",0.000155999994603917,0.0307759996503592,0.00595600018277764,0.000423999998020008,0,0.000576000020373613,0.00124400004278868,0,0,0,0.000276000006124377,0.885060012340546,0,0,0,0,0,0.0028800000436604,0,0.00212799990549684,0.00850799959152937,0,0.0495360009372234,0.00408799992874265,0.00555199990049005,0,2.80000003840541e-05,0,0.00206799991428852,0,0,0,0,0,0.000224000003072433,0,0,0,0,0,0.00052000000141561,0,0
"CRS3035RES50000mN2800000E3750000",0.000432000000728294,0.057548001408577,0.00626800023019314,0.00128399999812245,0,0,0.00294800009578466,0,0,0.000236000007134862,0.0039079999551177,0.580744028091431,0,0,0,0.000180000002728775,0,0.00570400012657046,0,0.0100600002333522,0.0260000005364418,0,0.203068003058434,0.045304000377655,0.0411840006709099,0,0.000731999985873699,0,0.00584799982607365,0,0,0,0,0,0.000691999972332269,0,0,0,0,0.00275200000032783,0.005107999779284,0,0
"CRS3035RES50000mN2800000E3800000",0.000415999995311722,0.0421920008957386,0.00648800004273653,0.00248800008557737,0,0.000176000001374632,0.00223600002937019,0,0,0.000423999998020008,0.000880000006873161,0.654796004295349,0,0,0,0.000307999987853691,0,0.00834000017493963,0,0.00942800007760525,0.0320320017635822,0,0.201608002185822,0.00328000006265938,0.0054959999397397,0,0.000547999981790781,0,0.00454800017178059,0,0,0,0,0,0,0,0,0,0,0.00560399983078241,0.0187120009213686,0,0
"CRS3035RES50000mN2800000E3850000",0.000584000023081899,0.0509800016880035,0.00749999983236194,0.0010039999615401,0,0.000704000005498528,0.000768000027164817,0.000192000006791204,0.000148000006447546,0.000255999999353662,0.000864000001456589,0.714712023735046,0,0,0.000867999973706901,9.60000033956021e-05,0,0.0210999995470047,0,0.0106640001758933,0.0195760000497103,0,0.132492005825043,0.0148440003395081,0.00367600005120039,0,0.00126399996224791,0,0.00860800035297871,0,0,3.19999999192078e-05,0,0,0.000600000028498471,0,0,0,0,0,0.00846800021827221,0,0
"CRS3035RES50000mN1700000E3050000",0.00654800003394485,0.00206399988383055,0.00248800008557737,0.000127999999676831,0,0,0.000380000012228265,0,0.000199999994947575,0,0,0.0385559983551502,0.0050760000012815,0,0.00039999998989515,0.00039999998989515,0.74396800994873,0.0013399999588728,0,0.0154120000079274,0.00660399999469519,0.0199679993093014,0.0331120006740093,0.00570800015702844,0.000907999987248331,0.0362080000340939,0,0.0649480000138283,0.00707199983298779,0,6.80000011925586e-05,0.004763999953866,0,0,0,0,0,0,0,0,0.00368000008165836,0,0
"CRS3035RES50000mN2800000E3900000",0.000112000001536217,0.0241519995033741,0.00432799989357591,0.000260000000707805,0,0.00278800004161894,0.00083999999333173,0,0,0.000167999998666346,0.0014519999967888,0.497848004102707,0,0,0.00844800006598234,0,0,0.0867720022797585,0,0.0116119999438524,0.0195119995623827,0,0.274724006652832,0.0116999996826053,0.00514800008386374,0.000407999992603436,0.001304000033997,0,0.00911599956452847,0,0,0.000119999996968545,0,0,0.0024840000551194,0,0,0,0,0.000395999988541007,0.0363080017268658,0,0
"CRS3035RES50000mN2800000E3950000",0.000127999999676831,0.0162680000066757,0.00223600002937019,0.000132000001030974,0,0,0.00125600001774728,0,0,0.000103999998827931,0,0.392172008752823,0,0,0,0,0,0.112851999700069,0,0.00658799987286329,0.0119599997997284,0,0.401975989341736,0.0190360005944967,0.0152319995686412,0,0.000260000000707805,0,0.0197999998927116,0,0,0,0,0,0,0,0,0,0,0,0,0,0
"CRS3035RES50000mN2800000E4000000",0.00121200003195554,0.0488720014691353,0.0116680003702641,0.00150000001303852,0,0.00298399990424514,0.00298799993470311,7.20000025467016e-05,0,0.000647999986540526,0.00273600011132658,0.257256001234055,0,0,9.99999974737875e-05,0.0129119995981455,0,0.276731997728348,0,0.0334119983017445,0.0195719990879297,0,0.275831997394562,0.00647999998182058,0.00920000020414591,0.000427999999374151,0.000607999972999096,0,0.0267040003091097,0,0.000108000000182074,0.000276000006124377,0,0,0.000184000004082918,0,0,0,0,0.00228399992920458,0.0052319997921586,0,0
"CRS3035RES50000mN2800000E4050000",1.20000004244503e-05,0.0436599999666214,0.00530399987474084,0.00170400005299598,0,0.00162400002591312,0.00230800011195242,0.000372000009519979,0,9.60000033956021e-05,0.00198800000362098,0.232040002942085,0,0,0,0.00478400010615587,0,0.206668004393578,0,0.0360120013356209,0.0230519995093346,0,0.210096001625061,0.152503997087479,0.0534880012273788,0,0.000468000012915581,0,0.01498799957335,0,0,0.000136000002385117,0,0,0.000167999998666346,0,0,0,0,0,0.00852799974381924,0,0
"CRS3035RES50000mN2800000E4100000",0.000508000026457012,0.0658480003476143,0.00833200011402369,0.000636000011581928,0,0.0015999999595806,0.00130000000353903,0,0.000108000000182074,0,0.000571999989915639,0.23063200712204,0,0,0.0280959997326136,0.0129079995676875,0,0.0608239993453026,0,0.0548480004072189,0.0100360000506043,0,0.120264001190662,0.274064004421234,0.109535999596119,0.00139999995008111,0.00167999998666346,0,0.0147679997608066,0,0,0.000103999998827931,0,0,0,0,0,0,0,0.000464000011561438,0.00147200003266335,0,0
"CRS3035RES50000mN2800000E4150000",0.00249599991366267,0.083296000957489,0.0261359997093678,0.0017359999474138,0.00197599991224706,0.00172800000291318,0.000864000001456589,0.000335999997332692,0.000103999998827931,0.000460000010207295,0.00496400007978082,0.202884003520012,0,0,0.0167280007153749,0.0434000007808208,0,0.0898559987545013,0,0.0104719996452332,0.00902399979531765,0,0.133231997489929,0.286523997783661,0.0408839993178844,0.000199999994947575,0.000631999981123954,0,0.0210999995470047,0,0,0,0,0,0.000103999998827931,0,0,0,0,0.0106520000845194,0.0102120004594326,0,0
"CRS3035RES50000mN2800000E4200000",0.00262799998745322,0.0729959979653358,0.0138520002365112,0.000108000000182074,0,0,0.000636000011581928,0.000247999996645376,0,0.000288000010186806,0.00255200010724366,0.246583998203278,0,0,0,0.0247159991413355,0,0.138188004493713,0,0.00372799998149276,0.00395999988541007,0,0.0747919976711273,0.332296013832092,0.0682239979505539,0.000344000000040978,0,0,0.0130920000374317,0,0,0,0,0,0,0.000216000000364147,0,0,0,0,0.000552000012248755,0,0
"CRS3035RES50000mN2800000E4250000",0.00477600004523993,0.107663996517658,0.0242640003561974,0.000272000004770234,0.00022000000171829,0.0017359999474138,0.000436000002082437,0.000272000004770234,0.000327999994624406,0.000380000012228265,0.00517599983140826,0.210400000214577,0,0,0.000623999978415668,0.0717319995164871,0,0.17824399471283,0,0.00342800002545118,0.00393200013786554,0,0.304167985916138,0.0377999991178513,0.025976000353694,0.016499999910593,0,0,0.00140800001099706,0,0,0,0,0,0,0,0,0,0,0.000155999994603917,0.000108000000182074,0,0
"CRS3035RES50000mN2800000E4300000",0.00289199990220368,0.0734559968113899,0.0192600004374981,0.000403999991249293,0,0.000307999987853691,0.00279200007207692,0.000464000011561438,0.00140399998053908,0.000604000000748783,0.00405200012028217,0.414884001016617,0,0,0,0.00730000017210841,0,0.136151999235153,0,0.00305599998682737,0.00264000007882714,0,0.184652000665665,0.103124000132084,0.0291399993002415,0.00298799993470311,0.000344000000040978,0,0.00405200012028217,0,0,0,0,0,0.000536000006832182,0.00101600005291402,0,0,0,0.00101200002245605,0.00346800009720027,0,0
"CRS3035RES50000mN2800000E4350000",0.0034719998948276,0.074023999273777,0.0171520002186298,0.00108399998862296,0,0.000303999986499548,0,0,0,0.00117599999066442,0.00490800011903048,0.492188006639481,0,0,0,0,0,0.117144003510475,0,0.000623999978415668,0.0019000000320375,0,0.0728359967470169,0.135463997721672,0.0560999996960163,0.000315999990561977,0,0,0.0109999999403954,0,0,0,0,0,0.000775999971665442,0,0,0,0,0.00322000007145107,0.00631200009956956,0,0
"CRS3035RES50000mN1700000E3100000",0.00687999976798892,0.0046080001629889,0.00257200002670288,0.00167599995620549,0,0,0.000980000011622906,0,0.000495999993290752,0,0.000123999998322688,0.119460001587868,0.0132759995758533,0,0,0.00626800023019314,0.467195987701416,0.00100000004749745,0,0.0120959999039769,0.0138039998710155,0.0243679992854595,0.0522879995405674,0.0566040016710758,0.0131480004638433,0.0591760016977787,0,0.104868002235889,0.0276360008865595,0,0.00253599998541176,0.00734000001102686,0.000123999998322688,0,0,0,0,0,0,0,0.001475999946706,0,0
"CRS3035RES50000mN2800000E4400000",0.000796000007539988,0.0545759983360767,0.0100279999896884,0.00125600001774728,0,0.00346800009720027,0.000528000004123896,9.99999974737875e-05,0.000216000000364147,0.000415999995311722,0.00198399997316301,0.535687983036041,0,0,0,0.0275999996811152,0,0.120155997574329,0,0.015939999371767,0.00254800007678568,0,0.0256520006805658,0.156044006347656,0.0338199995458126,0.000628000008873641,0,0,0.00213199993595481,0,0,0,0,0,0.000108000000182074,0,0,0,0,0.0015760000096634,0.00473999977111816,0,0
"CRS3035RES50000mN2800000E4450000",0.00120399997103959,0.0467320010066032,0.00901199970394373,0.00014000000373926,0,0.00761200021952391,0.00127600005362183,0.000236000007134862,0,0.00014000000373926,0.00176799995824695,0.642332017421722,0,0,0,0.014856000430882,0,0.0823040008544922,0,0.00639599980786443,0.00209200009703636,0,0.0178479999303818,0.129179999232292,0.0290399994701147,0.00014000000373926,0,0,0.00360799999907613,0.00011600000289036,0,0,0,0,0,0.000108000000182074,0,0,0,0.00148800003807992,0.00237199990078807,0,0
"CRS3035RES50000mN2800000E4500000",0,0.0327560007572174,0.00514400005340576,0,0,0.000163999997312203,0.000744000019039959,0,0.000255999999353662,0,0.00178799999412149,0.61542797088623,0,0,0,0,0,0.134608000516891,0,0.00233600009232759,0.00419999985024333,0,0.00910000037401915,0.171412006020546,0.0151680000126362,0,0,0,0.00324400002136827,0,0,0,0,0,0,0,0,0,0,0.00206000008620322,0.00159200001507998,0,0
"CRS3035RES50000mN2800000E4550000",0.000728000013623387,0.0523639991879463,0.00561599992215633,0.000628000008873641,0.000108000000182074,0,0.00201199995353818,0.000127999999676831,0.00011600000289036,0,0.00343600008636713,0.407523989677429,0,0,0,0.000339999998686835,0,0.171424001455307,0,0.0476839989423752,0.0452999994158745,0,0.0188040006905794,0.148900002241135,0.0772999972105026,0,0,0,0.00254800007678568,0,0,0,0,0,0.000288000010186806,0,0,0,0,0.0142719997093081,0.00047999998787418,0,0
"CRS3035RES50000mN2800000E4600000",0.00228399992920458,0.0602560006082058,0.00942400004714727,0.000904000014998019,0.000331999995978549,0.000699999975040555,0.000883999979123473,0,0,0.00151199998799711,0.00307999993674457,0.208764001727104,0,0,0,0,0,0.183715999126434,0,0.099872000515461,0.0701519995927811,0,0.0261599998921156,0.232587993144989,0.0792040005326271,0.000260000000707805,0,0,0.00249999994412065,0,0,0,0,0,0.000203999996301718,0,0,0,0,0.00994400028139353,0.00725999986752868,0,0
"CRS3035RES50000mN2800000E4650000",0.000419999996665865,0.0338039994239807,0.00172800000291318,0,0,0,0.000387999985832721,0,0.000352000002749264,0,0.000276000006124377,0.144595995545387,0,0,0,0,0,0.0588920004665852,0,0.16525599360466,0.0788199976086617,0,0.00879599992185831,0.426800012588501,0.0657479986548424,0.000112000001536217,0,0,0.00880800001323223,0,0,0.000132000001030974,0,0,0.0014519999967888,0,0,0,0,0.00362000009045005,0,0,0
"CRS3035RES50000mN2800000E4700000",0.00153200002387166,0.0535119995474815,0.00455999979749322,0.000660000019706786,0,0,0.00176400004420429,0,0,0.00047999998787418,0.00116400001570582,0.337680011987686,0,0,0.0436920002102852,0,0,0.0115360002964735,0,0.0584559999406338,0.0535680018365383,0,0.0563159994781017,0.253847986459732,0.103696003556252,0,0,0,0.00322400010190904,0,0,0,0,0,0,0,0,0,0,0.0124920001253486,0.00182000000495464,0,0
"CRS3035RES50000mN2800000E4750000",0.0201159995049238,0.12449199706316,0.0164880007505417,0.00462799984961748,0.00014000000373926,0.000768000027164817,0.0013279999839142,0,0,0.00941199995577335,0.00359200011007488,0.433815985918045,0,0,0.0262640006840229,0,0,0.00406400021165609,0,0.0307800006121397,0.0458360016345978,0,0.227191999554634,9.60000033956021e-05,0.0372599996626377,0.000380000012228265,0,0,0.00134800001978874,0,0,0,0,0,0,0,0,0,0,0.00913999974727631,0.00285999989137053,0,0
"CRS3035RES50000mN2800000E4800000",0.00171600002795458,0.0844959989190102,0.0134039996191859,0.00141999998595566,0.000587999995332211,0.0025919999461621,0.00526000000536442,0.000612000003457069,0.000791999977082014,0.00326399994082749,0.00209999992512167,0.520691990852356,0,0,0.0223719999194145,0.000967999978456646,0,0.0140800001099706,0,0.0137040000408888,0.0395560003817081,0,0.160252004861832,0.0475599989295006,0.0311159994453192,0.00588800013065338,0,0,0.0135759999975562,0,0,0,0,0,0.000631999981123954,0,0,0,0,0.0104040000587702,0.00295599992386997,0,0
"CRS3035RES50000mN1700000E3150000",0.0018880000570789,0.00149199995212257,0.000180000002728775,0,0,0,0,0,0.000136000002385117,0,0,0.0728520005941391,0.0221560001373291,0,9.99999974737875e-05,0.048395998775959,0.21306799352169,0.000904000014998019,0,0.0276759993284941,0.0206199996173382,0.00638000015169382,0.00600000005215406,0.106807999312878,0.0594040006399155,0.172723993659019,0,0.142176002264023,0.0428280010819435,0,0.00103599997237325,0.036056000739336,0.00731599982827902,0,0.000372000009519979,0,0,0,0,0,0.00943200010806322,0,0
"CRS3035RES50000mN1700000E3200000",0.00108399998862296,0.00138000003062189,0.000508000026457012,0,0,0,0.000348000001395121,0,0,0,0,0.344615995883942,0.0473159998655319,0,0,0.070263996720314,0.00764800002798438,0.00126399996224791,0.00014000000373926,0.025747999548912,0.0196560006588697,0.0291399993002415,0.0126520004123449,0.0817240029573441,0.0427399985492229,0.121187999844551,0,0.132543995976448,0.0544480010867119,0,0.000987999956123531,0.00359999993816018,0,0,0.000395999988541007,0,0,0,0,0,0.000607999972999096,0,0
"CRS3035RES50000mN1700000E3250000",0.00381199992261827,0.00181599997449666,0.00395999988541007,0.000268000003416091,0,0,0.00161999999545515,0.000899999984540045,0.000112000001536217,0,0,0.200803995132446,0.0422080010175705,0,0.00993200019001961,0.126939997076988,0.00640799989923835,0.0134600000455976,0.000323999993270263,0.0466479994356632,0.0232919994741678,0.000323999993270263,0.00432799989357591,0.250532001256943,0.00261200009845197,0.142304003238678,0,0.0336720012128353,0.0759439989924431,0,0.00023999999393709,0.00630400003865361,0,0,9.99999974737875e-05,0,0,0,0,0,0.00113600003533065,0,0
"CRS3035RES50000mN1700000E3300000",0.0148240001872182,0.02292799949646,0.020856000483036,0.000744000019039959,0,0.0020479999948293,0.00252799992449582,0.00120800000149757,0.00213199993595481,0,0.00491600017994642,0.060639999806881,0.117224000394344,0,0.00925199966877699,0.264991998672485,0.00272400001995265,0.0525639988481998,0,0.120559997856617,0.0309040006250143,0,0.000184000004082918,0.104663997888565,0,0.112879998981953,0,0.0154280001297593,0.0273480005562305,0,0,0.00666800001636147,0,0,0.000528000004123896,0,0,0,0,0.000172000000020489,0.00108399998862296,0,0
"CRS3035RES50000mN2850000E3200000",0,0.0867065191268921,0.00142328499350697,0,0,0,0,0,0,0,0,0.148932531476021,0,0,0,0,0,0.0185596365481615,0,0.364360958337784,0.0282379724085331,0,0.0478793047368526,0.00233418727293611,0,0.00597779685631394,0.201594084501266,0,0.00933674909174442,0.00654711062088609,0,0,0,0,0.000569313997402787,0,0.00136635359376669,0,0.0761742070317268,0,0,0,0
"CRS3035RES50000mN2850000E3250000",0.00029296224238351,0.0599374137818813,0.0090108085423708,0.000173114050994627,0.000168675236636773,0.000403932790504768,0.00154471001587808,0,0,0.000448321021394804,0.001762212254107,0.363379716873169,0,0,0,0,0,0.0853008404374123,0,0.312351018190384,0.0353774093091488,0,0.0539849512279034,0.0147324502468109,0.012801562435925,0.000408371619414538,0.0152651090174913,0,0.00700002210214734,0.00281865196302533,0,0,0,0,0.00205517467111349,0.000119848191388883,0.000825620896648616,0,0.0125529887154698,0,0.000346228101989254,0.000341789302183315,0.0065960893407464
"CRS3035RES50000mN2850000E3300000",0.000103999998827931,0.0216680001467466,0.00153999996837229,0,0,0.000264000002061948,0.000264000002061948,0,0,0,0.000284000008832663,0.341324001550674,0,0,0,0,0,0.099711999297142,0,0.338348001241684,0.0457479991018772,0,0.0851920023560524,0.0164240002632141,0.0270520001649857,0,0.00641999999061227,0,0.013327999971807,0,0,0,0,0,0.000423999998020008,0,0,0,0,0,0.00190399994608015,0,0
"CRS3035RES50000mN2850000E3350000",0.00028000000747852,0.031835999339819,0.00711600016802549,0.000568000017665327,0,0,0.000920000020414591,0,0,0,0.000655999989248812,0.531336009502411,0,0,0,0,0,0.105035997927189,0,0.185267999768257,0.0413240008056164,0,0.04670400172472,0.0167720001190901,0.0278200004249811,0,0.00119600002653897,0,0.00141599995549768,0,0,0,0,0,0,0,0,0,0,0,0.00175199995283037,0,0
"CRS3035RES50000mN2850000E3400000",0.00014000000373926,0.0417999997735023,0.0065080001950264,0.000904000014998019,0,0.000195999993593432,0.00175199995283037,0,0,0,0.000907999987248331,0.488415986299515,0,0,0,0,0,0.112471997737885,0,0.22248800098896,0.0269639994949102,0,0.0655720010399818,0.0102880001068115,0.00992000009864569,0,0.000531999976374209,0,0.00399600015953183,0,0,0,0,0,0,0,0.000880000006873161,0,0.00330400001257658,0,0.00288400007411838,0,7.5999996624887e-05
"CRS3035RES50000mN2850000E3450000",0.00014000000373926,0.036556001752615,0.00707199983298779,0.000176000001374632,0,0,0.00137600000016391,0,0,0,0.00193200004287064,0.329255998134613,0,0,0,0,0,0.245128005743027,0,0.284947991371155,0.0159920006990433,0,0.0527839995920658,0.00862399954348803,0.00849200040102005,0,0.000631999981123954,0,0.00253599998541176,0,0,0,0,0,0.00122400000691414,0,0.000236000007134862,0,0,0.000172000000020489,0.00272400001995265,0,0
"CRS3035RES50000mN2850000E3500000",0.000103999998827931,0.0251480005681515,0.00344799994491041,0.00011600000289036,0,0,0.00106399995274842,0,0,0,0.000620000006165355,0.271439999341965,0,0,0,0,0,0.466928005218506,0,0.164304003119469,0.012083999812603,0,0.0335800014436245,0.00985999964177608,0.00673200003802776,0,0.000372000009519979,0,0.00268399994820356,0,0,0,0,0,0,0,0,0,0,0.000460000010207295,0.00105600000824779,0,0
"CRS3035RES50000mN2850000E3550000",0.00047999998787418,0.0251599997282028,0.00377200008369982,0.000612000003457069,0,0.000228000004426576,0.00101600005291402,0,0,0,0.00161200005095452,0.340999990701675,0,0,0,0,0,0.421476006507874,0,0.0293240007013083,0.017408000305295,0,0.0918359979987144,0.0449279993772507,0.0160440001636744,0,0.000176000001374632,0,0.00426799990236759,0,0,0,0,0,0.00022000000171829,0,0,0,0,0,0.00044000000343658,0,0
"CRS3035RES50000mN2850000E3600000",0.00014000000373926,0.0173439998179674,0.00192399998195469,0.000148000006447546,0,0,0.00124000001233071,9.60000033956021e-05,0,0,0.0024439999833703,0.378811985254288,0,0,0,0,0,0.370959997177124,0,0.018308000639081,0.0138240000233054,0,0.148075997829437,0.0243839994072914,0.0185679998248816,0,0,0,0.00277199991978705,0,0,0,0,0,0,0,0,0,0,0,0.00095999997574836,0,0
"CRS3035RES50000mN2850000E3650000",0.000348000001395121,0.0518839992582798,0.0072719999589026,0.000207999997655861,0,0.000415999995311722,0.00015999999595806,0,0,0,0.00305599998682737,0.673160016536713,0,0,0,0,0,0.0414640009403229,0,0.0140239996835589,0.019964000210166,0,0.169103994965553,0.00814799964427948,0.00429200008511543,0,0,0,0.00267599988728762,0,0,0,0,0,0,0,0,0,0,0,0.00382400001399219,0,0
"CRS3035RES50000mN1700000E3350000",0.0352004431188107,0.0512667149305344,0.0143425883725286,0.000205812932108529,0.000707481929566711,0.00138280563987792,0.000533827289473265,0.00135707901790738,0.00317723699845374,0.000353740964783356,0.00948668923228979,0.00753146689385176,0.226535722613335,0,0.000565985566936433,0.290144771337509,0.00264340988360345,0.0498131588101387,0.000366604275768623,0.0692753419280052,0.0340813361108303,0,0,0.0509001091122627,0,0.0404165126383305,0,0.0153973801061511,0.0201246459037066,0.00113197113387287,0,0.00252763996832073,0,0,0.00106765457894653,0,0.0194493215531111,0.0125159984454513,0.000861841661389917,0.000263697816990316,0.00609077652916312,0.0302802268415689,0
"CRS3035RES50000mN2850000E3700000",0.000804000010248274,0.137303993105888,0.0204879995435476,0.00347599992528558,0,0.00162400002591312,0.000452000007499009,0,0.000260000000707805,0.00638800021260977,0.0180159993469715,0.461836010217667,0,0,0,0.000595999998040497,0,0.0296839997172356,0,0.014856000430882,0.00900399964302778,0,0.264984011650085,0.0163599997758865,0.00500399991869926,0,0.000108000000182074,0,0.00466000009328127,0,0,0,0,0,0.000503999995999038,0,0,0,0,0.00114800001028925,0.0024439999833703,0,0
"CRS3035RES50000mN2850000E3750000",0.0357199981808662,0.30187600851059,0.0770879983901978,0.0140639999881387,0.00235600001178682,0.0106079997494817,0.00164799997583032,0.00190399994608015,0.00047999998787418,0.0296880006790161,0.0236039999872446,0.287467986345291,0,0,0,0.000744000019039959,0,0.00847200024873018,0,0.0108240004628897,0.00508400006219745,0,0.164895996451378,0.000132000001030974,0.00254400004632771,0,0.000364000006811693,0,0.00602000020444393,0,0,0,0,0,0.00241199997253716,0,0,0,0,0.00654400000348687,0.00546000013127923,0,0
"CRS3035RES50000mN2850000E3800000",3.99999998990097e-06,0.0452480018138885,0.00407199980691075,0.000132000001030974,0,0.00160800002049655,0.00109999999403954,0,0,0,0.00215999991632998,0.722487986087799,0,0,0.00734400004148483,0.000103999998827931,0,0.0307000000029802,0,0.0128079997375607,0.00803199969232082,0,0.156959995627403,9.99999974737875e-05,0.000407999992603436,0,0,0,0.00454400014132261,0,0,0,0,0,0.000127999999676831,0,0,0,0,0,0.00206000008620322,0,0
"CRS3035RES50000mN2850000E3850000",0.000528000004123896,0.0248119998723269,0.00470399996265769,0.000272000004770234,0,0.00460400013253093,0.00014000000373926,0,0,0,0.000260000000707805,0.702632009983063,0,0,0.0337520018219948,0.000568000017665327,0,0.0210360009223223,0,0.00850799959152937,0.00819600000977516,0,0.160127997398376,0.00267999991774559,0.00361600005999207,0,0.00528000015765429,0,0.00735200010240078,0,0,0,0,0,0.00865999981760979,0.000232000005780719,0,0,0,0,0.00203999993391335,0,0
"CRS3035RES50000mN2850000E3900000",0,0.0294519998133183,0.00701199984177947,0.000872000004164875,0,0.000163999997312203,0.00284400000236928,0,0.000172000000020489,0,0.000783999974373728,0.735019981861115,0,0,0.00161200005095452,9.99999974737875e-05,0,0.0375799983739853,0,0.0078159999102354,0.0229359995573759,0,0.0995680019259453,0.0123319998383522,0.00211200001649559,0.000948000000789762,0.00975599978119135,0,0.0180639997124672,0,0,0.000311999989207834,0,0,0.000108000000182074,0,0,0,0,0.000112000001536217,0.0103240003809333,0,0
"CRS3035RES50000mN2850000E3950000",0.000788000004831702,0.023080000653863,0.00341199990361929,0.00052000000141561,0,2.80000003840541e-05,0.00122400000691414,0,0,0,0.000607999972999096,0.389111995697021,0,0,0,0.000307999987853691,0,0.151176005601883,0,0.00774399982765317,0.0115200001746416,0,0.373452007770538,0.0133880004286766,0.011467999778688,0.000500000023748726,0.00014000000373926,0,0.00898800045251846,0,0,0,0,0,0.000668000022415072,0,0,0,0,0,0.00187599996570498,0,0
"CRS3035RES50000mN2850000E4000000",0.000883999979123473,0.0562359988689423,0.0154120000079274,0.00140800001099706,0,0.00387999997474253,0.0017239999724552,0.000515999970957637,0,0.000788000004831702,0.00433199992403388,0.402480006217957,0,0,0.000264000002061948,0.0160760004073381,0,0.147231996059418,0,0.0148400003090501,0.0108040003105998,0,0.267416000366211,0.00798000022768974,0.0107359997928143,0.00028000000747852,0.00255999993532896,0,0.0135359996929765,0,0,0.000436000002082437,0,0,0.00120000005699694,0,0,0,0,0.00535999983549118,0.0136200003325939,0,0
"CRS3035RES50000mN2850000E4050000",0.000108000000182074,0.0495119988918304,0.00694799982011318,0.00170799996703863,0,0.00155599997378886,0.00144400005228817,0.000671999994665384,0,0.000192000006791204,0.00117599999066442,0.405519992113113,0,0,0,0.00268799997866154,0,0.225424006581306,0,0.0591519996523857,0.00859600026160479,0,0.195712000131607,0.00525599997490644,0.013264000415802,0,0.0006520000169985,0,0.00695599988102913,0,0,0,0,0,0.00131199997849762,0,0,0,0,0,0.0121520003303885,0,0
"CRS3035RES50000mN2850000E4100000",0.000112000001536217,0.0693159997463226,0.00967600010335445,0.000907999987248331,0,0.0014519999967888,0.000604000000748783,0.000112000001536217,0.000387999985832721,9.99999974737875e-05,0.0019120000069961,0.241520002484322,0,0,0,0.0137480003759265,0,0.211656004190445,0,0.0471599996089935,0.014568000100553,0,0.17119200527668,0.0729959979653358,0.137495994567871,0,0.00212000007741153,0,0.00198399997316301,0,0,0,0,0,0.000136000002385117,0,0,0,0,0,0.000844000023789704,0,0
"CRS3035RES50000mN2850000E4150000",0.00255599990487099,0.0789240002632141,0.0212680008262396,0.000475999986520037,0.00112000002991408,0.00125199998728931,0.00174400000832975,0.000696000002790242,0.000112000001536217,0.000123999998322688,0.00457999994978309,0.267883986234665,0,0,0.0291280001401901,0.0208359993994236,0,0.0602880008518696,0,0.02789600007236,0.0089520001783967,0,0.211288005113602,0.109728001058102,0.119631998240948,0.000528000004123896,0.00198399997316301,0,0.0103040002286434,0,0,0,0,0,0.000123999998322688,0,0,0,0,0.00692400010302663,0.0116520002484322,0,0
"CRS3035RES50000mN2850000E4200000",0.00552000012248755,0.107280001044273,0.0219839997589588,0.000436000002082437,7.99999997980194e-06,0,0.000980000011622906,0.000515999970957637,0,0.00119600002653897,0.00691200001165271,0.311011999845505,0,0,0.0122320000082254,0.0444439984858036,0,0.0709199979901314,0,0.00501600001007318,0.00609999988228083,0,0.224848002195358,0.0833960026502609,0.088296003639698,0.000380000012228265,0.000311999989207834,0,0.00249999994412065,0,0,0,0,0,0.000292000011540949,0,0,0,0,0.00152799999341369,0.00389200006611645,0,0
"CRS3035RES50000mN2850000E4250000",0.0125360004603863,0.110331997275352,0.0319759994745255,0.00168400001712143,0.000831999990623444,0,0.000788000004831702,0.000647999986540526,9.99999974737875e-05,0.00240799994207919,0.00684799998998642,0.276928007602692,0,0,0.0477959997951984,0.0695599988102913,0,0.0992399975657463,0,0.00972000043839216,0.00526800006628036,0,0.187179997563362,0.0890159979462624,0.0410280004143715,8.80000006873161e-05,0,0,0.0037839999422431,0,0,0,0,0,0,0,0,0,0,0.00206399988383055,0.000176000001374632,0,0
"CRS3035RES50000mN2850000E4300000",0.000948000000789762,0.0570079982280731,0.012360000051558,0.000172000000020489,0,0.000579999992623925,0.000788000004831702,9.99999974737875e-05,0,0.000123999998322688,0.00120000005699694,0.292804002761841,0,0,0,0.00400799978524446,0,0.264896005392075,0,0.000584000023081899,0.000607999972999096,0,0.0910879969596863,0.219291999936104,0.0465879999101162,0.000563999987207353,0.000123999998322688,0,0.00577999977394938,0,0,0,0,0,0,0,0,0,0,0,0.000384000013582408,0,0
"CRS3035RES50000mN2850000E4350000",0.00113200000487268,0.0398879982531071,0.00586399994790554,1.99999994947575e-05,0,0,0.00232800003141165,0,0,0.000288000010186806,0.000844000023789704,0.445012003183365,0,0,0,0,0,0.18045599758625,0,0.00136800005566329,0.000403999991249293,0,0.0756639987230301,0.154300004243851,0.0753000006079674,0.00176000001374632,0.000207999997655861,0,0.00782399997115135,0,0,0,0,0,0.000356000004103407,0,0,0,0,0,0.00698400009423494,0,0
"CRS3035RES50000mN2850000E4400000",0.000867999973706901,0.0413280017673969,0.0109240002930164,0,0,0,0.00209599989466369,0.000132000001030974,0.000184000004082918,0.000303999986499548,0.00128800002858043,0.467287987470627,0,0,0,0.00262399995699525,0,0.0988039970397949,0,0.00170799996703863,0.0021720000077039,0,0.0488720014691353,0.190403997898102,0.12253600358963,0.00115999998524785,0.000288000010186806,0,0.00435600010678172,0,0,0,0,0,0,0,0,0,0,0.00155199994333088,0.00111199996899813,0,0
"CRS3035RES50000mN2850000E4450000",0.000560000014957041,0.054627999663353,0.0123840002343059,0.000620000006165355,0,0,0.00162400002591312,0,0,0.0006520000169985,0.00183600001037121,0.473448008298874,0,0,0,0.0056839999742806,0,0.0985480025410652,0,0.00176400004420429,0.0017239999724552,0,0.0303959995508194,0.198732003569603,0.104387998580933,0.000339999998686835,0,0,0.00514400005340576,0,0,0,0,0,0,0,0,0,0,0.00646399985998869,0.00106399995274842,0,0
"CRS3035RES50000mN2850000E4500000",0.000944000028539449,0.0390719994902611,0.00961599964648485,0.000247999996645376,0,0.000452000007499009,0.000844000023789704,0,0,0,0.00132000003941357,0.317759990692139,0,0,0,0,0,0.266427993774414,0,0.00134399998933077,0.0014639999717474,0,0.0140639999881387,0.230379998683929,0.0992880016565323,0.00104000000283122,0,0,0.00461200019344687,0,0,0,0,0,0.000123999998322688,0,0,0,0,0.00745999999344349,0.00353999994695187,0,0
"CRS3035RES50000mN2850000E4550000",0,0.0205199997872114,0.00236400007270277,0,0,0,0,0.000123999998322688,0,0,0.00274399993941188,0.0193479992449284,0,0,0,0,0,0.272139996290207,0,0,0.0266679991036654,0,0.0282879993319511,0.347775995731354,0.180447995662689,0.0214079990983009,0,0,0.0691720023751259,0,0,0,0,0,0.00594000006094575,0.00269200000911951,0,0,0,0,0.000368000008165836,0,0
"CRS3035RES50000mN2850000E4600000",0.000103999998827931,0.0239119995385408,0.00531199993565679,0.00014000000373926,0,0.00123599998187274,0.000544000009540468,0.0010039999615401,0,0,0.00330800004303455,0.164647996425629,0,0,0,0.00494799995794892,0,0.19641600549221,0,0.00155599997378886,0.0907960012555122,0,0.0186880007386208,0.32846400141716,0.0812240019440651,0.0168440006673336,0,0,0.030332000926137,0,0,0,0,0,0.00350799993611872,0.00389600009657443,0,0,0,0.000119999996968545,0.0230000000447035,0,0
"CRS3035RES50000mN2850000E4650000",0.000251999997999519,0.0369639992713928,0.00322799989953637,0.000335999997332692,0,0,0.00225199991837144,0.000372000009519979,0.000172000000020489,0.000127999999676831,0.00187200005166233,0.212612003087997,0,0,0,0,0,0.150496006011963,0,0.0271519999951124,0.0702800005674362,0,0.00372799998149276,0.412416011095047,0.0378119982779026,0,0,0,0.00871200021356344,0,0,0,0,0,0.00613200012594461,0.000859999970998615,0,0,0,0,0.0242240000516176,0,0
"CRS3035RES50000mN1700000E4550000",0,0,0,0,0,0,0,0,0,0,0,0,0,0,0,0,0,0,0,0.650280892848969,0,0,0,0.0969101116061211,0,0,0,0.25280898809433,0,0,0,0,0,0,0,0,0,0,0,0,0,0,0
"CRS3035RES50000mN2850000E4700000",0.000307999987853691,0.0348960012197495,0.000867999973706901,0,0,0,0.000236000007134862,0,0,0.000123999998322688,0.00105600000824779,0.533659994602203,0,0,0.000172000000020489,0,0,0.0269239991903305,0,0.0205719992518425,0.0486479997634888,0,0.0193399991840124,0.246071994304657,0.0580519996583462,0,0,0,0.0059639997780323,0,0,0,0,0,0,0,0,0,0,0,0.00310799991711974,0,0
"CRS3035RES50000mN2850000E4750000",0.000155999994603917,0.0475119985640049,0.00370400003157556,0,0,0,0.000584000023081899,0.000195999993593432,0,0,0.000243999995291233,0.67960399389267,0,0,0.0520879998803139,0.00245600007474422,0,0.00125199998728931,0,0.0136399995535612,0.0387279987335205,0,0.0803119987249374,0.0141399996355176,0.0564199984073639,0.00116400001570582,0,0,0.00407199980691075,0,0,0,0,0,0,0,0,0,0,0,0.00372799998149276,0,0
"CRS3035RES50000mN2850000E4800000",7.20000025467016e-05,0.0539080016314983,0.00830399990081787,0.000292000011540949,0,0,0.0014639999717474,0.000364000006811693,0.0013279999839142,0,0.00227200007066131,0.530659973621368,0,0,0.0588200017809868,0.0105119999498129,0,0.0154919996857643,0,0.0358840003609657,0.0407719984650612,0,0.122239999473095,0.0369759984314442,0.0401600003242493,0.000820000015664846,0,0,0.0166239999234676,0,0,0,0,0,0.00150000001303852,0,0,0,0,0.00203599990345538,0.0195000004023314,0,0
"CRS3035RES50000mN2850000E4850000",0,0.0580199994146824,0.00578399980440736,0.000247999996645376,0,0.000560000014957041,0.00124799995683134,0,0,0.000176000001374632,0.00329199992120266,0.443735986948013,0,0,0.00543599994853139,0.00559999980032444,0,0.0438559986650944,0,0.0152839999645948,0.073904000222683,0,0.21493199467659,0.0476999990642071,0.0587159991264343,0.00297600007615983,0,0,0.0118680000305176,0,0,0,0,0,0.00109599996358156,0,0,0,0,0.00213199993595481,0.00343600008636713,0,0
"CRS3035RES50000mN1700000E4600000",0,0.217391297221184,0,0,0,0,0,0,0,0,0,0,0,0,0,0,0,0,0,0.339130431413651,0,0,0,0,0,0,0,0.443478256464005,0,0,0,0,0,0,0,0,0,0,0,0,0,0,0
"CRS3035RES50000mN1700000E4700000",0,0.0850642919540405,0,0,0,0,0,0,0,0,0,0,0,0,0,0,0,0,0,0.0568743832409382,0.0501978248357773,0,0,0,0,0,0,0.766815006732941,0,0,0.0410484671592712,0,0,0,0,0,0,0,0,0,0,0,0
"CRS3035RES50000mN1700000E4750000",0.00877571571618319,0.167889505624771,0,0,0,0,0.0181268882006407,0,0,0,0,0,0,0,0,0,0.00704934541136026,0,0,0.17709681391716,0.0929362699389458,0,0.0241691842675209,0.00532297510653734,0,0,0,0.33477196097374,0,0,0.0414328873157501,0.122428424656391,0,0,0,0,0,0,0,0,0,0,0
"CRS3035RES50000mN2900000E3200000",0,0.100095219910145,0.005318284034729,0,0,0.000580598716624081,0.00229917094111443,0,0,0,0.0106830159202218,0.248310461640358,0,0,0,0,0,0.0486309491097927,0,0.336816936731339,0.0607538484036922,0,0.0200422666966915,0.000812838203273714,0,0,0.0732251107692719,0,0.00118442135863006,0.00206693145446479,0,0,0,0,0.00160245248116553,0,0.000882510037627071,0,0.0820037648081779,0,0.00267075398005545,0,0.002020483603701
"CRS3035RES50000mN2900000E3250000",0.00161473196931183,0.0832472816109657,0.0132468771189451,0.000172103100339882,0.00300674233585596,0.00345218577422202,0.000911134062334895,0.000146793827298097,0,0.000389762892154977,0.00323452590964735,0.326201170682907,0,0,0,0,0,0.0670189708471298,0,0.298128128051758,0.0296725984662771,0,0.0506894253194332,0.00907084532082081,0.00616027880460024,0.000237907224800438,0.0351596511900425,0,0.00809390749782324,0.00177164957858622,0,0,0,0,0.00050112372264266,0.00253092800267041,0.000840268097817898,0,0.0447468049824238,0,0.00312316510826349,0,0.00663103116676211
"CRS3035RES50000mN2900000E3300000",0.000270085176452994,0.0601662956178188,0.00478918896988034,0,3.37606470566243e-05,0.00085848500020802,0.00148546847049147,0,0,0,0.000911537441425025,0.250050634145737,0,0,0,0,0,0.055536262691021,0,0.373219132423401,0.0572532340884209,0,0.0820866003632545,0.0134319141507149,0.0276499688625336,0.000173626176547259,0.0245198756456375,0,0.00832441076636314,0.00027973105898127,0,0,0,0,0,0,0.000149511441122741,0,0.0386173576116562,0,0.000192917985259555,0,0
"CRS3035RES50000mN2900000E3350000",0.0010839628521353,0.0872828662395477,0.00925799645483494,0.000231790792895481,0.000906711036805063,0.00102942378725857,0.00089307629968971,0,0,0.000490851060021669,0.0020111259073019,0.355478435754776,0,0,0,0,0,0.0145823676139116,0,0.298485189676285,0.0269831754267216,0,0.0636061206459999,0.0256946906447411,0.0112827578559518,0.000204521289560944,0.00721278414130211,0,0.0010839628521353,0.00091352837625891,0,0,0,0,0.000620381208136678,0,0.000606746471021324,0,0.0826061442494392,0.00175206561107188,0.000647650740575045,0,0.00505167571827769
"CRS3035RES50000mN2900000E3400000",0.000403666635975242,0.107156671583652,0.011184929870069,0,0.0028424859046936,0.00391893042251468,0.000605499953962862,0,0,0,0.0102598601952195,0.423950880765915,0,0,0,0,0,0.0590867027640343,0,0.190396100282669,0.0255150962620974,0,0.0277184434235096,0.00428895791992545,0.00048776384210214,0.000840972177684307,0.0153056932613254,0,0.00309477746486664,0.00400302745401859,0,0,0,0,0,0,0.00290976371616125,0,0.0986628532409668,0,0.00121099990792572,0,0.00615591602399945
"CRS3035RES50000mN2900000E3450000",0.000207442499231547,0.0463332869112492,0.00627680867910385,0.000173984037246555,0.000327892979839817,0.000521952111739665,0.000629019225016236,0,0.000220825895667076,0,0.0040819332934916,0.154223456978798,0,0,0,0,0,0.380315721035004,0,0.167814299464226,0.00738093815743923,0,0.0205568820238113,0.000495185318868607,0.000173984037246555,0.000916762044653296,0.00477786920964718,0,0,0.00409531639888883,0,0,0,0,0.000294434517854825,0,0.030507430434227,0,0.168255940079689,0.000194059117347933,0.000200750801013783,0,0.00102382909972221
"CRS3035RES50000mN2900000E3500000",9.99999974737875e-05,0.027208000421524,0.00687600020319223,0.000155999994603917,0,0.000112000001536217,0.000452000007499009,0,0.000172000000020489,0,0.000915999989956617,0.253711998462677,0,0,0,0,0,0.511748015880585,0,0.136600002646446,0.0133560001850128,0,0.0354040004312992,0.00759200006723404,0.00433199992403388,0,0,0,0.000844000023789704,0,0,0,0,0,0,0,0,0,0,0,0.000419999996665865,0,0
"CRS3035RES50000mN1700000E4800000",0.00836725253611803,0.0517567843198776,0.00943299941718578,0.00131517788395286,0.00426299031823874,0,0.000975045608356595,0,0.000589562463574111,0,0,0.0989784672856331,0,0,0,0.105849139392376,0.300552159547806,0.00405891099944711,0.0332195796072483,0.100497730076313,0.0540696829557419,0,0.0946814641356468,0.0103853698819876,0.0466774739325047,0.00319724273867905,0,0.0332989431917667,0.0137980291619897,0.00243761413730681,0,0.00979580730199814,0.0111109847202897,0,0,0,0,0,0,0,0,0.000691602122969925,0
"CRS3035RES50000mN2900000E3550000",0.000515999970957637,0.0446080006659031,0.00857200007885695,0.00067999999737367,0,0.000272000004770234,0.00240399991162121,0.000112000001536217,0,0.000180000002728775,0.00238399999216199,0.439319998025894,0,0,0,0.000224000003072433,0,0.360119998455048,0,0.035776000469923,0.0161760002374649,0,0.066431999206543,0.00746400002390146,0.0119719998911023,0,5.60000007681083e-05,0,0.00160800002049655,0,0,0,0,0,0.000348000001395121,0,0,0,0,8.3999999333173e-05,0.000691999972332269,0,0
"CRS3035RES50000mN2900000E3600000",0.000327999994624406,0.021212000399828,0.00361600005999207,0.000188000005437061,0,0,0,0.00011600000289036,0,0,0.000928000023122877,0.361615985631943,0,0,0,0.00100799999199808,0,0.418215990066528,0,0.0226840004324913,0.012075999751687,0,0.11897200345993,0.0162080004811287,0.0195240005850792,0,0.00036000000545755,0,0.00258000008761883,0,0,0,0,0,0,0,0,0,0,0,0.000368000008165836,0,0
"CRS3035RES50000mN2900000E3650000",0.000327999994624406,0.0793119966983795,0.011404000222683,0.000571999989915639,0,0.00270400010049343,0.00316400011070073,0.000172000000020489,0,0.000288000010186806,0.00502800010144711,0.562164008617401,0,0,0,0.000571999989915639,0,0.0415159985423088,0,0.0342600010335445,0.0126160001382232,0,0.192128002643585,0.024388000369072,0.00960000045597553,0,0.000432000000728294,0,0.00641999999061227,0,0,0,0,0,0,0,0,0,0,0.00670799985527992,0.00622399989515543,0,0
"CRS3035RES50000mN2900000E3700000",0.000296000012895092,0.101336002349854,0.0204600002616644,0.00153600005432963,0.000644000014290214,0.000636000011581928,0.00187200005166233,0.000236000007134862,0.000303999986499548,0.00178799999412149,0.00746400002390146,0.571888029575348,0,0,0,0.000515999970957637,0,0.0472839996218681,0,0.0220359992235899,0.0175679996609688,0,0.180803999304771,0.00341999996453524,0.00158399995416403,0,0.000376000010874122,0,0.00426399987190962,0,0,0,0,0,0,0,0,0,0,0.0096079995855689,0.0040799998678267,0,0
"CRS3035RES50000mN2900000E3750000",0.000380000012228265,0.133839994668961,0.0313440002501011,0.00494799995794892,0.000192000006791204,0.0151399997994304,0.00334800011478364,0.0014280000468716,0.00130799994803965,0.00381599995307624,0.013604000210762,0.465723991394043,0,0,0,0.00106399995274842,0,0.0180559996515512,0,0.0170040000230074,0.0131240002810955,0,0.226291999220848,0.0152000002563,0.0133520001545548,0,0.000503999995999038,0,0.00599199999123812,0,0,0,0,0,0.00304799992591143,0,0,0,0,0.00435600010678172,0.00693600019440055,0,0
"CRS3035RES50000mN2900000E3800000",0.000380000012228265,0.0470519997179508,0.00735600013285875,0.000815999985206872,0,0,0.0030280000064522,0.00014000000373926,0.000155999994603917,0.000444000004790723,0.00242800009436905,0.568928003311157,0,0,0.00455999979749322,0.000691999972332269,0,0.0258719995617867,0,0.0154560003429651,0.00706799980252981,0,0.294620007276535,0.00530799990519881,0.00142400001641363,0,0.000276000006124377,0,0.00591599987819791,0,0,0,0,0,0.000251999997999519,0,0,0,0,0.000348000001395121,0.00748000014573336,0,0
"CRS3035RES50000mN2900000E3850000",0.000707999977748841,0.0412920005619526,0.0111760003492236,0.00242800009436905,0,0.00196400005370378,0.000867999973706901,0.000327999994624406,0.000327999994624406,0,0.00385199999436736,0.56879597902298,0,0,0.0690679997205734,0.000127999999676831,0,0.0170399993658066,0,0.0220599994063377,0.0254599992185831,0,0.211620002985001,0.00603199983015656,0.00847600027918816,0,0.000323999993270263,0,0.00258000008761883,0,0,0,0,0,0.00110800005495548,0,0,0,0,0,0.00436400016769767,0,0
"CRS3035RES50000mN2900000E3900000",0.000108000000182074,0.0193240009248257,0.0044680000282824,0.000151999993249774,0,0.00110400002449751,0,0.000151999993249774,0,0.000112000001536217,0.000236000007134862,0.646892011165619,0,0,0.000108000000182074,0.000444000004790723,0,0.0960920006036758,0,0.0108279995620251,0.0126200001686811,0,0.104327999055386,0.02381999976933,0.0092320004478097,0,0.0422400012612343,0,0.0255839992314577,0,0,0,0,0,0.00135999999474734,0,0,0,0,0,0.000796000007539988,0,0
"CRS3035RES50000mN2900000E3950000",0.00044000000343658,0.0206920001655817,0.00293600000441074,8.3999999333173e-05,0,0.0015640000347048,0.000579999992623925,0,0,0.00011600000289036,0.00122800003737211,0.316783994436264,0,0,0,0.00028000000747852,0,0.257676005363464,0,0.014291999861598,0.00913599971681833,0,0.291440010070801,0.0452720001339912,0.0192959997802973,0,0.00181199994403869,0,0.0123880002647638,0,0,0,0,0,0.000176000001374632,0.000464000011561438,0,0,0,0,0.00334400008432567,0,0
"CRS3035RES50000mN2900000E4000000",0.00109999999403954,0.104419998824596,0.0284880008548498,0.00321200001053512,0.00047999998787418,0.0017359999474138,0.00371999992057681,0.00149599998258054,0,0.000448000006144866,0.00348399998620152,0.395303994417191,0,0,0,0.00453600008040667,0,0.145868003368378,0,0.0329880006611347,0.0115560004487634,0,0.228655993938446,0.00323999999091029,0.00898800045251846,0.000368000008165836,0.00226800004020333,0,0.00744799990206957,0,0,0,0,0,0.000407999992603436,0,0,0,0,0.00298000010661781,0.00680800015106797,0,0
"CRS3035RES50000mN1700000E4850000",0.000912891468033195,0.0251097027212381,0.00135896343272179,0.000767658755648881,0.000140045856824145,0,0.000119298318168148,0,0,0,0.000176354034920223,0.076822929084301,0,0,0,0.0444671511650085,0.169637024402618,0.0143728535622358,0.02189383469522,0.0663972944021225,0.0928089022636414,0,0.27275225520134,0.0245962012559175,0.0783271268010139,0.00231853686273098,0,0.0297312159091234,0.0551261976361275,0.0113229667767882,0,0.00850648898631334,0.000482380157336593,0,0,0,0,0,0,0,0.00185171735938638,0,0
"CRS3035RES50000mN2900000E4050000",0.00168800004757941,0.098580002784729,0.017400000244379,0.00127600005362183,0.000144000005093403,0,0.00239200005307794,0.000688000000081956,0.000372000009519979,0.000739999988581985,0.00232800003141165,0.257564008235931,0,0,0.00635599996894598,0.00442000012844801,0,0.193903997540474,0,0.0186199992895126,0.00874799955636263,0,0.236872002482414,0.0559879988431931,0.0730599984526634,0.00227999989874661,0.000264000002061948,0,0.00883600022643805,0,0,0,0,0,0.0024600001052022,0,0,0,0,0.00248800008557737,0.00253199995495379,0,0
"CRS3035RES50000mN2900000E4100000",0.00301599991507828,0.11090400069952,0.0230080001056194,0.00126799999270588,0,0.00445599993690848,0.00167200004216284,0.00175599998328835,0.000199999994947575,0.000376000010874122,0.00579199986532331,0.1771360039711,0,0,0,0.00336400000378489,0,0.272731989622116,0,0.00189600000157952,0.00569200003519654,0,0.274464011192322,0.0433159992098808,0.0621719993650913,0.0034719998948276,0,0,0.00271199992857873,0,0,0,0,0,0,0,0,0,0,0,0.000595999998040497,0,0
"CRS3035RES50000mN2900000E4150000",0.00268799997866154,0.0685240030288696,0.0127320000901818,0.000704000005498528,0,0,0.00105199997778982,0.000483999989228323,0.000395999988541007,0.000184000004082918,0.00421599997207522,0.195851996541023,0,0,0.0919959992170334,0.00328400009311736,0,0.0951479971408844,0,0.00377200008369982,0.00276400009170175,0,0.173363998532295,0.190871998667717,0.149072006344795,0.000407999992603436,0.000307999987853691,0,0.00218000006861985,0,0,0,0,0,0,0,0,0,0,0,0,0,0
"CRS3035RES50000mN2900000E4200000",0.0127680003643036,0.11956399679184,0.0438840016722679,0.00250399997457862,0.00303200003691018,0.00103199994191527,0.000980000011622906,0.00124000001233071,0.000148000006447546,0.00198399997316301,0.0122640002518892,0.293592005968094,0,0,0.00600000005215406,0.00659199990332127,0,0.0988359972834587,0,0.00271599995903671,0.00429200008511543,0,0.168019995093346,0.128255993127823,0.0669640004634857,0.000387999985832721,0,0,0.00231199990957975,0,0,0,0,0,0.000615999975707382,0,0,0,0,0.0146880000829697,0.00732799991965294,0,0
"CRS3035RES50000mN2900000E4250000",0.00258399988524616,0.045499999076128,0.00811600033193827,0,0,0.000108000000182074,0.000584000023081899,0.000103999998827931,0,0.000132000001030974,0.00224400009028614,0.434879988431931,0,0,0.0029039999935776,0.00723600015044212,0,0.0859839990735054,0,0.00353599991649389,0.00317199993878603,0,0.200479999184608,0.108708001673222,0.0874719992280006,0.00148800003807992,0.000364000006811693,0,0.00281600002199411,0,0,0,0,0,0,0,0,0,0,0.001587999984622,0,0,0
"CRS3035RES50000mN2900000E4300000",0.000715999980457127,0.0241839997470379,0.00554799987003207,0,0,0.00147999997716397,0.00115200004074723,9.99999974737875e-05,0,0.00014000000373926,0.00155199994333088,0.628391981124878,0,0,0.00315600004978478,0.00401199981570244,0,0.103827998042107,0,0.00212400010786951,0.00170000002253801,0,0.162796005606651,0.0182760003954172,0.0365200005471706,0,0,0,0.00432399986311793,0,0,0,0,0,0,0,0,0,0,0,0,0,0
"CRS3035RES50000mN2900000E4350000",0.0100720003247261,0.0732840001583099,0.0219560004770756,0.00108800001908094,0,0.00117599999066442,0.000228000004426576,0.000607999972999096,0.000188000005437061,0.00103199994191527,0.0040480000898242,0.411823987960815,0,0,0.00022000000171829,0.000315999990561977,0,0.164307996630669,0,0.000967999978456646,0.00105600000824779,0,0.0213520005345345,0.250779986381531,0.0325959995388985,0.000896000012289733,0,0,0.0011680000461638,0,0,0,0,0,0,0,0,0,0,0,0.000836000021081418,0,0
"CRS3035RES50000mN2900000E4400000",0.00340800010599196,0.0577719993889332,0.0129720000550151,0.00154399999883026,0,0.00112399994395673,0.00226400000974536,0.000127999999676831,0.000127999999676831,0.00147200003266335,0.00310000008903444,0.240776002407074,0,0,0,0.00137600000016391,0,0.187135994434357,0,0.00452800001949072,0.00237199990078807,0,0.0419399999082088,0.281843990087509,0.143475994467735,0.00964799989014864,0,0,0.00129199994262308,0,0,0,0,0,0,0,0,0,0,0,0.00170000002253801,0,0
"CRS3035RES50000mN2900000E4450000",0.00148800003807992,0.0376240015029907,0.0110719995573163,0.000103999998827931,0,9.20000020414591e-05,0.00315600004978478,0.000615999975707382,0,0,0.00211200001649559,0.313580006361008,0,0,0,0,0,0.139599993824959,0,0.00249599991366267,0.00413599982857704,0,0.00656000012531877,0.403979986906052,0.0492519997060299,0.0153879998251796,0,0,0.000904000014998019,0,0,0,0,0,0.000108000000182074,0,0,0,0,0.000268000003416091,0.00746400002390146,0,0
"CRS3035RES50000mN2900000E4500000",0,0.0278719998896122,0.00399600015953183,0,0,0,0.000335999997332692,0,0,0,0.00135200005024672,0.265300005674362,0,0,0,0,0,0.240383997559547,0,0.000984000042080879,0.0351120010018349,0,0.0126879997551441,0.318883985280991,0.0846839994192123,0.00134800001978874,0,0,0.00499199982732534,0,0,0,0,0,0.00067999999737367,0,0,0,0,0,0.00138799997512251,0,0
"CRS3035RES50000mN2900000E4550000",0,0.0239799991250038,0.00277199991978705,9.99999974737875e-05,0,0.00015999999595806,0.00028000000747852,0,0,0.000123999998322688,0.00047999998787418,0.303312003612518,0,0,0,0.000923999992664903,0,0.208683997392654,0,0.000595999998040497,0.127895995974541,0,0.00478800013661385,0.275359988212585,0.036311998963356,0.00128800002858043,0,0,0.00712000019848347,0,0,0,0,0,0.000768000027164817,0,0,0,0,0,0.00505599984899163,0,0
"CRS3035RES50000mN2900000E4600000",0,0.0297279991209507,0.00543999997898936,0.000167999998666346,0,0.000931999995373189,0.000539999979082495,0,0,0,0.0023439999204129,0.438955992460251,0,0,0,0.000103999998827931,0,0.105020001530647,0,0.00164000003132969,0.0996719971299171,0,0.00583200016990304,0.217355996370316,0.0664639994502068,0.000464000011561438,0,0,0.00818799994885921,0,0,0,0,0,0,0,0,0,0,0.00148400000762194,0.01566799916327,0,0
"CRS3035RES50000mN2900000E4650000",0.000112000001536217,0.0343879982829094,0.00480000022798777,0.000888000009581447,0,0.000376000010874122,0.000592000025790185,0,0.000788000004831702,0.000136000002385117,0.00155599997378886,0.46917599439621,0,0,0,0,0,0.0747400000691414,0,0.00102800002787262,0.0918599963188171,0,0.00102399999741465,0.275483995676041,0.0199480000883341,0.000984000042080879,0,0,0.00728000001981854,0,0,0,0,0,0.0014280000468716,0.000880000006873161,0,0,0,0,0.0125320004299283,0,0
"CRS3035RES50000mN2900000E4700000",0.000192000006791204,0.0342079997062683,0.00398000003769994,0.000103999998827931,0,0,0.000315999990561977,0,0,0.00044000000343658,0.000912000017706305,0.456835985183716,0,0,0,0,0,0.0770199969410896,0,0.00119600002653897,0.122071996331215,0,0.00173999997787178,0.269484013319016,0.0175400003790855,0.000460000010207295,0,0,0.0108679998666048,0,0,0,0,0,0,0,0,0,0,0,0.0026320000179112,0,0
"CRS3035RES50000mN2900000E4750000",0,0.0544200018048286,0.0052479999139905,0.000607999972999096,0,0.00113600003533065,0.000823999987915158,0.000251999997999519,0,0.000335999997332692,0.00225999997928739,0.465840011835098,0,0,0.00241199997253716,0.00256399996578693,0,0.0222360007464886,0,0.00617199996486306,0.0819680020213127,0,0.0519639998674393,0.178103998303413,0.106720000505447,0,0,0,0.0122640002518892,0,0,0.00014000000373926,0,0,0,0,0,0,0,0,0.00453200004994869,0,0
"CRS3035RES50000mN2900000E4800000",0.000820000015664846,0.0759079977869987,0.0144560001790524,0.00186800002120435,0,0.000888000009581447,0.00224400009028614,0,0.000216000000364147,0.000928000023122877,0.00105600000824779,0.522248029708862,0,0,0.00418400019407272,0.00617199996486306,0,0.0104799997061491,0,0.0226959995925426,0.0294199995696545,0,0.113799996674061,0.0728240013122559,0.0959440022706985,0.00163600000087172,0,0,0.0208439994603395,0,0,0,0,0,0,0,0,0,0,0,0.00136800005566329,0,0
"CRS3035RES50000mN2900000E4850000",9.60000033956021e-05,0.0716919973492622,0.0131200002506375,0.000579999992623925,0,0.00127200002316386,0.000243999995291233,0.000255999999353662,0,0.000472000014269724,0.00196400005370378,0.361739993095398,0,0,0.00244800001382828,0.00420799991115928,0,0.0776880010962486,0,0.0151680000126362,0.0935560017824173,0,0.125476002693176,0.0632399991154671,0.142752006649971,0.000247999996645376,0,0,0.0182399991899729,0,0,0,0,0,0.00031999999191612,0,0,0,0,0,0.00522000016644597,0,0
"CRS3035RES50000mN2900000E4900000",0,0.0475879982113838,0.00597199983894825,0.00208000000566244,0,0.000127999999676831,0.00174800003878772,0,0.00011600000289036,0,0.000432000000728294,0.0875879973173141,0,0,0,0.00083999999333173,0,0.102519996464252,0,0.00760000012814999,0.131528005003929,0,0.194555997848511,0.160275995731354,0.223723992705345,0,0,0,0.0275320000946522,0,0,0.000127999999676831,0,0,0,0,0,0,0,0.0024600001052022,0.00318400003015995,0,0
"CRS3035RES50000mN2950000E3450000",0,0.028408482670784,0.00355016929097474,0,0,0,0.00160399219021201,0,0,0,0.00224558892659843,0.198096603155136,0,0,0,0,0,0.384245246648788,0,0.229114234447479,0.00932454131543636,0,0.0296203885227442,0.00721440045163035,0.00285867042839527,0,0.0203671362251043,0,0.000413473520893604,0.00737836398184299,0,0,0,0,0.00759935844689608,0.00542505783960223,0.00556763494387269,0,0.0562894307076931,0,0.00036357156932354,0.000313669588649645,0
"CRS3035RES50000mN2950000E3500000",0.000184750679181889,0.0330211035907269,0.00345483771525323,0.000326392852002755,0.00016011725529097,0,0.00157653912901878,0,0,0.000215542459045537,0.00186598184518516,0.221596121788025,0,0,0,0.000344867934472859,0,0.560108661651611,0,0.103127829730511,0.00519765261560678,0,0.0228351838886738,0.000455718341981992,0.00153958902228624,0,0,0,0.000338709563948214,0.00279589369893074,0.000554252008441836,0,0,0,0.00296216923743486,0,0.00185366510413587,0,0.0347208119928837,0.000763636140618473,0,0,0
"CRS3035RES50000mN2950000E3550000",0.00141584407538176,0.121669091284275,0.0241494923830032,0.00125555985141546,0.00110863265581429,0.0019501248607412,0.00158948532771319,0,0,0,0.00785392802208662,0.456342577934265,0,0,0,0,0,0.240693494677544,0,0.0173106975853443,0.016295563429594,0,0.0242429915815592,0,0.000934991403482854,0,0.00244433456100523,0,0.00112198968417943,0.00241762050427496,0.00105520454235375,0,0,0,0.00589044578373432,0,0.00227069342508912,0,0.0623639263212681,0.00300532951951027,0.000681207980960608,0,0.00193676783237606
"CRS3035RES50000mN2950000E3600000",0.00252881785854697,0.0603654719889164,0.0230542402714491,0.00150567421223968,0.00722008757293224,0.00121973012574017,0.00081315339775756,0.0004467875987757,0,0.00192118668928742,0.00508891092613339,0.403257071971893,0,0,0,0,0,0.283325880765915,0,0.0343177542090416,0.0104682333767414,0,0.0900857821106911,0.0106246089562774,0.0107005629688501,0.000165311415912583,0.00465552695095539,0,0.00280582602135837,0.000183182914042845,0,0,0,0,0.000889107293915004,0,0.0069028683938086,0,0.00429809652268887,0.00978018064051867,0.00206415867432952,0,0.0213117692619562
"CRS3035RES50000mN2950000E3650000",0.000728000013623387,0.0863600000739098,0.0157479997724295,0.00208400003612041,0.00197200011461973,0.000595999998040497,0.00189600000157952,0,0.00022000000171829,0.00108800001908094,0.00302399997599423,0.452275991439819,0,0,0,0.00083999999333173,0,0.147139996290207,0,0.0472839996218681,0.0048119998537004,0,0.183668002486229,0.0215680003166199,0.00761599978432059,0,0.000844000023789704,0,0.00675200019031763,0,0,0,0,0,0,0,0,0,0,0.010219999589026,0.00326399994082749,0,0
"CRS3035RES50000mN2950000E3700000",0.000315999990561977,0.0355679988861084,0.00315600004978478,0.000352000002749264,0,0.000228000004426576,0,0,0,0.000307999987853691,0.000563999987207353,0.492480009794235,0,0,0,0,0,0.27973198890686,0,0.0236520003527403,0.0173359997570515,0,0.12771999835968,0.00540400017052889,0.00983600039035082,0,0,0,0.0017119999974966,0,0,0,0,0,0.000456000008853152,0,0,0,0,0,0.0011800000211224,0,0
"CRS3035RES50000mN2950000E3750000",9.60000033956021e-05,0.0492839999496937,0.00679200002923608,0.00232400000095367,0,0.000723999983165413,5.60000007681083e-05,0.000224000003072433,0,0,0.000928000023122877,0.797104001045227,0,0,0,0.000103999998827931,0,0.0109320003539324,0,0.0127159999683499,0.0189200006425381,0,0.0901840031147003,0.000928000023122877,0.00128800002858043,0,0,0,0.000783999974373728,0,0,0,0,0,0.00256399996578693,0,0,0,0,0,0.0040480000898242,0,0
"CRS3035RES50000mN2950000E3800000",0.00168800004757941,0.0738999992609024,0.00969200022518635,0.00208400003612041,0,0.00110400002449751,0.00102800002787262,0,0,0,0.00161200005095452,0.628268003463745,0,0,0,0.000136000002385117,0,0.045244000852108,0,0.0154240000993013,0.0185679998248816,0,0.180035993456841,0.00276799988932908,0.00486399978399277,0,0,0,0.00429600011557341,0,0,0,0,0,0.00105199997778982,0,0,0,0,0,0.0082360003143549,0,0
"CRS3035RES50000mN2950000E3850000",0.000419999996665865,0.0465640015900135,0.00480399979278445,0.000348000001395121,0,0.00157199997920543,0.000288000010186806,0.000163999997312203,0,0,0.00106000003870577,0.659012019634247,0,0,0,0.000228000004426576,0,0.13230399787426,0,0.00832800008356571,0.0135199995711446,0,0.10419200360775,0.0033160001039505,0.00458399998024106,0.0100360000506043,0.00202800007537007,0,0.00171999994199723,0,0,0,0,0,0.00419199978932738,0,0,0,0,0,0.00132000003941357,0,0
"CRS3035RES50000mN2950000E3900000",0.0007999999797903,0.0390960015356541,0.00370000000111759,0.00121599994599819,0,0.000768000027164817,0.000335999997332692,0.000251999997999519,0.000268000003416091,0.000264000002061948,0.000768000027164817,0.221660003066063,0,0,0,0.000148000006447546,0,0.338667988777161,0,0.0228560008108616,0.0204479992389679,0,0.270568013191223,0.0519200004637241,0.0117039997130632,0,0.00102800002787262,0,0.00723200011998415,0,0,0,0,0,0.000483999989228323,0,0,0,0,0.00282800011336803,0.00298799993470311,0,0
"CRS3035RES50000mN2950000E3950000",0.000243999995291233,0.0428440012037754,0.00330400001257658,0.000595999998040497,0,0.000595999998040497,0.000203999996301718,0,0.000460000010207295,0.000172000000020489,0.00131199997849762,0.076275996863842,0,0,0,0.000112000001536217,0,0.207312002778053,0,0.11234799772501,0.0378119982779026,0,0.215908005833626,0.0906160026788712,0.195447996258736,0,0.000376000010874122,0,0.0122480001300573,0,0,0,0,0,0.000236000007134862,0.00028000000747852,0,0,0,0,0.00129599997308105,0,0
"CRS3035RES50000mN2950000E4000000",0.00190799997653812,0.0606199987232685,0.00638000015169382,0.00141200004145503,0,0.00176799995824695,0.00116400001570582,9.60000033956021e-05,0.000255999999353662,0.000807999982498586,0.000452000007499009,0.131007999181747,0,0,0,8.80000006873161e-05,0,0.16975599527359,0,0.134036004543304,0.060199998319149,0,0.19964399933815,0.0824839994311333,0.136399999260902,0,0.00225599994882941,0,0.00690799998119473,0,0,0,0,0,0.00022000000171829,0,0,0,0,0.000167999998666346,0.00196800008416176,0,0
"CRS3035RES50000mN2950000E4050000",0.000883999979123473,0.0559079982340336,0.0111360000446439,0.0011399999493733,0.000148000006447546,0.00299599999561906,0.00150000001303852,0.00047999998787418,9.99999974737875e-05,0.000292000011540949,0.00236400007270277,0.222084000706673,0,0,0.0253240000456572,0.000500000023748726,0,0.225960001349449,0,0.0371080003678799,0.0202559996396303,0,0.209472000598907,0.119032002985477,0.0517159998416901,0.000508000026457012,0,0,0.00527200009673834,0,0,0,0,0,0.000296000012895092,0,0,0,0,0.00514400005340576,0.000380000012228265,0,0
"CRS3035RES50000mN2950000E4100000",0,0.0383200012147427,0.00804399978369474,0,0,0.00142400001641363,0.00127999996766448,0.000144000005093403,0.000923999992664903,0,0.000907999987248331,0.203068003058434,0,0,0.0225879997014999,0,0,0.184351995587349,0,0.00329599995166063,0.00385199999436736,0,0.317712008953094,0.149555996060371,0.03889200091362,0.00946800038218498,0,0,0.0116360001266003,0,0,0,0,0,0,0,0,0,0,0.00415199995040894,0.000384000013582408,0,0
"CRS3035RES50000mN2950000E4150000",0.00822800025343895,0.0785880014300346,0.0186160001903772,0.00125600001774728,0.000268000003416091,0.00044000000343658,0.00153200002387166,0.000604000000748783,0,0.000936000025831163,0.00561199989169836,0.348859995603561,0,0,0.144552007317543,0.0123359998688102,0,0.0731040015816689,0,0.0144880004227161,0.00948799960315228,0,0.209508001804352,0.0338359996676445,0.0183520000427961,0.000108000000182074,0,0,0.00729600014165044,0,0.000172000000020489,0,0,0,0,0,0,0,0,0.0116600003093481,0.00015999999595806,0,0
"CRS3035RES50000mN2950000E4200000",0.017340000718832,0.114664003252983,0.0405360013246536,0.00313599989749491,3.60000012733508e-05,0.00941199995577335,0.00192399998195469,0.00111599999945611,0.000184000004082918,0.0013399999588728,0.0122760003432631,0.291155993938446,0,0,0.0165960006415844,0.00455999979749322,0,0.135095998644829,0,0.00193200004287064,0.00412799976766109,0,0.197771996259689,0.085316002368927,0.0408199988305569,0.000472000014269724,0,0,0.00353999994695187,0,0,0,0,0,0.00179999996908009,0.000195999993593432,0,0,0,0.0101600000634789,0.00449200021103024,0,0
"CRS3035RES50000mN2950000E4250000",0.00344399991445243,0.0606880001723766,0.0142519995570183,0.00014000000373926,0,0.000108000000182074,0.000620000006165355,0.000327999994624406,0.000563999987207353,0.000432000000728294,0.00513599999248981,0.202076002955437,0,0,0.00203999993391335,0.00498799979686737,0,0.120999999344349,0,0.00640399986878037,0.00311599997803569,0,0.246112003922462,0.149432003498077,0.168195992708206,0.00011600000289036,0,0,0.00202000001445413,0,0,0,0,0,0,0.000180000002728775,0,0,0,0.0067560002207756,0.00185200001578778,0,0
"CRS3035RES50000mN2950000E4300000",0.0049519999884069,0.0629319995641708,0.0183520000427961,0.00102399999741465,0,0.000595999998040497,0.00161999999545515,0.00014000000373926,0.000192000006791204,0.0007999999797903,0.00406400021165609,0.563776016235352,0,0,0.0221200007945299,0.0054959999397397,0,0.0492560006678104,0,0.00313999992795289,0.00776399997994304,0,0.192647993564606,0.0233200006186962,0.0217719990760088,0.00920000020414591,0,0,0.00191600003745407,0,0,0,0,0,0,0,0,0,0,0.0034640000667423,0.00145600002724677,0,0
"CRS3035RES50000mN2950000E4350000",0.00196800008416176,0.0489719994366169,0.0126799996942282,0.000112000001536217,0,0.00047999998787418,0.00049200002104044,0,0,0.000872000004164875,0.00249200011603534,0.384624004364014,0,0,0.00123599998187274,0,0,0.133571997284889,0,0.00187999999616295,0.00228399992920458,0,0.15896800160408,0.133819997310638,0.109195999801159,0.000296000012895092,0,0,0,0,0,0,0,0,0,0,0,0,0,0.00147200003266335,0.00458399998024106,0,0
"CRS3035RES50000mN2950000E4400000",0.000791999977082014,0.034256000071764,0.00586399994790554,0.000195999993593432,0,0.000323999993270263,0.00131199997849762,0,0,0,0.00225599994882941,0.304008007049561,0,0,0,0.0011680000461638,0,0.210656002163887,0,0.00549199990928173,0.00352000002749264,0,0.0464960001409054,0.281520009040833,0.0853839963674545,0.0115160001441836,0,0,0.00462799984961748,0,0,0,0,0,0,0,0,0,0,0,0.000612000003457069,0,0
"CRS3035RES50000mN2950000E4450000",0.000948000000789762,0.0353320017457008,0.0100760003551841,0.000236000007134862,0,0.000323999993270263,0.00104799994733185,0.000112000001536217,0,0.000264000002061948,0.00233600009232759,0.272715985774994,0,0,0,0,0,0.175891995429993,0,0.000855999998748302,0.00933200027793646,0,0.00601200014352798,0.421039998531342,0.0322320014238358,0.0129359997808933,0,0,0.0106960004195571,0,0,0,0,0,0.000112000001536217,0.000415999995311722,0,0,0,0,0.00708399992436171,0,0
"CRS3035RES50000mN2950000E4500000",0,0.0171840004622936,0.0036599999293685,0.000407999992603436,0,0,0.000284000008832663,0,0,0.000188000005437061,0.00241199997253716,0.24549999833107,0,0,0,0.000804000010248274,0,0.211411997675896,0,0.000631999981123954,0.0756120011210442,0,0.00516000017523766,0.387928009033203,0.0270319990813732,0.001304000033997,0,0,0.0154039999470115,0,0,0,0,0,0.000387999985832721,0.000595999998040497,0,0,0,0,0.00409199995920062,0,0
"CRS3035RES50000mN2950000E4550000",0.000636000011581928,0.0478160008788109,0.00894000008702278,0.000783999974373728,0,0.000671999994665384,0.00303600006736815,0.000136000002385117,0.00014000000373926,0.000928000023122877,0.00155199994333088,0.366268008947372,0,0,0,0.000883999979123473,0,0.0615519993007183,0,0.00289599993266165,0.0651239976286888,0,0.0221280008554459,0.311363995075226,0.0877839997410774,0.00356799992732704,0,0,0.0114080002531409,0,0,0,0,0,0.00011600000289036,0,0,0,0,0.000188000005437061,0.00208000000566244,0,0
"CRS3035RES50000mN2950000E4600000",9.60000033956021e-05,0.0683920010924339,0.00883200019598007,0.000671999994665384,0,0.000568000017665327,0.00322000007145107,0.000224000003072433,0.000251999997999519,0.00113200000487268,0.00826399959623814,0.329699993133545,0,0,0,0.000108000000182074,0,0.0781679973006248,0,0.00179600005503744,0.106192000210285,0,0.0429759994149208,0.190807998180389,0.142596006393433,0.00197200011461973,0,0,0.00463599991053343,0,0,0,0,0,0,0,0,0,0,0.00159600004553795,0.00779999978840351,0,0
"CRS3035RES50000mN2950000E4650000",0,0.0471960008144379,0.00392800010740757,0.000199999994947575,0,0,0.000264000002061948,0,0.000407999992603436,0,0.00570800015702844,0.498560011386871,0,0,0,0.00374799990095198,0,0.0428079999983311,0,0.000964000006206334,0.0976160019636154,0,0.00482399994507432,0.211300000548363,0.061404000967741,0.00022000000171829,0,0,0.013675999827683,0,0,0,0,0,0,0,0,0,0,0.000247999996645376,0.0069280001334846,0,0
"CRS3035RES50000mN2950000E4700000",0.000112000001536217,0.041287999600172,0.00586399994790554,0.000136000002385117,0,0.00139600003603846,0.000612000003457069,0,0,0.000119999996968545,0.00176400004420429,0.484663993120193,0,0,0,0.001475999946706,0,0.0626479983329773,0,0.00108800001908094,0.110527999699116,0,0.0059799998998642,0.228832006454468,0.0396240018308163,0.000327999994624406,0,0,0.00997199956327677,0,0,0,0,0,0,0,0,0,0,0,0.00356799992732704,0,0
"CRS3035RES50000mN2950000E4750000",0,0.0472039990127087,0.00395999988541007,0.000763999996706843,0,0,0.000276000006124377,0.000123999998322688,0,0,0.000915999989956617,0.436899989843369,0,0,0,0.000300000014249235,0,0.0873520001769066,0,0.00164000003132969,0.105619996786118,0,0.00382800004445016,0.267172008752823,0.0358080007135868,0.000127999999676831,0,0,0.00565999979153275,0,0,0,0,0,0,0,0,0,0,0,0.00234799995087087,0,0
"CRS3035RES50000mN2950000E4800000",0.000331999995978549,0.064191997051239,0.0100119998678565,0.00104799994733185,0,0.000207999997655861,0.000352000002749264,0,0.00023999999393709,0.000576000020373613,0.0024679999332875,0.492240011692047,0,0,0,0.00406400021165609,0,0.0617320016026497,0,0.00392800010740757,0.0507600009441376,0,0.0447800010442734,0.159520000219345,0.08958800137043,0,0,0,0.010776000097394,0,0,0,0,0,0,0,0,0,0,0,0.00318400003015995,0,0
"CRS3035RES50000mN2950000E4850000",0,0.0562799982726574,0.00691200001165271,0.00134399998933077,0,0.00113600003533065,0.00170000002253801,0.000436000002082437,0.00119600002653897,0.000224000003072433,0.000644000014290214,0.372303992509842,0,0,0,0.00294800009578466,0,0.119695998728275,0,0.0059639997780323,0.0747959986329079,0,0.0342199988663197,0.126827999949455,0.0895040035247803,0.01609200052917,0,0,0.0852439999580383,0,0,0,0,0,0.000103999998827931,0,0,0,0,0,0.00242800009436905,0,0
"CRS3035RES50000mN2950000E4900000",0.000136000002385117,0.0796039998531342,0.0135439997538924,0.002779999980703,0,0.00186399999074638,0.000444000004790723,0.00127600005362183,0.000123999998322688,0.00140800001099706,0.0045159999281168,0.148568004369736,0,0,0,0.000300000014249235,0,0.0882640033960342,0.000119999996968545,0.0244880001991987,0.168320000171661,0,0.0366000011563301,0.277720004320145,0.12355600297451,9.99999974737875e-05,0,0,0.0204600002616644,0,0,0,0,0,0.00015999999595806,0,0,0,0,0,0.00564800016582012,0,0
"CRS3035RES50000mN2950000E4950000",0,0.0703919976949692,0.00339199998416007,0.000867999973706901,0,0,9.99999974737875e-05,0,0,0.000163999997312203,0.00123199995141476,0.0796080008149147,0,0,0,0,0,0.0933960005640984,0,0.0671159997582436,0.0713440030813217,0,0.0416599996387959,0.319795995950699,0.139899998903275,0.00221600010991096,0.000500000023748726,0,0.103968001902103,0,0,0,0,0,0,0,0,0,0,0,0.00434800004586577,0,0
"CRS3035RES50000mN3000000E3450000",0.00112972769420594,0.0647445395588875,0.0187757574021816,0.00132066768128425,0.00673063145950437,0.00303912675008178,0.00170254742261022,0,0,0.000970611174125224,0.00211625057272613,0.197575062513351,0,0,0,0,0,0.410616248846054,0,0.143745929002762,0.0213852692395449,0,0.0511400699615479,0.00167072413023561,0.00472576264292002,0.000540996377822012,0.0334940403699875,0,0,0.00615781173110008,0,0,0,0,0,0,0.000445526442490518,0,0.0274476110935211,0,0.000525084731634706,0,0
"CRS3035RES50000mN3000000E3500000",0.00205623568035662,0.0476759746670723,0,0,0,0,0,0,0,0,0.00129112473223358,0.380451411008835,0,0,0,0,0,0.292559295892715,0,0.0716335102915764,0.017214996740222,0,0.0494452938437462,0.00798584520816803,0.0035864575766027,0,0.00669472059234977,0,0,0.00851185899227858,0,0,0,0,0.00803366489708424,0,0,0,0.101711936295033,0,0.0011476663639769,0,0
"CRS3035RES50000mN3000000E3600000",0,0.0869608372449875,0.00996391847729683,0,0.00165513588581234,0.000297924445476383,0,0,0,0.00168823858257383,0.00314475828781724,0.571981847286224,0,0,0,0,0,0.13065642118454,0,0.0368764288723469,0.00536264013499022,0,0.105233542621136,0.00417094258591533,0.0027144227642566,0,0.00407163426280022,0,0.000959978788159788,0,0,0,0,0,0,0,0,0,0.0322420485317707,0,0.00201926566660404,0,0
"CRS3035RES50000mN3000000E3650000",0.000930465990677476,0.0767268538475037,0.0086355609819293,0.000250912184128538,0.000449550978373736,0.000867737922817469,0,0,0,0,0.00355458911508322,0.590668141841888,0,0,0,0.00384731986559927,0,0.162507444620132,0,0.0274539738893509,0.00905374716967344,0,0.0828637406229973,0.00120228750165552,0.00316776614636183,0.000585461733862758,0.000271821510978043,0,0.000742281845305115,0,0,0,0,0,0.000784100557211787,0,0,0,0.0221011806279421,0,0.00333504099398851,0,0
"CRS3035RES50000mN3000000E3700000",0.000353147857822478,0.0535195581614971,0.00305472919717431,0.000737196183763444,0.000326661771396175,0.000414948735851794,0.00011477305815788,0.000216303073102608,0.000132430446683429,0.000309004390146583,0.00109475839417428,0.578782856464386,0,0,0,0,0,0.145673498511314,0,0.0199837554246187,0.0105723645538092,0,0.112084716558456,0.00788844097405672,0.00322688859887421,0,0.00137727672699839,0,0.00322688859887421,0.000105944360257126,0,0.000353147857822478,0,0,0.010925511829555,0,0.0107092093676329,0,0.0263360030949116,0,0.00820185896009207,0.000278103951131925,0
"CRS3035RES50000mN3000000E3750000",0.000511999998707324,0.0575079992413521,0.00639599980786443,0.000771999999415129,0,0.00123199995141476,0,0,0.000203999996301718,0.000415999995311722,0.000912000017706305,0.737963974475861,0,0,0,0.000264000002061948,0,0.074583999812603,0,0.0135880000889301,0.0199159998446703,0,0.0681160017848015,0.000251999997999519,0.00243199989199638,0,0.000411999993957579,0,0.000936000025831163,0,0,0,0,0,0.00734400004148483,0,0,0,0,0,0.00624000001698732,0,0
"CRS3035RES50000mN3000000E3800000",0.000728000013623387,0.0848120003938675,0.0147839998826385,0.00410800008103251,0,0.00255200010724366,0.000723999983165413,0.00047999998787418,9.99999974737875e-05,0.000600000028498471,0.00213199993595481,0.812479972839355,0,0,0,0.000103999998827931,0,0.0187999997287989,0,0.00883200019598007,0.00516799977049232,0,0.0290040001273155,0,0.000155999994603917,0,0.000127999999676831,0,0.00143599999137223,0,0,0,0,0,0.00758400000631809,0,0,0,0,0,0.00528800021857023,0,0
"CRS3035RES50000mN3000000E3850000",0.00083999999333173,0.0931240022182465,0.0123760001733899,0.000864000001456589,0,0.000647999986540526,0.00179200002457947,0,0,0.000728000013623387,0.00151199998799711,0.392904013395309,0,0,0,0.000188000005437061,0,0.344063997268677,0,0.0179479997605085,0.00608000019565225,0,0.117159999907017,0.00415599998086691,0.00218799989670515,0,0,0,0.00190799997653812,0,0,0,0,0,0.000836000021081418,0,0,0,0,0,0.000684000027831644,0,0
"CRS3035RES50000mN3000000E3900000",0.000311999989207834,0.105324000120163,0.00913999974727631,0.000628000008873641,0,0.000915999989956617,0.00384399993345141,0.000407999992603436,0.000395999988541007,0.000303999986499548,0.00198800000362098,0.208683997392654,0,0,0,0.000155999994603917,0,0.125771999359131,0,0.149348005652428,0.0376800000667572,0,0.246828004717827,0.0195959992706776,0.0792599990963936,0,0.000728000013623387,0,0.00262799998745322,0,0,0,0,0,0.000464000011561438,0,0,0,0,0.00166399998124689,0.00393200013786554,0,0
"CRS3035RES50000mN3000000E3950000",0.000444000004790723,0.0808280035853386,0.00456799985840917,0.000771999999415129,0.000176000001374632,0.000376000010874122,0.00234799995087087,0,0,0,0.00772400014102459,0.141123995184898,0,0,0,0.000211999999010004,0,0.117448002099991,0,0.164764001965523,0.0641440004110336,0,0.162131994962692,0.0351479984819889,0.207916006445885,0.00150799995753914,0.000600000028498471,0,0.00509600015357137,0,0,0,0,0,0,0,0,0,0,0.00267200008966029,0,0,0
"CRS3035RES50000mN3000000E4000000",0,0.0586239993572235,0.00205200002528727,0.000515999970957637,0,0,0.000452000007499009,0,0,0.000123999998322688,0.0024439999833703,0.0449680015444756,0,0,0,0,0,0.246767997741699,0,0.120088003575802,0.0538079999387264,0,0.0409800000488758,0.141335994005203,0.258004009723663,0,0.000207999997655861,0,0.0197720006108284,0,0,0,0,0,0.0014639999717474,0.00757599994540215,0,0,0,0,0.000815999985206872,0,0
"CRS3035RES50000mN3000000E4050000",0,0.0313640013337135,0.00283599994145334,0,0,0.000232000005780719,0.0011680000461638,0,0,0,0.00198399997316301,0.0872640013694763,0,0,0,0,0,0.395671993494034,0,0.00368000008165836,0.00807600002735853,0,0.134455993771553,0.256471991539001,0.0587479993700981,0.000775999971665442,0.00871200021356344,0,0.00725999986752868,0,0,0,0,0,0.000108000000182074,4.4000000343658e-05,0,0,0,0,0.00114800001028925,0,0
"CRS3035RES50000mN3000000E4100000",0.000867999973706901,0.0594919994473457,0.0174599997699261,0.000883999979123473,7.999999797903e-05,0.00252799992449582,0.00335999997332692,0.000300000014249235,0,0.000163999997312203,0.00209999992512167,0.283160001039505,0,0,0.00758400000631809,0.00469599990174174,0,0.126900002360344,0,0.00555599993094802,0.00499599985778332,0,0.339336007833481,0.0994039997458458,0.0218279995024204,0,0.000103999998827931,0,0.00679200002923608,0,0,0,0,0,0,0,0,0,0,0.0104799997061491,0.00192800001241267,0,0
"CRS3035RES50000mN3000000E4150000",0.00105600000824779,0.0757080018520355,0.0084840003401041,0.000731999985873699,5.19999994139653e-05,0,0.00527600012719631,0.000655999989248812,0,0,0.00212400010786951,0.251208007335663,0,0,0.00047999998787418,0.00083999999333173,0,0.176124006509781,0,0.00307200010865927,0.00384799996390939,0,0.350412011146545,0.0788199976086617,0.0291360002011061,0.000915999989956617,0,0,0.00575200002640486,0,0,0,0,0,0,0,0,0,0,0.00530399987474084,0,0,0
"CRS3035RES50000mN3000000E4200000",0.0115040000528097,0.116976000368595,0.0275240000337362,0.00122400000691414,0,0.00039999998989515,0.00123599998187274,0.00011600000289036,9.99999974737875e-05,0.00156799994874746,0.0121759995818138,0.345807999372482,0,0,0,0.0109599996358156,0,0.11651200056076,0,0.00370000000111759,0.00225999997928739,0,0.264012008905411,0.0576840005815029,0.0217359997332096,0,0,0,0.00185200001578778,0,0,0,0,0,0.000195999993593432,0,0,0,0,0.0014280000468716,0.00102800002787262,0,0
"CRS3035RES50000mN3000000E4250000",0.00154800002928823,0.0498399995267391,0.0065080001950264,0.000276000006124377,0,0,0.000931999995373189,0.000804000010248274,0,0.000144000005093403,0.00270799989812076,0.142143994569778,0,0,0,0.00115200004074723,0,0.298871994018555,0,0.00116400001570582,0.00284800003282726,0,0.256080001592636,0.174324005842209,0.0487519986927509,0,0,0,0.0107439998537302,0,0,0,0,0,0,0,0,0,0,0,0.00115999998524785,0,0
"CRS3035RES50000mN3000000E4300000",0.000300000014249235,0.0394759997725487,0.00529199978336692,0,0,0.000571999989915639,0.00067999999737367,0.000119999996968545,0,0.000307999987853691,0.00152000004891306,0.290048003196716,0,0,0,0,0,0.206711992621422,0,0.000951999973040074,0.00215599988587201,0,0.229747995734215,0.119548000395298,0.0829320028424263,0.0146120004355907,0.000268000003416091,0,0.00416000001132488,0,0,0,0,0,0,0.000468000012915581,0,0,0,0,0.000127999999676831,0,0
"CRS3035RES50000mN3000000E4350000",0.000456000008853152,0.0417799986898899,0.00676799984648824,0,0,0.000192000006791204,0.000411999993957579,0.000236000007134862,0,0.000167999998666346,0.00139600003603846,0.36735200881958,0,0,0,9.60000033956021e-05,0,0.160907998681068,0,0.00140800001099706,0.00269600003957748,0,0.107836000621319,0.240976005792618,0.0635880008339882,0.00049200002104044,0,0,0.000956000003498048,0,0,0,0,0,9.60000033956021e-05,0,0,0,0,0,0.00218799989670515,0,0
"CRS3035RES50000mN3000000E4400000",0.000720000010915101,0.0469760000705719,0.00769599992781878,0.000132000001030974,0,0,0.00137199996970594,0,0,0,0.000939999998081475,0.240176007151604,0,0,0,0,0,0.198436006903648,0,0.000880000006873161,0.00201599998399615,0,0.012360000051558,0.43206799030304,0.0355079993605614,0,0,0,0.0161479990929365,0,0,0,0,0,0,0,0,0,0,0.000203999996301718,0.00436800019815564,0,0
"CRS3035RES50000mN3000000E4450000",0.00200399989262223,0.0547639988362789,0.0111400000751019,0.000403999991249293,0,0.000192000006791204,0.00140800001099706,0,0.000132000001030974,0.0006520000169985,0.00339199998416007,0.289903998374939,0,0,0,0,0,0.20244400203228,0,0,0.026596000418067,0,0.00621599983423948,0.370384007692337,0.0143240001052618,0.000752000021748245,0,0,0.00992000009864569,0,0,0,0,0,9.60000033956021e-05,0.000211999999010004,0,0,0,0,0.00506399990990758,0,0
"CRS3035RES50000mN3000000E4500000",0,0.0305039994418621,0.00730799976736307,0.000260000000707805,0,0.000323999993270263,0.00917600002139807,0.00681999977678061,0.00011600000289036,0.000296000012895092,0.00223600002937019,0.0419519990682602,0,0,0,0.000899999984540045,0,0.162995994091034,0,0.00161999999545515,0.0923480018973351,0,0.0248080007731915,0.388619989156723,0.0822440013289452,0.029611999168992,0,0,0.104896001517773,0,0,0,0,0,0.000108000000182074,0.00571999978274107,0,0,0,0,0.00713599985465407,0,0
"CRS3035RES50000mN3000000E4550000",0.00014000000373926,0.0347959995269775,0.0124559998512268,0.000984000042080879,0,1.99999994947575e-05,0.0153519995510578,0.00155599997378886,0,0.000820000015664846,0.00264000007882714,0.497027993202209,0,0,0.000155999994603917,0.0222120005637407,0,0.0658240020275116,0,0.00639599980786443,0.0863199979066849,0,0.0286159999668598,0.103104002773762,0.0917439982295036,0.00386000005528331,0,0,0.0187359992414713,0,0,0,0,0,0,5.99999984842725e-05,0,0,0,0,0.00718000018969178,0,0
"CRS3035RES50000mN3000000E4600000",0.00309200002811849,0.115872003138065,0.0289280004799366,0.00387199991382658,0.000307999987853691,0.00549999997019768,0.00426399987190962,0.00170400005299598,0.000419999996665865,0.0114879999309778,0.00347999995574355,0.586704015731812,0,0,0.000984000042080879,0.00851599965244532,0,0.00829199980944395,0,0.0130880000069737,0.0558560006320477,0,0.0262640006840229,0.0341399982571602,0.0720959976315498,0,0,0,0.00632000016048551,0,0,0,0,0,0,9.99999974737875e-05,0,0,0,0.00691200001165271,0.00179999996908009,0,0
"CRS3035RES50000mN3000000E4650000",0,0.0724880024790764,0.0113040003925562,0.000928000023122877,0,0.00104400003328919,0.000768000027164817,0.000272000004770234,0.000195999993593432,0.000460000010207295,0.00190399994608015,0.660968005657196,0,0,0,0.00298399990424514,0,0.00797600019723177,0,0.00466800015419722,0.0468520000576973,0,0.0564120002090931,0.0421399995684624,0.0755160003900528,0.00347999995574355,0,0,0.00365200010128319,0,0,0,0,0,0.000144000005093403,0,0,0,0,0.00237999996170402,0.0034640000667423,0,0
"CRS3035RES50000mN3000000E4700000",5.60000007681083e-05,0.0752680003643036,0.0118279997259378,0.00163199997041374,0,0.0019000000320375,0.00137199996970594,0.000907999987248331,0.000796000007539988,0.0019120000069961,0.00247599999420345,0.606263995170593,0,0,0,0.00847200024873018,0,0.0440599992871284,0,0.00359599990770221,0.0406880006194115,0,0.0523599982261658,0.0631560012698174,0.0710640028119087,0,0,0,0.00539200007915497,0,0,0,0,0,0.00047999998787418,0,0,0,0,0,0.00632000016048551,0,0
"CRS3035RES50000mN3000000E4750000",0,0.0511160008609295,0.00523999985307455,0.000264000002061948,0,0,0.000768000027164817,0,0,0.000103999998827931,0.00162800005637109,0.357712000608444,0,0,0,0.00114800001028925,0,0.11251600086689,0,0.00447600008919835,0.092799998819828,0,0.010088000446558,0.24219599366188,0.0915360003709793,0,0,0,0.0227400008589029,0,0,0,0,0,0.000568000017665327,0,0,0,0,0,0.00510000018402934,0,0
"CRS3035RES50000mN3000000E4800000",0,0.0344679988920689,0.00394799979403615,0,0,0,0.000303999986499548,0,0,0,0.00149599998258054,0.0837040022015572,0,0,0,0,0,0.181012004613876,0,0.00407599983736873,0.101460002362728,0,0.0262320004403591,0.361092001199722,0.149903997778893,0.00292399991303682,0.00067999999737367,0,0.0483519993722439,0,0,0,0,0,0,0.000247999996645376,0,0,0,0,9.99999974737875e-05,0,0
"CRS3035RES50000mN3000000E4850000",0,0.0546079985797405,0.0043919999152422,0.000103999998827931,0,0.000151999993249774,0.000796000007539988,0,9.99999974737875e-05,0.000167999998666346,0.00127200002316386,0.542756021022797,0,0,0,0.00176000001374632,0,0.0892440006136894,0,0.00269200000911951,0.068172000348568,0,0.0176120009273291,0.0970799997448921,0.0657320022583008,0,0,0,0.0496079996228218,0,0,0.000119999996968545,0,0,0,0,0,0,0,0,0.00363199994899333,0,0
"CRS3035RES50000mN3000000E4900000",0.000255999999353662,0.153916001319885,0.0233880002051592,0.00557200005277991,0,3.60000012733508e-05,0.00431999983265996,0.0125320004299283,0.00165600003674626,0.00288800010457635,0.00381599995307624,0.365520000457764,0,0,0,0.000376000010874122,0,0.0361000001430511,0,0.0481120012700558,0.0705119967460632,0,0.0487440004944801,0.0931200012564659,0.0890719965100288,0,0,0,0.0169639997184277,0,0,0,0,0,0.00085200002649799,0,0,0,0,0.00218000006861985,0.0200679991394281,0,0
"CRS3035RES50000mN3050000E3200000",0,0.0456521734595299,0,0,0,0.00760869542136788,0,0,0,0,0.00217391294427216,0.380434781312943,0,0,0,0,0,0.220108702778816,0,0,0,0,0,0,0,0.025000000372529,0.319021731615067,0,0,0,0,0,0,0,0,0,0,0,0,0,0,0,0
"CRS3035RES50000mN3050000E3700000",0.00218683946877718,0.0673897638916969,0.00356915616430342,0.00141157198231667,0,0.00106050737667829,0.00159441807772964,0.000219415334868245,0,0,0.0052440264262259,0.460479646921158,0,0,0,0.00133111968170851,0,0.165387958288193,0,0.0548611469566822,0.0130844675004482,0,0.089704304933548,0.0195864755660295,0.0012214119778946,0,0.0172826144844294,0,0.00187234417535365,0.00416889134794474,0,0.00607049092650414,0,0,0.0197985768318176,0.00256715947762132,0.00661902921274304,0,0.0462600663304329,0,0.00400798674672842,0.000416889117332175,0.00260372855700552
"CRS3035RES50000mN3050000E3750000",0.000452000007499009,0.0828799977898598,0.00829199980944395,0.000515999970957637,0,0,0.00153999996837229,0.00139200000558048,0,0.000303999986499548,0.00169199996162206,0.64274001121521,0,0,0,0,0,0.15658800303936,0,0.0253040008246899,0.00804399978369474,0,0.0673879981040955,0.000676000025123358,0.000123999998322688,0,0.000936000025831163,0,0.000123999998322688,0,0,0,0,0,0,0,0,0,0,0,0.00100799999199808,0,0
"CRS3035RES50000mN3050000E3800000",0.00812000036239624,0.223284006118774,0.053091999143362,0.00644400017336011,0,0.00283599994145334,0.00147999997716397,0.00472800014540553,0.000883999979123473,0.00369599997065961,0.0079560000449419,0.539719998836517,0,0,0,0,0,0.0363320000469685,0,0.052267998456955,0.0158840008080006,0,0.0346999987959862,0.000560000014957041,0,0,0.00108800001908094,0,0.00313999992795289,0,0,0,0,0,0.00256399996578693,0,0,0,0,0,0.00122400000691414,0,0
"CRS3035RES50000mN3050000E3850000",0.00104400003328919,0.185683995485306,0.013671999797225,0.00350799993611872,0,0.00175199995283037,0.00585599988698959,0.000904000014998019,0.000148000006447546,0.00110400002449751,0.00519599998369813,0.369260013103485,0,0,0,0.000352000002749264,0,0.109555996954441,0,0.14096400141716,0.0601559989154339,0,0.0779159963130951,0.00233200006186962,0.00745599996298552,0,0.00224799988791347,0,0.00428800005465746,0,0,0,0,0,0.00252799992449582,0,0,0,0,0.000752000021748245,0.0033239999320358,0,0
"CRS3035RES50000mN3050000E3900000",0.00628399988636374,0.277579993009567,0.0277679990977049,0.00595600018277764,0,0.000899999984540045,0.00280799996107817,0.000348000001395121,0.00112399994395673,0.00931200012564659,0.0133400000631809,0.358312010765076,0,0,0,0,0,0.0454760007560253,0,0.0954200029373169,0.0661080032587051,0,0.0465280003845692,0.00441600009799004,0.0319279991090298,0,0.00425599981099367,0,0.00134800001978874,0,0,0,0,0,0,0,0,0,0,0.000376000010874122,0.000411999993957579,0,0
"CRS3035RES50000mN3050000E3950000",0.000684000027831644,0.190520003437996,0.0088280001655221,0.00466800015419722,0,0.00529199978336692,0.00450399983674288,0,0.00014000000373926,0.000176000001374632,0.00484400009736419,0.466843992471695,0,0,0,0.0265720002353191,0,0.0240000002086163,0,0.143715992569923,0.0541799999773502,0,0.0350399985909462,0.00249999994412065,0.0226520001888275,0,0.000411999993957579,0,0.00102800002787262,0,0,0,0,0,0,0,0,0,0,0.00300400005653501,0.000395999988541007,0,0
"CRS3035RES50000mN3050000E4000000",0.00250399997457862,0.235972002148628,0.0345400013029575,0.00294800009578466,0.000384000013582408,0.00105199997778982,0.00502800010144711,0.000663999991957098,0.00140399998053908,0.00284400000236928,0.00848800037056208,0.137856006622314,0,0,0,0.00360799999907613,0,0.138871997594833,0,0.157067999243736,0.0509120002388954,0,0.044599998742342,0.0476039983332157,0.0881799980998039,0.001587999984622,0.00303600006736815,0,0.00874799955636263,0,0,0.000112000001536217,0,0,0.000331999995978549,0.0128079997375607,0,0,0,0.00709199998527765,0.00175599998328835,0,0
"CRS3035RES50000mN3050000E4050000",0.00130000000353903,0.112407997250557,0.0279799997806549,0.000631999981123954,0,0.00141599995549768,0.029492000117898,0.00354399997740984,0,0.00113600003533065,0.00406400021165609,0.385251998901367,0,0,0,0.00049200002104044,0,0.138512000441551,0,0.000167999998666346,0.000744000019039959,0,0.13408799469471,0.120067998766899,0.0129399998113513,0.00225199991837144,0.00377200008369982,0,0.0103759998455644,0,0,0,0,0,0,0.00173200003337115,0,0,0,0,0.00763199990615249,0,0
"CRS3035RES50000mN3050000E4100000",0.0100560002028942,0.165048003196716,0.0372680015861988,0.00202000001445413,0.000172000000020489,0.0042039998807013,0.0026159998960793,0.0006520000169985,0,0.005107999779284,0.0131559995934367,0.150544002652168,0,0,0.00242800009436905,0.00555199990049005,0,0.248699992895126,0,0.00920400023460388,0.00322400010190904,0,0.206699997186661,0.0752080008387566,0.0414960011839867,0.000444000004790723,0.00158399995416403,0,0.00182400003541261,0,0,0,0,0,0,0,0,0,0,0.0101119996979833,0.00267999991774559,0,0
"CRS3035RES50000mN3050000E4150000",0.00063999998383224,0.0988840013742447,0.0174039993435144,0.000284000008832663,0,0.000980000011622906,0.00150000001303852,0.000356000004103407,0,0.000108000000182074,0.00274399993941188,0.0225239992141724,0,0,0,0,0,0.31971201300621,0,0.00197200011461973,0.00151199998799711,0,0.243052005767822,0.21730799973011,0.0410999990999699,0.0036120000295341,0,0,0.0237199999392033,0,0,0,0,0,0,0,0,0,0,0,0.00258799991570413,0,0
"CRS3035RES50000mN3050000E4200000",0.00156799994874746,0.0721720010042191,0.0124559998512268,0.000663999991957098,0,0,0.00153200002387166,0.000247999996645376,0,0,0.00280799996107817,0.201028004288673,0,0,0,0.000188000005437061,0,0.234743997454643,0,0.00250800000503659,0.00225599994882941,0,0.299228012561798,0.129644006490707,0.0245319996029139,0.000243999995291233,0,0,0.0129199996590614,0,0,0,0,0,0,0.000176000001374632,0,0,0,0,0.00108399998862296,0,0
"CRS3035RES50000mN3050000E4250000",0.000292000011540949,0.03957200050354,0.00572399981319904,0,0,0,0.00028000000747852,0,0,9.99999974737875e-05,0.00129599997308105,0.285784006118774,0,0,0,0,0,0.223123997449875,0,0.00014000000373926,0.00159200001507998,0,0.214184001088142,0.169543996453285,0.0412079989910126,0.00356000009924173,0.000155999994603917,0,0.0132959997281432,0,0,0,0,0,0,0,0,0,0,0,0.000148000006447546,0,0
"CRS3035RES50000mN3050000E4300000",0.00141999998595566,0.0523799993097782,0.00984799955040216,0.000380000012228265,0,0,0.00106399995274842,0.0011399999493733,0,9.60000033956021e-05,0.00262399995699525,0.239059999585152,0,0,0,0.000127999999676831,0,0.281475991010666,0,0.000956000003498048,0.00757599994540215,0,0.176655992865562,0.189567998051643,0.0290879998356104,0.00194400001782924,0,0,0.00369199994020164,0,0,0,0,0,0,0,0,0,0,0,0.000904000014998019,0,0
"CRS3035RES50000mN3050000E4350000",0.00327200000174344,0.0708039999008179,0.0174920000135899,0.000904000014998019,0,0.0017239999724552,0.00196800008416176,0.000184000004082918,0.000211999999010004,0.000380000012228265,0.00830399990081787,0.280963987112045,0,0,0,0.000628000008873641,0,0.143968001008034,0,0.00127999996766448,0.00486799981445074,0,0.0722000002861023,0.344936013221741,0.0210400000214577,0.0159120000898838,0,0,0.00711200013756752,0,0,0,0,0,0,0,0,0,0,0,0.00184799998532981,0,0
"CRS3035RES50000mN3050000E4400000",0.00191999995149672,0.0474799983203411,0.0104560004547238,0.000584000023081899,0,0.000415999995311722,0.00137600000016391,0.000411999993957579,0,0.000671999994665384,0.00610799994319677,0.3714280128479,0,0,0,0,0,0.141451999545097,0,0.00328799989074469,0.00558400014415383,0,0.059799998998642,0.322367995977402,0.0163480006158352,0.00180399999953806,0,0,0.00318800006061792,0,0,0,0,0,0,0,0,0,0,0.000272000004770234,0.005044000223279,0,0
"CRS3035RES50000mN3050000E4450000",0.00321200001053512,0.0796080008149147,0.0216279998421669,0.000704000005498528,0,0.000828000018373132,0.00441600009799004,0.00186800002120435,0,0.00114800001028925,0.00530799990519881,0.519075989723206,0,0,0,0.000747999991290271,0,0.143184006214142,0,0.00106000003870577,0.00366799999028444,0,0.0233079995959997,0.16627199947834,0.0165839996188879,0.00123199995141476,0,0,0.00329199992120266,0,0,0,0,0,0,0,0,0,0,0,0.00285600009374321,0,0
"CRS3035RES50000mN3050000E4500000",0.00172800000291318,0.128792002797127,0.016499999910593,0.000980000011622906,0,0.000251999997999519,0.00139600003603846,0.000899999984540045,0,0.00144799996633083,0.00645599979907274,0.389780014753342,0,0,0,0,0,0.189344003796577,0,0,0.0029279999434948,0,0.0338359996676445,0.203096002340317,0.0172080006450415,0.000699999975040555,0,0,0.00362799991853535,0,0,0,0,0,0.00014000000373926,0.00014000000373926,0,0,0,0,0.000747999991290271,0,0
"CRS3035RES50000mN3050000E4550000",0.000584000023081899,0.0545959994196892,0.011459999717772,0.00301199988462031,0,0,0.0155760003253818,0.00119600002653897,0,0.000755999993998557,0.00136400002520531,0.234403997659683,0,0,0.000155999994603917,0.00370800006203353,0,0.215103998780251,0,0.00279600010253489,0.0349720008671284,0,0.106795996427536,0.185228005051613,0.0560560002923012,0.00063999998383224,0,0,0.0625799968838692,0,0,0,0,0,0,0.0024840000551194,0,0,0,0,0.00653199991211295,0,0
"CRS3035RES50000mN3050000E4600000",9.99999974737875e-05,0.0508960001170635,0.0100320000201464,0.00199200003407896,0,0,0.00101999996695668,0.000612000003457069,0.00023999999393709,0.00144799996633083,0.00125199998728931,0.163384005427361,0,0,0.000688000000081956,0.00694000022485852,0,0.173043996095657,0,0.00943600013852119,0.111483998596668,0,0.0775479972362518,0.230851992964745,0.14164799451828,0,0,0,0.00790799967944622,0,0,0,0,0,0.0006520000169985,0,0,0,0,0.00575200002640486,0.00307200010865927,0,0
"CRS3035RES50000mN3050000E4650000",0.000356000004103407,0.0571120008826256,0.00987999979406595,0.000788000004831702,0,0.00105600000824779,0.00617599999532104,0.000815999985206872,0.000192000006791204,0.000712000008206815,0.00212799990549684,0.203664004802704,0,0,0,0.00470799999311566,0,0.119672000408173,0,0.00585999991744757,0.121696002781391,0,0.0257040001451969,0.284887999296188,0.105616003274918,0.00623599998652935,0.000579999992623925,0,0.0373639985918999,0,0,0,0,0,0.000752000021748245,0.0006520000169985,0,0,0,0,0.00339199998416007,0,0
"CRS3035RES50000mN3050000E4700000",0.000243999995291233,0.0614919997751713,0.00338399992324412,0.000112000001536217,0,0,0.00165200000628829,0.000163999997312203,0,0.000655999989248812,0.00467200018465519,0.182779997587204,0,0,0,0.00100799999199808,0,0.149816006422043,0,0.0107559999451041,0.0930600017309189,0,0.0175759997218847,0.324304014444351,0.0975240021944046,0.00326399994082749,0.0100159998983145,0,0.0328840017318726,0,0.000747999991290271,0.0013279999839142,0,0,0,0.00011600000289036,0,0,0,0,0.0024439999833703,0,0
"CRS3035RES50000mN3050000E4750000",0.000335999997332692,0.0657799988985062,0.00552800018340349,0.000419999996665865,0,0,0.00223600002937019,0.000584000023081899,0,0.00147200003266335,0.00283199991099536,0.359127998352051,0,0,0,0,0,0.110895998775959,0,0.0229720007628202,0.0631679967045784,0,0.0433799996972084,0.140683993697166,0.142892003059387,0.000224000003072433,0,0,0.0364239998161793,0,0.000660000019706786,0,0,0,0,0,0,0,0,0,0.000384000013582408,0,0
"CRS3035RES50000mN3050000E4800000",0.000255999999353662,0.0547080002725124,0.00310000008903444,0.000432000000728294,0,0,0.00266400002874434,0,0,0.0011800000211224,0.00253199995495379,0.680555999279022,0,0,0,0.000228000004426576,0,0.0293160006403923,0,0.00844800006598234,0.0354800000786781,0,0.070263996720314,0.0238639991730452,0.0628319978713989,0,0,0,0.00638400018215179,0,0,0,0,0,0.000752000021748245,0,0,0,0,0,0.0170040000230074,0,0
"CRS3035RES50000mN3050000E4850000",0,0.071272000670433,0.00765600008890033,0.00256799999624491,0.000132000001030974,0.0010039999615401,0.00558400014415383,0,0.000155999994603917,0.000555999984499067,0.00412799976766109,0.558579981327057,0,0,0,0,0,0.0546079985797405,0,0.00833200011402369,0.0160160008817911,0,0.0419480018317699,0.134287998080254,0.0676959976553917,0.00273600011132658,0,0,0.00817599985748529,0,0,0,0,0,0.000547999981790781,0.000112000001536217,0,0,0,0.00328799989074469,0.0106159998103976,0,0
"CRS3035RES50000mN3100000E3150000",0,0.0201780423521996,0,0,0,0.0154302669689059,0,0,0,0,0.0397626124322414,0.282492578029633,0,0,0,0,0,0.0979228466749191,0,0,0.150741845369339,0,0,0,0,0.151928782463074,0.241543024778366,0,0,0,0,0,0,0,0,0,0,0,0,0,0,0,0
"CRS3035RES50000mN3100000E3200000",0.0004456864844542,0.0470379926264286,0.00599869899451733,0,0.000349321839166805,0.00626370171085,0.00146956078242511,0,0,0,0.00599869899451733,0.545146822929382,0,0,0,0,0,0.227155551314354,0,0.000542051100637764,0.00767303491011262,0,0.0252957195043564,0.000674552517011762,0.0120937628671527,0.00516755413264036,0.0920764207839966,0,0,0,0,0.00114433013368398,0,0,0.000554096710402519,0,0.00104796548839658,0,0.00767303491011262,0,0.00240911613218486,0,0.0037823123857379
"CRS3035RES50000mN3100000E3250000",0.000589776202104986,0.0444170422852039,0.00697774160653353,0.00114891468547285,0.000865515728946775,0.00316334492526948,0.0232157353311777,0,0,0,0.0108610736206174,0.504710555076599,0,0,0,0,0,0.239732533693314,0,0.000919131736736745,0.0115121249109507,0,0.0544508956372738,0.0122321117669344,0.0244948603212833,0.00447310786694288,0.0369337759912014,0,3.82971556973644e-05,0,0,0.000428928149631247,0,0,0,0.00120253069326282,0.000199145200895146,0,0.00653349468484521,0,0.00262718484736979,0,0.00827218592166901
"CRS3035RES50000mN3100000E3300000",0.0029991299379617,0.0531018786132336,0.00728800892829895,0,0.0021598672028631,0.000444315548520535,0.00827537663280964,0,0.000592420692555606,0.0025486433878541,0.0095342705026269,0.323980093002319,0,0,0,0,0,0.284238517284393,0,0.000586249690968543,0.00572673371061683,0,0.0344653092324734,0.0169703848659992,0.0232586842030287,0.0838707312941551,0.0721395611763,0,0.00277697201818228,0,0,0,0,0,0.000265355105511844,0.04093873873353,0.000789894314948469,0,0.0134467156603932,0.00124038092326373,0.000722012773621827,0,0.00763975875452161
"CRS3035RES50000mN3100000E3350000",0.0013749971985817,0.0992215722799301,0.00433567678555846,0.000299394567264244,0.000299394567264244,0,0.00929232034832239,0,0,0.00058770040050149,0.0171431098133326,0.40056774020195,0,0,0,0,0,0.268745422363281,0,0.00123084429651499,0.0111663080751896,0,0.0386108085513115,0.0340644456446171,0.0335654579102993,0.00310483248904347,0.0416047535836697,0,0.00099798187147826,0.00237297918647528,0,0,0,0,0.00227318098768592,0,0.00314918719232082,0,0.0131955379620194,0,0.000620966486167163,0.000798385473899543,0.0113769927993417
"CRS3035RES50000mN3100000E3400000",0.0020348581019789,0.084380254149437,0.00491020083427429,0,0.00347252935171127,0,0.00347252935171127,0,0,0.000707776693161577,0.0101742902770638,0.474807560443878,0,0,0,0,0,0.339578002691269,0,0,0.0057064495049417,0,0.0289082545787096,0.00103954703081399,0.00320711312815547,0.00816155038774014,0,0,0.00183579581789672,0.00694505870342255,0.00265416270121932,0.00201273988932371,0,0,0.00152614351827651,0,0.00225603813305497,0,0,0,0,0.0110811293125153,0.00112801906652749
"CRS3035RES50000mN3100000E3450000",0.00185230176430196,0.134246319532394,0.0236851703375578,0,0.00042511842912063,0.0031175350304693,0.00915016792714596,0,0.00028341228608042,0.00280375732108951,0.0196667872369289,0.310933649539948,0,0,0,0,0,0.25570872426033,0,0.00161949871107936,0.0125511158257723,0,0.0288473218679428,0.0336855761706829,0.0468844883143902,0.00247985753230751,0.0842949077486992,0,0.0125511158257723,0.00082999310689047,0,0.000394752831198275,0,0,0.00158913317136467,0,0.00764200976118445,0,0.00089072430273518,0,0.00172071740962565,0,0.00214583589695394
"CRS3035RES50000mN3100000E3500000",0.00146841525565833,0.163049161434174,0.0216958355158567,0.000835161190479994,0.00888391304761171,0.00178963120561093,0.00136746175121516,0,0.000816805986687541,0.00297354091890156,0.0202549528330564,0.222226306796074,0,0,0,0.00118390982970595,0,0.264241337776184,0,0,0.00276245619170368,0,0.0850854888558388,0.0216315928846598,0.0521195642650127,0.00986591540277004,0.0711355432868004,0,0.00120226503349841,0.00164278957527131,0.00108295632526278,0,0,0,0.00355172948911786,0,0.0120777161791921,0,0.0218518543988466,0.000578188512008637,0.00059654371580109,0,0.00402896432206035
"CRS3035RES50000mN3100000E3550000",0.00204957649111748,0.120035573840141,0.00970648508518934,0,0.000309370050672442,0.00102478824555874,0.00446652993559837,0.000464055076008663,0.000744421675335616,0.000783092924393713,0.0226903595030308,0.418761372566223,0,0,0,0.00744421686977148,0,0.25375109910965,0,0.000425383797846735,0,0,0.0788796916604042,0.00751189142465591,0.0326772108674049,0,0.00232027540914714,0,0.00124714802950621,0.00126648356672376,0,0,0,0,0,0,0.00984183419495821,0,0.0224679987877607,0,0.000792760751210153,0,0.0003383734729141
"CRS3035RES50000mN3100000E3600000",0.00284559698775411,0.103504925966263,0.00447374768555164,0.000484044867334887,0.00241289031691849,0,0.000271358469035476,0,0.000432706758147106,0.000938753655645996,0.0174109470099211,0.26019611954689,0,0,0,0,0,0.522665739059448,0,0,0.00188484136015177,0,0.0550197660923004,0.00400437088683248,0.0139126228168607,0.00129078631289303,0.00324896769598126,0,0,0.000682063226122409,0.000462042808067054,0,0,0,0.00138612848240882,0,0,0,0.00161348283290863,0,0.000770071346778423,0,8.80081570358016e-05
"CRS3035RES50000mN3100000E3650000",0.0011814646422863,0.0676048696041107,0.00404625479131937,0.00281251315027475,0,0.000752791587729007,0.0011814646422863,0,0.000961900397669524,0.000658692675642669,0.0161954741925001,0.382073104381561,0,0,0,0.000209108780836686,0,0.378298699855804,0,0,0,0,0.054085984826088,0.00534272938966751,0.0329869091510773,0.00198653340339661,0.00107691017910838,0,0,0.0246643796563148,0.000522771966643631,0,0,0,0.00148467230610549,0,0.00185061269439757,0,0.011626448482275,0,0.00839571747928858,0,0
"CRS3035RES50000mN3100000E3700000",0.00446963310241699,0.101764611899853,0.00967228692024946,0.0160549227148294,0.00833139661699533,0,0.0155185665935278,0,0,0.00266390154138207,0.00252087321132421,0.454990804195404,0,0,0,0,0,0.174941450357437,0,0.0684747844934464,0.00643627205863595,0,0.0619848743081093,0.000822412548586726,0,0.00264602294191718,0.00904653780162334,0,0.00332540716044605,0.00293207936920226,0.000840291089843959,0.00243148044683039,0,0,0.00157331093214452,0,0,0,0.0475747771561146,0,0.000983319361694157,0,0
"CRS3035RES50000mN3100000E3750000",0.00393143575638533,0.0727724507451057,0.0200723391026258,0.00261047342792153,0.0119955968111753,0.000408869324019179,0.00117628555744886,0,0,0.000490643200464547,0.00361063051968813,0.71133828163147,0,0,0,0,0,0.0419877357780933,0,0.0321497097611427,0.00527755916118622,0,0.039169680327177,0.00089322222629562,0,0.000559836451429874,0.00736593781039119,0,0.000956125149969012,0.00163547729607671,0,0.00223934580571949,0,0,0.00689416565001011,0,0.00176757352892309,0,0.0248340927064419,0.000402579025831074,0.00545997777953744,0,0
"CRS3035RES50000mN3100000E3800000",0.00261957850307226,0.132893234491348,0.0233352761715651,0.00263710087165236,0.00152005639392883,0.00286927074193954,0.00088925490854308,0,0.000122655852464959,0.000499384535942227,0.00828365050256252,0.424047559499741,0,0,0,0.000473101128591225,0,0.0854254215955734,0,0.272006869316101,0.0123926214873791,0,0.0081960391253233,0.00190554629079998,0.00445065507665277,0.00109076092485338,0.00422724615782499,0,0.000311020179651678,0.00251882546581328,0,0,0,0,0,0,0,0,0.00496318144723773,0.00034606471308507,0.00172594306059182,0,0.000249692267971113
"CRS3035RES50000mN3100000E3850000",0.00191999995149672,0.19922000169754,0.0259799994528294,0.00277199991978705,0.00379600003361702,0.000523999973665923,0.000444000004790723,0,0.000867999973706901,0,0.00603599986061454,0.257403999567032,0,0,0,0.000592000025790185,0,0.0930719971656799,0,0.309347987174988,0.0607040002942085,0,0.0101279998198152,0.00516799977049232,0.0101199997588992,0.000163999997312203,0.00301999994553626,0,0.000195999993593432,0.000119999996968545,0,0,0,0,0.000939999998081475,0,0,0,0,0.00395199982449412,0.00262799998745322,0,0.000883999979123473
"CRS3035RES50000mN3100000E3900000",0.00569600006565452,0.283071994781494,0.0446080006659031,0.0124679999426007,0.0168120004236698,0.00422800006344914,0.000292000011540949,0.000495999993290752,0.00178399996366352,0.00629599997773767,0.0135080004110932,0.159792006015778,0,0,0,0.000720000010915101,0,0.0661119967699051,0,0.190075993537903,0.0992759987711906,0,0.0297800004482269,0.00960000045597553,0.0163599997758865,0.000775999971665442,0.00755999982357025,0,0.00155199994333088,0,0,0,0,0,0.00135599996428937,0,0.000875999976415187,0,0.000315999990561977,0.00224400009028614,0.0123960003256798,0,0.0119479997083545
"CRS3035RES50000mN1700000E6450000",0,0.0293566975742579,0.00336284143850207,0.000490793085191399,0,0,0.000581680680625141,0,0.00225401273928583,0,0.0062712449580431,0.354861587285995,0.00479886587709188,0,0,0.00276298332028091,0.00923418067395687,0.000599858234636486,0.113591335713863,0.0240306835621595,0.0491338409483433,0,0,0.108047187328339,0.00132695911452174,0.00156326685100794,0.0136513188481331,0.225601226091385,0.0436987616121769,0,0,0.00478068832308054,0,0,0,0,0,0,0,0,0,0,0
"CRS3035RES50000mN3100000E3950000",0.000684000027831644,0.229284003376961,0.0350079983472824,0.00233999988995492,0,0.000783999974373728,0.000663999991957098,0.000364000006811693,0.000587999995332211,0.000704000005498528,0.00980000011622906,0.0699879974126816,0,0,0,0.00485200015828013,0,0.126560002565384,0,0.191484004259109,0.106923997402191,0,0.0376439988613129,0.0991119965910912,0.0420479997992516,6.80000011925586e-05,0.0147559996694326,0,0.0104839997366071,0.000644000014290214,0,0,0,0,0.00201599998399615,0,0,0,0,0.00358400004915893,0.00961599964648485,0,0
"CRS3035RES50000mN3100000E4000000",0.000272000004770234,0.138559997081757,0.0310079995542765,0.00196000002324581,0.000747999991290271,0.0046879998408258,0.00609199982136488,0.00123599998187274,0.00148400000762194,0.000859999970998615,0.0101800002157688,0.22146800160408,0,0,0,0.000184000004082918,0,0.0564239993691444,0,0.252472013235092,0.0544200018048286,0,0.0219080001115799,0.0930399969220161,0.0498679988086224,0.00189600000157952,0.0182799994945526,0,0.005044000223279,0.000855999998748302,0,0,0,0,0.00143199996091425,0.00528000015765429,0,0,0,0.00701599987223744,0.013323999941349,0,0
"CRS3035RES50000mN3100000E4050000",0.00846000015735626,0.188227996230125,0.0568599998950958,0.00476799998432398,0.00166800001170486,0.00397600000724196,0.0137400003150105,0.00182400003541261,0.000199999994947575,0.00781199987977743,0.0141639998182654,0.510339975357056,0,0,0,0.00121200003195554,0,0.0500600002706051,0,0.00545200007036328,0.00487199984490871,0,0.0679199993610382,0.0308200009167194,0.00657599978148937,0.000216000000364147,0.00248000002466142,0,0.00298799993470311,0,0,0,0,0,0,0,0,0,0,0.00803199969232082,0.00733199995011091,0,0
"CRS3035RES50000mN3100000E4100000",0.00990800000727177,0.213267996907234,0.0539439991116524,0.00191600003745407,0.000292000011540949,0.000628000008873641,0.00224799988791347,0.00106399995274842,0.000199999994947575,0.00646399985998869,0.0146519998088479,0.0928919985890388,0,0,0,0.000495999993290752,0,0.292248010635376,0,0.00321600004099309,0.00638400018215179,0,0.18333999812603,0.0661799982190132,0.0263679996132851,0.00135200005024672,0,0,0.00771600008010864,0,0,0,0,0,0,0,0,0,0,0.0046560000628233,0.0105680003762245,0,0
"CRS3035RES50000mN3100000E4150000",0.00229199999012053,0.0814680010080338,0.021552000194788,0.000163999997312203,0,0,0.00285200006328523,0.000368000008165836,0,0.000503999995999038,0.00191600003745407,0.0506680011749268,0,0,0,0,0,0.224828004837036,0,0.00250800000503659,0.00116400001570582,0,0.143748000264168,0.350840002298355,0.0213879998773336,0.00106000003870577,0,0,0.0853440016508102,0,0,0,0,0,0,0,0,0,0,0,0.00733599998056889,0,0
"CRS3035RES50000mN3100000E4200000",0.000448000006144866,0.0406479984521866,0.00586399994790554,0,0,0.000163999997312203,0.00305599998682737,0.000292000011540949,0.000119999996968545,0,0.00159200001507998,0.145352005958557,0,0,0,0.000311999989207834,0,0.263579994440079,0,0.000407999992603436,0.0011680000461638,0,0.195647999644279,0.274740010499954,0.0168440006673336,0,0.000531999976374209,0,0.0468080006539822,0,0,0,0,0,0.000192000006791204,0,0,0,0,0,0.00223199999891222,0,0
"CRS3035RES50000mN3100000E4250000",0.00118799996562302,0.0814919993281364,0.0164359994232655,0.000915999989956617,0,0.00180399999953806,0.00210399995557964,0.000228000004426576,9.99999974737875e-05,0.00167999998666346,0.00543999997898936,0.371524006128311,0,0,0,0.000276000006124377,0,0.11999200284481,0,0,0.00168800004757941,0,0.253971993923187,0.100135996937752,0.0260760001838207,0.000344000000040978,0.000387999985832721,0,0.00847600027918816,0,0,0,0,0,0,0.00014000000373926,0,0,0,0.000292000011540949,0.00530799990519881,0,0
"CRS3035RES50000mN3100000E4300000",0.000487999990582466,0.0401119999587536,0.00578399980440736,0.000103999998827931,0,0,0.000468000012915581,0.00015999999595806,0.000255999999353662,0,0.000891999981831759,0.370671987533569,0,0,0,0.00384399993345141,0,0.164820000529289,0,0.000880000006873161,0.00771600008010864,0,0.288623988628387,0.0860280022025108,0.0207359995692968,0.001587999984622,0,0,0.00572399981319904,0,0,0,0,0,0,0,0,0,0,0,0.00110400002449751,0,0
"CRS3035RES50000mN3100000E4350000",0.000592000025790185,0.0459120012819767,0.0109719997271895,0,0,0.000327999994624406,0.00251600006595254,0.00165999995078892,0,0.000311999989207834,0.00378799997270107,0.678939998149872,0,0,0,0.00916799996048212,0,0.0565360002219677,0,0.000108000000182074,0.00353999994695187,0,0.15429200232029,0.0103240003809333,0.0025919999461621,0.00885600037872791,0,0,0.00252799992449582,0,0,0,0,0,0.000192000006791204,0,0,0,0,0,0.00684399995952845,0,0
"CRS3035RES50000mN3100000E4400000",0.000883999979123473,0.0438719987869263,0.0072400001809001,0.000647999986540526,0,0.000964000006206334,0.00234799995087087,0.000956000003498048,0.000284000008832663,0.000211999999010004,0.00195599999278784,0.750047981739044,0,0,0.00141200004145503,0.00310799991711974,0,0.0441959984600544,0,0.000515999970957637,0.00872000027447939,0,0.104515999555588,0.00745199993252754,0.00877599976956844,0.00287199998274446,0.000303999986499548,0,0.00463199988007545,0,0,0,0,0,0.000103999998827931,0,0,0,0,0,0.00398000003769994,0,0
"CRS3035RES50000mN1700000E6500000",0,0.00873518548905849,0,0,0,0,0,0,0,0,0,0.278197795152664,0.00766244390979409,0,0,0,0.0103698410093784,0,0.0873007774353027,0.0118001634255052,0.130108296871185,0,0,0.129290968179703,0,0.00434205168858171,0,0.319013088941574,0.00158357177861035,0.0101655088365078,0,0.00143032288178802,0,0,0,0,0,0,0,0,0,0,0
"CRS3035RES50000mN3100000E4450000",0.00494399992749095,0.108120001852512,0.0412440001964569,0.0031920000910759,0,0.00613200012594461,0.0217439997941256,0.00215599988587201,0.000236000007134862,0.00502800010144711,0.0125240003690124,0.554643988609314,0,0,0,0.002608000067994,0,0.0888160020112991,0,0.000207999997655861,0.0041720001026988,0,0.0771360024809837,0.00307999993674457,0.00574399996548891,0.00482399994507432,0,0,0.0186039991676807,0.000207999997655861,0,0.000243999995291233,0,0,0.00180399999953806,0,0,0,0,0.000132000001030974,0.032455999404192,0,0
"CRS3035RES50000mN3100000E4500000",0.000996000017039478,0.0597920008003712,0.0104080000892282,0.000151999993249774,0,0,0.00315200001932681,0,0,0.000720000010915101,0.00350799993611872,0.676396012306213,0,0,0,0.00704400008544326,0,0.0917119979858398,0,0.000571999989915639,0.00215599988587201,0,0.055087998509407,0.0604880005121231,0.0224200002849102,0.000515999970957637,0,0,0.000407999992603436,0,0,0.000155999994603917,0,0,0,0,0,0,0,0.000956000003498048,0.00335999997332692,0,0
"CRS3035RES50000mN3100000E4550000",0.00354800000786781,0.107943996787071,0.0277479998767376,0.00102399999741465,0.000192000006791204,0.00184799998532981,0.0013160000089556,0.000647999986540526,0,0.00155199994333088,0.00770399998873472,0.464635998010635,0,0,0.00085200002649799,0.00563200004398823,0,0.119503997266293,0,0.00151199998799711,0.00184799998532981,0,0.0420159995555878,0.151996001601219,0.0322039984166622,0.000395999988541007,0.00627999985590577,0,0.00904399994760752,0,0,0.000136000002385117,0,0,0.000387999985832721,0,0,0,0,0.00436800019815564,0.00566399982199073,0,0
"CRS3035RES50000mN3100000E4600000",0.000251999997999519,0.070932000875473,0.00776800001040101,0.000148000006447546,0,0.00120399997103959,0.00302399997599423,0.000103999998827931,0,0.000472000014269724,0.00212000007741153,0.399044007062912,0,0,0,0.00101600005291402,0,0.180063992738724,0,0.00109599996358156,0.0137080000713468,0,0.020524000748992,0.245460003614426,0.0328399986028671,0.000251999997999519,0.000144000005093403,0,0.000828000018373132,0,0,0,0,0,0.000723999983165413,0,0,0,0,0.000503999995999038,0.0177720002830029,0,0
"CRS3035RES50000mN3100000E4650000",0.000508000026457012,0.0718879997730255,0.00543999997898936,0.000920000020414591,0,0.000127999999676831,0.00803199969232082,0.000783999974373728,0,0.000967999978456646,0.00309200002811849,0.40855199098587,0,0,0,0.000448000006144866,0,0.113219998776913,0,0.00956400018185377,0.033415999263525,0,0.0314360000193119,0.194836005568504,0.091728001832962,0.000211999999010004,0,0,0.0121360002085567,0,0,0,0,0,0.000587999995332211,0,0,0,0,0,0.0121039999648929,0,0
"CRS3035RES50000mN1750000E2600000",0,0.0176250282675028,0,0,0.00176250271033496,0,0,0,0,0,0.00249687884934247,0.210105016827583,0,0,0,0,0,0.0708673000335693,0.020121905952692,0.014246896840632,0.0480282008647919,0,0.002276566112414,0.0199015941470861,0.0105750169605017,0.028934421017766,0,0.456047594547272,0.0743923038244247,0.0196812804788351,0.00293750455603004,0,0,0,0,0,0,0,0,0,0,0,0
"CRS3035RES50000mN1750000E2650000",0.00429311767220497,0.0192985869944096,0.00168658199254423,0,0.000541750574484468,0.000132882210891694,0.00110394461080432,0.000178879898157902,0.000470198603579774,0,0.0161860752850771,0.0162014085799456,0.0120667275041342,0.00130326789803803,0.00204434175975621,0.0523044839501381,0.00331183359958231,0.0116118611767888,0.0545737035572529,0.0618055611848831,0.0692316368222237,0.00114994228351861,0.165561020374298,0.0111723281443119,0.00649589579552412,0.00171213620342314,0,0.193251624703407,0.27233698964119,0.00243787746876478,0.000260653585428372,0,0,0,0,0,0.00466621015220881,0.000342427258146927,0,0.000643967650830746,0.00825402978807688,0.00159458653070033,0.00177346647251397
"CRS3035RES50000mN1750000E2700000",0.00320868473500013,0.00633725244551897,0.00121777795720845,0.000256374303717166,0.000132193003082648,0,0.00232739793136716,0.00027640355983749,0.00018426903989166,0,0.00282011739909649,0.0477897748351097,0.000272397708613425,0,0.000236345062148757,0.0363330468535423,0.0170248560607433,0.0175015516579151,0.0633164420723915,0.0340617299079895,0.113609872758389,0.0889498665928841,0.166114524006844,0.00377751514315605,0.0162877794355154,0.000977427000179887,0,0.140569224953651,0.234926998615265,3.60526355507318e-05,0,0,0,0,0,0,0,0,0,0,0.00145412306301296,0,0
"CRS3035RES50000mN1750000E2750000",0.000508000026457012,0.00217600003816187,0.000923999992664903,0,0,0,0.00203999993391335,0,0.000176000001374632,0,0.00210799998603761,0.0494679994881153,0.00388400000520051,0,0.000172000000020489,0.0356439985334873,0.0047800000756979,0.0477560013532639,0.00243999995291233,0.0141399996355176,0.131484001874924,0.153832003474236,0.0258280001580715,0.0304000005125999,0.0024679999332875,0.0161639992147684,0,0.165748000144958,0.268907994031906,0,0,0.00459200004115701,0,0,0.000671999994665384,0,0.00149199995212257,0.000296000012895092,0,0.00546000013127923,0.0263960007578135,0,4.4000000343658e-05
"CRS3035RES50000mN3150000E3250000",0,0.023548373952508,0,0,0,0,0.00469788117334247,0,0,0,0.0110075874254107,0.336891144514084,0,0,0,0,0,0.431576043367386,0,0,0.0018870149506256,0,0.0217792987823486,0.0129535719752312,0,0.0137594845145941,0.107088096439838,0,0.00463891169056296,0,0.000825569033622742,0.00157251243945211,0,0,0,0.0068011162802577,0.00159216893371195,0,0.0137398280203342,0,0.00165113806724548,0,0.00399025063961744
"CRS3035RES50000mN3150000E3300000",0,0.0117268124595284,0.00187323859427124,0,0,0.000105952407466248,0.00161471462342888,0,0,0,0.00401347735896707,0.337144792079926,0,0,0,0,0,0.47755292057991,0,0,0.0115149077028036,0,0.0278400536626577,0.0217371955513954,0.0157360509037971,0.0133118601515889,0.0242758151143789,0,0.0079549066722393,0.000122904792078771,0.000283952453173697,0.000525523908436298,0,0,0,0.0368375331163406,0,0,0.00300904829055071,0,0.0017672860994935,0,0.0010510478168726
"CRS3035RES50000mN3150000E3350000",0.000384000013582408,0.0252759996801615,0.00370800006203353,0.000508000026457012,0,0.0017119999974966,0.000415999995311722,0.000184000004082918,0.00011600000289036,0.0014519999967888,0.00560399983078241,0.32558399438858,0,0,0,0,0,0.521459996700287,0,0.00114399997983128,0.00945200026035309,0,0.0304879993200302,0.0191479995846748,0.0263720005750656,0.0110440002754331,0.0087679997086525,0,0.00504000019282103,0,0,0,0,0,0.000620000006165355,0,0.000547999981790781,0,0.000172000000020489,0,0.0007999999797903,0,0
"CRS3035RES50000mN3150000E3400000",0,0.0414160005748272,0.00519599998369813,0.000207999997655861,0,0.00138799997512251,0.000456000008853152,0.000468000012915581,0.000195999993593432,0.000515999970957637,0.00993600022047758,0.387172013521194,0,0,0,0.000899999984540045,0,0.489051997661591,0,0,0.00560799986124039,0,0.024855999276042,0.010768000036478,0.00871600024402142,0.00102800002787262,0.00267599988728762,0,0.00251600006595254,0,0,0,0,0,0,0.00541200023144484,0,0,0,0.000119999996968545,0.000804000010248274,0,0.000592000025790185
"CRS3035RES50000mN3150000E3450000",0.000260000000707805,0.0299040004611015,0.00331200007349253,0.000352000002749264,0,0,0.00324400002136827,0,0.000419999996665865,0.00190399994608015,0.0103559996932745,0.432972013950348,0,0,0,0,0,0.361279994249344,0,0.000167999998666346,0.00134399998933077,0,0.0399999991059303,0.0132039999589324,0.0194959994405508,0.073912002146244,0.00494399992749095,0,0.00153200002387166,0,0,0,0,0,0,0,0,0,0,0,0.00139600003603846,0,0
"CRS3035RES50000mN3150000E3500000",0.000660859106574208,0.0702713504433632,0.010709922760725,0.000600781000684947,0.00169019727036357,0.0029117853846401,0.000108140586235095,0.000176229092176072,0.000781015318352729,0.000933213159441948,0.0172063689678907,0.49968159198761,0,0,0,0.000260338449152187,0,0.240204259753227,0,0.000813056947663426,0.00135776505339891,0,0.0553880035877228,0.0152918798848987,0.0326985083520412,0.0282847695052624,0.018912585452199,0,0.0001041353752953,0,0,0,0,0,0.000256333238212392,0,0.000696906005032361,0,0,0,0,0,0
"CRS3035RES50000mN3150000E3550000",0.00176000001374632,0.139640003442764,0.0105640003457665,0.000352000002749264,0.000180000002728775,0.00401599984616041,0.00291600008495152,0.000311999989207834,0.00108800001908094,0.0087679997086525,0.0441160015761852,0.240428000688553,0,0,0,0.00192399998195469,0,0.301140010356903,0,0.000300000014249235,0.00354800000786781,0,0.109655998647213,0.0468080006539822,0.0503639988601208,0.000151999993249774,0.0249480009078979,0,0.00359599990770221,0,0,0,0,0,0,0.000103999998827931,0,0,0,0,0.00331999990157783,0,0
"CRS3035RES50000mN3150000E3600000",0.00564400013536215,0.254687994718552,0.0171119999140501,0.00203200010582805,0,0.00405200012028217,0.00273600011132658,0.000975999981164932,0.00178399996366352,0.0319119989871979,0.0495840013027191,0.181163996458054,0,0,0,0.00342800002545118,0,0.302747994661331,0,0,0.00220800004899502,0,0.0766599997878075,0.00762799987569451,0.039792001247406,0,0.00617199996486306,0,0.000243999995291233,0,0,0,0,0,0.000984000042080879,0,0,0,0.00039999998989515,9.20000020414591e-05,0.00427199993282557,0,0.00368799990974367
"CRS3035RES50000mN3150000E3650000",0.00154548522550613,0.0951183959841728,0.0214591510593891,0.00467642536386847,0.00234487419947982,0.000466310186311603,0.00258469092659652,0.000781624694354832,0.00345513643696904,0.00227825832553208,0.0168671067804098,0.356127768754959,0,0,0,0.0318867340683937,0,0.215324282646179,0,0,0,0,0.0587861724197865,0.00300214951857924,0.0167205519974232,0.000426340760895982,0.000306432426441461,0,0.000537367013748735,0,0,0,0,0,0.0333345159888268,0,0.00626187957823277,0,0.0686586275696754,0,0.00333522818982601,0,0.053714495152235
"CRS3035RES50000mN3150000E3700000",0.00205496652051806,0.110105417668819,0.0116238938644528,0,0.000800025125499815,0.00665118917822838,0.0010353266261518,0.000988266314379871,0.000925519212614745,0.0015529899392277,0.0305891949683428,0.603501260280609,0,0,0,0.0122199915349483,0,0.137337639927864,0,0,0,0,0.0330049581825733,0.00343540194444358,0.0111062303185463,0,0.000705904501955956,0,0.000611783878412098,0,0,0,0,0,0.00410993304103613,0,0.000972579524386674,0,0.0237654522061348,0,0.00290205189958215,0,0
"CRS3035RES50000mN1750000E2800000",0.00267200008966029,0.00350799993611872,0.00136400002520531,0.00049200002104044,0,0,0.00668400013819337,0,0,0,0.000132000001030974,0.0852639973163605,0.0174320004880428,0,0,0.0465239994227886,0.0268159992992878,0.0581000000238419,0,0.0243839994072914,0.00906000006943941,0.162563994526863,0.0683559998869896,0.0407480001449585,0.0175080001354218,0.0195679999887943,0,0.081216000020504,0.31699600815773,0.000568000017665327,0,0.00289199990220368,0,0,0,0,0.00241600000299513,0,0,0.000931999995373189,0.00380400009453297,0,0
"CRS3035RES50000mN3150000E3800000",0.00490108737722039,0.118249863386154,0.018178578466177,0.00900017842650414,0.0946355387568474,0,0,0,0.0222776681184769,0,0.0257529858499765,0.225895568728447,0,0,0,0,0,0.136963114142418,0,0.191498845815659,0.000891106727067381,0,0,0.0111388340592384,0.00588130438700318,0,0.0153270363807678,0,0.00365353771485388,0.0168419182300568,0,0,0,0,0,0,0,0,0.0654072389006615,0.0106932809576392,0.022812332957983,0,0
"CRS3035RES50000mN3150000E3850000",0.000584518420509994,0.0541752353310585,0.0166402775794268,0.00423960806801915,0.0102179739624262,0.000251564895734191,0,0,0.00540864514186978,0.00322594959288836,0.0227518230676651,0.529344320297241,0,0,0,0.00277461274527013,0,0.026540094986558,0,0.0651701018214226,0.00317415688186884,0,0.0105583257973194,0.00335173215717077,0.00131701619829983,0.0258223954588175,0.000273761776043102,0,0.00494250981137156,0.00745075987651944,0,0,0,0,0.0137028871104121,0,0.00592657271772623,0,0.0407313145697117,0.00258963857777417,0.0252230782061815,0,0.11361113935709
"CRS3035RES50000mN3150000E3900000",0,0.0674710795283318,0.0209397356957197,0.00367341609671712,0.00954835116863251,0.00122306623961776,0.000160263851284981,0.000948930683080107,0.00326853897422552,0.00133272039238364,0.00675216875970364,0.412422120571136,0,0,0,0.00340349785983562,0,0.0329215675592422,0,0.139788031578064,0.00910551659762859,0,0.00616172328591347,0.0344778150320053,0.0122433146461844,0.0146050974726677,0.00709378393366933,0,0.00215934449806809,0.000628402980510145,0,0,0,0,0.0177344605326653,0,0.0151069760322571,0,0.0496438331902027,0.0347182080149651,0.0578636825084686,0,0.034604337066412
"CRS3035RES50000mN3150000E3950000",0,0.111660003662109,0.0314560011029243,0.0037839999422431,0.00114399997983128,0.00383999990299344,0.000243999995291233,0.000339999998686835,0.00192399998195469,0.000888000009581447,0.0174480006098747,0.122968003153801,0,0,0,0.000475999986520037,0,0.15250800549984,0,0.31903201341629,0.0416840016841888,0,0.0155720002949238,0.0733560025691986,0.0361360013484955,0.0107159996405244,0.0104839997366071,0,0.000415999995311722,0.00196800008416176,0,0,0,0,0.0119839999824762,0,0,0,0,0.0196920000016689,0.0102800000458956,0,0
"CRS3035RES50000mN3150000E4000000",0,0.120728000998497,0.0306160002946854,0.00206000008620322,0,0.005107999779284,0.00198399997316301,0.000211999999010004,0.00126000004820526,0.00274399993941188,0.0132839996367693,0.0599999986588955,0,0,0,0,0,0.0981440022587776,0,0.448215991258621,0.0365400016307831,0,0.0178679991513491,0.0963200032711029,0.0285759996622801,0.00412799976766109,0.0105799995362759,0,0.000419999996665865,0.000123999998322688,0,0,0,0,0.000691999972332269,0.00484000006690621,0,0,0,0.0078320000320673,0.00772400014102459,0,0
"CRS3035RES50000mN3150000E4050000",0.00508800009265542,0.105839997529984,0.0353239998221397,0.00153600005432963,0.0013399999588728,0.00176000001374632,0.00434800004586577,0.0021720000077039,0.000571999989915639,0.00320399994961917,0.00950399972498417,0.440459996461868,0,0,0,0.000352000002749264,0,0.2100919932127,0,0.0178999993950129,0.00456399982795119,0,0.054467998445034,0.0490280017256737,0.0127600003033876,0.000423999998020008,0.00221200007945299,0,0.00158399995416403,0,0,0,0,0,0.000148000006447546,0,0,0,0,0.0163240004330873,0.018996000289917,0,0
"CRS3035RES50000mN3150000E4100000",0.0106319999322295,0.237112000584602,0.0744879990816116,0.00355600006878376,0.000948000000789762,0.000744000019039959,0.00164000003132969,0.00249999994412065,0.000647999986540526,0.0130200004205108,0.0137240001931787,0.340043991804123,0,0,0,0.000132000001030974,0,0.094371996819973,0,0.00482399994507432,0.00838799960911274,0,0.0869039967656136,0.0804279968142509,0.0152120003476739,0.00134399998933077,0.00155199994333088,0,0.00269600003957748,0,0,0,0,0,0.000192000006791204,0,0,0,0,0.000407999992603436,0.00449200021103024,0,0
"CRS3035RES50000mN3150000E4150000",0.00133600004483014,0.107744000852108,0.0291600003838539,0.00125600001774728,0.000176000001374632,0.00112000002991408,0.00126799999270588,0.00127999996766448,0,0.00184000004082918,0.00660800002515316,0.630536019802094,0,0,0,0.000180000002728775,0,0.0930719971656799,0,0.000560000014957041,0.00272400001995265,0,0.0849480032920837,0.0207880008965731,0.00575600005686283,0.00161200005095452,0,0,0.00371200009249151,0,0,0,0,0,0,0,0,0,0,0,0.00432399986311793,0,0
"CRS3035RES50000mN3150000E4200000",0.00176000001374632,0.0755800008773804,0.0216760002076626,0,0,0.00106000003870577,0.00323999999091029,0.000300000014249235,0,0.000744000019039959,0.00352400005795062,0.468136012554169,0,0,0,0,0,0.141744002699852,0,0.00158399995416403,0.000984000042080879,0,0.135056003928185,0.103455998003483,0.0110240001231432,0.00872400030493736,0.00941599998623133,0,0.00743199978023767,0,0,0,0,0,0,0.000151999993249774,0,0,0,0,0.00440800003707409,0,0
"CRS3035RES50000mN3150000E4250000",0.00028000000747852,0.0477200001478195,0.0060720001347363,0,0,0.00014000000373926,0.00036000000545755,0.000144000005093403,0,0.000323999993270263,0.00278400001116097,0.394160002470016,0,0,0,0.000228000004426576,0,0.141928002238274,0,0.00052000000141561,0.00119199999608099,0,0.271483987569809,0.102279998362064,0.0206719990819693,0.000456000008853152,0,0,0.00790799967944622,0,0,0,0,0,0,0.000127999999676831,0,0,0,0.000148000006447546,0.00107200001366436,0,0
"CRS3035RES50000mN1750000E2850000",0.00296399998478591,0.00313200009986758,0.00126799999270588,0.000419999996665865,0,0,0.0144039997830987,9.99999974737875e-05,0.00117599999066442,0,0.000936000025831163,0.0818680003285408,0.0295240003615618,0,0,0.00846800021827221,0.0241199992597103,0.0224959999322891,0,0.000928000023122877,0.00292399991303682,0.165187999606133,0.173104003071785,0.0387520007789135,0.00891999993473291,0.0095600001513958,0,0.0984800010919571,0.298756003379822,0,0,0.00196400005370378,0,0,0,0,0,0,0,0.000452000007499009,0.0100959995761514,0,0
"CRS3035RES50000mN3150000E4300000",0.00153600005432963,0.0608920007944107,0.010436000302434,0.000500000023748726,0,0,0.00190399994608015,0.0006520000169985,0,0.000456000008853152,0.00293199997395277,0.44226399064064,0,0,0,0,0,0.101255998015404,0,0.000228000004426576,0.000224000003072433,0,0.209184005856514,0.141156002879143,0.0172600001096725,0.000151999993249774,0,0,0.00601600017398596,0,0,0,0,0,0,0,0,0,0,0,0.00295199989341199,0,0
"CRS3035RES50000mN3150000E4350000",0.000771999999415129,0.0508479997515678,0.0101159997284412,0.00044000000343658,0,0,0.00356799992732704,0.000511999998707324,0.000192000006791204,0,0.00325600011274219,0.279843986034393,0,0,0,0.0024600001052022,0,0.0842119976878166,0,0.00160800002049655,0.00167200004216284,0,0.204043999314308,0.313535988330841,0.017187999561429,0.000996000017039478,0,0,0.0178040005266666,0,0,0,0,0,0,0.00153200002387166,0,0,0,0,0.00540000014007092,0,0
"CRS3035RES50000mN3150000E4400000",0.00150400004349649,0.0607200004160404,0.0141000002622604,0,0,0.00106399995274842,0.00485600018873811,0.00164799997583032,0,0.00036000000545755,0.00377999991178513,0.687596023082733,0,0,0.000108000000182074,0.00735200010240078,0,0.0399999991059303,0,0.000268000003416091,0.00964399985969067,0,0.111372001469135,0.030587999150157,0.0047320001758635,0.00370000000111759,0.000315999990561977,0,0.00914399977773428,0,0,0.000127999999676831,0,0,0.000755999993998557,0,0,0,0,0.000180000002728775,0.00608400022611022,0,0
"CRS3035RES50000mN3150000E4450000",0.0030280000064522,0.0763040035963058,0.0264040008187294,0.00135200005024672,0.000243999995291233,0.000791999977082014,0.00246399990282953,0.000820000015664846,8.3999999333173e-05,0.00296800001524389,0.0078959995880723,0.542475998401642,0,0,0,0.00140399998053908,0,0.086667999625206,0,0.000311999989207834,0.00613200012594461,0,0.080704003572464,0.0923079997301102,0.0139760002493858,0.00505999987944961,0.00313999992795289,0,0.0143759995698929,0,0,0.000151999993249774,0,0,0.000448000006144866,0,0,0,0,0.00475599989295006,0.0257319994270802,0,0
"CRS3035RES50000mN3150000E4500000",0.00118799996562302,0.0395199991762638,0.0072559998370707,0.000288000010186806,0,0.00232800003141165,0.00180399999953806,0,0,0.00015999999595806,0.0014519999967888,0.486512005329132,0,0,0,0,0,0.143199995160103,0,0.00142400001641363,0.00311599997803569,0,0.0231359992176294,0.24796399474144,0.0175160001963377,0.00308799999766052,0.00356000009924173,0,0.00439999997615814,0,0,0,0,0,0.000300000014249235,0.000728000013623387,0,0,0,0.005216000135988,0.00584399979561567,0,0
"CRS3035RES50000mN3150000E4550000",0.000623999978415668,0.0476559996604919,0.0121200000867248,0.000339999998686835,0,0.000600000028498471,0.00174800003878772,0.000380000012228265,0.000448000006144866,0.000184000004082918,0.00387999997474253,0.308104008436203,0,0,0,0.000883999979123473,0,0.1302600055933,0,0.000123999998322688,0.00124000001233071,0,0.0348520018160343,0.374808013439178,0.0204680003225803,0.00725199980661273,0.00237199990078807,0,0.0213559996336699,0.00716400006785989,0,0.00186800002120435,0,0,0.00260000000707805,0,0,0,0,0,0.0186679996550083,0,0
"CRS3035RES50000mN3150000E4600000",0.00111599999945611,0.0585200004279613,0.0177960004657507,0.000739999988581985,0,0.00194400001782924,0.0597839988768101,7.99999997980194e-06,0.00085200002649799,0.00124799995683134,0.00767999980598688,0.200964003801346,0,0,0,0,0,0.0970359966158867,0,0.000468000012915581,0.000615999975707382,0,0.0319439992308617,0.381844013929367,0.026095999404788,0.0057760002091527,0.00728000001981854,0,0.0398560017347336,0.00221600010991096,0,0.0035119999665767,0,0,0.00240399991162121,0,0,0,0,0,0.0502999983727932,0,0
"CRS3035RES50000mN3150000E4650000",0,0.0319119989871979,0.00240399991162121,0.000323999993270263,0,0.00149199995212257,0.00316000008024275,0,0,0.000216000000364147,0.0015640000347048,0.221136003732681,0,0,0,0.000344000000040978,0,0.0451080016791821,0,0.0168079994618893,0.0162599999457598,0,0.036371998488903,0.40091198682785,0.162540003657341,0.0049040000885725,0.00837600044906139,0,0.0315760001540184,0.0014519999967888,0,0.00427599996328354,0,0,0.00170799996703863,0.00015999999595806,0,0,0,0.00011600000289036,0.00687999976798892,0,0
"CRS3035RES50000mN1750000E2900000",0.00589200016111135,0.00367600005120039,0.00148400000762194,0,0,0,0.00147200003266335,0,0.00031999999191612,0,0.000180000002728775,0.0319960005581379,0.096451997756958,0,0.000136000002385117,0.084427997469902,0.0558039993047714,0.0308400001376867,0,0.00887199956923723,0.00385600002482533,0.237220004200935,0.187327995896339,0.0177319999784231,0.00286399992182851,0.0184039995074272,0,0.101415999233723,0.089599996805191,0,0.000243999995291233,0.0015640000347048,0,0,0.000364000006811693,0,0,0,0,0.00478400010615587,0.0130719998851418,0,0
"CRS3035RES50000mN1750000E2950000",0.003175999969244,0.00194800004828721,0.00437200022861362,0.000123999998322688,0,0,0.000951999973040074,0.000127999999676831,9.99999974737875e-05,0,0,0.0942159965634346,0.134979993104935,0,0.000523999973665923,0.075823999941349,0.0927319973707199,0.00742400018498302,0,0.00486399978399277,0.00175599998328835,0.136235997080803,0.160983994603157,0.0569400005042553,0.00485200015828013,0.0102719999849796,0,0.125119999051094,0.0604679994285107,0,0,0.00115999998524785,0,0,0,0,0,0,0,0.00469999993219972,0.0161479990929365,0,0
"CRS3035RES50000mN1750000E3000000",0.00667200004681945,0.0207560006529093,0.00953999999910593,0.00240799994207919,0,0.000419999996665865,0.000739999988581985,0,0.00120399997103959,0.000112000001536217,0.00140399998053908,0.239675998687744,0.129168003797531,0,0.00323199992999434,0.00313200009986758,0.16627199947834,0.00429600011557341,0,0.0062759998254478,0.00513599999248981,0.0866999998688698,0.0862400010228157,0.048760000616312,0.0121600003913045,0.0102719999849796,0,0.0961280018091202,0.0396399982273579,0.000511999998707324,0,0.00125600001774728,0,0,0,0,0,0,0,0.0056360000744462,0.0122520001605153,0,0
"CRS3035RES50000mN1750000E3050000",0.00447600008919835,0.00102399999741465,0.00340000004507601,0.000132000001030974,0,0,0.00052000000141561,0,0.000123999998322688,0,0,0.0600959993898869,0.047664001584053,0,0.000203999996301718,0.000715999980457127,0.532047986984253,0.000836000021081418,0,0.00591199984773993,0.00377999991178513,0.0713599994778633,0.0247799996286631,0.0787319988012314,0.00766400014981627,0.0154839996248484,0,0.0892319977283478,0.0369479991495609,0,0,0.000292000011540949,0,0,0,0,0,0,0,0.00542399985715747,0.00915199983865023,0,0
"CRS3035RES50000mN3200000E3300000",0.00284760701470077,0.0577788650989532,0.00737928273156285,0,0,0.00707308854907751,0,0,0,0,0.0253528896719217,0.207232311367989,0,0,0,0,0,0.491594970226288,0,0.00548087805509567,0.00450105639174581,0,0.0507976375520229,0.00205150176770985,0.00734866363927722,0.00391928711906075,0.042071096599102,0,0.00266389059834182,0,0.00217397953383625,0,0,0,0,0,0.0035212344955653,0,0.0516856014728546,0,0,0,0.0245261639356613
"CRS3035RES50000mN3200000E3350000",0,0.0535246208310127,0.0130873201414943,0.000699607306160033,0,0.00366594223305583,0.00603527901694179,0,0.0016883856151253,0.00292902253568172,0.00875908322632313,0.134921595454216,0,0,0,0,0,0.500965476036072,0,0,0.00757441483438015,0,0.0435435585677624,0.0299711767584085,0.00301297544501722,0.101219184696674,0.0619945339858532,0,0.00606326293200254,0,0,0,0,0,0,0,0.0017536822706461,0,0.0170984026044607,0,0.00149249553214759,0,0
"CRS3035RES50000mN3200000E3400000",0.00146753445733339,0.14476965367794,0.0320653356611729,0.00295827095396817,0.00864859204739332,0.00114270462654531,0.00243622320704162,0.00134572328533977,0.00244782422669232,0.0107193822041154,0.0191127508878708,0.155848681926727,0,0,0,0,0,0.465504229068756,0,0,0.00914743822067976,0,0.0438056141138077,0.0156904365867376,0.00944326538592577,0.00219840137287974,0.00791772548109293,0,0.00886321160942316,0,0,0.000243622314883396,0,0,0.00348611944355071,0,0.00330050243064761,0,0.0302439704537392,0.000139212745125405,0.00575992744415998,0,0.0112936347723007
"CRS3035RES50000mN3200000E3450000",0.00260000000707805,0.0928160026669502,0.00933600030839443,0.00187200005166233,5.60000007681083e-05,0.0045159999281168,0.00282400008291006,0,0.000676000025123358,0.00304000009782612,0.0192399993538857,0.425291985273361,0,0,0,0,0,0.361180007457733,0,0.000468000012915581,0.00845200009644032,0,0.0338840000331402,0.00274799996986985,0.00715600000694394,0.00377200008369982,0,0,0.00151199998799711,0,0,0,0,0,0,0,0.000531999976374209,0,0.00712799979373813,0,0.00227999989874661,0,0.00862000044435263
"CRS3035RES50000mN3200000E3500000",0.00122400000691414,0.0685599967837334,0.0153959998860955,0.000539999979082495,0,0.0043440000154078,0.00353999994695187,0.000195999993593432,0.00113200000487268,0.00153200002387166,0.0169040001928806,0.5660799741745,0,0,0,0.000132000001030974,0,0.253080010414124,0,0.000707999977748841,0.000888000009581447,0,0.038052000105381,0.00224000005982816,0.0103399995714426,0.00302399997599423,0.00154800002928823,0,0.000712000008206815,0,0,0,0,0,0,0,0,0,0,0,0.00982800032943487,0,0
"CRS3035RES50000mN3200000E3550000",0.00264000007882714,0.144523993134499,0.0139239998534322,0.00213599996641278,0,0.00716800009831786,0.00286399992182851,0.000495999993290752,0.001587999984622,0.00436400016769767,0.0472639985382557,0.342247992753983,0,0,0,0,0,0.32439199090004,0,0.00105199997778982,0.00149599998258054,0,0.067560002207756,0.00785600021481514,0.0162840001285076,0.000207999997655861,0.000407999992603436,0,0,0,0,0,0,0,0.000775999971665442,0,0,0,0,0,0.0107519999146461,0,0
"CRS3035RES50000mN1750000E3100000",0.00756399985402822,0.00419999985024333,0.00904799997806549,0.00306400004774332,0,0,0.00230800011195242,0.000384000013582408,0.000515999970957637,0,0.000163999997312203,0.0429800003767014,0.0305519998073578,0,0.000407999992603436,0.000939999998081475,0.541999995708466,0.00329999998211861,0.000184000004082918,0.00914799980819225,0.0029039999935776,0.118932001292706,0.0135840000584722,0.00851599965244532,0.00152399996295571,0.0453479997813702,0,0.098640002310276,0.0268719997256994,0,0,0.000176000001374632,0,0,0,0,0,0,0,0.00419599981978536,0.0225479993969202,0,0
"CRS3035RES50000mN3200000E3600000",0.0249320007860661,0.310440003871918,0.039792001247406,0.00387999997474253,0.00109200004953891,0.00460400013253093,0.000704000005498528,0.000547999981790781,0.00140800001099706,0.0256239995360374,0.0502920001745224,0.323255985975266,0,0,0,0,0,0.140412002801895,0,0,0.0151199996471405,0,0.0349799990653992,0.00508800009265542,0.00674400012940168,0.000436000002082437,0,0,0.000148000006447546,0,0,0,0,0,0.000103999998827931,0,0,0,0.000255999999353662,0.00316400011070073,0.00448800018057227,0,0.00248800008557737
"CRS3035RES50000mN3200000E3650000",0.000732937827706337,0.0928265750408173,0.00991094764322042,0.000985394231975079,0.000171018822584301,0.00426325481384993,0.00241869478486478,0.00049676897469908,0.00102611293550581,0.00484553351998329,0.0170652363449335,0.616449594497681,0,0,0,0.000435690802987665,0,0.138443812727928,0,0.000549703370779753,0.00481703039258718,0,0.0184700321406126,0.000166946949320845,0.00570062734186649,0.000122156299767084,0.000301318883430213,0,0.000142515680636279,0,0,0,0,0,0.00709728104993701,0,0.0118573047220707,0,0.0416878759860992,0,0.00442205835133791,0,0.0145936058834195
"CRS3035RES50000mN3200000E3700000",0,0.0749954208731651,0.0169835519045591,0,0.00558131653815508,0,0.00248058512806892,0,0,0.000338261626893654,0.016123803332448,0.563628435134888,0,0,0,0,0,0.127397775650024,0,0,0.0150949247181416,0,0.0107539007440209,0,0.0152640556916595,0.000704711710568517,0.000366450083674863,0,0,0.000408732797950506,0,0,0,0,0.0031852968968451,0,0.0236924067139626,0,0.0838888809084892,0,0.00290341232903302,0,0.0362080857157707
"CRS3035RES50000mN3200000E3850000",0,0,0,0.0654112994670868,0.0277502480894327,0,0,0,0,0,0.099108025431633,0.154608517885208,0,0,0,0,0,0,0,0,0,0,0.111496530473232,0,0,0.0569871142506599,0,0,0,0.0768087208271027,0,0,0,0,0.0455896928906441,0,0,0,0,0,0.362239837646484,0,0
"CRS3035RES50000mN3200000E3900000",0,0.22826087474823,0.0411883257329464,0.0118466047570109,0.0379030294716358,0.00283341482281685,0,0.000445774290710688,0.0165180750191212,0.0254213474690914,0.0413837321102619,0.220267459750175,0,0,0,0.000329750851960853,0,0.136492431163788,0,0.0245603322982788,0.00483023934066296,0,0.0242550075054169,0.0008488031453453,0.00287616020068526,0.0320102572441101,0.00194186612498015,0,0.0027601367328316,0.00925134308636189,0,0,0,0,0.00786516815423965,0,0.00190522719640285,0,0.00429897429421544,0.0789325833320618,0.040773082524538,0,0
"CRS3035RES50000mN3200000E3950000",0,0.14266400039196,0.0283959992229939,0.00671599991619587,0.00303200003691018,0.00169199996162206,0,0.000331999995978549,0.00275200000032783,0.00561999995261431,0.0152000002563,0.0547159984707832,0,0,0,0.00419599981978536,0,0.538164019584656,0,0.0459039993584156,0.018036000430584,0,0.010495999827981,0.0134920002892613,0.0242999996989965,0.00564400013536215,0.00289599993266165,0,0.0021480000577867,0.000444000004790723,0,0,0,0,0.0174359995871782,0,0,0,0,0.0237280000001192,0.0319960005581379,0,0
"CRS3035RES50000mN3200000E4000000",0,0.11056400090456,0.0273800007998943,0.00339199998416007,0.000276000006124377,0.000836000021081418,0.00152000004891306,0.000576000020373613,0.00134399998933077,0.00509200012311339,0.0130679998546839,0.0440080016851425,0,0,0,0.00832400005310774,0,0.280631989240646,0,0.127936005592346,0.0377920009195805,0,0.01893600076437,0.136079996824265,0.0845919996500015,0.00914399977773428,0.0507720001041889,0,0,0.00364000000990927,0,0,0,0,0.00311199994757771,0,0,0,0,0.017527999356389,0.0134560000151396,0,0
"CRS3035RES50000mN3200000E4050000",0,0.0608760006725788,0.0153360003605485,0.000224000003072433,0,0.000323999993270263,0.00095999997574836,0.000523999973665923,0.000775999971665442,0.00166399998124689,0.00825999956578016,0.0728280022740364,0,0,0,0,0,0.350668013095856,0,0.242755994200706,0.146047994494438,0,0.00933200027793646,0.0353999994695187,0.037831999361515,0.00206399988383055,0.00151600001845509,0,0,0,0,0,0,0,0.00202800007537007,0.000555999984499067,0,0,0,0.00540000014007092,0.00462799984961748,0,0
"CRS3035RES50000mN3200000E4100000",0.00118400005158037,0.083807997405529,0.0251599997282028,0.000243999995291233,0,0.00189199997112155,0.000232000005780719,0.000775999971665442,0.000112000001536217,0.000508000026457012,0.00516000017523766,0.615411996841431,0,0,0,0.000151999993249774,0,0.108640000224113,0,0.00831199996173382,0.0402759984135628,0,0.0405879989266396,0.0351920016109943,0.0228240005671978,0,0.00191600003745407,0,0.00193999998737127,0,0,0,0,0,0,0.00370000000111759,0,0,0,0,0.00197200011461973,0,0
"CRS3035RES50000mN3200000E4150000",0.00203200010582805,0.0957039967179298,0.0275960005819798,0.000896000012289733,0.000243999995291233,0.00110400002449751,0.00138799997512251,0.00130000000353903,0,0.00129599997308105,0.00742800021544099,0.590759992599487,0,0,0,0,0,0.13306400179863,0,0.00107600004412234,0.00582400010898709,0,0.061464000493288,0.0530960001051426,0.0104440003633499,0.000644000014290214,0,0,0.00281600002199411,0,0,0,0,0,0.000391999987186864,0,0,0,0,0,0.00143199996091425,0,0
"CRS3035RES50000mN1750000E3150000",0.00317999999970198,0.00166800001170486,0.00131199997849762,8.3999999333173e-05,0,0,0.000272000004770234,0,0.000311999989207834,0,0.000284000008832663,0.0330480001866817,0.00555599993094802,0,0.000752000021748245,0.000103999998827931,0.555499970912933,0.00326799997128546,0,0.0111800003796816,0.00903999991714954,0.0349039994180202,0.00914799980819225,0.0947320014238358,0.036811999976635,0.0303719993680716,0,0.098240002989769,0.0493239983916283,0,0,0.0098879998549819,0,0,0.000232000005780719,0,0,0,0,0.00102800002787262,0.00975999981164932,0,0
"CRS3035RES50000mN3200000E4200000",0.00434800004586577,0.159920006990433,0.0342679992318153,0.000760000024456531,0.000684000027831644,0.00238800002261996,0.00101999996695668,0.000296000012895092,0.000155999994603917,0.00262399995699525,0.0042200000025332,0.514716029167175,0,0,0,0.000368000008165836,0,0.122575998306274,0,0.00120000005699694,0.00412799976766109,0,0.0786399990320206,0.051095999777317,0.00849600043147802,0.00101200002245605,0.000103999998827931,0,0.00313200009986758,0,0,0,0,0,0,0.00111199996899813,0,0,0,0.000547999981790781,0.00218799989670515,0,0
"CRS3035RES50000mN3200000E4250000",0.000663999991957098,0.0795160010457039,0.0114200003445148,0.000155999994603917,1.59999999596039e-05,0.000828000018373132,0.00184000004082918,0.000112000001536217,0,0.000511999998707324,0.00387199991382658,0.527956008911133,0,0,0,0,0,0.0732960030436516,0,0.000607999972999096,0.000292000011540949,0,0.230931997299194,0.049880001693964,0.00857200007885695,0.000720000010915101,0,0,0.00430400017648935,0,0,0,0,0,0,0,0,0,0,0.000284000008832663,0.0042200000025332,0,0
"CRS3035RES50000mN3200000E4300000",0.00202000001445413,0.0933040007948875,0.0229560006409883,0.00110400002449751,0,0.000216000000364147,0.00149199995212257,0.00110400002449751,0,0.00210399995557964,0.00603999989107251,0.606880009174347,0,0,0,0.00023999999393709,0,0.0426839999854565,0,0,0.00258799991570413,0,0.171511992812157,0.027488000690937,0.00733599998056889,0.000684000027831644,0,0,0.00290800002403557,0,0,0,0,0,0,0,0,0,0,0.000192000006791204,0.00714799994602799,0,0
"CRS3035RES50000mN3200000E4350000",0.00440400000661612,0.0696559995412827,0.015472000464797,0.0014400000218302,0,0.000744000019039959,0.00558800017461181,0.000831999990623444,0,0.00190799997653812,0.00403199996799231,0.660304009914398,0,0,0,0.00105199997778982,0,0.0676160007715225,0,0,0.000487999990582466,0,0.129375994205475,0.0176720004528761,0.0093599995598197,0.0026159998960793,0,0,0.00372399995103478,0,0,0.000407999992603436,0,0,0,0,0,0,0,0,0.00330800004303455,0,0
"CRS3035RES50000mN3200000E4400000",0.00209599989466369,0.0730919986963272,0.0195920001715422,0.00126000004820526,0.000539999979082495,0.00067999999737367,0.00341999996453524,0.00232800003141165,0,0.00171600002795458,0.00842799991369247,0.668187975883484,0,0,0,0,0,0.0677919983863831,0,0.00095999997574836,0.00643600011244416,0,0.048360001295805,0.0677160024642944,0.00497200014069676,0.00251200003549457,0.000647999986540526,0,0.00685600005090237,0,0,0,0,0,0.000407999992603436,0,0,0,0,0.00577200017869473,0.0062279999256134,0,0
"CRS3035RES50000mN3200000E4450000",0,0.0241039991378784,0.00511999987065792,3.60000012733508e-05,0,0.000112000001536217,0.000600000028498471,0,1.59999999596039e-05,0.000163999997312203,0.0011680000461638,0.412703990936279,0,0,0,0.000112000001536217,0,0.115128003060818,0,9.99999974737875e-05,0.00031999999191612,0,0.0472199991345406,0.34280401468277,0.021891999989748,0.00226400000974536,0.0110080000013113,0,0.0128199998289347,0,0,0,0,0,0.000255999999353662,0,0,0,0,0.00155199994333088,0.000500000023748726,0,0
"CRS3035RES50000mN3200000E4500000",0.00044000000343658,0.0378400012850761,0.00792799983173609,0.000380000012228265,0,0.00293199997395277,0.000715999980457127,0.000108000000182074,0,0,0.00266800005920231,0.363555997610092,0,0,0,0.000699999975040555,0,0.13910399377346,0,0,0.0006520000169985,0,0.0320799984037876,0.359732002019882,0.0142000000923872,0.000348000001395121,0.0202600006014109,0,0.0108559997752309,0,0,0,0,0,0.000915999989956617,0,0,0,0,0,0.00458399998024106,0,0
"CRS3035RES50000mN3200000E4550000",0,0.0468560010194778,0.0106039997190237,0,5.19999994139653e-05,0.000132000001030974,0.000368000008165836,0.000728000013623387,0,0.00022000000171829,0.00726399989798665,0.250771999359131,0,0,0,0.000571999989915639,0,0.145339995622635,0,0,0.000427999999374151,0,0.0419519990682602,0.439619988203049,0.0104200001806021,0.0022960000205785,0.00185600004624575,0,0.00419199978932738,0,0,0,0,0,0.00519199995324016,0,0,0,0,0.00011600000289036,0.031020000576973,0,0
"CRS3035RES50000mN3200000E4600000",0.000460000010207295,0.0338199995458126,0.0095440000295639,0.000391999987186864,0.00015999999595806,0.00142400001641363,0.00933200027793646,0.00047999998787418,0,0.000584000023081899,0.00410400005057454,0.277727991342545,0,0,0,0.000352000002749264,0,0.12958399951458,0,0.00215200008824468,0.00452399998903275,0,0.0259440001100302,0.438259989023209,0.0179880000650883,0.00225999997928739,0.0106880003586411,0,0.00809200014919043,0.00011600000289036,0,0,0,0,0.00180399999953806,0.000331999995978549,0,0,0,0.00304399989545345,0.0168319996446371,0,0
"CRS3035RES50000mN1750000E3200000",0.000880000006873161,0.000844000023789704,9.20000020414591e-05,0,0,0,0.000112000001536217,9.99999974737875e-05,9.99999974737875e-05,0,0,0.018775999546051,0.000704000005498528,0,0,0.00193200004287064,0.0884120017290115,0.00175199995283037,0,0.01940399967134,0.0303760003298521,0.00540400017052889,0.0191120002418756,0.357095986604691,0.0909319967031479,0.10886400192976,0,0.142688006162643,0.0787879973649979,0.000132000001030974,0.00095999997574836,0.0186880007386208,0.00879999995231628,0,0,0,0,0,0,0.000292000011540949,0.00475999992340803,0,0
"CRS3035RES50000mN1750000E3250000",0.00207599997520447,0.00170000002253801,0.00242800009436905,0.000132000001030974,0,0,0.000956000003498048,0.000515999970957637,0.000199999994947575,0,0,0.0994160026311874,0.00936399959027767,0.00457999994978309,0.00168800004757941,0.0706439986824989,0.0144360000267625,0.000684000027831644,0,0.0751919969916344,0.0222960002720356,0,0.00978800002485514,0.265596002340317,0.0121120000258088,0.1891999989748,0,0.118596002459526,0.0889440029859543,0,0.000151999993249774,0.00154399999883026,0,0,0,0,0,0,0,0,0.00775999994948506,0,0
"CRS3035RES50000mN1750000E3300000",0.0017239999724552,0.00279600010253489,0.00397600000724196,0.000731999985873699,0,0,0.00354399997740984,0.000423999998020008,0,0.000119999996968545,7.5999996624887e-05,0.0940359979867935,0.0365759991109371,0.000584000023081899,0.121555998921394,0.152659997344017,0.0182840004563332,0.0183400008827448,0,0.0961199998855591,0.017068000510335,0,0.000612000003457069,0.114156000316143,0.000247999996645376,0.221668004989624,0,0.0362880006432533,0.0509719997644424,0.000112000001536217,0,0.00447600008919835,0,0,0.000996000017039478,0,0,0,0,0,0.00185600004624575,0,0
"CRS3035RES50000mN1750000E3350000",0.01136180665344,0.0320240296423435,0.0227115340530872,0.000764969212468714,7.24707715562545e-05,0.00100653851404786,0.00777852954342961,0.00109108770266175,0.00183592620305717,0.000728733837604523,0.00108303537126631,0.0344316698610783,0.0217492841184139,0,0.105086639523506,0.0888330563902855,0.0240079555660486,0.0456445068120956,0,0.1283900141716,0.0404024533927441,0,0.00567285064607859,0.140577182173729,0,0.198839664459229,0,0.0470858700573444,0.0342665947973728,0.000169098464539275,0,0.00179969076998532,0,0,0.00105082616209984,0,0.000289883086225018,0.000611975381616503,0,0,0.00063210615189746,0,0
"CRS3035RES50000mN3250000E3250000",0.00124437641352415,0.0466401837766171,0.0269216038286686,0,0.0057672057300806,0.00404422311112285,0.0022733798250556,0.00172298261895776,0.000646118482109159,0,0.005288599524647,0.21857950091362,0,0,0,0,0,0.4810711145401,0,0.0268498137593269,0.0100985933095217,0,0.0251268297433853,0,0.00184263428673148,0.0556379817426205,0.0100507326424122,0,0.000789700367022306,0,0,0,0,0,0,0,0.00361347757279873,0,0.0234756395220757,0.00595864839851856,0,0,0.0423566587269306
"CRS3035RES50000mN3250000E3300000",0.00158247374929488,0.0214287266135216,0.00230837916024029,0,0.000362952705472708,0.00125581631436944,0.00111789430957288,0,0,0,0.00905929878354073,0.0472709573805332,0,0,0,0,0,0.733897626399994,0,0,0.00389811187051237,0,0.0221836678683758,0.00356419547460973,0.0380374416708946,0.00908107683062553,0.0178137179464102,0,0.000646055792458355,0.00582902040332556,0.00174943194724619,0,0,0,0,0,0.0177846811711788,0,0.0581740587949753,0.00295443483628333,0,0,0
"CRS3035RES50000mN3250000E3350000",0.00044385640649125,0.0701969489455223,0.0195761807262897,0.00118784420192242,0.00259127584286034,0.000528400472830981,0.00508109899237752,0.000215587395359762,0.00123434350825846,0.00202060327865183,0.00553340977057815,0.00352971511892974,0,0,0,0,0,0.438995122909546,0,0.0001775425625965,0.0181389320641756,0,0.0287238489836454,0.0703364461660385,0.0348744317889214,0.206283316016197,0.0346334800124168,0,0.031310897320509,0.000355085125193,0,0.000684807018842548,0,0,0,0.00949007272720337,0.0041468869894743,0,0.00799786951392889,0,0.00171201745979488,0,0
"CRS3035RES50000mN3250000E3400000",0.00023999999393709,0.0479799993336201,0.00776399997994304,0.000344000000040978,0,0,0.0031999999191612,0.000167999998666346,0.000339999998686835,0.00205200002528727,0.00775599991902709,0.214880004525185,0,0,0,0.000528000004123896,0,0.392816007137299,0,0.000980000011622906,0.0157399997115135,0,0.0300840009003878,0.0447559989988804,0.0228679999709129,0.0627679973840714,0.107972003519535,0,0.011672000400722,0,0,0.000883999979123473,0,0,0,0.021619999781251,0,0,0,0,0.0024439999833703,0,0.000144000005093403
"CRS3035RES50000mN1750000E3400000",0.0115084843710065,0.0693944469094276,0.00888901576399803,0.000951883383095264,0.000944726343732327,0.000300594751024619,0.00070854474324733,0,0.00337811233475804,0.000221867550862953,0.00553953181952238,0.012782434001565,0.00445166509598494,0,0.0023904440458864,0.0956034436821938,0.0189875680953264,0.0234607048332691,0,0.0673403814435005,0.0702246576547623,0,0.0210559461265802,0.167524322867393,0.00216857646591961,0.208240583539009,0,0.0819478556513786,0.0784695446491241,0,0.00928265228867531,0.0332515053451061,0,0,0,0,0,0,0,0,0.000980511424131691,0,0
"CRS3035RES50000mN3250000E3450000",0.00170000002253801,0.0660839974880219,0.0103919999673963,0.00081200001295656,0.000300000014249235,0.000788000004831702,0.00154800002928823,0.000119999996968545,0.000348000001395121,0.000823999987915158,0.00874000042676926,0.53082400560379,0,0,0,0.000348000001395121,0,0.227195993065834,0,0.00083999999333173,0.0163400005549192,0,0.0541680008172989,0.028659999370575,0.02802399918437,0.00243999995291233,0.00203200010582805,0,0.00238800002261996,0,0,0,0,0,0.000387999985832721,0,0.00137199996970594,0,0.00887599959969521,0.000243999995291233,0.000515999970957637,0,0.00368799990974367
"CRS3035RES50000mN3250000E3500000",0.000247999996645376,0.0344640016555786,0.00970000028610229,0,0,0.00313599989749491,0.000996000017039478,0.000192000006791204,0.000555999984499067,0.000387999985832721,0.0206599999219179,0.605076014995575,0,0,0,0.000276000006124377,0,0.293660014867783,0,0,0,0,0.0239480007439852,0.000715999980457127,0.00513199996203184,0,0.000515999970957637,0,0,0,0,0,0,0,0,0,0,0,0,0,0.000335999997332692,0,0
"CRS3035RES50000mN3250000E3550000",0.000348000001395121,0.0841680020093918,0.0231919996440411,0.000707999977748841,0.000108000000182074,0.00296399998478591,0.00196800008416176,0.00134800001978874,0.00236000004224479,0.00473999977111816,0.0273560006171465,0.524951994419098,0,0,0,0,0,0.291236013174057,0,0,0,0,0.01927600055933,0.00389600009657443,0.00543199991807342,0.000335999997332692,0.000123999998322688,0,0,0,0,0.000203999996301718,0,0,0,0,0,0,0,0,0.00528400018811226,0,0
"CRS3035RES50000mN3250000E3600000",0.00149199995212257,0.0848840028047562,0.0162119995802641,0.000755999993998557,0,0.00198399997316301,0.00224400009028614,0.000103999998827931,0.00608400022611022,0.00343600008636713,0.0203239992260933,0.719488024711609,0,0,0,0,0,0.102548003196716,0,0,0.00427999999374151,0,0.00845200009644032,0.00780399981886148,0.00386400008574128,0.00150400004349649,0.000132000001030974,0,0.000195999993593432,0,0,0,0,0,0.00348399998620152,0,0,0,0,0,0.0107279997318983,0,0
"CRS3035RES50000mN3250000E3650000",0.000123999998322688,0.0391400009393692,0.00892399996519089,0,0,0.00627199979498982,0.000264000002061948,0.000307999987853691,0.000668000022415072,0.00083999999333173,0.0164759997278452,0.754711985588074,0,0,0,0.000180000002728775,0,0.0925879999995232,0,0.00127600005362183,0.0189079996198416,0.000260000000707805,0.0101640000939369,0.0353999994695187,0.0059799998998642,0.00167200004216284,0.00162800005637109,0,0.00243199989199638,0,0,0,0,0,0.0010039999615401,0,0,0,0,0,0.000780000002123415,0,0
"CRS3035RES50000mN3250000E3700000",0.000576665916014463,0.040264368057251,0.00733306352049112,0,0,0.00203673494979739,0.00116560130845755,0.000560306594707072,0.000143144017783925,0.000470330327516422,0.011602845042944,0.749542951583862,0,0,0,0,0,0.115603104233742,0,0.000744348857551813,0.0118891326710582,0,0.00925119314342737,0.00643330113962293,0.0205636601895094,0.00061756419017911,0.0044701830483973,0,0.000867043738253415,0.00128011649940163,0,0,0,0,0.00478101009503007,0,0.00222077709622681,0,0.00360313942655921,0,0.000584845547564328,0,0.00339455809444189
"CRS3035RES50000mN3250000E3750000",0.00750207202509046,0.0988790541887283,0.0196711309254169,0,0.00170105113647878,0,0.00296593527309597,0,0,0.00178828451316804,0.026606185361743,0.497273951768875,0,0,0,0,0,0.210537791252136,0,0,0.00933397281914949,0,0.0253849178552628,0,0.0279583018273115,0.00545208714902401,0.00942120607942343,0,0,0.00200636801309884,0,0,0,0,0.0345444232225418,0,0.00680420454591513,0,0.0107733244076371,0,0.00139573425985873,0,0
"CRS3035RES50000mN3250000E3900000",0,0.118262179195881,0.016925398260355,0,0,0.00474342377856374,0,0,0,0,0.0373005606234074,0.332686513662338,0,0,0,0,0,0.0332039669156075,0,0.000107805091829505,0.0218844320625067,0,0.03385079652071,0.013691246509552,0,0.335381627082825,0,0,0,0.0477576553821564,0,0,0,0,0,0,0,0,0,0,0.00420439848676324,0,0
"CRS3035RES50000mN3250000E3950000",0,0.164926305413246,0.0346143208444118,0.00724357180297375,0.0122370859608054,0.00845154281705618,0,0.000893217918928713,0.00642266217619181,0.0143850622698665,0.0333935916423798,0.0893941000103951,0,0,0,0.00122498453129083,0,0.260470867156982,0,0.0552816838026047,0.00294336583465338,0,0.0338614657521248,0.00451287720352411,0.00440654158592224,0.0256225932389498,0.00213946960866451,0,0,0.00294761918485165,0,0,0,0,0.0087322685867548,0,0,0,0,0.0104634100571275,0.215431407094002,0,0
"CRS3035RES50000mN3250000E4000000",0,0.0450720004737377,0.0138360001146793,0.00215599988587201,0.000699999975040555,0.000775999971665442,0,0.00123199995141476,0.00313599989749491,0.00215200008824468,0.0123399998992682,0.299212008714676,0,0,0,0.00864799972623587,0,0.124935999512672,0,0.0258440002799034,0.00753200007602572,0,0.056232001632452,0.0606679990887642,0.0169799998402596,0.0076919998973608,0.0228840000927448,0,0.00183600001037121,0.00111599999945611,0,0,0,0,0.0181840006262064,0,0,0,0,0.00251600006595254,0.264319986104965,0,0
"CRS3035RES50000mN1750000E3450000",0.0719218403100967,0.188091456890106,0.00808225478976965,0,0,0,0.00255767558701336,0.00138114485889673,0,0,0.00127883779350668,0,0,0,0.0964755266904831,0.0594403818249702,0.00475727673619986,0.0173921938985586,0,0.107780449092388,0.0751956626772881,0,0,0.0645557343959808,0,0.118062302470207,0,0.0517673529684544,0.0432758703827858,0,0.00639418885111809,0.0815898478031158,0,0,0,0,0,0,0,0,0,0,0
"CRS3035RES50000mN3250000E4050000",0,0.062135998159647,0.0198839996010065,0.00112799997441471,0,0,0.00135599996428937,0.00028000000747852,0.000592000025790185,0.00146800000220537,0.00754400016739964,0.0855159983038902,0,0,0,0,0,0.537455976009369,0,0.102172002196312,0.0431360006332397,0,0.00740000000223517,0.0595760010182858,0.0207880008965731,0.00292000011540949,0.0111520001664758,0,0.000568000017665327,0,0,0,0,0,0.0143120000138879,0.00436800019815564,0,0,0,0.00461600022390485,0.0116320000961423,0,0
"CRS3035RES50000mN3250000E4100000",0.000327999994624406,0.0538839995861053,0.0169200003147125,0.000272000004770234,0,0.000307999987853691,0.000699999975040555,0.000331999995978549,0.0011399999493733,0.000552000012248755,0.00404000002890825,0.508099973201752,0,0,0,0,0,0.136636003851891,0,0.0612480007112026,0.0334080010652542,0,0.0141319995746017,0.107823997735977,0.0163400005549192,0.00248800008557737,0.00374400010332465,0,0.00202800007537007,0,0,0,0,0,0.000119999996968545,0.0307199992239475,0,0,0,0,0.00473600020632148,0,0
"CRS3035RES50000mN3250000E4150000",0,0.0384799987077713,0.00815599970519543,0.000119999996968545,0,0.000991999986581504,0.00106000003870577,0,0,0,0.00236400007270277,0.726652026176453,0,0,0,0.000127999999676831,0,0.0845040008425713,0,0.000199999994947575,0.000203999996301718,0,0.0223639998584986,0.0955640003085136,0.00837600044906139,0.00132000003941357,0.000232000005780719,0,0.001587999984622,0,0,0,0,0,0,0.00649600010365248,0,0,0,0,0.00120000005699694,0,0
"CRS3035RES50000mN3250000E4200000",0.000136000002385117,0.0387759990990162,0.00592399993911386,0.000311999989207834,0,0.000807999982498586,0.000348000001395121,0.000560000014957041,0.00011600000289036,0,0.00229199999012053,0.683992028236389,0,0,0,0.00115599995478988,0,0.129424005746841,0,0.000264000002061948,0.000199999994947575,0,0.0341320000588894,0.0461839996278286,0.00846000015735626,0.000760000024456531,0.000236000007134862,0,0,0,0,0,0,0,0,0.039427999407053,0,0,0,0,0.0064920000731945,0,0
"CRS3035RES50000mN3250000E4250000",0.000547999981790781,0.0637039989233017,0.00989999994635582,0.000571999989915639,0,0.00288800010457635,0.00137600000016391,0.00047999998787418,0.000103999998827931,0.000707999977748841,0.00406000018119812,0.52538001537323,0,0,0,0.000108000000182074,0,0.152587994933128,0,0.000552000012248755,0.000403999991249293,0,0.0487839989364147,0.13884399831295,0.0135840000584722,0.000623999978415668,0.000736000016331673,0,0.000771999999415129,0,0,0,0,0,0,0.0130279995501041,0,0,0,0.0018880000570789,0.018368000164628,0,0
"CRS3035RES50000mN3250000E4300000",0.00438799988478422,0.0801239982247353,0.0165199991315603,0.0014280000468716,0,0.00191600003745407,0.00148400000762194,0.00120399997103959,0,0.00123599998187274,0.00998799968510866,0.384276002645493,0,0,0,0,0,0.110636003315449,0,0,0.00143599999137223,0,0.0424039997160435,0.283591985702515,0.0279600005596876,0.00773200020194054,0.0120679996907711,0,0.00235600001178682,0,0,0.000132000001030974,0,0,0,0.00489199999719858,0,0,0,0,0.00422800006344914,0,0
"CRS3035RES50000mN3250000E4350000",0.000636000011581928,0.0485480017960072,0.00874000042676926,0.000804000010248274,0,0,0.000211999999010004,0.000460000010207295,0.000224000003072433,0.00130000000353903,0.00411600014194846,0.462907999753952,0,0,0,0,0,0.16686800122261,0,0.00123599998187274,0.00115599995478988,0,0.0502480007708073,0.2255519926548,0.0151239996775985,0.00231599994003773,0.000875999976415187,0,0.00202800007537007,0,0,0,0,0,0.000663999991957098,0.00449200021103024,0,0,0,0.000188000005437061,0.001304000033997,0,0
"CRS3035RES50000mN3250000E4400000",0.000276000006124377,0.0255520008504391,0.00527200009673834,0.000668000022415072,0,0.000699999975040555,0.000260000000707805,9.20000020414591e-05,0,0,0.00254400004632771,0.464388012886047,0,0,0,0.000403999991249293,0,0.171568006277084,0,0.000696000002790242,0.001587999984622,0,0.0317879989743233,0.239600002765656,0.011048000305891,0.00377200008369982,0.0322239995002747,0,0.00677599990740418,0,0,0,0,0,0,0,0,0,0,0.000148000006447546,0.000636000011581928,0,0
"CRS3035RES50000mN3250000E4450000",0.000515999970957637,0.0377519987523556,0.0128920003771782,0.000103999998827931,0,0,0.000964000006206334,0.000348000001395121,0,0.000260000000707805,0.0049040000885725,0.35902801156044,0,0,0,0,0,0.21722400188446,0,0.000448000006144866,0.00295199989341199,0,0.029279999434948,0.267096012830734,0.011744000017643,0.00843599997460842,0.0085479998961091,0,0.00488399993628263,0,0,0,0,0,0.00498000020161271,0,0,0,0,0.00890799984335899,0.0187320001423359,0,0
"CRS3035RES50000mN3250000E4500000",0.00700399978086352,0.161760002374649,0.035131998360157,0.00205200002528727,0.00022000000171829,0.00187200005166233,0.000448000006144866,0.00181199994403869,0,0.00974399968981743,0.0193080008029938,0.286716014146805,0,0,0,0.00742400018498302,0,0.169128000736237,0,0.000920000020414591,0.00384399993345141,0,0.0578799992799759,0.144051998853683,0.0381200015544891,0.00282800011336803,0.00292399991303682,0,0.00466400012373924,0,0,0,0,0,0.0046560000628233,0,0,0,0,0.0128600001335144,0.0246319994330406,0,0
"CRS3035RES50000mN1750000E3550000",0.00757626537233591,0.0551793500781059,0,0,0.00181025813799351,0.0148172983899713,0,0,0,0,0.00315119000151753,0.126583978533745,0,0,0,0.0339255779981613,0,0.015219577588141,0,0.07227623462677,0.121153198182583,0,0,0.253235012292862,0,0,0,0.130807906389236,0.0553134419023991,0.00925243087112904,0.00214549107477069,0.0353335551917553,0,0,0,0,0,0.0354676507413387,0,0,0,0.0267515927553177,0
"CRS3035RES50000mN3250000E4550000",0.00887599959969521,0.172688007354736,0.0357640013098717,0.00301199988462031,0.00014000000373926,0.00755200022831559,0.00264799990691245,0.000631999981123954,0.00015999999595806,0.00937199965119362,0.0209720004349947,0.27606800198555,0,0,0,0.00162800005637109,0,0.072003997862339,0,0,0.00114800001028925,0,0.0461159981787205,0.282712012529373,0.0289040002971888,0.00300000002607703,0.000579999992623925,0,0.00642800005152822,0,0,0,0,0,0.000628000008873641,0.000211999999010004,0,0,0,0.00273999990895391,0.0160160008817911,0,0
"CRS3035RES50000mN3250000E4600000",0.000148000006447546,0.0375239998102188,0.00913199968636036,0.000384000013582408,0,0.00105600000824779,0.0013279999839142,0,0,0.000167999998666346,0.00240799994207919,0.516044020652771,0,0,0,0.00273999990895391,0,0.104819998145103,0,0.00193200004287064,0.00345600000582635,0,0.048420000821352,0.209687992930412,0.032235998660326,0.00632400019094348,0.000207999997655861,0,0.00743599981069565,0,0,0,0,0,0.00155199994333088,0.00015999999595806,0,0,0,0.00684799998998642,0.00598799996078014,0,0
"CRS3035RES50000mN1750000E4150000",0.00283271609805524,0.0330540426075459,0.0197436902672052,0,0.00170645548496395,0,0.00366887939162552,0.00129690614994615,0,0,0,0.225593417882919,0,0,0.030118940398097,0,1.70645544130821e-05,0.00191123015247285,0,0.0728485882282257,0.133734926581383,0.0028668453451246,0.0427979044616222,0.0278834830969572,0.00552891567349434,0.0213136300444603,0,0.311308681964874,0.00312281353399158,0.00109213148243725,0.00051193666877225,0.0173034593462944,0,0,0,0,0.00525588309392333,0.0113649936392903,0,0,0.00522175384685397,0.0167232640087605,0.00117745436728001
"CRS3035RES50000mN1750000E4200000",0.00753487413749099,0.0275748390704393,0.0167116392403841,0.00101186230313033,0.00348742492496967,0.00220191432163119,0.000687302730511874,0,0,0.00221464200876653,0.00392017094418406,0.154076725244522,0,0,0.00432746158912778,0.00430200574919581,0.00283830566331744,0,0.000980042736046016,0.0465456657111645,0.0768188089132309,0.000521840935107321,0.20693539083004,0.0238964967429638,0.00496385293081403,0.00640209764242172,0,0.347533345222473,0.000814580998849124,0.000776397529989481,0.00121550762560219,0.00609026569873095,0.00339833018369973,0,0,0,0.00404744921252131,0.00690484698861837,0,0,0.00434655323624611,0.0269193556159735,0
"CRS3035RES50000mN1750000E4250000",0.00564894545823336,0.0708168223500252,0.00277891661971807,0.000637784134596586,0,0,0.0033711448777467,0,0,0,0.00706118158996105,0.132499665021896,0,0,0.00127556826919317,0.00788118969649076,0,0.000933898205403239,0.00207279855385423,0.0840280652046204,0.0985376536846161,0.00323447678238153,0.208168193697929,0.0375609323382378,0.00945287197828293,0.00104778830427676,0,0.296068519353867,0,0.00202724244445562,0,0.0105917723849416,0.00268780463375151,0,0,0,0,0.00530727533623576,0,0,0.00564894545823336,0.000660562189295888,0
"CRS3035RES50000mN3300000E2950000",0,0.00545984506607056,0,0,0,0,0,0,0,0,0,0,0,0,0,0,0,0.463891059160233,0,0,0.171713218092918,0,0.000761332979891449,0.0284521020948887,0.0137910032644868,0,0.207300096750259,0,0.0249934736639261,0.00158792303409427,0,0.0325415469706059,0,0,0,0.0374793335795403,0,0,0.00591664481908083,0,0.00115287571679801,0.000783085357397795,0.00417645508423448
"CRS3035RES50000mN1750000E4750000",0,0.0921474322676659,0,0,0,0,0,0,0,0,0,0,0,0,0,0,0,0,0,0,0,0,0,0,0,0,0,0.631410241127014,0,0,0.276442319154739,0,0,0,0,0,0,0,0,0,0,0,0
"CRS3035RES50000mN3300000E3000000",0.000359990255674347,0.00973032508045435,0.000359990255674347,0,0,0,0,0,0,0,0.00151407672092319,0.0318379625678062,0,0,0,0,0,0.843065440654755,0,0.0127902422100306,0.0363378413021564,0,0.00502927554771304,0.0179253965616226,0.00917975138872862,0,0.000487045646877959,0,0.00948680192232132,0.00120702618733048,0,0.00201171031221747,0,0,0,0.00300697749480605,0.00135525746736676,0,0.00512456707656384,0,0.000264698726823553,0,0.00892564095556736
"CRS3035RES50000mN3300000E3050000",0,0.0296267122030258,0.00496695982292295,0,0.00227561150677502,0,0,0,0,0,0.00439805677160621,0.288915157318115,0,0,0,0,0,0.553389370441437,0,0.0610476583242416,0.0116406287997961,0,0.00665178755298257,0.00179423217196018,0.00925561226904392,0,0,0,0,0.00203492189757526,0,0,0,0,0,0,0.00137849547900259,0,0.00080959260230884,0,0,0.00061266467673704,0.0212025735527277
"CRS3035RES50000mN3300000E3100000",0,0,0,0,0,0,0,0,0,0,0,0.16666667163372,0,0,0,0,0,0.548333346843719,0,0.282499998807907,0,0,0,0,0,0,0,0,0,0,0,0,0,0,0,0,0,0,0,0,0,0.00249999994412065,0
"CRS3035RES50000mN3300000E3250000",0,0.0109044034034014,0.00877926405519247,0,0.000104515049315523,0,0.00080128206172958,0,0,0,0.00195094756782055,0.262437283992767,0,0,0,0,0,0.601797640323639,0,0,0.0114618167281151,0,0.027975196018815,0,0.0021251393482089,0.00452898535877466,0.0627438649535179,0,0.00195094756782055,0,0,0,0,0,0,0,0,0,0.00243868445977569,0,0,0,0
"CRS3035RES50000mN3300000E3300000",0,0.00895337015390396,0.000724550161976367,0,0.000189763144589961,0.00061241741059348,0.000267393508693203,0,0,0,0.0016992426244542,0.0296634286642075,0,0,0,0,0,0.826151072978973,0,0,0.00562388962134719,0,0.0270930007100105,0.00975555088371038,0.0205720495432615,0.0304311066865921,0.0246002040803432,0,0.00826332252472639,0,0,0.000543412636034191,0,0,0,0.00151810515671968,0.000457156653283164,0,0.000603791791945696,0,0.000741801341064274,0,0.00153535627759993
"CRS3035RES50000mN3300000E3350000",0.000409861619118601,0.00416989671066403,0.00245025963522494,0,0,0,0.00013810554810334,0,0,0,0.000806358177214861,0.00365756941027939,0,0,0,0,0,0.499951004981995,0,0,0.00138105545192957,0,0.00729731889441609,0.101311556994915,0.0318311005830765,0.159137681126595,0.0532820113003254,0,0.039039321243763,0,0,0.000458866823464632,0,0,0,0.0903076604008675,0,0,0.000449956773081794,0,0.0039204154163599,0,0
"CRS3035RES50000mN3300000E3400000",0.000119999996968545,0.00752800004556775,0.00139999995008111,0,0,0.000216000000364147,0.000671999994665384,0.000103999998827931,0.000272000004770234,0.000103999998827931,0.00255999993532896,0.152556002140045,0,0,0,0.000531999976374209,0,0.540167987346649,0,0.00450799986720085,0.0193240009248257,0,0.0147360004484653,0.03583599999547,0.0170079991221428,0.125203996896744,0.0664959996938705,0,0.00874400045722723,0,0,0.000236000007134862,0,0,0,0.00109999999403954,0,0,0,0,0.000576000020373613,0,0
"CRS3035RES50000mN3300000E3450000",0.000691999972332269,0.0451520010828972,0.00540800020098686,7.5999996624887e-05,0,0.000432000000728294,0.00157199997920543,0.000123999998322688,0.000303999986499548,0.000783999974373728,0.0134680001065135,0.467887997627258,0,0,0,0.000612000003457069,0,0.34527999162674,0,0.00107999995816499,0.0137280002236366,0,0.040803998708725,0.0156720001250505,0.0195799991488457,0.0132200000807643,0.01180399954319,0,0.00170400005299598,0,0,0,0,0,0,0,0,0,0,0,0.000615999975707382,0,0
"CRS3035RES50000mN3300000E3500000",0.00613200012594461,0.263552010059357,0.0484240017831326,0.00346000003628433,0,0.0022960000205785,0.00368000008165836,0.000707999977748841,0.000872000004164875,0.0187800005078316,0.028311999514699,0.378527998924255,0,0,0,0,0,0.212871998548508,0,0,0.00377200008369982,0,0.0149560002610087,0.00231199990957975,0.00307999993674457,0,0.00424400018528104,0,0.00104400003328919,0,0,0,0,0,0,0,0,0,0,0,0.00297600007615983,0,0
"CRS3035RES50000mN3300000E3550000",0.00178399996366352,0.0941319987177849,0.0208119992166758,0.0019000000320375,3.19999999192078e-05,0.00134800001978874,0.00383999990299344,0.000896000012289733,0.00203200010582805,0.00185999996028841,0.0198359992355108,0.518527984619141,0,0,0,0,0,0.311044007539749,0,0,0.00112399994395673,0,0.0101079996675253,0.00052000000141561,0.00508400006219745,0,0.000207999997655861,0,0,0,0,0,0,0,0.000195999993593432,0,0,0,0,0,0.00471600005403161,0,0
"CRS3035RES50000mN1750000E4800000",0,0.0756198838353157,0.00145854370202869,0,0.00314147863537073,0,0.00650734873488545,0,0,0,0.0141366543248296,0.170200824737549,0,0,0,0.0068439356982708,0.0767418369650841,0,0.157634913921356,0.219005942344666,0.0758442729711533,0,0.159991025924683,0,0.00302928313612938,0,0,0.0204196125268936,0.00796589255332947,0,0,0.00145854370202869,0,0,0,0,0,0,0,0,0,0,0
"CRS3035RES50000mN3300000E3600000",0.000272000004770234,0.0477840006351471,0.012699999846518,0.000323999993270263,0,0.00355600006878376,0.00448000011965632,0.000103999998827931,0.00320799998007715,0.000975999981164932,0.0142759997397661,0.795912027359009,0,0,0,0.000195999993593432,0,0.0621800012886524,0,0.000195999993593432,0.000568000017665327,0,0.0183400008827448,0.00442400015890598,0.0109120002016425,0,9.99999974737875e-05,0,0.000123999998322688,0,0,0,0,0,0.0083600003272295,0,0,0,0,0.000883999979123473,0.0101239997893572,0,0
"CRS3035RES50000mN3300000E3650000",0,0.0304432157427073,0.00738090369850397,0.000196770546608604,0,0.00251785991713405,0.00279092928394675,0,0,0.000493934261612594,0.00771019328385592,0.757132947444916,0,0,0,0.00372659345157444,0,0.0526019893586636,0,0.000104408863990102,0.00143361405935138,0,0.0134044922888279,0.0407315045595169,0.00606776122003794,0.019343750551343,0.00137739384081215,0,0.00251785991713405,0,0,0,0,0,0.0105412798002362,0,0.00727247912436724,0,0.0296039283275604,0.000650547561235726,0.00135731522459537,0,0.000598343089222908
"CRS3035RES50000mN3300000E3700000",0.000723433448001742,0.0530586764216423,0.00763532333076,0,0.000214963089092635,0.00368744367733598,0.00109135103411973,0,0.00131044804584235,0.0017321064369753,0.0133855855092406,0.70359069108963,0,0,0,0,0,0.133248180150986,0,0,0.00452249264344573,0,0.0268207788467407,0.0135716116055846,0.018131310120225,0.000901191378943622,0.000409256637794897,0,0.00192640000022948,0,0,0,0,0,0.00993377529084682,0,0,0,0.000785442010965198,0,0.00331952609121799,0,0
"CRS3035RES50000mN3300000E3750000",0.00172921561170369,0.0801383405923843,0.00583610264584422,0,0.00229661446064711,0,0,0,0,0.0012969117378816,0.0139418011531234,0.493664056062698,0,0,0,0,0,0.282267421483994,0,0,0.0071600335650146,0,0.0223176889121532,0.000918645819183439,0.0104563506320119,0,0.0107265403494239,0,0.0010537407360971,0.00402582995593548,0,0.0012969117378816,0,0,0.029937045648694,0,0,0,0.00383669720031321,0.00345843122340739,0.0124557567760348,0,0.0111858639866114
"CRS3035RES50000mN3300000E3950000",0,0.0348266512155533,0.00943313352763653,0.000458162830909714,0.00212135654874146,0.000897497055120766,0,0.000928878085687757,0.000765696808230132,0.00087239226559177,0.00648331781849265,0.289351791143417,0,0,0,0.000294981553452089,0,0.124676778912544,0,0.0377074293792248,0.00138076464645565,0,0.00580548774451017,0.00527201080694795,0.00210880418308079,0.0229709036648273,0.000351467373548076,0,0,0.0102302115410566,0,0,0,0,0.00124268827494234,0,0.00164436525665224,0,0.276535779237747,0,0.163639441132545,0,0
"CRS3035RES50000mN3300000E4000000",0,0.0284267030656338,0.00700678071007133,0.00146109133493155,0.000209880527108908,0,0,0.000294639961794019,0.000270422984613106,0.000625605403911322,0.00430255103856325,0.0634525343775749,0,0,0,0,0,0.482975453138351,0,0.0152042303234339,0.00083144981181249,0,0.0070875040255487,0.0020907330326736,0.00472231209278107,0.00052873749518767,0,0,0,0,0,0,0,0,0.027498384937644,0,0,0,0.0524015165865421,0,0.300609469413757,0,0
"CRS3035RES50000mN3300000E4050000",0,0.0518839992582798,0.0113719999790192,0.000996000017039478,0,0.000975999981164932,0.000448000006144866,0.00109999999403954,0.00166399998124689,0.00192399998195469,0.0116839995607734,0.0859159976243973,0,0,0,0,0,0.481712013483047,0,0.13230000436306,0.0456600002944469,0,0.0109280003234744,0.0419639982283115,0.0428920015692711,0.0119880000129342,0.0310319997370243,0,0.00127999996766448,0.000203999996301718,0,0,0,0,0.0125399995595217,0.00808000005781651,0,0,0,0,0.011455999687314,0,0
"CRS3035RES50000mN3300000E4100000",0.000123999998322688,0.0627999976277351,0.0137679995968938,0.000339999998686835,0.000296000012895092,0,0.00138000003062189,0.000176000001374632,0.000444000004790723,0.00106799998320639,0.0105480002239347,0.636283993721008,0,0,0,0,0,0.0936719998717308,0,0.0579279996454716,0.0043759997934103,0,0.0170200001448393,0.0325080007314682,0.0266159996390343,0.0120280003175139,0.00306400004774332,0,0.00163199997041374,0,0,0,0,0,0.00428800005465746,0.0108040003105998,0,0,0,0.00191600003745407,0.00692000007256866,0,0
"CRS3035RES50000mN3300000E4150000",0.000395999988541007,0.067671999335289,0.014015999622643,0,0,0,0.000423999998020008,0.00124400004278868,0,0.000387999985832721,0.00205600005574524,0.538612008094788,0,0,0,0,0,0.225672006607056,0,0.000307999987853691,0.00168400001712143,0,0.0206160005182028,0.0793199986219406,0.0046560000628233,0.000996000017039478,0.000644000014290214,0,0.000544000009540468,0,0,0,0,0,0.000668000022415072,0.0326960012316704,0,0,0,0.000376000010874122,0.00701199984177947,0,0
"CRS3035RES50000mN3300000E4200000",0.00285200006328523,0.117619998753071,0.0277600008994341,0.00176000001374632,0.00457199988886714,0.00177199998870492,0.000731999985873699,0.000987999956123531,9.99999974737875e-05,0.0041880002245307,0.0114959999918938,0.42578798532486,0,0,0,0,0,0.282783985137939,0,0,0.000855999998748302,0,0.0380680002272129,0.0533679984509945,0.0119399996474385,0.00127999996766448,0.000144000005093403,0,0.000696000002790242,0,0,0,0,0,0.00167200004216284,0.000712000008206815,0,0,0,0.00081200001295656,0.00263600004836917,0,0.00540400017052889
"CRS3035RES50000mN1750000E4850000",0.00413239561021328,0.0419356115162373,0.00909027643501759,0.000805593386758119,0,0.00138741091359407,0.00121833570301533,0,0,0,0.000939858960919082,0.109426438808441,0.00204382021911442,0,0.00138741091359407,0.0204929038882256,0.193581104278564,0.00347101362422109,0.012362377718091,0.0937571451067924,0.0842143446207047,0,0.270768880844116,0.0306324400007725,0.0571722686290741,0.00441087270155549,0,0.00536067690700293,0.036246731877327,0.00502749951556325,0.000188966354471631,0.00832446478307247,0.000790674996096641,0,0,0,0,0,0,0,0.000830457371193916,0,0
"CRS3035RES50000mN3300000E4250000",0.000468000012915581,0.057948000729084,0.00809200014919043,0.000127999999676831,0,0.00031999999191612,0.000528000004123896,0.000203999996301718,0,0.000587999995332211,0.00512399990111589,0.484212011098862,0,0,0,0.000136000002385117,0,0.270116001367569,0,0,0.000544000009540468,0,0.0254399999976158,0.119584001600742,0.0189759992063046,0.000855999998748302,0,0,0.000255999999353662,0,0,0,0,0,0,0.00364400004036725,0,0,0,0.00226400000974536,0.000571999989915639,0,0
"CRS3035RES50000mN3300000E4300000",0.000300000014249235,0.0399480015039444,0.00628399988636374,0.00028000000747852,0,0.00221999990753829,0.000127999999676831,0.000119999996968545,0,0.000264000002061948,0.00331999990157783,0.294887989759445,0,0,0,0,0,0.091948002576828,0,0.000207999997655861,0.00227600010111928,0,0.0316039994359016,0.42179998755455,0.0324519984424114,0.0134680001065135,0.0528599992394447,0,0.00245200004428625,0,0,0.000103999998827931,0,0,0,0.00283199991099536,0,0,0,0,0.000243999995291233,0,0
"CRS3035RES50000mN3300000E4350000",0.000939999998081475,0.0310759991407394,0.00567999994382262,0.000127999999676831,0,0.000112000001536217,0.000600000028498471,9.99999974737875e-05,0,0.000216000000364147,0.00245200004428625,0.516763985157013,0,0,0,0,0,0.11302799731493,0,0,0.000207999997655861,0,0.0336439982056618,0.278400003910065,0.011119999922812,0.000272000004770234,0.000676000025123358,0,0.000272000004770234,0,0,0,0,0,0,0.000255999999353662,0,0,0,0.00405600015074015,0,0,0
"CRS3035RES50000mN3300000E4400000",0.000528000004123896,0.0248119998723269,0.00350799993611872,0,0,0,0.00085200002649799,0.00028000000747852,0.000920000020414591,9.60000033956021e-05,0.00144400005228817,0.430660009384155,0,0,0,0.000511999998707324,0,0.227439999580383,0,0.000232000005780719,0.00179200002457947,0,0.023972000926733,0.253031998872757,0.00784400012344122,0.00425599981099367,0.00277599995024502,0,0.000612000003457069,0,0,0,0,0,0.000720000010915101,0,0,0,0,0.0103559996932745,0.00335599994286895,0,0
"CRS3035RES50000mN3300000E4450000",0.00047999998787418,0.0232999995350838,0.00433599995449185,0,0,0.000296000012895092,0.00039999998989515,0,0.000103999998827931,0.000167999998666346,0.000311999989207834,0.499440014362335,0,0,0,0,0,0.19072799384594,0,0,0.000859999970998615,0,0.0207800008356571,0.2189120054245,0.00828799977898598,0.0035119999665767,0.0134119996801019,0,0.00371999992057681,0,0,0.000804000010248274,0,0,0.00173999997787178,0,0,0,0,0.00381599995307624,0.00459200004115701,0,0
"CRS3035RES50000mN3300000E4500000",0.000376000010874122,0.0316080003976822,0.00522400019690394,0,0,0.000119999996968545,0.000528000004123896,0,0,0.000163999997312203,0.00280399993062019,0.282528012990952,0,0,0,0,0,0.162052005529404,0,0.00031999999191612,0.000163999997312203,0,0.0680719986557961,0.351999998092651,0.0326839983463287,0.00340800010599196,0.0135599998757243,0,0.00379200000315905,0,0,0,0,0,0.00278400001116097,0,0,0,0,0,0.0378119982779026,0,0
"CRS3035RES50000mN3300000E4550000",0.000272000004770234,0.0366719998419285,0.00811600033193827,0.000292000011540949,0.000103999998827931,0.000676000025123358,0.00153200002387166,0.00022000000171829,0,0.000211999999010004,0.00503600016236305,0.327816009521484,0,0,0,0,0,0.123032003641129,0,0.000203999996301718,0.00260000000707805,0,0.118188001215458,0.286956012248993,0.0390999987721443,0.00585999991744757,0.0014400000218302,0,0.00290800002403557,0,0,0,0,0,0.00359999993816018,0,0,0,0,0.00155199994333088,0.0336120016872883,0,0
"CRS3035RES50000mN3300000E4600000",0,0.0284919999539852,0.00561599992215633,0.00168800004757941,0,0.00211600004695356,0.00129199994262308,0.000391999987186864,0,0.00011600000289036,0.00182000000495464,0.456371992826462,0,0,0,0.000736000016331673,0,0.0586559996008873,0,0.00669999979436398,0.0315640009939671,0,0.0796039998531342,0.201140001416206,0.0649320036172867,0.0195160005241632,0,0,0.0124040003865957,0,0,0.000211999999010004,0,0,0.00348399998620152,0.000144000005093403,0,0,0,0.00625200010836124,0.0167520008981228,0,0
"CRS3035RES50000mN1750000E4900000",0.00158211472444236,0.0236134324222803,0.00371131580322981,0.00051751418504864,0,0.00242492347024381,0.000872381031513214,0,0,0,0.00490899151191115,0.45088791847229,0,0,0.0022179177030921,0.0467093475162983,0.135130345821381,0.00130117847584188,0.00888645742088556,0.074063666164875,0.0303706880658865,0,0.0967899337410927,0.031997162848711,0.0254025515168905,0,0,0.00700862053781748,0.0305776931345463,0.00301636825315654,0,0.0165900252759457,0,0,0,0,0,0,0,0,0.0014194673858583,0,0
"CRS3035RES50000mN3350000E2900000",0,0.00418363371863961,0,0,0,0,0,0,0,0,0.00368159753270447,0,0,0,0,0,0,0.435544162988663,0,0,0.0358676873147488,0,0,0.0251575838774443,0.00357003393583,0,0.0456294976174831,0,0,0.001785016967915,0,0.0151168629527092,0.0108216656371951,0,0,0.405924022197723,0.000948290282394737,0,0.00965024810284376,0,0,0,0.0021197076421231
"CRS3035RES50000mN3350000E2950000",0,0.00280360411852598,0.000257574924034998,0,0.000391315756132826,0,0.000267481664195657,0,0,0,0.00280360411852598,0,0,0,0,0,0,0.108181469142437,0,0.000371502304915339,0.140848904848099,0,0.0215966682881117,0.0325584635138512,0.0109320748597383,0.0329943597316742,0.0978091284632683,0,0.0335095077753067,0.000252621568506584,0.0171336866915226,0.0767474249005318,0.000525056617334485,0,0,0.393599271774292,0.000505243137013167,0,0.00131264142692089,0,0.0231173504143953,0.000188227830221877,0.00129282800480723
"CRS3035RES50000mN3350000E3000000",0.000163999997312203,0.00555199990049005,0.000103999998827931,0,0,0,0.00114399997983128,0,0.000103999998827931,0,0.000807999982498586,0.00892799999564886,0,0,0,0,0,0.529608011245728,0,0.00289199990220368,0.116296000778675,0,0.00804399978369474,0.0769079998135567,0.012992000207305,0.00130799994803965,0.0232159998267889,0,0.0515040010213852,0,0.00237599993124604,0.00380400009453297,0.00237599993124604,0,0,0.145263999700546,0,0,0,0.00354800000786781,0.00306000001728535,0,0
"CRS3035RES50000mN3350000E3050000",0.000922290957532823,0.0334591120481491,0.00704951118677855,0.00135937670711428,0.000613523996435106,0.00094234076095745,0.00263053434900939,0,0,0.000785952317528427,0.00457937503233552,0.0908095687627792,0,0,0,0,0,0.714591026306152,0,0.0289960261434317,0.0100249014794827,0,0.00753471627831459,0.0384394824504852,0.0098324241116643,0,0.000156388472532853,0,0.0298541579395533,0,0,0,0,0,0.000224557807086967,0.00704149110242724,0.000132328699692152,0,0.00547760631889105,0.000388966203900054,0,0,0.00415431940928102
"CRS3035RES50000mN3350000E3100000",0.000493380066473037,0.011309421621263,0.00122626509983093,0,0,0,0.000469429593067616,0,0,0,0.00131727696862072,0.0626736432313919,0,0,0,0.000292195967631415,0,0.636747717857361,0,0.0120470961555839,0.0193376261740923,0,0.0117213698104024,0.0849811285734177,0.00935985147953033,0.00519725633785129,0.0247887559235096,0,0.0375208370387554,0.000191603918210603,0,0,0,0,0.000555651378817856,0.0675068497657776,0.000867007707711309,0,0.0062654479406774,0.00175796588882804,0.000263455382082611,0.000689774111378938,0.00241899956017733
"CRS3035RES50000mN3350000E3150000",0.000846319308038801,0.0170574299991131,0.00396405067294836,0.000922761100810021,0,0.00045319035416469,0.000616994104348123,0.000207484743441455,0.000464110606117174,0.000316687219310552,0.00404049223288894,0.128744274377823,0,0,0,0,0,0.705519080162048,0,0.0192851610481739,0.0106363231316209,0,0.00737116858363152,0.040634248405695,0.0113133788108826,0.00106472428888083,0.00536184245720506,0,0.0108820283785462,0.00266454089432955,0,0,0,0,0.0034562589135021,0.000546012481208891,0.00058423331938684,0,0.00340165779925883,0.0129677960649133,0.000349447975168005,0.00282834470272064,0.00349994003772736
"CRS3035RES50000mN3350000E3200000",0.00197028904221952,0.0242815725505352,0.00324649875983596,0,0.000526156683918089,0,0.000582130800466985,0.000570936012081802,0.00325769372284412,0,0.00428761728107929,0.222709819674492,0,0,0,0,0,0.629552066326141,0,0.0210014898329973,0.0150458430871367,0,0.00578772369772196,0.0270690824836493,0.00583250308409333,0,0,0,0.00203745788894594,0.00726544065400958,0,0,0,0,0.00360473315231502,0,0.00490333279594779,0,0.000660494610201567,0.00545187899842858,0,0.00483616394922137,0.005519047845155
"CRS3035RES50000mN3350000E3300000",0,0.000675219460390508,0,0,0,0,0,0,0,0,0.0020256582647562,0,0,0,0,0,0,0.748818337917328,0,0,0,0,0.000337609730195254,0,0,0.135381504893303,0.0928426757454872,0,0,0,0,0,0,0,0,0,0,0,0.0199189744889736,0,0,0,0
"CRS3035RES50000mN3350000E3350000",0,0.00912629719823599,0,0,0,0.00160917069297284,0.000222218819544651,0,0,0,0.00465893233194947,0.00964736193418503,0,0,0,0,0,0.249567061662674,0,0,0.00596159463748336,0,0.0368959866464138,0.122235678136349,0.0162832755595446,0.257007569074631,0.145400077104568,0,0.0364438854157925,0.000429112202255055,0.00363212823867798,0.0218693967908621,0,0,0.000222218819544651,0.045654471963644,0.00704970024526119,0,0.00908798351883888,0,0.00263597490265965,0,0.0143599333241582
"CRS3035RES50000mN3350000E3400000",1.20000004244503e-05,0.00906800013035536,0.00258000008761883,0,0,0,0.000655999989248812,0,0,0.000119999996968545,0.00448000011965632,0.0418200008571148,0,0,0,0,0,0.543075978755951,0,0,0.0108519997447729,0,0.0147080002352595,0.066271997988224,0.00837600044906139,0.129616007208824,0.0799200013279915,0,0.0182600002735853,0,3.99999998990097e-06,0.00264400010928512,0,0,0,0.063511997461319,0,0,0,0,0.00402399990707636,0,0
"CRS3035RES50000mN3350000E3450000",0,0.0385240018367767,0.00821200013160706,0,0,0.00233600009232759,0.00150799995753914,0.00011600000289036,0.000444000004790723,0.00389999989420176,0.0154480002820492,0.455844014883041,0,0,0,0,0,0.430036008358002,0,0,0.00151199998799711,0,0.0224479995667934,0.00875599961727858,0.00246399990282953,0.00205600005574524,0.0017359999474138,0,0.000660000019706786,0,0,0.00015999999595806,0,0,0,0.00261200009845197,0,0,0,0,0.00122800003737211,0,0
"CRS3035RES50000mN3350000E3500000",0.000783999974373728,0.0937839969992638,0.0224239993840456,0.00110800005495548,0.000103999998827931,0.000815999985206872,0.00689999992027879,0.000232000005780719,0.00138399994466454,0.00196000002324581,0.0215399991720915,0.25110000371933,0,0,0,0,0,0.531531989574432,0,0,0.00319599988870323,0,0.0279959999024868,0.0118279997259378,0.00431999983265996,0.00109599996358156,0.00633999984711409,0,0.00519599998369813,0,0,9.99999974737875e-05,0,0,0.000395999988541007,0,0,0,0,0,0.00586399994790554,0,0
"CRS3035RES50000mN3350000E3550000",0.00313999992795289,0.141435995697975,0.0261560007929802,0.00139600003603846,0,0.00438399985432625,0.00366399995982647,0.000523999973665923,0.00179600005503744,0.00572399981319904,0.0261799991130829,0.52019202709198,0,0,0,0,0,0.212932005524635,0,0.00104400003328919,0.00329199992120266,0,0.0129760000854731,0.0128960004076362,0.0121640004217625,0.00049200002104044,0.0010039999615401,0,0.00225199991837144,0,0,0,0,0,0,0,0,0,0,0.000500000023748726,0.00585599988698959,0,0
"CRS3035RES50000mN3350000E3600000",0.000372000009519979,0.0393919982016087,0.00807199999690056,0,0,0.00507199997082353,0.00319599988870323,0,0.000495999993290752,0.000760000024456531,0.0120400004088879,0.860207974910736,0,0,0,0,0,0.0409080013632774,0,0,0.000311999989207834,0,0.0111640002578497,0.00333199999295175,0.00822400022298098,0.000880000006873161,0.000387999985832721,0,0.000579999992623925,0,0,0,0,0,0.000539999979082495,0,0.000403999991249293,0,0,0.000352000002749264,0.00330800004303455,0,0
"CRS3035RES50000mN3350000E3650000",0.000348091416526586,0.0206929240375757,0.00161455175839365,0,0,0,0.000244404625846073,0,0,0.00011849920701934,0.0161529239267111,0.707210659980774,0,0,0,0,0,0.0457925386726856,0,0,0.000311060430249199,0,0.00291063683107495,0,0.00242923386394978,0.000162936412380077,0.00312541658058763,0,0,0,0,0,0,0,0.00548058841377497,0,0.0342462696135044,0,0.159159243106842,0,0,0,0
"CRS3035RES50000mN3350000E3700000",0,0.0238935220986605,0.00187085743527859,0,0,0,0,0,0,0,0.0177998710423708,0.540196716785431,0,0,0,0,0,0.0846696570515633,0,0,0,0,0.0270472522825003,0.00641436828300357,0.00620055571198463,0.00240538804791868,0.0151806715875864,0,0,0.00229848199523985,0,0,0,0,0.0309493262320757,0,0.108456276357174,0,0.132617056369781,0,0,0,0
"CRS3035RES50000mN3350000E3950000",0,0.00212877336889505,0,0,0,0,0,0,0,0,0.010225092060864,0.00900366436690092,0,0,0,0,0,0.00272203795611858,0,0,0,0,0.00205897749401629,0.00868958327919245,0,0.0603385083377361,0,0,0,0.0795672684907913,0,0,0,0,0.00530448416247964,0,0.00195428379811347,0,0.816611409187317,0,0.00139591691549867,0,0
"CRS3035RES50000mN3350000E4000000",0,0.029522143304348,0.00717910006642342,0.000914627511519939,0.000587974849622697,0.00246804254129529,0,0,0.000733153778128326,0.000551680102944374,0.00577086396515369,0.136439189314842,0,0,0,0.000217768450966105,0,0.205675050616264,0,0,0.00262773944996297,0,0.000210509504540823,0.00398516282439232,0.00201072869822383,0.0347340665757656,0,0,0,0.01575917750597,0,0,0,0,0.00378191214986145,0,0.019867742434144,0,0.524531602859497,0,0.00243174773640931,0,0
"CRS3035RES50000mN3350000E4050000",0,0.040459543466568,0.00795453879982233,0.000545957300346345,0.000393324065953493,0,0,0.000181985757080838,0.000986245344392955,0.0010214684298262,0.00242451997473836,0.20848523080349,0,0,0,0,0,0.376827925443649,0,0.0027884915471077,0.00249496614560485,0,0.00761404912918806,0,0.0014558860566467,0.0143064288422465,5.87050817557611e-06,0,0.000264172878814861,0.0208520460873842,0,0,0,0,0.0195840150117874,0,0.0123809017241001,0,0.259623229503632,0.00156155519653112,0.0177876409143209,0,0
"CRS3035RES50000mN3350000E4100000",0.00089591892901808,0.0420155078172684,0.0101463925093412,0,0.00265244976617396,0.000547260802704841,0,0.000158882176037878,0.00188893254380673,0.000913572497665882,0.00176535756327212,0.304930210113525,0,0,0,0,0,0.284606516361237,0,0.000158882176037878,0.000406032224418595,0,0.00243619340471923,0.00300993444398046,0.00169915659353137,0.00476646516472101,0.00398088106885552,0,0.000750276958569884,0.0048282528296113,0,0,0,0,0.00721148541197181,0.0014564199373126,0.0163383837789297,0,0.253977566957474,0.00570210488513112,0.00583450635895133,0,0.0369224511086941
"CRS3035RES50000mN3350000E4150000",0.00197491049766541,0.0665668249130249,0.0156511645764112,0,0,0.00322568695992231,0.00037852450623177,0.000316808553179726,0,0.000740591378416866,0.00352192367427051,0.216783449053764,0,0,0,0.000304465356748551,0,0.580014705657959,0,0.000987455248832703,0.000337380537530407,0,0.0198149345815182,0.0287719760090113,0.00731951184570789,0.00219708774238825,0,0,0.00118494627531618,0,0,0,0,0,0.000835222541354597,0.0110018970444798,0.00369472824968398,0,0.0281589310616255,0.000370295689208433,0.00584655767306685,0,0
"CRS3035RES50000mN3350000E4200000",0.00171053444501013,0.0468346811830997,0.0102466400712729,0.000211228223633952,0.00183478638064116,0.000455590314231813,0.000824204296804965,0.00081592082278803,0,0.000658535049296916,0.00369028141722083,0.166485115885735,0,0,0,0,0,0.508206844329834,0,0,0.000766220036894083,0,0.026014206930995,0.0428876131772995,0.00448963511735201,0.0040837456472218,0.000654393341392279,0,0.000944314466323704,0,0,0,0,0,0.00142889679409564,0.00952597893774509,0.00782786961644888,0,0.128132700920105,0.000140818825457245,0.00460974546149373,0,0.0265194978564978
"CRS3035RES50000mN3350000E4250000",0.000288000010186806,0.0544200018048286,0.00751599995419383,0,0,0,0.000636000011581928,0.000768000027164817,0.000123999998322688,0.00028000000747852,0.00174400000832975,0.419344007968903,0,0,0,0.0302760004997253,0,0.343764007091522,0,0,0.00100000004749745,0,0.0264640003442764,0.0579719990491867,0.0165439993143082,0.00279600010253489,0,0,0.00155199994333088,0,0,0,0,0,0.00253599998541176,0.0111039998009801,0,0,0,3.99999998990097e-06,0.00350000010803342,0,0.0173680000007153
"CRS3035RES50000mN3350000E4300000",0.00459600007161498,0.209312006831169,0.036752000451088,0.00414799991995096,0.00746400002390146,0.00408399989828467,0.00169599999208003,0.00146000005770475,0.00143199996091425,0.013043999671936,0.0331399999558926,0.26994800567627,0,0,0,0.0200599990785122,0,0.196815997362137,0,0.000539999979082495,0.00199600006453693,0,0.0447800010442734,0.092448003590107,0.0227879993617535,0.00170000002253801,0.00143199996091425,0,0.00196000002324581,0,0,0,0,0,0.000436000002082437,0.000644000014290214,0,0,0,0.00273999990895391,0.00634399987757206,0,0.0182399991899729
"CRS3035RES50000mN3350000E4350000",0.000144000005093403,0.0389919988811016,0.0053400001488626,0,0,0,0.0020240000449121,0.000303999986499548,0,0,0.00327200000174344,0.475300014019012,0,0,0,0.00397199997678399,0,0.203932002186775,0,0.00095999997574836,0.00340800010599196,0,0.0995759963989258,0.112787999212742,0.0226920004934072,0.00257600005716085,0.00266400002874434,0,0.00115200004074723,0,0,0,0,0,0.000339999998686835,9.99999974737875e-05,0,0,0,0.0049040000885725,0.0155600002035499,0,0
"CRS3035RES50000mN3350000E4400000",0.00154800002928823,0.0356759987771511,0.00811200030148029,0.000255999999353662,0,0.00120399997103959,0.00128399999812245,0,0,0.0010039999615401,0.00484400009736419,0.44404000043869,0,0,0,0.000660000019706786,0,0.17348800599575,0,0,0,0,0.0601800009608269,0.209920004010201,0.0204360000789165,0.000264000002061948,0.00585199985653162,0,0.00230800011195242,0,0,0.000144000005093403,0,0,0.00114800001028925,0.000148000006447546,0,0,0,0,0.0274839997291565,0,0
"CRS3035RES50000mN3350000E4450000",0.000243999995291233,0.0176599994301796,0.00440400000661612,0,0,0,0.0022960000205785,0,0,0,0.00365599989891052,0.470964014530182,0,0,0,0.000144000005093403,0,0.148788005113602,0,0,0,0,0.0624039992690086,0.179488003253937,0.0128880003467202,0.000752000021748245,0.00340800010599196,0,0.00602399976924062,0,0,0,0,0,0.00345199997536838,0,0,0,0,0,0.0834280028939247,0,0
"CRS3035RES50000mN3350000E4500000",0.00114800001028925,0.0200800001621246,0.00705600017681718,0,0,0.00144400005228817,0.00137600000016391,0.000284000008832663,0,0.000296000012895092,0.00445999996736646,0.403479993343353,0,0,0,0.000472000014269724,0,0.136243999004364,0,0,0,0,0.105195999145508,0.217092007398605,0.0142400003969669,0.00127200002316386,0.00174400000832975,0,0.00364800007082522,0,0,0,0,0,0.00729600014165044,0.000211999999010004,0,0,0,0,0.0729599967598915,0,0
"CRS3035RES50000mN3350000E4550000",0.000112000001536217,0.0216879993677139,0.00499199982732534,0,0,0.000260000000707805,0.000696000002790242,0.000103999998827931,0,0,0.00206000008620322,0.611608028411865,0,0,0,0,0,0.131484001874924,0,0,0,0,0.0686919987201691,0.10079599916935,0.0134279998019338,0.0027320000808686,0.00738399988040328,0,0.00191600003745407,0,0,0,0,0,0.00651999982073903,0.000403999991249293,0,0,0,0,0.0251240003854036,0,0
"CRS3035RES50000mN3350000E4600000",0.000907999987248331,0.0556440018117428,0.0140519998967648,0.00325200008228421,0.00235199998132885,0.00111199996899813,0.000352000002749264,0.00298799993470311,0.000571999989915639,0.00176000001374632,0.00947200041264296,0.321740001440048,0,0,0,0.000167999998666346,0,0.174887999892235,0,0.00733199995011091,0.0166200008243322,0,0.0795039981603622,0.173567995429039,0.0552639998495579,0.000828000018373132,0,0,0.0148879997432232,0,0,0,0,0,0.00527600012719631,0.00193200004287064,0,0,0,0.0112279998138547,0.0423320010304451,0.00196800008416176,0
"CRS3035RES50000mN3400000E2900000",0,0,0,0,0,0,0,0,0,0,0.0047083143144846,0,0,0,0,0,0,0.639412045478821,0,0,0,0,0,0.0106798345223069,0,0.0584519989788532,0.0640790089964867,0,0,0.0102204866707325,0,0,0,0,0.0290537439286709,0.1778824031353,0,0,0.00551217282190919,0,0,0,0
"CRS3035RES50000mN3400000E2950000",0.000749876955524087,0.0115449810400605,0.000882667663972825,0,0,0,0.000734254543203861,0,0,0,0.00206997292116284,0.00445239432156086,0,0,0,0,0,0.525327861309052,0,0.00145288661587983,0.0274486225098372,0,0.00151537638157606,0.015200630761683,0.00307762017473578,0.0241210423409939,0.037626639008522,0,0.0114121902734041,0.0104279769584537,0,0.0294717270880938,0.000679576012771577,0,0.00548347551375628,0.221166834235191,0.00387436430901289,0,0.0513900071382523,0.000218714121729136,0.00511634815484285,0.00335101271048188,0.00120292766951025
"CRS3035RES50000mN3400000E3000000",0,0.005831528455019,0.00214590551331639,0,0,0.00051323912339285,0.000537486688699573,0,0,0,0.00129724224098027,0.0011840871302411,0,0,0,0,0,0.653430223464966,0,0.00113155087456107,0.0643205866217613,0,0.00195596646517515,0.0995320230722427,0.00618311716243625,0,0.000238433931372128,0,0.0630677938461304,0.000383919046726078,0,0,0,0,0.000468785350676626,0.0744600892066956,0.00030713522573933,0,0.00297840358689427,0.000173773878486827,0,0,0.019858717918396
"CRS3035RES50000mN3400000E3050000",0.000655999989248812,0.0165720004588366,0.00306400004774332,0.000804000010248274,0,0,0.00146800000220537,0,0,0,0.00337999989278615,0.00417600013315678,0,0,0,0,0,0.816951990127563,0,0.0021959999576211,0.0263999998569489,0,0.00383600010536611,0.0363200008869171,0.0124679999426007,0.00555999996140599,0.00119199999608099,0,0.0270119998604059,0,0,0.00115200004074723,0,0,0.00299199996516109,0.0190239995718002,0.00190799997653812,0,0.00433599995449185,0.00154399999883026,0.000595999998040497,0,0.00639199977740645
"CRS3035RES50000mN3400000E3100000",0,0.00675999978557229,0.000176000001374632,0.000468000012915581,0,0,0.00270400010049343,0,0,0,0.00138799997512251,0.0365159995853901,0,0,0,0.000495999993290752,0,0.756056010723114,0,0.00531199993565679,0.014635999687016,0,0.00789999961853027,0.0700040012598038,0.0108599998056889,0.00170799996703863,0.000647999986540526,0,0.0322160013020039,0,0,0.000456000008853152,0,0,0.000284000008832663,0.0514120012521744,0,0,0,0,0,0,0
"CRS3035RES50000mN3400000E3150000",0.00036000000545755,0.0116280000656843,0.00100000004749745,0.00133600004483014,0,0,0.00205200002528727,0.000199999994947575,0,0.000163999997312203,0.00230800011195242,0.128948003053665,0,0,0,0.000108000000182074,0,0.710896015167236,0,0.0214680004864931,0.0245520006865263,0,0.00717200012877584,0.0431759990751743,0.00894800014793873,0,0.00906800013035536,0,0.0132520003244281,0,0,0,0.000636000011581928,0,0,0.0126080000773072,0,0,0,0,0.000119999996968545,0,0
"CRS3035RES50000mN3400000E3200000",0.000120817261631601,0.0125470962375402,0.00041614833753556,0.00129319215193391,0.000165564400958829,0,0.00179883476812392,0.000326654087984934,0.00022373566753231,0,0.00337393395602703,0.143606975674629,0,0,0,0,0,0.554009795188904,0,0.00868989340960979,0.0375070460140705,0,0.0132630504667759,0.0833415389060974,0.025009173899889,0.0103858094662428,0.0379589945077896,0,0.0273270756006241,0.000353502371581271,0,0.00116342550609261,0.000295331090455875,0,0.00094416452338919,0.0350459553301334,0,0,0,0,0.00083229667507112,0,0
"CRS3035RES50000mN3400000E3250000",0,0.0704877525568008,0.00308705493807793,0.0136859435588121,0.00298415310680866,0,0,0,0,0,0.0222267955541611,0.23091171681881,0,0,0,0,0,0.458839267492294,0,0.0134801398962736,0.0309734512120485,0,0.00730603002011776,0.0201687589287758,0.0245935376733541,0,0.00391026958823204,0,0.0113192014396191,0.0125540234148502,0,0,0,0,0.0510393083095551,0,0.015949783846736,0,0,0,0.00257254578173161,0.00391026958823204,0
"CRS3035RES50000mN3400000E3300000",0,0.00156887352932245,0,0,0,0,0,0,0,0,0.00525572616606951,0.0232193283736706,0,0,0,0,0,0.90531849861145,0,0,0,0,0.0080796992406249,0.00996234733611345,0,0,0.0465955436229706,0,0,0,0,0,0,0,0,0,0,0,0,0,0,0,0
"CRS3035RES50000mN3400000E3350000",0.000425954844104126,0.0197304468601942,0.00163828791119158,0,0.000496947322972119,0.00283423811197281,0.0105505743995309,0.00013106303231325,0,0,0.00532443542033434,0.00737775629386306,0,0,0,0,0,0.418041914701462,0,0,0.0010867309756577,0,0.0256938152015209,0.0359822623431683,0.00715931784361601,0.145469039678574,0.204742297530174,0,0.00763442134484649,0.000595244579017162,0.00182942149695009,0.0343002863228321,0,0,0.00172566319815814,0.0244705602526665,0.00410664174705744,0,0.0278945807367563,0,0.00793477427214384,0,0.00282331602647901
"CRS3035RES50000mN3400000E3400000",0.00110951263923198,0.0329045727849007,0.00546764070168138,0.000329092727042735,0.000390209956094623,0,0.00290071731433272,0.000380807323381305,0,0.000183351672603749,0.0112596731632948,0.0662698745727539,0,0,0,0,0,0.527831852436066,0,0,0.00149502127896994,0,0.0239203404635191,0.0380196124315262,0.0204225555062294,0.0653672218322754,0.104952372610569,0,0.0115840639919043,0.000662886828649789,0.00045602850150317,0.000202156967134215,0,0,0,0.0199759285897017,0.000329092727042735,0,0.0263086128979921,0.000517145730555058,0.00465431157499552,0,0.0321053490042686
"CRS3035RES50000mN3400000E3450000",0.00339300581254065,0.177626267075539,0.0534076802432537,0.00229952530935407,0.00503724673762918,0.00240404903888702,0.00153167673852295,0.000305531313642859,0.000828150718007237,0.0104483673349023,0.0291742216795683,0.325374782085419,0,0,0,0,0,0.292767345905304,0,0,0.00197389326058328,0,0.0127117112278938,0.00135881034657359,0.00562820862978697,0.00184926856309175,0.00226736394688487,0,0.0017125834710896,0,0,0.000156785812578164,0,0,0.00194977223873138,0.000816090265288949,0.0139539372175932,0,0.0260304640978575,0.000269349984591827,0.00232766615226865,0,0.0223962496966124
"CRS3035RES50000mN3400000E3500000",0.00625600013881922,0.154584005475044,0.0224120002239943,0.0015999999595806,0.000487999990582466,0.00296800001524389,0.00701199984177947,0.00014000000373926,0.000644000014290214,0.0178919993340969,0.026256000623107,0.0601160004734993,0,0,0,0,0,0.43503201007843,0,0.000668000022415072,0.00638400018215179,0,0.0250439997762442,0.012711999937892,0.00455600023269653,0.0409200005233288,0.0599320009350777,0,0.00142400001641363,0,0,0.000348000001395121,0,0,0,0.107036001980305,0,0,0,0,0.00557600008323789,0,0
"CRS3035RES50000mN3400000E3550000",0.00400799978524446,0.154676005244255,0.0318519994616508,0.00052000000141561,0,0.00228399992920458,0.00523999985307455,0.00252000009641051,0.000899999984540045,0.00698400009423494,0.0206400007009506,0.491771996021271,0,0,0,0,0,0.143399998545647,0,0.00356799992732704,0.00741600012406707,0,0.0378639996051788,0.0177120007574558,0.015607999637723,0.00680400012061,0.0275320000946522,0,0.00370000000111759,0,0,0.000276000006124377,0,0,0.00211200001649559,0.00846800021827221,0,0,0,0,0.00414399988949299,0,0
"CRS3035RES50000mN3400000E3600000",0.00022000000171829,0.0322239995002747,0.0167960003018379,0.000723999983165413,0.00297600007615983,0.00283599994145334,0.00284800003282726,0.000452000007499009,0.000415999995311722,0.000907999987248331,0.00977999996393919,0.794992029666901,0,0,0,0.000151999993249774,0,0.0505839996039867,0,0.0054199998266995,0.00400000018998981,0,0.00716000003740191,0.00522400019690394,0.0162160005420446,0.000419999996665865,0.000655999989248812,0,0.00276000006124377,0,0,0.000228000004426576,0,0,0.000668000022415072,0.00686400011181831,0.00193999998737127,0,0.00256799999624491,0.0042200000025332,0.0015999999595806,0,0.0241480004042387
"CRS3035RES50000mN3400000E3650000",0,0.047106496989727,0.0126809980720282,0.000365702988347039,0.00215468253009021,0,0.000247096613747999,0,0.000573264143895358,0.00264887581579387,0.0131751913577318,0.652601897716522,0,0,0,0,0,0.0273190010339022,0,0.00491228047758341,0.0048430934548378,0,0.00259945634752512,0.000266864342847839,0.00334074627608061,0.000929083267692477,0.00223375344648957,0,0.00116629607509822,0.000276748207397759,0,0,0,0,0,0,0.0136001976206899,0,0.0897949114441872,0,0.000850012351293117,0,0.116313315927982
"CRS3035RES50000mN3400000E4100000",0.00438966741785407,0.022370420396328,0.00413641752675176,0,0,0.00590916769579053,0,0,0,0,0,0,0,0,0,0,0,0.0465135909616947,0,0,0,0,0,0.00227925041690469,0,0.0141820022836328,0.105352014303207,0,0.00227925041690469,0.108391016721725,0,0,0,0,0.00675333430990577,0,0.0942934304475784,0,0.580786764621735,0,0.00236366712488234,0,0
"CRS3035RES50000mN3400000E4150000",0,0.0145054943859577,0,0,0,0.00126696832012385,0,0,0,0,0.00351648358628154,0.082611508667469,0,0,0,0,0,0.0580478347837925,0,0,0,0,0.00245636724866927,0,0,0.0223141573369503,0.0391208790242672,0,0.00224951514974236,0.0539107955992222,0,0,0,0,0,0,0.0405947007238865,0,0.679405272006989,0,0,0,0
"CRS3035RES50000mN3400000E4200000",0.00136264739558101,0.0253701489418745,0.00483520003035665,0,0,0.00464472267776728,0.000974366092123091,0.000344324856996536,0.000637367309536785,0,0.00184616737533361,0.132997304201126,0,0,0,0.000432237604400143,0,0.143510207533836,0,0,0,0,0.0029230983927846,0.0151063380762935,0.00230038305744529,0.00326009723357856,0.00147986435331404,0,0.000197803645278327,0.00300368503667414,0,0,0,0,0,0.00191942800302058,0.0252675842493773,0,0.548582792282104,0,0.000439563649706542,0,0.0785646811127663
"CRS3035RES50000mN3400000E4250000",0.000480232440168038,0.046038281172514,0.00651515321806073,0,0,0.000760368013288826,0.00140067795291543,0.000224108473048545,0,0.000372180133126676,0.001836889074184,0.377990961074829,0,0,0,0.00346967927180231,0,0.391321390867233,0,0.00116856559179723,0.0030134585686028,0,0.0184729415923357,0.0265608560293913,0.00789181981235743,0.00787581223994493,0.000108052299765404,0,0.00230911769904196,0,0,9.60464894887991e-05,0,0,0.00210101692937315,0.00256123952567577,0.0117696961387992,0,0.0337763465940952,0.00492238253355026,0.00324156880378723,0,0.0437211617827415
"CRS3035RES50000mN3400000E4300000",0.000456000008853152,0.0694240033626556,0.0128840003162622,0.00031999999191612,0,0.000155999994603917,0.00352800008840859,0.000531999976374209,0,0.000607999972999096,0.00662800017744303,0.457655996084213,0,0,0,0.000132000001030974,0,0.26843199133873,0,0.00047999998787418,0.00621599983423948,0,0.049915999174118,0.0773880034685135,0.0137560004368424,0.00381999998353422,0,0,0.0022960000205785,0,0,0,0,0,0.00031999999191612,0.00510000018402934,0,0,0,0,0.0199519991874695,0,0
"CRS3035RES50000mN3400000E4350000",0.00196697236970067,0.063257247209549,0.00951589271426201,0.000488118414068595,0.00107289396692067,0.000937574019189924,0.00129520532209426,0.00115505256690085,0,0.00123237818479538,0.00812886282801628,0.617745280265808,0,0,0,0,0,0.140800416469574,0,7.73256906541064e-05,0.00256624631583691,0,0.0854207277297974,0.0205154716968536,0.00506483297795057,0.0045477170497179,0.00054127984913066,0,0.001256542513147,0,0,0,0,0,0.00232460349798203,0.000666934065520763,0,0,0,0.00550462258979678,0.0239178035408258,0,0
"CRS3035RES50000mN3400000E4400000",0.000646703760139644,0.0274898093193769,0.00593301700428128,0,0.0007495884783566,0,0.00250352756120265,0.000137179580633529,0.000186172299436294,4.89927106173127e-06,0.0047522927634418,0.623138248920441,0,0,0,0.000632005976513028,0,0.135410949587822,0,0,0,0,0.0797748267650604,0.0453966446220875,0.0143842594698071,0.000852473138365895,0.00213608215562999,0,0.0007495884783566,0,0,0,0,0,0.00426726508885622,0.000156776673975401,0.000342948973411694,0,0,0,0.0293956268578768,0.0209590811282396,0
"CRS3035RES50000mN3400000E4450000",0.00154800002928823,0.0303039997816086,0.0112920003011823,0.000331999995978549,0.00022000000171829,0.00314799998886883,0.000192000006791204,0,0,0.000704000005498528,0.00665999995544553,0.574396014213562,0,0,0,0.0024679999332875,0,0.196275994181633,0,0,0,0,0.0846519991755486,0.0480960011482239,0.0111919995397329,0.00344399991445243,0,0,0.00207599997520447,0,0,0,0,0,0.00421199994161725,0.00313999992795289,0,0,0,0,0.0137160001322627,0.00193200004287064,0
"CRS3035RES50000mN3400000E4500000",0.000609509123023599,0.0225758980959654,0.00714970286935568,0,0.00018445671594236,0.000425052421633154,0.000485201366245747,6.4158855821006e-05,0,0.0001523772807559,0.00310368463397026,0.630156278610229,0,0,0,0.00027267515542917,0,0.166680708527565,0,0,0,0,0.0888078883290291,0.0288353972136974,0.00818025413900614,0.00320794293656945,0,0,0.00458735832944512,0,0,0,0,0,0.0195283517241478,0.000116287927085068,0,0,0,0,0.0148768350481987,0,0
"CRS3035RES50000mN3400000E4550000",0.000667524698656052,0.0258109550923109,0.004685761872679,0,0.000231234051170759,0.00136995268985629,0.00101655721664429,4.36290647485293e-05,0,0.000117798474093433,0.00325036537833512,0.330114960670471,0,0,0,0,0,0.211496263742447,0,0.000266137300059199,0,0,0.0529046058654785,0.131127163767815,0.0107240239158273,0.0028751555364579,0.000933661998715252,0,0.00197203387506306,0,0,0,0,0,0.0118758315220475,0.0120067186653614,0,0,0,0.000270500197075307,0.0119892675429583,0.18424990773201,0
"CRS3035RES50000mN3400000E4600000",0,0.0235201809555292,0.000566692964639515,0.000610284740105271,0.00182116718497127,0.00123025651555508,0.000416543567553163,0.000508570636156946,0,0.00087183533469215,0.000959018885623664,0.176469162106514,0,0,0,0.000992923625744879,0,0.142516016960144,0,0.00566208641976118,0.0163905043154955,0,0.0540441051125526,0.194395065307617,0.114515572786331,0.00016952354053501,0,0,0.010970595292747,0,0,0,0,0,0.0188316442072392,0.0020149084739387,0,0,0,0.00612706504762173,0.00673250621184707,0.219663769006729,0
"CRS3035RES50000mN3450000E2950000",0,0,0,0,0,0,0,0,0,0,0,0,0,0,0,0,0,0.885004341602325,0,0,0,0,0,0,0,0.090147353708744,0,0,0,0,0,0,0,0,0,0.024848310276866,0,0,0,0,0,0,0
"CRS3035RES50000mN3450000E3000000",0,0.00594312325119972,0.000788910198025405,0,0,0,0,0.00055599381448701,0,0,0.00174311583396047,0.000503399816807359,0,0,0,0,0,0.558510839939117,0,0,0.155866116285324,0,0.00225402903743088,0.0618881247937679,0.00771629298105836,0.00512415962293744,0.000157782036694698,0,0.0573349855840206,0.00124722940381616,0.00138998462352902,0,0,0,0.00214884104207158,0.0940155535936356,0.00482362229377031,0,0.00962470378726721,0,0.00277245580218732,0,0.0255907438695431
"CRS3035RES50000mN3450000E3050000",0.000255999999353662,0.00867199990898371,0.00177600001916289,0.00184799998532981,0,0.00170799996703863,0.00154800002928823,0,0,0.000108000000182074,0.00177600001916289,0,0,0,0,0,0,0.462220013141632,0,0.000108000000182074,0.10325600206852,0,0.0212239995598793,0.097691997885704,0.0189399998635054,0.0156199997290969,0.00533200008794665,0,0.0673519968986511,0,0.0302559994161129,0.0246079992502928,0,0,0.0109120002016425,0.0573199987411499,0.00287600001320243,0,0.01112399995327,0.000739999988581985,0.0287040006369352,0,0.0240240003913641
"CRS3035RES50000mN3450000E3100000",0.000188000005437061,0.00708399992436171,0.000859999970998615,0.00047999998787418,0,0,0.0014400000218302,0.000292000011540949,0,0,0.000920000020414591,0.0227719992399216,0,0,0,0,0,0.705268025398254,0,0.0137040000408888,0.0366480015218258,0,0.00694000022485852,0.0288159996271133,0.021764000877738,0.000891999981831759,0.00102800002787262,0,0.0226440001279116,0,0,0.00106399995274842,0,0,0.00953999999910593,0.0835359990596771,0,0,0,0.00210799998603761,0.0320120006799698,0,0
"CRS3035RES50000mN3450000E3150000",0.000500000023748726,0.0141559997573495,0.0011680000461638,0.00170799996703863,0,0,0.000939999998081475,0,0,0,0.00325999991036952,0.115932002663612,0,0,0,0,0,0.56495600938797,0,0.0323360003530979,0.0234040003269911,0,0.0129960002377629,0.0458879992365837,0.0299800001084805,0,0.00230400008149445,0,0.040667999535799,0,0,0,0,0,0.000628000008873641,0.109027996659279,0,0,0,0,0.000148000006447546,0,0
"CRS3035RES50000mN3450000E3200000",0.00525599997490644,0.0728759989142418,0.0170879997313023,0.00645199976861477,0,0.00197999994270504,0.00491600017994642,0.000755999993998557,0.00152799999341369,0.00864799972623587,0.0168040003627539,0.112556003034115,0,0,0,0,0,0.479148000478745,0,0.00753200007602572,0.0320760011672974,0,0.00700399978086352,0.0362799987196922,0.0126679996028543,0.00992800015956163,0.0495919995009899,0,0.0289840009063482,0,0,0,0.00134800001978874,0,0.00159600004553795,0.075652003288269,0,0,0,0,0.0092799998819828,0,5.19999994139653e-05
"CRS3035RES50000mN3450000E3250000",0.0120520927011967,0.287382662296295,0.0353843457996845,0.0104584274813533,0.00659876968711615,0.0142433829605579,0.00107074377592653,0.00131975393742323,0.00672327494248748,0.0147663038223982,0.0510968901216984,0.178191691637039,0,0,0,0.0011703479103744,0,0.143604174256325,0,0.0440250001847744,0.0367041006684303,0,0.0139694716781378,0.00677307695150375,0.00861575268208981,0,0.0222366098314524,0,0.0045319851487875,0.00552802626043558,0,0.000697228533681482,0,0,0,0,0.00941258482635021,0,0.0694738402962685,0,0,0,0.0139694716781378
"CRS3035RES50000mN3450000E3300000",0,0,0,0,0,0,0,0,0,0,0,0,0,0,0,0,0,0.117021277546883,0,0,0,0,0,0,0,0,0.882978737354279,0,0,0,0,0,0,0,0,0,0,0,0,0,0,0,0
"CRS3035RES50000mN3450000E3350000",0.00163621490355581,0.0246113985776901,0.00661303522065282,0.00109080993570387,0.00497682020068169,0,0.00548813724890351,0,0,0,0.013976002112031,0.0180665384978056,0,0,0,0,0,0.812960207462311,0,0,0.00204526865854859,0,0.00409053731709719,0.0010226343292743,0,0.0160894468426704,0.050756748765707,0,0.0016703027067706,0,0,0.00235205888748169,0,0,0,0.00320425420068204,0,0,0.0126124899834394,0,0.0118625583127141,0.00115898554213345,0.00371557124890387
"CRS3035RES50000mN3450000E3450000",0.00269943755120039,0.157272979617119,0.0242735575884581,0.000743013515602797,0.00142188207246363,0.00262460182420909,0.000855267397128046,0,0.000299343577353284,0.00625414261594415,0.0289187282323837,0.284210681915283,0,0,0,0,0,0.332485198974609,0,0,0.00368299521505833,0,0.0127755561843514,0.00210609589703381,0.00482156965881586,0.0142615837976336,0.0058104726485908,0,0.00215955008752644,0,0,0,0,0,0.00028865275089629,0.0342481136322021,0.0196871850639582,0,0.0510060079395771,0,0.00278496439568698,0,0.00430840952321887
"CRS3035RES50000mN3450000E3500000",0.00311599997803569,0.155811995267868,0.0167079996317625,0.000920000020414591,0,0,0.00314399995841086,0,0.000407999992603436,0.00824800040572882,0.0192440003156662,0.0103679997846484,0,0,0,0,0,0.495375990867615,0,0,0.00313200009986758,0,0.0217599999159575,0.00675999978557229,0.00532800005748868,0.0575519986450672,0.06241599842906,0,0.00269600003957748,0,0,0,0,0,0,0.122460000216961,0,0,0,0,0.00455200020223856,0,0
"CRS3035RES50000mN3450000E3550000",0.00265599996782839,0.149156004190445,0.0307199992239475,0.00237999996170402,0,0.00249999994412065,0.00465200003236532,0.000136000002385117,0.000628000008873641,0.0105440001934767,0.0237639993429184,0.491488009691238,0,0,0,0,0,0.228067994117737,0,0,0.000123999998322688,0,0.0192600004374981,0.00614400021731853,0.00367200002074242,0.00146800000220537,0.00646799989044666,0,0.00107999995816499,0,0,0,0,0,0.0033239999320358,0.00836400035768747,0,0,0,0,0.00340400007553399,0,0
"CRS3035RES50000mN3450000E3600000",0,0.0488080009818077,0.0136839998885989,0,0.00199600006453693,0.000768000027164817,0.00242800009436905,0,0.000384000013582408,0.00213199993595481,0.0124760000035167,0.792608022689819,0,0,0,0,0,0.0793239995837212,0,0.000352000002749264,0.000515999970957637,0,0.00872400030493736,0.00340400007553399,0.00453600008040667,0.000487999990582466,0.00323999999091029,0,0.000975999981164932,0,0,0,0,0,0.00112000002991408,0,0.00271999998949468,0,0.000180000002728775,0.00235600001178682,0.000747999991290271,0,0.0160319991409779
"CRS3035RES50000mN3450000E3650000",0.00224887556396425,0.0471488386392593,0.0037481258623302,0,0,0,0,0,0,0.000827172596473247,0.0348446480929852,0.812335193157196,0,0,0,0,0,0.0540764108300209,0,0.000516982865519822,0.00514397956430912,0,0.00741870421916246,0,0.00118906062562019,0,0.00191283668391407,0,0.00460114749148488,0,0,0,0,0,0,0,0,0,0.0208602603524923,0,0.00312774651683867,0,0
"CRS3035RES50000mN3450000E4150000",0,0.16666667163372,0,0,0,0,0,0,0,0,0,0,0,0,0,0,0,0,0,0,0,0,0,0,0,0.383333325386047,0.238888889551163,0,0,0.21111111342907,0,0,0,0,0,0,0,0,0,0,0,0,0
"CRS3035RES50000mN3450000E4200000",0,0.00909214746206999,0,0,0,0,0,0,0,0,0.000282820255961269,0.162579745054245,0,0,0,0,0,0.194810777902603,0,0,0.000502791546750814,0,0.00469272118061781,0.00175977044273168,0,0.00401185732334852,0.000565640511922538,0,0,0.0334042124450207,0,0,0,0,0.00384426023811102,0,0.044968418776989,0,0.525553345680237,0,0.0110090393573046,0,0.00292247580364347
"CRS3035RES50000mN3450000E4250000",0.00106657680589706,0.0469895265996456,0.00758231896907091,0,0.000164397177286446,0.00450688879936934,0.00237373495474458,0.000108261556306388,0.000184445627382956,0,0.00188856280874461,0.415227174758911,0,0,0,0.000132319677504711,0,0.389966160058975,0,0.00440664635971189,0.00404176488518715,0,0.0232321284711361,0.0172777436673641,0.00430640438571572,0.0141060799360275,0.000172416563145816,0,0.00369693175889552,0,0,0,0,0,0.00445476267486811,0.0167645029723644,0.00595839554443955,0,0.0133883459493518,0.00539703946560621,0.00552133936434984,0.00512037100270391,0.00196474674157798
"CRS3035RES50000mN3450000E4300000",0.00172165979165584,0.0725527107715607,0.0107073802500963,0.000780692615080625,0.00124600611161441,0.000651438836939633,0.00111675227526575,0.000439462717622519,0,0.00116845383308828,0.0112088844180107,0.52289342880249,0,0,0,0,0,0.219658970832825,0,0.000341229868354276,0.00378454942256212,0,0.0767043381929398,0.0103920008987188,0.00560444220900536,0.00119947467464954,0.000361910468200222,0,0.00129253743216395,0,0,0,0,0,0.00211459118872881,0.00343814957886934,0,0,0,0.00447734957560897,0.0344745591282845,0.0116690276190639,0
"CRS3035RES50000mN3450000E4350000",0.000272032280918211,0.0339946523308754,0.00390225602313876,0,0,0,0.000994324800558388,0,0,0.000337695237249136,0.0088457390666008,0.63361006975174,0,0,0,0.000994324800558388,0,0.144824355840683,0,0.00042211904656142,0.00369588658213615,0,0.0872191712260246,0.00646311137825251,0.00355518027208745,0.0227193851023912,0.00142582436092198,0,0.00124759622849524,0,0,0,0,0,0.00278598559089005,0.00236386666074395,0,0,0,0,0.0377186797559261,0.00260775769129395,0
"CRS3035RES50000mN3450000E4400000",0.00707755843177438,0.0698908865451813,0,0,0.00486582145094872,0,0,0,0,0,0.015039810910821,0.776319682598114,0,0,0,0,0,0.0389265716075897,0,0,0.00663521094247699,0,0.0406959615647793,0.0030964317265898,0.00398112647235394,0.00471837213262916,0,0,0,0,0,0,0,0,0.0196107346564531,0,0,0,0,0,0.00914184562861919,0,0
"CRS3035RES50000mN3450000E4450000",0.00161393859889358,0.0370197147130966,0.0123979821801186,0,0.00357634108513594,0.00119211373385042,0,0,0,0,0.00709766149520874,0.372370481491089,0,0,0,0,0,0.14591471850872,0,0,0,0,0.133956894278526,0.0910866558551788,0.0352865643799305,0.00616231095045805,0,0,0.00329206790775061,0.00120128376875073,0,0.000449335173470899,0,0,0.0152407148852944,0.0013571756426245,0.00233837682753801,0,0,0.000284273264696822,0.000486015575006604,0.127675384283066,0
"CRS3035RES50000mN3450000E4500000",0.00113176403101534,0.0191016066819429,0.00707723200321198,0.00030641644843854,0.000385491672204807,0.000128497224068269,0.000336069671902806,0.000202630239073187,0,0.00018780364189297,0.00356332678347826,0.505186855792999,0,0,0,0.00143818045035005,0,0.122551754117012,0,0,0,0,0.0768957063555717,0.0244441255927086,0.0107443444430828,0.00502127595245838,0.00116635940503329,0,0.00214985734783113,0.000163092627190053,0,0,0,0,0.0141940014436841,0.000439855881268159,0,0,0,0,0.00485818367451429,0.198325589299202,0
"CRS3035RES50000mN3450000E4550000",0.00117950839921832,0.0543530248105526,0.0196691006422043,0,0.0029965890571475,0.0147597948089242,0.00398482568562031,0,0,0,0.00883037410676479,0.285536676645279,0,0,0,0,0,0.181803688406944,0,0,0,0,0.158755466341972,0.11568745970726,0.0200197640806437,0.0213586669415236,0.00420797616243362,0,0.00235901679843664,0,0,0,0,0,0.0221556313335896,0,0,0,0,0,0.010137396864593,0.0722050443291664,0
"CRS3035RES50000mN3500000E3000000",0,0.00219366629607975,0.00025611330056563,0,0.00033406083821319,0.000278384046396241,0,0,0,0,0,0,0,0,0,0,0,0.0450314022600651,0,0.00818449072539806,0.111108638346195,0,4.45414443674963e-05,0.0594516955316067,0,0.0144871054217219,0.0165360122919083,0,0.0344750806689262,0.00271702813915908,0.028985345736146,0.0572134889662266,0.0387621931731701,0,0.00022270722547546,0.537804543972015,0,0,0,0,0.0415348969399929,0.000378602300770581,0
"CRS3035RES50000mN3500000E3050000",0.000518674496561289,0.0180871114134789,0.00202593370340765,0.000558572530280799,0,0.000261553796008229,0.00137869885656983,0,0,0.000115260998427402,0.00211459607817233,0.00151612551417202,0,0,0,0,0,0.633678376674652,0,0.000944253581110388,0.0597450956702232,0,0.00613543158397079,0.0166729465126991,0.00400753645226359,0.00535077042877674,0.00101518339943141,0,0.0102981273084879,0,0.0110960882157087,0.00801507290452719,0.00282389437779784,0,0.0095223318785429,0.122961319983006,0.000314751203404739,0,0.00595367373898625,0.000514241401106119,0.0734567195177078,0.000917654891964048,0
"CRS3035RES50000mN3500000E3100000",9.20000020414591e-05,0.00876399967819452,0.00122400000691414,0.000568000017665327,0,0,0.000500000023748726,0.00014000000373926,0,0,0.00102800002787262,0.00166800001170486,0,0,0,0,0,0.681644022464752,0,0.000615999975707382,0.0277120005339384,0,0.00448800018057227,0.0260680001229048,0.00869200006127357,0.0013160000089556,0,0,0.0193199999630451,0,0,0,0,0,0.0147080002352595,0.157427996397018,0,0,0,0.0019120000069961,0.0421120002865791,0,0
"CRS3035RES50000mN3500000E3150000",0.000464000011561438,0.00967600010335445,0.000828000018373132,0.00236800010316074,0,0.000103999998827931,0.00254400004632771,0,0,0,0.0006520000169985,0.012079999782145,0,0,0,0,0,0.759316027164459,0,0.00285200006328523,0.032660000026226,0,0.00791999977082014,0.0238400008529425,0.0178200006484985,0.00031999999191612,0,0,0.0230679996311665,0,0,0,0,0,0.00500399991869926,0.0734359994530678,0,0,0,0.000415999995311722,0.0246319994330406,0,0
"CRS3035RES50000mN3500000E3200000",0,0.0152799999341369,0.000844000023789704,0.000747999991290271,0,0,0.00313999992795289,0.00129199994262308,0,0.000103999998827931,0.00388800003565848,0.167076006531715,0,0,0,0,0,0.742540001869202,0,0.00522800022736192,0.0171160008758307,0,0.00600400008261204,0.00243599992245436,0.00908000022172928,0,0,0,0.00766800018027425,0,0,0,0,0,0.000607999972999096,0.0136799998581409,0,0,0.00011600000289036,3.9999998989515e-05,0.00311199994757771,0,0
"CRS3035RES50000mN3500000E3250000",0,0.0526850931346416,0.00470738857984543,0.00964073184877634,0,0,0.00276794447563589,0.00216539879329503,0,0.000564886664506048,0.0115990061312914,0.421104162931442,0,0,0,0.000696693547070026,0,0.344147771596909,0,0.0428748950362206,0.0150448139756918,0,0.00178880768362433,0.00122392107732594,0.00337049039080739,0,0,0,0,0.00103562546428293,0,0,0,0,0,0,0.00367176323197782,0,0.07819914072752,0.00271145580336452,0,0,0
"CRS3035RES50000mN3500000E3350000",0,0.0746404007077217,0.00539933471009135,0,0.00185737118590623,0.00669517507776618,0,0,0,0.00220292853191495,0.0116193685680628,0.0715303868055344,0,0,0,0,0,0.611766219139099,0,0,0.0123104834929109,0,0.011014643125236,0.0555051602423191,0.000691114866640419,0.0202151089906693,0.0993477627635002,0,0,0,0,0,0,0,0,0,0,0,0.0152045264840126,0,0,0,0
"CRS3035RES50000mN3500000E3450000",0.00136405054945499,0.0379993207752705,0.00770445913076401,0,0.00142874859739095,0.00048523535951972,0.0025178324431181,0,0.000129396095871925,0.00128317798953503,0.00817891210317612,0.0203906688839197,0,0,0,0,0,0.43887922167778,0,0,0.00764515297487378,0,0.0263482797890902,0.0118936579674482,0.0485828444361687,0.0523730702698231,0.0536346808075905,0,0.0119691388681531,0,0,0.00445338245481253,0,0,0.000916555698495358,0.0293136071413755,0.0211023464798927,0,0.17849113047123,0,0.00929495319724083,0.000663154991343617,0.0229570250958204
"CRS3035RES50000mN3500000E3500000",0,0.00308799999766052,9.99999974737875e-05,0.000511999998707324,0,0,0.00141200004145503,0,0,0,0.00145600002724677,0,0,0,0,0,0,0.305676013231277,0,0,0.000411999993957579,0,0.00581200001761317,0.00919200014322996,0.00218400009907782,0.207343995571136,0.1978639960289,0,0.010428000241518,0,0.00104000000283122,0.021959999576211,0,0,0,0.229507997632027,0,0,0,0,0.00201199995353818,0,0
"CRS3035RES50000mN3500000E3550000",0,0.0293480008840561,0.00455600023269653,0.000327999994624406,0,0.00378799997270107,0.00322799989953637,0,0,0.00192399998195469,0.0106159998103976,0.452475994825363,0,0,0,0,0,0.298067986965179,0,0,0.00182400003541261,0,0.0213639996945858,0.0222679991275072,0.00731999985873699,0.0242199990898371,0.0276399999856949,0,0.00298799993470311,0,0,0,0,0,0.000303999986499548,0.0864840000867844,0,0,0,0,0.00125600001774728,0,0
"CRS3035RES50000mN3500000E3600000",0.00163396284915507,0.0246075782924891,0.00138371635694057,0,0,0,0.00129539403133094,0,0,0.000421984412241727,0.00613349443301558,0.369290322065353,0,0,0,0,0,0.246571376919746,0,0,0.0104514742270112,0,0.0368255004286766,0.0761681869626045,0.00897452887147665,0.00735528627410531,0.0749071389436722,0,0.0115849440917373,0,0,0,0,0,0,0.120074190199375,0,0,0.00206085410900414,0,0.000260060158325359,0,0
"CRS3035RES50000mN3500000E3650000",0.0270270276814699,0.111111111938953,0,0,0,0,0,0,0,0,0.147747755050659,0.568768739700317,0,0,0,0,0,0.0750750750303268,0,0,0,0,0,0,0,0,0,0,0,0,0,0,0,0,0,0,0,0,0.0702702701091766,0,0,0,0
"CRS3035RES50000mN3500000E4200000",0.000450772931799293,0.024825656786561,0.00421605259180069,0,0,0.00298968516290188,0,0,0,0,0.00316866859793663,0.288521200418472,0,0,0,0,0,0.155662506818771,0,0.00717922206968069,0.00537613034248352,0,0.00131917372345924,0.00167051143944263,0.0024461061693728,0.00202184915542603,0.0274706333875656,0,0.00285047595389187,0.0079747037962079,0,0,0,0,0.00945960264652967,0.0048126638866961,0.0327871032059193,0,0.407465606927872,0,0.00594622548669577,0.00138546386733651,0
"CRS3035RES50000mN3500000E4250000",0.00103110505733639,0.0434028133749962,0.012482238933444,0,0.00033531870576553,0.00182748690713197,0.00196580588817596,0,0,0.00106882839463651,0.00273284735158086,0.589880108833313,0,0,0,0,0,0.207633525133133,0,0.00741054303944111,0.0268003474920988,0,0.028313472867012,0.0294325985014439,0.0109355812892318,0.00056585029233247,0.000871828640811145,0,0.0176587216556072,0,0,0,0,0,0.00173527421429753,0.00718839466571808,0,0,0,0,0.00304720876738429,0.00368012278340757,0
"CRS3035RES50000mN3500000E4300000",0.00111212208867073,0.0510228164494038,0.0061896899715066,0,0,0.000966085877735168,0.000123569130664691,0,0.00066277984296903,0.000606612069532275,0.00524607114493847,0.724901437759399,0,0,0,0.000292072480078787,0,0.0699850618839264,0,0.0138959102332592,0.0403621681034565,0,0.0392725132405758,0,0.00153899728320539,0.00896437838673592,0,0,0.000527977186720818,0,0,0,0,0,0.00132555968593806,0.000337006698828191,0.00361720542423427,0,0,0,0.0059313178062439,0.0231186598539352,0
"CRS3035RES50000mN3500000E4350000",0.00120494631119072,0.0376997590065002,0.00397632271051407,0,0.00108445168007165,0,0.000150618288898841,0,0,0,0.0122151430696249,0.745123744010925,0,0,0,0.00298224203288555,0,0.0104529093950987,0,0.0285120420157909,0.0766647085547447,0,0.0272769723087549,0.000617534969933331,0.0233910195529461,0.00335878785699606,0,0,0.00549756735563278,0,0,0,0,0,0.00570843322202563,0,0.00841956213116646,0,0,0,0.00221408880315721,0.00344915874302387,0
"CRS3035RES50000mN3500000E4400000",0.000395043258322403,0.0337796621024609,0.00347915291786194,0,0,0.000214848085306585,0.001386116608046,0.000755433575250208,0.000720780633855611,0.0010187957668677,0.016931414604187,0.739098191261292,0,0,0,0.00264748279005289,0,0.00467121321707964,0,0.00626524724066257,0.0474883578717709,0,0.0766245275735855,0.0021346197463572,0.037917222827673,0.0033544022589922,0,0,0.00115047686267644,0.00040890442323871,0,0,0,0,0.00146235304418951,0.00224550906568766,0.00765136396512389,0,0,0,0.00819887965917587,0,0
"CRS3035RES50000mN3500000E4450000",0,0.026854757219553,0.0012105640489608,0,0,0,0,0,0,0,0.0143044199794531,0.718976199626923,0,0,0,0,0,0.0106233172118664,0,0.0192207917571068,0.0474096387624741,0,0.10336734354496,0.000642340106423944,0.0245818607509136,0.00303876283578575,0,0,0.00279170880094171,0.00180349336005747,0,0,0,0,0.00284111965447664,0.00368110276758671,0.00503989914432168,0,0,0,0.000790572434198111,0.0128220962360501,0
"CRS3035RES50000mN3500000E4500000",0,0.030330466106534,0,0,0,0,0,0,0,0,0.00995925720781088,0.463727921247482,0,0,0,0,0,0.0619624257087708,0,0,0,0,0.0277274791151285,0.0535310097038746,0.0138071523979306,0.0042440015822649,0,0,0.0125622451305389,0,0,0,0,0,0.0076957899145782,0,0,0,0,0,0,0.314452230930328,0
"CRS3035RES50000mN3500000E4550000",0,0,0,0,0,0,0,0,0,0,0.0122950822114944,0.371833086013794,0,0,0,0,0,0.177347242832184,0,0,0,0,0.421758562326431,0,0.016766021028161,0,0,0,0,0,0,0,0,0,0,0,0,0,0,0,0,0,0
"CRS3035RES50000mN3550000E2950000",0,0,0,0,0,0,0,0,0,0,0,0,0,0,0,0,0,0.147783249616623,0,0,0,0,0,0,0,0,0.682265996932983,0,0,0.0862068980932236,0,0.0837438404560089,0,0,0,0,0,0,0,0,0,0,0
"CRS3035RES50000mN3550000E3000000",0,0.00222300225868821,0,0,0,0,0,0,0,0,0.00103837600909173,0,0,0,0,0,0,0.0433412306010723,0,0,0.120349243283272,0,0.00544781796634197,0.0308441556990147,0.00436556665226817,0.0457470454275608,0.0488402359187603,0,0.0245919618755579,0.00771469529718161,0.00784632004797459,0.0475166738033295,0,0,0.00356850354000926,0.561797976493835,0.000606938090641052,0,0.0168992038816214,0,0.0265517141669989,0.00070931320078671,0
"CRS3035RES50000mN3550000E3050000",0.000236745268921368,0.00837837532162666,0.000473490537842736,0.000220694753807038,0,0.000353111594449729,0.00184982328210026,0,0,0,0.0013442316558212,0.000244770548306406,0,0,0,0,0,0.554995119571686,0,0.000180568429641426,0.101030044257641,0,0.00735114142298698,0.0345006063580513,0.00507196644321084,0.0027005011215806,0.00587850576266646,0,0.0189035087823868,0,0.000573806348256767,0.00101118325255811,0.000445402140030637,0,0.0104127796366811,0.189998120069504,0,0,0.000361136859282851,0,0.0534843690693378,0,0
"CRS3035RES50000mN3550000E3100000",0,0.00562399998307228,0,0.000136000002385117,0,0.000544000009540468,0.000604000000748783,0,0,0,0.000380000012228265,9.99999974737875e-05,0,0,0,0,0,0.586395978927612,0,0.000155999994603917,0.125208005309105,0,0.00478400010615587,0.0545359998941422,0.00902799982577562,0.00383200007490814,0.00283199991099536,0,0.0353639982640743,0,0,0,0.00187599996570498,0,0.00945600029081106,0.135964006185532,0,0,0,0.000372000009519979,0.0228080004453659,0,0
"CRS3035RES50000mN3550000E3150000",0,0.00715600000694394,0.000987999956123531,0,0,0,0.0019000000320375,0.000103999998827931,0,0,0.00184799998532981,0.000292000011540949,0,0,0,0,0,0.525668025016785,0,0,0.221852004528046,0,0.00922800041735172,0.037491999566555,0.0113399997353554,0.00403599999845028,0.00265999999828637,0,0.030120000243187,0,0,0,0.000228000004426576,0,0.00334400008432567,0.0866400003433228,0,0,0,0.00138399994466454,0.0537200011312962,0,0
"CRS3035RES50000mN3550000E3200000",0.000296000012895092,0.0119399996474385,0.000411999993957579,0.000411999993957579,0,0,0.000864000001456589,0,0,0,0.00231199990957975,0.0046560000628233,0,0,0,0,0,0.83516401052475,0,0.000188000005437061,0.078404001891613,0,0.00339199998416007,0.0151159996166825,0.00870800018310547,0.0074880002066493,0.00211600004695356,0,0.0121039999648929,0,0,0,0,0,0.000407999992603436,0.00846800021827221,0,0,0,0,0.00755200022831559,0,0
"CRS3035RES50000mN3550000E3250000",0.00115849461872131,0.0310557056218386,0.00300582381896675,0.00170419469941407,0,0,0.00212912517599761,0,0,0,0.0049649765715003,0.051917552947998,0,0,0,0,0,0.700464308261871,0,0.0137632731348276,0.00814524572342634,0,0.00300582381896675,0.0185716971755028,0.00561355473473668,0.051398690789938,0.063171498477459,0,0.00768900476396084,0,0,0.000881171552464366,0,0,0,0.00803342182189226,0.00139108812436461,0,0.0149441324174404,0.000134188565425575,0.00352468620985746,0,0.00333234923891723
"CRS3035RES50000mN3550000E3300000",0,0.0252603199332952,0.000519826484378427,0,0,0.00302149169147015,0.00141327828168869,0,0,0,0.0147663215175271,0.0699329078197479,0,0,0,0,0,0.691255569458008,0,0.0936337485909462,0.0257801450788975,0,0.00627040723338723,0.000471092760562897,0.00776490848511457,0.00268035545013845,0.0037849866785109,0,0.000406114471843466,0,0.0025991324800998,0,0,0,0,0,0.000601049396209419,0,0.0448675267398357,0,0.00479215057566762,0,0.000178690359462053
"CRS3035RES50000mN3550000E3350000",0,0.0214860718697309,0.00138993456494063,0,0,0.00292465393431485,0.00350379338487983,0,0,0.000839752145111561,0.00390919111669064,0.109804831445217,0,0,0,0,0,0.465077906847,0,0,0.0255690049380064,0,0.0117275724187493,0.040945153683424,0.00518329767510295,0.104389876127243,0.189928770065308,0,0.003677535103634,0,0.00535703962668777,0,0,0,0,0,0,0,0.00327213760465384,0,0.00101349398028105,0,0
"CRS3035RES50000mN3550000E3400000",0,0.150743663311005,0.0171512793749571,0,0.00415382534265518,0,0,0,0,0.0229130368679762,0.014471392147243,0.199249625205994,0,0,0,0,0,0.480369836091995,0,0,0,0,0,0,0,0.0128634599968791,0,0,0.00267988746054471,0,0,0,0,0,0.00750368507578969,0,0,0,0.087900310754776,0,0,0,0
"CRS3035RES50000mN3550000E3450000",0.000253535981755704,0.0116709684953094,0.00570663809776306,0,0.000220285379327834,0,0.00108064524829388,0,0,0,0.00234832521528006,0.0465217754244804,0,0,0,0,0,0.392091333866119,0,0,0.000332506228005514,0,0.026035238057375,0.0245057083666325,0.0150750009343028,0.221844002604485,0.139461427927017,0,0.00986712239682674,0,0.0053782882168889,0.053774569183588,0,0,0,0.0174690466374159,0,0,0.00633424334228039,0,0.0184333138167858,0,0.00159602984786034
"CRS3035RES50000mN3550000E3500000",0,0.00466800015419722,0.000531999976374209,0.00135200005024672,0,0,0.00207199994474649,0,0,0,0.002608000067994,0.0368519984185696,0,0,0,0,0,0.356243997812271,0,0,0.00063999998383224,0,0.00366799999028444,0.0114439995959401,0.00757599994540215,0.155839994549751,0.179631993174553,0,0.00552000012248755,0,0.00028000000747852,0.0503760017454624,0,0,0,0.17756000161171,0,0,0,0,0.00313599989749491,0,0
"CRS3035RES50000mN3550000E3550000",0.00436735991388559,0.127000316977501,0.0277212411165237,0.00118273950647563,0.00112005020491779,0,0.00361090805381536,0,0,0.00919026229530573,0.0173565987497568,0.35490545630455,0,0,0,0,0,0.304770648479462,0,0,0.00466826884075999,0,0.018748302012682,0.0283606722950935,0.00585100846365094,0.018723227083683,0.0454665124416351,0,0.00523247290402651,0,0.000108661581180058,0.000217323162360117,0,0,0.00053912861039862,0.0156138334423304,0.000555845792405307,0,0.000246578216319904,0.00164664094336331,0.00279594608582556,0,0
"CRS3035RES50000mN3550000E3600000",0.0143626574426889,0.220173001289368,0.210461884737015,0.037049125880003,0.0554104782640934,0,0.0109352050349116,0,0,0.0314183123409748,0.0328872203826904,0.165986612439156,0,0,0,0,0,0.065121591091156,0,0,0.00775257078930736,0,0.0268483757972717,0,0.00693651055917144,0.0329688265919685,0,0,0,0,0,0,0,0,0.00489636044949293,0,0.00661008665338159,0,0.0588379316031933,0.00832381285727024,0.00301942229270935,0,0
"CRS3035RES50000mN3550000E4200000",0.000769497128203511,0.0284329187124968,0.00768727622926235,0,0.00168519874569029,0,0.0008618367719464,0,0.000415528455050662,0.00152360426727682,0.0146820051595569,0.493424654006958,0,0,0,0,0,0.0265322607010603,0,0.00794890522956848,0.0161825250834227,0,0.000492478138767183,0.0134815899655223,0.00300873373635113,0.00542495492845774,0.0246546883136034,0,0.0212919861078262,0.0284483097493649,0,0,0,0,0.00295486906543374,0.00106190599035472,0.0356892757117748,0,0.262506246566772,0,0.000838751904666424,0,0
"CRS3035RES50000mN3550000E4250000",0.000799173023551702,0.0395590662956238,0.00701882410794497,0,0.00013029994443059,0.00324446870945394,0.00117704283911735,0,0,0.00301861553452909,0.00484281498938799,0.762237310409546,0,0,0,0.000256256578722969,0,0.0122872851788998,0,0.0133948344737291,0.0558813065290451,0,0.0182115901261568,0.00768335396423936,0.0186242070049047,0.000998966279439628,0.00147238944191486,0,0.0353547185659409,0,0,0,0,0,0.00225418922491372,0.00542482128366828,0.000673216418363154,0,0,0,0.00436939159408212,0.00108583294786513,0
"CRS3035RES50000mN1750000E6500000",0,0,0,0,0,0,0,0,0,0,0.00567000545561314,0.238329231739044,0,0,0,0,0,0,0.0551880560815334,0,0.0487620495259762,0,0,0.162729158997536,0,0,0,0.431298434734344,0,0.0298620294779539,0.00642600655555725,0.0217350218445063,0,0,0,0,0,0,0,0,0,0,0
"CRS3035RES50000mN3550000E4300000",0.00169093639124185,0.071048378944397,0.0109881805256009,8.71616648510098e-05,0.00141782977152616,0.000947156804613769,0.000418376002926379,0.000941345992032439,0.0003137820167467,0.00643834192305803,0.00728090479969978,0.661266505718231,0,0,0,0.00718212127685547,0,0.00465443311259151,0,0.0169732812792063,0.102676443755627,0,0.0231268964707851,0.00927400123327971,0.0387695096433163,0.00109242624603212,0,0,0.0142770810052752,0,0,0,0,0,0.00256836391054094,0,0.00592118268832564,0,0,0,0.00506118731573224,0.00558415753766894,0
"CRS3035RES50000mN3550000E4350000",0.00109042762778699,0.0616005063056946,0.0105148376896977,0.00146255770232528,0.00124620296992362,0,0.00277799414470792,0,0.000225008872803301,0.00133274483960122,0.0144957639276981,0.642556071281433,0,0,0,0.00610120221972466,0,0.00128947396297008,0,0.0165641140192747,0.0949970111250877,0,0.0182603355497122,0.0025962560903281,0.0597571618855,0.00106446503195912,0,0,0.0029597319662571,0,0,0,0,0,0.00610985606908798,0.000328859110595658,0.00566849252209067,0,0,0,0.00109042762778699,0.0459104627370834,0
"CRS3035RES50000mN3550000E4400000",0.00113984826020896,0.0440052039921284,0.00952227227389812,0,0.000353050359990448,0,0.000690969987772405,0,0,0.000307658163364977,0.00748466746881604,0.679455518722534,0,0,0,0.00239065522328019,0,0.0131536470726132,0,0.0144044542685151,0.0591359362006187,0,0.0430973619222641,0.00570932868868113,0.060981884598732,0.00442321645095944,0,0,0.0107932537794113,0,0,0,0,0,0.00469052605330944,0.00589089747518301,0.00419625546783209,0,0,0,0.010394811630249,0.0177786070853472,0
"CRS3035RES50000mN3550000E4450000",0.001251065521501,0.0513899214565754,0.00376694439910352,0.000591162825003266,0.00367070850916207,0,0.00204844796098769,0.00038494321051985,0,0,0.0145865986123681,0.67744505405426,0,0,0,0.000439935101894662,0,0.00699771801009774,0,0.0183122996240854,0.0426462106406689,0,0.0628557279706001,0.00547169288620353,0.0777447819709778,0.00346448901109397,0,0,0.00565041648223996,0,0,0,0,0,0.00677775032818317,0.00075613847002387,0.0116445319727063,0,0.00138854514807463,0,0.00035744727938436,0.00035744727938436,0
"CRS3035RES50000mN3550000E4500000",0.00100300903432071,0.076076053082943,0.00819850899279118,0.00109022716060281,0.00250752246938646,0,0.000632331764791161,0,0.000763159070629627,0.0056691812351346,0.0127556584775448,0.848589241504669,0,0,0,0,0,0.0362827628850937,0,0.000566918170079589,0.000893986318260431,0,8.72181772137992e-05,0,0.00167894992046058,0,0,0,0,0.00128646811936051,0,0,0,0,0,0,0,0,0,0,0,0.00191879982594401,0
"CRS3035RES50000mN3550000E4550000",0.0034782609436661,0.0600347816944122,0.0127999996766448,0,0,0,0,0,0,0,0.0258086957037449,0.691130459308624,0,0,0,0,0,0.113321736454964,0,0,0,0,0.0067478260025382,0.0727652162313461,0.0031999999191612,0,0,0,0,0.0107130436226726,0,0,0,0,0,0,0,0,0,0,0,0,0
"CRS3035RES50000mN3550000E4600000",0.00203859736211598,0.031632237136364,0.00307488441467285,0,0.00293897790834308,0.00358453392982483,0.000764474039897323,0.000475672743050382,0,0,0.0228662677109241,0.590207934379578,0,0,0,0,0,0,0,0.00355055718682706,0.161711737513542,0,0.0340275876224041,0.082716092467308,0.0440337061882019,0.00242932862602174,0.00242932862602174,0,0.00621772231534123,0.00239535188302398,0,0,0,0,0,0.00290500139817595,0,0,0,0,0,0,0
"CRS3035RES50000mN1800000E2650000",0.000298820610623807,0.00441237259656191,0,0,0,0,0,0,0,0,0.000489557161927223,0.168611124157906,0.0718758925795555,0.0031853006221354,0.000705725280568004,0.00274660647846758,0.00229519652202725,0.0478748753666878,0.000699367374181747,0.034243568778038,0.0482436344027519,0.0780303254723549,0.262765049934387,0.00195187085773796,0.00523253949359059,0.00172298692632467,0,0.0190609395503998,0.230759456753731,0.00262580672279,0.00035604159347713,0,0,0,0.00032425214885734,0,0.000693009526003152,0,0,0.0015449661295861,0.00850049313157797,0,0.000750230450648814
"CRS3035RES50000mN1800000E2700000",0.000980000011622906,0.00293600000441074,0.000448000006144866,0.000975999981164932,0,0,0.000780000002123415,0.000195999993593432,0,0,0,0.367655992507935,0.0430639982223511,0.00710800010710955,0.00281199999153614,0.000464000011561438,0.0662039965391159,0.045304000377655,0.0151279997080564,0.0151800001040101,0.0341119989752769,0.199067994952202,0.0619199983775616,0.00405600015074015,0.000768000027164817,0,0,0.00557200005277991,0.109860002994537,0,0,0,0,0,0,0,0,0,0,0,0.0154079999774694,0,0
"CRS3035RES50000mN3600000E3000000",0,0.00437001837417483,0,0,0,0,0,0,0,0,0.0018948590150103,0,0,0,0,0,0,0.124965950846672,0,0,0.102879002690315,0,0,0.0310046300292015,0.000438186136307195,0.013974585570395,0.0259477254003286,0,0.0176695603877306,0.0144009282812476,0.00447660451754928,0.0153720434755087,0,0,0,0.578038573265076,0,0,0.0377905927598476,0,0.0148035855963826,0,0.0119731407612562
"CRS3035RES50000mN3600000E3050000",0.000236977779422887,0.00448523787781596,0.000416156108258292,0,0,0,0.000213858002098277,0,0,0,0.000572214659769088,0.000190738210221753,0,0,0,0,0,0.307568252086639,0,0.000144498641020618,0.0542968101799488,0,0.00365870585665107,0.0847629085183144,0.00243335729464889,0.00745035009458661,0.0147273018956184,0,0.0611229278147221,0.00347374752163887,0.00183802284300327,0.00445055821910501,0,0,0.00464129634201527,0.403417110443115,0.000809192424640059,0,0.00914965476840734,0,0.0242757722735405,0.00055487483041361,0.00510947220027447
"CRS3035RES50000mN3600000E3100000",0.000570553645957261,0.00972107890993357,0.000852219352964312,0.00130721786990762,0.000209443751373328,0.000512776081450284,0.000794441788457334,0,0,0.000173332751728594,0.00166110554710031,0,0,0,0,0,0,0.36199101805687,0,0,0.171873867511749,0,0.0154193928465247,0.0497537218034267,0.0131299560889602,0.0324998907744884,0.0315393395721912,0,0.0451026260852814,0.00510609429329634,0,0.000700553238857538,0.00602331338450313,0,0.0019933267030865,0.190911591053009,0.00179110514000058,0,0.0321243368089199,0,0.0148199507966638,0,0.00941774621605873
"CRS3035RES50000mN3600000E3150000",0.000235791492741555,0.00928687583655119,0.00159676349721849,0.000364028965122998,0,0.000293705204967409,0.000707374478224665,0,0.000111690707853995,0,0.00167949730530381,0,0,0,0,0,0,0.402194112539291,0,0.000277158425888047,0.118611395359039,0,0.00694964407011867,0.0828951895236969,0.00463309604674578,0.0470466092228889,0.0242203362286091,0,0.0676432028412819,0.00190701545216143,0,0,0.00130719493608922,0,0.000810791796538979,0.148172199726105,0.000119964090117719,0,0.00719784572720528,0.00182014482561499,0.0691324099898338,0,0.00078597164247185
"CRS3035RES50000mN3600000E3200000",0.00039999998989515,0.0116919996216893,0.00436800019815564,0,0,0,0.00484400009736419,0,9.99999974737875e-05,0,0.00343600008636713,0.00210399995557964,0,0,0,0,0,0.661087989807129,0,0,0.0321200005710125,0,0.00148400000762194,0.0339119993150234,0.00542799988761544,0.104988001286983,0.0559960007667542,0,0.0242800004780293,0,0,0,0,0,0,0.0528279989957809,0,0,0,0,0.000931999995373189,0,0
"CRS3035RES50000mN1800000E2750000",0.00146000005770475,0.00363199994899333,0.00189199997112155,0,0,0.000407999992603436,0.000207999997655861,0,0.000119999996968545,0,0,0.213863998651505,0.033160001039505,0,0.00436400016769767,0.00766400014981627,0.182528004050255,0.0122720003128052,0.00863999966531992,0.0116159999743104,0.021611999720335,0.263451993465424,0.0416680015623569,0.0092359995469451,0.000112000001536217,0.0143400002270937,0,0.029839999973774,0.125735998153687,0,0,0.00172800000291318,0,0,0,0,0,0,0,0.00382800004445016,0.00662000011652708,0,0
"CRS3035RES50000mN3600000E3250000",0.00369199994020164,0.0468240007758141,0.0116400001570582,0.000284000008832663,0,0.00236400007270277,0.00249599991366267,0.000391999987186864,0.000587999995332211,0.00135200005024672,0.00975999981164932,0.0364480018615723,0,0,0,0.000303999986499548,0,0.630864024162292,0,0.0224399995058775,0.00282400008291006,0,0.00842799991369247,0.005044000223279,0.00186800002120435,0.0352879986166954,0.00674400012940168,0,0.00125199998728931,0,0,0,0,0,0.000155999994603917,0.0119200004264712,0,0,0,0.000631999981123954,0.156396001577377,0,0
"CRS3035RES50000mN3600000E3300000",0.0164590701460838,0.119695402681828,0.0153712267056108,0,0.00613543670624495,0.00285014952532947,0.00288278493098915,0.00176230620127171,0.000598313868977129,0.00304596149362624,0.0232254546135664,0.0398585796356201,0,0,0,0,0,0.531770467758179,0,0.0461898297071457,0.0068098995834589,0,0.0139243947342038,0.0170682612806559,0.000413380475947633,0.0688387304544449,0.0267935823649168,0,0.00701658939942718,0,0,0,0,0,0,0,0,0,0.0328202322125435,0,0.00207778089679778,0,0.0143921673297882
"CRS3035RES50000mN3600000E3350000",0,0.0045973458327353,0.0134897651150823,0,0.0003936565190088,0.000239005734329112,0.000555336882825941,0,0,0,0.00289618712849915,0.104958668351173,0,0,0,0,0,0.309308558702469,0,0,0.0063828588463366,0,0.0201678667217493,0.146658137440681,0.00539168808609247,0.0447784289717674,0.0933598577976227,0,0.0652555972337723,0,0.00560257583856583,0.000386626925319433,0,0,0,0.159508213400841,0.000217916996916756,0,0.00855499971657991,0,0.00539871770888567,0,0.00189798674546182
"CRS3035RES50000mN3600000E3400000",0,0.00541773298755288,0.00162332807667553,0.00104570214170963,0,0,0.000273874378763139,0,0,0,0.00284331408329308,0.0752556994557381,0,0,0,0,0,0.31325751543045,0,0,0.0181802790611982,0,0.0218004006892443,0.164259895682335,0.0152224358171225,0.0605112984776497,0.163074761629105,0,0.0735377594828606,0,0.000174283690284938,0.0040184841491282,0,0,0,0.0280895512551069,0.00433717435225844,0,0.0165918078273535,0.000353546929545701,0.0099042933434248,0,0.0202268678694963
"CRS3035RES50000mN3600000E3450000",0.000664496561512351,0.021932877600193,0.0110450107604265,0.00168369070161134,0,0.000170613988302648,0.00121225730981678,0,0.000116735885967501,0.000112246045318898,0.00826579891145229,0.185196995735168,0,0,0,0,0,0.413231551647186,0,0,0.00121674709953368,0,0.0160062853246927,0.0926568657159805,0.00635761581361294,0.0794073417782784,0.0295835677534342,0,0.0299741830676794,0,0,0.000269390497123823,0,0,0,0.0173487477004528,0.0196071397513151,0,0.0341003462672234,0,0.000880008970852941,0,0.0289594791829586
"CRS3035RES50000mN3600000E3500000",0,0.00419999985024333,0.000631999981123954,0,0,0.000671999994665384,0.000768000027164817,0,0,0,0.00514000002294779,0.0391199998557568,0,0,0,0,0,0.28235599398613,0,0,0.000288000010186806,0,0.00827199965715408,0.174260005354881,0.0110919997096062,0.185652002692223,0.0851240009069443,0,0.0997319966554642,0,0,0,0,0,0,0.0974519997835159,0,0,0,3.19999999192078e-05,0.00520800007507205,0,0
"CRS3035RES50000mN3600000E3550000",0.00431341910734773,0.0760392770171165,0.01757119782269,0,0.000801133282948285,0.00127008941490203,0.00259879836812615,0.000263787806034088,0.000742513802833855,0.00500708306208253,0.0161301344633102,0.324209868907928,0,0,0,0,0,0.325978219509125,0,0,0.00422548968344927,0,0.0128083629533648,0.0353573337197304,0.0176053922623396,0.0518294163048267,0.0605197586119175,0,0.0150456745177507,0,0,0.000464071112219244,0,0,0.000503150804433972,0.0160519760102034,0.000210053243790753,0,0.00509989727288485,0.00219823163934052,0.00215426692739129,0,0.00100141658913344
"CRS3035RES50000mN3600000E4200000",0.000210206184419803,0.0250458419322968,0.00364953698590398,0,0,0.000563531473744661,0.000402522477088496,0,0,0.000174426400917582,0.0153853036463261,0.563294410705566,0,0,0,0,0,0.0198711920529604,0,0.0357216335833073,0.055431816726923,0,0.00151169556193054,0.0694172382354736,0.00333199161104858,0.00998255703598261,0.0542555563151836,0,0.0268795564770699,0.00600653002038598,0,0,0,0,0.0281810462474823,0.00653428165242076,0.0123216602951288,0,0.0111275101080537,0,0.00771054159849882,0.0429893992841244,0
"CRS3035RES50000mN3600000E4250000",0.000225786425289698,0.0369362384080887,0.0112127149477601,0.000411253829952329,0,0.00337066873908043,0.000415285729104653,0,0.000157244110596366,0.00163291965145618,0.00412463396787643,0.609849154949188,0,0,0,0,0,0.0110998218879104,0,0.0153776677325368,0.127912044525146,0,0.0114465653896332,0.0495843105018139,0.0305255185812712,0.00306827621534467,0.00624138163402677,0,0.0634258240461349,0,0,0,0,0,0.00718081463128328,0.00381820974871516,0.000274169229669496,0,0,0,0.00170952582266182,0,0
"CRS3035RES50000mN1800000E2800000",0.00118799996562302,0.00125600001774728,0.000915999989956617,0,0,0,0.000655999989248812,0,0,0,0,0.0517159998416901,0.00358000001870096,0,0.000311999989207834,0.0038079998921603,0.0547319985926151,0.0109999999403954,0.00169199996162206,0.00787600036710501,0.00545600010082126,0.336419999599457,0.166155993938446,0.0371359996497631,0.00384399993345141,0.00851999968290329,0,0.115695998072624,0.18325999379158,0,0,0.00466800015419722,0,0,0,0,0,0,0,0,0.000112000001536217,0,0
"CRS3035RES50000mN3600000E4300000",0.00203314190730453,0.0680523961782455,0.0172651764005423,0,0.00143807590939105,0,0.000504153082147241,0.000380181008949876,0,0.00327286240644753,0.0157609824091196,0.675383269786835,0,0,0,0.000545477087143809,0,0.0093061700463295,0,0.0191578157246113,0.0791024416685104,0,0.0360676050186157,0.00506632495671511,0.0389189645648003,0.00128930946812034,0.000281003332929686,0,0.00815736223012209,0,0,0,0,0,0.002090995432809,0.00198355293832719,0.00454564252868295,0,0,0,0.00217364355921745,0.007223438937217,0
"CRS3035RES50000mN3600000E4350000",0.000544783193618059,0.03928492218256,0.00597243802621961,0,0.0045600370503962,0,0,0,0,0.000867617665790021,0.0344222262501717,0.643066108226776,0,0,0,0,0,0.0127519620582461,0,0.0368031300604343,0.0676741823554039,0,0.00952361710369587,0.0113799152895808,0.0132160363718867,0.0140836546197534,0.00161417247727513,0,0.00920078251510859,0,0,0,0,0,0.010633360594511,0.000968503474723548,0.0109763722866774,0,0,0,0.000504428870044649,0.0719517394900322,0
"CRS3035RES50000mN3600000E4400000",0.000314379954943433,0.0453346557915211,0.00314379949122667,0,0.000266423681750894,0,0.00322372652590275,0.000138540315674618,0,0.00190226512495428,0.0408161096274853,0.614543557167053,0,0,0,0.00160387065261602,0,0.0206158645451069,0,0.0220598820596933,0.0710711851716042,0,0.0304735414683819,0.00333029613830149,0.0746306031942368,0.00676716165617108,0.000708687002770603,0,0.0315232500433922,0.00100708159152418,0,0,0,0,0.00407095393165946,0.00445460388436913,0.00362869072705507,0,0,0,0.0117332991212606,0.00263759447261691,0
"CRS3035RES50000mN3600000E4450000",0.0189968887716532,0.245593890547752,0.0496120452880859,0.0043347692117095,0.0111154895275831,0.0128344502300024,0.00390672776848078,9.51203255681321e-05,0.000842494308017194,0.0326602421700954,0.0385033488273621,0.323776006698608,0,0,0,0,0,0.0126781808212399,0,0.0112649640068412,0.0834409072995186,0,0.0310092270374298,0.0024323626421392,0.0371852554380894,0.0241673570126295,0,0,0.0202674232423306,0.00139283330645412,0,0,0,0,0.00605372944846749,0.00758924335241318,0.00417850026860833,0,0,0,0.0149135086685419,0.0011550325434655,0
"CRS3035RES50000mN3600000E4500000",0.000705934886354953,0.0706982389092445,0.0157992783933878,0.00242750509642065,0.00541520351544023,0.00207681488245726,0.00205859704874456,0.000947319029364735,0.000132078130263835,0.00640351232141256,0.0128662325441837,0.685180366039276,0,0,0,0,0,0.0494974181056023,0,0.00242750509642065,0.0151844313368201,0,0.0587110072374344,0.0311522223055363,0.00347046693786979,0.00159860088024288,0,0,0.00307423248887062,0,0,0,0,0,0.000286928378045559,0.000810686498880386,0,0,0,0,0.0290754083544016,0,0
"CRS3035RES50000mN3600000E4550000",0,0.0198154877871275,0.00160268601030111,0.000172440893948078,0.00019272806821391,0.000344881787896156,0.000562968838494271,0.000142010147101246,0,0.00116144015919417,0.00372269470244646,0.606287002563477,0,0,0,0.00461533013731241,0,0.0619925037026405,0,0.00521887326613069,0.02527273632586,0,0.13510237634182,0.104240521788597,0.0112543050199747,0.000187656274647452,0,0,0.00619772868230939,0.00116144015919417,0,0,0,0,0,0.00519351428374648,0,0,0,0,0.00540145765990019,0,0.00015722552780062
"CRS3035RES50000mN1800000E2850000",0.00326799997128546,0.00167200004216284,0.000980000011622906,0.000755999993998557,0,0,0.00122800003737211,0,0,0,0,0.100915998220444,0.00294000003486872,0,0.0043440000154078,0.00650000013411045,0.0657680034637451,0.0389639995992184,0,0.00920800026506186,0.0164160002022982,0.361676007509232,0.152260005474091,0.00867599993944168,0.00830799993127584,0.0575280003249645,0,0.084927998483181,0.0670680031180382,0,0,0.00211600004695356,0,0,0.000132000001030974,0,0,0,0,0,0.00434800004586577,0,0
"CRS3035RES50000mN1800000E2900000",0.00223600002937019,0.00129599997308105,0.000644000014290214,0,0,0.000144000005093403,0.000780000002123415,0,0.000103999998827931,0,0,0.320075988769531,0.000875999976415187,0,0.00407199980691075,0.00109200004953891,0.0896560028195381,0.0501120015978813,0,0.0031920000910759,0.00874000042676926,0.268952012062073,0.0656720027327538,0.00478400010615587,0.000948000000789762,0.0601119995117188,0,0.0478119999170303,0.0620119981467724,0,0,0.000323999993270263,0.00124000001233071,0,0,0,0,0,0,0,0.00512399990111589,0,0
"CRS3035RES50000mN3650000E3100000",0,0.00408836267888546,0,0,0.00126490788534284,0,0,0,0,0,0,0,0,0,0,0,0,0.0692085325717926,0,0,0.131301954388618,0,0.00230393931269646,0.0275569204241037,0,0.0346042662858963,0.0855168029665947,0,0.0360950492322445,0.0131460065022111,0.000587278627790511,0.0230619795620441,0,0,0.000587278627790511,0.528528213500977,0.00176183588337153,0,0.0277827978134155,0,0.00585019867867231,0,0.00675370451062918
"CRS3035RES50000mN3650000E3150000",0,0.00946888234466314,0.0010244605364278,0.000160203708219342,0,0.000198146692127921,0.000269816780928522,0,0,0,0.000602871878072619,0.000185499040526338,0,0,0,0,0,0.166266158223152,0,0.0083010820671916,0.0833270102739334,0,0.00820833258330822,0.0736852735280991,0.00266022467985749,0.0135709410533309,0.0280525125563145,0,0.0582677759230137,0.00329260784201324,0.00155144650489092,0.0377869978547096,0,0,0.000505906471516937,0.475421369075775,0,0,0.0110371923074126,0,0.0129301259294152,0,0.00322515377774835
"CRS3035RES50000mN3650000E3200000",0.000868778792209923,0.0265311673283577,0.00569384219124913,0,0,0.00207170331850648,0.00109154253732413,0,0.00012029244680889,0.00101580284535885,0.00215635355561972,0.0546662323176861,0,0,0,0,0,0.511964619159698,0,0.018810173496604,0.0299082659184933,0,0.00639777584001422,0.0333922915160656,0.00271771824918687,0.0490392185747623,0.0889941304922104,0,0.0159008782356977,0.000423251185566187,0,0,0.000285137648461387,0,0.000187121579074301,0.124320015311241,0.000182666306500323,0,0.0136242331936955,0.00399638246744871,0.00155043590348214,0,0.00408994313329458
"CRS3035RES50000mN3650000E3250000",0.000413821631809697,0.018275398761034,0.00484171323478222,0,0,0,0.00165528652723879,0.00015001033898443,0.000222429138375446,0,0.00634698942303658,0.0259879995137453,0,0,0,0,0,0.596218705177307,0,0.0173494722694159,0.0135578317567706,0,0.00222946400754154,0.0623008497059345,0.00302089797332883,0.102498449385166,0.0672511905431747,0,0.0149337882176042,0,0,0.000165528661455028,0.00018104696937371,0,0,0.0539106130599976,0,0,0.00438650930300355,0.00252431211993098,0.000439685507444665,0,0.00113800948020071
"CRS3035RES50000mN3650000E3300000",0,0.00897005945444107,0,0,0,0.00179805245716125,0.000606085115578026,0,0,0,0.00232332618907094,0.0279001165181398,0,0,0,0,0,0.300133347511292,0,0,0.0142429992556572,0,0.00424259575083852,0.101680874824524,0,0.158854901790619,0.0922663509845734,0,0.0342640094459057,0,0.000929330475628376,0,0,0,0,0.246454402804375,0,0,0.00533354887738824,0,0,0,0
"CRS3035RES50000mN3650000E3350000",0,0.00706718442961574,0.0127393566071987,0,0,0,0.000697506067808717,0,0.000355333293555304,0,0.00525103649124503,0.0558926090598106,0,0,0,0,0,0.339369624853134,0,0,0.00292162923142314,0,0.0215305648744106,0.214305460453033,0.0178456269204617,0.0934789776802063,0.108324013650417,0,0.0849641412496567,0,0,0,0,0,0,0.0295847859233618,0,0,0.00427715992555022,0,0.00139501213561743,0,0
"CRS3035RES50000mN1800000E2950000",0.00240000011399388,0.000544000009540468,0.000763999996706843,0,0,0,0.0035880000796169,0,0.00011600000289036,0,0,0.287427991628647,0.0139239998534322,0,0.000327999994624406,0.00167599995620549,0.0368079990148544,0.00433999998494983,0,0.00316000008024275,0.0037360000424087,0.376428008079529,0.0661680027842522,0.0343520008027554,0.00401599984616041,0.0172080006450415,0,0.0955960005521774,0.042468000203371,0,0,0.00218000006861985,0,0,0,0,0,0,0,9.60000033956021e-05,0.00267599988728762,0,0
"CRS3035RES50000mN3650000E3400000",0.00061975687276572,0.0162189975380898,0.0104345995932817,0,0.000202534924028441,0.00136508536525071,0.0165673568844795,0,0,0.000421272648964077,0.00363347656093538,0.0334952250123024,0,0,0,0,0,0.247120961546898,0,0,0.00250738230533898,0,0.00696315057575703,0.162817820906639,0.00629478553310037,0.0865755826234818,0.170218452811241,0,0.0683595910668373,0,0,0.00817836076021194,0,0,0.000700770819094032,0.148932039737701,0,0,0.00150685990229249,0,0.0068659340031445,0,0
"CRS3035RES50000mN3650000E3450000",0,0.00457999994978309,0.0128440000116825,0.0037839999422431,0,0,0.00288800010457635,0,0.000155999994603917,0.000163999997312203,0.00324800005182624,0.0285000000149012,0,0,0,0,0,0.170460000634193,0,0,0.00303600006736815,0,0.00194400001782924,0.157967999577522,0.0093560004606843,0.229476004838943,0.205236002802849,0,0.0848800018429756,0,0,0.00870000012218952,0,0,0,0.0680840015411377,0,0,0,0.00022000000171829,0.00447600008919835,0,0
"CRS3035RES50000mN3650000E3500000",0,0.0102439997717738,0.00138799997512251,0,0,0,0.000108000000182074,0,0.000119999996968545,0,0.00918800011277199,0.29229599237442,0,0,0,0,0,0.211799994111061,0,0,0.00337999989278615,0,0.00964799989014864,0.0867120027542114,0.00976799987256527,0.196779996156693,0.110763996839523,0,0.0338760018348694,0,0,0.000576000020373613,0,0,0.00011600000289036,0.0228959992527962,0,0,0,0,0.000339999998686835,0,0
"CRS3035RES50000mN3650000E3550000",0,0.00782501418143511,0.00243035727180541,0,0,0,0.00107402156572789,0,0,0,0.0116546684876084,0.478811085224152,0,0,0,0,0,0.20143735408783,0,0,0.00394012499600649,0,0.0061127170920372,0.0298393871635199,0.009475938975811,0.0920774042606354,0.0948207601904869,0,0.0113293929025531,0,0,0.00357188889756799,0,0,0,0.0214190594851971,0.000656687479931861,0,0.0221739429980516,0.000392785033909604,0,0,0.00095741351833567
"CRS3035RES50000mN3650000E4200000",0.000187007739441469,0.0270726326853037,0.00462735444307327,0,0.000269639072939754,0.000178309710463509,0.000121772485726979,0,0.000691493740305305,0,0.0116945076733828,0.577453851699829,0,0,0,0,0,0.00260941032320261,0,0.0289166159927845,0.089711531996727,0,0.000321827275911346,0.063560888171196,0.00276162591762841,0.00720197288319468,0.0195140410214663,0,0.0255156848579645,0.00355314719490707,0,0,0,0,0.0116640646010637,0.00191791669931263,0.00562762841582298,0,0,0,0.0110030137002468,0.103824093937874,0
"CRS3035RES50000mN3650000E4250000",0.000452000007499009,0.0393880009651184,0.00961199961602688,0.000395999988541007,0,0.00397600000724196,0.00120000005699694,0,0.000423999998020008,0.00114800001028925,0.00446399999782443,0.503988027572632,0,0,0,0,0,0.00702399993315339,0,0.0251519996672869,0.11608400195837,0,0.00453600008040667,0.131720006465912,0.0393280014395714,0.00173200003337115,0.0264880005270243,0,0.0619600005447865,0.000167999998666346,0,0,0,0,0.00669200019910932,0.00178000004962087,0,0,0,0,0.0122880004346371,0,0
"CRS3035RES50000mN3650000E4300000",0.00168911600485444,0.0801536068320274,0.0147015657275915,0.00167467910796404,0.00210778578184545,0,0.00110201584175229,0.000149181185406633,0,0.00308949430473149,0.0100143887102604,0.581296503543854,0,0,0,0,0,0.0133108114823699,0,0.0243213456124067,0.111496098339558,0,0.0166505463421345,0.0201346483081579,0.0740756765007973,0.000288737792288885,0.00012511970999185,0,0.0146919405087829,0,0,0,0,0,0.00329642300494015,0.00124638481065631,0.00112607737537473,0,0,0,0.0224397387355566,0.000818090396933258,0
"CRS3035RES50000mN3650000E4350000",0,0.0247821677476168,0.00202794442884624,0,0.00046402117004618,0.0113599253818393,0.00221699010580778,0,0,0,0.0378778763115406,0.50631582736969,0,0,0,0,0,0.0227885954082012,0,0.0308144427835941,0.125457569956779,0,0.0166360177099705,0.120697066187859,0.0337188728153706,0.00910856388509274,0,0,0.0461271405220032,0,0,0,0,0,0,0,0.000515579071361572,0,0,0,0.00909137818962336,0,0
"CRS3035RES50000mN3650000E4400000",0,0.101174414157867,0.00415785238146782,0,0.0148807354271412,0,0,0,0,0,0.270989865064621,0.266029626131058,0,0,0,0,0,0.0280837398022413,0,0.0226858276873827,0.035159382969141,0,0.0266977902501822,0.0841782763600349,0.0511342920362949,0.00824275985360146,0.00999343488365412,0,0.0278649069368839,0.0109417168423533,0,0,0,0,0,0.00496024498715997,0.00328251509927213,0,0,0,0.0295426361262798,0,0
"CRS3035RES50000mN3650000E4450000",0.00136455160100013,0.103048607707024,0.0169404093176126,0.00102341372985393,0.000873645825777203,0.00341137894429266,0.000898607133422047,0.0012896676780656,0,0.00830379594117403,0.0443479269742966,0.527665436267853,0,0,0,0.00170568947214633,0,0.0180719885975122,0,0.00474264891818166,0.0754413977265358,0,0.0553891472518444,0.0260429661720991,0.0494483560323715,0.000757159723434597,0,0,0.00552476989105344,0.00069059623638168,0,0,0,0,0.00228812010027468,0.00435990886762738,0,0,0,0,0.0463697947561741,0,0
"CRS3035RES50000mN1800000E3000000",0.0033400000538677,0.000923999992664903,0.00176000001374632,0,0,0,0.00149199995212257,0,0.000311999989207834,0,0.000144000005093403,0.131972000002861,0.00112399994395673,0,1.20000004244503e-05,0.000495999993290752,0.0772119984030724,0.00145600002724677,0,0.00296800001524389,0.00686400011181831,0.553704023361206,0.0682480037212372,0.0182600002735853,0.00431999983265996,0.0302639994770288,0,0.0629639998078346,0.0250519998371601,0,0.000163999997312203,0.000671999994665384,0,0,0,0,0,0,0,0,0.0062759998254478,0,0
"CRS3035RES50000mN3650000E4500000",0,0.0261240005493164,0.00345199997536838,0.000151999993249774,0,0.00130000000353903,0.00134800001978874,0.000247999996645376,0,0.00132399995345622,0.00250800000503659,0.295800000429153,0,0,0,0.00011600000289036,0,0.0355440005660057,0,0.00109599996358156,0.0224600005894899,0,0.213119998574257,0.326772004365921,0.0322879999876022,0,0,0,0.0108599998056889,0,0,0,0,0,0.000292000011540949,0.0133440000936389,0,0,0,0,0.0118519999086857,0,0
"CRS3035RES50000mN3650000E4550000",0,0.0324156358838081,0.00525692850351334,0.000447487167548388,0.000184013420948759,0.00139682914596051,0.000786239164881408,0.000472579908091575,0.000138010058435611,0.0012504548067227,0.00380154978483915,0.293250471353531,0,0,0,0.000677503936458379,0,0.0585915446281433,0,0.00258037005551159,0.0154780372977257,0,0.188036620616913,0.287357866764069,0.02080187946558,0,0,0,0.0115426601842046,0.00026347374659963,0,0,0,0,0.00487217353656888,0.00599298253655434,0,0,0,0.000480944145238027,0.063723012804985,0,0.000200741909793578
"CRS3035RES50000mN3650000E4600000",0.000624691136181355,0.05152303352952,0.00761750247329473,0.00120276352390647,0.00131464854348451,0.0030861608684063,0.000988317304290831,0.000410244945669547,0,0.00255470699630678,0.00468984572216868,0.198782324790955,0,0,0,0,0,0.0275703240185976,0,0,0.0156359262764454,0,0.224152237176895,0.383541733026505,0.0487445555627346,0,0.000419568677898496,0,0.0111045846715569,0,0.000615367374848574,0,0,0,0,0,0,0,0,0,0.0150765012949705,0,0.000344978703651577
"CRS3035RES50000mN3650000E4650000",0.00170940172392875,0.0508621968328953,0.00668765930458903,0.000344879284966737,0.00101964315399528,0,0.000779727124609053,0.000959664117544889,0,0.00662768026813865,0.00437846733257174,0.201874345541,0,0,0,0,0,0.0352076776325703,0,0.00226420746184886,0.0147398412227631,0,0.172379672527313,0.414065062999725,0.0543409809470177,0,0.000404858292313293,0,0.0208427049219608,0.00037486880319193,0.00256410264410079,0,0,0,0,0.000734742847271264,0.0027290447615087,0,0,0,0.00299895042553544,0.00110961159225553,0
"CRS3035RES50000mN3650000E4700000",0,0,0,0,0,0,0,0,0,0,0,0.159830272197723,0,0,0,0,0,0.466760963201523,0,0,0,0,0.198019802570343,0,0,0,0,0,0,0.173974543809891,0,0.0014144271844998,0,0,0,0,0,0,0,0,0,0,0
"CRS3035RES50000mN1800000E3050000",0.00133600004483014,0.00184799998532981,0.00337200006470084,0,0,0,0.0024439999833703,0.00011600000289036,0,0.000155999994603917,0.000167999998666346,0.0482879988849163,0.000460000010207295,0,0,0,0.0174959991127253,0.0050760000012815,0,0.0030759999062866,0.0127320000901818,0.2708840072155,0.191875994205475,0.038612000644207,0.0258399993181229,0.14529199898243,0,0.143112003803253,0.0763759985566139,0,0.00655600009486079,0.0015640000347048,0.000292000011540949,0,9.60000033956021e-05,0,0,0,0,0,0.00293199997395277,0,0
"CRS3035RES50000mN1800000E3100000",0.00116400001570582,0.00124400004278868,0.00217600003816187,9.99999974737875e-05,0,0.000144000005093403,0.000623999978415668,0,0.000103999998827931,0,0,0.266880005598068,0.00149599998258054,0,0.0181280001997948,0.000195999993593432,0.0363759994506836,0.00303600006736815,0,0.0114399995654821,0.0164720006287098,0.0189319998025894,0.114940002560616,0.0681559965014458,0.0382959991693497,0.11116000264883,0,0.173280000686646,0.110983997583389,0,0.00052000000141561,0.000327999994624406,0,0,0.000195999993593432,0,0,0,0,0,0.00362799991853535,0,0
"CRS3035RES50000mN3700000E3150000",0,0.0158531162887812,0,0,0,0,0.00218384759500623,0,0,0,0.0164192989468575,0,0,0,0,0,0,0.217818573117256,0,0.0674161836504936,0.0881222933530807,0,0.00388239580206573,0.00820964947342873,0.018845796585083,0.0195737443864346,0.0985157936811447,0,0.00691551761701703,0.0502689369022846,0,0.0197759531438351,0,0,0,0.279572933912277,0.00404416210949421,0,0.0646661520004272,0,0.00833097379654646,0,0.00958466436713934
"CRS3035RES50000mN3700000E3200000",0,0.00595130771398544,0,0,0,0,0.000924256106372923,0,0,0,0.00444093765690923,0,0,0,0,0,0,0.423444539308548,0,0.00498196575790644,0.0855725854635239,0,0.00211902614682913,0.0138187557458878,0.00225428305566311,0.00565825076773763,0.170739412307739,0,0.00295311096124351,0.0313345342874527,0.00507213687524199,0.00825067609548569,0.0083633903414011,0,0,0.186496838927269,0.00072137062670663,0,0.0260820556432009,0,0.00378719577565789,0,0.00703336345031857
"CRS3035RES50000mN3700000E3250000",0,0,0,0,0,0,0,0,0,0,0,0.0217159129679203,0,0,0,0,0,0.235671058297157,0,0.000889996415935457,0,0,0,0.162335351109505,0,0.0906016379594803,0.115699537098408,0,0.0119259525090456,0.00462798168882728,0.0097899604588747,0,0,0,0,0.341402620077133,0,0,0.00533997872844338,0,0,0,0
"CRS3035RES50000mN3700000E3300000",0,0.00165575568098575,0.00611355947330594,0,0,0.00621545221656561,0,0,0,0,0.0031204626429826,0.0106859924271703,0,0,0,0,0,0.16905266046524,0,0,0.000815141247585416,0,0.0147107522934675,0.160570085048676,0.000433043780503795,0.0266831386834383,0.0826604142785072,0,0.0420307219028473,0,0,0.00536210089921951,0,0,0,0.456466376781464,0.00114629243034869,0,0.0078075248748064,0,0.00447054021060467,0,0
"CRS3035RES50000mN3700000E3350000",0,0.0231775064021349,0.0069655803963542,0.000215748063055798,0.00121743557974696,0,0,0,0,0,0.006010124925524,0.0238324571400881,0,0,0,0,0,0.132561773061752,0,0,0.00437660375609994,0,0.04577711597085,0.221164882183075,0.00887649226933718,0.0447523146867752,0.139758512377739,0,0.0668202564120293,0,0.000477727851830423,0.00639538932591677,0,0,0,0.255299299955368,0,0,0.00864533334970474,0,0.00342885311692953,0,0.000246569223236293
"CRS3035RES50000mN3700000E3400000",0.00360267423093319,0.159639403223991,0.0372999608516693,0.00334066152572632,0.0003397976688575,0.0011790570570156,0.0031850915402174,0.000433958484791219,0.000425770587753505,0.0101120509207249,0.0247315391898155,0.0439321547746658,0,0,0,0,0,0.375181674957275,0,0.000589528528507799,0.00787675566971302,0,0.0250099282711744,0.0429987348616123,0.0110905049368739,0.0584452003240585,0.0526399835944176,0,0.0231840275228024,0,0,0.000176039757207036,0,0,0,0.0906440988183022,0,0,0.000769662205129862,0.00124046625569463,0.0093751410022378,0,0.0125561384484172
"CRS3035RES50000mN3700000E3450000",0.00141462322790176,0.101066060364246,0.0269879121333361,0.00287409033626318,0.00172853097319603,0.00123117060866207,0.00911147799342871,0.00106402498204261,0.000697119801770896,0.00300862221047282,0.0202205516397953,0.172865331172943,0,0,0,0,0,0.294828683137894,0,0.000415825837990269,0.00752563262358308,0,0.0229111891239882,0.0569192208349705,0.0171793140470982,0.0506655238568783,0.0516072474420071,0,0.0271672885864973,0,0.0010721783619374,0.000680812925565988,0,0,0.000688966363668442,0.0844615697860718,0,0,0.00357528682798147,0.00136977923102677,0.00560549553483725,0,0.0310564823448658
"CRS3035RES50000mN3700000E3500000",0.00599739234894514,0.0676792711019516,0.0164276398718357,0.000234680570429191,0.0020860496442765,0,0.00417861808091402,0.00146023463457823,0.00207301182672381,0.00379400257952511,0.0261734034866095,0.398031294345856,0,0,0,0,0,0.162470668554306,0,0,0.00238591921515763,0,0.0220013037323952,0.0232724901288748,0.0161082129925489,0.0606258139014244,0.148735329508781,0,0.00582790095359087,0,0.000189048238098621,0.000417209899751469,0,0,0,0.010091264732182,0.000176010435097851,0,0.0122946547344327,0,0.00297913956455886,0,0.00428943941369653
"CRS3035RES50000mN3700000E3550000",0,0.0122000817209482,0.00451854849234223,0,0,0,0.00112963712308556,0,0.00664226664230227,0,0.00375039526261389,0.612760365009308,0,0,0,0,0,0.173873752355576,0,0,0,0,0.0108445165678859,0.0420225039124489,0.0263883247971535,0.0403506383299828,0.0291898250579834,0,0.00650670984759927,0,0.00926302466541529,0,0,0,0,0.00650670984759927,0,0,0.0140526862815022,0,0,0,0
"CRS3035RES50000mN3700000E4200000",0.000204554307856597,0.0259651988744736,0.0043352316133678,0.000692845205776393,0.000521283538546413,0,0.000277138082310557,0,0.000706042279489338,0,0.0138173131272197,0.707236588001251,0,0,0,0,0,0.00787863973528147,0,0.0174333062022924,0.0599937960505486,0,0.00201255036517978,0.050076212733984,0.00362918921746314,0.00323327770456672,0.006116833537817,0,0.0129463076591492,0.00644016126170754,0,0,0,0,0.0172287505120039,0.00228968844749033,0.0282878801226616,0,0,0,0.0179545897990465,0.0107226045802236,0
"CRS3035RES50000mN1800000E3150000",0.00291200005449355,0.00194400001782924,0.00149199995212257,0,0,0.000127999999676831,0.000272000004770234,0.00014000000373926,0.00100000004749745,0,0.000327999994624406,0.331735998392105,0.00128800002858043,0,0.10954400151968,0.000339999998686835,0.104648001492023,0.00317999999970198,0,0.0486560016870499,0.0323560014367104,0.0210800003260374,0.0727159976959229,0.0225680004805326,0.00767599977552891,0.0755359977483749,0,0.0780880004167557,0.076944001019001,0,0,0.00218400009907782,0,0,0,0,0,0,0,0.000144000005093403,0.00310000008903444,0,0
"CRS3035RES50000mN3700000E4250000",0.000818315544165671,0.0370724536478519,0.00658789975568652,0,0.000220669360714965,0.000464325130451471,0.000639021687675267,0,0.000353990442818031,0.000901066581718624,0.00873482879251242,0.658288896083832,0,0,0,0,0,0.0439269952476025,0,0.0249770134687424,0.0790318101644516,0,0.00304339826107025,0.0387964323163033,0.0136631112545729,0.0020182051230222,0.0054018022492528,0,0.0538387261331081,0,0,0,0,0,0.00475818337872624,0.00217910995706916,0.00422030175104737,0,0,0,0.010063442401588,0,0
"CRS3035RES50000mN3700000E4300000",0.000885496032424271,0.0367341041564941,0.00623575644567609,0,0.000191080718650483,0.000121173143270425,0.000741020368877798,0,0,0.00120707089081407,0.00759662408381701,0.641910076141357,0,0,0,0,0,0.0214057024568319,0,0.0147971045225859,0.0799696147441864,0,0.00961462315171957,0.0385517030954361,0.0513820722699165,0.00143543572630733,0.000489353085868061,0,0.039749450981617,0,0,0,0,0,0.00827239733189344,0.0105793476104736,0.0058442740701139,0,0.0168850105255842,0,0.00540152564644814,0,0
"CRS3035RES50000mN3700000E4350000",0.000664451799821109,0.0275083053857088,0.00473089702427387,0,0.00393355498090386,0,0,0,0,0,0.0306710954755545,0.514365434646606,0,0,0,0,0,0.00510299019515514,0,0.0321063138544559,0.107827246189117,0,0.00326910289004445,0.128770768642426,0.071681059896946,0.00451827235519886,0.00108970096334815,0,0.052916944026947,0,0,0,0,0,0,0.00659136194735765,0,0,0.00273754145018756,0,0.00151495018508285,0,0
"CRS3035RES50000mN3700000E4400000",0,0.0122894858941436,0,0,0,0,0,0,0,0,0.0350477918982506,0,0,0,0,0,0,0.0304961316287518,0,0,0,0,0,0,0.029585799202323,0.353664100170135,0.281292676925659,0,0.127446517348289,0.110605373978615,0,0,0,0,0,0.0195721443742514,0,0,0,0,0,0,0
"CRS3035RES50000mN3700000E4450000",0.0019896028097719,0.0873713716864586,0.0170078948140144,0.000684594502672553,0.00624692486599088,0.00378666329197586,0.00350854662247002,0,0,0.00947735458612442,0.0220995657145977,0.467685014009476,0,0,0,0,0,0.0465310327708721,0,0.00780865596607327,0.0602229200303555,0,0.120788142085075,0.110989883542061,0.0123654883354902,0,0,0,0.013477954082191,0.00308067514561117,0,0,0,0,0,0.00487773586064577,0,0,0,0,0,0,0
"CRS3035RES50000mN3700000E4500000",0,0.0161886140704155,0.00182076403871179,0.00105199695099145,0,0.000226583957555704,0.000311552954372019,0.000173984110006131,0,0.000218491681152955,0.00150921102613211,0.151689872145653,0,0,0,0,0,0.0141898207366467,0,0.00513860071077943,0.0580054931342602,0,0.0630308017134666,0.564436852931976,0.0166660603135824,0,0,0,0.0301113910973072,0.000983212608844042,0,0,0,0,0.00061905977781862,0.0539553053677082,0,0,0.000190168677363545,0.00222133216448128,0.01726084202528,0,0
"CRS3035RES50000mN3700000E4550000",0,0.0107079995796084,0.00199600006453693,0.00121200003195554,0,0,0.000436000002082437,0.000203999996301718,0.000144000005093403,0.000276000006124377,0.000331999995978549,0.0362479984760284,0,0,0,0,0,0.0119759999215603,0,0.00505999987944961,0.0503159984946251,0,0.0158639997243881,0.643364012241364,0.0202079992741346,0,0,0,0.0951879993081093,0,0,0,0,0,0.00375599996186793,0.0455959998071194,0,0,0,0.00157199997920543,0.0555440001189709,0,0
"CRS3035RES50000mN3700000E4600000",0,0.00596000021323562,0.00117199996020645,0,0,0.000500000023748726,0,0,0,0.000228000004426576,0,0.0340839996933937,0,0,0,0,0,0.00767599977552891,0,0.00294000003486872,0.0441199988126755,0,0.033831998705864,0.645835995674133,0.0290120001882315,0,0,0,0.0708160027861595,0,0,0,0,0,0.00275200000032783,0.00736000016331673,0,0,0,0.000136000002385117,0.113576002418995,0,0
"CRS3035RES50000mN3700000E4650000",0,0.010737108066678,0.000751308572944254,0,0,0.000127970139146782,0.000107329797174316,0.000375654286472127,0,0.000140354357426986,0.00113109091762453,0.0713743194937706,0,0,0,0,0,0.0087060984224081,0,0.00137051893398166,0.0481167733669281,0,0.0489547736942768,0.704979300498962,0.0400298871099949,0,0,0,0.0405871756374836,0,0,0,0,0,0.0023406152613461,0.00229107844643295,0.000148610488395207,0,0,0,0.0170241575688124,0,0.000705899845343083
"CRS3035RES50000mN3700000E4700000",0.000487983401399106,0.0403670705854893,0.0080381715670228,0,0.000393097754567862,0.00315833697095513,0.00225014565512538,0,0,0.00398519774898887,0.00347010418772697,0.353679537773132,0,0,0,0,0,0.19524759054184,0,0.000962411693762988,0.0530953072011471,0,0.0680330172181129,0.0337521843612194,0.00447318144142628,0.0120233688503504,0,0,0.00250769243575633,0.00497471960261464,0,0.20464126765728,0,0,0.000474428321467713,0,0.00398519774898887,0,0,0,0,0,0
"CRS3035RES50000mN1800000E3200000",0.0010039999615401,0.00240799994207919,0.0007999999797903,0,0,0,0.000243999995291233,0,0,0,0,0.250703990459442,0.0318839997053146,0,0.0030759999062866,0.00514800008386374,0.0621640011668205,0.00252000009641051,0,0.0230679996311665,0.0371199995279312,0.0165160000324249,0.0996960029006004,0.114072002470493,0.119911998510361,0.11965599656105,0,0.0612520016729832,0.046204000711441,0,0.000723999983165413,0.000872000004164875,0.000108000000182074,0,0.000232000005780719,0,0,0,0,0,0.000615999975707382,0,0
"CRS3035RES50000mN1800000E3250000",0.0025919999461621,0.00773200020194054,0.00250399997457862,0.000568000017665327,0,0.00289199990220368,0.000503999995999038,0.000148000006447546,0,0.00022000000171829,0.000631999981123954,0.293031990528107,0.147515997290611,0,0.00530399987474084,0.0245239995419979,0.0139720002189279,0.00403599999845028,0,0.0438160002231598,0.0292160008102655,0.00880800001323223,0.0294959992170334,0.10097199678421,0.079184003174305,0.078404001891613,0,0.0710679963231087,0.051231998950243,0,0,0,0.00126000004820526,0,0.000255999999353662,0,0,0,0,0,0.000112000001536217,0,0
"CRS3035RES50000mN3750000E3250000",0,0,0,0,0,0,0,0,0,0,0,0.0381097570061684,0,0,0,0,0,0.224085360765457,0,0,0,0,0,0,0,0.112804874777794,0.297256112098694,0,0,0,0,0,0,0,0,0.314024388790131,0,0,0,0,0.0137195121496916,0,0
"CRS3035RES50000mN3750000E3300000",0,0,0,0,0,0,0,0,0,0,0.000585604750085622,0.00386854051612318,0,0,0,0,0,0.040105052292347,0,0,0,0,0.00440090848132968,0.0210107900202274,0.00086953432764858,0.0291382744908333,0.140154734253883,0,0.00232467358000576,0.00078080635285005,0.00947614945471287,0.0507524125277996,0,0,0.00113571831025183,0.651511907577515,0.00108248158358037,0,0.0177278537303209,0,0.00768384430557489,0.00205848948098719,0.0153321977704763
"CRS3035RES50000mN3750000E3350000",0,0.00171873008366674,0.003100854344666,0,0.000158102760906331,0,0.00027030473574996,0.00014280249888543,0,0,0.000300905259791762,0.00033660588087514,0,0,0,0,0,0.0733698830008507,0,0,0.00193803396541625,0,0.0361035317182541,0.315598636865616,0.00667601684108377,0.11337498575449,0.144669130444527,0,0.0855845957994461,0,5.61009801458567e-05,0.00391686847433448,0.000147902581375092,0,0,0.176080584526062,0.00104551832191646,0,0.00364146381616592,0.000178503119968809,0.0293561145663261,0.000163202857947908,0.00207063625566661
"CRS3035RES50000mN3750000E3400000",0,0.00487936800345778,0.000552914279978722,0,0.000443945784354582,0,0.000278475083177909,0,0,0,0.00359596079215407,0.0202237479388714,0,0,0,0,0,0.0793896168470383,0,0,0.00343049014918506,0,0.0406815782189369,0.141889110207558,0.0109977480024099,0.261843264102936,0.171015992760658,0,0.0521999523043633,0,0,0.0310035590082407,0,0,0,0.11967971175909,0,0,0.000310762057779357,0.00821703299880028,0.0477726012468338,0,0.00159416894894093
"CRS3035RES50000mN3750000E3450000",0.000655999989248812,0.0236719995737076,0.00694000022485852,0.000163999997312203,0,0,0.000715999980457127,0,0.000247999996645376,0.000136000002385117,0.0110280001536012,0.195291996002197,0,0,0,0,0,0.204007998108864,0,0.000739999988581985,0.00311599997803569,0,0.0256999991834164,0.0741119980812073,0.0214120000600815,0.160743996500969,0.180332005023956,0,0.0226039998233318,0,0,0.00337999989278615,0,0,0.000415999995311722,0.0463560000061989,0,0,0,0.00256799999624491,0.015659999102354,0,0
"CRS3035RES50000mN1800000E3300000",0.001304000033997,0.00121200003195554,0.00112399994395673,0.00163600000087172,0,0,0.000539999979082495,0.000108000000182074,0,0,9.20000020414591e-05,0.373755991458893,0.0286200009286404,0,0.132131993770599,0.0144760003313422,0.00901199970394373,0.00486799981445074,0,0.0548840016126633,0.0403800010681152,0,0.010152000002563,0.0797239989042282,0.0229039993137121,0.0625760033726692,0,0.0782279968261719,0.0799399986863136,0,0,0,0,0,0.00022000000171829,0,0,0,0,0,0.00211200001649559,0,0
"CRS3035RES50000mN3750000E3500000",0.000903819687664509,0.0429801009595394,0.00558050721883774,0,0,0.00248898030258715,0.00308689172379673,0,0.00012514425907284,0.00278561864979565,0.0206302627921104,0.573304414749146,0,0,0,0,0,0.148578688502312,0,0,0.000444957375293598,0,0.00737424148246646,0.0463960766792297,0.0153417596593499,0.0359395779669285,0.0224657133221626,0,0.00402315612882376,0,0.00016685901209712,0,0,0,0,0.000310543167870492,0.00195595854893327,0,0.028987118974328,0.000917724624741822,0.00261875963769853,0,0.0325931273400784
"CRS3035RES50000mN3750000E3550000",0.00553816510364413,0.0378039963543415,0.00305000389926136,0,0,0,0.00208684476092458,0,0,0.00802632607519627,0.01252106949687,0.800866842269897,0,0,0,0,0,0.0601974464952946,0,0,0,0,0.0122000155970454,0.0172566007822752,0.0122000155970454,0.00256842444650829,0.0102736977860332,0,0,0,0,0,0,0,0,0,0,0,0.00481579592451453,0,0,0,0.0105947507545352
"CRS3035RES50000mN3750000E4200000",0.001070462516509,0.0234633795917034,0.00351516739465296,0,0.001113859587349,0.001113859587349,0.00315352459438145,0,0,0,0.0109794735908508,0.532916724681854,0,0,0,0,0,0.014349983073771,0,0.0242589935660362,0.0383775271475315,0,0,0.0845665335655212,0.00164909078739583,0.0357303023338318,0.111689738929272,0,0.0611899495124817,0.0131782609969378,0,0,0,0,0.00480261538177729,0.00985114742070436,0.00179374788422137,0,0,0,0.0212356615811586,0,0
"CRS3035RES50000mN3750000E4250000",0,0.0168070457875729,0.00168760831002146,0,0.000191773680853657,0,0.00153418944682926,0.000207115575904027,0,0,0.0242632050067186,0.543877840042114,0,0,0,0,0,0.032402079552412,0,0.0238489750772715,0.0552308186888695,0,0.00309906271286309,0.0696521997451782,0.018279867246747,0.00945060700178146,0.0492167957127094,0,0.0589435584843159,0.00605237716808915,0,0,0,0,0.0134701831266284,0.014789585955441,0.0287737231701612,0,0.00023779935145285,0,0.0233887173235416,0.00459489738568664,0
"CRS3035RES50000mN3750000E4300000",0.00122655322775245,0.0509322732686996,0.00880040321499109,0.000340450147632509,0.000816147599834949,0.00484092114493251,0.00228054961189628,0,0.000233185026445426,0.00162763148546219,0.0118691176176071,0.651906073093414,0,0,0,0,0,0.0385081768035889,0,0.026042103767395,0.0640512630343437,0,0.00928076449781656,0.0188040398061275,0.0248481966555119,0.000652918068226427,0.000895430508535355,0,0.0396601110696793,0,0,0,0.000303140550386161,0,0.00143641978502274,0.0200259294360876,0.00500881439074874,0,0.0125873275101185,0,0.00302207795903087,0,0
"CRS3035RES50000mN3750000E4350000",0,0.0107884565368295,0,0,0,0.00260721030645072,0.0025622583925724,0,0,0,0.0229704212397337,0.155084058642387,0,0,0,0,0,0.0195990297943354,0,0.0160028766840696,0.0577182397246361,0,0.0154634537175298,0.0476939678192139,0.0644160732626915,0.0165872517973185,0.0266115255653858,0,0.0437382012605667,0,0,0,0,0,0,0.00840600579977036,0.0561449266970158,0,0.433606028556824,0,0,0,0
"CRS3035RES50000mN3750000E4400000",0,0.122822299599648,0.095818817615509,0,0,0,0,0,0,0,0,0.0200348440557718,0,0,0,0,0,0.277874559164047,0,0,0.0531358867883682,0,0.181184664368629,0.0548780485987663,0.0618466883897781,0,0.0487804859876633,0,0,0,0,0.0836236923933029,0,0,0,0,0,0,0,0,0,0,0
"CRS3035RES50000mN3750000E4450000",0.000167483784025535,0.0251073427498341,0.00470477156341076,0,0.000624257721938193,0,0.000268989097094163,0,0,0.00145660142879933,0.00580610474571586,0.304109960794449,0,0,0,0,0,0.0181187000125647,0,0.00461849244311452,0.0509607493877411,0,0.100155301392078,0.417237639427185,0.0080493725836277,0,0.000274064368568361,0,0.0312687158584595,0,0,0.000142107455758378,0,0,0,0.00216206349432468,0.000720687792636454,0,0,0.00122821447439492,0.0222956445068121,0,0.000522752408869565
"CRS3035RES50000mN3750000E4500000",0,0.00761200021952391,0.00120000005699694,0,0,0,0,0.000123999998322688,0,0.000423999998020008,0.000975999981164932,0.0339719988405704,0,0,0,0,0,0.00329199992120266,0,0.00405600015074015,0.0419359989464283,0,0.0459319986402988,0.659027993679047,0.00571600021794438,0,0,0,0.0551320016384125,0,0,0,0,0,0.00186399999074638,0.0251199994236231,0,0,0,0.000315999990561977,0.113300003111362,0,0
"CRS3035RES50000mN3750000E4550000",0,0.015468000434339,0.00337600009515882,0,0,0,0.00015999999595806,0.000296000012895092,0.000592000025790185,0.000847999996040016,0.00127600005362183,0.049040000885725,0,0,0,0,0,0.00740000000223517,0,0.00368799990974367,0.0557279996573925,0,0.114171996712685,0.531068027019501,0.0223600007593632,0,0,0,0.0639199987053871,0,0,0,0,0,0.00192800001241267,0.0258719995617867,0,0,0,0,0.102807998657227,0,0
"CRS3035RES50000mN1800000E3350000",0.00458399998024106,0.00639199977740645,0.00635999999940395,0.00206000008620322,0,0,0.000975999981164932,0.000427999999374151,0.00049200002104044,0,0,0.112539999186993,0.0133440000936389,0,0.0399839989840984,0.0439079999923706,0.0658920034766197,0.00443999981507659,0,0.0509000010788441,0.0396159999072552,0,0.000103999998827931,0.210620000958443,0.00597599986940622,0.149323999881744,0,0.198192000389099,0.0326439999043941,0,0,0.00844000000506639,0,0,0,0,0,0,0,8.3999999333173e-05,0.00270000007003546,0,0
"CRS3035RES50000mN3750000E4600000",0.000216000000364147,0.0166599992662668,0.00359200011007488,0,0,0.00067999999737367,0.000172000000020489,0.000151999993249774,0,0.00134800001978874,0.000880000006873161,0.0288559999316931,0,0,0,0,0,0.00688799982890487,0,0.00438399985432625,0.0424039997160435,0,0.0117520000785589,0.68420398235321,0.00964399985969067,0,0,0,0.0678839981555939,0,0,0,0,0,0.00164399994537234,0.0148639995604753,0,0,0,0,0.103776000440121,0,0
"CRS3035RES50000mN3750000E4650000",0,0.00860800035297871,0.000936000025831163,0,0,0.000224000003072433,0,0,0,0.000528000004123896,0.00015999999595806,0.0207279995083809,0,0,0,0,0,0.00528000015765429,0,0.00148800003807992,0.0346679985523224,0,0.024847999215126,0.788308024406433,0.0384159982204437,0,0,0,0.0414439998567104,0,0,0,0,0,0.000967999978456646,0.00701199984177947,0,0,0,0,0.026383999735117,0,0
"CRS3035RES50000mN3750000E4700000",0,0.0275896079838276,0.00198858580552042,0,0,0,0.00064669456332922,0,0,0.000913456082344055,0.00679837679490447,0.266470491886139,0,0,0,0.000460769893834367,0,0.0822514668107033,0,0.00350023433566093,0.0979580655694008,0,0.0793736726045609,0.371970653533936,0.0238145273178816,0.0013095565373078,0,0,0.0215995982289314,0.0010266276076436,0,0.0027807867154479,0,0,0.00263528036884964,0.0042843515984714,0.00105896242894232,0,0,0,2.42510468524415e-05,0.00154398335143924,0
"CRS3035RES50000mN3750000E4800000",0,0.00641928939148784,0,0,0,0,0,0,0,0,0,0.241662755608559,0,0,0,0,0,0.375998109579086,0,0,0.0808673873543739,0,0.00962893385440111,0.216220453381538,0.0226240810006857,0,0,0,0.0161265078932047,0.00336621259339154,0,0.0124471578747034,0,0,0.00947236549109221,0,0,0,0,0,0.00516674481332302,0,0
"CRS3035RES50000mN1800000E3400000",0.0175873637199402,0.0282226037234068,0.0157165750861168,0.000404363236157224,0.000272823381237686,0,0.00151027226820588,0.000214361221878789,0.00134950131177902,0,0.000833085679914802,0.00468184426426888,0.00405824789777398,0.0167250484228134,0.0110347317531705,0.325634181499481,0.0278913192451,0.0119019197300076,0,0.0701350942254066,0.0258987341076136,0,0.000272823381237686,0.0604693554341793,0.0004579535452649,0.124772846698761,0,0.193407416343689,0.0158676020801067,0.000550518627278507,0.00422876235097647,0.0232240911573172,0.0063431435264647,0,0.00251387269236147,0,0.00149078492540866,0,0,0,0.0021874587982893,0.000141283540870063,0
"CRS3035RES50000mN3800000E3250000",0,0,0,0,0,0.0217524878680706,0,0,0,0,0.00479292124509811,0,0,0,0,0,0,0.325918644666672,0,0,0,0,0,0,0,0.12842570245266,0.273565202951431,0,0,0.106919012963772,0,0.0034410716034472,0,0,0,0.0888533890247345,0,0,0.0306009594351053,0,0.0157306138426065,0,0
"CRS3035RES50000mN3800000E3300000",0,0.00210444093681872,0,0,0,0,0,0,0,0,0.000856963102705777,0,0,0,0,0,0,0.0791334882378578,0,0,0,0,0.0150565160438418,0.123782351613045,0.00432820618152618,0.244787707924843,0.267600297927856,0,0.0190484449267387,0.0184084344655275,0.00267936568707228,0.0241576805710793,0,0,0.000509838806465268,0.179766997694969,0.000705096230376512,0,0.00599874183535576,0,0.0105547476559877,0,0.000520686444360763
"CRS3035RES50000mN1800000E3450000",0.0282086245715618,0.249446049332619,0.0271859560161829,0,0.00536901317536831,0,0,0,0.00281234015710652,0,0.00749957375228405,0.00247145048342645,0,0,0.0115050282329321,0.265638321638107,0,0.0368160903453827,0,0.0579512529075146,0.0504516772925854,0,0,0.0419294349849224,0,0.139764785766602,0,0.0131242545321584,0.00945969019085169,0,0,0.0503664575517178,0,0,0,0,0,0,0,0,0,0,0
"CRS3035RES50000mN3800000E3350000",0,0.00343497004359961,0,0,0,0.000272376491921023,0.00148798269219697,0.000121056218631566,0,0,0.0013719704002142,0,0,0,0,0,0,0.0471967905759811,0,0,0.00188141537364572,0,0.0548334233462811,0.138362213969231,0.00906912796199322,0.214834436774254,0.126882046461105,0,0.0261531863361597,0.00144258653745055,0.00249174050986767,0.0575017035007477,0,0,0,0.290333151817322,0.000393432710552588,0,0.00824695453047752,0,0.0120703130960464,0,0.00161912688054144
"CRS3035RES50000mN3800000E3400000",0,0.00270528509281576,0.000479774869745597,0,0,0,0,0,0,0,0.000959549739491194,0,0,0,0,0,0,0.013046651147306,0,0,0.000427362479967996,0,0.0153326373547316,0.0939512103796005,0.00506384251639247,0.173468858003616,0.214390829205513,0,0.0327980555593967,0,0.0124015752226114,0.083202637732029,0.000249966746196151,0,0,0.319570392370224,0,0,0.000447521102614701,0.000189490907359868,0.0310603827238083,0,0.000253998470725492
"CRS3035RES50000mN3800000E3450000",0,0.00179600005503744,0.00136400002520531,0,0,0,0.000108000000182074,0,0,0,0.00220400001853704,0.00603599986061454,0,0,0,0,0,0.0556359998881817,0,0,0.000720000010915101,0,0.0204760003834963,0.104524001479149,0.00827999971807003,0.0979079976677895,0.369767993688583,0,0.017068000510335,0,0.000123999998322688,0.0410999990999699,0.00028000000747852,0,0,0.253176003694534,0,0,0,0.000151999993249774,0.0192799996584654,0,0
"CRS3035RES50000mN3800000E3500000",0,0.00230800011195242,0.00047999998787418,0,0,0,0.000103999998827931,0,0,0,0.00140399998053908,0.0831239968538284,0,0,0,0.000203999996301718,0,0.0965399965643883,0,0,0,0,0.010776000097394,0.0958560034632683,0.00967600010335445,0.111064001917839,0.512215971946716,0,0.00900399964302778,0,0.000108000000182074,0.00928399991244078,0,0,0.000356000004103407,0.0541040003299713,0,0,0,0,0.00339199998416007,0,0
"CRS3035RES50000mN3800000E3550000",0.000859363295603544,0.041803665459156,0.0126849496737123,0.00207990827038884,0.00044836348388344,0,0.000946545100305229,0,0.00371768046170473,0.00148831761907786,0.0107358144596219,0.317285656929016,0,0,0,0,0,0.217350423336029,0,0,0.000871817872393876,0,0.0124047230929136,0.176281571388245,0.0185572654008865,0.0242116283625364,0.125946551561356,0,0.0115329045802355,0.000983908772468567,0,0,0,0,0,0.0108479047194123,0,0,0.00292681716382504,0.000728590646758676,0.000741045165341347,0,0.00456458935514092
"CRS3035RES50000mN3800000E4250000",0,0,0,0,0,0,0,0,0,0,0.660714268684387,0,0,0,0,0,0,0,0,0,0,0,0,0,0,0,0,0,0,0.33928570151329,0,0,0,0,0,0,0,0,0,0,0,0,0
"CRS3035RES50000mN3800000E4300000",0.000259116350207478,0.0261497404426336,0.00391475763171911,0,0.000679304997902364,0.00021709747670684,0,0,0.00053223897702992,0.00021709747670684,0.0281736496835947,0.571477591991425,0,0,0,0,0,0.00784352142363787,0,0.084604986011982,0.127226129174232,0,0.00262617925181985,0.0468650422990322,0.0110929803922772,0.0227322075515985,0.0182151794433594,0,0.023334477096796,0.00786453112959862,0,0,0,0,0.00148466660175472,0.012171464972198,0.00198889290913939,0,0.000329147791489959,0,0,0,0
"CRS3035RES50000mN3800000E4350000",0.00247352547012269,0.188142538070679,0.0211795624345541,0,0.027749864384532,0,0,0,0.00316920457407832,0,0.0447553545236588,0.112158924341202,0,0,0,0,0,0.01391358114779,0,0.0271314829587936,0.0610651634633541,0,0.024039575830102,0.0890469178557396,0.053567286580801,0.0960810109972954,0.109221614897251,0,0.0621473304927349,0.0168508924543858,0,0,0,0,0,0.00595192098990083,0.0214114561676979,0,0.0199427995830774,0,0,0,0
"CRS3035RES50000mN3800000E4400000",0.00111382431350648,0.228833764791489,0.056933555752039,0.00199917168356478,0.00592611636966467,0,0.00307015655562282,0.00107098487205803,0.000499792920891196,0.0288880318403244,0.0171357579529285,0.124462723731995,0,0,0,0,0,0.0334718488156796,0,0.00509788794443011,0.0277599282562733,0,0.0998729094862938,0.181224927306175,0.0720415860414505,0,0.00134230102412403,0,0.00498364958912134,0,0.0170786380767822,0.0336717627942562,0.000385554565582424,0,0.00115666363853961,0,0,0,0,0.00429821945726871,0.0136800464242697,0,0.0340001992881298
"CRS3035RES50000mN3800000E4450000",0.000104294529592153,0.0251911394298077,0.00356205925345421,0,0,0.0020257206633687,0.00036503083538264,0.000320906226988882,0.000296838261419907,0.000926616776268929,0.00206984532997012,0.0889150947332382,0,0,0,0,0,0.00729660550132394,0,0.00315290386788547,0.0456449016928673,0,0.0549070574343204,0.633324503898621,0.0229287501424551,0,0.000561585940886289,0,0.0354039818048477,0,0,0.000994809321127832,0,0,0.000184521093615331,0.00775790819898248,0,0,0,0.00011632851237664,0.0639485940337181,0,0
"CRS3035RES50000mN1800000E3550000",0.00753206061199307,0.035618718713522,0.00549047579988837,0,0.00140730605926365,0,0,0.000753206084482372,0,0,0.00182355160359293,0.0558561757206917,0.00366692431271076,0,0,0.11224752664566,0,0.00319121521897614,0,0.193851456046104,0.0813264325261116,0,0.00208122725598514,0.425442516803741,0.00162533938419074,0.00148659094702452,0,0.0360349640250206,0.0305643100291491,0,0,0,0,0,0,0,0,0,0,0,0,0,0
"CRS3035RES50000mN3800000E4500000",0,0.0144319999963045,0.00215200008824468,0,0,0,0.000112000001536217,0.000211999999010004,0,0.000508000026457012,0.00138799997512251,0.0331160016357899,0,0,0,0,0,0.00416800007224083,0,0.00517999986186624,0.0537599995732307,0,0.0152879999950528,0.740779995918274,0.00212799990549684,0,0,0,0.0434480011463165,0,0,0,0,0,0.000364000006811693,0.0388999991118908,0,0,0,0,0.044064000248909,0,0
"CRS3035RES50000mN3800000E4550000",0,0.00805199984461069,0.00316000008024275,0.000796000007539988,0,0.000495999993290752,0.000172000000020489,0.000184000004082918,0.000172000000020489,0.000260000000707805,0.00115999998524785,0.0334040001034737,0,0,0,0,0,0.00803199969232082,0,0.00754400016739964,0.0511040017008781,0,0.00492799980565906,0.74481600522995,0.0122360000386834,0,0,0,0.0218279995024204,0,0,0,0,0,0.00177199998870492,0.0620400011539459,0,0,0,0,0.0378439985215664,0,0
"CRS3035RES50000mN3800000E4600000",0.00014000000373926,0.013399999588728,0.00342399999499321,0.000172000000020489,0,0,0,0.000151999993249774,0.000180000002728775,0.000592000025790185,0.000891999981831759,0.0508639998733997,0,0,0,0,0,0.0101760001853108,0,0.0102120004594326,0.0866120010614395,0,0.0130880000069737,0.684852004051208,0.0280840005725622,0,0,0,0.0213159993290901,0,0,0,0,0,0.000436000002082437,0.00661600008606911,0,0,0,0.000148000006447546,0.0686440020799637,0,0
"CRS3035RES50000mN3800000E4650000",0,0.0106119997799397,0.00106399995274842,0,0,0.000752000021748245,0,0,0,0.000403999991249293,0.000432000000728294,0.0375679992139339,0,0,0,0,0,0.0113880001008511,0,0.00242400006391108,0.0440879985690117,0,0.0166640002280474,0.751012027263641,0.0511480011045933,0,0,0,0.0271039996296167,0,0,0,0,0,0.00296800001524389,0.000931999995373189,0,0,0,0,0.0414399988949299,0,0
"CRS3035RES50000mN3800000E4700000",0,0.0184468887746334,0.00348789687268436,0,0.000741296913474798,0.000769808306358755,0,0.000722289260011166,0,0.00223339442163706,0.000845838745590299,0.0515011250972748,0,0,0,0,0,0.0182663165032864,0,0.00386804924346507,0.0271998941898346,0,0.0420733503997326,0.711996674537659,0.0616606958210468,0,0,0,0.0178956668823957,0.00457133073359728,0,0.00163465470541269,0,0,0.00129251764155924,0.00363995786756277,0,0,0,0,0.020366657525301,0.00678571779280901,0
"CRS3035RES50000mN3800000E4800000",0,0.0112039595842361,0,0,0.000231086334679276,0,0.00043980946065858,0,0,0,0.00179650983773172,0.363916248083115,0,0,0,0,0,0.0626914873719215,0,0.00691022677347064,0.0515247955918312,0,0.00875146314501762,0.462396293878555,0.00474099675193429,0,0,0,0.021550664678216,0.000231086334679276,0,0.00119270361028612,0,0,0.00043980946065858,0.00198286981321871,0,0,0,0,0,0,0
"CRS3035RES50000mN3800000E4850000",0,0,0,0,0,0,0,0,0,0,0,0.185912236571312,0,0,0,0,0,0.261547356843948,0,0.0372401848435402,0.0147228641435504,0,0,0.314665138721466,0.00981524214148521,0,0,0,0,0,0,0.176096990704536,0,0,0,0,0,0,0,0,0,0,0
"CRS3035RES50000mN1800000E3650000",0,0.0522604733705521,0,0,0,0,0,0,0,0,0.0094013549387455,0.274298340082169,0,0,0.00387114612385631,0.13023641705513,0,0.00359463575296104,0,0.00815705768764019,0.0454859659075737,0,0,0.0139637775719166,0.0489423461258411,0,0,0.361952155828476,0.0291718505322933,0,0,0.0186644550412893,0,0,0,0,0,0,0,0,0,0,0
"CRS3035RES50000mN1800000E3700000",0.00254434836097062,0.0272913351655006,0.000824425718747079,0,0,0,0.00143563793972135,0,0.00144985213410109,0,0.00402262900024652,0.214293837547302,0.0102342506870627,0,0.00268649077042937,0.186405509710312,0.00280020479112864,0.00093813962303102,0.00825847126543522,0.221344098448753,0.0466226972639561,0,0.00480441190302372,0.0442347042262554,0.0821582898497581,0,0,0.105768136680126,0.0231407769024372,0.00135035254061222,0,0.00113713892642409,0,0,0,0,0.00297077558934689,0.00262963376007974,0,0,0.000653854920528829,0,0
"CRS3035RES50000mN3850000E3250000",0,0.0101235071197152,0,0,0,0,0,0,0,0,0,0,0,0,0,0,0,0.0968819633126259,0,0,0,0,0,0,0,0.0750151872634888,0.607207953929901,0,0,0.0585138686001301,0.0199433080852032,0.0633731558918953,0,0,0,0.044037252664566,0,0,0.0249038264155388,0,0,0,0
"CRS3035RES50000mN3850000E3300000",0,0,0,0,0,0,0,0,0,0,0,0,0,0,0,0,0,0.056348841637373,0,0,0,0,0.00189364864490926,0.00962178222835064,0,0.341726809740067,0.110957570374012,0,0.00982650090008974,0.00168892985675484,0.014432673342526,0.13363017141819,0,0,0,0.314550399780273,0,0,0.00532268779352307,0,0,0,0
"CRS3035RES50000mN3850000E3350000",0,0.00099281535949558,0,0,0,0,0,0,0,0,0.000211487291380763,0,0,0,0,0,0,0.029543599113822,0,0,0.000734330853447318,0,0.0205436404794455,0.0415631271898746,0.00341316987760365,0.213672652840614,0.181743949651718,0,0.0328099019825459,0.000863573106471449,0.00640336517244577,0.0945641919970512,0,0,0,0.336787611246109,0.000199737987713888,0,0.00596276670694351,0.00158615468535572,0.0277400817722082,0,0.00066383508965373
"CRS3035RES50000mN3850000E3400000",0,0.00039999998989515,0.00585999991744757,0,0,0,0,0,0.000123999998322688,0,0,0,0,0,0,0,0,0.0177239999175072,0,0,0.00282000005245209,0,0.0152479996904731,0.111404001712799,0.012360000051558,0.130904003977776,0.181611999869347,0,0.0482320003211498,0,0.00301199988462031,0.0850879997014999,0,0,0.000255999999353662,0.339428007602692,0,0,0,0.000372000009519979,0.0451559983193874,0,0
"CRS3035RES50000mN3850000E3450000",0,0.00296800001524389,0.00484800012782216,0,0,0,0.000415999995311722,0,0,0,0.00105600000824779,0.00359599990770221,0,0,0,0,0,0.0676880031824112,0,0,0.00873600039631128,0,0.0198519993573427,0.142263993620872,0.011739999987185,0.0420800000429153,0.269712001085281,0,0.0296279992908239,0,0,0.0475960001349449,0,0,0.00284400000236928,0.320627987384796,0,0,0,7.99999997980194e-06,0.0243400000035763,0,0
"CRS3035RES50000mN3850000E3500000",0,0.00303600006736815,0.00349200004711747,0.000296000012895092,0,0,0.000203999996301718,0,0.000268000003416091,0,0.000948000000789762,0.0400840006768703,0,0,0,0,0,0.151091992855072,0,0,0.00210799998603761,0,0.0166679993271828,0.152659997344017,0.00808000005781651,0.045279998332262,0.369291990995407,0,0.0286999996751547,0,0,0.0341279990971088,0,0,0,0.142539992928505,0,0,0,0,0.00112399994395673,0,0
"CRS3035RES50000mN3850000E3550000",0,0.0124721406027675,0.00264866440556943,0,0,0.000767143617849797,0.00115475303027779,0,0.00239025801420212,0.000238218286540359,0.00492183212190866,0.466766536235809,0,0,0,0,0,0.320403605699539,0,0,0.000698504445608705,0,0.0129485772922635,0.0943828970193863,0.0126336440443993,0.0106431087478995,0.0344366729259491,0,0.0131867956370115,0.000141315933433361,0,0.000331083050696179,0,0,0,0.00809134636074305,0,0,0.000742918055038899,0,0,0,0
"CRS3035RES50000mN3850000E3600000",0,0.0230157990008593,0.0131625691428781,0,0,0,0.000280452455626801,0.000673085916787386,0,0,0.00650649704039097,0.465868949890137,0,0,0,0,0,0.345853984355927,0,0,0.000673085916787386,0,0.00551556516438723,0.0464616231620312,0.00495466031134129,0.0297092646360397,0.0135178091004491,0,0.00487987278029323,0.00566513976082206,0,0,0,0,0.00115920347161591,0.0161914564669132,0.000523511262144893,0,0.00968495849519968,0,0.00426287762820721,0,0.0014396560145542
"CRS3035RES50000mN1800000E4150000",0.000628888723440468,0.0103833544999361,0.00218103965744376,0,0,0,0.0096608018502593,0.0011507326271385,0,0,0.000548605050425977,0.0979862213134766,0,0,0,0,0.0017662406899035,0.00555295357480645,0.000428179570008069,0.017408175393939,0.0639459416270256,0.0026359804905951,0.161811739206314,0.00853683054447174,0.000802836671937257,0.0132468054071069,0.00553957326337695,0.501237690448761,0.00468321423977613,0.00413460889831185,0,0.0309761147946119,0.0328761637210846,0,0,0,0.0070382016710937,0,0,0,0.000561985711101443,0.0142771126702428,0
"CRS3035RES50000mN3850000E4100000",0,0.0226791072636843,0.00423849420621991,0,0,0.00746481120586395,0,0,0.00101217778865248,0,0.00278348894789815,0.0907164290547371,0,0,0,0,0,0,0,0.00107543892227113,0.0856239125132561,0,0.453455626964569,0.00888818595558405,0.0592440292239189,0,0.159797564148903,0,0.00825557485222816,0,0,0.0674679726362228,0,0,0,0.00645263306796551,0,0,0.00278348894789815,0,0.0180610474199057,0,0
"CRS3035RES50000mN3850000E4150000",0,0.027614189311862,0.00412114104256034,0.000419745862018317,0,0,0.00114476145245135,0,0,0.000903089588973671,0.00371411489322782,0.00773349963128567,0,0,0,0,0,0,0,0,0.0571617558598518,0,0.266424149274826,0.429985105991364,0.110660269856453,0,0.0252737887203693,0,0.00405754335224628,0,0,0.0229206681251526,0,0,0,0.00569836795330048,0,0,0,0.00231496198102832,0.0298528354614973,0,0
"CRS3035RES50000mN3850000E4200000",0.00664282077923417,0.214979201555252,0.0287612229585648,0.00467187399044633,0,0,0,0,0.00233593699522316,0.0176655221730471,0.00379589758813381,0,0,0,0,0,0,0,0,0,0.082852765917778,0,0.253887146711349,0.196875691413879,0.142784148454666,0,0.0140886195003986,0,0.000948974397033453,0,0,0.014818599447608,0,0,0,0,0,0,0,0.00423388555645943,0.0106577118858695,0,0
"CRS3035RES50000mN3850000E4350000",0,0,0,0,0,0,0,0,0,0,0,0,0,0,0,0,0,0,0,0,0,0,0,0,0,0,0.294117659330368,0,0,0.705882370471954,0,0,0,0,0,0,0,0,0,0,0,0,0
"CRS3035RES50000mN3850000E4400000",0,0.0558089651167393,0.0121942246332765,0.000852185650728643,0.00104837224353105,0.00105450314003974,0.00173502543475479,0.000220709946006536,1.83924967132043e-05,0.00313898595049977,0.00632088771089911,0.170020237565041,0,0,0,0,0,0.0313530750572681,0,0.00922690238803625,0.0556495599448681,0,0.0832996144890785,0.403801113367081,0.0467108078300953,0,0,0,0.00720372749492526,0,0.0231254976242781,0.0517810061573982,0.00152657716535032,0,0.000214579122257419,0.00141009129583836,0,0,0,0.00886518321931362,0.0110293664038181,0,0.0123904114589095
"CRS3035RES50000mN3850000E4450000",0.000163999997312203,0.0241919998079538,0.00558400014415383,0,0,0.000103999998827931,0.00101600005291402,0,0.000123999998322688,0.00167999998666346,0.002779999980703,0.167052000761032,0,0,0,0,0,0.00573599990457296,0,0.00328799989074469,0.033296000212431,0,0.0346440002322197,0.569440007209778,0.0359000004827976,0,0.000144000005093403,0,0.0266040004789829,0,0,0,0,0,0.00081200001295656,0.0161639992147684,0,0,0,0,0.0712760016322136,0,0
"CRS3035RES50000mN3850000E4500000",0,0.0110240001231432,0.00104000000283122,0,0,0,0.00011600000289036,0.000376000010874122,0,0,0.00110400002449751,0.163611993193626,0,0,0,0,0,0.0322920009493828,0,0.0137080000713468,0.0777999982237816,0,0.0631000027060509,0.523696005344391,0.0153360003605485,0,0,0,0.0342280007898808,0,0,0,0,0,0.00111599999945611,0.0332919992506504,0,0,0,0,0.0281600002199411,0,0
"CRS3035RES50000mN3850000E4550000",0.000475999986520037,0.021271999925375,0.00499199982732534,0.000268000003416091,0,0.000920000020414591,0.00120800000149757,0.000472000014269724,0,0.00233600009232759,0.00251600006595254,0.0903920009732246,0,0,0,0.000132000001030974,0,0.00908400025218725,0,0.0145519999787211,0.0464319996535778,0,0.0587400011718273,0.469967991113663,0.0136879999190569,0,0,0,0.0210319999605417,0,0,0,0,0,0.000167999998666346,0.018503999337554,0,0,0,0,0.222847998142242,0,0
"CRS3035RES50000mN3850000E4600000",0,0.00824000034481287,0.00236400007270277,0,0,0,0.000144000005093403,0,0,0.00101600005291402,0.00108399998862296,0.0360080003738403,0,0,0,0,0,0.0197759997099638,0,0.0262080002576113,0.0433880016207695,0,0.0325639992952347,0.656148016452789,0.0467600002884865,0,0,0,0.0219039991497993,0,0,0,0,0,0.00083999999333173,0.00386400008574128,0,0,0,0,0.0996920019388199,0,0
"CRS3035RES50000mN3850000E4650000",0,0.00679600005969405,0.00154399999883026,0,0,0,9.99999974737875e-05,0,0,0.000576000020373613,0,0.0750880017876625,0,0,0,0.000376000010874122,0,0.00937599968165159,0,0.0121640004217625,0.0387439988553524,0,0.0100800003856421,0.684171974658966,0.0446919985115528,0,0,0,0.03108000010252,0,0,0,0.000155999994603917,0,0.00111599999945611,0.000403999991249293,0,0,0,0,0.0835359990596771,0,0
"CRS3035RES50000mN1800000E4200000",0.00121599994599819,0.02700399979949,0.0065399999730289,0.000571999989915639,0,0.00141999998595566,0.00285200006328523,0,0.000184000004082918,0,0.000236000007134862,0.573755979537964,0,0.00214400002732873,0.00529599981382489,0.025628000497818,0.0461720004677773,0.0103200003504753,0.00168800004757941,0.0828080028295517,0.0473200008273125,0.00157199997920543,0.042908001691103,0.00733199995011091,0.00552400015294552,0.0105560002848506,0,0.0877759978175163,0.00133600004483014,0.000167999998666346,0,0.00421599997207522,0.00225599994882941,0,0,0,0,0,0,0,0.00120000005699694,0,0
"CRS3035RES50000mN3850000E4700000",0,0.0193591080605984,0.00420949375256896,0,0.000285196030745283,0.000376458774553612,0,0.000844180292915553,0,0.000912627321667969,0.00394711317494512,0.0995334163308144,0,0,0,0,0,0.00946850888431072,0,0.0075633991509676,0.0401441939175129,0,0.00806534383445978,0.734379827976227,0.00774592440575361,0,0,0,0.0121721671894193,0,0.00109515280928463,0.000752917549107224,0,0,0.0014830194413662,0.00138034881092608,0.00149442721158266,0,0,0,0.0447871871292591,0,0
"CRS3035RES50000mN3850000E4800000",0,0.0155371418222785,0.00337952747941017,0,0.000419727177359164,0.0024532328825444,0.00662879459559917,0,0,0.0011072113411501,0.00231573614291847,0.312566488981247,0,0,0,0,0,0.0253138914704323,0,0.00674458174034953,0.0360603556036949,0,0.00508738262578845,0.528849005699158,0.0078228460624814,0,0.000318413716740906,0,0.0103267356753349,0.000824981019832194,0,0.0187719352543354,0,0,0.000658537494018674,0.00771429622545838,0,0,0,0,0.00709917861968279,0,0
"CRS3035RES50000mN3850000E4850000",0,0.015188560821116,0,0,0,0.00459361355751753,0.0112617621198297,0,0,0.00918722711503506,0.0157812852412462,0.110320813953876,0,0,0,0,0,0.0208194404840469,0,0.00903904531151056,0.0434170551598072,0,0,0.590057075023651,0,0,0,0,0,0.0114840334281325,0,0.105282656848431,0,0,0.0085945026949048,0.0116322143003345,0,0,0,0,0.0333407409489155,0,0
"CRS3035RES50000mN1800000E4250000",0.00192411337047815,0.00764608383178711,0.000685024657286704,0,0,0,0.000433177367085591,0,0,0,0.000543990172445774,0.0628359019756317,0,0.00111820199526846,0.00133982766419649,0.00633144099265337,0.00740934768691659,0.00889020971953869,0,0.0315816514194012,0.0914054587483406,0.00709202000871301,0.105362839996815,0.0323120094835758,0.010310628451407,0.0289422925561666,0,0.56308525800705,0.00285594840534031,0.00154130544979125,0,0.0115346061065793,0.00163197051733732,0,0.00139019708149135,0,0.00308764795772731,0,0,0,0.00793822668492794,0.000770652724895626,0
"CRS3035RES50000mN3900000E3250000",0,0.00107701681554317,0.00296687660738826,0.000751879706513137,0,0.00449095712974668,0.000629953283350915,0,0,0,0.00103637471329421,0.0206665303558111,0,0,0,0,0,0.167262747883797,0,0,0,0,0,0,0,0.0811420455574989,0.243385493755341,0,0,0.0195285510271788,0.00233692349866033,0.00377971958369017,0,0,0.00119894335512072,0.313452541828156,0,0,0.0826051607728004,0,0.0442186556756496,0,0.00946961995214224
"CRS3035RES50000mN3900000E3300000",0,0,0.00198132311925292,0,0,0,0,0,0,0,0,0,0,0,0,0,0,0.0971431061625481,0,0,0.000393350899685174,0,0.00187934329733253,0.111012369394302,0,0.062062032520771,0.0937923416495323,0,0.0145394150167704,0,0.00329249282367527,0.0117713902145624,0,0,0,0.592430174350739,0,0,0.00418117456138134,0,0.00552148139104247,0,0
"CRS3035RES50000mN3900000E3350000",0,0.00239402614533901,0.000616743578575552,0,0,0,0.000324950931826606,0,0,0,0.000477478897664696,0,0,0,0,0,0,0.0480065271258354,0,0,0.00249350094236434,0,0.00576953683048487,0.0327470935881138,0.00690354919061065,0.0698047652840614,0.194983825087547,0,0.0296235866844654,0,0.00531195290386677,0.0350283831357956,0,0,0,0.547767758369446,0.000185686236363836,0,0.00854819919914007,0,0.00901241414248943,0,0
"CRS3035RES50000mN3900000E3400000",0,0,0.00205200002528727,0,0,0,0,0,0,0,0,0,0,0,0,0,0,0.0103200003504753,0,0,0.000452000007499009,0,0.00225599994882941,0.0345759987831116,0.00359599990770221,0.0821480005979538,0.12236800044775,0,0.0278600007295609,0,0.00839199963957071,0.130799993872643,0,0,0.000432000000728294,0.537455976009369,0.000232000005780719,0,0.000203999996301718,0,0.0368559993803501,0,0
"CRS3035RES50000mN3900000E3450000",0.000559279113076627,0.019789531826973,0.00717666978016496,0,0,0.000930640439037234,0.000733774213586003,0.000648763787467033,0.000281876680674031,0.000362412858521566,0.00483664590865374,0.143564715981483,0,0,0,0,0,0.155743569135666,0,0.00117672327905893,0.0168096926063299,0,0.0112750669941306,0.183895438909531,0.0202772226184607,0.0266216862946749,0.111292071640491,0,0.0441427826881409,0,0,0.028160821646452,0,0,0,0.125618562102318,0.00157940422650427,0,0.042299397289753,0,0.00673819473013282,0,0.0454850532114506
"CRS3035RES50000mN3900000E3500000",0.000519721186719835,0.0216814111918211,0.00660949712619185,0,0,0.00879006646573544,0.00119761831592768,0,0.00103944237343967,0,0.00803308095782995,0.288885861635208,0,0,0,0,0,0.174931362271309,0,0,0.00274548353627324,0,0.0242800172418356,0.29650092124939,0.0203256160020828,0.0105638979002833,0.0495881773531437,0,0.028980104252696,0.00169474293943495,0,0,0,0,0,0.0215006377547979,0.00510682538151741,0,0.0257487930357456,0,0.00085866975132376,0,0.000418036594055593
"CRS3035RES50000mN3900000E3550000",0,0.0234776046127081,0.000656886375509202,0,0,0,0.00063255726126954,0,0,0,0.00523076159879565,0.523903369903564,0,0,0,0,0,0.204680919647217,0,0,0.00107048149220645,0,0.0140865631401539,0.129138991236687,0.0127971190959215,0.0112157259136438,0.0312142670154572,0,0.0249130241572857,0,0,0,0,0,0,0.0107291433960199,0,0,0.00552271120250225,0,0,0,0.000729873718228191
"CRS3035RES50000mN3900000E3600000",0,0.110443919897079,0,0,0.00579026388004422,0,0.00772035168483853,0,0,0.00557580962777138,0.0310958605259657,0.532489836215973,0,0,0,0,0,0.193223252892494,0,0,0,0,0.0107227107509971,0.00278790481388569,0.0115805277600884,0.0291657727211714,0.00643362663686275,0,0.000428908417234197,0,0,0,0,0,0,0,0,0,0.0525412820279598,0,0,0,0
"CRS3035RES50000mN1800000E4800000",0.00859002396464348,0.0358093343675137,0.00216068094596267,0,0,0,0,0,0,0,0.000632394396234304,0.0169692505151033,0,0,0,0,0.0154409632086754,0.0193407293409109,0.0309873260557652,0.124054700136185,0.0448209531605244,0,0.550736486911774,0.00519090425223112,0.0612105093896389,0.00173908460419625,0,0.00524360360577703,0.0242417845875025,0.00445311050862074,0,0.0483781732618809,0,0,0,0,0,0,0,0,0,0,0
"CRS3035RES50000mN3900000E4050000",0,0.0143323065713048,0.00309838750399649,0,0,0,0.00188439933117479,0,0,0,0.00150389561895281,0.0418735295534134,0,0,0,0,0,0.0153288636356592,0,0.0307845622301102,0.304602295160294,0,0.0360572561621666,0.017213262617588,0.00568943656980991,0,0.173926442861557,0,0,0.00137706100940704,0.00155825330875814,0.296811014413834,0,0,0,0.00512774055823684,0,0,0,0,0.0488313101232052,0,0
"CRS3035RES50000mN3900000E4100000",0,0.00452724657952785,0.000484567659441382,0,0,0,0.00239053391851485,0,0,0,0.000419958640122786,0.005224100779742,0,0,0,0,0,0.00167060468811542,0,0.00685317115858197,0.0543961822986603,0,0.21337129175663,0.211516097187996,0.043168056756258,0,0.230478838086128,0,0.00108912354335189,0,0.000599940947722644,0.149514511227608,0,0,0,0.0115511706098914,0,0,0,0.000563021458219737,0.0621815696358681,0,0
"CRS3035RES50000mN3900000E4150000",0,0.00295999995432794,0.000828000018373132,0,0,0,0.000136000002385117,0,0,0,0.000380000012228265,0.00237999996170402,0,0,0,0,0,0,0,0.00276400009170175,0.053532000631094,0,0.112479999661446,0.563896000385284,0.0456000007688999,0,0.0930000022053719,0,0.0169239994138479,0,0,0.0258840005844831,0,0,0,0.0432359986007214,0,0,0,0.00210399995557964,0.0338959991931915,0,0
"CRS3035RES50000mN3900000E4200000",0,0.0213275570422411,0.00213322346098721,0.0016092739533633,0,0.00119292107410729,0.00072978698881343,0,0,0,0.00178236444480717,0.00399511586874723,0,0,0,0,0,0,0,0.00161395198665559,0.0445450767874718,0,0.0578917562961578,0.722100853919983,0.0340005904436111,0,0.0018478580750525,0,0.0305808819830418,0,0,0.00575876794755459,0,0,0,0.0245788525789976,0,0,0,0.00194142060354352,0.0423697493970394,0,0
"CRS3035RES50000mN3900000E4250000",0,0.0441558435559273,0,0.0130263678729534,0,0,0,0,0,0.00196772930212319,0.00920897256582975,0,0,0,0,0,0,0,0,0,0.104840613901615,0,0.14529712498188,0.522274672985077,0.104761905968189,0,0.0068870522081852,0,0.0164502169936895,0,0,0.00243998435325921,0,0,0,0,0,0,0,0,0.0286894924938679,0,0
"CRS3035RES50000mN3900000E4350000",0,0.0679111331701279,0,0,0,0,0,0,0,0,0.00675675692036748,0.166857540607452,0,0,0,0,0,0.0187814924865961,0,0.00595510751008987,0.0296610165387392,0,0.0273133311420679,0.186956018209457,0.0446060448884964,0,0,0,0,0,0.189418226480484,0.248568490147591,0,0,0,0.00234768656082451,0,0,0,0,0,0,0.00486715510487556
"CRS3035RES50000mN3900000E4400000",0.000477436697110534,0.0172363482415676,0.00358077511191368,0.000238718348555267,0.000265242619207129,0,0.000694051501341164,0.000132621309603564,0,0.000985818332992494,0.00328016700223088,0.16092711687088,0,0,0,0,0,0.0104328757151961,0,0.00379296927712858,0.0587202943861485,0,0.0364310741424561,0.566332757472992,0.0523235239088535,0,0.00078246567863971,0,0.0221477579325438,0,0.00442513078451157,0.0117811923846602,0,0,0.000305029010633007,0.014079961925745,0,0,0,0.000610058021266013,0.0289512313902378,0,0.00106539111584425
"CRS3035RES50000mN3900000E4450000",0.000419999996665865,0.0170319993048906,0.00488399993628263,0.000144000005093403,0,0.00213599996641278,0.000260000000707805,0.000444000004790723,0,0.00127600005362183,0.000807999982498586,0.418588012456894,0,0,0,0,0,0.00680800015106797,0,0.00356000009924173,0.0247120000422001,0,0.0163839999586344,0.219607993960381,0.0254280008375645,0,0,0,0.0107279997318983,0,0,0,0,0,0.00679600005969405,0.0121600003913045,0,0,0,0.00222799996845424,0.225595995783806,0,0
"CRS3035RES50000mN3900000E4500000",0.00014000000373926,0.0220439992845058,0.0063999998383224,0,0,0.000731999985873699,0.000660000019706786,0.000696000002790242,0,0.00121599994599819,0.00384799996390939,0.454160004854202,0,0,0,0.000236000007134862,0,0.0325880013406277,0,0.00955200009047985,0.0318080000579357,0,0.0661600008606911,0.245491996407509,0.0335359983146191,0,0,0,0.0149280000478029,0,0,0,0,0,0.00963999982923269,0.0109479995444417,0,0,0,0,0.0552159994840622,0,0
"CRS3035RES50000mN3900000E4550000",0,0.0101279998198152,0.00232800003141165,7.5999996624887e-05,0,0.00102800002787262,0.00044000000343658,0,0,0.00039999998989515,0.00182799994945526,0.210776001214981,0,0,0,0.000172000000020489,0,0.0125479996204376,0,0.00592799996957183,0.0168360006064177,0,0.0311760008335114,0.267340004444122,0.0208359993994236,0,0,0,0.019896000623703,0,0,0,0,0,0.00510000018402934,0.0115839997306466,0,0,0,0,0.381579995155334,0,0
"CRS3035RES50000mN1800000E4850000",0.00272800005041063,0.0200159996747971,0.00412799976766109,0.000472000014269724,0,0,0.000576000020373613,0,0,0,0.00146800000220537,0.109843999147415,0.000112000001536217,0,0.000199999994947575,0.000207999997655861,0.0570079982280731,0.00327600003220141,0.0337480008602142,0.0418159998953342,0.0520600005984306,0,0.274827986955643,0.159428000450134,0.147292003035545,0.00836400035768747,0,0.01180399954319,0.036811999976635,0.00221999990753829,0.000472000014269724,0.0218359995633364,0.000984000042080879,0,0,0,0,0,0,0,0.0082999998703599,0,0
"CRS3035RES50000mN3900000E4600000",0.00014000000373926,0.0230839997529984,0.00540800020098686,0.000763999996706843,0,0.00114399997983128,0.000199999994947575,0.00022000000171829,0,0.0014639999717474,0.00350399990566075,0.378735989332199,0,0,0,0,0,0.021764000877738,0,0.0120320003479719,0.0219919998198748,0,0.0195879992097616,0.345196008682251,0.0498839989304543,0,0,0,0.0125919999554753,0,0,0,0,0,0.00531599996611476,0.000823999987915158,0,0,0,0.000984000042080879,0.0951640009880066,0,0
"CRS3035RES50000mN3900000E4650000",0.00011223344336031,0.0160894654691219,0.00256934412755072,0,0,0.00057319225743413,0.000384800398023799,0.000921917613595724,0,0.000669392349664122,0.00336700328625739,0.235056921839714,0,0,0,0.000152316817548126,0,0.0134760299697518,0,0.00847763381898403,0.0402437075972557,0,0.0121492706239223,0.48335337638855,0.058854416012764,0,0,0,0.0206188876181841,0,0,0,0,0,0.0019801186863333,0.00253727752715349,0,0,0,0.000372775364667177,0.0980399250984192,0,0
"CRS3035RES50000mN3900000E4700000",0,0.00642642006278038,0,0,0,0,0,0,0,0,0.000735849607735872,0.145806148648262,0,0,0,0,0,0.00977208279073238,0,0.00781962834298611,0.0453381463885307,0,0.00606340076774359,0.635931074619293,0.0546981543302536,0,0,0,0.0520883426070213,0,0.000382641796022654,0.000441509764641523,0,0,0.000873208220582455,0.000706415623426437,0.00105962343513966,0,0,0,0.0233215261250734,0.00853585544973612,0
"CRS3035RES50000mN3900000E4800000",0,0,0,0,0,0,0,0,0,0,0,0,0,0,0,0,0,0.0345997288823128,0,0.0230664853006601,0.0291723199188709,0,0,0.620081424713135,0,0,0,0,0,0.082767978310585,0,0.0624151974916458,0,0,0,0.0251017641276121,0,0,0,0,0.122795112431049,0,0
"CRS3035RES50000mN3900000E4850000",0,0.0171255562454462,0,0,0,0,0,0,0,0,0,0.0363326705992222,0,0,0,0,0,0.01476014778018,0,0.0316964723169804,0.090074747800827,0,0,0.408647924661636,0,0,0,0,0,0.0430504307150841,0,0.309016942977905,0,0,0,0.0103131802752614,0,0,0,0,0.0389819294214249,0,0
"CRS3035RES50000mN1800000E4900000",0.00286745955236256,0.0173109602183104,0.00454545440152287,0.000138062867335975,0.000307986396364868,0,0.000557561579626054,0,0,0,0.000754035660065711,0.217565849423409,0.00207094312645495,0,0.00796516612172127,0.00735981296747923,0.126077950000763,0.00655267620459199,0.0285949446260929,0.0663604512810707,0.06415144354105,0,0.169997870922089,0.0551826693117619,0.101115122437477,0.0136204333975911,0,0.0261947754770517,0.0527081564068794,0.0082837725058198,0,0.019557137042284,0,0,0,0,0,0,0,0,0.000159303308464587,0,0
"CRS3035RES50000mN3950000E3200000",0,0,0,0,0,0,0,0,0,0,0,0,0,0,0,0,0,0,0,0,0,0,0,0,0,0,0,0,0,0,0,0,0,0,0,0,0,0,0,0,0,0,0
"CRS3035RES50000mN3950000E3250000",0,0,0,0,0,0,0,0,0,0,0,0.0211511179804802,0,0,0,0,0,0.190271377563477,0,0,0,0,0,0.0210180915892124,0,0.0876197218894958,0.0948918089270592,0,0,0.00758247589692473,0,0.00124157499521971,0,0,0,0.378192633390427,0,0,0.152492016553879,0,0.0436324924230576,0,0.00190670450683683
"CRS3035RES50000mN3950000E3300000",0,0.00117239146493375,0,0,0,0,0,0,0,0,0.000299333973089233,0.00122228043619543,0,0,0,0,0,0.0368305519223213,0,0,0.00119733589235693,0,0,0.000598667946178466,0.00497642764821649,0.0800718367099762,0.155566364526749,0,0.00194567092694342,0.00399111956357956,0.0167627036571503,0.111190102994442,0,0,0,0.544463574886322,0,0,0.0139564471319318,0,0.025430915877223,0,0.000324278487823904
"CRS3035RES50000mN3950000E3350000",0,0,0,0,0,0,0,0,0,0,0,0,0,0,0,0,0,0.0787092596292496,0,0,0,0,0.00178618484642357,0.00134695915039629,0,0.0411115325987339,0.07381921261549,0,0.00240110093727708,0,0,0.0113905891776085,0,0,0,0.773095965385437,0,0,0.00330883427523077,0,0.0130303651094437,0,0
"CRS3035RES50000mN3950000E3400000",0,0.00090256507974118,0.00016847881488502,0,0,0,0,0,0,0,0.000180513015948236,0,0,0,0,0,0,0.0227265898138285,0,0,0.00157648033928126,0,0.010331361554563,0.0219263155013323,0.00111316365655512,0.0332685485482216,0.118374422192574,0,0.00599303236231208,0,0.00566209154203534,0.0613684095442295,0,0,0,0.660671651363373,0,0,0.00159453169908375,0,0.0372398346662521,0,0.0169020351022482
"CRS3035RES50000mN3950000E3450000",0,0.000852772092912346,0.00170152168720961,0,0,0,0,0,0.000148832870763727,0,0.000229283061344177,0.00139178847894073,0,0,0,0,0,0.0415565520524979,0,0,0.00189057970419526,0,0.00446900865063071,0.105655245482922,0.00368461920879781,0.0530971325933933,0.19238056242466,0,0.0561663061380386,0,0.000132742832647637,0.0236402917653322,0,0,0.000571196433156729,0.478332757949829,0,0,0.00117055035661906,0.000470633676741272,0.029484998434782,0,0.00297263497486711
"CRS3035RES50000mN3950000E3500000",0,0.00123681721743196,0.00506031140685081,0,0,0,0,0,0,0,0.000438870629295707,0.00078464753460139,0,0,0,0,0,0.0654781684279442,0,0,0.00163579056970775,0,0.00212785764597356,0.0579641722142696,0,0.0306411497294903,0.181074038147926,0,0.0248959343880415,0.000492067076265812,0,0.000618408608715981,0,0,0,0.615263402462006,0,0,0.00275956536643207,0,0.00952881295233965,0,0
"CRS3035RES50000mN3950000E3550000",0,0.0191791038960218,0.00880596973001957,0,0.00208955234847963,0.0170895513147116,0,0,0,0,0,0.0205223876982927,0,0,0,0,0,0.449776113033295,0,0,0,0,0,0.0736567154526711,0,0.00216417899355292,0.0823134332895279,0,0.0971641764044762,0,0,0,0,0,0.00753731327131391,0.198880597949028,0,0,0.0108208954334259,0,0.00999999977648258,0,0
"CRS3035RES50000mN3950000E4050000",0.000295987440040335,0.0604200437664986,0.0122191337868571,0.000180166272912174,0.000398939591832459,0.00253519671969116,0.000611278403084725,0,0,0.00183383526746184,0.00523769063875079,0.212293773889542,0,0,0,0,0,0.0599696300923824,0,0.0366187952458858,0.124250382184982,0,0.0811970755457878,0.0631225407123566,0.00727743050083518,0,0.180983453989029,0,0.000566236849408597,0.000443981145508587,0,0.0860744342207909,0,0,0,0.0104367742314935,0,0,0,0,0.0530332289636135,0,0
"CRS3035RES50000mN3950000E4100000",0,0.000387130945455283,0.000297479564324021,0,0,0,0,2.85254391201306e-05,0,0,0.00295034539885819,0.00312964804470539,0,0,0,0,0,0.002025306224823,0,0.00236353627406061,0.0182888805866241,0,0.0910939499735832,0.0300495121628046,0.0101672811433673,0,0.385949194431305,0,0.000179302762262523,0,0.0140467407181859,0.378638535737991,0,0,0,0.00449071917682886,0,0,0,0.000350455375155434,0.0555634796619415,0,0
"CRS3035RES50000mN3950000E4150000",0,0.000211999999010004,0,0,0,0,0,0.000407999992603436,0,0,0.00182799994945526,0.0026320000179112,0,0,0,0,0,0,0,0.000912000017706305,0.0049040000885725,0,0.0806920006871223,0.158123999834061,0.0352559983730316,0,0.435600012540817,0,0.00679600005969405,0,0,0.179667994379997,0,0,0,0.016907999292016,0,0,0,0.00149599998258054,0.0745640024542809,0,0
"CRS3035RES50000mN3950000E4200000",0,0.000327999994624406,0.000108000000182074,0,0,0,0,0,0,0,0.00350399990566075,0.00236800010316074,0,0,0,0,0,0,0,0.000195999993593432,0.00709600001573563,0,0.0121919997036457,0.688675999641418,0.0174439996480942,0,0.0649119988083839,0,0.0203559994697571,0,0.000119999996968545,0.100819997489452,0,0,0,0.016448000445962,0,0,0,0.00112000002991408,0.0643120035529137,0,0
"CRS3035RES50000mN3950000E4250000",0,0.00653165858238935,0.00106317503377795,0.0011852621100843,0,0,0.00079356599599123,0,0,0.000249261123826727,0.00387626467272639,7.63044226914644e-05,0,0,0,0,0,0,0,0,0.0298248566687107,0,0.0424761287868023,0.783061444759369,0.0332076847553253,0,0.00531078781932592,0,0.0283750724047422,0,0,0.00767622515559196,0,0,0,0.00773726869374514,0,0,0,0,0.0485550500452518,0,0
"CRS3035RES50000mN3950000E4300000",0,0.0904637724161148,0.00945458374917507,0.00118511496111751,0,0,0.0179084036499262,0,0,0.0036343524698168,0.0521977283060551,0.0185141284018755,0,0,0,0,0,0,0,0.0894103422760963,0.154301971197128,0,0.0673145279288292,0.383819222450256,0.0410313121974468,0,0.0165126025676727,0,0.0135366460308433,0,0,0.00558320805430412,0,0,0,0.000842748384457082,0,0,0.00321297836489975,0.00284427590668201,0.0282320715487003,0,0
"CRS3035RES50000mN3950000E4350000",0,0.0175179541110992,0.0017564584268257,0.000994808389805257,0,0,0,0,0,0.000435228663263842,0.0223831869661808,0.14458917081356,0,0,0,0,0,0.0165697764605284,0,0.00945067964494228,0.0390306822955608,0,0.0526471212506294,0.533232808113098,0.0329374819993973,0,0.0395125448703766,0,0.0035129168536514,0,0.0233624521642923,0.0513725243508816,0,0,0.000715018482878804,0.000761650153435767,0,0,0,0,0.00921752117574215,0,0
"CRS3035RES50000mN3950000E4400000",0,0.00334774772636592,0.00162765651475638,0,0,0,0.000229077573749237,0,0,0.000345625827321783,0.00012458604760468,0.0868525579571724,0,0,0,0,0,0.00177233712747693,0,0.00494727212935686,0.0242098830640316,0,0.0088576665148139,0.712121844291687,0.0259862393140793,0,0,0,0.0307606980204582,0,0.000872102391440421,0.000703308382071555,0,0,0.000823875481728464,0.0322115235030651,0,0,0,0,0.0637358129024506,0,0.000470211874926463
"CRS3035RES50000mN3950000E4450000",0,0.00612800009548664,0.00116400001570582,0,0,0,0.000255999999353662,0,0,0.000944000028539449,0.00036000000545755,0.0705159977078438,0,0,0,0,0,0.000475999986520037,0,0.00153600005432963,0.0118159996345639,0,0.021679999306798,0.251556009054184,0.046255998313427,0,0,0,0.00946000032126904,0,0,0,0,0,0.001304000033997,0.001304000033997,0,0,0,0,0.575244009494781,0,0
"CRS3035RES50000mN3950000E4500000",0,0.00424000015482306,0.00101999996695668,0,0,0,0.000260000000707805,0.000167999998666346,0.000180000002728775,0.000607999972999096,0.000500000023748726,0.0799679979681969,0,0,0,0,0,0.000828000018373132,0,0.001304000033997,0.00519199995324016,0,0.00832400005310774,0.115939997136593,0.0237440001219511,0.000108000000182074,0,0,0.011455999687314,0,0,0,0,0,0.00141200004145503,0.00209999992512167,0,0,0,0,0.742648005485535,0,0
"CRS3035RES50000mN3950000E4550000",0,0.0065399999730289,0.001304000033997,1.59999999596039e-05,0,0.000452000007499009,0.000536000006832182,0,0,9.99999974737875e-05,0.00103599997237325,0.11269199848175,0,0,0,0,0,0.00196400005370378,0,0.00237599993124604,0.0151279997080564,0,0.0160719994455576,0.505739986896515,0.0595519989728928,0,0,0,0.0322480015456676,0,0,0,0,0,0.00148400000762194,0.0184000004082918,0,0,0,0.000472000014269724,0.223887994885445,0,0
"CRS3035RES50000mN3950000E4600000",0,0.00844800006598234,0.000855999998748302,0,0,0,0.000136000002385117,0.000323999993270263,0,0.00011600000289036,0.000744000019039959,0.103479996323586,0,0,0,0,0,0.0100440001115203,0,0.00876399967819452,0.021832000464201,0,0.0136799998581409,0.595871984958649,0.0638879984617233,0,0,0,0.0282039996236563,0,0,0,0,0,0.00121999997645617,0.0103359995409846,0,0,0,0.00015999999595806,0.131896004080772,0,0
"CRS3035RES50000mN3950000E4650000",0.000597418344113976,0.0235877241939306,0.00636147521436214,0,0.000729262363165617,0.00114539510104805,0.000222486822167411,0.000148324557812884,0,0.00114951527211815,0.00326314009726048,0.16386567056179,0,0,0,0,0,0.00937740784138441,0,0.00880059041082859,0.0221497993916273,0,0.00765519496053457,0.569286108016968,0.0373654253780842,0,0,0,0.0259238351136446,0,0,0,0,0,0.00219190726056695,0.00396768189966679,0.00149148574564606,0,0,0.00176753418054432,0.106027334928513,0,0.00292528979480267
"CRS3035RES50000mN3950000E4700000",0,0.0188998058438301,0.00459645176306367,0.000141792857903056,0.000354482122929767,0.00264679989777505,0.000200873211724684,0.00030130980303511,0,0.000862573157064617,0.00455509545281529,0.297575920820236,0,0,0,0,0,0.00959465000778437,0,0.00645157461985946,0.0310880821198225,0,0.00541766872629523,0.428604334592819,0.059068538248539,0.00115797494072467,0,0,0.0553110279142857,0,0,0,0,0,0.00217415718361735,0.00362753379158676,0.00155381334479898,0,0,0.000307217851513997,0.0650711059570312,0.000437194627011195,0
"CRS3035RES50000mN3950000E4750000",0,0.0361598804593086,0,0,0,0,0,0,0,0,0.0140455737709999,0.040642511099577,0,0,0,0,0,0.00351139344274998,0,0.0049308929592371,0.026596937328577,0,0.00679865526035428,0.767426252365112,0.0817332863807678,0,0,0,0.00508031388744712,0,0,0.0102353384718299,0,0,0,0,0,0,0,0,0,0.0028389988001436,0
"CRS3035RES50000mN3950000E4850000",0,0,0,0,0,0,0,0,0,0,0,0,0,0,0,0,0,0,0,0,0,0,0,0.884038209915161,0,0,0,0,0,0.115961797535419,0,0,0,0,0,0,0,0,0,0,0,0,0
"CRS3035RES50000mN4000000E3200000",0,0,0,0,0,0,0,0,0,0,0,0,0,0,0,0,0,0,0,0,0,0,0,0,0,0,0,0,0,0,0,0,0,0,0,0,0,0,0,0,0,0,0
"CRS3035RES50000mN4000000E3300000",0,0.000602617103140801,0,0,0,0,0.000396005518268794,0,0,0,0,0,0,0,0,0,0,0.0417011007666588,0,0,0.0254993122071028,0,0,0.00272038578987122,0,0.026928374543786,0.109814047813416,0,0.00134297518525273,0.00444214884191751,0.00160123966634274,0.0610192827880383,0,0,0,0.670781672000885,0,0,0.000688705244101584,0,0.0484676323831081,0,0.00399449048563838
"CRS3035RES50000mN4000000E3350000",0,0.00539099238812923,0.00248008943162858,0,0,0.00231707887724042,0.000337664765538648,0.000454100867500529,0,0,0.000768478435929865,0,0,0,0,0,0,0.101800099015236,0,0.0143798608332872,0.00747519917786121,0,0,0.000547249801456928,0.00199105776846409,0.019479762762785,0.0152414888143539,0,0.0140189090743661,0.00329514220356941,0,0.00335336034186184,0,0,0,0.776896715164185,0.00186297798063606,0,0.00683480035513639,0,0.0210749376565218,0,0
"CRS3035RES50000mN4000000E3400000",0,0.00381439412012696,0,0,0,0,0,0,0,0,0,0,0,0,0,0,0,0.0238923579454422,0,0,8.38328342069872e-05,0,0.00729345669969916,0.0145030803978443,0.00134132534731179,0.0203713793307543,0.0860963240265846,0,0.00326948054134846,0,0,0.102946721017361,0,0,0,0.703022181987762,0,0,0.00452697323635221,0,0.0188204720616341,0,0.0100180236622691
"CRS3035RES50000mN4000000E3450000",0,0.000276329461485147,0,0,0,0,0,0,0,0,0.000458125170553103,0,0,0,0,0,0,0.0282801408320665,0,0,0.00143255013972521,0,0.00766450678929687,0.0153144700452685,0.000334504089551046,0.0490484796464443,0.0599125921726227,0,0.0150381410494447,0.00106895877979696,0.0227680932730436,0.0960317626595497,0,0,0,0.664019703865051,0.000203611183678731,0,0.0124784568324685,0,0.0256695542484522,0,0
"CRS3035RES50000mN4000000E3500000",0,0.00566230481490493,0.00456292275339365,0,0.000291871372610331,0,0.000719949428457767,0,0.00028214234043844,0,0.00124531786423177,0.024166950955987,0,0,0,0,0,0.230665951967239,0,0,0,0,0.00131342117674649,0.098204992711544,0.000408619933295995,0.0637155249714851,0.0261030308902264,0,0.0362796112895012,0,0.000564284680876881,0,0,0,0.00150800216943026,0.480848371982574,0,0,0.0056039304472506,0,0.0178527999669313,0,0
"CRS3035RES50000mN4000000E3550000",0,0.00153436441905797,0.00328036537393928,0,0,0,0.00139327347278595,0,0,0,0.00329800182953477,0.0348494723439217,0,0,0,0,0,0.408899307250977,0,0,0,0,0,0.034443836659193,0,0.0612863972783089,0.199837744235992,0,0.0181831009685993,0.000458545691799372,0.00125218252651393,0.000634909432847053,0,0,0.00118163705337793,0.209132120013237,0,0,0.0161901898682117,0,0.00414454750716686,0,0
"CRS3035RES50000mN4000000E4000000",0,0.0795228630304337,0,0,0,0.0138218309730291,0,0,0,0.00265076220966876,0.0064375652000308,0.00558553449809551,0,0,0,0,0,0.096279464662075,0,0.0906939283013344,0.233267068862915,0,0.00302944239228964,0.0300104133784771,0,0,0.208652839064598,0,0,0,0.00236675189808011,0.188393443822861,0,0,0,0.0253715794533491,0,0,0,0,0.0139165008440614,0,0
"CRS3035RES50000mN4000000E4050000",0.000890937750227749,0.0263357944786549,0.00520667294040322,0.000302428408758715,0.000220691013964824,0,0.00263194460421801,0,0,0.000343297113431618,0.000776505388785154,0.0289759114384651,0,0,0,0,0,0.0453724376857281,0,0.0541101656854153,0.16978494822979,0,0.134556129574776,0.195842832326889,0.0269569978117943,0,0.138087183237076,0,0.00358009850606322,0,0.000433208275353536,0.122164733707905,0,0,0,0.010233523324132,0,0,0,0,0.0331935621798038,0,0
"CRS3035RES50000mN4000000E4100000",0,0.000912863062694669,0.000128630708786659,0,0,0,0,0,0,0,0,0.00351037341170013,0,0,0,0,0,0.000751037325244397,0,0.00408713705837727,0.0188381746411324,0,0.120543569326401,0.0872157663106918,0.0161784235388041,0,0.146016597747803,0,0.000356846459908411,0,0.0525684654712677,0.448751032352448,0,0,0,0.0104979248717427,0,0,0,0,0.0896431505680084,0,0
"CRS3035RES50000mN4000000E4150000",0,0.00081200001295656,0,0,0,0,0.00011600000289036,0,0.000136000002385117,0,0.00122400000691414,0.000339999998686835,0,0,0,0,0,0,0,0.00154800002928823,0.0061960001476109,0,0.149759992957115,0.0915680006146431,0.0350879989564419,0,0.303972005844116,0,0.00412400020286441,0,0.00779999978840351,0.288448005914688,0,0,0,0.0364199988543987,0,0,0,0.000112000001536217,0.0723360031843185,0,0
"CRS3035RES50000mN4000000E4200000",0,0.00203599990345538,0,0,0,0.000232000005780719,0,0,0,0,0.00116400001570582,0.00222399993799627,0,0,0,0,0,0,0,0.000515999970957637,0.0184480007737875,0,0.0119799999520183,0.65311598777771,0.0144039997830987,0,0.088968001306057,0,0.0396680012345314,0,0.000807999982498586,0.0597280003130436,0,0,0,0.0130279995501041,0,0,0,0.000376000010874122,0.0933040007948875,0,0
"CRS3035RES50000mN4000000E4250000",0,0.0137219680473208,0.00167154869996011,0.000160725830937736,0,0.000297342805424705,0.000241088753682561,0,0.000212961735087447,0,0.00132598821073771,0.0220435485243797,0,0,0,0,0,0,0,0.00725677143782377,0.0489651262760162,0,0.00670226756483316,0.721819758415222,0.00415878091007471,0,0.0509340167045593,0,0.0425160005688667,0,0,0.013448734767735,0,0,0,0.00621607201173902,0,0,0,0.00186843785922974,0.0564388781785965,0,0
"CRS3035RES50000mN4000000E4300000",0,0.0416721738874912,0.00429587345570326,0.000233519269386306,0.000295203615678474,0.00132180715445429,0.000788678298704326,0.000440602394519374,0.000123368663480505,0.00214573368430138,0.0079396553337574,0.153624832630157,0,0,0,0,0,0.000467038538772613,0,0.0159718375653028,0.0739815458655357,0,0.035067543387413,0.494884610176086,0.0267533771693707,0,0.00579832727089524,0,0.0991046950221062,0,0,7.93084327597171e-05,0,0,0,0.00527401082217693,0,0,0.000854768615681678,0.00470122741535306,0.0241802595555782,0,0
"CRS3035RES50000mN4000000E4350000",0.00117205816786736,0.048863660544157,0.0085783489048481,0.00023441162193194,0,0.00161855644546449,0.000491148151922971,0,0,0.00251155323348939,0.0212812274694443,0.254197090864182,0,0,0,0,0,0,0,0.00538030499592423,0.0636092722415924,0,0.0188254863023758,0.47955596446991,0.00478869443759322,0,0.00585470953956246,0,0.0199305694550276,0,0,0.000915321579668671,0,0,0,0.00420266576111317,0,0,0.00522403046488762,0.015046994201839,0.0377179458737373,0,0
"CRS3035RES50000mN4000000E4400000",0.000120024968055077,0.0078416308388114,0.000944196421187371,0,0,0,0,0,0.000256053259363398,0.000412085704738274,0.000116024129965808,0.0679581388831139,0,0,0,0,0,0.000368076551239938,0,0.00549314264208078,0.032262708991766,0,0.00456895027309656,0.661701619625092,0.0344911739230156,0,0.000144029952934943,0,0.0386440381407738,0,0,0,0,0,0,0.0162753853946924,0,0,0,0.000140029122121632,0.128262683749199,0,0
"CRS3035RES50000mN4000000E4450000",0,0.00607600016519427,0.00126799999270588,0,0,0,0.000132000001030974,0,0,0,0.000755999993998557,0.0980480015277863,0,0,0,0,0,0.00376800005324185,0,0.00361600005999207,0.0153679996728897,0,0.0049519999884069,0.608115971088409,0.0952759981155396,0,0,0,0.0285000000149012,0,0,0,0,0,0.00380000006407499,0.0048119998537004,0,0,0,0.000123999998322688,0.125387996435165,0,0
"CRS3035RES50000mN4000000E4500000",0.000348000001395121,0.0179800000041723,0.00456399982795119,0,0,0.00135200005024672,0.00106799998320639,0.000323999993270263,0,0.0015640000347048,0.00208400003612041,0.102080002427101,0,0,0,0,0,0.00210399995557964,0,0.00323999999091029,0.00462399981915951,0,0.0040480000898242,0.194959998130798,0.0320639982819557,0,0,0,0.006976000033319,0,0.00011600000289036,0,0,0,0.00956800021231174,0.00997999962419271,0,0,0,0.00193200004287064,0.599023997783661,0,0
"CRS3035RES50000mN4000000E4550000",0,0.015259999781847,0.00462799984961748,0.000264000002061948,0,0.000255999999353662,0.00022000000171829,0.000184000004082918,0,0.00203200010582805,0.00128399999812245,0.0973199978470802,0,0,0,0,0,0.00360399996861815,0,0.00398800009861588,0.0106840003281832,0,0.0092799998819828,0.55595999956131,0.0965280011296272,0,0,0,0.0412199981510639,0,0,0,0.000112000001536217,0,0.00687600020319223,0.0421920008957386,0,0,0,0.00205200002528727,0.105599999427795,0.000456000008853152,0
"CRS3035RES50000mN4000000E4600000",0.000536000006832182,0.030587999150157,0.00618800008669496,0.000620000006165355,0,0.000460000010207295,0.001587999984622,0.000472000014269724,0.000172000000020489,0.000820000015664846,0.00378799997270107,0.333752006292343,0,0,0,0,0,0.00914799980819225,0,0.00558400014415383,0.0100199999287724,0,0.0453200004994869,0.310828000307083,0.0863920003175735,0,0,0,0.0196080002933741,0,0.000228000004426576,0,0,0,0.00706000020727515,0.00690799998119473,0,0,0,0.00130000000353903,0.118620000779629,0,0
"CRS3035RES50000mN4000000E4650000",0.000224000003072433,0.0224079992622137,0.00534800020977855,0,0,0.000352000002749264,0.000867999973706901,0.00031999999191612,0,0.000736000016331673,0.00195199996232986,0.231240004301071,0,0,0,0,0,0.00877999980002642,0,0.00751199992373586,0.0191440004855394,0,0.0154400002211332,0.448040008544922,0.0609279982745647,0,0,0,0.0269520003348589,0,0,0,0,0,0.00440400000661612,0.00244800001382828,0,0,0,0.00208400003612041,0.140819996595383,0,0
"CRS3035RES50000mN4000000E4700000",0,0.0148759996518493,0.00161200005095452,0.000123999998322688,0,0.000775999971665442,0.00115200004074723,0,0.000127999999676831,0.000536000006832182,0.00283999997191131,0.183431997895241,0,0,0,0,0,0.00581200001761317,0,0.010768000036478,0.0357999987900257,0,0.00750399986281991,0.473708003759384,0.100575998425484,0.000123999998322688,0,0,0.0149680003523827,0,0,0,0,0,0.00413599982857704,0.00433599995449185,0,0,0,0.000203999996301718,0.136588007211685,0,0
"CRS3035RES50000mN4000000E4750000",0.00130973069462925,0.130153194069862,0.0188518706709146,0.00202131667174399,0,0.000716742360964417,0.0038363765925169,0.000979719799943268,0.000139223338919692,0.014850489795208,0.0128652676939964,0.14947946369648,0,0,0,0,0,0.0077191605232656,0,0.00575972115620971,0.0324441939592361,0,0.00637333514168859,0.446499556303024,0.0772431716322899,0,0,0,0.00208319374360144,0,0.000165005432791077,0.00457890098914504,0,0,0.00172224431298673,0.00166036724112928,0.000525954819750041,0,0,0,0.0776505321264267,0.000371262227417901,0
"CRS3035RES50000mN4000000E4800000",0,0.099591039121151,0,0,0,0,0.000929454399738461,0,0,0.00450785411521792,0.0413607209920883,0.00720327161252499,0,0,0,0,0,0.00306719960644841,0,0.000929454399738461,0.033785667270422,0,0,0.758202433586121,0.0256994143128395,0,0,0,0,0,0.000418254494434223,0.00785388983786106,0,0,0.00102239986881614,0,0,0,0,0,0.00971279852092266,0.00571614457294345,0
"CRS3035RES50000mN4050000E3550000",0,0.00778753077611327,0.00220571691170335,0,0,0.00216070213355124,0,0,0,0,0.00178558030165732,0.101778075098991,0,0,0,0,0,0.478880643844604,0,0,0,0,0,0,0,0.0972616076469421,0.188116133213043,0,0,0.0011553755030036,0.00025508290855214,0.000390126777347177,0,0,0.00282091670669615,0.0619701407849789,0,0,0.0105784377083182,0,0.0428539291024208,0,0
"CRS3035RES50000mN4050000E3600000",0,0,0,0,0,0,0,0,0,0,0,0.155569389462471,0,0,0,0,0,0.598527252674103,0,0,0,0,0,0,0,0.0679319649934769,0,0,0,0.0213648620992899,0,0,0,0,0.0138975316658616,0.00601534964516759,0.00394109124317765,0,0.119062438607216,0,0.0136901056393981,0,0
"CRS3035RES50000mN4050000E3650000",0,0,0,0,0,0,0,0,0,0,0,0,0,0,0,0,0,0.857142865657806,0,0,0,0,0,0,0,0,0.142857149243355,0,0,0,0,0,0,0,0,0,0,0,0,0,0,0,0
"CRS3035RES50000mN4050000E4000000",0,0.0178849138319492,0,0,0,0,0,0,0,0,0,0,0,0,0,0,0,0.011275271885097,0,0.0152604980394244,0.110517106950283,0,0,0.0414074659347534,0,0,0.0693040415644646,0,0.00408242596313357,0,0,0.719867825508118,0,0,0,0,0,0,0,0,0.0104004666209221,0,0
"CRS3035RES50000mN4050000E4050000",0,0.0141556784510612,0.00127184379380196,0,0.000410640146583319,0.000262353423750028,0.000148286722833291,0,0,0.000787060300353914,0.00098667701240629,0.0162659119814634,0,0,0,0,0,0.00800177920609713,0,0.0101804537698627,0.122513346374035,0,0.135813519358635,0.238855689764023,0.0208171736449003,0,0.175674140453339,0,0.000992380315437913,0,0.0160605926066637,0.185615047812462,0,0,0,0.0224825479090214,0,0,0,0,0.0287048872560263,0,0
"CRS3035RES50000mN4050000E4100000",0,0.00167199166025966,0.000136573580675758,0,0,0,0,0,0,0,0.00118363765068352,0.000364196195732802,0,0,0,0,0,0,0,0,0.0153707349672914,0,0.154075682163239,0.048491895198822,0.0147044220939279,0,0.275932431221008,0,0.000835995830129832,0,0.0848039165139198,0.343126624822617,0,0.00490423291921616,0,0.00496631162241101,0,0,0,0,0.0494313575327396,0,0
"CRS3035RES50000mN4050000E4150000",0,0.000192000006791204,0,0,0,0,0,0,0,0,0.00471200002357364,0.000119999996968545,0,0,0,0,0,0,0,0.000247999996645376,0.00395199982449412,0,0.0989800021052361,0.0250039994716644,0.0122560001909733,0,0.323523998260498,0,0.00114399997983128,0,0.0589240007102489,0.370191991329193,0,0.00183199997991323,0,0.0205320008099079,0,0,0,0.000119999996968545,0.0782679989933968,0,0
"CRS3035RES50000mN4050000E4200000",0,0.00165200000628829,0.000483999989228323,0,0,0,0,0,0,0,0.00400000018998981,0.00113200000487268,0,0,0,0,0,0,0,0.000660000019706786,0.0164240002632141,0,0.133083999156952,0.219144001603127,0.0251000002026558,0,0.309971988201141,0,0.0166759993880987,0,0.0100320000201464,0.113328002393246,0,0,0,0.0693759992718697,0,0,0,0,0.0789360031485558,0,0
"CRS3035RES50000mN4050000E4250000",0,0.00323599996045232,0.000307999987853691,0.000127999999676831,0.000184000004082918,0.000163999997312203,0.000103999998827931,0,0,0,0.008627999573946,0.00247599999420345,0,0,0,0,0,0,0,0.000427999999374151,0.0294879991561174,0,0.0208519995212555,0.661652028560638,0.0153639996424317,0,0.104936003684998,0,0.0560560002923012,0,3.9999998989515e-05,0.0203319992870092,0,0,0,0.025976000353694,0,0,0,0.00293199997395277,0.0467160008847713,0,0
"CRS3035RES50000mN4050000E4300000",0.000709193525835872,0.0517999902367592,0.00373563566245139,0.000404075399274006,0.00024326988204848,0,0.00140601745806634,0,0.000111326895421371,0.00103905098512769,0.0040407539345324,0.066128171980381,0,0,0,0,0,0.000173175169038586,0,0.0424650236964226,0.0566241554915905,0,0.00181833922397345,0.641585111618042,0.00890202820301056,0,0.000531895144376904,0,0.0695916786789894,0,0,0,0,0,0,0.00362843205220997,0,0,0.000519525492563844,0.00449430802837014,0.0400488190352917,0,0
"CRS3035RES50000mN4050000E4350000",0.0037330356426537,0.0991391316056252,0.0148580046370625,0.00176621426362544,0.000941980979405344,0.00031835466506891,0.00164410565048456,0.000322715699439868,0,0.00564316380769014,0.0142038520425558,0.210519656538963,0,0,0,0,0,0,0,0.0022241217084229,0.044944703578949,0,0.00655897846445441,0.484348297119141,0.00592662999406457,0,0,0,0.0406490936875343,0,0,0,0,0,0.000226773190661334,0.00405575148761272,0,0,0,0.00590046402066946,0.0520749762654305,0,0
"CRS3035RES50000mN4050000E4400000",0,0.00487599987536669,0.000144000005093403,0,0,0,0.000123999998322688,0,0.000368000008165836,0,0.000807999982498586,0.0823919996619225,0,0,0,0,0,0.00167599995620549,0,0.00635599996894598,0.0271519999951124,0,0.000348000001395121,0.727804005146027,0.006632000207901,0,0,0,0.0380720011889935,0,0,0,0,0,0.000108000000182074,0.0409599989652634,0,0,0,0,0.0621800012886524,0,0
"CRS3035RES50000mN4050000E4450000",0,0.00922800041735172,0.00157199997920543,0,0,0,0.000352000002749264,0.000419999996665865,0,0.0006520000169985,0.000780000002123415,0.0717160031199455,0,0,0,0.000188000005437061,0,0.00168400001712143,0,0.00946000032126904,0.0190479997545481,0,0.00171999994199723,0.660539984703064,0.0483519993722439,0,0,0,0.0318440012633801,0,0,0,0,0,0,0.00484000006690621,0,0,0,0.000119999996968545,0.13748399913311,0,0
"CRS3035RES50000mN4050000E4500000",0,0.00740400003269315,0.000272000004770234,0,0,0,0.000180000002728775,0,0,0.000891999981831759,0.00108800001908094,0.0954239964485168,0,0,0,0,0,0.00276000006124377,0,0.00531199993565679,0.0118559999391437,0,0.00578799983486533,0.651271998882294,0.0528480000793934,0,0,0,0.0541439987719059,0,0,0,0,0,0.00172800000291318,0.0224559996277094,0,0,0,0.00455600023269653,0.0820199996232986,0,0
"CRS3035RES50000mN4050000E4550000",0,0.00782399997115135,0.00142400001641363,0,0,0,0.000356000004103407,0,0,0,0.00036000000545755,0.0124920001253486,0,0,0,0,0,0.00119600002653897,0,0.00431199977174401,0.00557600008323789,0,0.00265199993737042,0.696139991283417,0.0701839998364449,0,0,0,0.0470760017633438,0,0,0,0,0,0.00111599999945611,0.0195799991488457,0,0,0,0.000612000003457069,0.129099994897842,0,0
"CRS3035RES50000mN4050000E4600000",0,0.0141960000619292,0.00195599999278784,0,0,0,0.000707999977748841,0.000284000008832663,0,0.000327999994624406,0.00102399999741465,0.114964000880718,0,0,0,0,0,0.00123199995141476,0,0.00720799993723631,0.0190280005335808,0,0.00314399995841086,0.626911997795105,0.0586640015244484,0,0,0,0.0612040013074875,0,0,0,9.60000033956021e-05,0,0.00193599995691329,0.0190319996327162,0,0,0,0.000696000002790242,0.0673879981040955,0,0
"CRS3035RES50000mN4050000E4650000",0.000163999997312203,0.0367759987711906,0.00933200027793646,0.000132000001030974,0,0.000755999993998557,0.00153200002387166,0.000372000009519979,0.000180000002728775,0.00277599995024502,0.00378799997270107,0.313551992177963,0,0,0,0,0,0.00596799980849028,0,0.00447600008919835,0.0124359996989369,0,0.0131160002201796,0.357019990682602,0.0670199990272522,0,0,0,0.0418200008571148,0,0,0,0.00822400022298098,0,0.00526000000536442,0.0133840003982186,0,0,0,0.00107600004412234,0.100840002298355,0,0
"CRS3035RES50000mN4050000E4700000",0,0.0174320004880428,0.00258000008761883,0,0,0,0.000755999993998557,0,0,0.00039999998989515,0.00346000003628433,0.392596006393433,0,0,0,0.000144000005093403,0,0.0122320000082254,0,0.00488399993628263,0.0134239997714758,0,0.00945600029081106,0.260428011417389,0.0506200008094311,0.000460000010207295,0,0,0.0134439999237657,0,0,0,0,0,0.00514000002294779,0,0,0,0,0,0.212543994188309,0,0
"CRS3035RES50000mN4050000E4750000",0.00464393012225628,0.120754890143871,0.017677441239357,0.00194909470155835,0.000648285844363272,0.00680064596235752,0.00323719205334783,0.0019914663862437,0.000224569608690217,0.0164910368621349,0.0186689384281635,0.210663244128227,0,0,0,0,0,0.0151775162667036,0,0.00842771586030722,0.0364268869161606,0,0.00608032802119851,0.368205189704895,0.0655277147889137,0,0,0,0.00454647513106465,0,0,0,0,0,0.00230925343930721,0.00175418530125171,0,0,0,3.38973004545551e-05,0.0865482836961746,0.00121182843577117,0
"CRS3035RES50000mN4050000E4800000",0,0.0949641987681389,0.000791033147834241,0,0,0,0,0.000388812914025038,0.000335183547576889,0.000817847845610231,0.0234494414180517,0.0606280006468296,0,0,0,0,0,0.0052288630977273,0,0.00402220245450735,0.0531467013061047,0,0.0100420992821455,0.636325836181641,0.0657496079802513,0,0,0,0.0106454296037555,0,0,0.0074142599478364,0,0,0.000402220262913033,0.000415627611801028,0,0,0,0,0.0202182717621326,0.00501434598118067,0
"CRS3035RES50000mN4100000E3650000",0,0.0148251391947269,0,0,0,0.0149518502876163,0,0,0,0,0,0,0,0,0,0,0,0.527622938156128,0,0,0,0,0,0,0,0.0443487092852592,0.177394837141037,0,0,0,0,0,0,0,0,0.205524578690529,0,0,0,0,0.015331981703639,0,0
"CRS3035RES50000mN4100000E4000000",0,0.0144394421949983,0,0,0,0,0,0,0,0,0,0,0,0,0,0,0,0.00669814413413405,0,0.0014823762467131,0.0673657655715942,0,0.00971779972314835,0.016525749117136,0.00230591860599816,0,0.131602063775063,0,0.00142747338395566,0,0.00153727899305522,0.715932786464691,0,0,0,0.0125727457925677,0,0,0,0,0.0183924455195665,0,0
"CRS3035RES50000mN4100000E4050000",0,0.0482734963297844,0.00392488110810518,0,0,0.00234349700622261,0.000387407344533131,0.000203230083570816,0,0.00295318732969463,0.00456632627174258,0.00278171175159514,0,0,0,0,0,0.000774814689066261,0,0.00208945944905281,0.0957658290863037,0,0.147691115736961,0.356224238872528,0.0261595230549574,0,0.125310406088829,0,0.000793867511674762,0,0.0196688622236252,0.121626853942871,0,0,0,0.011488851159811,0,0,0,0,0.0269724428653717,0,0
"CRS3035RES50000mN4100000E4100000",0,0.00285377074033022,0.00069154379889369,0,0,0,0,0,0,0,0.000922058417927474,0.00234663859009743,0,0,0,0,0,0.00143841106910259,0,0.000797580520156771,0.023563202470541,0,0.122154295444489,0.0608789063990116,0.0161037500947714,0,0.10410039126873,0,0.000101426427136175,0,0.229795396327972,0.29724395275116,0,0.0906844437122345,0,0.00716439401730895,0,0,0,0,0.039159819483757,0,0
"CRS3035RES50000mN4100000E4150000",0,0,0,0,0,0,0,0,0,0,0.000928000023122877,0.000155999994603917,0,0,0,0,0,0,0,0,0.000607999972999096,0,0.0161359999328852,0,0.000136000002385117,0,0.320416003465652,0,0,0,0.0471840016543865,0.518512010574341,0,0.000615999975707382,0.000828000018373132,0.0252480003982782,0,0,0,0.000232000005780719,0.0689999982714653,0,0
"CRS3035RES50000mN4100000E4200000",0,0,0,0,0,0.000195999993593432,0,0,0,0,0.00169599999208003,0,0,0,0,0,0,0,0,0.000468000012915581,0.00453600008040667,0,0.0669799968600273,0.0344920009374619,0.0204760003834963,0,0.344464004039764,0,0.00354800000786781,0,0.000163999997312203,0.426416009664536,0,0,0,0.0242919996380806,0,0,0,0,0.072272002696991,0,0
"CRS3035RES50000mN4100000E4250000",0,0.000731999985873699,0,0,0,0,0,0,0,0,0.00681999977678061,0.00508400006219745,0,0,0,0,0,0.000460000010207295,0,0.00187200005166233,0.0232880003750324,0,0.0507720001041889,0.502888023853302,0.0308960005640984,0,0.21738800406456,0,0.0398639999330044,0,0,0.0320160016417503,0,0,0,0.0549519993364811,0,0,0,0.00159200001507998,0.0313760004937649,0,0
"CRS3035RES50000mN4100000E4300000",0.000163999997312203,0.00858400017023087,0.0011680000461638,0,0,0.000531999976374209,0.000836000021081418,0,0,0,0.00169599999208003,0.0399440005421638,0,0,0,0,0,0,0,0.0312680006027222,0.0395359992980957,0,0.0066800001077354,0.641467988491058,0.00563200004398823,0,0.0124359996989369,0,0.0769279971718788,0,0,0.000452000007499009,0,0,0,0.0237840004265308,0,0,0,0.0042519997805357,0.104639999568462,0,0
"CRS3035RES50000mN4100000E4350000",0,0.0233399998396635,0.00293199997395277,0.000760000024456531,0,0.00525599997490644,0.00167999998666346,0,0.000119999996968545,0.000395999988541007,0.00169599999208003,0.166804000735283,0,0,0,0,0,0.000407999992603436,0,0.0272920001298189,0.0353999994695187,0,0.00698000006377697,0.515043973922729,0.016448000445962,0,0,0,0.131180003285408,0,0,0,0,0,0,0.0185400005429983,0,0,0,0.00591999990865588,0.0398040004074574,0,0
"CRS3035RES50000mN4100000E4400000",0,0.0066639999859035,0.000807999982498586,0.000855999998748302,0,0,0.000132000001030974,0,0,0,0.000931999995373189,0.0972440019249916,0,0,0,0,0,0,0,0.00221999990753829,0.0374719984829426,0,0.0017359999474138,0.676508009433746,0.00207599997520447,0,0.000335999997332692,0,0.0645679980516434,0,0,0,0,0,0,0.0531519986689091,0,0,0,0.0102519998326898,0.0450440011918545,0,0
"CRS3035RES50000mN4100000E4450000",0,0.00365599989891052,0.000211999999010004,0,0,0.000192000006791204,0,0,0,0.00014000000373926,0.000487999990582466,0.0197400003671646,0,0,0,0,0,0,0,0.0040480000898242,0.0131080001592636,0,0.00135999999474734,0.78847199678421,0.0149440001696348,0,0,0,0.0652360022068024,0,0,0,0,0,9.60000033956021e-05,0.0284240003675222,0,0,0,0.000127999999676831,0.0597559995949268,0,0
"CRS3035RES50000mN4100000E4500000",0,0.00423600012436509,0.000544000009540468,0,0,0.000483999989228323,0.00011600000289036,0,0,0,0.000307999987853691,0.0194279998540878,0,0,0,0,0,0.00031999999191612,0,0.00179200002457947,0.00581200001761317,0,0.00222399993799627,0.702903985977173,0.0210319999605417,0,0,0,0.113664001226425,0,0,0,0,0,0.00139200000558048,0.0428959988057613,0,0,0,0.00570000009611249,0.0771479979157448,0,0
"CRS3035RES50000mN4100000E4550000",0,0.00552000012248755,0.000284000008832663,0,0,0,0.000644000014290214,0.000167999998666346,0,0,0.000468000012915581,0.00227600010111928,0,0,0,0,0,0.000211999999010004,0,0.0015999999595806,0.00254400004632771,0,0.00201599998399615,0.72323602437973,0.0270000007003546,0,0,0,0.120279997587204,0,0,0,0,0,0.00118400005158037,0.0402319990098476,0,0,0,0,0.0723360031843185,0,0
"CRS3035RES50000mN4100000E4600000",0,0.014635999687016,0.00222399993799627,0,0,0.000203999996301718,0.000144000005093403,0.000123999998322688,0,0.000964000006206334,0.00149599998258054,0.0253720004111528,0,0,0,0,0,0.000771999999415129,0,0.00419999985024333,0.0109440004453063,0,0.0054640001617372,0.72351998090744,0.0370839983224869,0,0,0,0.0711600035429001,0,0,0,0,0,0.000663999991957098,0.00413999985903502,0,0,0,0,0.0968879982829094,0,0
"CRS3035RES50000mN4100000E4650000",0,0.0148679995909333,0.00366399995982647,0,0,0.000172000000020489,0.000315999990561977,0.000936000025831163,0,0.000696000002790242,0.00108800001908094,0.185415998101234,0,0,0,0,0,0.00388800003565848,0,0.00615999987348914,0.0183279998600483,0,0.00751199992373586,0.532419979572296,0.0512639991939068,0.000975999981164932,0,0,0.0388120003044605,0,0,0,0.0395039990544319,0,0.00751199992373586,0.0121200000867248,0,0,0,0.00503200013190508,0.0693159997463226,0,0
"CRS3035RES50000mN4100000E4700000",0.000636000011581928,0.0168919991701841,0.00190399994608015,8.3999999333173e-05,0,0.000836000021081418,0.00132399995345622,0,0,0.000243999995291233,0.00243999995291233,0.250907987356186,0,0,0,0,0,0.00642800005152822,0,0.00506399990990758,0.012079999782145,0,0.0100800003856421,0.51937597990036,0.0733840018510818,0.000536000006832182,0,0,0.0551559999585152,0,0,0,0,0,0.00648400001227856,0.00942800007760525,0,0,0,0.0014280000468716,0.025288000702858,0,0
"CRS3035RES50000mN4100000E4750000",0,0.0165675710886717,0.00312956562265754,0,0,0.000227900745812804,0.000712189823389053,0.000586030480917543,0.000313363532768562,0.000297084916383028,0.00199006195180118,0.180395647883415,0,0,0,0,0,0.00997472740709782,0,0.0069753909483552,0.0212069787085056,0,0.0105322701856494,0.522189795970917,0.0932317525148392,0,0,0,0.0894958078861237,0,0,0,0,0,0.00691434601321816,0.00498532876372337,0,0,0,0.00035812973510474,0.0299160424619913,0,0
"CRS3035RES50000mN4100000E4800000",0,0.0514734908938408,0.00222217617556453,0,0.000269984011538327,0,0,0.000311520008835942,0,0,0.0157629121094942,0.146185949444771,0,0,0,0,0,0.00861871987581253,0,0.0112354885786772,0.0656061172485352,0,0.0181304644793272,0.478287041187286,0.136383458971977,0,0,0,0.0172062888741493,0,0.000612656003795564,0.000384208018658683,0,0,0.00396668817847967,0.000363440020009875,0,0,0,0,0.0398330241441727,0.00314635201357305,0
"CRS3035RES50000mN4100000E5000000",0,0.158770158886909,0.0241935476660728,0,0.0347782261669636,0,0,0,0,0,0.00705645140260458,0,0,0,0,0,0,0,0,0,0,0,0,0.533098101615906,0.186995968222618,0,0,0,0.00537634408101439,0,0.049731183797121,0,0,0,0,0,0,0,0,0,0,0,0
"CRS3035RES50000mN4100000E5050000",0,0.0467762313783169,0,0,0,0.0278128944337368,0,0,0,0,0,0.0480404533445835,0,0,0,0,0,0,0,0,0,0,0,0.644753456115723,0.193426042795181,0,0,0,0,0,0,0,0,0,0,0,0.0391908958554268,0,0,0,0,0,0
"CRS3035RES50000mN4150000E3650000",0,0.00750510068610311,0.00158481497783214,0,0,0.00132978719193488,0,0,0,0,0.00105654331855476,0.00109297584276646,0,0,0,0,0,0.203912854194641,0,0,0,0,0,0,0,0.0957628935575485,0.175750508904457,0,0,0,0,0,0,0,0,0.497741192579269,0,0,0,0,0.0102921891957521,0,0.00397114548832178
"CRS3035RES50000mN4150000E3700000",0,0.0123804584145546,0.00515234656631947,0,0,0.00266884127631783,0.00107494997791946,0.000926680979318917,0,0,0,0,0,0,0,0,0,0.175884053111076,0,0,0,0,0,0,0,0.128549188375473,0.132960185408592,0,0,0,0,0,0,0,0,0.533916532993317,0,0,0,0,0.00648676697164774,0,0
"CRS3035RES50000mN4150000E4000000",0,0.0295328982174397,0.0172107815742493,0,0,0,0.00090406829258427,0,0,0.000870584277436137,0.000602712214458734,0.00475472956895828,0,0,0,0,0,0.00328143313527107,0,0.0692449361085892,0.143880799412727,0,0.0271890163421631,0.0123556004837155,0.01071488391608,0,0.201875105500221,0,0,0,0,0.39253306388855,0,0,0,0.0812991783022881,0,0,0,0,0.00375020923092961,0,0
"CRS3035RES50000mN4150000E4050000",0.000675787392538041,0.0325009971857071,0.00308236829005182,0.000262536108493805,0,0,0.000476454413728788,0,0,0.0009820795385167,0.00129323336295784,0.00162383436691016,0,0,0,0,0,0.00204194732941687,0,0.00772050581872463,0.100142933428288,0,0.233545303344727,0.127169564366341,0.0353402756154537,0,0.15684100985527,0,0.00035490992013365,0,0.0281059481203556,0.234080106019974,0,0,0,0.0121641727164388,0,0,0,0,0.0215960256755352,0,0
"CRS3035RES50000mN4150000E4100000",0,0.00272622471675277,0.000316325313178822,0,0,0.000174811342731118,0.000362109218258411,0,0,0.000158162656589411,0.00189795182086527,0.00534007046371698,0,0,0,0,0,0.000403730984544381,0,0.00467828474938869,0.0392201766371727,0,0.18635305762291,0.0917426645755768,0.0210606046020985,0,0.155598744750023,0,0.000495298823807389,0,0.137634798884392,0.305653482675552,0,0,0,0.0165321584790945,0,0,0,0,0.0296513345092535,0,0
"CRS3035RES50000mN4150000E4150000",0,0.000529563927557319,0,0,0,0,0,0,0,0,0.000529563927557319,0.0012953948462382,0,0,0,0,0,0.000236266976571642,0,0.000525490380823612,0.00454202899709344,0,0.0606758035719395,0.00803307723253965,0.00363362324424088,0,0.186162084341049,0,0,0,0.195702388882637,0.429838895797729,0,0.0431798286736012,0,0.00264781969599426,0,0,0,0,0.0624681748449802,0,0
"CRS3035RES50000mN4150000E4200000",0,0.00296399998478591,0.00014000000373926,0,0,0,0,0,0,0,0.00751199992373586,0.00327200000174344,0,0,0,0,0,0.0011800000211224,0,0.00408799992874265,0.0285000000149012,0,0.1684799939394,0.0780199989676476,0.0270000007003546,0,0.307096004486084,0,0.00746800005435944,0,0.0903000012040138,0.137612000107765,0,0.000948000000789762,0,0.066200003027916,0,0,0,0,0.0692199990153313,0,0
"CRS3035RES50000mN4150000E4250000",0,0.00249200011603534,0.000352000002749264,0.000127999999676831,0,0.000192000006791204,0,0,0.000103999998827931,0,0.00869200006127357,0.00317999999970198,0,0,0,0,0,0.000380000012228265,0,0.00157199997920543,0.0360199995338917,0,0.124211996793747,0.381348013877869,0.0465920008718967,0,0.131955996155739,0,0.074864000082016,0,0.000255999999353662,0.0119120003655553,0,0,0,0.148460000753403,0,0,0,0.001304000033997,0.0259840004146099,0,0
"CRS3035RES50000mN4150000E4300000",0,0.00224400009028614,0.000331999995978549,0,0,0,0,0,0,0.000132000001030974,0.000184000004082918,0.0104520004242659,0,0,0,0,0,0.000284000008832663,0,0.00468399981036782,0.0502040013670921,0,0.00448000011965632,0.590852022171021,0.0135840000584722,0,0.0391959995031357,0,0.167359992861748,0,0,0.00306800007820129,0,0,0,0.057643998414278,0,0,0,0.000568000017665327,0.0547319985926151,0,0
"CRS3035RES50000mN4150000E4350000",0.000136000002385117,0.0221079997718334,0.0017239999724552,0.00039999998989515,0,0.000119999996968545,0.000300000014249235,0.000127999999676831,0,0.000167999998666346,0.000311999989207834,0.226715996861458,0,0,0,0,0,0.000127999999676831,0,0.00839599967002869,0.0463839992880821,0,0.00314399995841086,0.350324004888535,0.00900399964302778,0,0.00011600000289036,0,0.164631992578506,0,0,0,0,0,0,0.0297320000827312,0,0,0,0,0.136028006672859,0,0
"CRS3035RES50000mN4150000E4400000",0,0.00539600010961294,0.00106799998320639,0,0,0,0,0,0,0,0.000684000027831644,0.105071999132633,0,0,0,0,0,0,0,0.000376000010874122,0.0160879995673895,0,0.00197999994270504,0.592408001422882,0.00473600020632148,0,0.000151999993249774,0,0.16355599462986,0,0,0.00101600005291402,0,0,0,0.0832559987902641,0,0,0,0.00903599988669157,0.0151760000735521,0,0
"CRS3035RES50000mN4150000E4450000",0,0.00161200005095452,0,0,0,0,0,0,0,0,0.000376000010874122,0.00300800008699298,0,0,0,0,0,0,0,0.00298000010661781,0.00110400002449751,0,0.00125199998728931,0.749840021133423,0.0434719994664192,0,0,0,0.0814919993281364,0,0,0,0,0,0.000791999977082014,0.0786679983139038,0,0,0,0.00410800008103251,0.0312959998846054,0,0
"CRS3035RES50000mN4150000E4500000",0,0.00591199984773993,0.000268000003416091,0,0,0,0,0,0,0,0.000232000005780719,0.00312400003895164,0,0,0,0,0,0.00134399998933077,0,0.00400000018998981,0.00337999989278615,0,0.000939999998081475,0.667895972728729,0.0357199981808662,0,0,0,0.0721839964389801,0,0,0,7.99999997980194e-06,0,0.00122800003737211,0.155184000730515,0,0,0,0.00517199980095029,0.0434079989790916,0,0
"CRS3035RES50000mN4150000E4550000",0,0.0148959998041391,0.000752000021748245,0,0,0,0.000260000000707805,0,0,0,0.00133200001437217,0.030171999707818,0,0,0,0,0,0.000427999999374151,0,0.00337200006470084,0.00285600009374321,0,0.00470399996265769,0.698556005954742,0.053252000361681,0,0,0,0.0807320028543472,0,0,0,0,0,0.00139999995008111,0.0322039984166622,0,0,0,0.0080359997227788,0.0670479983091354,0,0
"CRS3035RES50000mN4150000E4600000",0,0.033500000834465,0.00512799993157387,0.000260000000707805,0,0.000744000019039959,0.000704000005498528,0.000452000007499009,0.000132000001030974,0.000956000003498048,0.00197200011461973,0.115263998508453,0,0,0,0.000119999996968545,0,0.000739999988581985,0,0.00846000015735626,0.0147160002961755,0,0.00714799994602799,0.644212007522583,0.0341240018606186,0,0,0,0.0420759990811348,0,0,0,0,0,0.000315999990561977,0.00161200005095452,0,0,0,0.00664399983361363,0.0807199999690056,0,0
"CRS3035RES50000mN4150000E4650000",0,0.0155880004167557,0.00230400008149445,0,0,0,0.000148000006447546,0.000584000023081899,0,0.000132000001030974,0.00150000001303852,0.0809599980711937,0,0,0,0,0,0.00306000001728535,0,0.00211200001649559,0.00849600043147802,0,0.00633199978619814,0.640892028808594,0.0477919988334179,0.000612000003457069,0,0,0.0832159966230392,0,0,0,0,0,0.00175599998328835,0.0127720003947616,0,0,0,0.00126000004820526,0.0904840007424355,0,0
"CRS3035RES50000mN4150000E4700000",0,0.0292395520955324,0.00518030766397715,0.00341553729958832,0.00138627947308123,0.000725060643162578,0.00168724800460041,0.000173284934135154,0,0.00312824919819832,0.00199733697809279,0.0857213214039803,0,0,0,0,0,0.00642978306859732,0,0.00217974209226668,0.01371687091887,0,0.0169819239526987,0.512143611907959,0.107391059398651,0.00137715926393867,0.000196085587958805,0,0.107678346335888,0,0,0,0,0,0.00984076038002968,0.0181082766503096,0,0,0,0.00675355223938823,0.0620861686766148,0.000310088827973232,0.00215238123200834
"CRS3035RES50000mN4150000E4750000",0,0.00753237912431359,0.00101923278998584,0,0,0,0,0,0,0,0.00289196963422,0.0700536146759987,0,0,0,0,0,0.00965370982885361,0,0.010192328132689,0.046652689576149,0,0.011451868340373,0.563453435897827,0.11228134483099,0,0,0,0.100390292704105,0,0.00116010243073106,0.000215447595110163,0,0,0.0108718173578382,0.0314387753605843,0,0,0,0,0.0142526868730783,0.00648828689008951,0
"CRS3035RES50000mN4150000E4800000",0,0.0181611813604832,0,0,0,0,0,0,0,0,0,0,0,0,0,0,0,0,0,0,0.0134317064657807,0,0.0117290960624814,0.471244812011719,0.23004162311554,0,0,0,0.119371928274632,0,0.136019676923752,0,0,0,0,0,0,0,0,0,0,0,0
"CRS3035RES50000mN4150000E4900000",0,0.00546050257980824,0.00109210051596165,0,0,0,0,0,0,0,0,0.00630991393700242,0,0,0,0,0,0.000515714113134891,0,0,0.0614003166556358,0,0.197275817394257,0.288769572973251,0.213444963097572,0,0,0,0.00497512426227331,0,0.220755979418755,0,0,0,0,0,0,0,0,0,0,0,0
"CRS3035RES50000mN4150000E4950000",0,0.0180253461003304,0.00184106873348355,0,0,0,0.00315407896414399,0,0,0.000456699199276045,0.00308271963149309,0.0201233085244894,0,0,0,0,0,0,0,0,0.13515442609787,0,0,0.673631310462952,0.116115771234035,0,0,0,0.0117029175162315,0,0.00906262453645468,0,0,0,0,0.000670776935294271,0,0,0,0,0.00697893463075161,0,0
"CRS3035RES50000mN4150000E5000000",0,0.011510631069541,0.00198300648480654,0,0,0,0.000256083614658564,0,0,0,0.000893009593710303,0.149546265602112,0,0,0,0,0,0.000919274578336626,0,0,0.092479020357132,0,0.00168095924891531,0.563554704189301,0.116984255611897,0,0,0,0.0462723411619663,0,0.000367709813872352,0,0,0,0,0.000702588411513716,0.00214716279879212,0,0,0,0.010702982544899,0,0
"CRS3035RES50000mN4150000E5050000",0,0.0195559896528721,0.00434577558189631,0,0,0.000140367425046861,0.00016844090714585,0.000185284996405244,0,0,0.00376746174879372,0.123107850551605,0,0,0,0,0,0,0,0,0.0782127305865288,0,0.0138177694752812,0.453965097665787,0.207901000976562,0,0,0,0.0292750298976898,0,0,0,0,0,0.000280734850093722,0.0019314558012411,0.00268943980336189,0,0,0,0.0606555715203285,0,0
"CRS3035RES50000mN4150000E5100000",0,0.0513450913131237,0.00410435628145933,0,0,0,0,0,0,0.00162548769731075,0.0149544859305024,0.171875,0,0,0,0,0,0.00266173598356545,0,0,0.0650398209691048,0,0.00327129382640123,0.284094601869583,0.337634116411209,0,0,0,0.0326519832015038,0,0,0,0,0,0.000609557842835784,0.00256014312617481,0.00447009084746242,0,0,0,0.0231022424995899,0,0
"CRS3035RES50000mN4200000E3650000",0,0,0,0,0,0,0,0,0,0,0,0,0,0,0,0,0,0.191203191876411,0,0,0,0,0,0,0,0.0538592040538788,0.106870226562023,0,0,0,0,0.0160547681152821,0,0,0,0.620683372020721,0,0,0,0,0.0113292131572962,0,0
"CRS3035RES50000mN4200000E3700000",0,0,0.0100729996338487,0,0,0,0,0,0,0,0,0,0,0,0,0,0,0.180674061179161,0,0,0,0,0,0,0,0.080702506005764,0.196340531110764,0,0,0,0.00364998099394143,0.00146947288885713,0,0,0,0.520264506340027,0,0,0,0,0.00682593835517764,0,0
"CRS3035RES50000mN4200000E4000000",0,0,0.00115710974205285,0,0,0,0,0,0,0,0,0.00308562605641782,0,0,0,0,0,0.00986757501959801,0,0.00353561318479478,0.0182244796305895,0,0.00334276165813208,0.00617125211283565,0,0,0.0618732310831547,0,0,0,0.00253921328112483,0.863043189048767,0,0,0,0.0200887117534876,0,0,0,0,0.00707122636958957,0,0
"CRS3035RES50000mN4200000E4050000",0,0.000629902351647615,5.99906998104416e-05,0,0,0,0.000929855857975781,0,0,0,0,0.00217466289177537,0,0,0,0,0,0.00330948713235557,0,0.00408936617895961,0.0368892811238766,0,0.204608291387558,0.127420246601105,0.0187970865517855,0,0.203728422522545,0,0,0,0.0180272050201893,0.329313963651657,0,0,0,0.01001344807446,0,0,0,0,0.0400087982416153,0,0
"CRS3035RES50000mN4200000E4100000",0,0.0020417058840394,0,0,0,0,0,0,0,0,1.83524116437184e-05,0.000486338918562979,0,0,0,0,0,0,0,0.0046064555644989,0.0159207172691822,0,0.172269508242607,0.0251061003655195,0.00491385813802481,0,0.215126976370811,0,0,0,0.103727832436562,0.40219309926033,0,0.00733637670055032,0,0.011038975790143,0,0,0,0,0.035213690251112,0,0
"CRS3035RES50000mN4200000E4150000",0,0.00359880016185343,0.000292659737169743,0,0,0.000178339527337812,0,0,0,0,0.00011889301094925,0.00667172716930509,0,0,0,0,0,0.000123465826618485,0,0.00466426461935043,0.0208931602537632,0,0.21794918179512,0.112536810338497,0.0209205970168114,0,0.1224415153265,0,0.000804814277216792,0,0.148972943425179,0.31495675444603,0,0.00453622592613101,0,0.00640193140134215,0,0,0,0,0.0139379194006324,0,0
"CRS3035RES50000mN4200000E4200000",0,0.000452000007499009,0.000255999999353662,0,0,0,0,0,0,0,0.00206000008620322,0.000775999971665442,0,0,0,0,0,0,0,0.00277599995024502,0.00699600018560886,0,0.0985760018229485,0.00212000007741153,0.00562800001353025,0,0.219295993447304,0,0.000132000001030974,0,0.166375994682312,0.411283999681473,0,0.00153600005432963,0,0.0117600001394749,0,0,0,0,0.0699760019779205,0,0
"CRS3035RES50000mN4200000E4250000",0,0.00239600008353591,0.000255999999353662,0,0,0.000303999986499548,0.000167999998666346,0,0,0.000172000000020489,0.00738399988040328,0.00207199994474649,0,0,0,0,0,0,0,0.00225599994882941,0.0625080019235611,0,0.117371998727322,0.167919993400574,0.0274199992418289,0,0.21060399711132,0,0.0532880015671253,0,0.00673600006848574,0.121356002986431,0,0,0,0.151679992675781,0,0,0,0.000176000001374632,0.065931998193264,0,0
"CRS3035RES50000mN4200000E4300000",0,0.00710400007665157,0.00150799995753914,0.000272000004770234,0,0,0,0,0,0.000112000001536217,0.00833200011402369,0.00648800004273653,0,0,0,0,0,0.0013399999588728,0,0.0228279996663332,0.079184003174305,0,0.0680480003356934,0.403351992368698,0.0174920000135899,0,0.061540000140667,0,0.107836000621319,0,0,0.0169879999011755,0,0,0,0.17009599506855,0,0,0,0.00215599988587201,0.0253240000456572,0,0
"CRS3035RES50000mN4200000E4350000",0,0.00358400004915893,0.00123599998187274,0,0,0,0,0,0,0.000148000006447546,0.0120080001652241,0.0223360005766153,0,0,0,0,0,0.00104799994733185,0,0.00650400016456842,0.0310759991407394,0,0.0214639995247126,0.42943999171257,0.00839599967002869,0,0.0596919991075993,0,0.0934519991278648,0,0.000671999994665384,0.0259199999272823,0,0,0,0.250647991895676,0,0,0,0.0037599999923259,0.0286159999668598,0,0
"CRS3035RES50000mN4200000E4400000",0,0.00255200010724366,0.000587999995332211,0,0,0,0,0,8.80000006873161e-05,0.00014000000373926,0.00457199988886714,0.00370400003157556,0,0,0,0,0,0,0,0.000899999984540045,0.0154039999470115,0,0.000728000013623387,0.579840004444122,0.0035880000796169,0,0.00415199995040894,0,0.0886600017547607,0,0.000348000001395121,0.00318800006061792,0,0,0,0.265639990568161,0,0,0,0.00223199999891222,0.0236760005354881,0,0
"CRS3035RES50000mN4200000E4450000",0,0.00126799999270588,0,0,0,0,0,0,0,0,0.00719599984586239,0.00081200001295656,0,0,0,0,0,0.000195999993593432,0,0.000571999989915639,0.00267200008966029,0,0.00182799994945526,0.64002001285553,0.0258559994399548,0,0.0412239991128445,0,0.123404003679752,0,0.00023999999393709,0.00155599997378886,0,0,0.000335999997332692,0.120664000511169,0,0,0,0.00254400004632771,0.029611999168992,0,0
"CRS3035RES50000mN4200000E4500000",0,0.00505199981853366,0.000844000023789704,0,0,0,0,0,0,0,0.000448000006144866,0.00339600001461804,0,0,0,0,0,0.00110400002449751,0,0.00833200011402369,0.00039999998989515,0,0,0.718652009963989,0.0154440002515912,0,0,0,0.08160799741745,0,0,0,0.000415999995311722,0,0.00123199995141476,0.125867992639542,0,0,0,0.00309600005857646,0.0341080017387867,0,0
"CRS3035RES50000mN4200000E4550000",0,0.0179280005395412,0.00124400004278868,0,0,0.000804000010248274,0,0,0,0.000475999986520037,0.00239600008353591,0.0159159991890192,0,0,0,0,0,0.00392800010740757,0,0.0106960004195571,0.00640399986878037,0,0.00384399993345141,0.649764001369476,0.0448159985244274,0,0,0,0.0532159991562366,0,0,0,0,0,0.00047999998787418,0.0438640005886555,0,0,0,0.0021480000577867,0.142076000571251,0,0
"CRS3035RES50000mN4200000E4600000",0,0.00337999989278615,0.00022000000171829,0,0,0,0.000448000006144866,0,0,0.000380000012228265,0.000192000006791204,0.0123560000211,0,0,0,0,0,0.00196400005370378,0,0.00271199992857873,0.00180399999953806,0,0.00166800001170486,0.726963996887207,0.0408560000360012,0,0,0,0.0928639993071556,0,0,0,0,0,0.000744000019039959,0.0311639998108149,0,0,0,0,0.08228400349617,0,0
"CRS3035RES50000mN4200000E4650000",0,0.00356399989686906,0,0,0,0,0.000176000001374632,0,0,0,0,0.0274919997900724,0,0,0,0,0,0.000723999983165413,0,0.000127999999676831,0.00102800002787262,0,0.00635599996894598,0.719936013221741,0.0295919999480247,0,0,0,0.115195997059345,0,0,0,0,0,0.00126399996224791,0.0244559999555349,0,0,0,0.000172000000020489,0.0699160024523735,0,0
"CRS3035RES50000mN4200000E4700000",0,0.0255357548594475,0.00172945333179086,0,0,0,0.00168433715589345,0,0,0,0,0.0236709527671337,0,0,0,0,0,0,0,0.000466200464870781,0.00055643281666562,0,0.0065418453887105,0.72906231880188,0.0880066156387329,0,0,0,0.0608015656471252,0,0,0,0,0,0.00303782243281603,0.0133393490687013,0,0,0,0.0020903826225549,0.0426799021661282,0,0.000797052402049303
"CRS3035RES50000mN4200000E4900000",0,0.0201219823211432,0.00425724172964692,0,0.00130323728080839,0,0.00104258977808058,0.000660306890495121,0,0,0.00218943855725229,0.0533110909163952,0,0,0,0,0,0.000173764972714707,0,0,0.123772785067558,0,0.0170463435351849,0.560253024101257,0.145788803696632,0,0,0,0.0355870649218559,0,0.0170810967683792,0,0,0,0.000712436332833022,0.00191141467075795,0.00105996627826244,0,0,0,0.0137274321168661,0,0
"CRS3035RES50000mN4200000E4950000",0,0.0579813346266747,0.0133343748748302,0,0.00230124755762517,0.000946221523918211,0.0012126334477216,0.000684402941260487,0.000413397763622925,0.00371139333583415,0.00338986166752875,0.175363332033157,0,0,0,0,0,0.000624689972028136,0,0,0.155350282788277,0,0.000688996282406151,0.472426354885101,0.0634198114275932,0,0,0,0.0234534330666065,0,0,0,0,0,0,0.0142668159678578,0.00688077602535486,0,0,0.000220478803385049,0.00333014852367342,0,0
"CRS3035RES50000mN4200000E5000000",0,0.0328824445605278,0.00640715146437287,0,0,0,0.000667581218294799,0.000476262182928622,0,0.000724569836165756,0.000948453787714243,0.392411559820175,0,0,0,0.000118047893920448,0,0.000366355525329709,0,0,0.101989313960075,0,0.000687934283632785,0.315997928380966,0.105111472308636,0,0,0,0.0302976034581661,0,0,0,0,0,0,0.00857678987085819,0.00146542210131884,0,0,0,0.00087111204629764,0,0
"CRS3035RES50000mN4200000E5050000",0,0.0168440006673336,0.0019000000320375,0,0,0.000144000005093403,0.000867999973706901,1.20000004244503e-05,0,0,0.00192399998195469,0.193179994821548,0,0,0,0,0,0.000511999998707324,0,0,0.083516001701355,0,0.00919600017368793,0.311955988407135,0.259820014238358,0,0,0,0.033780001103878,0,0,0,0,0,0.000668000022415072,0.000904000014998019,0,0,0,0.000216000000364147,0.0845599994063377,0,0
"CRS3035RES50000mN4200000E5100000",0,0.137250438332558,0.0370129346847534,0.00216357805766165,0,0.00593118835240602,0.00232522469013929,0.00281430943869054,0.00147554371505976,0.0111826313659549,0.00963662657886744,0.149954199790955,0,0,0,0.00013677793322131,0,0,0,0,0.082622155547142,0,0.0213332120329142,0.140586987137794,0.329800605773926,0,0,0,0.0232149437069893,0,0,0,0,0,0.000725337478797883,0.00105277553666383,0.00157501851208508,0,0,0,0.0392055287957191,0,0
"CRS3035RES50000mN4200000E5150000",0,0.0799084827303886,0.0149292144924402,0.000457600457593799,0.00186615181155503,0,0.00260260258801281,0.000672100693918765,0,0.00422565406188369,0.00702130701392889,0.160210207104683,0,0,0,0,0,0.00025025024660863,0,0,0.101329900324345,0,0.00689975684508681,0.286007434129715,0.285428285598755,0,0,0,0.0303303301334381,0,0,0,0,0,0,0.000200200200197287,0.0115830115973949,0,0,0,0.00607750611379743,0,0
"CRS3035RES50000mN4200000E5200000",0,0.0161516387015581,0.00280317687429488,0,0.00433825002983212,0,0.00200226926244795,0,0,0,0.00146833073813468,0.0318360812962055,0,0,0,0,0,0,0,0,0.0191550422459841,0,0.00100113463122398,0.64466392993927,0.220449849963188,0,0,0,0.0355736501514912,0,0,0,0,0,0,0,0.00901021156460047,0,0,0,0.0115464190021157,0,0
"CRS3035RES50000mN4250000E4000000",0,0,0,0,0,0,0,0,0,0,0,0,0,0,0,0,0,0,0,0.000853138335514814,0.0892138928174973,0,0.00767824519425631,0,0,0,0.142961606383324,0,0,0,0.00524070672690868,0.702498495578766,0,0,0,0.0349786728620529,0,0,0,0,0.0165752582252026,0,0
"CRS3035RES50000mN4250000E4050000",0,0.00530173582956195,0.000648561865091324,0,0.000375754083506763,0.000540468201506883,0.000226481919526123,0,0,0.0011478514643386,0,0.00746875582262874,0,0,0,0,0,0.00035516481148079,0,0.00753052346408367,0.065695196390152,0,0.1675194054842,0.176578685641289,0.0213922467082739,0,0.169043004512787,0,0,0,0.0698079019784927,0.23777511715889,0,0.00313471560366452,0,0.026575593277812,0,0,0.000736066198442131,0.000138977542519569,0.0380077809095383,0,0
"CRS3035RES50000mN4250000E4100000",0,0.00105823087505996,0,0,0,0,0,0,0,0,0.00029372947756201,0.0141432760283351,0,0,0,0,0,0.000861070002429187,0,0.0105823082849383,0.0268541164696217,0,0.17296239733696,0.0431903041899204,0.00745590031147003,0,0.230589717626572,0,0,0,0.108675882220268,0.23670169711113,0,0.0676825121045113,0,0.0245928019285202,0,0,0,0,0.0543560497462749,0,0
"CRS3035RES50000mN4250000E4150000",0,0.000563942012377083,0.000155288391397335,0,0,0,0,0,0,0,0,0.00502235349267721,0,0,0,0,0,0,0,0.00467091100290418,0.0142252333462238,0,0.144324213266373,0.016926433891058,0.00379639235325158,0,0.137740805745125,0,0.000208413359359838,0,0.216316729784012,0.221980661153793,0,0.209582105278969,0,0.00328148878179491,0,0,0,0,0.0212050378322601,0,0
"CRS3035RES50000mN4250000E4200000",0,0,0,0,0,0,0,0,0,0,0.000108000000182074,0.000631999981123954,0,0,0,0,0,0.000199999994947575,0,0.00031999999191612,0.00380400009453297,0,0.0476719997823238,0.00778000010177493,0.0036359999794513,0,0.110795997083187,0,0,0,0.359935998916626,0.327472001314163,0,0.0965960025787354,0,0.00126399996224791,0,0,0,0.000127999999676831,0.0396559983491898,0,0
"CRS3035RES50000mN4250000E4250000",0,0.00083999999333173,0.000163999997312203,0,0,0,0.000415999995311722,0,0,0,0.0011800000211224,0.00463199988007545,0,0,0,0,0,0.000600000028498471,0,0.000384000013582408,0.0223120003938675,0,0.126944005489349,0.155624002218246,0.0296519994735718,0,0.184568002820015,0,0.0135000003501773,0,0.0835240036249161,0.295951992273331,0,0.00165999995078892,0,0.0379440002143383,0,0,0,0.00149599998258054,0.0386079996824265,0,0
"CRS3035RES50000mN4250000E4300000",0,0.00385600002482533,0.0007999999797903,0,0,0,0.000307999987853691,0,0,0,0.00590399978682399,0.0195760000497103,0,0,0,0,0,0.000236000007134862,0,0.00880399998277426,0.0447839982807636,0,0.14368000626564,0.194631993770599,0.0789119973778725,0,0.131855994462967,0,0.0386239998042583,0,0.012703999876976,0.197167992591858,0,0,0,0.0969360023736954,0,0,0,0.00558800017461181,0.0156319998204708,0,0
"CRS3035RES50000mN4250000E4350000",0,0.000948000000789762,0.000176000001374632,0,0,0,0,0,0,0,0.00293199997395277,0.00452800001949072,0,0,0,0,0,0,0,0.000600000028498471,0.00860400032252073,0,0.0567319989204407,0.539160013198853,0.0233919993042946,0,0.0415919981896877,0,0.0624839998781681,0,0.00614799978211522,0.0955799967050552,0,0,0,0.125284001231194,0,0,0,0.00536799989640713,0.0264720004051924,0,0
"CRS3035RES50000mN4250000E4400000",0,0.000132000001030974,0,0,0,0,0.000203999996301718,0,0,0,0.00254800007678568,0.000912000017706305,0,0,0,0,0,0,0,0,0.00817199982702732,0,0.0460640005767345,0.428564012050629,0.0157079994678497,0,0.064351998269558,0,0.0253359992057085,0,0.0106199998408556,0.174391999840736,0,0,0,0.210631996393204,0,0,0,0.000620000006165355,0.011744000017643,0,0
"CRS3035RES50000mN4250000E4450000",0,0.00176799995824695,0.000180000002728775,0,0,0,0,0,0,0,0.000956000003498048,0,0,0,0,0,0,0.000255999999353662,0,0.000508000026457012,0.00214400002732873,0,0.0190919991582632,0.567731976509094,0.0154879996553063,0.000144000005093403,0.117311999201775,0,0.0833839997649193,0,0.00505599984899163,0.0307800006121397,0,0,0.00227600010111928,0.123772002756596,0,0,0,0,0.029152000322938,0,0
"CRS3035RES50000mN4250000E4500000",0,0,0.000372000009519979,0,0,0,0,0,0,0,0.000323999993270263,0,0,0,0,0,0,0,0,0,0,0,0.00686000008136034,0.658999979496002,0.0135319996625185,0,0.019751999527216,0,0.123772002756596,0,0,0,0,0,1.99999994947575e-05,0.155024006962776,0,0,0,0,0.0213440004736185,0,0
"CRS3035RES50000mN4250000E4550000",0,0.000715999980457127,0,0,0,0,0,0,0,0,0,0,0,0,0,0,0,0.00023999999393709,0,0.00011600000289036,0,0,0.000155999994603917,0.684391975402832,0.0210839994251728,0,0,0,0.163195997476578,0,0,0,0.000544000009540468,0,0.00167200004216284,0.0936160013079643,0,0,0,0,0.0342679992318153,0,0
"CRS3035RES50000mN4250000E4600000",0,0.00442000012844801,0.00023999999393709,0,0,0,0.000151999993249774,0,0,0,0,0.0312720015645027,0,0,0,0,0,0.000335999997332692,0,0.00095999997574836,0.00180399999953806,0,0.000272000004770234,0.733204007148743,0.0167960003018379,0,0,0,0.129403993487358,0,0,0,0,0,0.000552000012248755,0.0284160003066063,0,0,0,0.000292000011540949,0.0518799982964993,0,0
"CRS3035RES50000mN4250000E4650000",0,0.0138636622577906,0.00131805252749473,0.00137029238976538,0,0.000229051802307367,0.000429974432336167,0.000108498221379705,0,0.000663044687826186,0.000727339938748628,0.0959686860442162,0,0,0,0,0,0.00193287571892142,0,0.000253162521403283,0.00413096928969026,0,0.00413498794659972,0.674485206604004,0.0388664752244949,0,0,0,0.0680766105651855,0,0,0,0,0,0.000835838145576417,0.0039421021938324,0,0,0,0.00207352172583342,0.0863967314362526,0,0.000192885738215409
"CRS3035RES50000mN4250000E4700000",0,0.0562803782522678,0.0101048862561584,0,0,0.0138569111004472,0.00132173614110798,0,0,0.00132173614110798,0.0142832780256867,0.00903896987438202,0,0,0,0,0,0.00221710582263768,0,0,0.00379466195590794,0,0,0.766564309597015,0.0154771041125059,0,0,0,0.0648503452539444,0,0,0.00515903485938907,0,0,0.00174810271710157,0.00285665551200509,0,0,0,0.00238765240646899,0.0133452713489532,0,0.015391830354929
"CRS3035RES50000mN4250000E4900000",0,0.0473877377808094,0.0117389895021915,0,0.00398046197369695,0,0.000539723667316139,0.00122787128202617,0.000715133850462735,0.000364313484169543,0.000377806572942063,0.0630802065134048,0,0,0,0,0,0,0,0,0.0931832864880562,0,0,0.566885232925415,0.137332692742348,0,0,0,0.0447026118636131,0,0.00462813023477793,0,0,0,0.00263115274719894,0.00165965023916215,0.00225334637798369,0,0,0,0.0173116363584995,0,0
"CRS3035RES50000mN4250000E4950000",0,0.0210999995470047,0.00260400003753603,0,0,0.000199999994947575,0.00159600004553795,0.000384000013582408,0,0,0.000339999998686835,0.189615994691849,0,0,0,0,0,0,0,0,0.0653320029377937,0,0.000631999981123954,0.458359986543655,0.107023999094963,0,0,0,0.0398439988493919,0,0,0,0,0,0.00387999997474253,0.0275079999119043,0,0,0,0.00299599999561906,0.0785840004682541,0,0
"CRS3035RES50000mN4250000E5000000",0,0.0149520002305508,0.00155199994333088,0,0,0.00036000000545755,0.000880000006873161,0,0,0,0.00124000001233071,0.405912011861801,0,0,0,0,0,0,0,0,0.084027998149395,0,0.000272000004770234,0.243307992815971,0.195263996720314,0,0,0,0.0319399982690811,0,0,0,0,0,0.00097200000891462,0.0108479997143149,0,0,0,0.000315999990561977,0.00815599970519543,0,0
"CRS3035RES50000mN4250000E5050000",0,0.0215000007301569,0.00464399997144938,0,0,0.00047999998787418,0.000464000011561438,0.000311999989207834,0,9.99999974737875e-05,0.00116400001570582,0.140903994441032,0,0,0,0,0,0,0,0,0.0637840032577515,0,0.00348399998620152,0.353951990604401,0.280883997678757,0,0,0,0.0458439998328686,0,0,0,0,0,0.00302399997599423,0.0108599998056889,0,0,0,0,0.0685999989509583,0,0
"CRS3035RES50000mN4250000E5100000",0,0.0313120000064373,0.00846400018781424,0.000176000001374632,0,0.000192000006791204,0.0010039999615401,0.000600000028498471,0.00011600000289036,0.000699999975040555,0.00301599991507828,0.20524799823761,0,0,0,0,0,0.000288000010186806,0,0,0.0858559980988503,0,0.00553999980911613,0.249259993433952,0.316680014133453,0,0,0,0.0488720014691353,0,0,0,0,0,0.0011680000461638,0.00351599999703467,0,0,0,0.00049200002104044,0.0375000014901161,0,0
"CRS3035RES50000mN4250000E5150000",0,0.0165031291544437,0.00334544526413083,0,0,0,0.000668288674205542,0.00014006051060278,0.000124053593026474,4.80207454529591e-05,0.000288124458165839,0.269020229578018,0,0,0,0,0,0.000212091617868282,0,0,0.0902950093150139,0,0.00631872983649373,0.166728019714355,0.380272269248962,0,0,0,0.0368479192256927,0,0,0,0,0,0.00130056182388216,0.000588254129979759,0.00205688853748143,0,0,0,0.0252429042011499,0,0
"CRS3035RES50000mN4250000E5200000",0,0.0347275920212269,0.0072126192972064,0.0014793963637203,0.00346691370941699,0.000287785311229527,0.000265302078332752,0.00070147670339793,0.000908322399482131,0.00071496661985293,0.000436174625065178,0.241087645292282,0,0,0,0.000166375888511539,0,0,0,0,0.0577099472284317,0,0.0156753063201904,0.258062481880188,0.299710422754288,0,0,0,0.0397998094558716,0,0,0,0,0,0.000503624323755503,0.00942047219723463,0.00529255159199238,0,0,0.00643919641152024,0.0159316156059504,0,0
"CRS3035RES50000mN4250000E5250000",0,0.0220618825405836,0.00356245134025812,0.000696215138304979,0.00520805083215237,0,0.0019801442977041,0,0.00424058316275477,0,0,0.0871805995702744,0,0,0,0,0,0,0,0,0.101276695728302,0,0.0139785530045629,0.563210904598236,0.126882940530777,0,0,0,0.042803667485714,0,0,0,0,0,0.00283006927929819,0.00336353271268308,0.00283911102451384,0,0,0,0.0178845915943384,0,0
"CRS3035RES50000mN4300000E4000000",0,0,0,0,0,0,0,0,0,0,0,0,0,0,0,0,0,0,0,0,0.0155189139768481,0,0,0,0,0,0.216294854879379,0,0,0,0.0232783704996109,0.738603293895721,0,0,0,0.00630455883219838,0,0,0,0,0,0,0
"CRS3035RES50000mN4300000E4050000",0,0.00345781468786299,0,0,0,0,0.00157702201977372,0,0,0.000219748966628686,0.000206822558538988,0.00531275430694222,0,0,0,0,0,0.0027080827858299,0,0.00797559507191181,0.0581300668418407,0,0.108368560671806,0.0451196357607841,0.0085637466982007,0,0.301695942878723,0,0,0,0.103715047240257,0.286223024129868,0,0.014697328209877,0,0.0199583768844604,0,0,0,0,0.0320704244077206,0,0
"CRS3035RES50000mN4300000E4100000",0,0.00584646221250296,0.00016391949611716,0,0,0.000268645846517757,0,0,0,0,0.00104726350400597,0.00549585651606321,0,0,0,0,0,0,0,0.013905837200582,0.0482515245676041,0,0.232055366039276,0.0913669094443321,0.0182451512664557,0,0.199635729193687,0,0.0010609234450385,0,0.0845232680439949,0.21405154466629,0,0.0145341958850622,0,0.0310536380857229,0,0,0,0,0.0384937636554241,0,0
"CRS3035RES50000mN4300000E4150000",0,0.000465815654024482,0,0,0,0,0,0,0,0,0.00021247731638141,0.00339963706210256,0,0,0,0,0,0,0,0.00611689500510693,0.0095655657351017,0,0.1318748742342,0.00692594330757856,0.00159766606520861,0,0.146678820252419,0,0,0,0.306249290704727,0.231085434556007,0,0.105642087757587,0,0.00383685017004609,0,0,0,0,0.0463486574590206,0,0
"CRS3035RES50000mN4300000E4200000",0,0.000831999990623444,0.000372000009519979,0,0,0,0.000136000002385117,0,0,0,0.000123999998322688,0.00684799998998642,0,0,0,0,0,0.000723999983165413,0,0.00412000017240644,0.0113639999181032,0,0.0501799993216991,0.081836000084877,0.0173080004751682,0,0.110399998724461,0,0.00167599995620549,0.000103999998827931,0.249423995614052,0.423036009073257,0,0.0131280003115535,0,0.000315999990561977,0,0,0,0.00104400003328919,0.0270279999822378,0,0
"CRS3035RES50000mN4300000E4250000",0,0.00147200003266335,0.000531999976374209,0.000195999993593432,0,0,0,0,0,0,0.000176000001374632,0.0235360004007816,0,0,0,0,0,0,0,0.0118519999086857,0.0237319990992546,0,0.0989319980144501,0.105871997773647,0.0238760001957417,0,0.186471998691559,0,0.00240799994207919,0,0.080935999751091,0.408152014017105,0,0,0,0.0158680006861687,0,0,0,0.0023439999204129,0.0136439995840192,0,0
"CRS3035RES50000mN4300000E4300000",0,0.000563999987207353,0,0,0,0,0,0,0,0,0.00149599998258054,0.00239600008353591,0,0,0,0,0,0.000607999972999096,0,0.00570400012657046,0.0134079996496439,0,0.132275998592377,0.163195997476578,0.0203840006142855,0,0.0866120010614395,0,0.00660800002515316,0,0.114160001277924,0.407691985368729,0,0,0,0.0380120016634464,0,0,0,0,0.00688399979844689,0,0
"CRS3035RES50000mN4300000E4350000",0,0.000487999990582466,0,0,0,0,0.00023999999393709,0,0,0,5.99999984842725e-05,0.00939999986439943,0,0,0,0,0,0,0,0.00220400001853704,0.0198199991136789,0,0.0852119997143745,0.312059998512268,0.0394759997725487,0,0.0328520014882088,0,0.026316000148654,0,0.017807999625802,0.353392004966736,0.00143599999137223,0,0,0.0921360030770302,0,0,0,0.00343600008636713,0.00366399995982647,0,0
"CRS3035RES50000mN4300000E4400000",0,0,0.000112000001536217,0,0,0,0,0,0,0,0.000631999981123954,0.00011600000289036,0,0,0,0,0,0,0,0,0.00722800008952618,0,0.0362839996814728,0.36829599738121,0.0301879998296499,0,0.0805279985070229,0,0.0149640003219247,0,0.0150640001520514,0.179844006896019,0,0,0.000167999998666346,0.160740002989769,0,0,0,0,0.105835996568203,0,0
"CRS3035RES50000mN4300000E4450000",0,0.000904000014998019,0,0,0,0.00022000000171829,0,0.00031999999191612,0,0,0.00418000016361475,0,0,0,0,0,0,0.000123999998322688,0,0.000207999997655861,0.000771999999415129,0,0.0226680003106594,0.544636011123657,0.02721600048244,0,0.20218400657177,0,0.0446359999477863,0,0.00505999987944961,0.00870000012218952,0,0,0.000224000003072433,0.123939998447895,0,0,0,0.000224000003072433,0.0137839997187257,0,0
"CRS3035RES50000mN4300000E4500000",0,0.00138799997512251,0.000315999990561977,0,0,0,0,0,0,1.99999994947575e-05,0,0.00240399991162121,0,0,0,0,0,0.00110800005495548,0,0.000676000025123358,0.00116400001570582,0,0.0077840001322329,0.620011985301971,0.0159000009298325,0,0.0226879995316267,0,0.115503996610641,0,0,0.00372799998149276,0,0,0.00227600010111928,0.162527993321419,0,0,0,0.00182000000495464,0.0406839996576309,0,0
"CRS3035RES50000mN4300000E4550000",0,0.0017119999974966,0.000144000005093403,0,0,0.000348000001395121,0.000103999998827931,0,0,0.000163999997312203,0.000284000008832663,0.000980000011622906,0,0,0,0,0,0,0,0.00144400005228817,0.00124799995683134,0,0,0.674088001251221,0.0130920000374317,0.000255999999353662,0,0,0.169540002942085,0,0,0,0.00165200000628829,0,0.00095999997574836,0.0803959965705872,0,0,0,0.00552000012248755,0.0480679981410503,0,0
"CRS3035RES50000mN4300000E4600000",0,0.00521200010553002,0.000531999976374209,0,0,0.000615999975707382,0.00011600000289036,0,0,0,0.000448000006144866,0.0383559986948967,0,0,0,0,0,0.00117199996020645,0,0.000335999997332692,0.0014639999717474,0,0.00144799996633083,0.712988018989563,0.0131959998980165,0,0,0,0.132228001952171,0,0,0,0,0,0.000315999990561977,0.033500000834465,0,0,0,0.00735600013285875,0.0507160015404224,0,0
"CRS3035RES50000mN4300000E4650000",0,0.00840868521481752,0.00151973858010024,0,0,0,0.000356877921149135,0.000196483350009657,0,0.00109469296876341,0.00045712452265434,0.0733283907175064,0,0,0,0,0,0.00157587660942227,0,0.000116286064439919,0.00410610111430287,0,0.00373318372294307,0.677703142166138,0.0644104480743408,0,0,0,0.0580788739025593,0,0,0,0,0,0.000128315659821965,0.00247809616848826,0,0,0,0.000653607887215912,0.101654067635536,0,0
"CRS3035RES50000mN4300000E4700000",0,0.0197450406849384,0.0014185756444931,0,0,0,0,0,0,0,0.00287549127824605,0.0717339217662811,0,0,0,0,0,0.00231956294737756,0,0.0026262819301337,0.00584683194756508,0,0,0.759666442871094,0.0248634144663811,0,0,0,0.0677274018526077,0.0025879421737045,0,0,0,0,0,0.00270296167582273,0,0,0,0,0.0358861312270164,0,0
"CRS3035RES50000mN4300000E4900000",0,0.0479816757142544,0.0160326473414898,0,0.00413895724341273,0.00259266141802073,0.0014416592894122,0.00101148674730211,0,0.000616193108726293,0.00578988995403051,0.109414964914322,0,0,0,0,0,0.00199972093105316,0,0,0.073326975107193,0,0.00115100212860852,0.438345819711685,0.199030369520187,0,0,0,0.0223805978894234,0.000476677669212222,0,0,0,0,0.00622006226330996,0.000651071954052895,0.0162070412188768,0,0,0.00303446035832167,0.0481560714542866,0,0
"CRS3035RES50000mN4300000E4950000",0,0.0200599990785122,0.0047800000756979,0,0,1.99999994947575e-05,0,0.000300000014249235,0,0.000163999997312203,0.000247999996645376,0.101907998323441,0,0,0,0,0,0,0,0,0.0813800022006035,0,0.000123999998322688,0.521719992160797,0.15081599354744,0,0,0,0.052836000919342,0,0,0,0,0,0.00667200004681945,0.00484000006690621,0,0,0,0.00523599982261658,0.048895999789238,0,0
"CRS3035RES50000mN4300000E5000000",0,0.0379960015416145,0.00864799972623587,0.000376000010874122,0,0.000875999976415187,0.000368000008165836,0.000620000006165355,0,0.00108800001908094,0.00212799990549684,0.0956759974360466,0,0,0,0,0,0,0,0,0.127056002616882,0,0.000536000006832182,0.293363988399506,0.272644013166428,0,0,0,0.0401359982788563,0,0,0,0,0,0.000660000019706786,0.00115999998524785,0,0,0,0.00172800000291318,0.114940002560616,0,0
"CRS3035RES50000mN4300000E5050000",0,0.0466159991919994,0.0126120001077652,0,0,0,0.000883999979123473,0.00039999998989515,0.000752000021748245,0.00118400005158037,0.00102800002787262,0.0765680000185966,0,0,0,0,0,0,0,0,0.116567999124527,0,0.00309200002811849,0.195932000875473,0.268287986516953,0,0,0,0.0390440002083778,0,0,0,0,0,0.000547999981790781,0.000448000006144866,0,0,0,0.000663999991957098,0.235372006893158,0,0
"CRS3035RES50000mN4300000E5100000",0,0.00703600002452731,0.000292000011540949,0,0,0,0.00044000000343658,0,0,0,0.000407999992603436,0.0609880015254021,0,0,0,0,0,0,0,0,0.0663319975137711,0,0.0055120000615716,0.344356000423431,0.26911199092865,0,0,0,0.0486680008471012,0,0,0,0,0,0.000815999985206872,0.000944000028539449,0,0,0,0,0.195096001029015,0,0
"CRS3035RES50000mN4300000E5150000",0,0.0328480005264282,0.00926399976015091,0,0,0.000296000012895092,0,0.000587999995332211,0,0.00102399999741465,0.00286399992182851,0.0511480011045933,0,0,0,0,0,0,0,0,0.0500559993088245,0,0.021832000464201,0.245723992586136,0.353891998529434,0,0,0,0.0449360013008118,0,0,0,0,0,0.000136000002385117,0.000387999985832721,0,0,0,0.000715999980457127,0.184287995100021,0,0
"CRS3035RES50000mN4300000E5200000",0,0.020023999735713,0.00510400021448731,0.000180000002728775,0,0.00154399999883026,0.000951999973040074,0.000184000004082918,0,0.000912000017706305,0.00113200000487268,0.0674360021948814,0,0,0,0,0,0,0,0,0.0324079990386963,0,0.00198399997316301,0.504827976226807,0.154872000217438,0,0,0,0.0456640012562275,0,0,0,0,0,0.00122400000691414,0.0111440001055598,0,0,0,0.00255200010724366,0.147855997085571,0,0
"CRS3035RES50000mN4300000E5250000",0,0.0157814621925354,0.00442234380170703,0,0,0.00102826522197574,0.00320127885788679,0.00115278176963329,0,0.000498065957799554,0.000156649781274609,0.0364431664347649,0,0,0,0,0,0,0,0,0.0669095441699028,0,0.00673995725810528,0.528841614723206,0.165217325091362,0,0,0,0.0454204045236111,0,0,0,0,0,0.000293216260615736,0.00506099313497543,0,0,0,0,0.118832916021347,0,0
"CRS3035RES50000mN4300000E5300000",0,0.00820224732160568,0.00219101132825017,0,0.00132958800531924,0,0,0.00114232208579779,0,0,0,0.127752810716629,0,0,0,0,0,0,0,0,0.110842697322369,0,0.018239701166749,0.437116116285324,0.173239693045616,0,0,0,0.0662359520792961,0,0,0,0,0,0.00213483138941228,0.0156741570681334,0,0,0,0.00110486894845963,0.0347940064966679,0,0
"CRS3035RES50000mN4350000E4050000",0,0.0160383060574532,0,0,0,0,0,0,0,0.00190600159112364,0,0.01399284042418,0,0,0,0,0,0.0105062527582049,0,0.0178513322025537,0.10222677141428,0,0.0152480127289891,0.0012086839415133,0.00278927059844136,0,0.419459819793701,0,0,0,0.00427688146010041,0.357026636600494,0,0,0,0.0185021609067917,0,0,0.00511366268619895,0,0.0138533776625991,0,0
"CRS3035RES50000mN4350000E4100000",0.000439903058577329,0.0326300039887428,0.00086437095887959,0,0,0.000694583810400218,0.000833500525914133,0,0,0.00217636255547404,0,0.0173260066658258,0,0,0,0,0,0.00125796836800873,0,0.00963927991688251,0.0788275450468063,0,0.197809740900993,0.0943630635738373,0.0142389675602317,0,0.242286264896393,0,0,0,0.0838053897023201,0.174178466200829,0,0.00517079047858715,0,0.0194946508854628,0,0,0.0020683160983026,0,0.0218948237597942,0,0
"CRS3035RES50000mN4350000E4150000",0,0.00424315920099616,0.000369178829714656,0,0,0,0.000297260878141969,0,0,0,0.00105479673948139,0.00697604194283485,0,0,0,0,0,0.000474658503662795,0,0.0047274068929255,0.049220647662878,0,0.272818356752396,0.0750583708286285,0.0137794800102711,0,0.238153919577599,0,0.00151027704123408,0,0.123972170054913,0.140359878540039,0,0.0090856347233057,0,0.045068584382534,0,0,0,0,0.0128301633521914,0,0
"CRS3035RES50000mN4350000E4200000",0,0.00217698351480067,0.000655911862850189,0,0,0,0.00010864797513932,0,0,0,0.0012474397663027,0.00172227167058736,0,0,0,0,0,0,0,0.00137218367308378,0.0207396913319826,0,0.124357670545578,0.0112148858606815,0.0125709734857082,0,0.109364248812199,0,0,0,0.262461304664612,0.392223209142685,0,0.00937591772526503,0,0.00763352634385228,0,0,0,0.00102209579199553,0.0417530164122581,0,0
"CRS3035RES50000mN4350000E4250000",0,0.000112000001536217,0,0,0,0,0.000563999987207353,0,0,0,0.000855999998748302,0.00162400002591312,0,0,0,0,0,0,0,0.00163199997041374,0.0186880007386208,0,0.115423999726772,0.0149959996342659,0.00428400002419949,0,0.119460001587868,0,0.000132000001030974,0,0.26213601231575,0.41049200296402,0,0.008564000017941,0,0.0107559999451041,0,0,0,0,0.0302799995988607,0,0
"CRS3035RES50000mN4350000E4300000",0,0.00196400005370378,0.000148000006447546,0,0,0.000112000001536217,0.000136000002385117,0,0,0,0.000788000004831702,0.000904000014998019,0,0,0,0,0,0,0,0.00138399994466454,0.0291680004447699,0,0.122815996408463,0.0361320003867149,0.017408000305295,0,0.190011993050575,0,0.00239600008353591,0,0.0100119998678565,0.445863991975784,0,0,0,0.11956399679184,0,0,0,0,0.0211919993162155,0,0
"CRS3035RES50000mN4350000E4350000",0,0.00284800003282726,0.000391999987186864,0,0,0.000251999997999519,0,0,0,0,0.000736000016331673,0.0168159995228052,0,0,0,0,0,0,0,0.0138999996706843,0.0357000008225441,0,0.2846400141716,0.0947879999876022,0.02280000038445,0,0.16142800450325,0,0.0107880001887679,0,0.000344000000040978,0.239792004227638,0,0,0,0.0987439975142479,0,0,0,0.00174800003878772,0.0142839998006821,0,0
"CRS3035RES50000mN4350000E4400000",0,0.000344000000040978,0,0,0,0,0,0,0,0,0.000956000003498048,0.0024840000551194,0,0,0,0,0,0.000176000001374632,0,0.0007999999797903,0.0140399998053908,0,0.151032000780106,0.118568003177643,0.0353839993476868,0.00402799993753433,0.243515998125076,0,0.00175199995283037,0,0.0161799993366003,0.227980002760887,0,0,0,0.0829640030860901,0,0,0,0,0.0997959971427917,0,0
"CRS3035RES50000mN4350000E4450000",0,0.000888000009581447,0,0,0,0,0,0,0,0,0.00106399995274842,0.00153600005432963,0,0,0,0,0,0.000384000013582408,0,0.000568000017665327,0.00131199997849762,0,0.0835319980978966,0.405200004577637,0.102140001952648,0.000243999995291233,0.20542399585247,0,0.0514039993286133,0,0.00337200006470084,0.000815999985206872,0,0,0.0015640000347048,0.0960600003600121,0,0,0,0.00120000005699694,0.0432920008897781,0,0
"CRS3035RES50000mN4350000E4500000",0,0.00371999992057681,0,0,0,0.000119999996968545,0,0,0,0.000184000004082918,0.00396399991586804,0.00100799999199808,0,0,0,0,0,0.000831999990623444,0,0.00147999997716397,0.00177199998870492,0,0.0364480018615723,0.510456025600433,0.0967440009117126,0.00126399996224791,0.0463720001280308,0,0.115627996623516,0.000184000004082918,0.0140599999576807,0.000180000002728775,0,0,0,0.147911995649338,0,0,0,0.00049200002104044,0.0171799995005131,0,0
"CRS3035RES50000mN4350000E4550000",0,0.000931999995373189,0.000127999999676831,0,0,0,0,0,0,0,0,0.000612000003457069,0,0,0,0,0,0.000888000009581447,0,0.00216399994678795,0.00624800007790327,0,0.000623999978415668,0.627300024032593,0.063060000538826,0.000123999998322688,0,0,0.13867199420929,0,0,0,0.000144000005093403,0,0.00205600005574524,0.0836760029196739,0,0,0,0.00137199996970594,0.0719999969005585,0,0
"CRS3035RES50000mN4350000E4600000",0,0.0046399999409914,0.000211999999010004,0.000108000000182074,0,0,0.000136000002385117,0,0,0.000335999997332692,0.000372000009519979,0.0137480003759265,0,0,0,0,0,0.000804000010248274,0,0.000511999998707324,0.0106880003586411,0,0.0011399999493733,0.597375988960266,0.0993399992585182,0,0,0,0.190423995256424,0,0,0,0,0,0.000503999995999038,0.0341080017387867,0,0,0,0.00211600004695356,0.0434359982609749,0,0
"CRS3035RES50000mN4350000E4650000",0.000132011089590378,0.00736461859196424,0.00244820560328662,0.000252021156484261,0,0.00023201949079521,0.000140011761686765,0.000204017138457857,0,0.00240020151250064,0,0.0454238168895245,0,0,0,0.000160013441927731,0,0.000932078284677118,0,0.00142011931166053,0.0125890579074621,0,0.00689257914200425,0.572180092334747,0.170134291052818,0,0,0,0.123210348188877,0,0,0,0,0,0,0.00508842756971717,0,0,0,0.00398033438250422,0.0448157638311386,0,0
"CRS3035RES50000mN4350000E4700000",0.000166572281159461,0.0584168955683708,0.0132924672216177,0.00662957644090056,0,0.000316487334202975,0.000449745130026713,0,0,0.0107439113780856,0.00637971796095371,0.0467068664729595,0,0,0,0,0,0.00866175815463066,0,0,0.0221041403710842,0,0.00631308928132057,0.60942131280899,0.0918979272246361,0,0,0,0.0638304948806763,0,0.000399773474782705,0,0,0,0,0.00401439191773534,0,0,0,0.00489722471684217,0.0400273166596889,0,0.00533031299710274
"CRS3035RES50000mN4350000E4900000",0,0.0102901142090559,0.000897795194759965,0,0,0,0,0.000178408023202792,0,0,0,0.0601407699286938,0,0,0,0,0,0.000656081130728126,0,0,0.0489701256155968,0,0.000402856821892783,0.562618315219879,0.180082753300667,0,0,0,0.0682727247476578,0,0,0,0,0,0.00327465054579079,0.0504204109311104,0.00112224405165762,0,0,0,0.0126727251335979,0,0
"CRS3035RES50000mN4350000E4950000",0,0.00718000018969178,0.000823999987915158,0,0,0.000368000008165836,0.00104799994733185,0.000108000000182074,0,0,0.000144000005093403,0.0875839963555336,0,0,0,0,0,0,0,0,0.0827440023422241,0,0.000796000007539988,0.50901997089386,0.140696004033089,0,0,0,0.0949679985642433,0,0,0,0,0,0.00275200000032783,0.0543560013175011,0,0,0,0,0.0174119994044304,0,0
"CRS3035RES50000mN4350000E5000000",0,0.00789999961853027,0.00183600001037121,0,0,0,0.00028000000747852,0,0,0,0.000292000011540949,0.024787999689579,0,0,0,0,0,0,0,0,0.0592200011014938,0,0.00158000004012138,0.546132028102875,0.157376006245613,0,0,0,0.0512599982321262,0,0,0,0,0,0.000364000006811693,0.0063999998383224,0,0,0,0,0.142572000622749,0,0
"CRS3035RES50000mN4350000E5050000",0,0.00695199985057116,0.000912000017706305,0,0,0.00144799996633083,0.000288000010186806,0,0,0.000108000000182074,0,0.039707999676466,0,0,0,0,0,0,0,0,0.0677080005407333,0,0.00186399999074638,0.43681201338768,0.255416005849838,0,0,0,0.0539360009133816,0,0,0,0,0,0.00104000000283122,0.00313200009986758,0,0,0,0,0.130676001310349,0,0
"CRS3035RES50000mN4350000E5100000",0,0.00613600015640259,0.00147999997716397,0,0,0,0.000311999989207834,0,0,0,0.00120000005699694,0.0148999998345971,0,0,0,0,0,0,0,0,0.0294119995087385,0,0.0015640000347048,0.346228003501892,0.25450399518013,0,0,0,0.0523240007460117,0,0,0,0,0,0.000188000005437061,0.000503999995999038,0,0,0,0.000380000012228265,0.290868014097214,0,0
"CRS3035RES50000mN4350000E5150000",0,0.00412000017240644,0.000475999986520037,0,0,0,0.000108000000182074,0,0,0,0.000568000017665327,0.0198999997228384,0,0,0,0,0,0,0,0,0.0428600013256073,0,0.026995999738574,0.203495994210243,0.429827988147736,0,0,0,0.0549720004200935,0,0,0,0,0,0.000891999981831759,0.0011399999493733,0,0,0,0,0.214643999934196,0,0
"CRS3035RES50000mN4350000E5200000",0,0.00972799956798553,0.0021959999576211,0,0,0.000612000003457069,0.00044000000343658,0.000224000003072433,0.000292000011540949,0.000327999994624406,0.000595999998040497,0.0112159997224808,0,0,0,0,0,0,0,0,0.0229800008237362,0,0.0157159995287657,0.374395996332169,0.316651999950409,0,0,0,0.049736000597477,0,0,0,0,0,0.000144000005093403,0.000592000025790185,0,0,0,0.00011600000289036,0.19403600692749,0,0
"CRS3035RES50000mN4350000E5250000",0,0.00410400005057454,0,0,0,0.000119999996968545,0.00011600000289036,0,0,0,0.000307999987853691,0.00677999993786216,0,0,0,0,0,0,0,0,0.0165320001542568,0,0.00400400022044778,0.336008012294769,0.162944003939629,0,0,0,0.0302440002560616,0,0,0,0,0,0.00031999999191612,0.0029279999434948,0,0,0,0,0.435591995716095,0,0
"CRS3035RES50000mN4350000E5300000",0,0.0221746079623699,0.00611862959340215,0,0.000249518605414778,0.000542431720532477,0.000949255540035665,0.000249518605414778,0,0.000781101698521525,0.000699736934620887,0.0371565744280815,0,0,0,0,0,0,0,0,0.0327466018497944,0,0.0144937755540013,0.326880216598511,0.229275032877922,0,0,0,0.103658698499203,0,0,0,0,0,0,0.00152965739835054,0,0,0,0.00250603444874287,0.219988614320755,0,0
"CRS3035RES50000mN4400000E4100000",0,0.0124610587954521,0,0,0,0,0,0,0,0,0,0.0826364979147911,0,0,0,0,0,0,0,0.0859157219529152,0.221019834280014,0,0.00967371743172407,0.0221347752958536,0,0,0.22511887550354,0,0,0,0.000163961303769611,0.138547301292419,0,0,0,0.16969995200634,0,0,0.0326283015310764,0,0,0,0
"CRS3035RES50000mN4400000E4150000",0.000382047408493236,0.0132897924631834,0.00288354838266969,0,0,0.000782287563197315,0.000864154833834618,0,0,0,0,0.0584532544016838,0,0,0,0,0,0,0,0.0171557478606701,0.147606745362282,0,0.165399238467216,0.163316175341606,0.0158549677580595,0,0.171320974826813,0,0,0,0.00801389943808317,0.0997962430119514,0,0,0,0.119608126580715,0,0,0.0022195135243237,0,0.0130532868206501,0,0
"CRS3035RES50000mN4400000E4200000",0,0.00660062395036221,0.000737069640308619,0,0,0.000484045740449801,0.000489546277094632,0,0.000214520274312235,0.000885583693161607,0,0.0142243439331651,0,0,0,0,0,0,0,0.00949389673769474,0.0799995586276054,0,0.184751465916634,0.27951991558075,0.0315674841403961,0,0.176143139600754,0,0.00950489845126867,0,0.0100549506023526,0.0994713976979256,0,0,0,0.076501227915287,0,0,0.000434541056165472,0,0.0189217887818813,0,0
"CRS3035RES50000mN4400000E4250000",0,0.00105443201027811,0.000116711940790992,0,0,0,0,0,0,0,0.000410504086175933,0.00738102430477738,0,0,0,0,0,0.000120736491226126,0,0.00945769157260656,0.0282040443271399,0,0.155673608183861,0.0459523089230061,0.0255035720765591,0,0.301330119371414,0,0.00257168733514845,0,0.0484555773437023,0.224763050675392,0,0.00158164801541716,0,0.122024349868298,0,0,0.000410504086175933,0.000442700460553169,0.0245457291603088,0,0
"CRS3035RES50000mN4400000E4300000",0,0.00292399991303682,0.00011600000289036,0,0,0,0,0,0.000127999999676831,0,0,0.0121120000258088,0,0,0,0,0,0,0,0.0237399991601706,0.060079999268055,0,0.102544002234936,0.255739986896515,0.0332159996032715,0,0.113288000226021,0,0.0276999995112419,0,0.000352000002749264,0.0915559977293015,0,0,0,0.264304012060165,0,0,0,0.00101999996695668,0.0111800003796816,0,0
"CRS3035RES50000mN4400000E4350000",0,0.00015999999595806,0,0,0,0,0,0,0,0,0,0.00212400010786951,0,0,0,0,0,0,0,0.000207999997655861,0.0329600013792515,0,0.0870160013437271,0.115791998803616,0.0103879999369383,0,0.263271987438202,0,0.0223319996148348,0,0.000136000002385117,0.244624003767967,0,0,0,0.199376001954079,0,0,0,0,0.021611999720335,0,0
"CRS3035RES50000mN4400000E4400000",0,0,0,0,0,0,0,0,0,0,0.00158000004012138,0.00141599995549768,0,0,0,0,0,0,0,0.000775999971665442,0.00230400008149445,0,0.105155996978283,0.0161039996892214,0.00469599990174174,0.0211079996079206,0.453447997570038,0,0.00316000008024275,0,0.025280000641942,0.183727994561195,0,0.000331999995978549,0,0.122447997331619,0,0,0,0,0.0584639981389046,0,0
"CRS3035RES50000mN4400000E4450000",0,0.00156799994874746,0,0,0,0,0,0,0,0,0.000460000010207295,0.000144000005093403,0,0,0,0,0,0,0,0,0.00128399999812245,0,0.110944002866745,0.191791996359825,0.0457080006599426,0.029839999973774,0.431272000074387,0,0.0127199999988079,0,0.038247998803854,0.0172199998050928,0,0,0.000592000025790185,0.0869399979710579,0,0,0,0,0.0312680006027222,0,0
"CRS3035RES50000mN4400000E4500000",0,0.00112399994395673,0,0,0,0,0,0,0,0,0.00263600004836917,0.0288120005279779,0,0,0,0,0,0,0,0.00243199989199638,0.00154399999883026,0,0.0423359982669353,0.448424011468887,0.0809760019183159,0.00225199991837144,0.116743996739388,0,0.0709040015935898,0,0.00282800011336803,0.00226400000974536,0,0,3.19999999192078e-05,0.137288004159927,0,0,0,0.000531999976374209,0.0588719993829727,0,0
"CRS3035RES50000mN4400000E4550000",0,0.00244800001382828,0.000483999989228323,0,0,0,0,0,0,0,0.000387999985832721,0.0219119992107153,0,0,0,0,0,0.000296000012895092,0,0.00478800013661385,0.00396799994632602,0,0,0.64630001783371,0.0673519968986511,0,0,0,0.092799998819828,0,0,0,0,0,0.000544000009540468,0.0171680003404617,0,0,0,0.000323999993270263,0.141228005290031,0,0
"CRS3035RES50000mN4400000E4600000",0,0.0007999999797903,0.000112000001536217,0,0,0,0.000132000001030974,0,0,0,0.000108000000182074,0.00155599997378886,0,0,0,0,0,0.00102399999741465,0,0.000696000002790242,0.00376800005324185,0,0.00112399994395673,0.631727993488312,0.128068000078201,0,0,0,0.131612002849579,0,0,0,0,0,0.000584000023081899,0.032660000026226,0,0,0,0.000831999990623444,0.0651960000395775,0,0
"CRS3035RES50000mN4400000E4650000",0,0.00105600000824779,0,0,0,0,0,0,0,0,0,0.011060000397265,0,0,0,0,0,0.00022000000171829,0,0.00095999997574836,0.0108599998056889,0,0.00163600000087172,0.614755988121033,0.139016002416611,0,0,0,0.111135996878147,0,0,0,0,0,0,0.037287998944521,0,0,0,0.00955200009047985,0.0624600015580654,0,0
"CRS3035RES50000mN4400000E4700000",0,0.0149341654032469,0.0019186643185094,0,0,0.000914451142307371,0.000330997660057619,0.000157083632075228,0,0.00216551008634269,0.000998603063635528,0.0484434701502323,0,0,0,0,0,0.000880790350493044,0,0.00458347611129284,0.0244377255439758,0,0.00751757388934493,0.649372518062592,0.146744161844254,0,0,0,0.0395345836877823,0.000207574790692888,0.000387098960345611,0.000667605432681739,0,0,0,0.00127349945250899,0,0,0,0.0118878651410341,0.0311025585979223,0,0.0115400366485119
"CRS3035RES50000mN4400000E4750000",0,0,0,0,0,0,0,0,0,0,0,0.0185029432177544,0,0,0,0,0,0,0,0,0.0538267455995083,0,0,0.842724978923798,0,0,0,0,0.0849453285336494,0,0,0,0,0,0,0,0,0,0,0,0,0,0
"CRS3035RES50000mN4400000E4850000",0,0.0194041561335325,0,0,0,0,0,0,0,0,0,0.0905919224023819,0,0,0,0,0,0,0,0,0.0521756187081337,0,0,0.436377882957458,0.329204231500626,0,0,0,0.0663269311189651,0,0,0,0,0,0,0,0,0,0,0,0.00591924740001559,0,0
"CRS3035RES50000mN4400000E4900000",0,0.0150543432682753,0.00235211150720716,0,0.000394092756323516,0,0.000302829168504104,0.000107856962131336,0,0,0.000717663671821356,0.207915037870407,0,0,0,0,0,0,0,0,0.0275242682546377,0,0,0.459184437990189,0.15090848505497,0,0,0,0.0936447381973267,0,0,0,0,0,0.00069277361035347,0.0372396931052208,0.000800630543380976,0,0,0,0.00316103873774409,0,0
"CRS3035RES50000mN4400000E4950000",0,0.00779600022360682,0.00193200004287064,0,0,0.000184000004082918,0.000563999987207353,0,0,0,0.00015999999595806,0.176451995968819,0,0,0,0,0,0,0,0,0.0568719990551472,0,0.000991999986581504,0.510532021522522,0.0667480006814003,0,0,0,0.0854640007019043,0,0,0,0,0,0.00125600001774728,0.0710000023245811,0,0,0,0,0.0200479999184608,0,0
"CRS3035RES50000mN4400000E5000000",0,0.00258000008761883,0.000915999989956617,0,0,0,0.000296000012895092,0,0,0,0.000155999994603917,0.0384000018239021,0,0,0,0,0,0.000368000008165836,0,0,0.0543680004775524,0,0.00274399993941188,0.620988011360168,0.0917439982295036,0,0,0,0.0662640035152435,0,0,0,0,0,0.00137600000016391,0.033220000565052,0,0,0,0,0.0865800008177757,0,0
"CRS3035RES50000mN4400000E5050000",0,0.0075679998844862,0.00171999994199723,0,0,0,0,0,0,0,0,0.0119319995865226,0,0,0,0,0,0,0,0,0.02326799929142,0,0.00365599989891052,0.582615971565247,0.169139996170998,0,0,0,0.0605319999158382,0,0,0,0,0,0.000195999993593432,0.00363199994899333,0,0,0,0,0.135739997029305,0,0
"CRS3035RES50000mN4400000E5100000",0,0.0299720000475645,0.00620400020852685,0,0,0,0.000384000013582408,0.000456000008853152,0.000103999998827931,0.000623999978415668,0.00122400000691414,0.0173959992825985,0,0,0,0,0,0,0,0,0.0327760018408298,0,0.00995600037276745,0.395256012678146,0.262448012828827,0,0,0,0.0641999989748001,0,0,0,0,0,0,0.00118799996562302,0,0,0,0.000460000010207295,0.177351996302605,0,0
"CRS3035RES50000mN4400000E5150000",0,0.00383600010536611,0.000612000003457069,0,0,0,0.000311999989207834,9.99999974737875e-05,0,0,0.000199999994947575,0.0132480002939701,0,0,0,0,0,0,0,0,0.0204600002616644,0,0.0052000000141561,0.378836005926132,0.330424010753632,0,0,0,0.0766879990696907,0,0,0,0,0,0.00162400002591312,0.00728000001981854,0,0,0,0,0.161180004477501,0,0
"CRS3035RES50000mN4400000E5200000",0,0.00382800004445016,0.000891999981831759,0,0,0,0.000523999973665923,0,0,0.000127999999676831,0.000203999996301718,0.0176439993083477,0,0,0,0,0,0,0,0,0.0380560010671616,0,0.0131879998371005,0.303487986326218,0.396100014448166,0,0,0,0.0533920004963875,0,0,0,0,0,0.000660000019706786,0.0212479997426271,0,0,0,0,0.15064799785614,0,0
"CRS3035RES50000mN4400000E5250000",0,0.00285600009374321,0.000307999987853691,0,0,0,0,0,0,0,0,0.0254280008375645,0,0,0,0,0,0,0,0,0.026383999735117,0,0.010432000271976,0.311167985200882,0.297876000404358,0,0,0,0.0812880024313927,0,0,0,0,0,0.00259599997662008,0.00165999995078892,0,0,0,0,0.240004003047943,0,0
"CRS3035RES50000mN4400000E5300000",0,0.00949737709015608,0.00239840848371387,0,0,0.000673800415825099,0.000264707283349708,0.000172460815520026,0,0.000116310780867934,0.000601607491262257,0.0260415822267532,0,0,0,0,0,0,0,0,0.0323624722659588,0,0.0310710221529007,0.276550948619843,0.232673704624176,0,0,0,0.0812370628118515,0,0,0,0,0,0.00167647958733141,0.00182487606070936,0,0,0,0,0.302837193012238,0,0
"CRS3035RES50000mN4400000E5350000",0,0.00169570266734809,0.00106852501630783,0,0,0,0,0,0,0,0,0.0638327524065971,0,0,0,0,0,0,0,0,0.0960975587368011,0,0.0404645763337612,0.28752613067627,0.266202092170715,0,0,0,0.0303600467741489,0,0,0,0,0,0.00206736358813941,0.00195121951401234,0,0,0,0,0.208734035491943,0,0
"CRS3035RES50000mN4450000E4200000",0,0.000969285785686225,0,0,0,0,0,0,0,0,0.000569455383811146,0.0109044648706913,0,0,0,0,0,0,0,0.00596110755577683,0.0617192722856998,0,0.0781971290707588,0.194341793656349,0.01521778665483,0,0.102586783468723,0,0.000945053587201983,0,0.00149027688894421,0.304004371166229,0,0,0,0.205016046762466,0,0,0.00275034829974174,0,0.0153268314898014,0,0
"CRS3035RES50000mN4450000E4250000",0,0.00143924436997622,0.000514729763381183,0,0,0,0,0,0,0,0.000399790122173727,0.00347817386500537,0,0,0,0,0,0,0,0.00701131904497743,0.0454511381685734,0,0.193788260221481,0.138212442398071,0.0369955785572529,0,0.205716997385025,0,0.00358811626210809,0,0.000149921295815147,0.182993933558464,0,0,0,0.150645911693573,0,0,0,0,0.0296144522726536,0,0
"CRS3035RES50000mN4450000E4300000",0.000825996859930456,0.033501610159874,0.00473537296056747,0,0.000749040627852082,0,0.00127234298270196,0.000507911085151136,0.000446346122771502,0.00173921068198979,0.0010260830167681,0.123017095029354,0,0,0,0,0,0,0,0.0131236016750336,0.0770742297172546,0,0.0399146303534508,0.376700729131699,0.0208243560045958,0,0.0523661486804485,0,0.0455426946282387,0,0,0.0388628952205181,0,0,0,0.124797351658344,0,0,0.00150834210216999,0.00381189840845764,0.0376521162688732,0,0
"CRS3035RES50000mN4450000E4350000",0,0.00665096612647176,0.00096384494099766,0,0,0.0013956124894321,0.000152645123307593,0,0,0,0.00118627061601728,0.0609533786773682,0,0,0,0,0,0,0,0.0117536745965481,0.0422739759087563,0,0.0279035288840532,0.312268316745758,0.0135287195444107,0,0.111029699444771,0,0.103310219943523,0,0,0.0738148167729378,0,0,0,0.186981558799744,0,0,0.00214139302261174,0.00115574162919074,0.0425356552004814,0,0
"CRS3035RES50000mN4450000E4400000",0,0.000920000020414591,0,0,0,0,0,0,0,0,0.00225999997928739,0.00124799995683134,0,0,0,0,0,0.000587999995332211,0,0.000348000001395121,0.00839599967002869,0,0.0718920007348061,0.0940200015902519,0.0470760017633438,0.00971600040793419,0.297607988119125,0,0.0115080000832677,0,0.00693200016394258,0.123847998678684,0,0,0,0.269151985645294,0,0,0,0,0.0544879995286465,0,0
"CRS3035RES50000mN1850000E2650000",0.00214930507354438,0.00744137167930603,0.0129818022251129,0.000974351598415524,0.00250274641439319,0,0.000917036843020469,0.00025791660300456,0.00266513833776116,0,0.00248364149592817,0.0463772267103195,0.021846491843462,0.00668672705069184,0.00152839475777,0.00142331758979708,0.00311410427093506,0.0123513396829367,0.00408845581114292,0.0510770417749882,0.0211205035448074,0.100176721811295,0.284424692392349,0.142188474535942,0.0372737273573875,0.00025791660300456,0.00597984436899424,0.00239766924642026,0.209858149290085,0.0100300898775458,0,0,0,0,0,0,0.00148063234519213,0,0,0,0.00113674357999116,0.00280842534266412,0
"CRS3035RES50000mN4450000E4450000",0,0.00298000010661781,0,0,0,0,0.000272000004770234,0,0,0,0.00350799993611872,0.00575200002640486,0,0,0,0,0,0.000847999996040016,0,0.00243199989199638,0.00441200006753206,0,0.0670040026307106,0.393671989440918,0.123744003474712,0.00520400004461408,0.131311997771263,0,0.0691279992461205,0,0.0140439998358488,0.00456799985840917,0,0,0.000268000003416091,0.0648960024118423,0,0,0,0.00263600004836917,0.103320002555847,0,0
"CRS3035RES50000mN4450000E4500000",0,0.00383200007490814,0.000612000003457069,0,0,0.000739999988581985,0,0,0,0,0.00127200002316386,0.0526360012590885,0,0,0,0,0,0.00279200007207692,0,0.00261200009845197,0.000939999998081475,0,0.0095600001513958,0.462543994188309,0.12720400094986,0.000660000019706786,0.0144039997830987,0,0.104520000517368,0,0.00291200005449355,0.000127999999676831,0,0,0.000296000012895092,0.0336720012128353,0,0,0,0.00245600007474422,0.176208004355431,0,0
"CRS3035RES50000mN4450000E4550000",0.000284000008832663,0.00813200045377016,0.00231599994003773,0,0,0.000103999998827931,0.000132000001030974,0.000224000003072433,0.000119999996968545,0.00128399999812245,0.00102800002787262,0.0355039983987808,0,0,0,0,0,0.00165200000628829,0,0.00354800000786781,0.00639599980786443,0,0.000108000000182074,0.506067991256714,0.171228006482124,0,0,0,0.120828002691269,0,0,0,0,0,0.000880000006873161,0.0781999975442886,0,0,0,0.00377200008369982,0.0581919997930527,0,0
"CRS3035RES50000mN4450000E4600000",0,0.00141200004145503,0.00011600000289036,0,0,0,0,0,0,0.000136000002385117,0,0.0131839998066425,0,0,0,0,0,0.000763999996706843,0,0.002608000067994,0.00815599970519543,0,0.00413599982857704,0.580039978027344,0.173196002840996,0,0,0,0.126504004001617,0,0,0,0,0,0.000119999996968545,0.0506800003349781,0,0,0,0.00680800015106797,0.0321400016546249,0,0
"CRS3035RES50000mN4450000E4650000",0,0.00555999996140599,0.000760000024456531,0,0,9.99999974737875e-05,0,0,0,0.000663999991957098,0.000296000012895092,0.0234600007534027,0,0,0,0,0,0.00237599993124604,0,0.00328400009311736,0.0133400000631809,0,0.00475599989295006,0.582156002521515,0.1615159958601,0,0,0,0.128784000873566,0,0,0,0.000108000000182074,0,0.000180000002728775,0.0320320017635822,0,0,0,0.00849200040102005,0.0321360006928444,0,0
"CRS3035RES50000mN4450000E4700000",0,0.00546149862930179,0.000329889182467014,0,0,0.000505015545058995,0.000342107290634885,0,0,0.000232144244364463,0.000179199065314606,0.061884768307209,0,0,0,0,0,0.000814541184809059,0,0.00202820752747357,0.0111429234966636,0,0.00988445710390806,0.606633603572845,0.140125527977943,0,0,0,0.0887401923537254,0,0.00271649495698512,0,0,0,0,0.00615385873243213,0,0,0,0.0139530906453729,0.0488724708557129,0,0
"CRS3035RES50000mN4450000E4750000",0.000484633754240349,0.0444191917777061,0.0113136917352676,0.00142047833651304,0,0,0.00168786244466901,0.000601614359766245,0,0.00190511206164956,0.00594929745420814,0.0684002041816711,0,0,0,0.000835575454402715,0,0.00501345284283161,0,0.00437841564416885,0.0216079819947481,0,0.0144220320507884,0.660689532756805,0.0395728535950184,0,0,0,0.023579940199852,0.000768729427363724,0.0349604785442352,0.0176139306277037,0,0,0.00115309411194175,0.000568191288039088,0,0,0,0,0.0374504923820496,0,0.00120322871953249
"CRS3035RES50000mN4450000E4850000",0,0.0247215162962675,0.000944563886150718,0,0,0,0,0,0,0,0,0.0166764371097088,0,0,0,0,0,0,0,0,0.0278809200972319,0,0.01400560233742,0.18389680981636,0.662595272064209,0,0,0,0.0506807379424572,0,0,0,0,0,0,0.0181421414017677,0.000455996341770515,0,0,0,0,0,0
"CRS3035RES50000mN4450000E4900000",0,0.0340562760829926,0.0058763287961483,0,0.0004748965438921,0.00084242521552369,0.000363399100024253,0.00039643538184464,0.000181699550012127,0.00128841504920274,0.000664855178911239,0.211147263646126,0,0,0,0,0,0,0,0,0.0615424625575542,0,0.000330362818203866,0.285809278488159,0.312779247760773,0,0,0,0.0506281033158302,0,0,0,0,0,0.00017344047955703,0.0265033580362797,0.00224646716378629,0,0,0.000635948439594358,0.0040593333542347,0,0
"CRS3035RES50000mN4450000E4950000",0,0.0256999991834164,0.00662000011652708,0,0,0.000276000006124377,0.000251999997999519,0.000251999997999519,0,0.000815999985206872,0.000487999990582466,0.252535998821259,0,0,0,0,0,0,0,0,0.0630559995770454,0,7.99999997980194e-06,0.380335986614227,0.148231998085976,0,0,0,0.0723880007863045,0,0,0,0,0,0.000411999993957579,0.0312040001153946,0,0,0,0.000587999995332211,0.0168360006064177,0,0
"CRS3035RES50000mN1850000E2700000",0.00106000003870577,0.00394799979403615,0.00097200000891462,0.00141999998595566,0,0.00011600000289036,0.00158399995416403,0.000151999993249774,0.000276000006124377,0,0.000464000011561438,0.135128006339073,0.0420919992029667,0.0190880000591278,0.00261200009845197,0.00381599995307624,0.0614680014550686,0.0795120000839233,0.00729600014165044,0.0205479990690947,0.00605199998244643,0.279579997062683,0.105339996516705,0.0510520003736019,0.0624880008399487,0.000828000018373132,0.00310399988666177,0.00300400005653501,0.0952040031552315,0,0,0,0,0,0,0,0,3.19999999192078e-05,0,0.000939999998081475,0.0108240004628897,0,0
"CRS3035RES50000mN4450000E5000000",0,0.00884800031781197,0.00218799989670515,0,0,0.000236000007134862,0.000487999990582466,0,0,0,0.000623999978415668,0.0766599997878075,0,0,0,0,0,0,0,0,0.0598759986460209,0,0,0.608403980731964,0.0980440005660057,0,0,0,0.059859998524189,0,0,0,0,0,0.00118799996562302,0.0320760011672974,0,0,0,0,0.0515079982578754,0,0
"CRS3035RES50000mN4450000E5050000",0,0.00395999988541007,0.00028000000747852,0,0,0,0,0,0,0,9.99999974737875e-05,0.0170399993658066,0,0,0,0,0,0,0,0,0.0261240005493164,0,0.00255200010724366,0.648883998394012,0.142315998673439,0,0,0,0.0630320012569427,0,0,0,0,0,0.00015999999595806,0.030664000660181,0,0,0,0,0.0648880004882812,0,0
"CRS3035RES50000mN4450000E5100000",0,0.0129359997808933,0.0034880000166595,0,0,0.00193599995691329,0.00164399994537234,0.000207999997655861,0,0,0.000364000006811693,0.0403320007026196,0,0,0,0,0,0,0,0,0.0489280000329018,0,0.032795999199152,0.500223994255066,0.148087993264198,0,0,0,0.0597320012748241,0,0,0,0,0,0,0.00162800005637109,0,0,0,0.000119999996968545,0.147576004266739,0,0
"CRS3035RES50000mN4450000E5150000",0,0.00469999993219972,0.00101600005291402,0,0,0.000176000001374632,0.000407999992603436,0,0,0,0.000423999998020008,0.0248080007731915,0,0,0,0,0,0,0,0,0.0302360001951456,0,0.00913999974727631,0.334127992391586,0.31114399433136,0,0,0,0.094760000705719,0,0,0,0,0,0.000448000006144866,0.00436000013723969,0,0,0,0.000108000000182074,0.184144005179405,0,0
"CRS3035RES50000mN4450000E5200000",0,0.0134119996801019,0.00397199997678399,0,0,0.000699999975040555,0.000380000012228265,0.000103999998827931,0.00014000000373926,0,0.000475999986520037,0.0241039991378784,0,0,0,0,0,0,0,0,0.0275960005819798,0,0.0121079999953508,0.279255986213684,0.356444001197815,0,0,0,0.0664400011301041,0,0,0,0,0,0.00337600009515882,0.00311599997803569,0,0,0,0,0.208376005291939,0,0
"CRS3035RES50000mN4450000E5250000",0,0.00208400003612041,0.000323999993270263,0,0,0,0.000108000000182074,0.000195999993593432,0,0,0.000148000006447546,0.00647999998182058,0,0,0,0,0,0,0,0,0.0227600000798702,0,0.0114479996263981,0.279680013656616,0.321296006441116,0,0,0,0.0370040014386177,0,0,0,0,0,0.00191999995149672,0.000176000001374632,0,0,0,0.00023999999393709,0.316136002540588,0,0
"CRS3035RES50000mN4450000E5300000",0,0.00271199992857873,0.000251999997999519,0,0,3.99999998990097e-06,0,0,0,0,0,0.0101880002766848,0,0,0,0,0,0,0,0,0.0235280003398657,0,0.0307880006730556,0.245084002614021,0.297152012586594,0,0,0,0.0329959988594055,0,0,0,0,0,0.00141999998595566,0.0079720001667738,0,0,0,0,0.347903996706009,0,0
"CRS3035RES50000mN4450000E5350000",0,0.00738912494853139,0.00137971213553101,0,0,0.000367923232261091,0.000766506709624082,0,0,0,0,0.0444573909044266,0,0,0,0,0,0,0,0,0.0668317228555679,0,0.0463813208043575,0.318920463323593,0.288865715265274,0,0,0,0.0445340387523174,0,0,0,0,0,0.000306602683849633,0.00416213134303689,0,0,0,0,0.175637349486351,0,0
"CRS3035RES50000mN4500000E4200000",0,0,0,0,0,0,0,0,0,0,0,0,0,0,0,0,0,0,0,0,0.0572215914726257,0,0,0,0,0,0.0881828516721725,0,0,0,0.0319338627159595,0.684713900089264,0,0,0,0.107797048985958,0,0,0.0288539472967386,0,0.00129680661484599,0,0
"CRS3035RES50000mN4500000E4250000",0,0.00631075212731957,0,0,0,0,0,0,0,0,0,0.017077911645174,0,0,0,0,0,0,0,0.00541348895058036,0.147988632321358,0,0.00657993135973811,0,0.00101689842995256,0,0.138507544994354,0,0,0,0,0.490474045276642,0,0,0,0.133991330862045,0,0,0.0381636023521423,0,0.0144758485257626,0,0
"CRS3035RES50000mN1850000E2750000",0.00279600010253489,0.00205200002528727,0.0007999999797903,0,0,0.00306800007820129,0.000127999999676831,0,0,0,0.000684000027831644,0.229763999581337,0.0530200004577637,0,0.0405079983174801,0.00402399990707636,0.106256000697613,0.0310999993234873,0.00661200005561113,0.0295560006052256,0.00212400010786951,0.241631999611855,0.119411997497082,0.00344399991445243,0.00101999996695668,0.000796000007539988,0,0.00604399992153049,0.0797879993915558,0,0,0,0.000395999988541007,0,0,0,0,0,0,0,0.0349760018289089,0,0
"CRS3035RES50000mN4500000E4300000",0,0.00239139748737216,0.000840513850562274,0,0,0.00224498542957008,0,0,0.000178948117536493,0,0.000471772276796401,0.041038766503334,0,0,0,0,0,0,0,0.0105633614584804,0.0815894901752472,0,0.0380291864275932,0.276138633489609,0.0290492437779903,0,0.0758197754621506,0,0.0113659165799618,0,0,0.292845875024796,0,0,0,0.0861445367336273,0,0,0.00511357793584466,0,0.0461740344762802,0,0
"CRS3035RES50000mN4500000E4350000",0,0.00970513373613358,0.00210543069988489,0,0.000928086577914655,0,0,0,0,0.00045078489347361,0.00119855743832886,0.143402636051178,0,0,0,0,0,0,0,0.0188958421349525,0.0835702195763588,0,0.0213459897786379,0.288815230131149,0.00864446349442005,0,0.0400137901306152,0,0.116095669567585,0,0,0.105918541550636,0,0,0,0.111078701913357,0,0,0.0079656345769763,0.000827322888653725,0.0390379726886749,0,0
"CRS3035RES50000mN4500000E4400000",0,0,0,0,0,0,0.000243999995291233,0,0,0,0.000684000027831644,0.0250160004943609,0,0,0,0,0,0,0,0.00532800005748868,0.0193559993058443,0,0.0412359982728958,0.183916002511978,0.0423519983887672,0.00011600000289036,0.225104004144669,0,0.0290319994091988,0,0.00265999999828637,0.0989919975399971,0,0,0,0.274863988161087,0,0,0,0.000151999993249774,0.0509480014443398,0,0
"CRS3035RES50000mN4500000E4450000",0,0,0,0,0,0,0,0,0,0,0,0.000255999999353662,0,0,0,0,0,0.000368000008165836,0,0.000528000004123896,0.000411999993957579,0,0.0473520010709763,0.173976004123688,0.145567998290062,0.0149560002610087,0.324016004800797,0,0.0111520001664758,0,0.0213600005954504,0.027411999180913,0,0,0,0.0747319981455803,0,0,0,0.00022000000171829,0.15769200026989,0,0
"CRS3035RES50000mN4500000E4500000",0,0.000436000002082437,0,0,0,0,0.000144000005093403,0,0,0,0,0.00235199998132885,0,0,0,0,0,0.00100799999199808,0,0.00298799993470311,0.00300000002607703,0,0.0604160018265247,0.395063996315002,0.183239996433258,0.000980000011622906,0.0633720010519028,0,0.066271997988224,0,0.00083999999333173,0.00317199993878603,0,0,0,0.130843997001648,0,0,0,0,0.0858720019459724,0,0
"CRS3035RES50000mN4500000E4550000",0,0.00336800003424287,0.000112000001536217,0,0,0,0.000103999998827931,0,0,0,0.000391999987186864,0.0121039999648929,0,0,0,0,0,0.00793999992311001,0,0.00321600004099309,0.00989599991589785,0,0.00935200043022633,0.462143987417221,0.156627997756004,0,0.000584000023081899,0,0.0927639976143837,0,0,0,0,0,0,0.159275993704796,0,0,0,0.00243599992245436,0.0796839967370033,0,0
"CRS3035RES50000mN4500000E4600000",0,0.00189199997112155,0,0,0,0,0,0,0,0,0.000103999998827931,0.003175999969244,0,0,0,0,0,0.000828000018373132,0,0.00359999993816018,0.00487199984490871,0,0.00303200003691018,0.597859978675842,0.0578680001199245,0,0,0,0.172463998198509,0,0,0,0.000184000004082918,0,0,0.0545720010995865,0,0,0,0.00606800010427833,0.0934799984097481,0,0
"CRS3035RES50000mN4500000E4650000",0,0.00146000005770475,0.000228000004426576,0,0,0,0,0,0,0,0,0.00388800003565848,0,0,0,0,0,0.00219199992716312,0,0.00228799995966256,0.00496800011023879,0,0.0100680002942681,0.610095977783203,0.0589240007102489,0,0,0,0.150268003344536,0,0,0,0,0,0.00036000000545755,0.0921960026025772,0,0,0,0.00578799983486533,0.0572759993374348,0,0
"CRS3035RES50000mN4500000E4700000",0,0.00149199995212257,0.000127999999676831,0,0,0.000348000001395121,0,0,0,9.99999974737875e-05,0,0.0170200001448393,0,0,0,0,0,0.000684000027831644,0,0.00134800001978874,0.0100320000201464,0,0.00899599958211184,0.698632001876831,0.0648560002446175,0,0,0,0.125223994255066,0,0,0.000108000000182074,0,0,0.000647999986540526,0.0343599990010262,0,0,0,0.000395999988541007,0.0356279984116554,0,0
"CRS3035RES50000mN4500000E4750000",0,0.00378113868646324,0.000467081845272332,0,0,0.000542704598046839,0.00012900355795864,0,0,0.000222419927013107,0,0.0324955508112907,0,0,0,0,0,0.000182384348590858,0,0.0010409252718091,0.0113612096756697,0,0.00445729540660977,0.718856751918793,0.0440346971154213,0,0,0,0.107393234968185,0,0,0,0,0,0.000364768697181717,0.0151512455195189,0,0,0,0.000618327409029007,0.0386743769049644,0.000725088990293443,0.0195017792284489
"CRS3035RES50000mN1850000E2800000",0.00156000000424683,0.00279600010253489,0.000344000000040978,0,0,0,0,0,9.20000020414591e-05,0,5.60000007681083e-05,0.115336000919342,0.00790399964898825,0,0.00669999979436398,0.00129599997308105,0.0614680014550686,0.0681559965014458,0.00338799995370209,0.026375999674201,0.00321600004099309,0.527540028095245,0.0411040000617504,0.00665599992498755,0.000547999981790781,0.00254400004632771,0,0.0197839997708797,0.041143998503685,0,0,0.00142400001641363,0,0,0,0,0,0,0,0,0.0605680011212826,0,0
"CRS3035RES50000mN4500000E4800000",0,0.0223315805196762,0.00335773173719645,0,0,0,0,0,0,0.00110147811938077,0.00358868669718504,0.0211945716291666,0,0,0,0,0,0.00325113697908819,0,0,0.00836768094450235,0,0.000604036380536854,0.674051284790039,0.0536171123385429,0,0,0,0.106985501945019,0.000941586156841367,0.00126137014012784,0,0,0,0.000799459929112345,0.0160247292369604,0,0,0,0.00182987493462861,0.016255684196949,0.000479675945825875,0.0639567971229553
"CRS3035RES50000mN4500000E4850000",0,0.0193920768797398,0,0,0,0,0,0,0,0,0,0,0,0,0,0,0,0,0,0,0.0222157631069422,0,0.00199319003149867,0.223320320248604,0.635287761688232,0,0,0,0.0649862959980965,0.0115438913926482,0,0.0133709823712707,0,0,0,0,0,0,0,0,0.00514907389879227,0.00274063623510301,0
"CRS3035RES50000mN4500000E4900000",0,0.0183171276003122,0.00321503356099129,0,0,0,0.000397013820474967,0,0,0,0.000397013820474967,0.139110535383224,0,0,0,0,0,0,0,0,0.0794183388352394,0,0.000677258882205933,0.147790342569351,0.532987177371979,0,0,0,0.0620976351201534,0,0,0,0,0,0.000420367578044534,0.00421146024018526,0.00538693275302649,0,0,0.000638335943222046,0.00493542663753033,0,0
"CRS3035RES50000mN4500000E4950000",0,0.0106279999017715,0.00128800002858043,0,0,0.000783999974373728,8.80000006873161e-05,0,0,0.000136000002385117,0.000203999996301718,0.179879993200302,0,0,0,0,0,0,0,0,0.0788799971342087,0,0.000584000023081899,0.42492800951004,0.18027999997139,0,0,0,0.0724399983882904,0,0,0,0,0,0.00133600004483014,0.0282240007072687,0,0,0,0,0.0203200001269579,0,0
"CRS3035RES50000mN4500000E5000000",0,0.00961199961602688,0.00121599994599819,0,0,0,0.000264000002061948,0,0.000132000001030974,0,0.000628000008873641,0.0959360003471375,0,0,0,0,0,0,0,0,0.0558440014719963,0,0.00103199994191527,0.509675979614258,0.100975997745991,0,0,0,0.0818480029702187,0,0,0,0,0,0.00320799998007715,0.0623920001089573,0,0,0,0.000211999999010004,0.0770239979028702,0,0
"CRS3035RES50000mN4500000E5050000",0,0.00238399999216199,0.000288000010186806,0,0,0,0.000112000001536217,0,0,0,0.000167999998666346,0.0174320004880428,0,0,0,0,0,0,0,0,0.0302719995379448,0,0.00267599988728762,0.542931973934174,0.192724004387856,0,0,0,0.0735440030694008,0,0,0,0,0,0.000899999984540045,0.0248279999941587,0,0,0,0,0.111740000545979,0,0
"CRS3035RES50000mN4500000E5100000",0,0.00237199990078807,0.00101600005291402,0,0,0,0,0,0,0,0,0.0153879998251796,0,0,0,0,0,0,0,0,0.0231560003012419,0,0.0216039996594191,0.443448007106781,0.207392007112503,0,0,0,0.0545840002596378,0,0,0,0,0,0.000823999987915158,0.00270799989812076,0,0,0,0,0.227507993578911,0,0
"CRS3035RES50000mN4500000E5150000",0,0.00209200009703636,0.000315999990561977,0,0,0,0.000103999998827931,0,0,0,0.000127999999676831,0.0250920001417398,0,0,0,0,0,0,0,0,0.0256159994751215,0,0.012075999751687,0.234584003686905,0.364775985479355,0,0,0,0.0632480010390282,0,0,0,0,0,0.000188000005437061,0.00431599980220199,0,0,0,0.000108000000182074,0.267356008291245,0,0
"CRS3035RES50000mN4500000E5200000",0,0.016100000590086,0.00539200007915497,0,0,0.00136800005566329,0.000448000006144866,0.000224000003072433,0.000236000007134862,0.000296000012895092,0.000376000010874122,0.0207640007138252,0,0,0,0,0,0,0,0,0.0404560007154942,0,0.00592799996957183,0.233372002840042,0.320912003517151,0,0,0,0.0446120016276836,0,0,0,0,0,0.000883999979123473,0.000720000010915101,0,0,0,0,0.307911992073059,0,0
"CRS3035RES50000mN4500000E5250000",0,0.00385199999436736,0.000568000017665327,0,0,0,0.000403999991249293,0.00108399998862296,0,0,0.000508000026457012,0.0263439994305372,0,0,0,0,0,0,0,0,0.0333039984107018,0,0.00872800033539534,0.302783995866776,0.331432014703751,0,0,0,0.0476079992949963,0,0,0,0,0,0.00371200009249151,0.0006520000169985,0,0,0,0,0.239020004868507,0,0
"CRS3035RES50000mN1850000E2850000",0.00689999992027879,0.00343999988399446,0.00721599999815226,0.00120399997103959,0,0,0.000644000014290214,0.000132000001030974,0,0,0.000123999998322688,0.14512400329113,0.00681600021198392,0,0.196168005466461,0.00743599981069565,0.150839999318123,0.0348399989306927,0,0.0256760008633137,0.0133520001545548,0.201908007264137,0.0600880011916161,0.000604000000748783,0,0.0356119982898235,0,0.0208880007266998,0.0745519995689392,0,0,9.20000020414591e-05,0,0,0,0,0,0,0,0,0.00634399987757206,0,0
"CRS3035RES50000mN4500000E5300000",0,0.0229039993137121,0.00365599989891052,0,0.000167999998666346,0.000804000010248274,0.00112399994395673,0.000203999996301718,0.000620000006165355,0.000427999999374151,0.000699999975040555,0.0483079999685287,0,0,0,0,0,0,0,0,0.043699998408556,0,0.038867998868227,0.207484006881714,0.271288007497787,0,0,0,0.0276319999247789,0,0,0,0,0,0.00541200023144484,0.0020479999948293,0,0,0,0.0045159999281168,0.32013601064682,0,0
"CRS3035RES50000mN4500000E5350000",0,0.00178865087218583,0.000292852142592892,0,0,0,0,0,0,0,0,0.0212971102446318,0,0,0,0,0,0,0,0,0.0133090037852526,0,0.0341105163097382,0.476794838905334,0.27715077996254,0,0,0,0.0997229143977165,0,0,0,0,0,0.000126151702716015,0.00806920323520899,0,0,0,0,0.0673379749059677,0,0
"CRS3035RES50000mN4500000E5400000",0,0,0,0,0,0,0,0,0,0,0,0,0,0,0,0,0,0,0,0,0,0,0,0.411549031734467,0.0870760753750801,0,0,0,0.276810258626938,0,0,0,0,0,0,0.0485792867839336,0,0,0,0,0.175985336303711,0,0
"CRS3035RES50000mN4550000E4300000",0,0,0,0,0,0,0,0,0,0,0,0.0141482641920447,0,0,0,0,0,0,0,0.00528408400714397,0.035456720739603,0,0.114442586898804,0.0621008984744549,0.0256458800286055,0,0.137128010392189,0,0.000567996001336724,0,0.00468166405335069,0.501764237880707,0,0,0,0.0799497440457344,0,0,0.000585208006668836,0,0.0182447209954262,0,0
"CRS3035RES50000mN4550000E4350000",0,0.00300200562924147,0.000802260125055909,0,0.000125083563034423,0.000146649705129676,0,0,0,0,0,0.0343030914664268,0,0,0,0,0,0,0,0.00613772124052048,0.0255386140197515,0,0.0516638271510601,0.317272305488586,0.0191722922027111,0,0.0664797574281693,0,0.0479501374065876,0,0.000715995614882559,0.247721537947655,0,0,0,0.141240909695625,0,0,0.00103086116723716,0.000332118448568508,0.0361922830343246,0,0.000172529064002447
"CRS3035RES50000mN4550000E4400000",0,0.00111216015648097,0,0,0,0,0,0,0,0,0.000320046092383564,0.0228072833269835,0,0,0,0,0,0,0,0.0129698673263192,0.0387335792183876,0,0.0149821573868394,0.367300897836685,0.0069690034724772,0,0.17186875641346,0,0.0638731941580772,0,0.00132419064175338,0.0761389657855034,0,0,0,0.147341221570969,0,0,0,0.00464466866105795,0.0696140229701996,0,0
"CRS3035RES50000mN4550000E4450000",0,0.000123999998322688,0,0,0,0,0,0,0,0,0,0.000419999996665865,0,0,0,0,0,0,0,0,0.00187599996570498,0,0.0644960030913353,0.111164003610611,0.0161199998110533,0.00239600008353591,0.348152011632919,0,0.0107359997928143,0,0.0282039996236563,0.201048001646996,0,0,0,0.160587996244431,0,0,0,0,0.0546760000288486,0,0
"CRS3035RES50000mN4550000E4500000",0,0,0,0,0,0,0,0,0,0,0,0.000452000007499009,0,0,0,0,0,0.000495999993290752,0,0.00095999997574836,0.00315600004978478,0,0.103932000696659,0.237384006381035,0.0608079992234707,0.00182799994945526,0.208268001675606,0,0.0516240000724792,0,0.00693600019440055,0.0476559996604919,0,0,0,0.205880001187325,0,0,0,0,0.0706200003623962,0,0
"CRS3035RES50000mN4550000E4550000",0,0,0,0,0,0,0,0,0,0,0,0.000996000017039478,0,0,0,0,0,0.00107200001366436,0,0.000348000001395121,0.00352800008840859,0,0.0543959997594357,0.480356007814407,0.15514799952507,0,0.0205600000917912,0,0.129124000668526,0,0,0,0,0,0,0.0578680001199245,0,0,0,0,0.0966039970517159,0,0
"CRS3035RES50000mN1850000E2900000",0.00268799997866154,0.000660000019706786,0.00105600000824779,0.000132000001030974,0,0,0,0,0,0,0,0.243680000305176,0.00757999997586012,0,0.0745360031723976,0.0017359999474138,0.1190520003438,0.0295640006661415,0,0.0141639998182654,0.00602799979969859,0.220671996474266,0.070532001554966,0.00681600021198392,5.60000007681083e-05,0.0658359974622726,0,0.0605719983577728,0.0535640008747578,0,0,0.00162400002591312,0,0,0,0,0,0,0,0,0.0194520000368357,0,0
"CRS3035RES50000mN4550000E4600000",0,0.00164799997583032,0.000195999993593432,0,0,0,0,0,0,0,0,0.00387999997474253,0,0,0,0,0,0.00409599998965859,0,0.00276799988932908,0.00844800006598234,0,0.0152719998732209,0.476595997810364,0.117664001882076,0,0,0,0.159436002373695,0,0,0,0,0,0.000155999994603917,0.0987079963088036,0,0,0,0.00215999991632998,0.108971998095512,0,0
"CRS3035RES50000mN4550000E4650000",0,0.000780000002123415,0.00036000000545755,0,0,0,0,0,0,0.000112000001536217,0.000584000023081899,0.00151199998799711,0,0,0,0,0,0.000544000009540468,0,0.00131199997849762,0.00754400016739964,0,0.0128079997375607,0.561860024929047,0.0657399967312813,0,0,0,0.159804001450539,0,0,0,0,0,0.000468000012915581,0.109332002699375,0,0,0,0.00952399987727404,0.0677160024642944,0,0
"CRS3035RES50000mN4550000E4700000",0,0.000515999970957637,0,0,0,0,0,0,0,0,0,0.000828000018373132,0,0,0,0,0,0.000311999989207834,0,0.000255999999353662,0.00247599999420345,0,0.0135599998757243,0.630151987075806,0.0345840007066727,0,0,0,0.190776005387306,0,0,0,0,0,0.000372000009519979,0.0736759975552559,0,0,0,0.0111840004101396,0.0413080006837845,0,0
"CRS3035RES50000mN4550000E4750000",0,0.00222799996845424,0.000327999994624406,0,0,0,0,0,0,0.00015999999595806,0,0.0300159994512796,0,0,0,0,0,0.000292000011540949,0,0.000636000011581928,0.00862399954348803,0,0.00365599989891052,0.700807988643646,0.0525280013680458,0,0,0,0.144211992621422,0,0,0,0,0,0.00028000000747852,0.0191760007292032,0,0,0,0.0065080001950264,0.0305480007082224,0,0
"CRS3035RES50000mN4550000E4800000",0.000246982963290066,0.0163519755005836,0.00383249437436461,0.000570615811739117,0,0.000851665448863059,0.00132859812583774,0.00038324945489876,0,0.002972312271595,0.0012647231342271,0.0753638744354248,0,0,0,0,0,0.00117529823910445,0,0.00175017246510834,0.0155173437669873,0,0.00116252328734845,0.684415400028229,0.04711839184165,0,0,0,0.0625335350632668,0,0,0,0,0,0.0036068030167371,0.0467734672129154,0,0,0,0.00832077115774155,0.0198438037186861,0.000132008135551587,0.0044840183109045
"CRS3035RES50000mN4550000E4850000",0,0.00689488323405385,0,0,0,0,0,0,0,0,0,0.0742107182741165,0,0,0,0,0,0.00235877581872046,0,0.00749969761818647,0.0176000967621803,0,0,0.828595638275146,0.0106447320431471,0,0,0,0.0165114309638739,0,0.00749969761818647,0,0,0,0,0.00574573595076799,0,0,0,0,0.0209265761077404,0.00151203584391624,0
"CRS3035RES50000mN4550000E4900000",0,0.0491398610174656,0.0168942380696535,0,0.00335570471361279,0,0,0,0,0.00134999619331211,0.00482141459360719,0.0645683854818344,0,0,0,0,0,0,0,0,0.0754454955458641,0,0.0114556811749935,0.146918147802353,0.584432601928711,0,0,0,0.0286970604211092,0,0,0,0,0,0.00119571085087955,0.00227570789866149,0.00566998356953263,0,0,0.00138856749981642,0.0023914217017591,0,0
"CRS3035RES50000mN4550000E4950000",0,0.0269308891147375,0.00382341002114117,0,0.00237439619377255,0.00102017784956843,0.00092086847871542,0.000266329618170857,0,0.000496546737849712,0.00144449959043413,0.0992145538330078,0,0,0,0,0,0.000207646822673269,0,0,0.0851758196949959,0,0.00130004971288145,0.402360856533051,0.286665469408035,0,0,0,0.0595359541475773,0,0,0,0,0,0.00194104632828385,0.015821784734726,0.000988579471595585,0,0,0.00015799215179868,0.00935313478112221,0,0
"CRS3035RES50000mN4550000E5000000",0,0.00481599988415837,0.00052000000141561,0,0,0,0,0,0,0,0,0.08194400370121,0,0,0,0,0,0,0,0,0.0311280004680157,0,0.000668000022415072,0.439812004566193,0.197996005415916,0,0,0,0.110040001571178,0,0,0,0,0,0.00331200007349253,0.105311997234821,0,0,0,0,0.0244520008563995,0,0
"CRS3035RES50000mN4550000E5050000",0,0.00440400000661612,0.000699999975040555,0,0,0,0.000495999993290752,0,0,0,0,0.0525639988481998,0,0,0,0,0,0,0,0,0.0445280000567436,0,0.00285200006328523,0.528680026531219,0.191671997308731,0,0,0,0.0585799999535084,0,0,0,0,0,0.00052000000141561,0.0295080002397299,0,0,0,0,0.0854960009455681,0,0
"CRS3035RES50000mN1850000E2950000",0.0024679999332875,0.0015640000347048,0.000891999981831759,0,0,0,0.00176000001374632,0,0,0,0,0.329284012317657,0.00105600000824779,0,0.00559999980032444,0.000948000000789762,0.0606120005249977,0.0172879993915558,0,0.035971999168396,0.0101119996979833,0.165775999426842,0.0383960008621216,0.00214400002732873,0.000752000021748245,0.21985599398613,0,0.0603640004992485,0.0198720004409552,0,0.000448000006144866,0.00527600012719631,0,0,0,0,0,0,0,0.000620000006165355,0.0189399998635054,0,0
"CRS3035RES50000mN4550000E5100000",0,0.00166399998124689,0.000331999995978549,0,0,0,0.000464000011561438,0.000747999991290271,0,0,0.000211999999010004,0.043419998139143,0,0,0,0,0,0,0,0,0.0414599999785423,0,0.0212960001081228,0.382607996463776,0.287032008171082,0,0,0,0.0541639998555183,0,0,0,0,0,0.00187599996570498,0.00982800032943487,0,0,0,0,0.154896005988121,0,0
"CRS3035RES50000mN4550000E5150000",0,0.00529199978336692,0.00146000005770475,0,0,0,0.000688000000081956,0,0,0.000103999998827931,0.000127999999676831,0.0842159986495972,0,0,0,0,0,0,0,0,0.0604679994285107,0,0.0136000001803041,0.192824006080627,0.434300005435944,0,0,0,0.0629120022058487,0,0,0,0,0,0.00599600002169609,0.00397199997678399,0,0,0,0,0.134039998054504,0,0
"CRS3035RES50000mN4550000E5200000",0,0.00788800045847893,0.00141999998595566,0,0,0.000344000000040978,0.00138000003062189,0.00775599991902709,0,0.000132000001030974,0.00269600003957748,0.0446919985115528,0,0,0,0,0,0,0,0,0.0798280015587807,0,0.0206119995564222,0.227047994732857,0.394071996212006,0,0,0,0.0628720000386238,0,0,0,0,0,0.000432000000728294,0.00413999985903502,0,0,0,0.00015999999595806,0.14452800154686,0,0
"CRS3035RES50000mN4550000E5250000",0,0.0025919999461621,0.00031999999191612,0,0,0,0.000783999974373728,0.000636000011581928,0,0,0,0.011400000192225,0,0,0,0,0,0,0,0,0.0250599998980761,0,0.00687200017273426,0.509931981563568,0.260675996541977,0,0,0,0.062304001301527,0,0,0,0,0,0.000148000006447546,0.0076600001193583,0,0,0,0,0.111616000533104,0,0
"CRS3035RES50000mN4550000E5300000",0,0.00223600002937019,0.00109200004953891,0,0,0,0,0,0,0.000127999999676831,0.000119999996968545,0.0157719999551773,0,0,0,0,0,0,0,0,0.0218400005251169,0,0.0373959988355637,0.344756007194519,0.29815599322319,0,0,0,0.0462520010769367,0,0,0,0,0,0.000232000005780719,0.00874400045722723,0,0,0,0.00276400009170175,0.220512002706528,0,0
"CRS3035RES50000mN4550000E5350000",0,0.00173756014555693,0.000381219899281859,0,0,0,0,0.000280898879282176,0,0,0,0.00714285718277097,0,0,0,0,0,0,0,0,0.00526484753936529,0,0.00939807388931513,0.523378789424896,0.14733949303627,0,0,0,0.0781621187925339,0,0,0,0,0,0.000156500798766501,0.0901565030217171,0,0,0,0.00636035297065973,0.130240768194199,0,0
"CRS3035RES50000mN4550000E5400000",0,0,0,0,0,0,0,0,0,0,0,0,0,0,0,0,0,0,0,0,0,0,0.000582637381739914,0.599242568016052,0.111477956175804,0,0,0,0.156632348895073,0,0,0,0,0,0,0.0859390199184418,0,0,0,0,0.0461254604160786,0,0
"CRS3035RES50000mN4600000E4350000",0,0.00279018376022577,0,0,0,0,0,0,0,0,0,0.00989672541618347,0,0,0,0,0,0,0,0.0111513724550605,0.0937707722187042,0,0.0772075727581978,0.213514596223831,0.0406449250876904,0,0.0554291531443596,0,0.00820201635360718,0,0.0022003126796335,0.398612409830093,0,0,0,0.0520491003990173,0,0,0.00429763225838542,0,0.0302332323044538,0,0
"CRS3035RES50000mN4600000E4400000",0,0.000202372291823849,0.000194112202734686,0,0,0,0,0,0,0,0,0.00109859253279865,0,0,0,0,0,0,0,0.00232108635827899,0.0274606812745333,0,0.0202496200799942,0.303744286298752,0.00968496035784483,0,0.105968743562698,0,0.0607529915869236,0,0.030178252607584,0.290713995695114,0,0,0,0.0990509167313576,0,0,0,0.00249041826464236,0.0458889529109001,0,0
"CRS3035RES50000mN1850000E3000000",0.00156799994874746,0.00183199997991323,0.000155999994603917,0,0,0,0,0.000103999998827931,0,0,0,0.151176005601883,0.00139999995008111,0,0.000155999994603917,0.000475999986520037,0.024940000846982,0.0348839983344078,0,0.00407599983736873,0.0177800003439188,0.281960010528564,0.0768600031733513,0.0181600004434586,0.00341599993407726,0.119588002562523,0,0.14350800216198,0.0706439986824989,0,0.00123599998187274,0.0105159999802709,0,0,0,0,0,0,0,0,0.0355640016496181,0,0
"CRS3035RES50000mN4600000E4450000",0,0.000364000006811693,0,0,0,0,0,0,0,0,0.000216000000364147,0.00218400009907782,0,0,0,0,0,0,0,0.000715999980457127,0.00623199995607138,0,0.0971520021557808,0.170175999403,0.0190880000591278,0.000288000010186806,0.227635994553566,0,0.0321919992566109,0,0.00900399964302778,0.196820005774498,0,0,0,0.132095992565155,0,0,0,0.00174800003878772,0.104088000953197,0,0
"CRS3035RES50000mN4600000E4500000",0,0.00063999998383224,0,0,0,0,0,0,0,0,0,0.000407999992603436,0,0,0,0,0,0.000880000006873161,0,0.000991999986581504,0.0027320000808686,0,0.126271992921829,0.206540003418922,0.0982920005917549,0.0211239997297525,0.299915999174118,0,0.0301079992204905,0,0.00701199984177947,0.0294439997524023,0,0,0,0.0661719962954521,0,0,0,0,0.109467998147011,0,0
"CRS3035RES50000mN4600000E4550000",0,0.000344000000040978,0,0,0,0,0,0,0,0,0.000123999998322688,0,0,0,0,0,0,0.00104000000283122,0,0.000704000005498528,0.00140800001099706,0,0.0831359997391701,0.436280012130737,0.0982720032334328,0.00184799998532981,0.083187997341156,0,0.0850519984960556,0,0.00125600001774728,0.00438799988478422,0,0,0,0.130188003182411,0,0,0,0,0.0727720037102699,0,0
"CRS3035RES50000mN4600000E4600000",0,0.00121999997645617,0.000387999985832721,0,0,8.80000006873161e-05,0,0,0,0,0.000119999996968545,0.000788000004831702,0,0,0,0,0,0.0022960000205785,0,0.00147200003266335,0.00943200010806322,0,0.0374480001628399,0.440135985612869,0.0911760032176971,0,0,0,0.126791998744011,0,0,0,0,0,0.00036000000545755,0.216931998729706,0,0,0,0.00519599998369813,0.0661559998989105,0,0
"CRS3035RES50000mN4600000E4650000",0,0.000207999997655861,0,0,0,9.99999974737875e-05,0.000352000002749264,0.000216000000364147,0,0,0,0.000631999981123954,0,0,0,0,0,0.000704000005498528,0,0.000691999972332269,0.00537999998778105,0,0.0398560017347336,0.436203986406326,0.114312000572681,0,0.000612000003457069,0,0.149235993623734,0,0,0,0,0,0,0.209399998188019,0,0,0,0.00335999997332692,0.0387360006570816,0,0
"CRS3035RES50000mN4600000E4700000",0,0.00274799996986985,0.000788000004831702,0,0,0.000464000011561438,9.99999974737875e-05,0,0,0.000368000008165836,0.000167999998666346,0.00127999996766448,0,0,0,0,0,0.000707999977748841,0,0.000788000004831702,0.00682799983769655,0,0.0155039997771382,0.585591971874237,0.0476160012185574,0,0,0,0.147275999188423,0,0,0,0,0,0.000307999987853691,0.148460000753403,0,0,0,0.0102279996499419,0.0307759996503592,0,0
"CRS3035RES50000mN4600000E4750000",0,0.000855999998748302,0.000203999996301718,0,0,0.000207999997655861,0,0,0,0,0,0.00291200005449355,0,0,0,0,0,0.000268000003416091,0,0.000151999993249774,0.00249999994412065,0,0.00152000004891306,0.68912798166275,0.0259279999881983,0,0,0,0.147404000163078,0,0,0,0,0,0.000284000008832663,0.0546680018305779,0,0,0,0.0112880002707243,0.0626799985766411,0,0
"CRS3035RES50000mN4600000E4800000",0,0.00199600006453693,0.000172000000020489,0,0,0,0,0,0,0,0.000207999997655861,0.047835998237133,0,0,0,0,0,0.000820000015664846,0,0.000228000004426576,0.0124439997598529,0,0.000260000000707805,0.741396009922028,0.0262880008667707,0,0,0,0.0735799968242645,0,0,0,0.000132000001030974,0,0,0.0377160012722015,0,0,0,0.000339999998686835,0.0565840005874634,0,0
"CRS3035RES50000mN4600000E4850000",0,0.00213078781962395,0,0,0,0,0,0,0,0,0.000351579976268113,0.0926253423094749,0,0,0,0,0,0.000490081205498427,0,0.00229059671983123,0.0130084594711661,0,0,0.78579193353653,0.0262406505644321,0,0,0,0.0312373489141464,0,0,0.000415503600379452,0,0,0.00152351323049515,0.00806503184139729,0,0,0,0,0.0348064191639423,0.00102277810219675,0
"CRS3035RES50000mN4600000E4950000",0,0.0203239507973194,0.00283303577452898,0,0.00147810555063188,0.000541972054634243,0.00101003877352923,0,0,0,0.00575229432433844,0.170327037572861,0,0,0,0,0,0.0015766458818689,0,0,0.0668103694915771,0,0.00434809364378452,0.44590750336647,0.191661015152931,0,0,0,0.0815791115164757,0,0,0,0,0,0.000751370331272483,0.00283303577452898,0,0,0,0.00162591610569507,0.000640512385871261,0,0
"CRS3035RES50000mN1850000E3050000",0.00127600005362183,0.00230400008149445,0.000984000042080879,0.000155999994603917,0,0,0.000791999977082014,0.00014000000373926,0.000272000004770234,0,0,0.271351993083954,0.00658399984240532,0,0.00120800000149757,0.00031999999191612,0.0451200008392334,0.0213200002908707,0,0.0220359992235899,0.0447719991207123,0.0815799981355667,0.0912439972162247,0.0550119988620281,0.0229160003364086,0.0968480035662651,0,0.125400006771088,0.0993359982967377,0,0.00581200001761317,0.0014400000218302,0,0,0.00124400004278868,0,0,0,0,0,0.000531999976374209,0,0
"CRS3035RES50000mN4600000E5000000",0,0.0137040000408888,0.00190399994608015,0,0,0.000211999999010004,0.000260000000707805,0.000108000000182074,0,0,0.000112000001536217,0.151692003011703,0,0,0,0,0,0,0,0,0.0571240000426769,0,0.00436800019815564,0.381556004285812,0.274491995573044,0,0,0,0.0902040004730225,0,0,0,0,0,0.00052000000141561,0.0193160008639097,0,0,0,0.00205600005574524,0.00237199990078807,0,0
"CRS3035RES50000mN4600000E5050000",0,0.00767999980598688,0.00158399995416403,0,0,0,0.000452000007499009,0.000615999975707382,0,0,0.000272000004770234,0.136644005775452,0,0,0,0,0,0.000148000006447546,0,0,0.0428639985620975,0,0.00571999978274107,0.317824006080627,0.365224003791809,0,0,0,0.0634320005774498,0,0,0,0,0,0.00269200000911951,0.0397239997982979,0,0,0,8.80000006873161e-05,0.0150359999388456,0,0
"CRS3035RES50000mN4600000E5100000",0,0.00191600003745407,0.000875999976415187,0,0,0,0,0,0,0,0,0.067720003426075,0,0,0,0,0,0,0,0,0.0384999997913837,0,0.00981200020760298,0.349155992269516,0.365483999252319,0,0,0,0.0762680023908615,0,0,0,0,0,0.00477600004523993,0.0479080006480217,0,0,0,0,0.0375839993357658,0,0
"CRS3035RES50000mN4600000E5150000",0,0.00444799987599254,0.000956000003498048,0,0,0.000216000000364147,0.000444000004790723,0.000176000001374632,0,0,0,0.0536319985985756,0,0,0,0,0,0.000348000001395121,0,0,0.0573600009083748,0,0.00320799998007715,0.366575986146927,0.34595599770546,0,0,0,0.0857840031385422,0,0,0,0,0,0.000763999996706843,0.0200440008193254,0,0,0,0,0.0600880011916161,0,0
"CRS3035RES50000mN4600000E5200000",0,0.00117199996020645,0.00022000000171829,0,0,0,0,0,0,0,0,0.0138879995793104,0,0,0,0,0,0,0,0,0.0185720007866621,0,0.00135200005024672,0.552468001842499,0.245851993560791,0,0,0,0.0844720005989075,0,0,0,0,0,9.60000033956021e-05,0.0232319999486208,0,0,0,0,0.0586760006844997,0,0
"CRS3035RES50000mN4600000E5250000",0,0.00287199998274446,0.000636000011581928,0,0,0.000176000001374632,0.000203999996301718,0,0,0,0.000203999996301718,0.0224360004067421,0,0,0,0,0,0,0,0,0.034451998770237,0,0.00504000019282103,0.470335990190506,0.233244001865387,0,0,0,0.0474079996347427,0,0,0,0,0,0.000112000001536217,0.00224000005982816,0,0,0,0,0.180639997124672,0,0
"CRS3035RES50000mN4600000E5300000",0,0.0038180947303772,0.00135337375104427,0,0,0,0.000153118933667429,0,0,0,0,0.00980949029326439,0,0,0,0,0,0,0,0,0.01071338634938,0,0.0041144541464746,0.615903615951538,0.137332871556282,0,0,0,0.093111127614975,0,0,0,0,0,0,0.0158700365573168,0,0,0,0.00459850719198585,0.103221915662289,0,0
"CRS3035RES50000mN4600000E5350000",0,0,0,0,0,0,0,0,0,0,0,0.00257927482016385,0,0,0,0,0,0,0,0,0,0,0.000708036182913929,0.763629674911499,0.0329869017004967,0,0,0,0.112337529659271,0,0,0,0,0,0,0.0462752245366573,0,0,0,0.000455166125902906,0.0410281680524349,0,0
"CRS3035RES50000mN4650000E4350000",0,0,0,0,0,0,0,0,0,0,0,0,0,0,0,0,0,0.00583819858729839,0,0.00366972479969263,0.0606338605284691,0,0.034445371478796,0.00675562955439091,0.0202668886631727,0,0.0738115087151527,0,0,0,0.0183486230671406,0.738031685352325,0,0,0,0.0138448709622025,0,0,0.018849041312933,0,0.00550458719953895,0,0
"CRS3035RES50000mN1850000E3100000",0.00457199988886714,0.00972799956798553,0.00389200006611645,0.000387999985832721,0,0.0028800000436604,0.00133200001437217,0.000315999990561977,0.000888000009581447,0.000108000000182074,0.00139999995008111,0.441704005002975,0.0224920008331537,0,0.103128001093864,0.00139200000558048,0.0959800034761429,0.00855999998748302,0.000112000001536217,0.0486720018088818,0.023827999830246,0.0179360006004572,0.0179919991642237,0.00756399985402822,0.0067879999987781,0.0639040023088455,0,0.0503519997000694,0.0377999991178513,0,0.000980000011622906,0.000655999989248812,0,0,0.017400000244379,0,0,0,0,0,0.0072559998370707,0,0
"CRS3035RES50000mN4650000E4400000",0,0.00110124400816858,0,0,0,0,0.000236895517446101,0,0,0,0,0.00676752859726548,0,0,0,0,0,0,0,0.0174918528646231,0.0435183458030224,0,0.107307262718678,0.270432233810425,0.0474751405417919,0,0.102127574384212,0,0.00192077446263283,0,0.0306427553296089,0.320999830961227,0,0,0,0.018164124339819,0,0,0.00117167236749083,0.000243298098212108,0.0303994566202164,0,0
"CRS3035RES50000mN4650000E4450000",0,0.000141426717163995,0,0,0,0,0,0,0,0,0,0.000242445792537183,0,0,0,0,0,0,0,0,0.00106676144059747,0,0.0799465030431747,0.0780150145292282,0.0154599603265524,0,0.151896327733994,0,0.00278004514984787,0,0.104211285710335,0.424954950809479,0,0.00261437380686402,0,0.0717558711767197,0,0,0,0.00082027493044734,0.0660947635769844,0,0
"CRS3035RES50000mN4650000E4500000",0,0.000315999990561977,0,0,0,0,0,0,0,0,0.00011600000289036,0,0,0,0,0,0,0.000188000005437061,0,0,4.4000000343658e-05,0,0.166408002376556,0.00730400020256639,0.00225999997928739,0.0227480009198189,0.428943991661072,0,0.000236000007134862,0,0.0489600002765656,0.227520003914833,0,0.00208400003612041,0.000315999990561977,0.052352000027895,0,0,0,0,0.0402039997279644,0,0
"CRS3035RES50000mN4650000E4550000",0,0.00134399998933077,0,0,0,0,0,0,0.000184000004082918,0,0.00044000000343658,0,0,0,0,0,0,0.000103999998827931,0,0.000500000023748726,0.000715999980457127,0,0.221499994397163,0.243992000818253,0.0376200005412102,0.0108839999884367,0.281011998653412,0,0.012292000465095,0.000144000005093403,0.0172119997441769,0.0157319996505976,0,0,0,0.0857039988040924,0,0,0,0,0.0706200003623962,0,0
"CRS3035RES50000mN4650000E4600000",0,0.000403999991249293,0,0,0,0,0,0,0,0,0,0.000284000008832663,0,0,0,0,0,1.59999999596039e-05,0,0.000568000017665327,0.00135999999474734,0,0.0319879986345768,0.552255988121033,0.0665759965777397,0,0,0,0.128772005438805,0,0,0,0,0,0,0.100212000310421,0,0,0,0.000292000011540949,0.11727199703455,0,0
"CRS3035RES50000mN4650000E4650000",0,0.00168800004757941,0.000523999973665923,0,0,0.000655999989248812,0.00031999999191612,0,0,0.000119999996968545,0,0.0014519999967888,0,0,0,0,0,0.00119600002653897,0,0.000704000005498528,0.00299599999561906,0,0.0100400000810623,0.51502400636673,0.0487839989364147,0,0,0,0.175684005022049,0,0,0,0,0,0,0.160715997219086,0,0,0,0.0109360003843904,0.0691599994897842,0,0
"CRS3035RES50000mN4650000E4700000",0,0.000828000018373132,0.00014000000373926,0,0,0,0.000780000002123415,0.000344000000040978,0,0,0,0.000188000005437061,0,0,0,0,0,0.000148000006447546,0,0.000867999973706901,0.0048119998537004,0,0.00137600000016391,0.577552020549774,0.0356360003352165,0,0,0,0.147835999727249,0,0,0,0,0,0.000432000000728294,0.151800006628036,0,0,0,0.0124880000948906,0.0647720023989677,0,0
"CRS3035RES50000mN4650000E4750000",0,0.00266400002874434,0.000251999997999519,0,0,0,0.000755999993998557,0,0,0,0.000184000004082918,0.00210799998603761,0,0,0,0,0,0.00111199996899813,0,0.000644000014290214,0.00353199988603592,0,0.0018880000570789,0.694711983203888,0.0334799997508526,0,0,0,0.0946160033345222,0,0,0,0,0,0.00258000008761883,0.0754640027880669,0,0,0,0.00436000013723969,0.0816479995846748,0,0
"CRS3035RES50000mN4650000E4800000",0.000269754469627514,0.00970713514834642,0.00183594098780304,0,0,0,0.00428788829594851,0.00116759398952127,0,0.0012682486558333,0.000946153770200908,0.0645840540528297,0,0,0,0,0,0.00181983620859683,0,0.000849525327794254,0.0107982316985726,0,0.00334173464216292,0.754998505115509,0.0238793101161718,0,0,0,0.0738281756639481,0,0,0,0,0,0.000273780664429069,0.0176024865359068,0,0,0,0.00339004886336625,0.0251515861600637,0,0
"CRS3035RES50000mN4650000E4850000",0,0.0311403162777424,0.00807537045329809,0,0,0.00432797614485025,0,0,0,0.00453909672796726,0.00741561781615019,0.0255983956158161,0,0,0,0,0,0.00258622970432043,0,0.00184730684850365,0.0121922250837088,0,0.00902541354298592,0.697569489479065,0.0299791526049376,0,0,0,0.0403768494725227,0.00102921389043331,0,0,0,0,0,0.00319320196285844,0.00166257622186095,0,0,0.00282374047674239,0.023408018052578,0.000950043555349112,0.0922597870230675
"CRS3035RES50000mN1850000E3150000",0.00394400022923946,0.00391600001603365,0.00780799984931946,0.000464000011561438,0,0,0.000544000009540468,0.000888000009581447,0.00213599996641278,0,0.000251999997999519,0.453299999237061,0.0568839982151985,0,0.249791994690895,0.000636000011581928,0.0204039998352528,0.00894000008702278,0,0.0598880015313625,0.0201280005276203,0.00827999971807003,0.034375999122858,0.00219199992716312,0.00210799998603761,0.0107519999146461,0,0.0193080008029938,0.0307119991630316,0,0,0,0,0,0.000391999987186864,0,0,0,0,0,0.00195599999278784,0,0
"CRS3035RES50000mN4650000E4950000",0,0.0118500608950853,0,0,0,0,0,0,0,0,0,0.144619107246399,0,0,0,0,0,0,0,0,0.0889963731169701,0,0.0403869412839413,0.284643292427063,0.40991535782814,0,0,0,0.0195888746529818,0,0,0,0,0,0,0,0,0,0,0,0,0,0
"CRS3035RES50000mN4650000E5000000",0,0.0157921779900789,0.00344327162019908,0,0.000716597132850438,0,0.000802228227257729,0.000860817905049771,0.00118080782704055,0.000450690014986321,0.000220838104723953,0.0797045305371284,0,0,0,0,0,0.000599417719058692,0,0,0.0571429841220379,0,0.0116863921284676,0.317150563001633,0.363756418228149,0,0,0,0.113037563860416,0,0,0,0,0,0.000829269585665315,0.0228454768657684,0.000536321080289781,0,0,0.00211824313737452,0.00712540885433555,0,0
"CRS3035RES50000mN4650000E5050000",0,0.00218000006861985,0,0,0,0,0.000288000010186806,0,0,0,0,0.0667039975523949,0,0,0,0.000368000008165836,0,0,0,0,0.037491999566555,0,0.0139960004016757,0.350255995988846,0.296256005764008,0,0,0,0.118936002254486,0,0,0,0,0,0.00291600008495152,0.0870200023055077,0,0,0,0.000311999989207834,0.0232759993523359,0,0
"CRS3035RES50000mN4650000E5100000",0,0.00122400000691414,0.000211999999010004,0,0,0.000108000000182074,0,0.000728000013623387,0,0,0,0.0447160005569458,0,0,0,0,0,0,0,0,0.0205879993736744,0,0.00765200005844235,0.341080009937286,0.206719994544983,0,0,0,0.114036001265049,0,0,0,0,0,0.00208800006657839,0.0565119981765747,0,0,0,0,0.204336002469063,0,0
"CRS3035RES50000mN4650000E5150000",0,0.00900399964302778,0.00224799988791347,0,0,0.00095999997574836,0.00503200013190508,0.00217600003816187,0,0,0.000923999992664903,0.00807600002735853,0,0,0,0,0,0,0,0,0.0177720002830029,0,0.00044000000343658,0.413787990808487,0.21815200150013,0,0,0,0.103799998760223,0,0,0,0,0,0,0.0123920002952218,0,0,0,0.001475999946706,0.203759998083115,0,0
"CRS3035RES50000mN4650000E5200000",0,0.00218799989670515,0.000127999999676831,0,0,0,0.00126399996224791,0.000119999996968545,0,0,0.00117599999066442,0.00654800003394485,0,0,0,0,0,0,0,0,0.0165519993752241,0,0.000684000027831644,0.590964019298553,0.162799999117851,0,0,0,0.0870120003819466,0,0,0,0,0,0,0.00887199956923723,0,0,0,0.00205600005574524,0.119635999202728,0,0
"CRS3035RES50000mN4650000E5250000",0,0.00198707589879632,0.000669035653118044,0,0,0,0,0,0,0,0,0.0012739720987156,0,0,0,0,0,0,0,0,0.00340527133084834,0,0,0.749067544937134,0.0608421824872494,0,0,0,0.0863015949726105,0,0,0,0,0,0.000296458922093734,0.015219559893012,0,0,0,0.000216334883589298,0.080720953643322,0,0
"CRS3035RES50000mN4650000E5300000",0,0,0,0,0,0,0,0,0,0,0,0,0,0,0,0,0,0,0,0,0,0,0,0.75448477268219,0.0298737064003944,0,0,0,0.138848230242729,0,0,0,0,0,0,0.0460015386343002,0,0,0,0.000620301230810583,0.0301714520901442,0,0
"CRS3035RES50000mN4700000E4400000",0,0.00507964938879013,0,0,0,0.00076875917147845,0.000681179051753134,0,0,0.0007006413070485,0,0.00608195550739765,0,0,0,0,0,0,0,0.0149275520816445,0.0889230594038963,0,0.164057105779648,0.0278894156217575,0.0260696951299906,0,0.125794306397438,0,0,0,0.0804083198308945,0.43096250295639,0,0,0,0.0165915749967098,0,0,0.00334750837646425,0,0.00771678518503904,0,0
"CRS3035RES50000mN1850000E3200000",0.00366399995982647,0.00201199995353818,0.00271199992857873,0.00049200002104044,0,0,0.000132000001030974,0.00243199989199638,3.99999998990097e-06,0,0,0.366200000047684,0.0420119985938072,0,0.230995997786522,0.00347999995574355,0.0059320000000298,0.00227999989874661,0,0.0468599982559681,0.0327919982373714,0.00982000026851892,0.0916799977421761,0.0202799998223782,0.0313559994101524,0.03957200050354,0,0.0224239993840456,0.0409319996833801,0,0,0,0,0,0.00047999998787418,0,0,0,0,0,0.00145600002724677,0,0
"CRS3035RES50000mN4700000E4450000",0,0.000796184700448066,0.000108025058580097,0,0,0,0,0.000100023207778577,0,0,0,0.000960222794674337,0,0,0,0,0,0,0,0.00106024602428079,0.0109385373070836,0,0.125581130385399,0.159949108958244,0.0195885449647903,0,0.0814228877425194,0,0.003436797298491,0,0.134219139814377,0.390006482601166,0,0.00119227659888566,0,0.0409935116767883,0,0,0,0.00277664419263601,0.026870233938098,0,0
"CRS3035RES50000mN4700000E4500000",0,0.000344000000040978,0,0,0,0,0,0,0,0,0.00022000000171829,0.000760000024456531,0,0,0,0,0,0,0,0.000723999983165413,0.00928399991244078,0,0.210792005062103,0.0932679995894432,0.0180239994078875,0.0102519998326898,0.328312009572983,0,0.004935999866575,0,0.0162439998239279,0.157555997371674,0,0.000415999995311722,0,0.0400520004332066,0,0,0,0,0.108815997838974,0,0
"CRS3035RES50000mN4700000E4550000",0,0.000771999999415129,0.00011600000289036,0,0,0,0,0,0,0,0,0,0,0,0,0,0,0.000780000002123415,0,0.000444000004790723,0.00164399994537234,0,0.342251986265182,0.1598120033741,0.00834000017493963,0.00650400016456842,0.293119996786118,0,0.00946000032126904,0,0.0069599999114871,0.00430400017648935,0,0,0.00014000000373926,0.0586120001971722,0,0,0,0,0.10673999786377,0,0
"CRS3035RES50000mN4700000E4600000",0,0.000364000006811693,0,0,0,0,0,0,0,0,0,0.000331999995978549,0,0,0,0,0,0.000228000004426576,0,0.000331999995978549,0.00118799996562302,0,0.116980001330376,0.54697597026825,0.0710880011320114,0,0.0366879999637604,0,0.0640679970383644,0,0,0.000300000014249235,0,0,0,0.0714199990034103,0,0,0,0,0.0900359973311424,0,0
"CRS3035RES50000mN4700000E4650000",0,0.00119199999608099,0.000368000008165836,0,0,0,0.000452000007499009,0,0,0,3.60000012733508e-05,0.00124000001233071,0,0,0,0,0,0.000132000001030974,0,0.0020240000449121,0.00654400000348687,0,0.0139960004016757,0.509707987308502,0.0204559992998838,0,0.00485600018873811,0,0.199312001466751,0,0,0,0,0,0.000303999986499548,0.145523995161057,0,0,0,0.0151720000430942,0.078684002161026,0,0
"CRS3035RES50000mN4700000E4700000",0,0.00283199991099536,0.000600000028498471,0,0,0.000188000005437061,0,0.000311999989207834,0,0.000236000007134862,0.000395999988541007,0,0,0,0,0,0,0.000984000042080879,0,0.000199999994947575,0.00348399998620152,0,0.00125199998728931,0.536423981189728,0.0221319999545813,0,0.00399200012907386,0,0.141699999570847,0.000276000006124377,0,0,0,0,0.0007999999797903,0.211012005805969,0,0,0,0.00336400000378489,0.0698160007596016,0,0
"CRS3035RES50000mN4700000E4750000",0,0.000531999976374209,0.000119999996968545,0,0,0.000464000011561438,0,0,0,0,0,0.000996000017039478,0,0,0,0,0,0.00565999979153275,0,0.000192000006791204,0.00432399986311793,0,0.000859999970998615,0.657931983470917,0.0255440007895231,0,0,0,0.0843639969825745,0,0,0,0,0,0.00106799998320639,0.15998800098896,0,0,0,0.00324400002136827,0.054712001234293,0,0
"CRS3035RES50000mN4700000E4800000",0,0.00221600010991096,0,0,0,0.00107999995816499,0,0,0,0,0,0.0238400008529425,0,0,0,0,0,0.000427999999374151,0,0.00031999999191612,0.0046399999409914,0,0.0359439998865128,0.633800029754639,0.0881960019469261,0,0,0,0.121235996484756,0,0,0,0.000144000005093403,0,0.000620000006165355,0.0621920004487038,0,0,0,0.00334400008432567,0.0165919996798038,0,0.00540800020098686
"CRS3035RES50000mN4700000E4850000",0.00105037936009467,0.0282435324043036,0.00850677583366632,0,0,0,0.000985541031695902,0.00066134991357103,0,0.00540750846266747,0.00381248793564737,0.0393308699131012,0,0,0,0,0,0.00114115281030536,0,0.00291772023774683,0.0109446933493018,0,0.00425338791683316,0.681696176528931,0.0472151972353458,0.0063800816424191,0,0,0.071373924612999,0.0055242171511054,0,0,0,0,0.00106334697920829,0.0193477272987366,0,0,0,0.000181547045940533,0.0248071067035198,0.00136160280089825,0.0337936840951443
"CRS3035RES50000mN1850000E3250000",0.00329999998211861,0.00345199997536838,0.00659599993377924,0.000228000004426576,0,0,0.0015760000096634,0,0,0,0.000427999999374151,0.466892004013062,0.196531996130943,0,0.128092005848885,0.00474399980157614,0.00874799955636263,0.000896000012289733,0.000364000006811693,0.0762720033526421,0.0223520006984472,0.00369199994020164,0.00737599981948733,0.0279879998415709,0.00987999979406595,0.00803999975323677,0,0.011392000131309,0.0108080003410578,0,0,0,0,0,0.000236000007134862,0,0,0,0,0,0.00011600000289036,0,0
"CRS3035RES50000mN4700000E5000000",0,0.0450347848236561,0.0117346663028002,0,0.00200174376368523,0.00362093211151659,0.00336292944848537,5.33798338437919e-05,0,0.0033896192908287,0.00315830670297146,0.132141783833504,0,0,0,0,0,0.0191722568124533,0,0,0.0654525756835938,0,0.0965107381343842,0.250422596931458,0.222015619277954,0,0,0,0.0827654302120209,0,0,0,0,0,0,0.0314496196806431,0.0165922306478024,0,0,0.00359424203634262,0.0075265564955771,0,0
"CRS3035RES50000mN4700000E5050000",0,0.0308306589722633,0.0042409161105752,0,0,0,0.000736158981453627,0.000200043214135803,0,0.000928200490307063,0.0011962583521381,0.119881898164749,0,0,0,0,0,0,0,0,0.0404407344758511,0,0.0194321982562542,0.38277068734169,0.1833555996418,0,0,0,0.124206826090813,0,0,0,0,0,0.000668144319206476,0.077792800962925,0,0,0,0.00532515021041036,0.007993726991117,0,0
"CRS3035RES50000mN4700000E5100000",0,0.000820000015664846,0.000151999993249774,0,0,0,0.000348000001395121,0,0,0,0,0.0115240002050996,0,0,0,0,0,0,0,0,0.00977199990302324,0,0.00171600002795458,0.520287990570068,0.13162399828434,0,0,0,0.148827999830246,0,0,0,0,0,0.000712000008206815,0.11481200158596,0,0,0,0.00258000008761883,0.0568239986896515,0,0
"CRS3035RES50000mN4700000E5150000",0,0.00273600011132658,7.99999997980194e-06,0,0,0,0.000539999979082495,0,0,0,0.000155999994603917,0.00297600007615983,0,0,0,0,0,0,0,0,0.00999999977648258,0,0.000432000000728294,0.466648012399673,0.231803998351097,0,0,0,0.21467599272728,0,0,0,0,0,0.00028000000747852,0.0126959998160601,0,0,0,0.00174400000832975,0.0553039982914925,0,0
"CRS3035RES50000mN4700000E5200000",0,0,0,0,0,0,0.000103999998827931,0,0,0,0,0.00125600001774728,0,0,0,0,0,0,0,0,0.00505199981853366,0,0,0.607143998146057,0.122847996652126,0,0,0,0.177627995610237,0,0,0,0,0,0.000224000003072433,0.0337040014564991,0,0,0,0.00095999997574836,0.0510799996554852,0,0
"CRS3035RES50000mN4700000E5250000",0,0,0.000152599372086115,0,0,0,0,0,0,0,0,0.000812046637292951,0,0,0,0,0,0,0,0,0.0030683372169733,0,0,0.665949106216431,0.0281654838472605,0,0,0,0.1475690305233,0,0,0,0,0,0,0.0257892925292253,0,0,0,0,0.128494113683701,0,0
"CRS3035RES50000mN4700000E5300000",0,0,0,0,0,0,0,0,0,0,0,0,0,0,0,0,0,0,0,0,0,0,0,0.688254415988922,0.00147049815859646,0,0,0,0.220390900969505,0,0,0,0,0,0,0.0586361140012741,0,0,0,0,0.0312480852007866,0,0
"CRS3035RES50000mN1850000E3300000",0.00231599994003773,0.00349600007757545,0.00139200000558048,0,0,0,9.99999974737875e-05,0,0,0,0,0.279056012630463,0.0370239987969398,0,0.225759997963905,0.0260600000619888,0.00680800015106797,0.000228000004426576,0,0.0806239992380142,0.0422360002994537,0.000199999994947575,0.00409199995920062,0.161075994372368,0.0119359996169806,0.0507399998605251,0,0.025900000706315,0.0394000001251698,0,0.000167999998666346,0.00121999997645617,0,0,0,0,0,0,0,0,0.000167999998666346,0,0
"CRS3035RES50000mN4750000E4400000",0,0.00849707890301943,0.000445411395048723,0,0,0.000582461070735008,0.00123344699386507,0,0,0,0,0.00829150434583426,0,0,0,0,0,0.00109639728907496,0,0.026964521035552,0.120449520647526,0,0.144107714295387,0.00635567819699645,0.0328405238687992,0,0.196888968348503,0,0,0,0.0877974405884743,0.300087362527847,0,0,0,0.032566424459219,0,0,0.0243948400020599,0,0.00740068173035979,0,0
"CRS3035RES50000mN4750000E4450000",0,0.00442764535546303,0.000503353367093951,0,0,0,0.000214391242479905,0,0,0,0,0.00895782560110092,0,0,0,0,0,0,0,0.00854302477091551,0.0489184893667698,0,0.15949310362339,0.183104112744331,0.0293110124766827,0,0.104911886155605,0,0.00774604873731732,0,0.06739342212677,0.292974948883057,0,0.000764351396355778,0,0.0512814521789551,0,0,0.00293622794561088,0.00027031940408051,0.0282483771443367,0,0
"CRS3035RES50000mN4750000E4500000",0,0.000208152370760217,0,0,0,0,0,0,0,0,0.000100073251815047,0,0,0,0,0,0,0,0,0.000220161164179444,0.00571218132972717,0,0.164636507630348,0.015647454187274,0.0054760086350143,0.0330682061612606,0.314246028661728,0,0.000168123064213432,0,0.0601320154964924,0.233963266015053,0,0.0231609530746937,0,0.0252584889531136,0,0,0,0,0.118002377450466,0,0
"CRS3035RES50000mN4750000E4550000",0,0.00085200002649799,0,0,0,0.000180000002728775,0,0,0,0,0,0,0,0,0,0,0,0,0,0.000184000004082918,0,0,0.180739998817444,0.000224000003072433,0.0006520000169985,0.0568160004913807,0.530651986598969,0,0.000132000001030974,0,0.0750920027494431,0.0603119991719723,0,0.000755999993998557,0,0.0566640011966228,0,0,0,0.00015999999595806,0.0365840010344982,0,0
"CRS3035RES50000mN1850000E3350000",0.00166399998124689,0.00485600018873811,0.00353999994695187,0.000555999984499067,0,0,0.00178000004962087,0.000167999998666346,0.000172000000020489,0,0,0.0221880003809929,0.000415999995311722,0,0.105283997952938,0.0645679980516434,0.0112439999356866,0.002608000067994,0,0.0287239998579025,0.0246639996767044,0,0.000831999990623444,0.197999998927116,0.000684000027831644,0.10622800141573,0,0.364668011665344,0.0492400005459785,0,0.000167999998666346,0.00283199991099536,0.000415999995311722,0,0,0,0,0,0,0,0.0044999998062849,0,0
"CRS3035RES50000mN4750000E4600000",0,0.000755999993998557,0,0,0,0,0,0.00115200004074723,0,0,0,0,0,0,0,0,0,0,0,0,0.000815999985206872,0,0.322483986616135,0.231404006481171,0.0151559999212623,0.00380400009453297,0.298424005508423,0,0.00808400008827448,0,2.40000008489005e-05,0.0325439982116222,0,0,0,0.0401239991188049,0,0,0,0.000872000004164875,0.0443559996783733,0,0
"CRS3035RES50000mN4750000E4650000",0,0.000967999978456646,0.000844000023789704,0,0,0,0,0.000195999993593432,0,0,0,0,0,0,0,0,0,0.000415999995311722,0,0,0.000555999984499067,0,0.0164720006287098,0.508400022983551,0.0162080004811287,0,0.00487999990582466,0,0.108960002660751,0,0,0.000268000003416091,0,0,0.000508000026457012,0.119744002819061,0,0,0,0.0037360000424087,0.217843994498253,0,0
"CRS3035RES50000mN4750000E4700000",0,2.40000008489005e-05,0.000468000012915581,0,0,0,0.000127999999676831,0,0,0,0,0.000123999998322688,0,0,0,0,0,0.000560000014957041,0,2.80000003840541e-05,0,0,0.00235199998132885,0.608304023742676,0.00191600003745407,0,0.00264000007882714,0,0.168960005044937,0,0,0,0,0,0.00104000000283122,0.102296002209187,0,0,0,0.00304000009782612,0.108120001852512,0,0
"CRS3035RES50000mN4750000E4750000",0,0.000563999987207353,0,0,0,0.000831999990623444,0.000144000005093403,0,0,0,0.000119999996968545,0.000119999996968545,0,0,0,0,0,0.0017239999724552,0,0.00015999999595806,0,0,0.000407999992603436,0.642332017421722,0.0134039996191859,0,0,0,0.192320004105568,0,0,0,0,0,0.000423999998020008,0.0986000001430511,0,0,0,0.00339199998416007,0.0454559996724129,0,0
"CRS3035RES50000mN4750000E4800000",0,0.00391199998557568,0.0006520000169985,0,0,0.00063999998383224,0,0,0,0.00014000000373926,0.000132000001030974,0.0234880000352859,0,0,0,0,0,0.00180399999953806,0,0.000123999998322688,0.00136400002520531,0,0.00248800008557737,0.659232020378113,0.0826520025730133,0,0,0,0.140244007110596,0,0,0,0,0,0.000167999998666346,0.0280719995498657,0,0,0,0.00746400002390146,0.0474239997565746,0,0
"CRS3035RES50000mN4750000E4850000",0.00115991092752665,0.0261188969016075,0.00937333423644304,0.000517257605679333,0,0.00210560415871441,0.000689676788169891,0.000825522234663367,0.000261241220869124,0.00160924589727074,0.00240341923199594,0.0671337693929672,0,0,0,0,0,0.00452992273494601,0,0.00166671886108816,0.0041746343486011,0,0.0299016684293747,0.556887865066528,0.115442492067814,0.000820297398604453,0.00070012646028772,0,0.0668672993779182,0.00205335579812527,0,0.000867320806719363,0,0,0.00487476075068116,0.0157580692321062,0.000919569050893188,0,0,0.00802532956004143,0.0423942245543003,0.00770139088854194,0.0242170598357916
"CRS3035RES50000mN4750000E4900000",0,0.00694520585238934,0,0,0,0,0,0,0,0,0.000913842872250825,0.010052272118628,0,0,0,0,0,0,0,0.00157180975656956,0,0,0.0268304273486137,0.690390050411224,0.162773698568344,0.00438644597306848,0.00157180975656956,0,0.0636034682393074,0.00248565268702805,0,0.00131593376863748,0,0,0,0.00632379297167063,0,0,0,0,0,0.00862667709589005,0.0122089413926005
"CRS3035RES50000mN4750000E4950000",0,0.0349071845412254,0,0,0.0282485876232386,0,0.0143260695040226,0,0,0,0,0.013922518119216,0,0,0,0,0,0,0,0,0,0,0.0379338189959526,0.36218723654747,0.251614212989807,0.0230024214833975,0.0611380152404308,0,0.172719940543175,0,0,0,0,0,0,0,0,0,0,0,0,0,0
"CRS3035RES50000mN4750000E5000000",0,0.0296428669244051,0.00140016025397927,0,0,0,0.00275426264852285,0,0,0,0,0.00852071214467287,0,0,0,0,0,0,0,0,0.0260042920708656,0,0.0655680298805237,0.373115092515945,0.298722356557846,0,0,0,0.123849704861641,0,0,0,0,0,0.000469790626084432,0.0476607196033001,0.0036109397187829,0,0,0.0119474204257131,0.00673366570845246,0,0
"CRS3035RES50000mN4750000E5050000",0,0.00415599998086691,0.000112000001536217,0,0,0,0.000192000006791204,0,0,0,0.000260000000707805,0.00645599979907274,0,0,0,0,0,0,0,0,0.0140840001404285,0,0.00422800006344914,0.51257199048996,0.103491999208927,0,0,0,0.149079993367195,0,0,0,0,0,0.00165600003674626,0.179284006357193,0,0,0,0.00936799962073565,0.0150600001215935,0,0
"CRS3035RES50000mN1850000E3400000",0.0483338199555874,0.0661857575178146,0.0586138628423214,0.00372826191596687,0.00629068305715919,0.00312105310149491,0.00381327117793262,0.00113548047374934,0.00318177393637598,0.00197342853061855,0.00480909366160631,0.000485767028294504,0.0305972509086132,0.0836126506328583,0.00907777156680822,0.376123338937759,0.0010261827846989,0.0212644524872303,0.000364325271220878,0.107457734644413,0.0236082766205072,0,0,0.0260371118783951,0,0.0208151172846556,0,0.0639512315392494,0.0078694261610508,0.0031271253246814,0,0.00199164473451674,0,0,0.000370397348888218,0,0.00388006423600018,0,0,0.00151194981299341,0.000449334504082799,0.0151923634111881,0
"CRS3035RES50000mN4750000E5100000",0,0.00194800004828721,0.000268000003416091,0,0,0.000368000008165836,0.000676000025123358,0,0,0,0,0.00209999992512167,0,0,0,0,0,0,0,0,0.00301199988462031,0,0.00047999998787418,0.466228008270264,0.113683998584747,0,0,0,0.157820001244545,0,0,0,0,0,0.0036359999794513,0.197528004646301,0,0,0,0.00271599995903671,0.0495360009372234,0,0
"CRS3035RES50000mN4750000E5150000",0,0,0,0,0,0,0,0,0,0,0,0.00280799996107817,0,0,0,0,0,0,0,0,0.00457599991932511,0,0,0.389968007802963,0.230603992938995,0,0,0,0.299755990505219,0,0,0,0,0,0.000515999970957637,0.0266239996999502,0,0,0,0,0.0451480001211166,0,0
"CRS3035RES50000mN4750000E5200000",0,0.00246567744761705,0.000680186843965203,0,0,0,0,0,0,0,0,0.000832333927974105,0,0,0,0,0,0,0,0,0.00268494826741517,0,0,0.530272781848907,0.0807319134473801,0,0,0,0.219132050871849,0,0,0,0,0,0.0012664005625993,0.0276370663195848,0,0,0,0.000250595156103373,0.134046033024788,0,0
"CRS3035RES50000mN4750000E5250000",0,0,0,0,0,0,0,0,0,0,0,0,0,0,0,0,0,0,0,0,0.00239788764156401,0,0,0.603190004825592,0.00883715879172087,0,0,0,0.229442834854126,0,0,0,0,0,0.000942989543545991,0.0699428841471672,0,0,0,0,0.0852462574839592,0,0
"CRS3035RES50000mN1850000E3650000",0.0196579080075026,0.0838445797562599,0.018842276185751,0.00183221627958119,0.00229322561062872,0.00857004430145025,0.00159580132458359,0.00206863135099411,0,0.00163126352708787,0.0124117881059647,0.0238779149949551,0.0328498631715775,0,0.000673782778903842,0.089329406619072,0.0575197711586952,0.00781351607292891,0.000922018487472087,0.077697791159153,0.030887620523572,0.000922018487472087,0.119034953415394,0.162618055939674,0.0491270385682583,0.00192678230814636,0,0.116942681372166,0.0282043106853962,0.000496471533551812,0,0.0460654646158218,0.000342801766237244,0,0,0,0,0,0,0,0,0,0
"CRS3035RES50000mN4800000E4400000",0,0.00668863905593753,0,0,0.00348972459323704,0,0,0,0,0,0,0,0,0,0,0,0,0,0,0,0.0602946877479553,0,0.0793912336230278,0,0.0193873587995768,0,0.524524986743927,0,0,0,0.00717332307249308,0.279856532812119,0,0,0,0.0159945711493492,0,0,0.00319891422986984,0,0,0,0
"CRS3035RES50000mN4800000E4450000",0,0,0,0,0,0,0,0,0,0,0,0.000341079372446984,0,0,0,0,0,0,0,0,0.0214600432664156,0,0.149476632475853,0.0365849584341049,0.0157287921756506,0,0.158590734004974,0,0,0,0.196623876690865,0.273254901170731,0,0.110308423638344,0,0.0110990582033992,0,0,0.00077162217348814,0.000615061144344509,0.0251448191702366,0,0
"CRS3035RES50000mN4800000E4500000",0,0.00488839251920581,0.00133945187553763,0,0,0.000129493841086514,0.00311594549566507,0.000129493841086514,0,0.000400621560402215,0,0.000776963017415255,0,0,0,0,0,0,0,0.000218520857742988,0.0111647974699736,0,0.138012111186981,0.108171872794628,0.01501723844558,0,0.185912683606148,0,0.00193431426305324,0,0.126135095953941,0.272661417722702,0,0.0831390917301178,0,0.011500671505928,0,0,0,0.00179268035572022,0.0335591398179531,0,0
"CRS3035RES50000mN4800000E4550000",0,0,0,0,0,0,0,0,0,0,0,0,0,0,0,0,0,0,0,0,0,0,0.0616919994354248,0.000923999992664903,0.000783999974373728,0.0219560004770756,0.294059991836548,0,0,0,0.0702399984002113,0.525699973106384,0,0.00128800002858043,0,0.0072719999589026,0,0,0,0,0.0160840004682541,0,0
"CRS3035RES50000mN4800000E4600000",0,0,0,0,0,0,0,0,0,0,0,0,0,0,0,0,0,0.000236000007134862,0,0,0,0,0.454596012830734,0.0609880015254021,0.0116039998829365,0.00483600003644824,0.28617599606514,0,0.00626000016927719,0,0.012368000112474,0.0335559993982315,0,0,3.19999999192078e-05,0.0206719990819693,0,0,0,0.000636000011581928,0.108039997518063,0,0
"CRS3035RES50000mN4800000E4650000",0,0,0,0,0,0,0,0,0,0,0,0,0,0,0,0,0,0,0,0,0,0,0.181687995791435,0.422919988632202,0.011400000192225,0.000103999998827931,0.0996719971299171,0,0.0669720023870468,0,0.000339999998686835,0.00721199996769428,0,0,0.000380000012228265,0.0494199991226196,0,0,0,0.00150000001303852,0.158391997218132,0,0
"CRS3035RES50000mN4800000E4700000",0,0,0,0,0,0,0,0,0,0,0,0,0,0,0,0,0,0,0,0,0,0,0.0549000017344952,0.566904008388519,0.00401599984616041,0,0.0244880001991987,0,0.0485679991543293,0,0,0.00123199995141476,0,0,0.0072240000590682,0.238848000764847,0,0,0,0.00396399991586804,0.049855999648571,0,0
"CRS3035RES50000mN1850000E3700000",0.00884779822081327,0.0165706537663937,0.00195164314936846,1.04645750980126e-05,0.000376724696252495,0,0.00178944226354361,0,0,0.000151736341649666,0.00272078951820731,0.196116596460342,0.0297560188919306,0,0.00492358254268765,0.130488008260727,0.0144725069403648,0.0021400055848062,0.0052950750105083,0.190109923481941,0.0423606000840664,0.000674965092912316,0.0410054363310337,0.0570005401968956,0.0609666146337986,0.017679899930954,0,0.116910226643085,0.0161154456436634,0.000444744422566146,0.00118249689694494,0.0282229576259851,0,0,0.000130807180539705,0,0.0106372404843569,0,0,0,0.000737752532586455,0.000209291494684294,0
"CRS3035RES50000mN4800000E4750000",0,0.000907999987248331,0,0,0,0,0,0,0,0,0.000144000005093403,0.000255999999353662,0,0,0,0,0,0.000323999993270263,0,0,0,0,0.00329199992120266,0.637380003929138,0.0317200012505054,0,0.000108000000182074,0,0.137927994132042,0,0,0.00014000000373926,0,0,0.000364000006811693,0.157923996448517,0,0,0,0.000232000005780719,0.029279999434948,0,0
"CRS3035RES50000mN4800000E4800000",0,0.00105600000824779,0,0,0,0,0,0,0,0.000163999997312203,9.60000033956021e-05,0.00463199988007545,0,0,0,0,0,0.00128399999812245,0,0.000503999995999038,0,0,0.00337999989278615,0.612384021282196,0.104772001504898,0.000151999993249774,0,0,0.156716004014015,0,0,0,0.000268000003416091,0,0.000207999997655861,0.0604359991848469,0,0,0,0.0112760001793504,0.0426720008254051,0,0
"CRS3035RES50000mN4800000E4850000",0,0.00288758869282901,0,0,0,0,0,0,0,0,0,0.0134994769468904,0,0,0,0,0,0.00413085566833615,0,0.000633665244095027,0.0028595149051398,0,0.0119193242862821,0.54036009311676,0.105172395706177,0.000288758863462135,0,0,0.177787229418755,0,0.000352927483618259,0,0,0,0.00143978372216225,0.0716603249311447,0,0,0,0.0034651062451303,0.0626606717705727,0,0.000882318709045649
"CRS3035RES50000mN4800000E4900000",0,0.00646797940135002,0.00160019483882934,0.0011675963178277,0,0,0.000520798319485039,0,0,0.000487198441987857,0.000562798173632473,0.0233141258358955,0,0,0,0,0,0.0131207583472133,0,0.0004073987074662,0.00383038772270083,0,0.00539698265492916,0.602084875106812,0.0838653296232224,0.000474598491564393,0,0,0.0993674844503403,0,0,0,0,0,0.00142379547469318,0.100560277700424,0,0,0,0.0065351789817214,0.0417688675224781,0,0.00704337749630213
"CRS3035RES50000mN4800000E4950000",0,0.0294724497944117,0.00718064326792955,0.000577178259845823,0,0.000668072490952909,0.00244050961919129,0.00256321695633233,0,0,0.000827137380838394,0.0438110120594501,0,0,0,0,0,0.00607627863064408,0,0,0.0401616096496582,0,0.0155974477529526,0.108041413128376,0.535685062408447,0.000322674459312111,0,0,0.104423820972443,0.000222690825466998,0.000495373504236341,0,0,0,0.000263593217823654,0.0620262138545513,0.000904397456906736,0,0,0.0280908569693565,0.00527186458930373,0.000372666283510625,0.00450380844995379
"CRS3035RES50000mN4800000E5000000",0,0.00139148428570479,0,0,0,0,0,0,0,0,0,0.00886620115488768,0,0,0,0,0,0,0,0,0.00983663089573383,0,0.00127519306261092,0.268785029649734,0.361344814300537,0,0,0,0.188467919826508,0,0,0,0,0,0.000733837543521076,0.151551485061646,0,0,0,0.00149574538227171,0.00625165412202477,0,0
"CRS3035RES50000mN4800000E5050000",0,0.00121200003195554,0,0,0,0,0.000103999998827931,0,0,0,0,0.0039079999551177,0,0,0,0,0,0,0,0.000335999997332692,0.00579199986532331,0,0.00178000004962087,0.451476007699966,0.0681919977068901,0,0,0,0.202043995261192,0,0,0,0,0,0.00144400005228817,0.244716003537178,0,0,0,0.000292000011540949,0.0187040008604527,0,0
"CRS3035RES50000mN4800000E5100000",0,0,0,0,0,0,0,0,0,0,0,0.000528000004123896,0,0,0,0,0,0,0,0.00241199997253716,0.00430000014603138,0,0,0.660283982753754,0.0715920031070709,0,0,0,0.163499996066093,0,0,0,0,0,0.000407999992603436,0.0832120031118393,0,0,0,0.000247999996645376,0.0135159995406866,0,0
"CRS3035RES50000mN4800000E5150000",0,0.00110400002449751,0.00023999999393709,0,0,0,0,0,0,0,0,0,0,0,0,0,0,0,0,0.000544000009540468,0.00467999977990985,0,0.000211999999010004,0.596683979034424,0.0741119980812073,0,0,0,0.153323993086815,0,0,0,0,0,0.000568000017665327,0.0818720012903214,0,0,0,0.00166800001170486,0.0849919989705086,0,0
"CRS3035RES50000mN4800000E5200000",0,0,0,0,0,0,0,0,0,0,0,0,0,0,0,0,0,0,0,0.000147565748193301,0.00232563633471727,0,0,0.707955539226532,0.0329779945313931,0,0,0,0.141621813178062,0,0,0,0,0,0.00342942820861936,0.0512584410607815,0,0,0,0,0.0602835640311241,0,0
"CRS3035RES50000mN1850000E3750000",0.0190655663609505,0.060965470969677,0,0,0,0,0,0,0,0,0.016516100615263,0.179293915629387,0.00315911998040974,0,0,0.0383528247475624,0.00321454298682511,0.0789225772023201,0.00160727149341255,0.0732694119215012,0.0780912265181541,0,0.00770381884649396,0.0805298462510109,0.0540375784039497,0,0,0.219309434294701,0.0711633339524269,0,0,0.0147979827597737,0,0,0,0,0,0,0,0,0,0,0
"CRS3035RES50000mN1850000E3800000",0.00936936121433973,0.0331949293613434,0.00726071186363697,0,0.000717375718522817,0.00491293659433722,0.00265211635269225,0.000608682399615645,0,0,0.00106519425753504,0.12904067337513,0.00223908177576959,0,0,0,0,0.0724332109093666,0,0.0404121652245522,0.147953301668167,0,0.135149240493774,0.0746505483984947,0.0456946603953838,0.0113693177700043,0,0.173517972230911,0.0998673960566521,0,0.00252168439328671,0.000978239579126239,0,0,0,0,0.00197821785695851,0.000652159738820046,0,0,0,0.00176083133555949,0
"CRS3035RES50000mN4850000E4450000",0,0.00573180476203561,0,0,0,0,0,0,0,0,0.000577623723074794,0.00339168822392821,0,0,0,0,0,0,0,0.00946414284408092,0.0540004149079323,0,0.269424438476562,0.0118486918509007,0.0149737847968936,0,0.237373739480972,0,0,0,0.157335817813873,0.154506951570511,0,0.0266003143042326,0,0.0236233305186033,0,0,0.00342130986973643,0,0.0277259405702353,0,0
"CRS3035RES50000mN4850000E4500000",0,0,0,0,0,0,0.000137169656227343,0,0,0,0,0,0,0,0,0,0,0,0,0.000299279228784144,0.0159116797149181,0,0.218074798583984,0.0186966396868229,0.00733649777248502,0,0.18622650206089,0,0.000324219174217433,0,0.0954451337456703,0.356956988573074,0,0.0347787402570248,0.000124699683510698,0.0167637933045626,0,0,0.000760668073780835,0.000469702121336013,0.0476934723556042,0,0
"CRS3035RES50000mN4850000E4550000",0,0.00096322875469923,0.000160538125783205,0,0,0,0,0,0,0,0.000670246663503349,0,0,0,0,0,0,0,0,0.000132443950860761,0.0107721081003547,0,0.164427161216736,0.032107625156641,0.00692722015082836,0.0147574674338102,0.193805634975433,0,0.000577937229536474,0,0.109771952033043,0.397496402263641,0,0.00126825121697038,0,0.0105553818866611,0,0,0.000128430503536947,0.000313049327814952,0.0551649145781994,0,0
"CRS3035RES50000mN4850000E4600000",0,0,0,0,0,0,0,0,0,0,0,0,0,0,0,0,0,0,0,0,0,0,0.0841080024838448,0.000423999998020008,0,0.00936399959027767,0.287939995527267,0,0,0,0.254456013441086,0.28328800201416,0,0.000199999994947575,0.000472000014269724,0.00207599997520447,0,0,0,0,0.0776719972491264,0,0
"CRS3035RES50000mN4850000E4650000",0,0,0.000460000010207295,0,0,0,0,0,0,0,0,0,0,0,0,0,0,0,0,0,0.000119999996968545,0,0.252775996923447,0.309579998254776,0.0354159995913506,0.00296399998478591,0.229916006326675,0,0.00578799983486533,0,0.00788000039756298,0.0359559990465641,0,0,0,0.0419359989464283,0,0,0,0.000544000009540468,0.076664000749588,0,0
"CRS3035RES50000mN4850000E4700000",0,0,0,0,0,0,0,0,0,0,0,0,0,0,0,0,0,0.000487999990582466,0,0,0,0,0.0423160009086132,0.606347978115082,0.0573559999465942,0.00015999999595806,0.0131240002810955,0,0.0515480004251003,0,0,0.00124400004278868,0.000163999997312203,0,0.0036359999794513,0.101524002850056,0,0,0,0.00219199992716312,0.1199000030756,0,0
"CRS3035RES50000mN4850000E4750000",0,0.00137600000016391,0.000352000002749264,9.99999974737875e-05,0,0.000368000008165836,0,0,0,0,0.00028000000747852,0.00011600000289036,0,0,0,0,0,0.00138399994466454,0,0,0,0,0.00490000005811453,0.621587991714478,0.0398360006511211,0,0,0,0.0900920033454895,0,0,0.000604000000748783,0,0,0.00550800003111362,0.17340399324894,0,0,0,0.0056679998524487,0.0544239990413189,0,0
"CRS3035RES50000mN4850000E4800000",0,0.000668000022415072,0,0,0,0,0,0,0,0,0,0.00044000000343658,0,0,0,0,0,0.00170400005299598,0,0.00014000000373926,0,0,0.000432000000728294,0.542356014251709,0.0402639992535114,0,0,0,0.0873439982533455,0,0,0,0,0,0.00083999999333173,0.320172011852264,0,0,0,0.000384000013582408,0.00525599997490644,0,0
"CRS3035RES50000mN4850000E4850000",0,0.00139999995008111,0.000195999993593432,0,0,0,0,0,0,9.60000033956021e-05,0.000148000006447546,0.00309600005857646,0,0,0,0,0,0.00344799994491041,0,0.000500000023748726,0.000731999985873699,0,0.00340000004507601,0.575999975204468,0.126936003565788,0.000528000004123896,0,0,0.122900001704693,0,0,0,0,0,0.000584000023081899,0.119268000125885,0,0,0,0.0111360000446439,0.0296320002526045,0,0
"CRS3035RES50000mN1850000E4150000",0.000233018756262027,0.0236125681549311,0.00866053067147732,0,0.000737892754841596,0,0.00120393023826182,0,0,0,0.00258262455463409,0.417453110218048,0,0.0340013206005096,0.00196124124340713,0,0.0571672692894936,0.00382539117708802,0,0.0269719213247299,0.0519049279391766,0.0183308087289333,0.0633228495717049,0.0295739639550447,0.000310691684717312,0.022175619378686,0,0.136859685182571,0,0.00143694900907576,0,0.00143694900907576,0,0,0.000582546868827194,0,0.0271466858685017,0,0,0,0,0.0685075148940086,0
"CRS3035RES50000mN4850000E4900000",0,0.00504799978807569,0.000247999996645376,0,0,0,0.000144000005093403,0,0,0.000176000001374632,0.000184000004082918,0.0134359998628497,0,0,0,0,0,0.008564000017941,0,0.000403999991249293,0.0123199997469783,0,0.00663999980315566,0.410308003425598,0.233032003045082,0.000284000008832663,0,0,0.177955999970436,0,0.000132000001030974,0,0,0,0.00109599996358156,0.0721599981188774,0,0,0,0.0147040002048016,0.043163999915123,0,0
"CRS3035RES50000mN4850000E4950000",0,0,0,0,0,0,0,0,0,0,0,0.00639199977740645,0,0,0,0,0,0,0,0,0.00925199966877699,0,0.00149599998258054,0.181611999869347,0.40106800198555,0,0,0,0.282272011041641,0,0.00262799998745322,0,0,0,0.000828000018373132,0.0659440010786057,0,0,0,0.00243599992245436,0.0460719987750053,0,0
"CRS3035RES50000mN4850000E5000000",0,0.00579599989578128,0.00186800002120435,0,0,0,0.000904000014998019,0.000203999996301718,0,0,1.20000004244503e-05,0.00382400001399219,0,0,0,0,0,0.000123999998322688,0,0.000807999982498586,0.00904799997806549,0,0.000563999987207353,0.324571996927261,0.350492000579834,0,0,0,0.204180002212524,0,0.000584000023081899,0,0,0,0.000224000003072433,0.0615160018205643,0,0,0,0.0219720005989075,0.0133079998195171,0,0
"CRS3035RES50000mN4850000E5050000",0,0,0,0,0,0,0,0,0,0,0,0.000228000004426576,0,0,0,0,0,0,0,0.00335199991241097,0.00822800025343895,0,0,0.64139598608017,0.0761639997363091,0,0,0,0.104263998568058,0,0,0,0,0,0.000771999999415129,0.0871400013566017,0,0,0,0.00428800005465746,0.0741679966449738,0,0
"CRS3035RES50000mN4850000E5100000",0,0.000907999987248331,0.000172000000020489,0,0,0,0.000364000006811693,0.000815999985206872,0,0,0,0,0,0,0,0,0,0,0,0.00168800004757941,0.00499199982732534,0,0,0.655776023864746,0.0459440015256405,0,0,0,0.112700000405312,0,0,0,0,0,0,0.0760079994797707,0,0,0,0,0.10063199698925,0,0
"CRS3035RES50000mN4850000E5150000",0,0.00410400005057454,0.000688000000081956,0,0,0.000747999991290271,0.00028000000747852,0.000180000002728775,0,0,0.000176000001374632,0,0,0,0,0,0,0,0,0.00493999989703298,0.0138199999928474,0,0,0.556363999843597,0.121256001293659,0,0,0,0.0962480008602142,0,0,0,0,0,0.000339999998686835,0.0445839986205101,0,0,0,0,0.156271994113922,0,0
"CRS3035RES50000mN4850000E5200000",0,0,0,0,0,0,0,0,0,0,0,0,0,0,0,0,0,0,0,0.00351755763404071,0.00890801288187504,0,0,0.598394274711609,0.0662562847137451,0,0,0,0.101693660020828,0,0,0,0,0,0.000288654526229948,0.0335242040455341,0,0,0,0,0.187417343258858,0,0
"CRS3035RES50000mN1850000E4200000",6.39999998384155e-05,0.0156119996681809,0.00202000001445413,0.000112000001536217,0,0.000612000003457069,0.00183199997991323,0,0,0,0,0.23589600622654,0,0.0115639995783567,0.000172000000020489,0.00282000005245209,0.0103559996932745,0.0247399993240833,0.00115599995478988,0.0348600000143051,0.120967999100685,0.084076002240181,0.175687998533249,0.0241359993815422,0.00323199992999434,0.0196080002933741,0,0.200900003314018,0.00421199994161725,0,0,0.000783999974373728,0.01167600043118,0,0.00162400002591312,0,0,0,0,0.000216000000364147,0.00972799956798553,0.00133600004483014,0
"CRS3035RES50000mN4900000E4500000",0,0.0135288145393133,0.000940772937610745,0,0.000491200014948845,0.00218126107938588,0.000199810179765336,0,0,0.000407945772167295,0,0.00445410190150142,0,0,0,0,0,0,0,0.00436252215877175,0.0572456158697605,0,0.297300904989243,0.020855188369751,0.0237357839941978,0,0.110553309321404,0,0,0,0.0767021328210831,0.304943650960922,0,0.000357993238139898,0,0.0318697243928909,0,0,0.00537822395563126,0,0.0444910675287247,0,0
"CRS3035RES50000mN1850000E4250000",0,0.0108058759942651,0.00124910287559032,0,0.000290700321784243,0.000154434543219395,0.000122639190522023,0,0,0,0,0.0383133925497532,0,0,0.00377456191927195,0.00241190427914262,0.00292971404269338,0.00287066563032568,0.000168061116710305,0.0303191337734461,0.0812143981456757,0.027793675661087,0.263837784528732,0.0493009574711323,0.0175101514905691,0.0879050493240356,0.0183459147810936,0.325243681669235,0.00322949886322021,0,0.00380635727196932,0.0209031701087952,0.00208940845914185,0,0,0,0.000281615939456969,0,0,0,0.00403346680104733,0.00109466840513051,0
"CRS3035RES50000mN4900000E4550000",0,0.00280362670309842,0.000153389919432811,0,0,0,0.000178954898728989,0,0,0,0,0.000187476558494382,0,0,0,0,0,0,0,0.00041330061503686,0.0133960526436567,0,0.191226094961166,0.0122797153890133,0.00498091150075197,0.00507038878276944,0.105097658932209,0,0,0,0.134868085384369,0.354083567857742,0,0.0627194344997406,0,0.0146743021905422,0,0,0.000579473038669676,0,0.0972875580191612,0,0
"CRS3035RES50000mN4900000E4600000",0,0,0,0,0,0,0,0,0,0,0,0,0,0,0,0,0,0,0,0,0,0,0.0131879998371005,0,0,0.0511600002646446,0.307547986507416,0,0.000292000011540949,0,0.113044001162052,0.390311986207962,0,0.0332040004432201,0.000180000002728775,0.00312400003895164,0,0,0,0.000951999973040074,0.0869959965348244,0,0
"CRS3035RES50000mN4900000E4650000",0,0,0,0,0,0,0,0,0,0,0,0,0,0,0,0,0,0,0,0,0,0,0.126635998487473,0.0633720010519028,0.023412000387907,0.0157479997724295,0.281623989343643,0,0,0,0.165904000401497,0.200811997056007,0,0.0338959991931915,0.00022000000171829,0.0202200002968311,0,0,0,0.00023999999393709,0.0679159983992577,0,0
"CRS3035RES50000mN4900000E4700000",0,0,0,0,0,0,0,0,0,0,0,0,0,0,0,0,0,0,0,0,0,0,0.153280004858971,0.33501198887825,0.0669720023870468,0.000487999990582466,0.170136004686356,0,0.00177199998870492,0,0.00360799999907613,0.033755999058485,0,0,0.00193200004287064,0.126803994178772,0,0,0,0.000448000006144866,0.105792000889778,0,0
"CRS3035RES50000mN4900000E4750000",0,0.00569200003519654,0.00126799999270588,0,0,0.000384000013582408,0.00728400005027652,0.00844800006598234,0,0.000407999992603436,0.000628000008873641,0,0,0,0,0,0,0.000172000000020489,0,0,0.00011600000289036,0,0.0579279996454716,0.488292008638382,0.0722080022096634,0,0.0172479990869761,0,0.0314439982175827,0,0,0.00127999996766448,0,0,0.00662800017744303,0.263119995594025,0,0,0,0.000292000011540949,0.0371600016951561,0,0
"CRS3035RES50000mN4900000E4800000",0,0.00184399995487183,0,0,0,0,0.00125600001774728,0,0,0,0,0.00106399995274842,0,0,0,0,0,0.00450399983674288,0,0.000568000017665327,0.000723999983165413,0,0.00739199994131923,0.586823999881744,0.0557040013372898,9.99999974737875e-05,0.000836000021081418,0,0.0901240035891533,0,0,0.000427999999374151,0,0,0.000660000019706786,0.244256004691124,0,0,0,0,0.00371599989011884,0,0
"CRS3035RES50000mN4900000E4850000",0,0.00117199996020645,0,0,0,0,0,0,0,0,0,0.0020000000949949,0,0,0,0,0,0.00315200001932681,0,0.000747999991290271,0.000311999989207834,0,0.00264400010928512,0.478828012943268,0.11276800185442,0,0,0,0.103128001093864,0,0,0.000980000011622906,0,0,0.00286399992182851,0.270063996315002,0,0,0,0.00875999964773655,0.0125799998641014,0,0
"CRS3035RES50000mN4900000E4900000",0,0.00206399988383055,0.000127999999676831,0,0,0,0.000188000005437061,0,0,9.99999974737875e-05,0.000119999996968545,0.00166399998124689,0,0,0,0,0,0.00443599978461862,0,0.00165999995078892,0.00226800004020333,0,0.00564400013536215,0.481983989477158,0.222404003143311,0,0,0,0.130919992923737,0,0,0,0,0,0.000327999994624406,0.123071998357773,0,0,0,0.00851999968290329,0.0144999995827675,0,0
"CRS3035RES50000mN4900000E4950000",0,0.000327999994624406,0,0,0,0,0,0,0,0,0,0.000112000001536217,0,0,0,0,0,0,0,0.000236000007134862,0.00392800010740757,0,0,0.602267980575562,0.147719994187355,0,0,0,0.153540000319481,0,0,0,0,0,0,0.0261480007320642,0,0,0,0.00300800008699298,0.0627119988203049,0,0
"CRS3035RES50000mN4900000E5000000",0,0.0107279997318983,0.000907999987248331,0,0,0.00187200005166233,0.000475999986520037,0,0,0.000211999999010004,0.00113600003533065,0,0,0,0,0,0,0,0,0.00123599998187274,0.00248800008557737,0,0.000763999996706843,0.668020009994507,0.0405719988048077,0,0,0,0.164948001503944,0,0,0,0,0,0,0.0484040006995201,0,0,0,0.00778800016269088,0.0504480004310608,0,0
"CRS3035RES50000mN1850000E4750000",0,0.0386351309716702,0,0,0,0,0,0,0,0,0,0,0,0,0,0,0.140278026461601,0.0102906664833426,0.0204007942229509,0.074020579457283,0.0924354568123817,0,0.25564181804657,0.0424264296889305,0.00758259603753686,0.0218450985848904,0,0.0725762769579887,0.129987359046936,0.00577721605077386,0,0.0881025418639183,0,0,0,0,0,0,0,0,0,0,0
"CRS3035RES50000mN4900000E5050000",0,0.00317199993878603,0.000688000000081956,0,0,0.000184000004082918,0.000264000002061948,0.00031999999191612,0,0,0,0,0,0,0,0,0,0,0,0.000544000009540468,0.00535999983549118,0,0,0.640511989593506,0.0266919992864132,0,0,0,0.134139999747276,0,0.000255999999353662,0,0,0,0.000255999999353662,0.0501120015978813,0,0,0,0.00294800009578466,0.134552001953125,0,0
"CRS3035RES50000mN4900000E5100000",0,0.00014000000373926,0,0,0,0,0,0,0,0,0.000584000023081899,0,0,0,0,0,0,0,0,0.00117199996020645,0.0065399999730289,0,0,0.694495975971222,0.0458760000765324,0,0,0,0.10037200152874,0,0,0,0,0,0.000731999985873699,0.0638799965381622,0,0,0,0,0.0862080007791519,0,0
"CRS3035RES50000mN4900000E5150000",0,0.000185737197170965,0,0,0,0,0.000144965611980297,0,0,0.000407715793699026,0.00255954917520285,0,0,0,0,0,0,0,0,0.00318471342325211,0.0108135286718607,0,0,0.59243369102478,0.120325990021229,0,0,0,0.113100364804268,0,0,0,0,0,0,0.0707794651389122,0,0,0,0.000122314741020091,0.0859419628977776,0,0
"CRS3035RES50000mN4900000E5200000",0,0,0,0,0,0,0,0,0,0,0,0,0,0,0,0,0,0,0,0.00537936575710773,0.0060618226416409,0,0,0.390847057104111,0.369409888982773,0,0,0,0.127097547054291,0,0,0,0,0,0,0.0335206761956215,0,0,0,0,0.0676836594939232,0,0
"CRS3035RES50000mN1850000E4800000",0.00101457652635872,0.0235086362808943,0.000873306358698756,0.000179798371391371,0,0.000250433455221355,0.000571501965168864,0,0.000372439477359876,0,0.000378860859200358,0.0669427886605263,0,0,0,0.000667822489049286,0.0210043024271727,0.00685160234570503,0.0436845831573009,0.04543761536479,0.0695948079228401,0,0.43430295586586,0.0141398571431637,0.0504141785204411,0.034270852804184,0,0.0330379493534565,0.0555127449333668,0.00356386043131351,0.0074616321362555,0.0854363292455673,0.000346754008205608,0,0,0,0,0,0,0,0.000179798371391371,0,0
"CRS3035RES50000mN4950000E4400000",0,0.0115715404972434,0,0,0,0.00242376863025129,0,0,0,0,0,0,0,0,0,0,0,0,0,0,0.00625488674268126,0,0,0,0,0,0.387646585702896,0,0,0.00985144637525082,0.0847537145018578,0.447537124156952,0,0,0,0,0,0,0.00453479262068868,0,0.0454261153936386,0,0
"CRS3035RES50000mN4950000E4450000",0,0.0091694351285696,0,0,0,0,0,0,0,0,0,0.00850498303771019,0,0,0,0,0,0,0,0,0.0100332228466868,0,0.00810631271451712,0,0,0,0.339468449354172,0,0,0,0.131162792444229,0.410033226013184,0,0,0,0.0116279069334269,0,0,0.0248504988849163,0,0.047043189406395,0,0
"CRS3035RES50000mN4950000E4500000",0,0.000912422605324537,0,0,0,0,0,0,0,0,0,0.0170318894088268,0,0,0,0,0,0,0,0.00603719661012292,0.0719597339630127,0,0.330373018980026,0.0169254392385483,0.0241183713078499,0,0.116455540060997,0,0,0,0.0657704621553421,0.235617935657501,0,0.000653902883641422,0,0.066834956407547,0,0,0.0299578756093979,0,0.0173512361943722,0,0
"CRS3035RES50000mN4950000E4550000",0,0,0,0,0,0,0,0,0,0,0,0,0,0,0,0,0,0,0,0.000362541642971337,0.00328582059592009,0,0.216836616396904,0.0244187861680984,0.0118032544851303,0,0.0567308850586414,0,0,0,0.207103058695793,0.379209369421005,0,0.00626416876912117,0,0.0176222771406174,0,0,0.00300588319078088,0,0.0733573213219643,0,0
"CRS3035RES50000mN4950000E4600000",0,0,0,0,0,0,0,0,0,0,0,0,0,0,0,0,0,0,0,0,0,0,0.0465640015900135,0,7.999999797903e-05,0.0935840010643005,0.366167992353439,0,0.000296000012895092,0,0.107923999428749,0.2170519977808,0,0.00698000006377697,0.000560000014957041,0.0054959999397397,0,0,0,0.00323199992999434,0.152063995599747,0,0
"CRS3035RES50000mN4950000E4650000",0,0,0.000228000004426576,0,0,0,0,0,0,0,0,0,0,0,0,0,0,0,0,0,0,0,0.0728280022740364,0.00530799990519881,0,0.0929479971528053,0.313268005847931,0,0,0,0.19250799715519,0.203324005007744,0,0.00938399974256754,0.00120399997103959,0.00700000021606684,0,0,0,0.000847999996040016,0.101152002811432,0,0
"CRS3035RES50000mN4950000E4700000",0,9.60000033956021e-05,0,0,0,0,0.000103999998827931,0.000888000009581447,0,0,0,0,0,0,0,0,0,0.000127999999676831,0,0.000255999999353662,0,0,0.365092009305954,0.0474799983203411,0.00469599990174174,0.00155199994333088,0.387923985719681,0,0.000151999993249774,0,0.00365200010128319,0.0353440009057522,0,0,0.00141599995549768,0.0993959978222847,0,0,0,0.0053719999268651,0.0464520007371902,0,0
"CRS3035RES50000mN1850000E4850000",0.00141411530785263,0.0196847002953291,0.00423696916550398,0.000134421614347957,0.000962458725553006,0,0.00066673121182248,0,0,0,0.000575324520468712,0.170968160033226,0,0.00397887965664268,0.0129636200144887,0.110521450638771,0.160214424133301,0.0033497866243124,0.0457087233662605,0.0612317323684692,0.0593659617006779,0,0.133367747068405,0.0348420813679695,0.0568280816078186,0.0138508025556803,0,0.0282500460743904,0.0470421873033047,0.0118990009650588,0.00206471583805978,0.0131518105044961,0,0,0.000225828305701725,0,0,0,0,0,0.0025002418551594,0,0
"CRS3035RES50000mN4950000E4750000",0,0.000855999998748302,0.00022000000171829,0,0,0.0007999999797903,0.00278400001116097,0.00424400018528104,0.000268000003416091,0,0,0,0,0,0,0,0,0.000875999976415187,0,0.000571999989915639,0.000136000002385117,0,0.231120005249977,0.374220013618469,0.0611280016601086,0.000103999998827931,0.0465320013463497,0,0.0266120005398989,0,0,0.00214400002732873,0,0,0.00840399973094463,0.197395995259285,0,0,0,0.00813599955290556,0.0334479995071888,0,0
"CRS3035RES50000mN4950000E4800000",0,0.0013279999839142,0,0,0,0,0.000108000000182074,0,0,0,0,0,0,0,0,0,0,0.00271999998949468,0,0.000464000011561438,0.000384000013582408,0,0.00913599971681833,0.465460002422333,0.0782480016350746,0.000151999993249774,0.00349600007757545,0,0.0903720036149025,0,0,0,0,0,0.0046080001629889,0.299151986837387,0,0,0,0.0159520003944635,0.0284199994057417,0,0
"CRS3035RES50000mN4950000E4850000",0,0.00206399988383055,7.999999797903e-05,0,0,0.000487999990582466,0.00201199995353818,0.000920000020414591,0,0,0,0.00235600001178682,0,0,0,0,0,0.00180399999953806,0,0.000668000022415072,0.00105199997778982,0,0.00113200000487268,0.476339995861053,0.0470880009233952,0,0,0,0.104139998555183,0,0,0,0,0,0.000948000000789762,0.335023999214172,0,0,0,0.0167720001190901,0.00711200013756752,0,0
"CRS3035RES50000mN4950000E4900000",0,0.00175599998328835,0.000331999995978549,0,0,0,0.000103999998827931,0.0015760000096634,0,0,0.00116400001570582,0.0014639999717474,0,0,0,0,0,0.000307999987853691,0,0.00126399996224791,0.00223199999891222,0,0.000684000027831644,0.490496009588242,0.211344003677368,0,0,0,0.108135998249054,0,0.000539999979082495,0,0,0,0.000452000007499009,0.158779993653297,0,0,0,0.00685600005090237,0.0125120002776384,0,0
"CRS3035RES50000mN4950000E4950000",0,0.000411999993957579,0,0,0,0,0,0,0,0,0,0,0,0,0,0,0,0,0,0.000199999994947575,0.00209200009703636,0,0,0.622384011745453,0.0919239968061447,0,0,0,0.121664002537727,0,0,0,0,0,0,0.14360399544239,0,0,0,0.00436800019815564,0.0133520001545548,0,0
"CRS3035RES50000mN4950000E5000000",0,0.000448000006144866,0,0,0,0,0,0,0,0,0,0,0,0,0,0,0,0,0,0.00161200005095452,0.00293199997395277,0,0,0.591763973236084,0.0794560015201569,0,0,0,0.142652004957199,0,0.00111599999945611,0,0,0,0,0.15370799601078,0,0,0,0.00178799999412149,0.0245239995419979,0,0
"CRS3035RES50000mN4950000E5050000",0,0.000783999974373728,0.000352000002749264,0,0,0,0,0,0,0,0.000636000011581928,0,0,0,0,0,0,0,0,0.00139600003603846,0.00564800016582012,0,0,0.454959988594055,0.196403995156288,0,0.00049200002104044,0,0.14978800714016,0,0.00496800011023879,0,0,0,8.80000006873161e-05,0.154364004731178,0,0,0,0.0149800004437566,0.0151399997994304,0,0
"CRS3035RES50000mN4950000E5100000",0,0.00100825075060129,0.000120508062536828,0,0,0,0,0,0,0,0.000638692756183445,0,0,0,0,0,0,0,0,0.0024021272547543,0.00387634267099202,0,0.000184779026312754,0.486250042915344,0.23685859143734,0,0,0,0.153017118573189,0,0.00115687737707049,0,0,0,0,0.106834411621094,0,0,0,0.000108457257738337,0.00754380458965898,0,0
"CRS3035RES50000mN4950000E5150000",0,0,0,0,0,0,0,0,0,0,0,0,0,0,0,0,0,0,0,0.00375121016986668,0.00421103602275252,0,0,0.451669901609421,0.149128749966621,0,0,0,0.151161670684814,0,0,0,0,0,0,0.166650533676147,0,0,0,0,0.0734269097447395,0,0
"CRS3035RES50000mN1850000E4900000",0.00323624606244266,0.0467961169779301,0,0,0,0,0,0,0,0,0,0.165501624345779,0,0,0,0.0803236216306686,0.248349517583847,0.0547572821378708,0.0207119733095169,0.0352750793099403,0.0497087389230728,0,0.0659546926617622,0.00161812303122133,0.000517799344379455,0.00932038854807615,0,0.0603236258029938,0.0931391566991806,0.0451779924333096,0,0.0192880257964134,0,0,0,0,0,0,0,0,0,0,0
"CRS3035RES50000mN5000000E4400000",0,0,0,0,0,0,0,0,0,0,0,0,0,0,0,0,0,0,0,0,0,0,0,0,0,0,0,0,0,0,0,0,0,0,0,0,0,0,0,0,0,0,0
"CRS3035RES50000mN1850000E5000000",0,0.124604254961014,0,0,0,0,0,0,0,0,0,0.0949796438217163,0,0,0,0,0.467887818813324,0.054952509701252,0.00768882874399424,0.216417908668518,0,0,0,0,0,0,0,0,0,0,0,0.031886026263237,0,0,0,0,0.00158299412578344,0,0,0,0,0,0
"CRS3035RES50000mN5000000E4450000",0,0.00940842926502228,0,0,0,0.00057076575467363,0,0,0,0,0,0.0188905056566,0,0,0,0,0,0.00075488374568522,0,0.0207316856831312,0.100012890994549,0,0.0962016433477402,0.00169388542417437,0.000478706759167835,0,0.259864121675491,0,0,0,0.0342643558979034,0.280614227056503,0,0,0,0.117393627762794,0,0,0.0371550098061562,0,0.0219652745872736,0,0
"CRS3035RES50000mN5000000E4500000",0,0.00775701366364956,0,0,0.000321821746183559,0.000310724426526576,0,0,0,0,0,0.00215287646278739,0,0,0,0,0,0,0,0.000787908385973424,0.0304731894284487,0,0.3360595703125,0.00393954198807478,0.00390625,0,0.210249468684196,0,0,0,0.0901766717433929,0.238492101430893,0,0.00199751416221261,0,0.0413041561841965,0,0,0.0103537822142243,0,0.0217174179852009,0,0
"CRS3035RES50000mN5000000E4550000",0,0.00293107540346682,0,0,0,0,0.000303469918435439,0,0,0,0,0,0,0,0,0,0,0,0,0.00108064897358418,0.0295402053743601,0,0.356244087219238,0.0560457147657871,0.0292737446725368,0,0.0966662690043449,0,0,0,0.0735359415411949,0.2657730281353,0,0,0,0.0426708310842514,0,0,0.0157360248267651,0,0.0301989577710629,0,0
"CRS3035RES50000mN5000000E4600000",0,0.00184662931133062,0.00016589104779996,0,0,0,0.000152794396854006,0,0,0,0.000510769838001579,0.000772703089751303,0,0,0,0,0,0,0,0.000130966625874862,0.0100713334977627,0,0.141902327537537,0.0095431013032794,0.0106868762522936,0.0194878336042166,0.0724551007151604,0,0.000126601065858267,0,0.235111281275749,0.34821406006813,0,0.0470563061535358,0,0.00597644364461303,0,0,0.00249273143708706,0,0.0932962521910667,0,0
"CRS3035RES50000mN5000000E4650000",0,0.00014000000373926,0,0,0,0,0,0,0,0,0,0,0,0,0,0,0,0,0,0,0,0,0.0634839981794357,0,0,0.0736399963498116,0.219155997037888,0,0,0,0.306764006614685,0.274367988109589,0,0.0302440002560616,0.00031999999191612,0.00206399988383055,0,0,0,0,0.0298200007528067,0,0
"CRS3035RES50000mN5000000E4700000",0,0,0,0,0,0,0,0.0014280000468716,0,0,0,0,0,0,0,0,0,0,0,0,0,0,0.246828004717827,0.0366440005600452,0.00276799988932908,0.0272679999470711,0.468847990036011,0,0.00011600000289036,0,0.0218279995024204,0.053447999060154,0,0,0.000372000009519979,0.0293160006403923,0,0,0,0.00175199995283037,0.109384000301361,0,0
"CRS3035RES50000mN5000000E4750000",0,0.00522400019690394,0.00112799997441471,0.000251999997999519,0,0.00022000000171829,0.00211600004695356,0.00269200000911951,0,0.000391999987186864,0.000663999991957098,0,0,0,0,0,0,0.000272000004770234,0,0,0,0,0.248692005872726,0.299535989761353,0.0443160012364388,0.000331999995978549,0.163727998733521,0,0.0425760000944138,0,0,0.000276000006124377,0,0,0.00316400011070073,0.123308002948761,0,0,0,0.0021720000077039,0.0589400008320808,0,0
"CRS3035RES50000mN5000000E4800000",0,0.000944000028539449,0,0,0,0,0,0,0,0,0,0,0,0,0,0,0,0.00281199999153614,0,0,0,0,0.14894400537014,0.281940013170242,0.0849519968032837,0,0.03558000177145,0,0.0500800013542175,0,0.000587999995332211,0.00304000009782612,0,0,0.00152000004891306,0.353583991527557,0,0,0,0.00681999977678061,0.0291959997266531,0,0
"CRS3035RES50000mN5000000E4850000",0,0.00183600001037121,0,0,0,0,0,0,0,0,0,0.000199999994947575,0,0,0,0,0,0.00143599999137223,0,0.000103999998827931,0.000419999996665865,0,0.0217719990760088,0.511687994003296,0.0861959978938103,0,0.0270920004695654,0,0.132236003875732,0,0,0,0,0,0.00114399997983128,0.190763995051384,0,0,0,0.00692000007256866,0.0181920006871223,0,0
"CRS3035RES50000mN5000000E4900000",0,0.00127999996766448,0.000739999988581985,0,0,9.60000033956021e-05,0.000592000025790185,0,0,0.000108000000182074,0.00531599996611476,0,0,0,0,0,0,0,0,0.000315999990561977,0.000607999972999096,0,0.000747999991290271,0.481296002864838,0.241623997688293,0,0.00464399997144938,0,0.0733880028128624,0,0.0141880000010133,0.00023999999393709,0,0,0,0.136675998568535,0,0,0,0.00135200005024672,0.0367880016565323,0,0
"CRS3035RES50000mN5000000E4950000",0,0.00132399995345622,0,0,0,0.00039999998989515,0,0.00083999999333173,0,0,0.000323999993270263,0,0,0,0,0,0,0,0,0.00152799999341369,0.00258000008761883,0,0.00316000008024275,0.322367995977402,0.294620007276535,0,0.000119999996968545,0,0.0960640013217926,0,0.00161200005095452,0,0,0,0,0.257328003644943,0,0,0,0.00252799992449582,0.0152040002867579,0,0
"CRS3035RES50000mN5000000E5000000",0,0.00284800003282726,0.000395999988541007,0,0,0.000407999992603436,0.000468000012915581,0.00396399991586804,0,0,0,0,0,0,0,0,0,0,0,0.00240000011399388,0.00374799990095198,0,0.000427999999374151,0.293375998735428,0.282940000295639,0,0,0,0.131019994616508,0,0.00342800002545118,0,0,0,0,0.246168002486229,0,0,0,0.00615199981257319,0.0222559999674559,0,0
"CRS3035RES50000mN5000000E5050000",0,0.000119999996968545,0,0,0,0,0,0,0,0,0,0,0,0,0,0,0,0,0,0.000148000006447546,0.000951999973040074,0,0.000199999994947575,0.388152003288269,0.233252003788948,0,0,0,0.136767998337746,0,0.00286799995228648,0,0,0,0,0.225700005888939,0,0,0,0.00385199999436736,0.00798800028860569,0,0
"CRS3035RES50000mN5000000E5100000",0,0.000335999997332692,0,0,0,0,0,0,0,0,0,0,0,0,0,0,0,0,0,0.000788000004831702,0.00159600004553795,0,0,0.562435984611511,0.129452005028725,0,0.000631999981123954,0,0.137528002262115,0,0.011119999922812,0,0,0,0,0.151539996266365,0,0,0,0.00211600004695356,0.00245600007474422,0,0
"CRS3035RES50000mN5000000E5150000",0,0,0,0,0,0,0,0,0,0,0,0,0,0,0,0,0,0,0,0,0,0,0,0.639067232608795,0.0508675165474415,0,0.0180554501712322,0,0.101609125733376,0,0.0376218184828758,0.000805822084657848,0,0,0,0.145778253674507,0,0,0,0,0.00619475729763508,0,0
"CRS3035RES50000mN5050000E4500000",0,0.00736157689243555,0,0,0,0,0,0,0,0,0,0.00680888304486871,0,0,0,0,0,0,0,0.00277114636264741,0.0972357615828514,0,0.317115873098373,0.00815991312265396,0.00577258178964257,0,0.139309599995613,0,0,0,0.0440696701407433,0.20921003818512,0,0.000276347011094913,0,0.133774980902672,0,0,0.00766095286235213,0,0.0204727072268724,0,0
"CRS3035RES50000mN5050000E4550000",0,0.00770038086920977,0.00043777676182799,0,0,0.00092606624821201,0.000224500909098424,0,0.000269401090918109,0.00104954175185412,0,0.00364813976921141,0,0,0,0,0,0,0,0.00196438282728195,0.0595208033919334,0,0.374708861112595,0.0115281213074923,0.00479309447109699,0,0.0918208733201027,0,0,0,0.101822383701801,0.233239606022835,0,0.000190825769095682,0,0.0803264230489731,0,0,0.00301953707821667,0,0.0228092912584543,0,0
"CRS3035RES50000mN5050000E4600000",0,0.00418760068714619,0.00023684382904321,0.000257000763667747,0.000125980761367828,0.000161255375132896,0,0,0,0.00021164768259041,0.000287236121948808,0,0,0,0,0,0,0,0,0.000327549962094054,0.0292275361716747,0,0.383062124252319,0.0108796982094646,0.00759412022307515,0,0.0982750728726387,0,0.000801237649284303,0,0.0881109461188316,0.295651644468307,0,0.00226765358820558,0,0.0468346066772938,0,0,0.000942336104344577,0,0.03055789321661,0,0
"CRS3035RES50000mN5050000E4650000",0,0,0,0,0,0,0,0,0.00011600000289036,0,0.000715999980457127,0.00115599995478988,0,0,0,0,0,0,0,0.000668000022415072,0.00756399985402822,0,0.142552003264427,0.00443200021982193,0.00286799995228648,0.0274000000208616,0.219328001141548,0,0.000352000002749264,0,0.0972800031304359,0.393940001726151,0,0.00583600020036101,0,0.00905600003898144,0,0,0,0.000436000002082437,0.0863000005483627,0,0
"CRS3035RES50000mN5050000E4700000",0,0,0,0,0,0,0,0,0,0,0,0,0,0,0,0,0,0,0,0,0.000163999997312203,0,0.162384003400803,0.00328799989074469,0.000144000005093403,0.0188999995589256,0.375804007053375,0,0,0,0.0745199993252754,0.234755992889404,0,0.000788000004831702,0,0.0486879982054234,0,0,0,0,0.0805639997124672,0,0
"CRS3035RES50000mN5050000E4750000",0,0,0,0,0,0,0,0,0,0,0,0,0,0,0,0,0,0,0,0,0,0,0.0512400008738041,0.000615999975707382,0.000691999972332269,0.000883999979123473,0.769267976284027,0,0.000967999978456646,0,0.00176799995824695,0.0210640002042055,0,0,0.00201199995353818,0.131656005978584,0,0,0,0.00403199996799231,0.0157999992370605,0,0
"CRS3035RES50000mN5050000E4800000",0,0.00132000003941357,0,0,0,0,0,0,0,0,0,0,0,0,0,0,0,0.000655999989248812,0,0,0,0,0.291011989116669,0.0972440019249916,0.00914799980819225,0,0.220663994550705,0,0.00391600001603365,0,0.00468399981036782,1.99999994947575e-05,0,0,0.00102399999741465,0.334984004497528,0,0,0,0.00693200016394258,0.0283959992229939,0,0
"CRS3035RES50000mN5050000E4850000",0,0.00129599997308105,0,0,0,0.000684000027831644,0,0,0,0,0,0.000144000005093403,0,0,0,0,0,0.00036000000545755,0,0.000260000000707805,0.000939999998081475,0,0.111256003379822,0.49329200387001,0.0248639993369579,0,0.0408160015940666,0,0.0134920002892613,0,0.00184799998532981,0.00194800004828721,0,0,0.000644000014290214,0.275072008371353,0,0,0,0.00579599989578128,0.0272879991680384,0,0
"CRS3035RES50000mN5050000E4900000",0,0,0,0,0,0,0,0,0,0,0,0,0,0,0,0,0,0,0,0,0.00209200009703636,0,0.0387759990990162,0.477288007736206,0.0846640020608902,0,0.0206359997391701,0,0.0139760002493858,0.000123999998322688,0.00596799980849028,6.80000011925586e-05,0,0,0,0.327719986438751,0,0,0,0.00293600000441074,0.0257520005106926,0,0
"CRS3035RES50000mN5050000E4950000",0,0,0,0,0,0,0,0.000980000011622906,0,0,0,0,0,0,0,0,0,0,0,0,0,0,0.0044680000282824,0.468196004629135,0.149136006832123,0,0,0,0.0614399984478951,0,0,0,0,0,0.000715999980457127,0.307208001613617,0,0,0,0,0.00785600021481514,0,0
"CRS3035RES50000mN5050000E5000000",0,0,0,0,0,0,0,0,0,0,0,0,0,0,0,0,0,0,0,0,0.000251999997999519,0,0.000563999987207353,0.372247993946075,0.151043996214867,0,0.000579999992623925,0,0.0532560013234615,0,0.00817199982702732,0,0,0,0.00128800002858043,0.313071995973587,0,0,0,0.00687200017273426,0.0926520004868507,0,0
"CRS3035RES50000mN5050000E5050000",0,0,0,0,0,0,0,0,0,0,0,0,0,0,0,0,0,0,0,0,0,0,0,0.451756000518799,0.0714239999651909,0,0.000984000042080879,0,0.104988001286983,0,0.015544000081718,0,0,0,0.00292399991303682,0.246076002717018,0,0,0,0.000260000000707805,0.106044001877308,0,0
"CRS3035RES50000mN5050000E5100000",0,0,0,0,0,0,0,0,0,0,0,0,0,0,0,0,0,0,0,0,0,0,0.00438516587018967,0.674742996692657,0.0427629575133324,0,0.00261982227675617,0,0.0776794627308846,0,0.0145608326420188,0.000125786158605479,0,0,0,0.182828024029732,0,0,0,0,0.000294946861686185,0,0
"CRS3035RES50000mN5050000E5150000",0,0,0,0,0,0,0,0,0,0,0,0,0,0,0,0,0,0,0,0,0,0,0.0264521148055792,0.619768023490906,0.0818548575043678,0,0.0686517208814621,0,0.0765827745199203,0,0.0302801076322794,0.00155870348680764,0,0,0,0.0948516950011253,0,0,0,0,0,0,0
"CRS3035RES50000mN5100000E4500000",0,0.00241887895390391,0,0,0,0,0,0,0,0,0,0.0171681419014931,0,0,0,0,0,0,0,0.0106784664094448,0.0390560477972031,0,0.194808259606361,0.00247787614353001,0,0,0.221238940954208,0,0,0,0.00926253665238619,0.142477869987488,0,0,0,0.282005906105042,0,0,0.0517404116690159,0,0.0266666673123837,0,0
"CRS3035RES50000mN5100000E4550000",0,0.00400418462231755,0,0,0,0.008116589859128,0.00223657162860036,0,0,0,0,0.0135637242347002,0,0,0,0,0,0,0,0.00979401916265488,0.0535153858363628,0,0.170791104435921,0.00245301402173936,0,0,0.154684171080589,0,0,0,0.0597741790115833,0.111359618604183,0,0,0,0.336243271827698,0,0,0.0439558438956738,0,0.0295083150267601,0,0
"CRS3035RES50000mN5100000E4600000",0,0.00400448404252529,0.000583626097068191,0,0,0,0.000144461911986582,0,0,0,0,0.000427607243182138,0,0,0,0,0,0,0,0.00424140179529786,0.0584377311170101,0,0.439193099737167,0.00733288656920195,0.00950559321790934,0,0.14201183617115,0,0.000156018853886053,0,0.0364217348396778,0.172198593616486,0,0,0,0.0909358784556389,0,0,0.00306259235367179,0,0.0313424542546272,0,0
"CRS3035RES50000mN5100000E4650000",0,0.00330160884186625,0.00096465100068599,0,0,0.000948506174609065,0.000367293891031295,0,0,0,0.00088796328054741,0.00441963551566005,0,0,0,0,0,0,0,0.00184050563257188,0.036071490496397,0,0.401230245828629,0.0323824062943459,0.0236480757594109,0,0.167897701263428,0,0.00187279528472573,0,0.0505129992961884,0.179788336157799,0,0.00385456765070558,0,0.0528378486633301,0,0,0.00471427757292986,0.0060462225228548,0.02641287073493,0,0
"CRS3035RES50000mN5100000E4700000",0,0.000216057902434841,0,0,0,0,0,0,0,0,0,0.000484129734104499,0,0,0,0,0,0.000216057902434841,0,0.000348093279171735,0.00742198899388313,0,0.149272009730339,0.015912264585495,0.00604962138459086,0.0129874804988503,0.279494911432266,0,6.80182274663821e-05,0,0.160619050264359,0.319861710071564,0,0.00320485886186361,0,0.0108709130436182,0,0,0.000384102953830734,0.000140037533128634,0.032448697835207,0,0
"CRS3035RES50000mN5100000E4750000",0,0,0,0,0,0,0,0,0,0,0,0,0,0,0,0,0,0,0,0,0,0,0.0941120013594627,0.000311999989207834,0.00137600000016391,0.0400639995932579,0.548600018024445,0,0.000163999997312203,0,0.125775992870331,0.0570000000298023,0,0,0,0.0784759968519211,0,0,0,0.00249200011603534,0.0516280010342598,0,0
"CRS3035RES50000mN5100000E4800000",0,0.000847999996040016,0,0,0,0,0,0,0,0,0,0.000144000005093403,0,0,0,0,0,0,0,0,0.00160800002049655,0,0.354732006788254,0,0,0,0.23115199804306,0,0.000668000022415072,0.000132000001030974,0.00481999991461635,0.0980999991297722,0,0,0,0.276443988084793,0,0,0,0.00282400008291006,0.0285279992967844,0,0
"CRS3035RES50000mN5100000E4850000",0,0,0,0,0,0,0,0,0,0,0,0,0,0,0,0,0,0,0,0,0.000307999987853691,0,0.289891988039017,0,0,0,0.187996000051498,0,0.000236000007134862,0.00221999990753829,0.000272000004770234,0.170747995376587,0,0,0,0.297540009021759,0,0,0,0,0.0507880002260208,0,0
"CRS3035RES50000mN5100000E4900000",0,0,0,0,0,0,0,0,0,0,0,0,0,0,0,0,0,0,0,0,0,0,0.367424011230469,0.0749199986457825,0.0186320003122091,7.99999997980194e-06,0.131035998463631,0,0.0132999997586012,0.00141999998595566,0.00124799995683134,0.117476001381874,0,0,0,0.261783987283707,0,0,0,0,0.0127520002424717,0,0
"CRS3035RES50000mN5100000E4950000",0,0,0,0,0,0,0,0,0,0,0,0,0,0,0,0,0,0,0,0,0,0,0.110444001853466,0.467283993959427,0.103384003043175,0,0.0662439987063408,0,0.0404880009591579,0,0.022647999227047,0.00503200013190508,0,0,0,0.176760002970695,0,0,0,0.000307999987853691,0.00740800006315112,0,0
"CRS3035RES50000mN5100000E5000000",0,0.00207199994474649,0.00015999999595806,0,0,0.00115599995478988,0,0,0,0,0,0,0,0,0,0,0,0,0,0,0.000372000009519979,0,0.00961999967694283,0.734215974807739,0.0345240011811256,0,0.0512080006301403,0,0.0497400015592575,0.000155999994603917,0.0140920002013445,0.00101600005291402,0,0,0,0.0852480009198189,0,0,0,0.00235199998132885,0.0140680000185966,0,0
"CRS3035RES50000mN5100000E5050000",0,0,0,0,0,0,0,0,0,0,0,0,0,0,0,0,0,0,0,0,0,0,0.0173856634646654,0.675467610359192,0.0608993023633957,0,0.0933008566498756,0,0.0474669262766838,0.000417871720856056,0.0562257394194603,0.0188262201845646,0,0,0,0.0231368970125914,0,0,0,0,0.00687289005145431,0,0
"CRS3035RES50000mN5100000E5100000",0,0,0,0,0,0,0,0,0,0,0,0,0,0,0,0,0,0,0,0,0,0,0.00666189100593328,0.554477095603943,0.287965625524521,0,0.00483524333685637,0,0.0133595988154411,0,0.0100286528468132,0,0,0,0,0.122671917080879,0,0,0,0,0,0,0
"CRS3035RES50000mN5150000E4550000",0,0,0,0,0,0,0,0,0,0,0,0,0,0,0,0,0,0,0,0,0,0,0.311606645584106,0,0,0,0.348198980093002,0,0,0,0.0634648352861404,0.171526581048965,0,0,0,0.105202972888947,0,0,0,0,0,0,0
"CRS3035RES50000mN5150000E4600000",0,0.000765630858950317,0,0,0,0,0,0,0,0,0,0,0,0,0,0,0,0,0,0.00626860233023763,0.0239546746015549,0,0.339337140321732,0.000928327383007854,0.00200978084467351,0,0.283570528030396,0,0,0,0.0607623755931854,0.189101248979568,0,0,0,0.064016304910183,0,0,0.000535941566340625,0,0.0287494380027056,0,0
"CRS3035RES50000mN5150000E4650000",0,0.00994567759335041,0.000817867869045585,0,0.000343302584951743,0.000651265145279467,0.0004190310719423,0,0,0.000141359880217351,0.000464468175778165,0.000883499276824296,0,0,0,0,0,0.000126214174088091,0,0.00377127970568836,0.0486479923129082,0,0.30385810136795,0.00212039821781218,0.00275651761330664,0,0.193264201283455,0,0,0,0.11764170974493,0.234667494893074,0,0.00690644001588225,0,0.053368404507637,0,0,0.00990024022758007,0,0.00930450949817896,0,0
"CRS3035RES50000mN5150000E4700000",0,0.00119229406118393,0.000238458815147169,0,0,0,0,0,0,0,0,0.000564046844374388,0,0,0,0,0,0,0,0.00210485770367086,0.0288672745227814,0,0.193931221961975,0.0169672630727291,0.00508559308946133,0,0.106453523039818,0,0.000128400904941373,0,0.371748119592667,0.222151905298233,0,0.030719917267561,0,0.00668143294751644,0,0,0.00357229658402503,0.00017425836995244,0.00941912364214659,0,0
"CRS3035RES50000mN5150000E4750000",0,0,0,0,0,0,0,0,0,0,0,0.000612000003457069,0,0,0,0,0,0,0,0.000144000005093403,0.00151600001845509,0,0.0779400020837784,0.0169879999011755,0.00247199996374547,0.0240160003304482,0.1598159968853,0,0,0,0.226835995912552,0.461968004703522,0,0,0,0.00329999998211861,0,0,0,2.80000003840541e-05,0.0243640001863241,0,0
"CRS3035RES50000mN5150000E4800000",0,0,0,0,0,0,0,0,0,0,0,0,0,0,0,0,0,0,0,0.000123999998322688,0.00081200001295656,0,0.17501999437809,0,0.000232000005780719,0,0.224127992987633,0,0,0,0.0118000004440546,0.425260007381439,0,0,0,0.119535997509956,0,0,0,9.60000033956021e-05,0.0429919995367527,0,0
"CRS3035RES50000mN5150000E4850000",0,0,0,0,0,0,0,0,0,0,0,0,0,0,0,0,0,0,0,0,0.0011399999493733,0,0.498883992433548,0,0,0,0.0315320007503033,0,0,0,0,0.183564007282257,0,0,0,0.247004002332687,0,0,0,0.00197200011461973,0.0359040014445782,0,0
"CRS3035RES50000mN5150000E4900000",0,0,0,0,0,0,0,0,0,0,0,0,0,0,0,0,0,0,0,0,0.00022000000171829,0,0.572376012802124,0.0885239988565445,0.0163400005549192,0,0.0313480012118816,0,4.80000016978011e-05,0,9.20000020414591e-05,0.0968760028481483,0,0,0,0.190564006567001,0,0,0,0.00022000000171829,0.00339199998416007,0,0
"CRS3035RES50000mN5150000E4950000",0,0,0,0,0,0,0,0,0,0,0,0,0,0,0,0,0,0,0,0,0.00011600000289036,0,0.273620009422302,0.414384007453918,0.0128359999507666,0,0.103555999696255,0,0.00900799967348576,0,0.0174279995262623,0.00680800015106797,0,0,0,0.112860001623631,0,0,0,0.00182400003541261,0.0475599989295006,0,0
"CRS3035RES50000mN5150000E5000000",0,0.00168800004757941,0.000172000000020489,0,0,0,0.000272000004770234,0,0,0,0,0,0,0,0,0,0,0,0,0.000123999998322688,0.000855999998748302,0,0.00573199987411499,0.600488007068634,0.00675200019031763,0,0.00147999997716397,0,0.00628399988636374,0,0.000744000019039959,0,0,0,0.000331999995978549,0.0326399989426136,0,0,0,0.00300400005653501,0.339432001113892,0,0
"CRS3035RES50000mN5150000E5050000",0,0.000290176220005378,0,0,0,0,0,0,0,0,0,0,0,0,0,0,0,0,0,0,0,0,0.00425591785460711,0.82096129655838,0.0422074496746063,0,0.0109563507139683,0,0.0175424721091986,0,0.000835355778690428,0.000905701541341841,0,0,0,0.00709612760692835,0,0,0,0.00113432516809553,0.0938148498535156,0,0
"CRS3035RES50000mN5200000E4600000",0,0,0,0,0,0,0,0,0,0,0,0,0,0,0,0,0,0,0,0,0,0,0.175026312470436,0,0,0,0.484742194414139,0,0,0,0.0775166600942612,0.117151878774166,0,0,0,0.139249384403229,0,0,0,0,0.00631357403472066,0,0
"CRS3035RES50000mN5200000E4650000",0,0.000320802006172016,0,0,0,0,0.000200501250219531,0,0,0,0,0.000334168755216524,0,0,0,0,0,0,0,0.000628237263299525,0.0103057641535997,0,0.232601508498192,0,0,0,0.336380958557129,0,0,0,0.0714586451649666,0.281984955072403,0,0.000200501250219531,0,0.0435622371733189,0,0,0.00102255644742399,0,0.0209991652518511,0,0
"CRS3035RES50000mN5200000E4700000",0,0.0025960118509829,0.00138724385760725,0,0,0.000227151045692153,0,0,0,0,0,0.00156571960542351,0,0,0,0,0,0,0,0.0014927068259567,0.020605843514204,0,0.207891881465912,0.00128178088925779,0.001192542957142,0,0.145198196172714,0,0,0,0.271404922008514,0.264030635356903,0,0.0347622223198414,0,0.0208978950977325,0,0,0.0159167982637882,0.000275826256256551,0.00927263032644987,0,0
"CRS3035RES50000mN5200000E4750000",0,0.000922420585993677,0,0,0,0,0,0,0,0,0,0.00148452061694115,0,0,0,0,0,0,0,0.000293060700641945,0.0136489421129227,0,0.194986253976822,0.028671907261014,0.0116359516978264,0,0.0819657146930695,0,0,0,0.195490702986717,0.437236964702606,0,0.00214270618744195,0,0.0100073022767901,0,0,0.00044199320836924,0.00123950268607587,0.0198320429772139,0,0
"CRS3035RES50000mN5200000E4800000",0,0,0,0,0,0,0.000605455541517586,0,0.000128308456623927,0,0,0.00079791818279773,0,0,0,0,0,0,0,0,0.0042622466571629,0,0.134238705039024,0.0232238303869963,0.018127579241991,0,0.163974195718765,0,0,0,0.0583402514457703,0.538534641265869,0,0,0,0.0248076375573874,0,0,0,0.00166800990700722,0.0312912240624428,0,0
"CRS3035RES50000mN5200000E4850000",0,0,0,0,0,0,0,0,0,0,0,0,0,0,0,0,0,0,0,0,0.00014000000373926,0,0.196511998772621,0,0,0,0.168096005916595,0,0,0,0.00171999994199723,0.49439200758934,0,0,0,0.0582120008766651,0,0,0,0.00530399987474084,0.0756239965558052,0,0
"CRS3035RES50000mN5200000E4900000",0,0.00126799999270588,0.000108000000182074,0,0,0,0,0,0,0,0,0.00112399994395673,0,0,0,0,0,0,0,0,0.00498799979686737,0,0.676375985145569,0.0238400008529425,0.0207279995083809,7.99999997980194e-06,0.112248003482819,0,0.000167999998666346,0.00111199996899813,0.00244800001382828,0.0721039995551109,0,0,0,0.0570759996771812,0,0,0,0.00773600023239851,0.0186679996550083,0,0
"CRS3035RES50000mN5200000E4950000",0,0,0,0,0,0,0,0,0,0,0,0,0,0,0,0,0,0,0,0,0,0,0.260695993900299,0.0147959999740124,0.00141200004145503,0,0.431735992431641,0,0.00023999999393709,0.000264000002061948,0.0199439991265535,0.0660760030150414,0,0,0,0.185864001512527,0,0,0,0,0.0189720001071692,0,0
"CRS3035RES50000mN5200000E5000000",0,0,0,0,0,0,0,0,0,0,0,0,0,0,0,0,0,0,0,0,0,0,0.129547998309135,0.379132002592087,0.00491200014948845,0,0.0339559987187386,0,0.00300000002607703,0,0.00687200017273426,0,0,0,0,0.238171994686127,0,0,0,0.000251999997999519,0.204155996441841,0,0
"CRS3035RES50000mN5200000E5050000",0,0,0,0,0,0,0,0,0,0,0,0,0,0,0,0,0,0,0,0,0.00272897724062204,0,0.00270422454923391,0.689614415168762,0.00772900832816958,0,0.0173701569437981,0,9.28223598748446e-05,0,0.0206498801708221,0.00884906481951475,0,0,0,0.084493100643158,0,0,0,0.00329209957271814,0.162476256489754,0,0
"CRS3035RES50000mN5250000E4650000",0,0,0,0,0,0,0,0,0,0,0,0,0,0,0,0,0,0,0,0,0.00766820041462779,0,0.0228045601397753,0,0,0,0.543908774852753,0,0,0,0.122024402022362,0.211909055709839,0,0,0,0.0636127218604088,0,0,0.020604120567441,0,0.00746816024184227,0,0
"CRS3035RES50000mN5250000E4700000",0,0,0,0,0,0,0,0,0,0,0,0,0,0,0,0,0,0,0,0,0.00802580825984478,0,0.0236446615308523,0,0,0,0.370878905057907,0,0,0,0.0983161553740501,0.459005415439606,0,0.00149500358384103,0,0.0317884981632233,0,0,0.000157368791406043,0,0.00668817386031151,0,0
"CRS3035RES50000mN5250000E4750000",0,0,0,0,0,0,0,0,0,0,0,0,0,0,0,0,0,0,0,0,0.00463818898424506,0,0.0803006738424301,0,0,0,0.159847229719162,0,0,0,0.309631526470184,0.381166696548462,0,0.0473225004971027,0,0.00668158661574125,0,0,0.000664915191009641,0,0.00974668376147747,0,0
"CRS3035RES50000mN5250000E4800000",0,0.00510708568617702,0.000342283397912979,0,0,0.000423779449192807,0,0,0,0,0,0.00254810974001884,0,0,0,0,0,0,0,0.000141259821248241,0.0141966119408607,0,0.167229890823364,0.00867661274969578,0.00461810966953635,0,0.120548956096172,0,0,0,0.140156909823418,0.502167820930481,0,0.000717165239620954,0,0.00341196800582111,0,0,0.00713905412703753,0.000624803069513291,0.021949602290988,0,0
"CRS3035RES50000mN5250000E4850000",0,0.000950120796915144,0.000395525392377749,0,0,0.000356832693796605,0,0,0,0,0.000326738372677937,0,0,0,0,0,0,0,0,0,0.00554595421999693,0,0.112544171512127,0.00463022664189339,0.00360701978206635,0,0.19195020198822,0,0,0,0.124581903219223,0.454080373048782,0,0,0,0.0609453059732914,0,0,0.0141185373067856,0.000313840806484222,0.0256532616913319,0,0
"CRS3035RES50000mN5250000E4900000",0,0,0,0,0,0,0,0,0,0,0,0,0,0,0,0,0,0,0,0,0.00056209065951407,0,0.135190948843956,0.00213838834315538,0.00700169429183006,0,0.064982570707798,0,8.14624127087882e-06,0.000228094751946628,0.17820717394352,0.561438977718353,0,0,0,0.0347966700792313,0,0,0.000203656032681465,0.00192658603191376,0.0133150313049555,0,0
"CRS3035RES50000mN5250000E4950000",0,0.000411999993957579,0,0,0,0,0,0,0,0,0,0.000600000028498471,0,0,0,0,0,0,0,0,0.00136800005566329,0,0.176311999559402,0.000823999987915158,0,0,0.523487985134125,0,2.40000008489005e-05,0.000260000000707805,0.0340959988534451,0.161108002066612,0,0,0,0.0750799998641014,0,0,0,0.00573199987411499,0.0206959992647171,0,0
"CRS3035RES50000mN5250000E5000000",0,0,0,0,0,0,0,0,0,0,0,0,0,0,0,0,0,0,0,0,0,0,0.179348006844521,0.0220079999417067,0.000723999983165413,0,0.45116400718689,0,0.000595999998040497,0,0.0197279993444681,0.11778400093317,0,0,0,0.155195996165276,0,0,0,0.000211999999010004,0.0532400012016296,0,0
"CRS3035RES50000mN5250000E5050000",0,0.00191450270358473,0.000436866394011304,0,0,0.000505394418723881,0.00459994608536363,0,0,0,0,0.000496828462928534,0,0,0,0,0,0,0,0,0.00409455178305507,0,0.153370082378387,0.186383470892906,0.015157550573349,0,0.142735376954079,0,0.00122065609320998,0,0.035853024572134,0.286605775356293,0,0,0,0.0910438075661659,0,0,0.00302380067296326,0.00140482524875551,0.0711535438895226,0,0
"CRS3035RES50000mN5250000E5100000",0,0,0,0,0,0,0,0,0,0,0,0.00336349057033658,0,0,0,0,0,0,0,0,0.0110870618373156,0,0.350815176963806,0.0342422015964985,0.0161790121346712,0,0.153864115476608,0,0,0,0.00476494478061795,0.245020940899849,0,0,0,0.0767685547471046,0,0,0,0,0.103894487023354,0,0
"CRS3035RES50000mN5300000E4750000",0,0.00144421716686338,0,0,0,0.000601757143158466,0,0,0,0,0,0,0,0,0,0,0,0,0,0,0.000962811405770481,0,0.000742167118005455,0,0,0,0.432322382926941,0,0,0,0.0792112946510315,0.468487977981567,0,0,0,0.00541581399738789,0,0,0,0,0.0108115701004863,0,0
"CRS3035RES50000mN5300000E4800000",0,0.00359402527101338,0.000908380025066435,0,0,0.000276463484624401,0,0,0,0,0,0,0,0,0,0,0,0,0,0,0.00122433830983937,0,0.0276779439300299,0,0,0,0.311756014823914,0,0,0,0.155569955706596,0.465896248817444,0,0.00981050357222557,0,0.00415485119447112,0,0,0.000750400882679969,0,0.0183808710426092,0,0
"CRS3035RES50000mN5300000E4850000",0,0,0,0,0,0,0,0,0,0,0.000589241099078208,0.00020518216479104,0,0,0,0,0,0,0,0,0.00384058919735253,0,0.0925213694572449,0,0,0,0.309209525585175,0,0,0,0.0960936471819878,0.419781655073166,0,0,0,0.0487018264830112,0,0,0.00289885560050607,0.00082072865916416,0.025337366387248,0,0
"CRS3035RES50000mN5300000E4900000",0,0,0,0,0,0,0,0,0,0,0,0,0,0,0,0,0,0,0,0.000272978766588494,0.00444115465506911,0,0.20521704852581,0,0.0016536214388907,0,0.139906868338585,0,0,0.000362221850082278,0.06867516040802,0.532009363174438,0,0,0,0.0288202594965696,0,0,0.00481912540271878,0,0.0138221755623817,0,0
"CRS3035RES50000mN5300000E4950000",0,0,2.48090727836825e-05,0,0,0,0,0,9.51014517340809e-05,0,0,0,0,0,0,0,0,0,0,0,0.00143479136750102,0,0.192315801978111,0,0,0,0.162656560540199,0,1.24045363918412e-05,0.000177798356162384,0.0120034571737051,0.509057402610779,0,0,0,0.0675096213817596,0,0,0.000368001259630546,0.0018689502030611,0.0524753257632256,0,0
"CRS3035RES50000mN5300000E5000000",0,0.000575786863919348,0.000236330437473953,0,0,0,0,0,0,0,0,0.00101836933754385,0,0,0,0,0,0,0,0.000502739276271313,0.0273971427232027,0,0.348780751228333,0,0.00163712538778782,0,0.180762708187103,0,3.43753345077857e-05,0.0034805026371032,0.00523364497348666,0.312566339969635,0,0,0,0.0871028006076813,0,0,0.00222150608897209,0.0139391990378499,0.0145106883719563,0,0
"CRS3035RES50000mN5300000E5050000",0,0.00370743125677109,0,0,0,0.000236801992286928,0,0,0,0,0,0.00312282633967698,0,0,0,0,0,0,0,0.00093240785645321,0.00925007741898298,0,0.0471309944987297,0,0,0,0.243084639310837,0,0,0,0.0519188344478607,0.5558260679245,0,0,0,0.0648541450500488,0,0,0.00301182526163757,0.00021460180869326,0.01670934073627,0,0
"CRS3035RES50000mN5300000E5100000",0,0,0,0,0,0,0,0,0,0,0,0,0,0,0,0,0,0,0,0,0.00453212484717369,0,0.0279036704450846,0,0,0,0.230427443981171,0,0,0,0.057762373238802,0.634408593177795,0,0,0,0,0,0,0.00399893382564187,0,0.0409668534994125,0,0
"CRS3035RES50000mN5350000E4800000",0,0,0,0,0,0,0,0,0,0,0,0,0,0,0,0,0,0,0,0,0,0,0,0,0,0,0.379710555076599,0,0,0,0.0576802082359791,0.472138702869415,0,0,0,0.0706844702363014,0,0,0.0155212190002203,0,0.00426483945921063,0,0
"CRS3035RES50000mN5350000E4850000",0,0.000463381293229759,0,0,0,0,0,0,0,0,0,0,0,0,0,0,0,0,0,0,0,0,0.00090359355090186,0,0,0,0.26302295923233,0,0,0,0.11589165776968,0.587142705917358,0,0,0,0.00986229814589024,0,0,0,0,0.0227134060114622,0,0
"CRS3035RES50000mN5350000E4900000",0,0.00201521348208189,0,0,0,0.000482515897601843,0,0,0,0,0,0,0,0,0,0,0,0,0,0,0.00114952318836004,0,0.0228343550115824,0,0,0,0.277829825878143,0,0,0,0.210022136569023,0.428757935762405,0,0,0,0.0444056540727615,0,0,0.010189600288868,0,0.00231323787011206,0,0
"CRS3035RES50000mN5350000E4950000",0,0.00024540425511077,0,0,0,0,0,0,0,0,0,0,0,0,0,0,0,0,0,0,0.000791986414697021,0,0.033062644302845,0,0,0,0.168397516012192,0,0,0,0.259810596704483,0.506609201431274,0,0,0,0.0112160891294479,0,0,0,0,0.0198665894567966,0,0
"CRS3035RES50000mN5350000E5000000",0,0.00114706356544048,0,0,0,0.000134655289002694,0.00049872329691425,0,0,0,0.000144629753776826,0.000344119063811377,0,0,0,0,0,0,0,0,0.00101739552337676,0,0.0308759566396475,0,0.000179540380486287,0,0.0890171155333519,0,0,0.000194502077647485,0.315886318683624,0.524612009525299,0,0,0,0.0136949410662055,0,0,0.00796959828585386,0.00133159116376191,0.0129518434405327,0,0
"CRS3035RES50000mN5350000E5050000",0,0,0,0,0,0,0,0,0,0,0,0,0,0,0,0,0,0,0,0,0.00102585647255182,0,0.00299105164594948,0,0,0,0.269639581441879,0,0,0,0.247070744633675,0.460195541381836,0,0,0,0.0160305537283421,0,0,0.000951698224525899,0,0.0020949721802026,0,0
"CRS3035RES50000mN5350000E5100000",0,0.0125609450042248,0,0,0.00355342542752624,0.00256177177652717,0,0,0,0,0,0,0,0,0,0,0,0,0,0,0.0112387407571077,0,0,0,0,0,0.490620613098145,0,0,0,0.0068589374423027,0.30204114317894,0,0,0,0.145938351750374,0,0,0.00247913389466703,0,0.0221469309180975,0,0
"CRS3035RES50000mN5400000E4850000",0,0,0,0,0,0,0,0,0,0,0,0,0,0,0,0,0,0,0,0,0,0,0,0,0,0,0,0,0,0,0.334693878889084,0.665306150913239,0,0,0,0,0,0,0,0,0,0,0
"CRS3035RES50000mN5400000E4950000",0,0.00250375573523343,0,0,0,0.00118598947301507,0,0,0,0,0,0,0,0,0,0,0,0,0,0,5.27106458321214e-05,0,0,0,0,0,0.105500355362892,0,0,0,0.360593527555466,0.509738266468048,0,0,0,0.00484937941655517,0,0,0.000922436302062124,0,0.0146535588428378,0,0
"CRS3035RES50000mN5400000E5000000",0,0.0421994887292385,0,0,0,0,0,0,0,0,0,0,0,0,0,0,0,0,0,0,0.0485933497548103,0,0,0,0,0,0.282608687877655,0,0,0,0.12915600836277,0.45140665769577,0,0,0,0,0,0,0.0460358038544655,0,0,0,0
"CRS3035RES50000mN1900000E2600000",0.407617956399918,0.359863549470901,0.015349630266428,0.0176236499100924,0,0,0,0,0,0.0858442261815071,0,0.015349630266428,0,0,0,0,0,0.0113700963556767,0,0,0.04263786226511,0,0,0,0,0.000568504852708429,0,0,0,0,0,0,0,0,0,0,0,0,0,0,0,0,0.0437748730182648
"CRS3035RES50000mN1900000E2650000",0.0340932831168175,0.0840806290507317,0.0290813464671373,0.00348249939270318,0.00424171751365066,0.00242619635537267,0.00390061945654452,0.000880252628121525,0.000781224225647748,0.00815333984792233,0.00801580026745796,0.0145901869982481,0.0265396162867546,0.016614768654108,0.0330204777419567,0.000401615252485499,0.00200257473625243,0.0215221773833036,0.000682195764966309,0.130486443638802,0.0278544947504997,0.0361673794686794,0.0788651332259178,0.0560775958001614,0.0354191660881042,0.00724007794633508,0.00486339582130313,0.0227490290999413,0.0935653522610664,0.00440126331523061,0.000203558418434113,0.00033009474282153,0,0,0.000401615252485499,0,0.0131212659180164,0.0113607607781887,0.0054025505669415,0.000550157914403826,0.00119934417307377,0.000819735287223011,0.174411058425903
"CRS3035RES50000mN1900000E2700000",0.000503999995999038,0.00516799977049232,0.00229199999012053,0.000123999998322688,0,0,0.000203999996301718,0,0,0,0.0011680000461638,0.0865719988942146,0.0287200007587671,0.0137040000408888,0.014572000131011,0,0.00728000001981854,0.0406319983303547,0.0103519996628165,0.0367680005729198,0.00531199993565679,0.324463993310928,0.205791994929314,0.0211759991943836,0.12279599905014,0.000531999976374209,0.000123999998322688,0.000419999996665865,0.0651480033993721,0,0,0,0,0,0,0,0,0.00112399994395673,0,0.00185999996028841,0.0031920000910759,0,0
"CRS3035RES50000mN1900000E2750000",0.00436400016769767,0.00412799976766109,0.00133600004483014,0,0,6.80000011925586e-05,0.000508000026457012,0.000136000002385117,0,0,0.000612000003457069,0.173124000430107,0.0189559999853373,0.000555999984499067,0.0208439994603395,0.000151999993249774,0.0572119988501072,0.09408800303936,0.0214719995856285,0.0204559992998838,0.00417600013315678,0.440135985612869,0.0747359991073608,0.000964000006206334,0.0024840000551194,0.003175999969244,0,0.00269600003957748,0.0472240000963211,0,0,0,0,0,0,0,0,0,0,0,0.00639599980786443,0,0
"CRS3035RES50000mN1900000E2800000",0.00248000002466142,0.00535599980503321,0.0044999998062849,0,0,0,0.00469599990174174,0,0.000264000002061948,0,0.000807999982498586,0.187591999769211,0.0775879994034767,0.000723999983165413,0.0292080007493496,0.00906800013035536,0.0993959978222847,0.137283995747566,0.00304799992591143,0.0344480015337467,0.00949199963361025,0.263871997594833,0.0693920031189919,0.000623999978415668,0,0.00592799996957183,0,0.00685600005090237,0.0328640006482601,0,0,0,0.000167999998666346,0,0,0,0,0,0,0.00127999996766448,0.0130639998242259,0,0
"CRS3035RES50000mN1900000E2850000",0.00603599986061454,0.0121520003303885,0.00623599998652935,0.00151600001845509,0,0.00140800001099706,0.00220400001853704,0.0010039999615401,0.000296000012895092,0.000103999998827931,0.000387999985832721,0.208544000983238,0.165212005376816,0.00233999988995492,0.0488720014691353,0.0240880008786917,0.0888720005750656,0.0527199991047382,0,0.012427999638021,0.00657200021669269,0.275680005550385,0.0223440006375313,0.00134399998933077,0.00011600000289036,0.0203559994697571,0,0.00977999996393919,0.020176000893116,0,0,0.000539999979082495,0.00195599999278784,0,0.000419999996665865,0,0,0,0,0.00244800001382828,0.00384799996390939,0,0
"CRS3035RES50000mN1900000E2900000",0.0072559998370707,0.00442000012844801,0.00473600020632148,0.00223600002937019,0,0,0.00127600005362183,0.000292000011540949,0,0.000432000000728294,0.000475999986520037,0.114004001021385,0.186711996793747,0.0300760008394718,0.0128079997375607,0.00730400020256639,0.067440003156662,0.0448760017752647,0.00117599999066442,0.0212200004607439,0.00989599991589785,0.301640003919601,0.0414559990167618,0.000123999998322688,0.000928000023122877,0.0541360005736351,0,0.0405279994010925,0.0312720015645027,0,0,0.00316799990832806,0.000192000006791204,0,0,0,0,0,0,0.00558800017461181,0.00433199992403388,0,0
"CRS3035RES50000mN1900000E2950000",0.00388800003565848,0.00261999992653728,0.00744799990206957,0.00031999999191612,0,0,0.000688000000081956,0.000167999998666346,0.000112000001536217,0,0.000151999993249774,0.17577999830246,0.0852359980344772,0.0811119973659515,0.000771999999415129,0.025127999484539,0.060164000838995,0.0285359993577003,0,0.0190600007772446,0.0199200008064508,0.204252004623413,0.0380359999835491,0.00378799997270107,0.00216399994678795,0.145520001649857,0,0.0373799987137318,0.0207839999347925,0,3.19999999192078e-05,0.00396399991586804,0.000623999978415668,0,0,0,0,0,0,0.00209999992512167,0.0302520003169775,0,0
"CRS3035RES50000mN1900000E3000000",0.00117599999066442,0.00113600003533065,0.00184799998532981,0.000144000005093403,0,0,0,9.99999974737875e-05,0,0,0,0.0859080031514168,0.00138399994466454,0,0.00176799995824695,0.00101200002245605,0.0453479997813702,0.0319439992308617,0,0.0094839995726943,0.0191200003027916,0.219628006219864,0.0807880014181137,0.081044003367424,0.0365200005471706,0.113903999328613,0,0.14563199877739,0.0677919983863831,0.000352000002749264,0.00176400004420429,0.0103000001981854,0,0,0,0,0,0,0,0.0135920001193881,0.028311999514699,0,0
"CRS3035RES50000mN1900000E3050000",0.00036000000545755,0.00144799996633083,0,0,0,0,0,0,0,0,0,0.259927988052368,0.015192000195384,0,0.000276000006124377,0.000192000006791204,0.0250959992408752,0.00350799993611872,0,0.00786400027573109,0.0194879993796349,0.0310280006378889,0.16865199804306,0.0438320003449917,0.0176679994910955,0.0896800011396408,0,0.198159992694855,0.106499999761581,0.000368000008165836,0.000855999998748302,0.00303200003691018,0,0,0,0,0,0,0,0,0.00687200017273426,0,0
"CRS3035RES50000mN1900000E3100000",0.00173200003337115,0.00166800001170486,0.000676000025123358,0.000216000000364147,0,0,0.000688000000081956,0,0,0,0,0.305088013410568,0.00368799990974367,0,0.0347280018031597,0.00391199998557568,0.0931039974093437,0.000996000017039478,0,0.0273400004953146,0.0245040003210306,0.0242839995771646,0.106292001903057,0.0092320004478097,0.0236360002309084,0.0934799984097481,0,0.14088399708271,0.0949599966406822,0,0.00083999999333173,0.00478400010615587,0,0,0,0,0,0,0,0,0.00326799997128546,0,0
"CRS3035RES50000mN1900000E3150000",0.00740000000223517,0.00425999984145164,0.00450399983674288,0.00166399998124689,0,0.000112000001536217,0.000663999991957098,0.000327999994624406,0.000704000005498528,0,0.000272000004770234,0.382880002260208,0.0248360000550747,0,0.348996013402939,0.000411999993957579,0.0613600015640259,0.00220800004899502,0.000723999983165413,0.0573440007865429,0.0178599990904331,0.00154399999883026,0.00800400041043758,0.000780000002123415,0.00391199998557568,0.0295320004224777,0,0.0099480003118515,0.0119160003960133,0,0,0.000344000000040978,0,0,0.0134359998628497,0,0,0,0,0,0.00405600015074015,0,0
"CRS3035RES50000mN1900000E3200000",0.00298399990424514,0.00672800000756979,0.00151199998799711,0.00152000004891306,0,0,0.000432000000728294,0,0.000172000000020489,0,0,0.481923997402191,0.0183600001037121,0,0.244156002998352,0.000896000012289733,0.0102399997413158,0.0007999999797903,0.000103999998827931,0.068351998925209,0.0236520003527403,0.00137600000016391,0.0300319995731115,0.0103959999978542,0.0159239992499352,0.0379480011761189,0,0.00919600017368793,0.0289960000663996,0,0,0.000636000011581928,0,0,0.00213599996641278,0,0,0,0,0,0.00152799999341369,0,0
"CRS3035RES50000mN1900000E3250000",0.00184799998532981,0.00225199991837144,0.00227999989874661,0.00163600000087172,0,0,0.00103199994191527,0.000268000003416091,0,0,0,0.553556025028229,0.0152799999341369,0,0.00952799990773201,0.000468000012915581,0.00431999983265996,0.000956000003498048,0,0.0211079996079206,0.0296679995954037,0.000260000000707805,0.0348719991743565,0.0628560036420822,0.125192001461983,0.0415600016713142,0,0.0360400006175041,0.0336479991674423,9.60000033956021e-05,0,0.000436000002082437,0,0,0,0,0,0,0,0,0.0208400003612041,0,0
"CRS3035RES50000mN1900000E3300000",0.000967999978456646,0.00152000004891306,0,0.000284000008832663,0,0,0.000192000006791204,0.00014000000373926,0,0,0,0.107859998941422,0.00168400001712143,0,0.0721239969134331,0.0243720002472401,0.00199200003407896,0.00337600009515882,0.000127999999676831,0.0304359998553991,0.0258600004017353,0,0.0174320004880428,0.225188001990318,0.0993480011820793,0.174344003200531,0,0.111859999597073,0.0898919999599457,0,0,0.000936000025831163,0.00394799979403615,0,0,0,0,0,0,0,0.00611600000411272,0,0
"CRS3035RES50000mN1900000E3350000",0.000991999986581504,0.00253599998541176,0.00115999998524785,0,0,0,0.00128800002858043,0.00179200002457947,0,0,0,0.0528559982776642,0.00153200002387166,0,0.0452480018138885,0.0527959987521172,0.00890799984335899,0.00144799996633083,0.000199999994947575,0.0574879981577396,0.0300360005348921,0,0.0186039991676807,0.310847997665405,0.0174880009144545,0.110408000648022,0,0.19030399620533,0.0863720029592514,7.20000025467016e-05,0.00105600000824779,0.00280399993062019,0,0,0,0,0,0,0,0,0.00376400002278388,0,0
"CRS3035RES50000mN1900000E3400000",0.00557726295664907,0.0197245664894581,0.0102399531751871,0.00166582968086004,0,0.000175565379322506,0.0016535809263587,0.00140044011641294,0.00036746243131347,0.000191897051990964,0,0.0109054679051042,0.00977041758596897,0.000232726204558276,0.000779836904257536,0.171621277928352,0.0247057229280472,0.00390735035762191,0.000571608194150031,0.0534167885780334,0.0341903381049633,0,0.0243750084191561,0.182396098971367,0.00253140786662698,0.145809084177017,0,0.213671237230301,0.0599372051656246,0.00253549078479409,0.00028988701524213,0.001890390063636,0.011579149402678,0,0,0,0.00236400822177529,0,0,0,0.00152292766142637,0,0
"CRS3035RES50000mN1900000E3450000",0.0277069658041,0.067650243639946,0.0546491630375385,0.000446115620434284,0.00275635719299316,0.000812567712273449,0.00286788609810174,0.00151360651943833,0,0.000669173430651426,0.00173666432965547,0.00167293357662857,0.00336179975420237,0,0,0.366882294416428,0.0209196358919144,0.0219074636697769,0,0.0604964643716812,0.0159167684614658,0,0.0010196928633377,0.0953731462359428,0.00164106814190745,0.0773054584860802,0,0.105761267244816,0.0504269972443581,0.0106430435553193,0.000621375336777419,0.000589509902056307,0,0,0,0,0.0016888661775738,0,0,0,0.00296348216943443,0,0
"CRS3035RES50000mN1900000E3700000",0,0,0,0,0,0,0,0,0,0,0,0,0,0,0,0,0,0,0,0,0,0,0,0,0,0,0,0.131578952074051,0,0,0,0.868421077728271,0,0,0,0,0,0,0,0,0,0,0
"CRS3035RES50000mN1900000E3750000",0.0206204056739807,0.061143983155489,0.00986193306744099,0,0,0,0.000717231479939073,0,0,0,0,0.172314867377281,0,0,0,0,0,0.348574489355087,0,0.111708804965019,0.0019723866134882,0,0.00878608599305153,0.0143446298316121,0.0753093063831329,0.0693921446800232,0,0.0952124819159508,0.0100412406027317,0,0,0,0,0,0,0,0,0,0,0,0,0,0
"CRS3035RES50000mN1900000E3800000",0,0.0135638555511832,0,0,0,0,0.00458496529608965,0,0,0,0.00315216346643865,0.181965798139572,0,0,0,0,0,0.0744101628661156,0,0.00563568621873856,0.113286845386028,0,0.0426974892616272,0.0628522336483002,0.188174605369568,0.0547330230474472,0,0.175279393792152,0.0644760727882385,0,0,0.00592224672436714,0.00267456308938563,0,0.00267456308938563,0,0.0039163245819509,0,0,0,0,0,0
"CRS3035RES50000mN1900000E4150000",0.00279729976318777,0.0166450887918472,0,0,0.000450804509455338,0.00145644531585276,0.000277418148471043,0,0,0,0.00112123170401901,0.158498242497444,0,0,0.00401100423187017,0,0.0675975605845451,0.0287358984351158,0.00431154062971473,0.0119867762550712,0.147771403193474,0.0522933229804039,0.0619220472872257,0.0258114486932755,0.00820695422589779,0.0865313485264778,0,0.299611628055573,0,0,0,0.00273950444534421,0.00992925837635994,0,0,0,0,0,0,0,0.00619567232206464,0.00109811360016465,0
"CRS3035RES50000mN1900000E4200000",0.000136000002385117,0.0104679996147752,0.00451999995857477,0.000292000011540949,0,0,0.00169199996162206,0,0,0,0.00047999998787418,0.268103986978531,0.000243999995291233,0,0.000268000003416091,0,0.00576400011777878,0.0836239978671074,0,0.0221439991146326,0.0942799970507622,0.194931998848915,0.145824000239372,0.00547200022265315,0.00163199997041374,0.0347639992833138,0,0.11175599694252,0.00876399967819452,0,0,1.20000004244503e-05,0.00329599995166063,0,0,0,0,0,0,0,0.00153200002387166,0,0
"CRS3035RES50000mN1900000E4250000",0.00044321853783913,0.011665684171021,0.00222039571963251,0.000249579374212772,0,0,0.00218166806735098,0,0,0.000107577317976393,0.000142002056236379,0.08060123026371,0,0,0.001880451454781,0.000236670093727298,0.00972498953342438,0.0092688612639904,0,0.0261068623512983,0.136907190084457,0.181409776210785,0.186285182833672,0.0427038930356503,0.00435042660683393,0.0232280939817429,0,0.241721928119659,0.00557680800557137,5.16371110279579e-05,0.00907952524721622,0.0186280887573957,0.00123498763423413,0,0,0,0.000839103071484715,0,0,0,0.00212142476812005,0.00103274220600724,0
"CRS3035RES50000mN1900000E4300000",0,0.0301182791590691,0,0,0,0,0,0,0,0,0,0.158761128783226,0,0,0,0,0.00938909873366356,0,0,0.0606023669242859,0.137300327420235,0.00109742709901184,0.0092671625316143,0.13144738972187,0.0173149611800909,0,0,0.414827466011047,0,0.0132910618558526,0,0,0.00170710892416537,0,0,0,0.0114620169624686,0,0,0,0,0.00341421784833074,0
"CRS3035RES50000mN1900000E4700000",0.0149870803579688,0.0611698366701603,0,0.00131548033095896,0,0,0,0,0,0,0,0.247404277324677,0.0782710835337639,0,0,0.0163495410233736,0.143904164433479,0.0111815836280584,0.0347662679851055,0.150387600064278,0.0491895712912083,0,0.0281418841332197,0.0359408035874367,0.00638947635889053,0.00502701429650187,0,0.0709419772028923,0.0247592199593782,0.00498003279790282,0,0.0109936576336622,0.0011275545693934,0,0,0,0,0,0,0.00277190515771508,0,0,0
"CRS3035RES50000mN1900000E4750000",0.00154704065062106,0.0140164541080594,0.00171548640355468,0,0,0,0,0,0,0,0,0.0748696774244308,0.000469874823465943,0,0.000984077458269894,0.00175981421489269,0.102831661701202,0.00455689895898104,0.0164367537945509,0.0805658027529716,0.0935937464237213,0,0.424789011478424,0.010842583142221,0.011977375485003,0.0386006608605385,0,0.0221018474549055,0.0488980114459991,0.00412248680368066,0.0018529025837779,0.0413977429270744,0.000230504621868022,0,0,0,0,0,0,0.00110376253724098,0.000735841691493988,0,0
"CRS3035RES50000mN1900000E4800000",0.000725306337699294,0.00879232492297888,0.00117257854435593,0.000193415020476095,0,0.000120884389616549,0.000971104600466788,0,0.000185356067959219,0,0.000145061261719093,0.126980990171432,0.00105975312180817,0,0.000769630598369986,0.000201473987544887,0.00863114558160305,0.0100011685863137,0.00476687448099256,0.0357213355600834,0.104029074311256,0.000326387846143916,0.453779846429825,0.0102187599986792,0.0340370163321495,0.0543294735252857,0,0.013297283090651,0.0823746547102928,0.00572186103090644,0.00344520504586399,0.0349637940526009,0,0,0.000237739295698702,0,0,0,0,0.000149090745253488,0.00265139760449529,0,0
"CRS3035RES50000mN1900000E4850000",0.00148948736023158,0.00776077387854457,0.00302438577637076,0,0.000204350391868502,0,0.000154398076119833,0,0,0,0.00137595925480127,0.333231925964355,0.00327868852764368,0,0.00233867671340704,0.0520321503281593,0.0347849763929844,0.00385541073046625,0.0124653736129403,0.0947913378477097,0.108650833368301,0.000136233589728363,0.12874074280262,0.023527542129159,0.0279505923390388,0.00865083374083042,0,0.0152127519249916,0.0738386064767838,0.023886289447546,0,0.0310430955141783,0,0,0.000549475487787277,0,0.00138504151254892,0.000140774718602188,0,0,0.00549929635599256,0,0
"CRS3035RES50000mN1900000E4900000",0,0.0848645567893982,0,0,0.00492517510429025,0,0,0,0,0,0.0238681565970182,0.492706954479218,0,0,0.0411062687635422,0.0752036347985268,0.00018942981841974,0,0,0.0947149097919464,0.00530403479933739,0,0,0.133926883339882,0,0,0,0.0219738595187664,0.0106080695986748,0.0106080695986748,0,0,0,0,0,0,0,0,0,0,0,0,0
"CRS3035RES50000mN1900000E4950000",0.0137414922937751,0.0836424604058266,0.00622560549527407,0,0,0,0.000967710744589567,0.00112899579107761,0,0,0,0.177639424800873,0,0,0.099835492670536,0,0.302828937768936,0.0479339361190796,0.0026128189638257,0.187155246734619,0.0124189546331763,0,0.00980613566935062,0.00741911539807916,0,0,0,0.0300958026200533,0.00158059422392398,0.00319344527088106,0.00251604779623449,0,0,0,0,0,0.00925776548683643,0,0,0,0,0,0
"CRS3035RES50000mN1900000E5000000",0.0447988882660866,0.0345565862953663,0.00959525257349014,0,0,0.00109419552609324,0.00642313808202744,0,0,0,0.00133618107065558,0.194146052002907,0,0,0.0208896659314632,0.000610224436968565,0.422943383455276,0.0138142183423042,0.00639683520421386,0.210906177759171,0.0061495890840888,0.000704914389643818,0.000299851642921567,0.0081433393061161,0.00188327883370221,0.00199901103042066,0,0.00356665649451315,0,0.00024198554456234,0,0.00438204267993569,0.000946899934206158,0,0,0,0.0030090375803411,0,0,0,0,0.0011625827755779,0
"CRS3035RES50000mN1950000E2600000",0.0343869253993034,0.231741204857826,0.0369066596031189,0.002445621881634,0,0.00177863414864987,0,0,0,0.0028902804479003,0.0276429392397404,0.0582873225212097,0.00485418923199177,0,0,0,0,0.0117463963106275,0.00188979879021645,0.135583803057671,0.147070810198784,0,0.0318301394581795,0.0545818358659744,0.063697338104248,0.0118205063045025,0.107088595628738,0,0.0314966477453709,0.00226034759543836,0,0,0,0,0,0,0,0,0,0,0,0,0
"CRS3035RES50000mN1950000E2650000",0.0177207663655281,0.0773151367902756,0.023057758808136,0.00357020739465952,0,0.00348064675927162,0.00623666774481535,0.000541433924809098,0.00166501116473228,0.00154695415403694,0.00348064675927162,0.0349204540252686,0.0732645615935326,0.0423091948032379,0.132113948464394,0.00938349775969982,0.00318753975443542,0.0227605812251568,0.000207617529667914,0.152814641594887,0.104390904307365,0.0179161708801985,0.071269802749157,0.00684323674067855,0.0288466233760118,0.0139877218753099,0.0199842043220997,0.00584585824981332,0.0642026662826538,0.000240184977883473,0,0,0,0,0.000594356039073318,0,0.00510494876652956,0.00134340755175799,0.0019459055038169,0.00602090824395418,0.000618781661614776,0,0.0412670373916626
"CRS3035RES50000mN1950000E2700000",0.0039079999551177,0.0123239997774363,0.00295599992386997,0.00100000004749745,0,0.000224000003072433,0.000660000019706786,0,0,0,0.00144799996633083,0.0174240004271269,0.131520003080368,0.036956001073122,0.0459199994802475,0.000464000011561438,0.00598399993032217,0.00954800006002188,0.0113080004230142,0.10656800121069,0.031147999688983,0.0699959993362427,0.276856005191803,0.0188560001552105,0.0878520011901855,0.00115999998524785,0.00330800004303455,0,0.111460000276566,0.00095999997574836,0,0,0,0,0.000384000013582408,0,0,0,0,0.00785200018435717,0.00195599999278784,0,0
"CRS3035RES50000mN1950000E2750000",0.00131199997849762,0.00211600004695356,0.000415999995311722,0,0,0.000500000023748726,0,0.000151999993249774,0,0,0.00011600000289036,0.0653159990906715,0.0297919996082783,0.00372399995103478,0.00212400010786951,0.000864000001456589,0.0630320012569427,0.0241160001605749,0.00937199965119362,0.0202840007841587,0.0198800005018711,0.189684003591537,0.29695200920105,0.00369199994020164,0.0642919987440109,0.00221999990753829,0.000644000014290214,0.000528000004123896,0.186376005411148,0,0,9.99999974737875e-05,0,0,0,0,0,0,0,0,0.0123960003256798,0,0
"CRS3035RES50000mN1950000E2800000",0.00236800010316074,0.00249599991366267,0.00111199996899813,0,0,0,0.000448000006144866,0,0.000323999993270263,0,0.000224000003072433,0.0529999993741512,0.0061960001476109,0,0.00183199997991323,0.000184000004082918,0.0661320015788078,0.12075600028038,0.00562800001353025,0.0419359989464283,0.0466560013592243,0.25093999505043,0.10224000364542,0.00852799974381924,0.0138199999928474,0.0306599996984005,0,0.106884002685547,0.103620000183582,0,0.000752000021748245,0.0309399999678135,0.000284000008832663,0,0,0,0,0,0,0,0.00203999993391335,0,0
"CRS3035RES50000mN1950000E2850000",0.000923999992664903,0.00129599997308105,0.000763999996706843,0,0,0,0,0,0,0,0,0.0383960008621216,0.00216399994678795,0,0,0.000427999999374151,0.008627999573946,0.0161760002374649,0,0.00370800006203353,0.00620799977332354,0.445944011211395,0.0524439997971058,0.00396799994632602,0.000112000001536217,0.232199996709824,0,0.12695999443531,0.0495960004627705,0,0,0.00350399990566075,0.00141999998595566,0,0,0,0,0,0,0,0.00516000017523766,0,0
"CRS3035RES50000mN1950000E2900000",0.00300000002607703,0.00544400000944734,0.00342399999499321,0.000544000009540468,0,0,0.00167599995620549,0,0.000264000002061948,0.000380000012228265,0.000571999989915639,0.124623998999596,0.00350799993611872,0,0.000224000003072433,0.000528000004123896,0.00779200019314885,0.204239994287491,0,0.00540400017052889,0.00490800011903048,0.208151996135712,0.0369520001113415,0,0.00110800005495548,0.199451997876167,0,0.0774039998650551,0.0960159972310066,0,0,0.00526800006628036,0,0,0,0,0,0,0,0.000571999989915639,0.00854399986565113,0,0
"CRS3035RES50000mN1950000E2950000",0.00128800002858043,0.00236000004224479,0.00272400001995265,0.000511999998707324,0,0,0,0,0,0,0,0.0612839981913567,0.0081599997356534,0,0.000944000028539449,0.00553599977865815,0.0228439997881651,0.0649959966540337,0,0.0124399997293949,0.0144400000572205,0.266571998596191,0.110884003341198,0.00689199985936284,0.000975999981164932,0.109711997210979,0,0.177044004201889,0.108344003558159,0,0.000352000002749264,0.0104480003938079,0.00011600000289036,0,0,0,0,0,0,0.000699999975040555,0.010432000271976,0,0
"CRS3035RES50000mN1950000E3000000",0.00290800002403557,0.00276400009170175,0.000956000003498048,0,0,0,0.000243999995291233,0,0,0,0.000587999995332211,0.191003993153572,0.0427640005946159,0,0.000203999996301718,0.00503200013190508,0.0447599999606609,0.00604399992153049,0,0.0224840007722378,0.0494120009243488,0.0950879976153374,0.124555997550488,0.030799999833107,0.0199480000883341,0.0919559970498085,0,0.160796001553535,0.0722199976444244,0,0.00197599991224706,0.00777200004085898,0,0,0,0,0,0,0,0.0021720000077039,0.0235520005226135,0,0
"CRS3035RES50000mN1950000E3050000",0.00417600013315678,0.00777600007131696,0.00255599990487099,0,0,0,0.00198399997316301,0,0,0.000348000001395121,0.00039999998989515,0.342168003320694,0.0608600005507469,0,0.00635199993848801,0.00517999986186624,0.116604000329971,0.00103599997237325,0.000272000004770234,0.0454879999160767,0.0427360013127327,0.0262960009276867,0.0846399962902069,0.0278600007295609,0.0118199996650219,0.0958880037069321,0,0.0537719987332821,0.0540079995989799,0,0.000655999989248812,0.000584000023081899,0.00014000000373926,0,7.5999996624887e-05,0,0,0,0,0.00442800018936396,0.00189600000157952,0,0
"CRS3035RES50000mN1950000E3100000",0.00871600024402142,0.0223440006375313,0.0103359995409846,0.00398800009861588,0,0,0.00612000003457069,0.00181199994403869,0,0.000511999998707324,0.000760000024456531,0.492080003023148,0.0567639991641045,0,0.0167159996926785,0.00126399996224791,0.112148001790047,0.00530799990519881,0,0.047495998442173,0.0355480015277863,0.00999199971556664,0.0251759998500347,0.00474399980157614,0.00330400001257658,0.0947280004620552,0,0.0146239995956421,0.0190600007772446,0,0,0.000236000007134862,0,0,6.80000011925586e-05,0,0,0,0,0.00392800010740757,0.00222799996845424,0,0
"CRS3035RES50000mN1950000E3150000",0.00525599997490644,0.0112880002707243,0.00567999994382262,0.0056360000744462,0,0.000127999999676831,0.00709199998527765,0.00052000000141561,0,0.00112799997441471,0.000475999986520037,0.476772010326385,0.0530520007014275,0,0.0606920011341572,0.000132000001030974,0.0734400004148483,0.00522400019690394,0.000327999994624406,0.0609240010380745,0.0241039991378784,0.0204280000180006,0.0147439995780587,0.0157040003687143,0.00110800005495548,0.0440480001270771,0,0.0911559984087944,0.0163839999586344,0,0,0.00134399998933077,0,0,0.00153200002387166,0,0,0,0,0.00097200000891462,0.000707999977748841,0,0
"CRS3035RES50000mN1950000E3200000",0.000763999996706843,0.00891199987381697,0.00252399989403784,0.000407999992603436,0,0,0.000939999998081475,0,0,0,0,0.643559992313385,0.0163839999586344,0,0.0229480005800724,0.0011680000461638,0.0190999992191792,0.00231199990957975,0,0.0292440000921488,0.0299440007656813,0.00343600008636713,0.0184480007737875,0.0184400007128716,0.0271639991551638,0.0753199979662895,0,0.0403800010681152,0.0242880005389452,0,0,0.0117920003831387,0,0,0.000815999985206872,0,0,0,0,0,0.00170799996703863,0,0
"CRS3035RES50000mN1950000E3250000",0.000823999987915158,0.00362799991853535,0.0014519999967888,0.000276000006124377,0,0,0.000472000014269724,0.000119999996968545,0,0,0.000307999987853691,0.376044005155563,0.0085479998961091,0,0,0,0.0112519999966025,0.00237999996170402,0,0.00858800020068884,0.0452480018138885,0,0.0656199976801872,0.133335992693901,0.138515993952751,0.099651999771595,0,0.0429200008511543,0.0525839999318123,0,0,0.00806399993598461,0,0,0.000167999998666346,0,0,0,0,0,0,0,0
"CRS3035RES50000mN1950000E3300000",9.99999974737875e-05,0.000472000014269724,0.000108000000182074,0,0,0,0,0,0,0,0,0.0530759990215302,0.00664399983361363,0,0,0.000720000010915101,0,0.00206000008620322,0.000247999996645376,0.00353599991649389,0.0192799996584654,0,0.00906400009989738,0.487107992172241,0.0766559988260269,0.151439994573593,0,0.0902319997549057,0.0954800024628639,0,0.000391999987186864,0.00285999989137053,0,0,0.000136000002385117,0,0,0,0,0,0.000387999985832721,0,0
"CRS3035RES50000mN1950000E3350000",0.000531999976374209,0.00398000003769994,0.00170000002253801,0.000552000012248755,0,0.00144799996633083,0.000956000003498048,0.000112000001536217,0.000552000012248755,0,0,0.153472006320953,0.0155239999294281,0,0,0.0117880003526807,0,0.00343600008636713,0,0.0153240002691746,0.0346000008285046,0,0.0380159988999367,0.229568004608154,0.0761400014162064,0.0944719985127449,0,0.240168005228043,0.0608480013906956,0.000108000000182074,0,0.0161840002983809,0,0,0,0,0,0,0,0,0.00052000000141561,0,0
"CRS3035RES50000mN1950000E3400000",0.000576000020373613,0.00117199996020645,0.000195999993593432,0.000132000001030974,0,0,0,0,0,0,0.000123999998322688,0.0587520003318787,0.00183600001037121,0,0,0.00339199998416007,0.000268000003416091,0.0106840003281832,0,0.00810000021010637,0.0594159997999668,0,0.0477639995515347,0.378924012184143,0.0658800005912781,0.11557199805975,0,0.160436004400253,0.0831679999828339,0,0,0.00248000002466142,0,0,0,0,0,0,0,0,0.00112799997441471,0,0
"CRS3035RES50000mN1950000E3450000",0.000990299275144935,0.00402440782636404,0.00158869288861752,0.000214916013646871,0,0.0021196617744863,0,0,0,0,0.000105350984085817,0.0133585054427385,0.00305096455849707,0,0.00198481255210936,0.114457525312901,0.0758105739951134,0.00530126178637147,0.00027812659391202,0.0753512382507324,0.0278632286936045,0,0.0915542244911194,0.0780187249183655,0.00863456726074219,0.190904423594475,0,0.260098934173584,0.0277705211192369,0.00301303830929101,0.000754313077777624,0.0098987789824605,0,0,0,0,0.00252842367626727,0,0,0,0,0.000324481050483882,0
"CRS3035RES50000mN1950000E3500000",0.0134175671264529,0.0235714018344879,0.0157079063355923,0.000572584627661854,0.00265297549776733,0,0.00284383702091873,0,0,0,0.00349276629276574,0.011795244179666,0.0373706929385662,0.0604649372398853,0,0.280165672302246,0.126140400767326,0.00486696930602193,0,0.116769097745419,0.0184372253715992,0,0.00141237548086792,0.00158415082842112,0.000629843096248806,0.017311142757535,0,0.168836131691933,0.00345459394156933,0.0277512688189745,0,0.00127877236809582,0,0,0.00765354791656137,0,0.0159369390457869,0.02086116746068,0,0,0,0.0150208035483956,0
"CRS3035RES50000mN1950000E4150000",0.00212765950709581,0.0268837437033653,0.0279652047902346,0,0.000528976146597415,0.00192782410886139,0.00289173610508442,0.00106970733031631,0,0,0.00101093214470893,0.478241443634033,0.0224285889416933,0,0.00624191854149103,0.000364405772415921,0.108769245445728,0.0106382975354791,0.000587751273997128,0.0298577640205622,0.0653579384088516,0,0.0147172920405865,0.0162689555436373,0,0.00538380164653063,0,0.160185724496841,0.000282120599877089,0,0.00352650764398277,0.00785235688090324,0,0,0,0,0.00152815331239253,0.000552486162632704,0,0,0.000458445982076228,0.00235100509598851,0
"CRS3035RES50000mN1950000E4200000",0.00184134440496564,0.013830772601068,0.00217237253673375,0.000134480214910582,0,0,0.000998256960883737,0,0,0,0.0012568726669997,0.280836045742035,0,0,0.00523955561220646,0,0.0143376588821411,0.0087205246090889,0.000781019683927298,0.0249978024512529,0.125645890831947,0.094617173075676,0.148900628089905,0.0155324637889862,0.00560679007321596,0.0155324637889862,0,0.211775287985802,0.00633091432973742,0.000165514109539799,0.000305166613543406,0.0118963262066245,0,0,0,0,0.00035171746276319,0,0,0.000258615793427452,0.0079343318939209,0,0
"CRS3035RES50000mN1950000E4250000",0.00249100872315466,0.0251017045229673,0.00479040155187249,0,0.000908947957213968,0.00106617144774646,0.00102686556056142,0,0,0.000157223432324827,0.000766464218031615,0.124231077730656,0,0,0.00799382943660021,0,0,0.00244678976014256,0.000481496768770739,0.0066819959320128,0.0904771760106087,0.109152369201183,0.130318567156792,0.0341617055237293,0.00288406736217439,0.00288898055441678,0,0.401509344577789,0.0121012907475233,0,0.00282019539736211,0.0196234490722418,0.00957097671926022,0,0,0,0.00384706095792353,0,0,0,0.00231413240544498,0.000186702833161689,0
"CRS3035RES50000mN1950000E4600000",0,0.282029241323471,0,0,0,0,0,0,0,0,0,0,0,0,0,0,0,0,0,0.477214097976685,0.0636285468935966,0,0.0644883885979652,0,0,0,0,0.0902837514877319,0,0,0,0.0223559755831957,0,0,0,0,0,0,0,0,0,0,0
"CRS3035RES50000mN1950000E4650000",0.187221899628639,0.107068322598934,0.0431482568383217,0.00701909838244319,0.00428233901038766,0.00248080329038203,0.00296318181790411,0.00282535934820771,0.00025595590705052,0.00577869638800621,0.00396731635555625,0.175152584910393,0.00974601320922375,0,0.000364244944648817,0.0540362261235714,0.00339633785188198,0.00116164598148316,0.00319944880902767,0.199537307024002,0.0631128177046776,0,0.0459736175835133,0.00811183266341686,0.00688127567991614,0.00352431577630341,0,0.015367197804153,0.00887970067560673,0.00381964957341552,0.00469580618664622,0.00195904704742134,0.0184977352619171,0,0,0,0.000216578060644679,0,0,0,0.00535538513213396,0,0
"CRS3035RES50000mN1950000E4700000",0.0309351831674576,0.0719158127903938,0.0124419992789626,0.000420951924752444,0.000760583614464849,0.000502272159792483,0.00311887101270258,0,0,0.000196125329239294,0.000631427916232497,0.0906960070133209,0.00430997367948294,0,0.000803635513875633,0.127132266759872,0.0233341306447983,0.00526189897209406,0.00685481959953904,0.139129400253296,0.0616264045238495,0,0.340071767568588,0.00200430513359606,0.00430518994107842,0.00763453729450703,0,0.010705572552979,0.0413633100688457,0.000248744327109307,0,0.00699832569807768,0.00659650797024369,0,0,0,0,0,0,0,0,0,0
"CRS3035RES50000mN1950000E4750000",0.0027560000307858,0.0131919998675585,0.00535599980503321,0.000544000009540468,0,0,0.00081200001295656,0,0,0,0,0.257259994745255,0,0,0.000188000005437061,0.00196400005370378,0.0580920018255711,0.0144480001181364,0.0085479998961091,0.0684840008616447,0.0850280001759529,0.000307999987853691,0.338120013475418,0.00431599980220199,0.00843599997460842,0.0391039997339249,0,0.00167200004216284,0.0615160018205643,0.000707999977748841,0.000323999993270263,0.0262359995394945,0.00023999999393709,0,0.000199999994947575,0,0,0,0,0.000311999989207834,0.00183600001037121,0,0
"CRS3035RES50000mN1950000E4800000",0.00200799992308021,0.00933200027793646,0.0033160001039505,0.00014000000373926,0,0,0.00011600000289036,0,0,0,0,0.494244009256363,0,0,0.000452000007499009,0,0.0118399998173118,0.00900399964302778,0,0.0462919995188713,0.073515996336937,0.000300000014249235,0.268624007701874,0.00319599988870323,0.00736800022423267,0.0133600002154708,0,0.00331200007349253,0.0465719997882843,0.00113600003533065,0.000132000001030974,0.00218799989670515,0,0,0.000731999985873699,0,0,0,0,0,0.00282000005245209,0,0
"CRS3035RES50000mN1950000E4850000",0.00836400035768747,0.004763999953866,0.00817599985748529,0.000268000003416091,0,0,0.00170799996703863,1.99999994947575e-05,0.000331999995978549,0,1.99999994947575e-05,0.587776005268097,1.99999994947575e-05,0,0.00300800008699298,0.0025919999461621,0.0687879994511604,0.0126240001991391,0.0201239995658398,0.0554080009460449,0.0317919999361038,0,0.0550640001893044,0.0261480007320642,0.00584799982607365,0.0240080002695322,0,0.0236600004136562,0.0284919999539852,0.00300800008699298,0,0.0201600007712841,0.00433199992403388,0,0.000195999993593432,0,0,0,0,0,0.00329999998211861,0,0
"CRS3035RES50000mN1950000E4900000",0.0140468319877982,0.0268373303115368,0.0150018315762281,0.000394053058698773,0.00473790848627687,0.00262392964214087,0.00486307824030519,0.000774198328144848,0,0,0.000463591830339283,0.270464092493057,0,0,0.0824822559952736,0.0399152562022209,0.0702851563692093,0.0162674374878407,0.0249226968735456,0.224364534020424,0.033526960760355,0,0.0929965153336525,0.018117168918252,0.00449684076011181,0.00910030771046877,0,0.0411252304911613,0.000449684070190415,0.000152985303429887,0,0.000611941213719547,0.000268883246462792,0,0,0,0.000709295505657792,0,0,0,0,0,0
"CRS3035RES50000mN1950000E4950000",0.024225452914834,0.0178573057055473,0.0118911657482386,0,0.00120601907838136,0.00278206681832671,0.00229783193208277,0.00184557470493019,0,0,0.00207855575717986,0.191738769412041,0,0,0.112721674144268,0.00199175882153213,0.393719553947449,0.013426098972559,0.0185608174651861,0.17379467189312,0.0117175718769431,0,0.00645494321361184,0.00218362547457218,0,0.00110551749821752,0,0.00578340981155634,0.000744625460356474,0,0.000214707950362936,0,0,0,0.000201003189431503,0,0.000443120661657304,0,0,0,0.00101415242534131,0,0
"CRS3035RES50000mN1950000E5000000",0.0411992184817791,0.0672968253493309,0.0182365011423826,0.000588787603192031,0,0.000588787603192031,0.00436021061614156,0,0,0,0.00439203716814518,0.15380086004734,0,0,0.082828089594841,0,0.309240788221359,0.109530404210091,0.00494899833574891,0.147069588303566,0.0114256618544459,0,0.00109800929203629,0.00781336985528469,0.00235515041276813,0.00657214224338531,0,0.00864085555076599,0,0.000509221688844264,0,0,0,0,0,0,0.0167406629770994,0.000763832533266395,0,0,0,0,0
"CRS3035RES50000mN1500000E4450000",0.0161643829196692,0.0895890444517136,0,0,0.0104109589010477,0.0405479446053505,0,0,0,0,0,0,0,0,0.480273962020874,0,0,0,0,0.0657534226775169,0.0599999986588955,0,0,0.0890410989522934,0,0,0,0.141643837094307,0,0,0,0,0,0,0,0,0,0,0,0,0.00657534226775169,0,0
"CRS3035RES50000mN1500000E4500000",0,0.0489626564085484,0,0,0,0,0,0,0,0,0,0,0,0,0.535269737243652,0,0,0,0,0,0.0497925318777561,0,0,0.263485491275787,0,0,0,0.0956431552767754,0,0,0.00684647308662534,0,0,0,0,0,0,0,0,0,0,0,0
"CRS3035RES50000mN2000000E2650000",0.0111172329634428,0.0486296713352203,0.00568195851519704,0.00217904336750507,0.00115941558033228,0,0.00480211805552244,0,0.00051803671522066,0,0.00793500710278749,0.014439245685935,0.0327678769826889,0,0.0520503558218479,0.11408320069313,0.000337135017616674,0.00105251907370985,0.00721140019595623,0.257308006286621,0.110646069049835,0,0.0922927632927895,0.0413524881005287,0.0858625322580338,0.00235172221437097,0.0126631194725633,0.00616710400208831,0.073067843914032,0.00571484956890345,0,0.000600264756940305,0,0,0.00102785066701472,0,0.00112652429379523,0,0.000608487578574568,0,0.000748275255318731,0.00449787452816963,0
"CRS3035RES50000mN2000000E2700000",0.00641599996015429,0.0466759987175465,0.00906400009989738,0.00204399996437132,0,0.000939999998081475,0.0080960001796484,0.000668000022415072,0.00015999999595806,0,0.000216000000364147,0.011459999717772,0.0527999997138977,0,0.014635999687016,0.0104799997061491,0.108351998031139,0.00245200004428625,0.0430399999022484,0.131548002362251,0.104291997849941,0.00196400005370378,0.0739559978246689,0.0390839986503124,0.0911239981651306,0.00819199997931719,0.00469599990174174,0.09808000177145,0.124364003539085,0.000883999979123473,0,0.000444000004790723,0.000384000013582408,0,0.00101200002245605,0,0,0,0,0.00247599999420345,0,0,0
"CRS3035RES50000mN2000000E2750000",0.000912000017706305,0.010487999767065,0.00438799988478422,0.000192000006791204,0,0.000127999999676831,0.000119999996968545,0,0,0,0,0.00215200008824468,0.00937999971210957,0,0.00112399994395673,0.00115599995478988,0.0529160015285015,0.000728000013623387,0.0253120008856058,0.0642080008983612,0.0766120031476021,0.00290800002403557,0.0899560004472733,0.0710159987211227,0.0602560006082058,0.000584000023081899,0.0212239995598793,0.0137080000713468,0.451555997133255,0.000144000005093403,0,0,0.0200599990785122,0,0,0,0,0,0,0.00529999984428287,0.0134720001369715,0,0
"CRS3035RES50000mN2000000E2800000",0.000996000017039478,0.00575600005686283,0.00203599990345538,0,0,0.000211999999010004,0.000176000001374632,0,0,0.000207999997655861,0.000307999987853691,0.0478040017187595,0.0117960004135966,0,0.000323999993270263,0.000300000014249235,0.066940002143383,0.0357679985463619,0.0084840003401041,0.0564000010490417,0.0718479976058006,0.112759999930859,0.0852280035614967,0.0592559985816479,0.00489600002765656,0.0134239997714758,0.00535599980503321,0.0887800008058548,0.307251989841461,0,0,0.000395999988541007,0.00473999977111816,0,0,0,0,0,0,0.00603999989107251,0.00251600006595254,0,0
"CRS3035RES50000mN1500000E4700000",0.0151955215260386,0.0443237796425819,0.00978658907115459,0,0.000568253570236266,0,0.000715578556992114,0,0,0,0.00389358936809003,0.326808929443359,0.150208353996277,0,0.000947089283727109,0.00740834278985858,0.029486047104001,0,0.256471782922745,0.0378414765000343,0.0676221773028374,0,0.00345161417499185,0.0203518960624933,0.00248347851447761,0,0,0.0224354919046164,0,0,0,0,0,0,0,0,0,0,0,0,0,0,0
"CRS3035RES50000mN2000000E2850000",0.000511999998707324,0.00178000004962087,0.000195999993593432,0,0,0,0,0.000384000013582408,0,0,0.000432000000728294,0.0728079974651337,0.0328759998083115,0,0.000663999991957098,0.00011600000289036,0.0455759987235069,0.0442040003836155,0.00213999999687076,0.0103280004113913,0.0257040001451969,0.170836001634598,0.0877199992537498,0.0125360004603863,0.00428800005465746,0.137380003929138,0,0.140900000929832,0.184839993715286,0,0,0.00382400001399219,0,0,0,0,0,0,0,0.00370800006203353,0.0162480007857084,0,0
"CRS3035RES50000mN2000000E2900000",0.00322799989953637,0.00168400001712143,0.00178799999412149,0.00306800007820129,0,0,0.00145600002724677,0,0.000151999993249774,0,0.000380000012228265,0.0284759998321533,0.180408000946045,0.000536000006832182,0,0.00391199998557568,0.0254040006548166,0.00999999977648258,0,0.0123359998688102,0.0169200003147125,0.321424007415771,0.0332400016486645,0.00579999992623925,0.00375599996186793,0.174723997712135,0,0.09757199883461,0.0490199998021126,0,0,0.00191999995149672,2.80000003840541e-05,0,0,0,0,0,0,0.00667600007727742,0.01609200052917,0,0
"CRS3035RES50000mN2000000E2950000",0.00360799999907613,0.00286799995228648,0.00362799991853535,0.00242400006391108,0,0,0,0.000127999999676831,0.000456000008853152,0,0.000487999990582466,0.0188120007514954,0.0819239988923073,0,0,0.0353199988603592,0.0179760009050369,0.00984000042080879,0,0.0203159991651773,0.0241160001605749,0.287184000015259,0.113044001162052,0.0128800002858043,0.00125199998728931,0.104736000299454,0.0264720004051924,0.13900800049305,0.0440559983253479,0,0.00820800010114908,0.0289040002971888,0.00141200004145503,0,0,0,0,0,0,0.00357599998824298,0.0073640001937747,0,0
"CRS3035RES50000mN2000000E3000000",0.00132399995345622,0.0033400000538677,0.000211999999010004,7.999999797903e-05,0,0,9.99999974737875e-05,0,0,0,0.000348000001395121,0.0741960033774376,0.0420479997992516,0,0.000432000000728294,0.00337200006470084,0.0116440001875162,0.0308720003813505,0.000180000002728775,0.0189399998635054,0.0354279987514019,0.0853200033307076,0.168691992759705,0.0617000013589859,0.0205719992518425,0.104255996644497,0.0329920016229153,0.152071997523308,0.0557079985737801,0,0.0282199997454882,0.0593560002744198,0.000288000010186806,0,0,0,0,0,0,0.000296000012895092,0.00801199954003096,0,0
"CRS3035RES50000mN2000000E3050000",0.00167999998666346,0.0185560006648302,0.000715999980457127,0.00014000000373926,0,0.000192000006791204,0.000452000007499009,0.000536000006832182,0,0,0.000444000004790723,0.0821600034832954,0.00916399993002415,0,0.0152920000255108,0.000148000006447546,0.00682799983769655,0.0274000000208616,0.000755999993998557,0.0299880001693964,0.0681559965014458,0.0296880006790161,0.170752003788948,0.0696280002593994,0.108251996338367,0.113063998520374,0,0.163080006837845,0.0593039989471436,0,0.00194400001782924,0.0161760002374649,0.000103999998827931,0,0,0,0,0,0,0,0.00540000014007092,0,0
"CRS3035RES50000mN2000000E3100000",0.00433199992403388,0.0757519975304604,0.0184400007128716,0.00693200016394258,0,0.000127999999676831,0.00036000000545755,0.000487999990582466,0.00113600003533065,0.00388400000520051,0.00414399988949299,0.245140001177788,0.00298000010661781,0,0.0470839999616146,0,0.00722800008952618,0.029492000117898,0,0.0693800002336502,0.0354759991168976,0.0444200001657009,0.130528002977371,0.0437760017812252,0.0484640002250671,0.0588879995048046,0,0.0694999992847443,0.0463639982044697,0,0,0.00188400002662092,0,0,0,0,0,0,0,0,0.00380000006407499,0,0
"CRS3035RES50000mN2000000E3150000",0.0300799999386072,0.101687997579575,0.0668400004506111,0.020643999800086,0,0.0183119997382164,0.00618800008669496,0.00486399978399277,0.0128520000725985,0.0240839999169111,0.0131799997761846,0.288044005632401,0.0504480004310608,0,0.00404000002890825,0.000339999998686835,0.0442119985818863,0.0417560003697872,0,0.0186599995940924,0.0111079998314381,0.0248039998114109,0.0658560022711754,0.0148959998041391,0.00220800004899502,0.0341599993407726,0,0.0740559995174408,0.0201719999313354,0,0,0.00300000002607703,0,0,0.000255999999353662,0,0,0,0,0,0.00325200008228421,0,0
"CRS3035RES50000mN2000000E3200000",0.00172800000291318,0.0162920001894236,0.00632400019094348,0.000636000011581928,0,0,0.000103999998827931,0,0,0.000251999997999519,0.000676000025123358,0.389483988285065,0.0253120008856058,0,0.00347999995574355,0.000127999999676831,0.048955999314785,0.00498000020161271,0.000788000004831702,0.028651999309659,0.0416879989206791,0.0120479995384812,0.100156001746655,0.0349280014634132,0.0425200015306473,0.0878359973430634,0,0.076944001019001,0.0393440015614033,0.000331999995978549,0,0.00789199955761433,0.000671999994665384,0,0.000148000006447546,0,0,0,0,0.000251999997999519,0.0274480003863573,0,0
"CRS3035RES50000mN2000000E3250000",0.000268000003416091,0.00121200003195554,0.000368000008165836,0,0,0,0,0,0,0,0,0.189444005489349,0.00740800006315112,0,0,0,0.0258120000362396,0.00398400006815791,0.000148000006447546,0.0138879995793104,0.0262359995394945,0,0.0842240005731583,0.384696006774902,0.058448001742363,0.101571999490261,0,0.0461319983005524,0.0475520007312298,0,0,0.00645999982953072,0,0,0,0,0,0,0,0,0.0021480000577867,0,0
"CRS3035RES50000mN2000000E3300000",0.000268000003416091,0.00081200001295656,9.99999974737875e-05,0,0,0,0.00306000001728535,0,0,0,0,0.167776003479958,0.00388800003565848,0,0,0,0,0.000276000006124377,0,0.000395999988541007,0.0255239997059107,0,0.0648880004882812,0.33924800157547,0.0460879988968372,0.166363999247551,0,0.123663999140263,0.05477200075984,0,0,0.00274399993941188,0,0,0.000108000000182074,0,0,0,0,0,2.40000008489005e-05,0,0
"CRS3035RES50000mN1500000E4750000",0.00937302503734827,0.0388487204909325,0.0063668736256659,0,0.00135662197135389,0,0.00138745433650911,0,0,0,0.000385403982363641,0.435475677251816,0.0703131034970284,0,0.00963509920984507,0.0544807054102421,0.0509812384843826,0,0.138992086052895,0.111890479922295,0,0,0.0158786438405514,0.00104829878546298,0.000277490878943354,0,0,0.0411457307636738,0,0,0,0.00249741785228252,0,0,0,0,0.00289823790080845,0,0,0,0,0.00676769390702248,0
"CRS3035RES50000mN2000000E3350000",0.00143199996091425,0.00144400005228817,0.00067999999737367,0,0,0,0.000663999991957098,0.000108000000182074,0,0,0,0.454795986413956,0.0494199991226196,0,0,0.000403999991249293,0,0.00135599996428937,0,0.00047999998787418,0.044624000787735,8.80000006873161e-05,0.0759439989924431,0.0149760004132986,0.0173840001225471,0.0745640024542809,0,0.206640005111694,0.0479080006480217,0,0,0.00614000018686056,0,0,0.000780000002123415,0,0,0,0,0,0.000167999998666346,0,0
"CRS3035RES50000mN2000000E3400000",0.000176000001374632,0.00205600005574524,0.00204399996437132,0,0,0,0.00547599978744984,0.000587999995332211,9.99999974737875e-05,0,0,0.133083999156952,0.00919200014322996,0,0,0.000951999973040074,0.00807199999690056,0.00538400001823902,0.00318400003015995,0.0266280006617308,0.0577679984271526,0,0.030332000926137,0.100355997681618,0.0584079995751381,0.0423559993505478,0,0.436055988073349,0.064971998333931,0,0.000592000025790185,0.00989199988543987,0,0,0,0,0,0,0,0,0.00233200006186962,0,0
"CRS3035RES50000mN2000000E3450000",0.00067999999737367,0.00219999998807907,0.00106000003870577,0.000195999993593432,0,0,0.00129599997308105,0,0,0,0,0.0599600002169609,0.0157559998333454,0,0.00143599999137223,0.0283240005373955,0.0481919981539249,0.00108800001908094,0.00806799996644258,0.10691200196743,0.0538560003042221,0,0.0598959997296333,0.226531997323036,0.148711994290352,0.0818599984049797,0,0.104379996657372,0.0413959994912148,0.00283999997191131,0.000684000027831644,0.00289999996311963,0,0,0,0,0,0,0,0,0.00177600001916289,0,0
"CRS3035RES50000mN2000000E3500000",0.00500510074198246,0.00882078427821398,0.00427148211747408,0.000382002472179011,0,0,0.00163653329946101,0.000125887178000994,0.000651140580885112,0,0.000195342174265534,0.00654179230332375,0.00851691886782646,0.0848826840519905,0.035526230931282,0.110767692327499,0.202682703733444,0.00248301611281931,0,0.0426106378436089,0.0229505356401205,0,0.0123629895970225,0.165424436330795,0.00514401076361537,0.00397629849612713,0,0.220120251178741,0.0312547497451305,0.00341631751507521,0.00335120363160968,0.00158010108862072,0.00101143831852823,0,0.000690209039021283,0,0.00176242052111775,0,0,0.00800902955234051,0.000234410603297874,0.00361165986396372,0
"CRS3035RES50000mN2000000E3550000",0.0244055073708296,0.0901752188801765,0.0442428030073643,0.0127868168056011,0.00421360041946173,0.00275344168767333,0.0040675844065845,0.00139758025761694,0.00344180222600698,0.00143929908517748,0.0246975384652615,0.0173341669142246,0.0443679615855217,0,0.00254484778270125,0.123216517269611,0.126157701015472,0.0333124734461308,0,0.0911556109786034,0.0246766787022352,0,0.0219649560749531,0.108135171234608,0.00127242389135063,0.00154359615407884,0,0.171526908874512,0.0111389234662056,0.00233625364489853,0,0.00494367955252528,0,0,0,0,0,0,0,0,0.000750938663259149,0,0
"CRS3035RES50000mN2000000E3600000",0.0575847327709198,0.470878571271896,0.00921355746686459,0,0.00131622247863561,0,0,0,0,0,0.0306021720170975,0,0.00329055613838136,0,0.0227048378437757,0.15333990752697,0,0.0292859487235546,0,0.0628496184945107,0.0404738411307335,0,0,0.0358670614659786,0,0,0,0.0269825607538223,0,0.0556103996932507,0,0,0,0,0,0,0,0,0,0,0,0,0
"CRS3035RES50000mN2000000E4150000",0,0,0,0,0,0,0,0,0,0,0,0,0,0,0,0,0,0,0,0,0,0,0.0368188507854939,0,0,0,0,0.932253301143646,0,0,0,0.0309278350323439,0,0,0,0,0,0,0,0,0,0,0
"CRS3035RES50000mN2000000E4200000",0,0.00882550235837698,0,0,0,0.00310657685622573,0,0,0,0,0.00483637535944581,0.0610018707811832,0,0,0.0101669784635305,0,0,0.0377378463745117,0,0.077170193195343,0.0488226786255836,0.00158859044313431,0.031524695456028,0.00946093816310167,0,0,0,0.57528156042099,0.0278885867446661,0.00250644260086119,0.0140148978680372,0.0684505924582481,0.0155328838154674,0,0,0,0,0,0,0,0.00208281842060387,0,0
"CRS3035RES50000mN2000000E4250000",0.0051203640177846,0.0519859194755554,0.00264907721430063,0,0,0,0.00439142342656851,0,0,0,0.00865839328616858,0.0940511301159859,0,0,0,0,0,0.00506702717393637,0,0.0159300211817026,0.137769803404808,0.00906731188297272,0.00931621808558702,0.00812502205371857,0,0.00343135511502624,0,0.543380856513977,0.0156988948583603,0.000640045502223074,0.0123030971735716,0.0682715252041817,0.000960068253334612,0,0,0,0.00200903182849288,0,0,0,1.77790425368585e-05,0.00115563778672367,0
"CRS3035RES50000mN2000000E4500000",0.00962765328586102,0.222016006708145,0.0294629391282797,0,0.0110196033492684,0,0,0,0,0.0109036071226001,0,0.182925418019295,0,0,0.00985964480787516,0.00394385820254683,0,0.0365386828780174,0,0.346363544464111,0.0211112406104803,0,0.0771372243762016,0.0151954526081681,0,0,0,0.0104396240785718,0,0.00162394158542156,0,0,0,0,0.0118315741419792,0,0,0,0,0,0,0,0
"CRS3035RES50000mN2000000E4550000",0.000793778395745903,0.050942488014698,0.00844017509371042,0,0,0,0.00250190915539861,0.00116554799024016,0,0.000733491440769285,0,0.530465006828308,0.000271291355602443,0,0.00493348343297839,0.00241147866472602,0.0412965714931488,0.0096559626981616,0,0.0933543667197227,0.0213214904069901,0,0.0961778089404106,0.00626984424889088,0.00615931814536452,0.00154736544936895,0,0.0163880065083504,0.0492644980549812,0.00197942205704749,0,0.0393874831497669,0.000321530475048348,0,0.00173827423714101,0,0,0,0,0,0.0124794021248817,0,0
"CRS3035RES50000mN2000000E4600000",0.00475816195830703,0.0234820209443569,0.00727058341726661,0,0.000631614413578063,0,0.0029826236423105,0,0,0,0,0.183996289968491,0.00351598695851862,0,0.00108076247852296,0.0617718882858753,0.064880833029747,0.000589506758842617,0,0.118189089000225,0.0731128752231598,0,0.194951295852661,0.0043090139515698,0.00429497798904777,0.0102321533486247,0,0.0220012348145247,0.0792395398020744,0.00150885665789247,0.000652668240945786,0.131635457277298,0.000421076285419986,0,0.000954439572524279,0,0,0,0,0.00070881174178794,0.00282822898589075,0,0
"CRS3035RES50000mN2000000E4650000",0.0198667794466019,0.0281529631465673,0.00924521498382092,0.000361141195753589,0,0.000778459943830967,0.0017134144436568,0.000377191929146647,0,0.000569800555240363,0.000481521594338119,0.205577626824379,0.0868063047528267,0,0.00130412098951638,0.0548493228852749,0.0171702578663826,0.00987520534545183,0.0118534564971924,0.157999277114868,0.0478752851486206,0,0.263179659843445,0.000646041473373771,0.000397255324060097,0.0314232967793941,0,0.00964247062802315,0.0229525305330753,0.000449420156655833,1.20380400403519e-05,0.0105734122917056,0.00122788012959063,0,0.00103928416501731,0,8.02536033006618e-06,0,0,0.00172946508973837,0.00186188356019557,0,0
"CRS3035RES50000mN2000000E4700000",0.00498400023207068,0.0269399993121624,0.0050760000012815,0.00044000000343658,0,0,0.000384000013582408,0,0,0.00160800002049655,0,0.313836008310318,0,0,0.00130000000353903,0.00832000002264977,0.0380319990217686,0.0109479995444417,0.039427999407053,0.190612003207207,0.1005479991436,0,0.187000006437302,0.00315600004978478,0.00225599994882941,0.0210200008004904,0,0.00306000001728535,0.0246120002120733,0.000188000005437061,0.00112399994395673,0.0130200004205108,0.000148000006447546,0,0,0,0,0,0,0,0.00152799999341369,0.000432000000728294,0
"CRS3035RES50000mN2000000E4750000",0.00221999990753829,0.0075199999846518,0.00378799997270107,0.00028000000747852,0,0,0.000487999990582466,9.99999974737875e-05,0.00011600000289036,0,9.20000020414591e-05,0.688823997974396,0,0,0.00779999978840351,0.0020479999948293,0.0186000000685453,0.0072240000590682,0.00938399974256754,0.0501400008797646,0.0662999972701073,0,0.0835400000214577,0.00894000008702278,0.0109639996662736,0.0107519999146461,0,0.00146800000220537,0.0161439999938011,0.000163999997312203,0,0.00272800005041063,0,0,0,0,0,0,0,0,0.000376000010874122,0,0
"CRS3035RES50000mN2000000E4800000",0.00778703857213259,0.00671949330717325,0.00741641921922565,0.000104740305687301,0.000330334820318967,0,0.00229220138862729,0.000277964660199359,0,0,0,0.455862045288086,0,0,0.175581008195877,0.00230428669601679,0.133124932646751,0.00866121705621481,0.00350880017504096,0.108228959143162,0.0107721379026771,0,0.0143131650984287,0.00959582347422838,0.00123271276243031,0.0389553345739841,0,0.000584128603804857,0.00377870793454349,0.000108768777863588,0,0.00507184769958258,0,0,0.000866121728904545,0,0,0,0,0,0.00252182432450354,0,0
"CRS3035RES50000mN2000000E4850000",0.0276223532855511,0.0208683144301176,0.0247415602207184,0.00160938163753599,0.000869066047016531,0.00219948822632432,0.00442579947412014,0.000273594865575433,0,0,0.000139479743666016,0.139297351241112,0,0,0.0544024631381035,0,0.451469093561172,0.0119791636243463,0.00663065211847425,0.122479304671288,0.00543434545397758,0,0.0103375948965549,0.0175047069787979,0.0011641193414107,0.0887037515640259,0,0.00076177396113053,0.00663601700216532,0,0,0,0,0,0,0,0.00045062685967423,0,0,0,0,0,0
"CRS3035RES50000mN2000000E4900000",0.0343076437711716,0.0338488183915615,0.0121380230411887,0.000323263491736725,0,0,0.00105321337468922,0.000479681330034509,0.000354547053575516,0,0.00322220707312226,0.0893979966640472,0.000323263491736725,0,0.190610766410828,0.120775416493416,0.285650223493576,0.00323263509199023,0.0593449212610722,0.140119090676308,0.0125759933143854,0,0.00905137788504362,0.000531820580363274,0,0,0,0.00237755081616342,0,0,0,0.000281552085652947,0,0,0,0,0,0,0,0,0,0,0
"CRS3035RES50000mN2000000E4950000",0,0.0671406015753746,0,0,0,0,0,0,0,0,0.0221169032156467,0.120063193142414,0,0,0,0.0205371249467134,0.718799352645874,0,0.00157977885100991,0.0473933666944504,0,0,0,0,0,0,0,0,0,0,0,0,0,0,0,0,0.00236966833472252,0,0,0,0,0,0
"CRS3035RES50000mN2050000E2650000",0,0,0,0,0,0,0,0,0.0298189558088779,0,0,0,0,0,0,0,0,0,0,0,0,0,0,0.415335476398468,0,0,0.00958466436713934,0,0.396166145801544,0.149094775319099,0,0,0,0,0,0,0,0,0,0,0,0,0
"CRS3035RES50000mN2050000E2700000",0.00497192004695535,0.0466263890266418,0.0111309252679348,0.0015171276172623,0.000745255674701184,0.00211865524761379,0.00555747793987393,0.000346011540386826,0,0.000463123142253608,0.00057491147890687,0.0138351386412978,0.0407228991389275,0.0417449623346329,0.00176199723500758,0.000207606935873628,0.0114449970424175,0.000686699873767793,0.0263501107692719,0.115658350288868,0.0893188863992691,0,0.0650235563516617,0.220132544636726,0.133619010448456,0.00298634590581059,0.00300763896666467,0.0244550313800573,0.119789198040962,0.00398179469630122,0,0,0.000133081368403509,0,0.000633467279840261,0,0.000612174277193844,0.00507838511839509,0,0.00216124136932194,0.000138404619065113,0,0.0024646669626236
"CRS3035RES50000mN2050000E2750000",0.002779999980703,0.0185320004820824,0.00506799994036555,0.000368000008165836,0,0.000247999996645376,0.00095999997574836,0.000103999998827931,0,0.000660000019706786,0.000108000000182074,0.00323999999091029,0.0160280000418425,0.00160800002049655,0.00672399997711182,0.000103999998827931,0.0100079998373985,0.000668000022415072,0.0359160006046295,0.0710759982466698,0.0586239993572235,0,0.0777160003781319,0.0995640009641647,0.17629599571228,0.00803199969232082,0.0186880007386208,0.0172119997441769,0.203667998313904,0,0,0.000376000010874122,0.154963999986649,0,0.000372000009519979,0,0,0,0,0.00233999988995492,0.00794799998402596,0,0
"CRS3035RES50000mN2050000E2800000",0.0013279999839142,0.0070079998113215,0.00241600000299513,0,0,0.00028000000747852,0.000783999974373728,0,0,0,0.000119999996968545,0.0484599992632866,0.0103359995409846,0,0.002779999980703,0.0167159996926785,0.00963199976831675,0.0027560000307858,0.0192120000720024,0.0715600028634071,0.0538639985024929,0.00245200004428625,0.0182760003954172,0.149783998727798,0.0450319983065128,0.00150799995753914,0.142767995595932,0.00298399990424514,0.346540004014969,0,0.00133600004483014,0.0342039987444878,0.00555199990049005,0,0,0,0,0,0,0,0.00231199990957975,0,0
"CRS3035RES50000mN2050000E2850000",0.000436000002082437,0.00430400017648935,0.000103999998827931,0,0,0,0.000247999996645376,0,0,0,0,0.0658679977059364,0.01146399974823,0,0.00313999992795289,0.00856800004839897,0.030664000660181,0.0192040000110865,0.00219199992716312,0.0746999979019165,0.118943996727467,0.0393280014395714,0.064811997115612,0.059824001044035,0.027148000895977,0.021619999781251,0.0957479998469353,0.0524279996752739,0.27385601401329,0,0.00120800000149757,0.0156280007213354,0.00488399993628263,0,0,0,0,0,0,0,0.00368000008165836,0,0
"CRS3035RES50000mN2050000E2900000",0.00107600004412234,0.00397600000724196,0.000331999995978549,0.000407999992603436,0,0,0.000268000003416091,0,0,0,0,0.0768160000443459,0.00972799956798553,0,9.60000033956021e-05,0.00237199990078807,0.0629680007696152,0.0582440011203289,0,0.00878799986094236,0.0148120000958443,0.0969199985265732,0.101751998066902,0.0803000032901764,0.027063999325037,0.0912000015377998,0.0799959972500801,0.155479997396469,0.0870840027928352,0,0.00418400019407272,0.0232360009104013,0.0100079998373985,0,0,0,0,0,0,0.000103999998827931,0.00278800004161894,0,0
"CRS3035RES50000mN2050000E2950000",0.00112799997441471,0.00418000016361475,0.000272000004770234,0.000236000007134862,0,0,0.000780000002123415,0,0,0,0.000311999989207834,0.0341759994626045,0.000939999998081475,0,0.00104400003328919,0.000668000022415072,0.023072000592947,0.147699996829033,0,0.016160000115633,0.0211599990725517,0.129620000720024,0.173524007201195,0.0663240030407906,0.0109639996662736,0.0929120033979416,0.0511559993028641,0.11939600110054,0.0470120012760162,0,0.0110999997705221,0.0294439997524023,0.00133600004483014,0,0,0,0,0,0,0.00304000009782612,0.0123439999297261,0,0
"CRS3035RES50000mN2050000E3000000",0.000456000008853152,0.00447600008919835,0,0.000236000007134862,0,0,0.000292000011540949,0,0,0,0,0.169228002429008,0.0154240000993013,0,0,1.59999999596039e-05,0,0.100504003465176,0.00011600000289036,0.0170239992439747,0.0809400007128716,0.110955998301506,0.070532001554966,0.00985199958086014,0.00174800003878772,0.115524001419544,0,0.207075998187065,0.0718280002474785,0,0.000407999992603436,0.0130719998851418,0.000264000002061948,0,0,0,0,0,0,3.60000012733508e-05,0.00999199971556664,0,0
"CRS3035RES50000mN2050000E3050000",0.00121200003195554,0.0115999998524785,0.00201599998399615,0.000923999992664903,0,0,0.00081200001295656,0,0,0.000155999994603917,0.000899999984540045,0.320603996515274,0.00316000008024275,0,0.00167999998666346,0,0,0.0310919992625713,0,0.0101239997893572,0.0144239999353886,0.0292399991303682,0.0907559990882874,0.022027999162674,0.0087679997086525,0.212911993265152,0,0.17110800743103,0.0310759991407394,0,0.00253199995495379,0.0311159994453192,0,0,0,0,0,0,0,0,0.00176000001374632,0,0
"CRS3035RES50000mN2050000E3100000",0.00245600007474422,0.0468840003013611,0.00385199999436736,0.00205200002528727,0,0.000119999996968545,0.00158000004012138,0,0.000771999999415129,0.00122400000691414,0.00152000004891306,0.179979994893074,0.00138799997512251,0,0.000199999994947575,0,0,0.0915279984474182,0,0.00444399984553456,0.0175119992345572,0.0146080004051328,0.105843998491764,0.175843998789787,0.0186039991676807,0.148791998624802,0.0280440002679825,0.0814279988408089,0.0561439990997314,0,0.00168800004757941,0.00990800000727177,0,0,0,0,0,0,0,0,0.00358400004915893,0,0
"CRS3035RES50000mN2050000E3150000",0.00122800003737211,0.0299800001084805,0.00430000014603138,0.000136000002385117,0,0,0.000460000010207295,0.000668000022415072,0.0010039999615401,0.000427999999374151,0.00083999999333173,0.162420004606247,0.00239200005307794,0,0.000276000006124377,0,0.000807999982498586,0.0406199991703033,0,0.00435200007632375,0.00981200020760298,0.0214760005474091,0.133739992976189,0.115956000983715,0.0252999998629093,0.201979994773865,0.0287200007587671,0.136063992977142,0.0333719998598099,0,0.0042519997805357,0.0252679996192455,0,0,0,0,0,0,0,0,0.0141479996964335,0,0
"CRS3035RES50000mN2050000E3200000",0.000272000004770234,0.00425999984145164,0.00174800003878772,8.3999999333173e-05,0,0.000112000001536217,0.000296000012895092,0,0,0,0,0.337448000907898,0.0400200001895428,0,0.000272000004770234,0.000112000001536217,0.00251200003549457,0.00245200004428625,0.000224000003072433,0.00875599961727858,0.0296439994126558,0.00306000001728535,0.126083999872208,0.0609639994800091,0.043979998677969,0.11379200220108,0,0.168495997786522,0.0375880002975464,0.000260000000707805,0.00192399998195469,0.00947999954223633,0,0,0.000296000012895092,0,0,0,0,0,0.00586399994790554,0,0
"CRS3035RES50000mN2050000E3250000",0.000472000014269724,0.00161200005095452,0.000344000000040978,0.00143599999137223,0,0,0.000699999975040555,0,0,0,0,0.191615998744965,0.036472000181675,0,0,0,0.000180000002728775,0.000815999985206872,0,0.00131199997849762,0.0137400003150105,0,0.151308000087738,0.111951999366283,0.0580400004982948,0.210544005036354,0,0.143779993057251,0.0720719993114471,0,0.000483999989228323,0.00169599999208003,0,0,0,0,0,0,0,0,0.00142400001641363,0,0
"CRS3035RES50000mN2050000E3300000",0.000272000004770234,0.00132399995345622,0.000468000012915581,0,0,0,0.000108000000182074,0,0,0,0.000348000001395121,0.31029999256134,0.011060000397265,0,0.00125199998728931,0.0420200005173683,0.000663999991957098,0.000407999992603436,0.00349200004711747,0.0164119992405176,0.032760001718998,0,0.0817520022392273,0.118079997599125,0.0664480030536652,0.0908000022172928,0,0.163080006837845,0.0508960001170635,0,0,0.00483200000599027,0,0,0.00109599996358156,0,0,0,0,0,0.00212799990549684,0,0
"CRS3035RES50000mN2050000E3350000",0.0006520000169985,0.0020000000949949,0.000796000007539988,0.000243999995291233,0,0,0.00031999999191612,0,0,0,0,0.352007985115051,0.0178520008921623,0,0.0516159981489182,0.0160199999809265,0,0.00159200001507998,0.00256399996578693,0.0495439991354942,0.0443760007619858,0,0.11047600209713,0.0620799995958805,0.0494199991226196,0.00788800045847893,0,0.19590400159359,0.0244079995900393,0.000432000000728294,0,0.00303200003691018,0,0,0.0024439999833703,0,0,0,0,0,0.00433199992403388,0,0
"CRS3035RES50000mN2050000E3400000",0.000636000011581928,0.00267599988728762,0.00340400007553399,0,0,0,0.00482799997553229,0.00112399994395673,0.000103999998827931,0,0,0.503524005413055,0.0595760010182858,3.19999999192078e-05,0.00243999995291233,0.00603999989107251,0.0109719997271895,0.00300000002607703,0.00194400001782924,0.0355039983987808,0.0994239971041679,0,0.00930000003427267,0.0558159984648228,0.00822400022298098,0.00594400009140372,0,0.163396000862122,0.0181840006262064,0.000427999999374151,0,0.00105600000824779,0,0,0.000251999997999519,0,0,0,0,0.00167999998666346,0.00049200002104044,0,0
"CRS3035RES50000mN2050000E3450000",0.0007999999797903,0.00198800000362098,0.0011399999493733,0.000112000001536217,0,0,0.000755999993998557,0,0,0,0.00118400005158037,0.313400000333786,0.0850720033049583,0.000335999997332692,0.00493199983611703,0.0454719997942448,0.0176160000264645,0.00116400001570582,0.00831599999219179,0.0488680005073547,0.123028002679348,0,0.00181199994403869,0.126335993409157,0.00159200001507998,0.0104679996147752,0,0.111660003662109,0.0601680018007755,0.00146000005770475,0,0.00028000000747852,0,0,0.00211200001649559,0,0,0,0,0.00196400005370378,0.027963999658823,0,0
"CRS3035RES50000mN2050000E3500000",0.00290800002403557,0.00146800000220537,0.00279600010253489,0,0,0,0.000411999993957579,0,0.000872000004164875,0,0,0.0863199979066849,0.0127280000597239,0.000384000013582408,0.0408600009977818,0.154495999217033,0.173784002661705,0.00277199991978705,0.00267599988728762,0.0509120002388954,0.0514799989759922,0,0.00618800008669496,0.167531996965408,0.00212799990549684,0.00270799989812076,0,0.184228003025055,0.0369639992713928,0.00191600003745407,0.000123999998322688,0.000407999992603436,0,0,0.000815999985206872,0,0,0,0,0.0028800000436604,0.00923999957740307,0,0
"CRS3035RES50000mN2050000E3550000",0.00383999990299344,0.00941599998623133,0.00847600027918816,0.000364000006811693,0,0,0.00124799995683134,0.000264000002061948,0.000352000002749264,0,0.000180000002728775,0.161208003759384,0.0341559983789921,0,0.0722040012478828,0.11625599861145,0.0789600014686584,0.00149199995212257,0,0.0747760012745857,0.0557879991829395,0,0.0703919976949692,0.175607994198799,0.00281199999153614,0.00104799994733185,0,0.107107996940613,0.0199159998446703,0,0.000568000017665327,0.00123599998187274,0.00174400000832975,0,0,0,0,0,0,0,0.000587999995332211,0,0
"CRS3035RES50000mN2050000E3600000",0.00931257661432028,0.0642850995063782,0.0187482815235853,0.00288940244354308,0.000381696620024741,0.000102606616565026,0.00523704197257757,0.000525345909409225,0.000652578077279031,0.000755184737499803,0.00364048290066421,0.0869324281811714,0.00272933603264391,0,0.165865644812584,0.00807308871299028,0.00583216035738587,0.00330803729593754,0,0.0210712943226099,0.0360190272331238,0,0.0325796529650688,0.31483405828476,0.00782683305442333,0.000365279556717724,0,0.173093259334564,0.0260087251663208,0.000373488088371232,0.000361175305442885,0.00159245473332703,0.00583626423031092,0,0,0,0,0,0,0.000459677656181157,0.000307819864246994,0,0
"CRS3035RES50000mN2050000E3650000",0.0734260901808739,0.144479334354401,0.0906374976038933,0.0123467398807406,0.00520836794748902,0.00681450124830008,0.00331141147762537,0.000165240096976049,0.00206880597397685,0.0153210619464517,0.00897584203630686,0.0872203335165977,0.0269407443702221,0,0.00189695623703301,0.00619980832561851,0.000423014629632235,0.0168016124516726,0,0.0295052714645863,0.0254998505115509,0,0.141716510057449,0.246260613203049,0.00369476852938533,0.000330480193952098,0,0.0327571965754032,0.0102448854595423,0.00126243429258466,0,0.0020621963776648,0,0,0.000185068900464103,0,0.00262401276268065,0,0,0.00161935295909643,0,0,0
"CRS3035RES50000mN2050000E3700000",0.0313478671014309,0.0941652208566666,0.0215573590248823,0,0,0,0.000972969690337777,0,0,0.00188512878958136,0.0112195564433932,0.00307093560695648,0.0614187121391296,0,0,0.00161148107144982,0,0.0068107875995338,0,0.0276688262820244,0.0281249042600393,0,0.443157285451889,0.219191834330559,0.00775335216894746,0,0,0.0104290191084146,0.0202803369611502,0.00933442823588848,0,0,0,0,0,0,0,0,0,0,0,0,0
"CRS3035RES50000mN2050000E4200000",0.000288414332317188,0.0292771235108376,0.00389666180126369,0,0.00024545899941586,0.00162616593297571,0.000754786422476172,0.000227049589739181,0,0,0.00069342169445008,0.00295164459384978,0,0,0.00607511028647423,0.000527736847288907,0,0.0292403046041727,0,0.0488831624388695,0.0540009811520576,0,0.451570928096771,0.0186548847705126,0.00835174322128296,0.023993618786335,0.00625920481979847,0.202460721135139,0.0387518405914307,0.0014850270235911,0.0202810503542423,0.0471710860729218,0.000558419269509614,0,0.000497054483275861,0,0,0,0,0,0.00127638678532094,0,0
"CRS3035RES50000mN2050000E4250000",0,0.0348162278532982,0.0022660861723125,0,0.000367742060916498,0.00287236366420984,0.000417436938732862,0,0,0,0.0027630350086838,0.00595344603061676,0,0,0.00382650527171791,0.00242510973475873,0,0.0128908501937985,0,0.0303039345890284,0.0266066361218691,0,0.224312722682953,0.122845724225044,0.0970640257000923,0.0437016710639,0.00278291292488575,0.211143583059311,0.0198083762079477,0.0028425466734916,0.033842209726572,0.106903612613678,0.00200767279602587,0,0.000993897439911962,0,0.00396565068513155,0.00026835230528377,0,0,0.000407497951528057,0.00160017493180931,0
"CRS3035RES50000mN2050000E4450000",0.0202760994434357,0.137618631124496,0.00949094071984291,0,0,0,0,0,0,0,0,0.379637628793716,0,0,0.00841242447495461,0,0.0112165659666061,0,0.0174719579517841,0.378774791955948,0.00603968929499388,0,0.0157463327050209,0.00603968929499388,0.00754961185157299,0,0,0,0,0.00172562559600919,0,0,0,0,0,0,0,0,0,0,0,0,0
"CRS3035RES50000mN2050000E4500000",0.0486980862915516,0.167589634656906,0.0370101071894169,0.00405635172501206,0.000677880831062794,0.0139020243659616,0.00623213034123182,0.00126282637938857,0.000984020647592843,0.00727081904187799,0.0114146387204528,0.366706222295761,0.000448276055976748,0,0.048495814204216,0.00780109642073512,0.00845711026340723,0.00727628543972969,0.00142136309295893,0.105076998472214,0.0680176913738251,0,0.0472056530416012,0.010753158479929,0.00268965633586049,0,0,0.0108460932970047,0.0030723309610039,0.00342767173424363,0,0.00137762888334692,0,0,0,0,0,0,0,0.00332926958799362,0.00449916068464518,0,0
"CRS3035RES50000mN2050000E4550000",0.00137600000016391,0.027488000690937,0.0135800000280142,0.000560000014957041,0,0.000483999989228323,0.00143199996091425,0.000103999998827931,0,0.00023999999393709,0.000536000006832182,0.184195995330811,0,0,0.0170719996094704,0.0187880005687475,0.0805839970707893,0.00360799999907613,0.000172000000020489,0.134212002158165,0.100267998874187,0,0.291491985321045,0.00430000014603138,0.00537999998778105,0.00692000007256866,0.000384000013582408,0.000136000002385117,0.0628079995512962,0,0,0.0428880006074905,0.000403999991249293,0,0,0,0,0,0,0,0.000587999995332211,0,0
"CRS3035RES50000mN2050000E4600000",0.00141200004145503,0.016507999971509,0.00400799978524446,0.000119999996968545,0,0,0.00023999999393709,0,0,0,0.000331999995978549,0.118419997394085,4.4000000343658e-05,0,0,0,0.0517719984054565,0.00499199982732534,0.000307999987853691,0.0976359993219376,0.104843996465206,0,0.384707987308502,0.0100079998373985,0.0180520005524158,0.0399600006639957,0.000112000001536217,0.000132000001030974,0.0639439970254898,0,0.00456399982795119,0.0757799968123436,0.00044000000343658,0,0.000260000000707805,0,0,0,0,0.000427999999374151,0.000975999981164932,0,0
"CRS3035RES50000mN2050000E4650000",0.00128800002858043,0.0101880002766848,0.00240799994207919,0,0,0,0.000647999986540526,0,0,0,0,0.136291995644569,0,0,0,0.000199999994947575,0.0112199997529387,0.0295640006661415,0,0.0341879986226559,0.1068279966712,0,0.399352014064789,0.0100919995456934,0.00798800028860569,0.102632001042366,0,0.00134800001978874,0.103203997015953,0.000232000005780719,0.00339600001461804,0.0377039983868599,0,0,0,0,0,0,0,0,0.00122800003737211,0,0
"CRS3035RES50000mN2050000E4700000",0.00135999999474734,0.00920000020414591,0.00253199995495379,0,0,0,0,0,0,0,0,0.542792022228241,0,0,0.0019120000069961,0.000176000001374632,0.0340999998152256,0.00281600002199411,0.00270400010049343,0.0409680008888245,0.13790799677372,0,0.168576002120972,0.00885200034826994,0.00903599988669157,0.00432399986311793,0,0.000771999999415129,0.0232880003750324,0.000712000008206815,0,0.000844000023789704,0,0,0.000303999986499548,0,0,0,0,0.000151999993249774,0.00667200004681945,0,0
"CRS3035RES50000mN2050000E4750000",0.00963599979877472,0.00965999998152256,0.00468399981036782,0.000264000002061948,0,0.00391600001603365,0.0049200002104044,0,0,0,0,0.63484400510788,0,0,0.0416480004787445,0.000323999993270263,0.0372559987008572,0.000783999974373728,0.0118519999086857,0.0779720023274422,0.00640799989923835,0,0.0588279999792576,0.00218000006861985,0.000272000004770234,0.0255520008504391,0,0.0267719998955727,0.0105680003762245,0,0,0.0294799990952015,0.000587999995332211,0,0.000148000006447546,0,0,0,0,0.000384000013582408,0.00106000003870577,0,0
"CRS3035RES50000mN2050000E4800000",0.00436341995373368,0.00858635082840919,0.00599143840372562,0,0.000611539930105209,0.00359486299566925,0.0012396079255268,0,0,0,0.000314034026814625,0.374725222587585,0,0,0.0103218024596572,0.000289241841528565,0.0566583462059498,0.00323950871825218,0.00277672172524035,0.0467497482895851,0.0110242469236255,0.00513197714462876,0.175090491771698,0.0181313324719667,0.0188750978559256,0.0974083915352821,0,0.0383204147219658,0.0282630622386932,0,0,0.0322876535356045,0.000727236678358167,0,0,0,0.0111399432644248,0.0387666709721088,0,0.00191726034972817,0.000206601325771771,0.00324777280911803,0
"CRS3035RES50000mN1550000E2850000",0.00623908173292875,0.0573995523154736,0,0,0,0,0,0,0,0,0,0.24731719493866,0,0,0,0,0,0.230846017599106,0,0,0,0,0.13576240837574,0.0534065403044224,0,0,0,0.215872228145599,0.0177189912647009,0.0224606934934855,0,0.0129772899672389,0,0,0,0,0,0,0,0,0,0,0
"CRS3035RES50000mN1550000E2900000",0.0259801130741835,0.0539163760840893,0.0332341678440571,0.00144673569593579,0.0106365634128451,0,0.0020580324344337,0,0.00780422193929553,0,0.000855815480463207,0.021028608083725,0.00994376093149185,0,0,0.00018338902737014,0,0.243724018335342,0,0.00788572803139687,0.000529790529981256,0.0125112067908049,0.213403701782227,0.0223734620958567,0.0204376876354218,0.0220678132027388,0.0563819371163845,0.183205634355545,0.040814246982336,0.00466623203828931,0,0.00201727938838303,0,0,0,0,0.00154861842747778,0,0,0,0.00134485284797847,0,0
"CRS3035RES50000mN1550000E4600000",0.0186059791594744,0.0572677552700043,0.0103024840354919,0,0.00123014743439853,0,0.00169145269319415,0.00112031283788383,0,0.000768842117395252,0,0.3237264752388,0.00221865880303085,0,0.0321376025676727,0.0113788638263941,0.0751268565654755,0,0.189310893416405,0.0491619631648064,0.0678777769207954,0,0.00533796101808548,0.00779825588688254,0.0201656296849251,0.0177712365984917,0,0.0105880545452237,0,0.000549172924365848,0.00158161809667945,0.0900423973798752,0.00116424669977278,0,0.000900643644854426,0,0,0,0,0.00136194890365005,0.000812775979284197,0,0
"CRS3035RES50000mN2100000E2700000",0.00264597660861909,0.0535121187567711,0.00536085898056626,0.00155726750381291,0.00301806698553264,0.00268731988035142,0.000413433852372691,0,0.00183289009146392,0,0.00151592411566526,0.0734120681881905,0.0568609349429607,0.000854429963510484,0.0138913774862885,0.00151592411566526,0,0.00197070138528943,0.00263219536282122,0.0660529434680939,0.0825489610433578,0,0.00859942380338907,0.365778714418411,0.081170842051506,0,0.00428593065589666,0,0.124154180288315,0.0170885995030403,0,0,0,0,0,0,0.0048923003487289,0.000344528205459937,0.000757962057832628,0.00154348637443036,0.00231522950343788,0.0167854148894548,0
"CRS3035RES50000mN2100000E2750000",0.00176000001374632,0.0421800017356873,0.0144720003008842,0.00138799997512251,0.000300000014249235,9.60000033956021e-05,0.00170400005299598,0.000300000014249235,0.000668000022415072,0.000207999997655861,0.000531999976374209,0.00934400036931038,0.0252359993755817,0.00169199996162206,0.0417600013315678,0.000356000004103407,0.000967999978456646,0.000407999992603436,0.0564359985291958,0.0920519977807999,0.0638360008597374,0,0.140992000699043,0.063791997730732,0.223875999450684,0.000552000012248755,0.0199400000274181,0,0.165968000888824,3.99999998990097e-06,0,0.00113200000487268,0.000136000002385117,0,0.00132399995345622,0,0.0108559997752309,0.00374000007286668,0.000195999993593432,0.000576000020373613,0.00911599956452847,0.00210399995557964,0
"CRS3035RES50000mN2100000E2800000",0.0014400000218302,0.0207199994474649,0.00342800002545118,0.00175599998328835,0,0.000335999997332692,0.00164399994537234,9.60000033956021e-05,0,0,0.000555999984499067,0.0217679999768734,0.00429200008511543,0,0.0244200006127357,0.00108399998862296,0.0058079999871552,0.00162400002591312,0.0675799995660782,0.144712001085281,0.07761599868536,0,0.00427999999374151,0.179348006844521,0.0537439994513988,0.00150799995753914,0.0852719992399216,0,0.270936012268066,0,0.000203999996301718,0.00921200029551983,0.0159959997981787,0,0,0,0,0,0,0,0.000620000006165355,0,0
"CRS3035RES50000mN2100000E2850000",0.00161999999545515,0.00621599983423948,0.000820000015664846,0.000587999995332211,0,0,0.000715999980457127,0,0,0.000148000006447546,0,0.0668120011687279,0.00447600008919835,0,0.0465000011026859,0.0114919999614358,0.0275120008736849,0.0100680002942681,0.00164799997583032,0.113104000687599,0.148588001728058,0.00104799994733185,0.00929199997335672,0.0275759994983673,0.0135359996929765,0.00523599982261658,0.2291119992733,0.00251600006595254,0.23913599550724,0,0,0.01428799983114,0.0167159996926785,0,0,0,0,0,0,0,0.00123599998187274,0,0
"CRS3035RES50000mN2100000E2900000",0.000631999981123954,0.00408799992874265,0.000655999989248812,0.00126000004820526,0,0,0.00276000006124377,0.00117599999066442,0.000331999995978549,0,0,0.114859998226166,0.00934000033885241,0,0.00718799978494644,0.0024840000551194,0.00827199965715408,0.111271999776363,0.000615999975707382,0.0236200001090765,0.0809239968657494,0.187588006258011,0.0580120012164116,0.00294000003486872,0.00889999978244305,0.0992719978094101,0.0203559994697571,0.159283995628357,0.0820479989051819,0,0.000531999976374209,0.0104000000283122,0,0,0,0,0,0,0,0.000508000026457012,0.00067999999737367,0,0
"CRS3035RES50000mN1550000E4650000",0.0115344235673547,0.0148033965379,0.00150160130579025,0,0.000591338553931564,0,0.000571405806113034,0,0,0.000305635650875047,0.000192683350178413,0.490698039531708,0.0143183656036854,0,0.111942380666733,0.0125177735462785,0.0300386697053909,0,0.0784619897603989,0.103397868573666,0.0323973782360554,0,0.0143250105902553,0.000890329945832491,0.000398655189201236,0.0286765974014997,0,0.0131622655317187,0.000405299448175356,0.00505627691745758,0.00423903344199061,0.0232216659933329,0,0,0.000199327594600618,0,0,0,0,0.00425896653905511,0.00189361220691353,0,0
"CRS3035RES50000mN2100000E2950000",0,0.00343999988399446,0.000487999990582466,0.00251200003549457,0,0,0.000668000022415072,0,0,0,0.000607999972999096,0.209839999675751,0.0130080003291368,0,0,0,0,0.140796005725861,0,0.0189200006425381,0.00998799968510866,0.397184014320374,0.0327400006353855,0,0,0.119075998663902,0,0.0207919999957085,0.0266679991036654,0,0,0.000996000017039478,0,0,0,0,0,0,0,0.00134399998933077,0.000931999995373189,0,0
"CRS3035RES50000mN2100000E3000000",0.00336400000378489,0.0208160001784563,0.00506399990990758,0.00112000002991408,0,0.0019120000069961,0.00083999999333173,0,0.000119999996968545,0.000587999995332211,0.00105199997778982,0.670575976371765,0.124788001179695,0,0.000875999976415187,0,0,0.0258520003408194,0,0.00121200003195554,0.00563200004398823,0.0486200004816055,0.0184080004692078,0.00341999996453524,0.000356000004103407,0.0345080010592937,0,0.0155560001730919,0.00995600037276745,0,0,0.00011600000289036,0,0,0,0,0,0,0,0.00344399991445243,0.00180399999953806,0,0
"CRS3035RES50000mN2100000E3050000",0.000288000010186806,0.00868400000035763,0.00322000007145107,0.000452000007499009,0,0,0.000184000004082918,0,0,0.00023999999393709,9.99999974737875e-05,0.666224002838135,0.17451199889183,0,0.0014280000468716,0,0,0.00887599959969521,0,0.000912000017706305,0.00472400011494756,0.00454000011086464,0.00394799979403615,0.0967840030789375,0.00170400005299598,0.012427999638021,0,0.00280399993062019,0.00731599982827902,0,0,0.000631999981123954,0,0,0,0,0,0,0,0,0,0,0
"CRS3035RES50000mN2100000E3100000",0.000352000002749264,0.0094200000166893,0.00301599991507828,0.000155999994603917,0,0,0.00118799996562302,0,0,0,0.000188000005437061,0.476267993450165,0.0621279999613762,0,0.000448000006144866,0,0,0.0320120006799698,0,0.00383600010536611,0.00772000011056662,0.00109200004953891,0.0197039991617203,0.309915989637375,0.0137120001018047,0.0241119991987944,0,0.0099640004336834,0.0239640008658171,0,0,0.000804000010248274,0,0,0,0,0,0,0,0,0,0,0
"CRS3035RES50000mN2100000E3150000",0.000688000000081956,0.00401999987661839,0.000327999994624406,0,0,0.000103999998827931,0.000984000042080879,0,0,0,0,0.332639992237091,0.00420799991115928,0,0.000300000014249235,0,0,0.0353920012712479,0,0.00703600002452731,0.0219880007207394,0.00401599984616041,0.113816000521183,0.136748000979424,0.0472079999744892,0.155203998088837,0.0323759987950325,0.0510880015790462,0.0447599999606609,0,0.00135999999474734,0.00357199995778501,0,0,0,0,0,0,0,0.000576000020373613,0.001587999984622,0,0
"CRS3035RES50000mN2100000E3200000",0.000464000011561438,0.00136800005566329,0.000415999995311722,0,0,0,0.000167999998666346,0,0.00031999999191612,0,0,0.275483995676041,0.0181000009179115,0,0.00426799990236759,0,0,0.00570800015702844,0,0.00466000009328127,0.0122320000082254,0.000948000000789762,0.0921839997172356,0.10894799977541,0.0524999983608723,0.196935996413231,0.00457999994978309,0.165360003709793,0.0374200008809566,0,0.00602399976924062,0.0119120003655553,0,0,0,0,0,0,0,0,0,0,0
"CRS3035RES50000mN2100000E3250000",0.000427999999374151,0.000364000006811693,0.00063999998383224,0.000547999981790781,0,0,0.000315999990561977,0,0,0,0.000195999993593432,0.516852021217346,0.0291319992393255,0,0,0,0,0.00151600001845509,0,0.000523999973665923,0.0275519993156195,0.000335999997332692,0.108323998749256,0.0803439989686012,0.0392719991505146,0.0936279967427254,0,0.0715399980545044,0.0275320000946522,0,0.000391999987186864,0.000448000006144866,0,0,0,0,0,0,0,0,0.00011600000289036,0,0
"CRS3035RES50000mN2100000E3300000",0.000568000017665327,0.00225999997928739,0.00122400000691414,0,0,0,0.000644000014290214,9.99999974737875e-05,0.000188000005437061,0,0.000236000007134862,0.332619994878769,0.0248840004205704,0,0.00360399996861815,0.030451999977231,0.000815999985206872,0.000376000010874122,0.00362000009045005,0.0262000001966953,0.0599679984152317,0,0.131848007440567,0.0495520010590553,0.0139359999448061,0.081327997148037,0.0096840001642704,0.193268001079559,0.027963999658823,0,0.00115200004074723,0.00242800009436905,0,0,0,0,0,0,0,0,0.00107999995816499,0,0
"CRS3035RES50000mN2100000E3350000",0.00228399992920458,0.00524399988353252,0.00773600023239851,0.000880000006873161,0,0.00177199998870492,0.00354800000786781,0,0.00104000000283122,0,0.000315999990561977,0.27140799164772,0.0817599967122078,0,0.0555040016770363,0.0719079971313477,0.00936399959027767,0.00428400002419949,0.00754800019785762,0.0920559987425804,0.0621879994869232,0,0.0234919991344213,0.0269239991903305,0.0225520003587008,0.0122720003128052,0,0.208588004112244,0.0198240000754595,0,0.000415999995311722,0.0037839999422431,0,0,0,0,0,0,0,0.000980000011622906,0.00232800003141165,0,0
"CRS3035RES50000mN2100000E3400000",0.0104000000283122,0.0159879997372627,0.022520000115037,0.00488399993628263,0,0.00313200009986758,0.00154800002928823,0.00147200003266335,0.00786400027573109,0.00220400001853704,0.00140800001099706,0.283203989267349,0.14810399711132,0.000127999999676831,0,0.00531599996611476,0.00113200000487268,0.00483600003644824,0,0.00841599982231855,0.1025760024786,0,0.00844000000506639,0.0494760014116764,0.0067560002207756,0.0428519994020462,0,0.229763999581337,0.0237680003046989,0,0,0.00940399989485741,0,0,0.000508000026457012,0,0,0,0,0.00389999989420176,0,0,0
"CRS3035RES50000mN1550000E4700000",0.010429996997118,0.0112132094800472,0.0060645486228168,0,7.27574661141261e-05,0.00106996274553239,0.000808891840279102,0.000124115671496838,0,0.000303869426716119,0,0.41375458240509,0.0409624539315701,0,0.0377311669290066,0.057970579713583,0.0545723773539066,0,0.0241255201399326,0.0617582499980927,0.0910195857286453,0,0.0472709536552429,0.0284096505492926,0.0127839148044586,0.0130792241543531,0,0.0581417754292488,0.00347523903474212,0.000201152986846864,0,0.0201366990804672,0,0,0,0,0,0,0,0.00244807475246489,0.00207144790329039,0,0
"CRS3035RES50000mN2100000E3450000",0.000788000004831702,0.00304799992591143,0.00139999995008111,0,0,0,0.000292000011540949,0,0.000123999998322688,0,0,0.331220000982285,0.351148009300232,0.0375600010156631,0.000119999996968545,0.00509200012311339,0.000288000010186806,0.00467200018465519,0.000123999998322688,0.00631200009956956,0.0834639966487885,0,0.00445999996736646,0.0416840016841888,0.00162800005637109,0.00669200019910932,0,0.0851520001888275,0.0317439995706081,0,0,0.00115999998524785,0,0,0.000264000002061948,0,0,0,0,0,0.0015640000347048,0,0
"CRS3035RES50000mN2100000E3500000",0.00567999994382262,0.00635599996894598,0.00842799991369247,0.001587999984622,0,0.00108399998862296,0.00122800003737211,0.000555999984499067,0.00119600002653897,0.000595999998040497,0.000804000010248274,0.120144002139568,0.412339985370636,0.00280399993062019,0.0111600002273917,0.133052006363869,0.0044999998062849,0.00393200013786554,0.00170799996703863,0.0477799996733665,0.0302639994770288,0,0.0391759984195232,0.0260879993438721,0.022520000115037,0.00804399978369474,0,0.0842399969696999,0.0121640004217625,0.00028000000747852,0,0.000228000004426576,0,0,0,0,0,0,0,0,0.0120599996298552,0,0
"CRS3035RES50000mN2100000E3550000",0.00550400000065565,0.00413999985903502,0.00457199988886714,9.99999974737875e-05,0,0,0.000836000021081418,0,0.000211999999010004,0,0,0.358635991811752,0.226196005940437,0,0.00165200000628829,0.0217199996113777,0.00268399994820356,0.00174400000832975,0,0.0236039999872446,0.0162039995193481,0,0.10453999787569,0.0696280002593994,0.00132399995345622,0.00140399998053908,0.0027320000808686,0.135399997234344,0.00793999992311001,0,0.000407999992603436,0,0,0,0,0,0,0,0,0.000151999993249774,0.00866799987852573,0,0
"CRS3035RES50000mN2100000E3600000",0.00252799992449582,0.0114399995654821,0.00501600001007318,0.000119999996968545,0,0,0.00180399999953806,0.000103999998827931,0,0,0.000292000011540949,0.297484010457993,0.00206799991428852,0,0.000663999991957098,0.000407999992603436,0,0.00227999989874661,0,0.00544400000944734,0.0513000003993511,0,0.0731080025434494,0.34458801150322,0.00545200007036328,0.00111199996899813,0.00052000000141561,0.171424001455307,0.021671999245882,0,0,0.000307999987853691,0,0,0,0,0,0,0,0,0.000864000001456589,0,0
"CRS3035RES50000mN2100000E3650000",0.00240399991162121,0.0196560006588697,0.0030280000064522,0,0,0,0.000276000006124377,0,0,0,0.00120000005699694,0.141555994749069,0.0119359996169806,0,0.000300000014249235,0.000380000012228265,0,0.00573999993503094,0,0.0059799998998642,0.0364519990980625,0,0.385491997003555,0.29296401143074,0.00376800005324185,0.00618800008669496,0.00657999981194735,0.0389799997210503,0.0303160008043051,0,0.000475999986520037,0.00205200002528727,0.000108000000182074,0,0,0,0,0,0,0.000268000003416091,0.00389999989420176,0,0
"CRS3035RES50000mN2100000E3700000",0.00550708686932921,0.0378273688256741,0.0084535013884306,0.000270840333541855,0.000151834741700441,0.000738655508030206,0.00163324933964759,0,0.000582717126235366,0.00121467793360353,0.00347168068401515,0.187212228775024,0.0935958549380302,0.000324187683872879,0.000496540626045316,0.0183514859527349,0.000430882355431095,0.00106284313369542,0,0.00636885175481439,0.0118513172492385,0,0.419236242771149,0.161396220326424,0.00500644277781248,0.000812521029729396,0.00011900560639333,0.0108787538483739,0.0216836426407099,0,3.2829131669132e-05,0,0,0,0.000127212886582129,0,0.000176456582266837,0,0,0.000151834741700441,0.000833039230201393,0,0
"CRS3035RES50000mN2100000E3750000",0.0171970352530479,0.10812446475029,0.00771597167477012,0,0.00267285294830799,0,0.00297544011846185,0,0,0.00131121079903096,0.0318725109100342,0.102930054068565,0.172625958919525,0.0437238402664661,0,0.0163901355117559,0.00665691681206226,0.00736295338720083,0,0.056382067501545,0.00721165956929326,0,0.0171466041356325,0.262090891599655,0,0,0,0.104796007275581,0.00378233892843127,0.0049926876090467,0.00463966932147741,0,0,0,0,0,0.014120732434094,0,0,0.00327802705578506,0,0,0
"CRS3035RES50000mN2100000E4200000",0,0.00596914580091834,0,0,0,0,0,0,0,0,0.000534903665538877,0,0,0,0.000260351342149079,0.000265084992861375,0,0.00953832641243935,0,0.00881407596170902,0.015715753659606,0,0.191107347607613,0.0968364924192429,0.0436112135648727,0.10796532779932,0.0486856997013092,0.15519779920578,0.0902519747614861,0.00097986776381731,0.0790852680802345,0.144192039966583,0,0,0.00012307518045418,0.000146743477671407,0.000184612756129354,0,0,0,0.000534903665538877,0,0
"CRS3035RES50000mN2100000E4250000",0,0.0129636870697141,0.00106910709291697,0,0.000140511212521233,0.000384878541808575,0.000873613229487091,0.000158838767674752,0,0,0.00162504275795072,0.0134707493707538,0,0,0.0330995544791222,0.020154194906354,0,0.0231476947665215,0,0.0604809150099754,0.0262817069888115,0,0.383901089429855,0.0601998940110207,0.0441877245903015,0.0518975108861923,0.0336554907262325,0.113801866769791,0.0713735893368721,0.00111187133006752,0.00356165389530361,0.029330188408494,0.000195493863429874,0,0.00283466116525233,0,0.000146620397572406,0,0,0,0.00171057134866714,0.00824128836393356,0
"CRS3035RES50000mN1550000E4750000",0.0126521168276668,0.0301425792276859,0.0139272985979915,0,0.00138538319151849,0,0.00344246719032526,0.000162677562911995,0,0,0.000808140146546066,0.289539843797684,0,0,0.00163202336989343,0.136974513530731,0.0852010622620583,0,0.0472289696335793,0.0535996332764626,0.0461689420044422,0,0.0533844791352749,0.0151342619210482,0.00269729900173843,0.0311763696372509,0,0.086476244032383,0.00435031298547983,0,0,0.076001912355423,0.00117547658737749,0,0,0,0.000666453270241618,0,0,0.000451299070846289,0.00562024768441916,0,0
"CRS3035RES50000mN2100000E4300000",0,0,0,0,0,0,0,0,0,0,0,0,0,0,0,0,0,0,0,0,0,0,0,0,0,0,0,0.660447776317596,0,0,0.147388055920601,0.192164182662964,0,0,0,0,0,0,0,0,0,0,0
"CRS3035RES50000mN2100000E4350000",0,0.0313942767679691,0,0,0,0,0,0,0,0,0,0,0,0,0,0,0,0,0,0,0,0,0.0683287158608437,0.074330560863018,0,0,0,0.825946450233459,0,0,0,0,0,0,0,0,0,0,0,0,0,0,0
"CRS3035RES50000mN2100000E4400000",0,0.0279377773404121,0.0108538065105677,0,0,0,0,0,0,0,0.0241761691868305,0.435092657804489,0,0,0.0104619720950723,0,0.0144978640601039,0.00239018839783967,0.00572077883407474,0.0811488553881645,0.0255084056407213,0,0.0996042490005493,0.0190431401133537,7.83668365329504e-05,0,0,0.151561453938484,0,0.00333059043623507,0,0,0,0,0.00090121862012893,0,0.0154382660984993,0,0,0,0,0.0722542256116867,0
"CRS3035RES50000mN2100000E4450000",0.00268026371486485,0.0180090237408876,0.00661523267626762,0,0.000443151191575453,0.000298993574688211,0.000165514298714697,0,0.000731466396246105,0,0.000432472850661725,0.44524946808815,0.000266958551947027,0,0.000619343831203878,0.014303638599813,0.0407859273254871,0.0122267007827759,0.00847860332578421,0.0736965760588646,0.0788969248533249,0,0.206641927361488,0.0017298914026469,0.00150030700024217,0.0142769431695342,0,0.00282442127354443,0.0557409450411797,0.000261619366938248,0,0.0104007050395012,0,0,0.000154835957800969,0,0,0.000592647935263813,0,0,0.00197549327276647,0,0
"CRS3035RES50000mN2100000E4500000",0.000944000028539449,0.0355839990079403,0.00733199995011091,0.000571999989915639,0,0,0.00266800005920231,0.000571999989915639,9.20000020414591e-05,9.60000033956021e-05,0.00295199989341199,0.323680013418198,0,0,0.000528000004123896,0.0890439972281456,0.0894360020756721,0.00328799989074469,0.0014280000468716,0.101719997823238,0.126379996538162,0,0.163455992937088,0.00189199997112155,0.000460000010207295,0.00150799995753914,0,0,0.00723200011998415,0,0,0.00554799987003207,0,0,0.00023999999393709,0,0,0,0,0.00559999980032444,0.0277479998767376,0,0
"CRS3035RES50000mN2100000E4550000",0.00138000003062189,0.0125919999554753,0.00312800006940961,0.000311999989207834,0,0.000260000000707805,0.000251999997999519,0,0,0,0,0.0977360010147095,0,0,0,0.000172000000020489,0.053507998585701,0.00656800018623471,0,0.011052000336349,0.106927998363972,0,0.509356021881104,0.00761200021952391,0.00669200019910932,0.0508240014314651,0.00173200003337115,0,0.0812800005078316,0,0.00112000002991408,0.0428159981966019,0,0,0,0,0,0,0,0,0.00467999977990985,0,0
"CRS3035RES50000mN2100000E4600000",0.00682799983769655,0.0146239995956421,0.00709199998527765,0,0,0,0.000760000024456531,0,0,0.000356000004103407,0.000720000010915101,0.149151995778084,0.0566320009529591,0,0.00130000000353903,0.000668000022415072,0.0175880007445812,0.0152160003781319,0.00686400011181831,0.0672879964113235,0.0500440001487732,0,0.176743999123573,0.0333160012960434,0.0179880000650883,0.184732005000114,0.00617199996486306,0,0.126456007361412,0,0.00989199988543987,0.0493079982697964,0.000260000000707805,0,0,0,0,0,0,0,0,0,0
"CRS3035RES50000mN2100000E4650000",0.00313164736144245,0.0168526526540518,0.00665158545598388,0,0.000286997325019911,0,0.000620420731138438,0,0,0,0.000177263063960709,0.190498694777489,0,0,0.0549557693302631,0.000101293175248429,0.0731252357363701,0.0190304554998875,0.0012239592615515,0.150804430246353,0.102394737303257,0,0.20720362663269,0.00570618221536279,0.00891379918903112,0.0392722077667713,0.0103530064225197,0,0.0546983145177364,0,0.00339754205197096,0.0488444119691849,0,0,0,0,0,0,0,0,0.00175574840977788,0,0
"CRS3035RES50000mN2100000E4700000",0.00710416585206985,0.0238811746239662,0.0113817118108273,0,0.00114999350626022,0,0.0021387729793787,0,0,0.000408408930525184,0.00188083061948419,0.444682091474533,0,0,0.0985770151019096,0.0124887153506279,0.0833476632833481,0.0028158719651401,0.00478268368169665,0.148402899503708,0.0765336826443672,0,0.0625940412282944,0.00343923293985426,0.00169812131207436,0,0,0.000515884952619672,0.00843686889857054,0.00374016584828496,0,0,0,0,0,0,0,0,0,0,0,0,0
"CRS3035RES50000mN2100000E4750000",0.00153328117448837,0.0123865073546767,0,0,0,0,0,0,0,0,0,0.340538740158081,0,0,0,0.00396849261596799,0.0609404109418392,0,0.0315374918282032,0.0195418186485767,0.026155972853303,0,0.0218868386000395,0.0287114419043064,0.00420900713652372,0.0447056703269482,0,0.0968973636627197,0.0278095118701458,0,0,0.0180085375905037,0,0,0,0,0.0179784744977951,0,0,0,0,0.243190422654152,0
"CRS3035RES50000mN2100000E4800000",0.00683140987530351,0.01847193390131,0,0,0,0,0,0,0,0,0.0071026929654181,0.0185952447354794,0,0,0,0,0.289286762475967,0,0.00305810407735407,0.04638946428895,0.0215793624520302,0.020839499309659,0.219049021601677,0.114974841475487,0.100350201129913,0.00739863887429237,0,0.00762059772387147,0.0103580942377448,0,0,0.00685607176274061,0.0290273260325193,0,0,0,0,0,0,0,0,0.0722107142210007,0
"CRS3035RES50000mN2150000E2700000",0,0,0,0,0,0,0,0,0,0,0,0,0,0,0,0,0,0,0,0,0,0,0.0503144636750221,0.0125786159187555,0.0927672982215881,0,0.034591194242239,0,0.599056601524353,0.125786170363426,0,0,0,0,0,0,0,0,0.00786163564771414,0,0,0.0770440250635147,0
"CRS3035RES50000mN2150000E2750000",0.0127797080203891,0.130434781312943,0.0179285779595375,0.00433614617213607,0,0.00183957722038031,0.00345042394474149,0.000326062610838562,0.000656991847790778,0.000812723243143409,0.000379595294361934,0.00600052578374743,0.0544281266629696,0.00104632030706853,0.00295889656990767,0.000199530855752528,0,0.00218997290357947,0.07121791690588,0.0448117107152939,0.0638255402445793,0,0.0835936963558197,0.0319590047001839,0.166802927851677,0.00306596187874675,0.0318714044988155,0,0.212038040161133,0.00364995468407869,0,0.00681811524555087,0,0,0.000384461891371757,0,0.0158602707087994,0,0.00444321148097515,0.00724637694656849,0.000822456495370716,0.0109595973044634,0.000861389329656959
"CRS3035RES50000mN2150000E2800000",0.00168400001712143,0.0144680002704263,0.0011399999493733,0.00299599999561906,0,0.000132000001030974,0.00085200002649799,0.000184000004082918,0,0.000103999998827931,0.000407999992603436,0.00879999995231628,0.0117920003831387,0,0.0943759977817535,0.0172320008277893,0.0028800000436604,0.00625200010836124,0.0693999975919724,0.0621839985251427,0.129127994179726,0,0.026715999469161,0.0491839982569218,0.0587200000882149,0.0010039999615401,0.227180004119873,0.00309200002811849,0.195636004209518,0,0,0.00588800013065338,0.000615999975707382,0,0,0,0,0,0,0.00689199985936284,0.00106000003870577,0,0
"CRS3035RES50000mN2150000E2850000",0.000423999998020008,0.00588800013065338,0.000356000004103407,0.00213199993595481,0,0,0.000948000000789762,9.99999974737875e-05,0.000119999996968545,0,0,0.0118760000914335,0.00215999991632998,0,0.178356006741524,0.0333879999816418,0.0637599974870682,0.000951999973040074,0.0193520002067089,0.0785359963774681,0.144748002290726,0.000167999998666346,0.0145519999787211,0.0215959995985031,0.0285679996013641,0.0072240000590682,0.0745439976453781,0.0637840032577515,0.192208006978035,0,0.000327999994624406,0.00508800009265542,0.0351159982383251,0,0,0,0,0,0,0.00614799978211522,0.00757999997586012,0,0
"CRS3035RES50000mN2150000E2900000",9.99999974737875e-05,0.0043919999152422,0.000515999970957637,0,0,9.99999974737875e-05,0.000380000012228265,0,0,0,0,0.0994720011949539,0,0,0.0134119996801019,0.0161160007119179,0.0569799989461899,0.0184480007737875,0.0292920004576445,0.0717519968748093,0.178711995482445,0.0387279987335205,0.0341439992189407,0.00521200010553002,0.0141000002622604,0.0443879999220371,0.105516001582146,0.0796559974551201,0.157915994524956,0,0.00011600000289036,0.00185999996028841,0.0106199998408556,0,0,0,0,0,0,0.00240799994207919,0.0156640000641346,0,0
"CRS3035RES50000mN2150000E2950000",0.000243999995291233,0.00367200002074242,0.00052000000141561,0,0,0,0.000432000000728294,0,0,0,0.000264000002061948,0.184463992714882,2.40000008489005e-05,0,0.00998399965465069,0.000108000000182074,0.00122400000691414,0.0433159992098808,0.0087679997086525,0.0258520003408194,0.113799996674061,0.103147998452187,0.037296000868082,0.00329599995166063,0.00149199995212257,0.163432002067566,0.00467200018465519,0.166667997837067,0.0816200003027916,0,0,0.0034640000667423,0.000127999999676831,0,0,0,0,0,0,0.00285999989137053,0.0392520017921925,0,0
"CRS3035RES50000mN2150000E3000000",0.00183600001037121,0.0117680002003908,0.00381599995307624,0.000883999979123473,0,0,0.00342399999499321,0,9.99999974737875e-05,0.00023999999393709,0,0.611720025539398,0.150652006268501,0,0.0217959992587566,0.000407999992603436,0,0.0181280001997948,0,0.00148800003807992,0.016567999497056,0.0218720007687807,0.0166480001062155,0.0128840003162622,0.0168280005455017,0.0225079990923405,0,0.0317520014941692,0.0233999993652105,0,0,0.00164399994537234,0,0,0,0,0,0,0,0.00606800010427833,0.00356799992732704,0,0
"CRS3035RES50000mN2150000E3050000",0.00317199993878603,0.019471999257803,0.0110640004277229,0.00237999996170402,0,0.00180399999953806,0.000771999999415129,0.000296000012895092,0.000119999996968545,0.000948000000789762,0.00176400004420429,0.523796021938324,0.188084006309509,0,0.0394439995288849,0.000544000009540468,0,0.0107279997318983,0,0.00334400008432567,0.0131639996543527,0.00427999999374151,0.0331280007958412,0.0886600017547607,0.0121600003913045,0.0101399999111891,0,0.0137000000104308,0.0109879998490214,0,0,0.00049200002104044,0,0,0,0,0,0,0,0.00555599993094802,0,0,0
"CRS3035RES50000mN2150000E3100000",0.000915999989956617,0.0145359998568892,0.00668400013819337,0.00170400005299598,0,0,0.00255599990487099,0.000247999996645376,0.000167999998666346,0.000119999996968545,0.00052000000141561,0.527231991291046,0.124976001679897,0,0.0223399996757507,0,0,0.00844000000506639,0,0.00481599988415837,0.0123840002343059,0,0.0363879986107349,0.115979999303818,0.0238080006092787,0.0210759993642569,0,0.042688000947237,0.0287640001624823,0,0,0.000847999996040016,0,0,0,0,0,0,0,0.00271599995903671,9.20000020414591e-05,0,0
"CRS3035RES50000mN2150000E3150000",0.00109200004953891,0.005216000135988,0.00261999992653728,0.000760000024456531,0,0,0.000820000015664846,0.000132000001030974,0,0.000228000004426576,7.99999997980194e-06,0.574872016906738,0.0702480003237724,0,0.0576720014214516,0.000103999998827931,0,0.00410000002011657,0,0.024380000308156,0.0149760004132986,0.00039999998989515,0.0697399973869324,0.0506480000913143,0.0317239984869957,0.0186439994722605,0,0.0512959994375706,0.019751999527216,0,0,0.000315999990561977,0,0,0,0,0,0,0,0.000119999996968545,0.000132000001030974,0,0
"CRS3035RES50000mN2150000E3200000",0.000939999998081475,0.00153600005432963,0.000579999992623925,0,0,0,0.000344000000040978,0,0.000731999985873699,0,0,0.267291992902756,0.0165839996188879,0,0.00281199999153614,0,0,0.00623599998652935,0,0.00358000001870096,0.0114479996263981,0.000136000002385117,0.126387998461723,0.32354399561882,0.055672001093626,0.0406880006194115,0.00344799994491041,0.0858480036258698,0.0484319999814034,0,0.00240000011399388,0.00115599995478988,0,0,0,0,0,0,0,0,0.000203999996301718,0,0
"CRS3035RES50000mN2150000E3250000",0.000804000010248274,0.00204399996437132,0.00197200011461973,0,0,0.000167999998666346,0.000472000014269724,0,0.000303999986499548,0,0.000296000012895092,0.174567997455597,0.00496000004932284,0,0,0,0,0.0151319997385144,0,0.00502000004053116,0.00869600009173155,0,0.163440003991127,0.288136005401611,0.0361960008740425,0.12160799652338,0.0488479994237423,0.0717160031199455,0.0387479998171329,0,0,0.00690799998119473,0,0,0,0,0,0,0,0.000348000001395121,0.00961599964648485,0,0
"CRS3035RES50000mN2150000E3300000",0.00151600001845509,0.00203200010582805,0.00180399999953806,0.00015999999595806,0,0,9.99999974737875e-05,0,0,0,0,0.21416400372982,0.030239999294281,0,0.0341279990971088,0.0169520005583763,0.00469599990174174,0.00696399994194508,9.99999974737875e-05,0.0350079983472824,0.0352480001747608,0,0.115175999701023,0.0976120010018349,0.0136599997058511,0.0869639962911606,0.0158399995416403,0.204983994364738,0.0667919963598251,0.000464000011561438,0,0.0148080000653863,0,0,0,0,0,0,0,2.80000003840541e-05,0.000560000014957041,0,0
"CRS3035RES50000mN2150000E3350000",0.00334800011478364,0.00734000001102686,0.0104839997366071,0.00104000000283122,0,0,0.00127999996766448,0.000644000014290214,0.000380000012228265,0.000108000000182074,0.000268000003416091,0.236348003149033,0.368443995714188,0.0303559992462397,0.0320880003273487,0.00796800013631582,0.00912399962544441,0.00419599981978536,0.00674800015985966,0.0340479984879494,0.029619999229908,0,0.0088919997215271,0.0403439998626709,0.000444000004790723,0.0128560001030564,0,0.10631600022316,0.00928399991244078,1.99999994947575e-05,0.000288000010186806,0.0291719995439053,0,0,0.000251999997999519,0,0,0,0,0.00539200007915497,0.00290800002403557,0,0
"CRS3035RES50000mN2150000E3400000",0.00107999995816499,0.00232800003141165,0.00243599992245436,0.000176000001374632,0,0,0.000368000008165836,0.000108000000182074,0,0,0,0.417196005582809,0.12966400384903,0.00558800017461181,0.000592000025790185,0.00760400015860796,0.00137600000016391,0.000620000006165355,0.000331999995978549,0.0078159999102354,0.0629639998078346,0,0.0115080000832677,0.101655997335911,0.0503639988601208,0.0214600004255772,0.000444000004790723,0.101640000939369,0.057303998619318,0.000155999994603917,0,0.00485600018873811,0,0,0.000768000027164817,0,0,0,0,0.000327999994624406,0.00926799979060888,0,0
"CRS3035RES50000mN2150000E3450000",0.00144400005228817,0.00150799995753914,0.00189600000157952,0.000771999999415129,0,0.000448000006144866,0.000199999994947575,0.00015999999595806,0.000123999998322688,0,0.000127999999676831,0.29051199555397,0.134463995695114,0.00730799976736307,0.00472400011494756,0.00400000018998981,0.000828000018373132,0.00306800007820129,0.00047999998787418,0.0351959988474846,0.0523720011115074,0,0.0765720009803772,0.0625400021672249,0.0477360002696514,0.00717600015923381,0.0839399993419647,0.143659994006157,0.0315480008721352,0,0.00147200003266335,0.00450799986720085,0,0,0.000108000000182074,0,0,0,0,0,0.00110800005495548,0,0
"CRS3035RES50000mN2150000E3500000",0.000323999993270263,0.00262799998745322,0.00163199997041374,0,0,0,0.000264000002061948,0,0,0,0,0.12126000225544,0.0260039996355772,0,0.0142599996179342,0.00180399999953806,0.00281600002199411,0.00351599999703467,0.00170799996703863,0.0241640005260706,0.0441280007362366,0,0.145451992750168,0.141448006033897,0.145651996135712,0.00963599979877472,0.0501680001616478,0.156379997730255,0.0674960017204285,0.00497200014069676,0.005107999779284,0.0125839998945594,0,0,0,0,0,0,0,0.000755999993998557,0.0158399995416403,0,0
"CRS3035RES50000mN2150000E3550000",0.000368000008165836,0.00107600004412234,0.000167999998666346,0,0,0,0,0,0,0,0.00120000005699694,0.0735040009021759,0.00965599995106459,0,0.00081200001295656,0.00521200010553002,0.000804000010248274,0.0230480004101992,0,0.00868400000035763,0.0131120001897216,0,0.19709999859333,0.247068002820015,0.0112399999052286,0.0725919976830482,0.143327996134758,0.137595996260643,0.0261799991130829,0.000167999998666346,0.0193639993667603,0.00156000000424683,0,0,0,0,0,0,0,2.40000008489005e-05,0.00613600015640259,0,0
"CRS3035RES50000mN2150000E3600000",0.000292915443424135,0.00259629590436816,0.000763355405069888,0.000106514708022587,0,0.000142019605846144,0.000372801470803097,0,0,0,0.00285370647907257,0.0259984638541937,0.0149830682203174,0,0,0,0.000235219980822876,0.0247380398213863,0,0.00209478917531669,0.00676368363201618,0,0.114760719239712,0.522561132907867,0.003546052146703,0.0664341077208519,0.141229629516602,0.0133010242134333,0.0117565607652068,0,0.025985149666667,0.0144726857542992,0.000235219980822876,0,0,0,0,0,0,0,0.00377683388069272,0,0
"CRS3035RES50000mN2150000E3650000",0.000495999993290752,0.0145479999482632,0.00122400000691414,0,0,7.5999996624887e-05,0.000207999997655861,0,0.000155999994603917,9.20000020414591e-05,0.00139999995008111,0.0219720005989075,0.00941599998623133,0,0,0.00153200002387166,0,0.0401000007987022,0,0.0161160007119179,0.00803199969232082,0,0.19310000538826,0.326115995645523,0.0246840007603168,0.122744001448154,0.0672959983348846,0.00632800022140145,0.0484279990196228,0,0.0312799997627735,0.0629040002822876,0,0,0.000172000000020489,0,0,0,0,0,0.00158000004012138,0,0
"CRS3035RES50000mN2150000E3700000",0.0011096146190539,0.0325647778809071,0.0058174361474812,0.0019096628529951,0.000377912248950452,0,0.000976943294517696,0.000104528917290736,0,0,0.00352584081701934,0.0582266263663769,0.0470983162522316,0.000615112483501434,0.0746738463640213,0.014187790453434,0.00129857077263296,0.00607473822310567,0,0.0403200201690197,0.0346473157405853,0,0.430876225233078,0.0752005130052567,0.00878444965928793,0.0190363246947527,0.012933443300426,0.0745894238352776,0.0379721373319626,0.00114981806837022,0.00368665438145399,0.00716425105929375,0.000691498978994787,0,0,0,0.0011096146190539,0,0,0,0.00219108699820936,0.00108549254946411,0
"CRS3035RES50000mN2150000E3750000",0.00831697974354029,0.0633897110819817,0.00112139049451798,0.000778743415139616,0.00177553493995219,0.000996791524812579,0.00102794135455042,0,0,0.00133943872060627,0.00825467985123396,0.0160421151667833,0.0588418543338776,0,0.0829205960035324,0.000560695247258991,0.0252001378685236,0.00788088329136372,0,0.00383141753263772,0.0308693889528513,0,0.00853502750396729,0.0158552154898643,0.00140173814725131,0.0147338258102536,0.00130828889086843,0.588730037212372,0.0250443890690804,0.00130828889086843,0.00629224674776196,0.0021493318490684,0,0,0,0,0.0214933175593615,0,0,0,0,0,0
"CRS3035RES50000mN2150000E4200000",0,0.0194375067949295,0.00137094152159989,0,0,0.00156097300350666,0.000461505056591704,0,0,0.000705831276718527,0.00115376256871969,0.00504940841346979,0,0,0.00704473862424493,0.00256542512215674,0.000936583790462464,0.0320746004581451,0,0.0459604747593403,0.0335405580699444,0,0.0524079687893391,0.0188402645289898,0,0.177340105175972,0.0254913680255413,0.323134988546371,0.0917580649256706,0.00371918780729175,0.0104788793250918,0.144016727805138,0,0,0,0,0,0,0,0,0.000950157467741519,0,0
"CRS3035RES50000mN2150000E4250000",0.000801383052021265,0.0346755757927895,0.00519548356533051,0,0.000234111910685897,0.0016477876342833,0.00126060261391103,0,0,0,0.00248518795706332,0.00356570445001125,0,0,0.0116875870153308,0.0132363270968199,0,0.0244736988097429,0,0.0507482588291168,0.0263375900685787,0,0.164454609155655,0.00223306729458272,0.0199985597282648,0.0854238346219063,0.0105350352823734,0.310261309146881,0.0767166689038277,0.000234111910685897,0.0127590987831354,0.0854958668351173,0.0384123623371124,0,0.000306146335788071,0,0.00331358378753066,0,0,0,0.000954456219915301,0.0125519996508956,0
"CRS3035RES50000mN2150000E4300000",0,0.0525348037481308,0,0,0.00446545844897628,0.00190438667777926,0.002035723766312,0,0,0,0.0181901752948761,0.0345416329801083,0,0,0.00446545844897628,0,0,0,0,0.0856317281723022,0.0223272927105427,0,0.233911216259003,0.0240346733480692,0.0661281868815422,0,0,0.437680602073669,0,0,0,0.012148673646152,0,0,0,0,0,0,0,0,0,0,0
"CRS3035RES50000mN2150000E4350000",0,0.0213126670569181,0.000423831428634003,0.00393557781353593,0,0,0.000908210233319551,0,0,0,0.015136837027967,0.0844030007719994,0,0,0.0224327929317951,0.00202833604998887,0.0232501812279224,0.00399612495675683,0,0.0822838470339775,0.0145919108763337,0,0.37533301115036,0.0415354818105698,0.0102627752348781,0.010323322378099,0,0.225175589323044,0.0191632360219955,0.000938483921345323,0,0.0029062726534903,0.00260353600606322,0,0.0370549783110619,0,0,0,0,0,0,0,0
"CRS3035RES50000mN2150000E4400000",0.00116408988833427,0.00885923858731985,0.00289386208169162,0.00165029615163803,0,0.00155679497402161,0.0010892889695242,0,0.000112201436422765,0,0.00124824105296284,0.440806716680527,0,0,0.0141888065263629,0.000850860902573913,0.0256707537919283,0.0565074495971203,0.00872833654284477,0.0610048584640026,0.0647869780659676,0,0.23829248547554,0.00914909224957228,0.00676013668999076,0.00251985737122595,0,0.0318932607769966,0.0036792722530663,0.00640483200550079,0,0.00187469902448356,0.000472181069198996,0,0.000219727822695859,0,0.00191677454859018,0,0,0.000640483223833144,0.000182327334186994,0.0048760874196887,0
"CRS3035RES50000mN2150000E4450000",0.000495999993290752,0.0108240004628897,0.00249599991366267,0,0,0.000487999990582466,0.00108800001908094,0,0,0,0,0.37788799405098,0,0,0.0112840002402663,0.000403999991249293,0.0286880005151033,0.0279239993542433,0.00552000012248755,0.0808439999818802,0.0996680036187172,0,0.259719997644424,0.00651999982073903,0.0134720001369715,0.00243599992245436,0,9.99999974737875e-05,0.0175999999046326,0.000967999978456646,0,0.00520400004461408,0,0,0,0,0,0,0,0,0.0463679991662502,0,0
"CRS3035RES50000mN2150000E4500000",0.00137600000016391,0.0240240003913641,0.00715199997648597,0.000615999975707382,0,0,0.0020240000449121,0,0,0,0,0.303739994764328,0,0,0.00617199996486306,0.00506799994036555,0.0518199987709522,0.00338799995370209,0.00283599994145334,0.101323999464512,0.0874719992280006,0,0.325116008520126,0.0053719999268651,0.0224239993840456,0.00534400017932057,0,0.000847999996040016,0.0291000008583069,0,0,0.00412400020286441,0.00108399998862296,0,0.00117199996020645,0,0,0,0,0.00316000008024275,0.00524399988353252,0,0
"CRS3035RES50000mN2150000E4550000",0.000108000000182074,0.00579599989578128,0.00126799999270588,0,0,0.000368000008165836,0.000176000001374632,0,0,0,0.00014000000373926,0.106715999543667,0,0,0,0,0.0054959999397397,0.0249279998242855,0,0.0132039999589324,0.0805480033159256,0,0.486043989658356,0.0151639999821782,0.0165800005197525,0.106991998851299,0.000151999993249774,0.0015760000096634,0.0698200017213821,0.000380000012228265,0.00215999991632998,0.0574879981577396,0,0,0,0,0,0,0,0,0.00489600002765656,0,0
"CRS3035RES50000mN2150000E4600000",0.00388684077188373,0.0113624762743711,0.0050790230743587,0.000216389234992675,0.000114318841951899,0,0.000559345760848373,0,0,0,0.000318459642585367,0.2117919921875,0,0,0.00313968537375331,0.000812480342574418,0.0146777229383588,0.000767569348681718,0.00708776852115989,0.16105891764164,0.0819951891899109,0,0.298078209161758,0.00756545783951879,0.00858207885175943,0.0874620825052261,0.000281714281300083,0,0.0476587079465389,0.000404198770411313,0.0165313221514225,0.029106393456459,0,0,0,0,0,0,0,0,0.00146164803300053,0,0
"CRS3035RES50000mN2150000E4650000",0.0388357229530811,0.0585514046251774,0.0291466470807791,0.000675058574415743,0.00123098911717534,0.00357383955270052,0.00109200656879693,0,0,0.0015089544467628,0.00119127985090017,0.180200934410095,0,0,0.0393519438803196,0,0.223166421055794,0,0.0156454741954803,0.328713804483414,0.0394313633441925,0,0.0234880670905113,0,0.00105229718610644,0,0,0,0.0020847397390753,0.00629392825067043,0,0.00476511940360069,0,0,0,0,0,0,0,0,0,0,0
"CRS3035RES50000mN1550000E6350000",0,0.0650801882147789,0,0.00651836534962058,0,0.0395240560173988,0,0,0,0,0.0509053282439709,0.0294878426939249,0.00744956033304334,0,0.0679772347211838,0.0344542153179646,0,0,0,0.247077077627182,0.0256595965474844,0,0.00465597538277507,0,0,0,0,0.338644593954086,0.00269011897034943,0,0.00962234847247601,0.0702534914016724,0,0,0,0,0,0,0,0,0,0,0
"CRS3035RES50000mN1600000E2850000",0.0145382843911648,0.0451231263577938,0.0102636171504855,0.000419373594922945,0.000757815432734787,0,0.00173635384999216,0,0.00207479554228485,0.000309012131765485,0.00653339922428131,0.362081259489059,0.100443653762341,0.0179815627634525,0.00141262682154775,0.00249416916631162,0.00211158278398216,0.121559478342533,0,0.021388053894043,0.00734271667897701,0.0138466861099005,0.0663934573531151,0.0379054881632328,0.00238380767405033,0.0023396632168442,0,0.0591611042618752,0.0290103517472744,0.00503984047099948,0,0,0,0,0.00443653110414743,0,0.0176504775881767,0.0365296453237534,0,0.000434088462498039,0.000662168837152421,0.00563579238951206,0
"CRS3035RES50000mN1600000E2900000",0.00246798945590854,0.00646319985389709,0.00155165675096214,0.00119326880667359,0,0,0.00215847254730761,0,0.000484638178022578,0,0.00420291256159544,0.102063171565533,0.0295547842979431,0.00323770893737674,0.000256573170190677,0.0153007199987769,0.00347391911782324,0.0834758728742599,0,0.00291597424075007,0.0158016476780176,0.0297706313431263,0.371155470609665,0.0207416992634535,0.013121884316206,0.0215032752603292,0.0541654452681541,0.109430491924286,0.084494024515152,0.000952986010815948,0.0024557716678828,0.00175528624095023,0,0,0,0,0.000114032518467866,0,0,0.000382823433028534,0.0153536638244987,0,0
"CRS3035RES50000mN2200000E2750000",0.0200383141636848,0.175192132592201,0.0292207077145576,0.00806487165391445,0.00102944090031087,0.00228458805941045,0.00279655610211194,0.000264241505647078,0.000500957889016718,0.000996410730294883,0.00225155800580978,0.00110651133581996,0.129940763115883,0,0.00810340605676174,0.000517472974024713,0,0.000137625786010176,0.142783999443054,0.0733380317687988,0.0793220028281212,0,0.0319842323660851,0.00876400992274284,0.116833284497261,0.000462422642158344,0.00457468116655946,0,0.150788322091103,0.00346266478300095,0,0,0,0,0,0,0.000319291837513447,0,0,0.00335256429389119,0,0,0.00156893394887447
"CRS3035RES50000mN2200000E2800000",0.00407599983736873,0.0309919994324446,0.00328000006265938,0.00655600009486079,0,9.99999974737875e-05,0.00171999994199723,0.00023999999393709,0.000112000001536217,0.000108000000182074,0.000103999998827931,0.0187079999595881,0.0163959991186857,0,0.00929199997335672,0.00132000003941357,0,0.0062440000474453,0.0951199978590012,0.0577999986708164,0.112492002546787,0,0.0279479995369911,0.038832001388073,0.0978239998221397,0.0120440004393458,0.176471993327141,0,0.24796000123024,0,0,0.0232759993523359,0.00130799994803965,0,0,0,0,0,0,6.80000011925586e-05,0.0096079995855689,0,0
"CRS3035RES50000mN2200000E2850000",0.00208000000566244,0.00893600005656481,0.000931999995373189,0.005216000135988,0,0.00011600000289036,0.00299599999561906,0,0.000228000004426576,0,0.000380000012228265,0.0736119970679283,0.00811600033193827,0,0.0232439991086721,0.0156360007822514,0.0465519987046719,0.0102719999849796,0.0192719995975494,0.118596002459526,0.199520006775856,0,0.015468000434339,0.0460559986531734,0.0206879992038012,0.0159079991281033,0.120103999972343,0,0.229271993041039,0,0.000251999997999519,0.00749599980190396,0.0042039998807013,0,0,0,0,0,0,0.000260000000707805,0.00458800001069903,0,0
"CRS3035RES50000mN2200000E2900000",0.00206000008620322,0.00271599995903671,0.000975999981164932,0.000119999996968545,0,0.000199999994947575,0.000655999989248812,0,0,0,0.000284000008832663,0.113040000200272,0.00163199997041374,0,0.00694000022485852,0.037151999771595,0.0405160002410412,0.00518799992278218,0.0210880003869534,0.134984001517296,0.207320004701614,0.000207999997655861,0.0707520022988319,0.0168360006064177,0.0211800001561642,0.0113439997658134,0.116800002753735,0,0.181235998868942,0,0,0.00215999991632998,0.00271199992857873,0,0,0,0,0,0,0,0.0019000000320375,0,0
"CRS3035RES50000mN2200000E2950000",0.000224000003072433,0.00196800008416176,0,0.000112000001536217,0,0,0.000775999971665442,0,0.000255999999353662,0,0,0.143491998314857,0.00439999997615814,0,0.00383999990299344,0.00109599996358156,0.000207999997655861,0.048760000616312,0.00138000003062189,0.0241759996861219,0.101531997323036,0.00516400020569563,0.0635880008339882,0.0807719975709915,0.0107039995491505,0.0628160014748573,0.0553359985351562,0.233068004250526,0.142864003777504,0,0,0.00362000009045005,0,0,0,0,0,0,0,0.00520400004461408,0.00464399997144938,0,0
"CRS3035RES50000mN2200000E3000000",0.00148800003807992,0.00965199992060661,0.00309600005857646,0.0017359999474138,0,0,0.000268000003416091,0.00052000000141561,0.000103999998827931,0,0.000176000001374632,0.56792801618576,0.128608003258705,0,0.00502800010144711,0,0,0.0186640005558729,0,0.0130040002986789,0.0219199992716312,0.0184640008956194,0.0884919986128807,0.00982800032943487,0.00233600009232759,0.00851999968290329,0,0.0432920008897781,0.045024000108242,0,0,0.00156799994874746,0,0,0.00103199994191527,0,0,0,0,0,0.00925199966877699,0,0
"CRS3035RES50000mN2200000E3050000",0.000615999975707382,0.00625200010836124,0.00236000004224479,0,0,0,0.000132000001030974,0,0,0,0,0.886156022548676,0.0558839999139309,0,0.000980000011622906,0,0,0.0046399999409914,0,0.00144799996633083,0.00171999994199723,0.00151600001845509,0.017807999625802,0.00737999984994531,0.000975999981164932,0.00261200009845197,0,0.00454000011086464,0.0042039998807013,0,0,0,0,0,0,0,0,0,0,0,0.000775999971665442,0,0
"CRS3035RES50000mN2200000E3100000",0.00104000000283122,0.0114959999918938,0.00813200045377016,0.00288800010457635,0,0,0.0021959999576211,0.000715999980457127,0,0,0.000423999998020008,0.620884001255035,0.204628005623817,0,8.3999999333173e-05,0,0,0.0069280001334846,0,0.000500000023748726,0.00614000018686056,0.00207199994474649,0.060164000838995,0.0157960001379251,0.00391600001603365,0.00948799960315228,0,0.023547999560833,0.015196000225842,0,0,0.00167200004216284,0,0,0.0013160000089556,0,0,0,0,0,0.000775999971665442,0,0
"CRS3035RES50000mN2200000E3150000",0.00294000003486872,0.00819199997931719,0.00792399980127811,0.001587999984622,0,0,0.000631999981123954,0.000108000000182074,0.000136000002385117,0.000644000014290214,0.000820000015664846,0.784003973007202,0.0311600007116795,0,0.00158000004012138,0,0,0.00375599996186793,0,0.00377200008369982,0.0127600003033876,0,0.0500879995524883,0.00528800021857023,0.010835999622941,0.0415639989078045,0,0.0235360004007816,0.00846800021827221,0,0,0.000108000000182074,0,0,0,0,0,0,0,0,9.60000033956021e-05,0,0
"CRS3035RES50000mN2200000E3200000",0.000456000008853152,0.00106799998320639,0.00165999995078892,0.00101600005291402,0,0.000931999995373189,0.00303600006736815,0.000475999986520037,0,0,0.000515999970957637,0.243732005357742,0.00253199995495379,0,0.000528000004123896,0.00031999999191612,0,0.00655200006440282,0,0.0024600001052022,0.00867199990898371,0,0.271328002214432,0.139563992619514,0.0198279991745949,0.0718920007348061,0.137600004673004,0.0571479983627796,0.023760000243783,0,0.00067999999737367,0.00250399997457862,0,0,0,0,0,0,0,0,0.00173999997787178,0,0
"CRS3035RES50000mN1600000E2950000",0.0104292444884777,0.0450474359095097,0.00232203281484544,0.00193723873235285,0,0,0.00346314604394138,0.000325084576616064,0.00410668086260557,0.000205665754037909,0.0168712269514799,0.0243017319589853,0.00176474486943334,0,0.0029058582149446,0.0191667210310698,0.0613812766969204,0.020055728033185,0,0.0210641548037529,0.0144828502088785,0.00686658266931772,0.128620713949203,0.120891660451889,0.0280766934156418,0.010906919836998,0.0130829960107803,0.331261187791824,0.0620314478874207,0.000437869050074369,0.00662111071869731,0.0399124249815941,0,0,0,0,0,0,0,0,0.0014595635002479,0,0
"CRS3035RES50000mN2200000E3250000",0.00295599992386997,0.00679200002923608,0.00559999980032444,0.00107600004412234,0,0,0.000563999987207353,0.000132000001030974,0,0.000151999993249774,0.00160399999003857,0.172943994402885,0.0151159996166825,0,0.160467997193336,0.00478800013661385,0.000112000001536217,0.00214400002732873,0,0.0140680000185966,0.00867599993944168,0,0.23513600230217,0.0669320002198219,0.00829599983990192,0.0786719992756844,0.0973239988088608,0.0499759986996651,0.0540440008044243,0.000768000027164817,0.00022000000171829,0.00615199981257319,0,0,0,0,0,0,0,0.00297600007615983,0.00231199990957975,0,0
"CRS3035RES50000mN2200000E3300000",0.00371999992057681,0.00648400001227856,0.0124559998512268,0.000883999979123473,0,0.000644000014290214,0.00140399998053908,0.000444000004790723,0.000739999988581985,0.000260000000707805,0.000380000012228265,0.350755989551544,0.0556400008499622,0,0.126604005694389,0.0277679990977049,0.0134199997410178,0.00482399994507432,0,0.0455720014870167,0.0187960006296635,0,0.037907999008894,0.0511679984629154,0.00851999968290329,0.0145960003137589,0.000939999998081475,0.117427997291088,0.0826120004057884,0.000203999996301718,0.000123999998322688,0.00946400035172701,0,0,0.00011600000289036,0,0,0,0,0.00561599992215633,0.000508000026457012,0,0
"CRS3035RES50000mN2200000E3350000",0.000836000021081418,0.00643200008198619,0.00352400005795062,0.00179200002457947,0,0,0.000956000003498048,0,0.000123999998322688,0,0,0.388992011547089,0.179703995585442,0.0037360000424087,0.0253720004111528,0.000760000024456531,0.00120800000149757,0.00201599998399615,0,0.0137879997491837,0.0169760007411242,0,0.0624600015580654,0.0848800018429756,0.0148080000653863,0.00632000016048551,0.00372399995103478,0.150059998035431,0.0194600000977516,0,7.5999996624887e-05,0.00443999981507659,0,0,0.000112000001536217,0,0,0,0,0.00590399978682399,0.00153999996837229,0,0
"CRS3035RES50000mN2200000E3400000",0,0.000676000025123358,0.000372000009519979,0.000948000000789762,0,0.000127999999676831,0.000628000008873641,0,0.000264000002061948,0,9.99999974737875e-05,0.114987999200821,0.00966800004243851,0,0,0.000607999972999096,0,0.00289199990220368,0,0.00885200034826994,0.045635998249054,0,0.139727994799614,0.201524004340172,0.190091997385025,0.0198519993573427,0.0609080009162426,0.12754799425602,0.057363998144865,0.000547999981790781,0.0026159998960793,0.00571999978274107,0,0,0,0,0,0,0,0.000368000008165836,0.0079720001667738,0,0
"CRS3035RES50000mN2200000E3450000",0.000815999985206872,0.00207599997520447,0.00143599999137223,0.000444000004790723,0,0,9.99999974737875e-05,0,0,0,0.00085200002649799,0.0437959991395473,0.0160520002245903,0,0,0.000112000001536217,0,0.0146920001134276,0,0.000867999973706901,0.00750799989327788,0,0.0514600016176701,0.294672012329102,0.107551999390125,0.144600003957748,0.0755880028009415,0.0335480011999607,0.0343840010464191,0.00173200003337115,0.116163998842239,0.0474760010838509,0,0.00154800002928823,0,0,0,0,0,0,0.00252399989403784,0,0
"CRS3035RES50000mN2200000E3500000",0,0.00336400000378489,0,0,0,0,0,0,0,0,0.00196000002324581,0.00456799985840917,0.00182400003541261,0,0,0,0,0.0318760015070438,0,0.00424400018528104,0.00572399981319904,0,0.0938879996538162,0.196807995438576,0.0796239972114563,0.223895996809006,0.0581960007548332,0.00215200008824468,0.0300960000604391,0.00150000001303852,0.163855999708176,0.0919039994478226,0,0.00187999999616295,0,0,0,0,0,0.000284000008832663,0.00235600001178682,0,0
"CRS3035RES50000mN2200000E3550000",0.000747999991290271,0.00462399981915951,0.000228000004426576,0,0,0,0.000155999994603917,0.000108000000182074,0,0,0.000296000012895092,0.00219199992716312,0.000251999997999519,0,0,0,0,0.0341399982571602,0,0.00620000017806888,0.00962799973785877,0,0.229284003376961,0.161375999450684,0.0287439990788698,0.227955996990204,0.125835999846458,0,0.00937199965119362,0.000247999996645376,0.104156002402306,0.0509839989244938,0,0.000452000007499009,0,0,0,0,0,0,0.00301999994553626,0,0
"CRS3035RES50000mN2200000E3600000",0.000115282142360229,0.0102643808349967,0.00101192097645253,0.000157979229697958,0,0,0.000742929347325116,0,0,0,0.000409892061725259,0.000128091269289143,0,0,0,0,0,0.0421249493956566,0,0.0301142577081919,0.0264124199748039,0,0.336201161146164,0.080757275223732,0.0445843003690243,0.171556904911995,0.0679780393838882,0,0.0251101590692997,0,0.0674784779548645,0.0923666134476662,0,0,0,0,0,0,0,0.000230564284720458,0.00225440645590425,0,0
"CRS3035RES50000mN2200000E3650000",0.000315999990561977,0.0119240004569292,0.00047999998787418,0,0,0,0.000904000014998019,0,0,0,0.000251999997999519,0.00913999974727631,0,0,0.0263800006359816,0.000508000026457012,0,0.0495800003409386,0,0.0673040002584457,0.0303840003907681,0,0.242139995098114,0.172647997736931,0.129023998975754,0.107224002480507,0.0342199988663197,0.0157760009169579,0.0529000014066696,0,0.0211880002170801,0.0234839990735054,0,0,0.000288000010186806,0,0,0,0,0,0.00393600016832352,0,0
"CRS3035RES50000mN2200000E3700000",0.0023782451171428,0.0321423411369324,0.00994538888335228,0.00136528885923326,0.000280264561297372,0.000948895758483559,0.00263448688201606,0.000148139850352891,0,0,0.00281465705484152,0.00118511880282313,0,0,0.200469240546227,0.0218566320836544,0,0.0123916976153851,0,0.0710670873522758,0.0351571887731552,0,0.148984640836716,0.0326948650181293,0.0357457436621189,0.0252558421343565,0.00544514041393995,0.229488641023636,0.0868740081787109,0.000332313706167042,0.00202591251581907,0.00582950282841921,0,0,0.000428404426202178,0,0.0059416089206934,0.000544514041393995,0,0,0.00141733791679144,0.0242068506777287,0
"CRS3035RES50000mN1600000E3000000",0.0460115075111389,0.0748606249690056,0.0225287452340126,0.00630049593746662,0.00161984353326261,0.00680731795728207,0.00722470134496689,0.000735389126930386,0.00952030811458826,0.00144096510484815,0.014032019302249,0.0294155646115541,0.0269510168582201,0,0.0186828579753637,0.167390465736389,0.0574597269296646,0.0424538142979145,0,0.0508312880992889,0.0779114961624146,0.00745326792821288,0.00520735001191497,0.0621503181755543,0.00323968706652522,0.00206703972071409,0,0.227066293358803,0.0224691182374954,0.00283224182203412,0,0.0034682541154325,0,0,0,0,0,0,0,0,0.00186828582081944,0,0
"CRS3035RES50000mN2200000E3750000",0,0.0626296922564507,0.011255738325417,0,0.0127648869529366,0,0.00496761640533805,0,0,0.00616235937923193,0.00936930160969496,0.00584795325994492,0,0,0.0519398860633373,0,0,0.00905489549040794,0,0.0531975105404854,0.0231402888894081,0,0,0.00503049744293094,0.00672829011455178,0.000691693392582238,0.0143369175493717,0.118216685950756,0,0.0544551350176334,0,0.0044645662419498,0,0,0,0,0.128717854619026,0.0753316953778267,0,0,0,0.341696530580521,0
"CRS3035RES50000mN2200000E3900000",0,0.295515209436417,0.0253603849560022,0,0.00667378539219499,0,0,0,0,0.0253603849560022,0,0,0,0,0,0,0,0,0,0,0,0,0,0.141751199960709,0,0,0,0.277362525463104,0.0168179385364056,0.00266951415687799,0.123865455389023,0.0846235975623131,0,0,0,0,0,0,0,0,0,0,0
"CRS3035RES50000mN2200000E3950000",0.0021765255369246,0.206422746181488,0.0302042998373508,0.00113499804865569,0.00831886753439903,0.000721057527698576,0.00367205240763724,0.000467352103441954,0.000373881688574329,0.00392575794830918,0.00523434393107891,0.000494057952892035,0,0,0.0681799948215485,0.00424622790887952,0.00265723071061075,0.000560822547413409,0,0.056536253541708,0.0128588592633605,0,0.124903194606304,0.153077840805054,0.0727867558598518,0.0087061021476984,0,0.192135125398636,0.0089865131303668,0,0.0100013352930546,0.0212177857756615,0,0,0,0,0,0,0,0,0,0,0
"CRS3035RES50000mN2200000E4000000",0.00123257073573768,0.104009158909321,0.00371972215361893,0.000836387218441814,0.00309243169613183,0.00443505356088281,0.000319147773552686,0.000286132475594059,0,0.000627290457487106,0.00634993985295296,0.00721934251487255,0,0,0.142989203333855,0.00998162105679512,0.000715331174433231,0.00388479861430824,0,0.049412876367569,0.0135142570361495,0,0.178029432892799,0.0400915630161762,0.0943576842546463,0.000616285367868841,0,0.299492657184601,0.0041599259711802,0.000418193609220907,0,0.0009244279935956,0.0182244386523962,0,0,0,0.000396183429984376,0.0075054750777781,0,0,0.000902417814359069,0.00225604465231299,0
"CRS3035RES50000mN2200000E4050000",0,0.490848571062088,0,0,0,0,0,0,0,0,0,0,0,0,0.123128116130829,0,0,0,0,0.121464222669601,0,0,0,0.19966721534729,0.0648918449878693,0,0,0,0,0,0,0,0,0,0,0,0,0,0,0,0,0,0
"CRS3035RES50000mN2200000E4250000",0,0.0288700852543116,0,0,0,0,0,0,0,0,0,0,0,0,0.00348432059399784,0,0,0.0272772517055273,0,0.0132404183968902,0,0,0.121154800057411,0,0,0.0867098048329353,0,0.562966644763947,0.0341463424265385,0,0.0187157783657312,0.103434547781944,0,0,0,0,0,0,0,0,0,0,0
"CRS3035RES50000mN2200000E4300000",0,0.0186915881931782,0,0,0,0,0,0,0,0,0,0,0,0,0,0,0,0,0,0,0,0,0.0181723777204752,0,0,0,0,0.914330244064331,0,0,0.0488058142364025,0,0,0,0,0,0,0,0,0,0,0,0
"CRS3035RES50000mN2200000E4350000",0.00152114045340568,0.0142500894144177,0.0122878747060895,0.00374347576871514,0.00117619778029621,0,0.00304228090681136,4.52383792435285e-05,0,0,0.00340418796986341,0.226615995168686,0,0,0.0196108371019363,0.00173602276481688,0.0313049592077732,0.0405392423272133,0.00792802590876818,0.0779909640550613,0.038232084363699,0,0.414818972349167,0.0131360944360495,0.0242816992104053,0,0,0.0501863248646259,0.00778100080788136,0.00374913052655756,0,0.000322323438012972,0,0,0.00117054302245378,0,0.000243156275246292,0,0,0.000576789316255599,0.000305359048070386,0,0
"CRS3035RES50000mN2200000E4400000",0.000427999999374151,0.00872400030493736,0.00232400000095367,0.000755999993998557,0,0.000704000005498528,0.00138399994466454,0,0,0,0.000647999986540526,0.321848005056381,0,0.00158000004012138,0.0302520003169775,0.00123199995141476,0.0210560001432896,0.0436480008065701,0.00161200005095452,0.04288399964571,0.0587080009281635,0,0.371051996946335,0.0182399991899729,0.0317879989743233,0,0,0.0153959998860955,0.0244239997118711,0.00117599999066442,0,0.000136000002385117,0,0,0,0,0,0,0,0,0,0,0
"CRS3035RES50000mN2200000E4450000",0.000284000008832663,0.018928000703454,0.00459200004115701,0.00022000000171829,0,0.000456000008853152,0.00153999996837229,0,0,0,0.000243999995291233,0.373396009206772,0,0,0.0271279998123646,0.00119600002653897,0.0335079990327358,0.026995999738574,0.000923999992664903,0.100383996963501,0.0456719994544983,0,0.231588006019592,0.00787200033664703,0.0258039999753237,0.000668000022415072,0,0.00250399997457862,0.0345240011811256,0.00165999995078892,0,0.00587600003927946,0,0,0.00365200010128319,0,0,0,0,0,0.0503839999437332,0,0
"CRS3035RES50000mN1600000E3050000",0.0105906361714005,0.0192960277199745,0.0033823496196419,0.00251735537312925,0,0.000277241779258475,0.000953711685724556,0,0.00211812718771398,0,0.000942622020374984,0.00230665155686438,0.0284450054168701,0,0.0117883207276464,0.173420280218124,0.0562689900398254,0.00767405238002539,0.00041031782166101,0.0344556085765362,0.0603388994932175,0.00211812718771398,0.00579989794641733,0.0766074508428574,0.0108678778633475,0.0063543813303113,0,0.413944154977798,0.0491937808692455,0,0,0.0188524406403303,0,0,0,0,0,0,0,0.000476855842862278,0.000598842219915241,0,0
"CRS3035RES50000mN2200000E4500000",0.00109200004953891,0.042128000408411,0.0142480004578829,0.000144000005093403,0,0.00139999995008111,0.00116400001570582,0,0.000132000001030974,0,0.000888000009581447,0.380151987075806,0,0,0.00854399986565113,0,0.0481120012700558,0.0031999999191612,0.00052000000141561,0.0880319997668266,0.0985039994120598,0,0.23751200735569,0.00628399988636374,0.0192399993538857,0.00503600016236305,0,0.00681999977678061,0.0285800006240606,0,0,0.00510400021448731,0.00015999999595806,0,0.000163999997312203,0,0,0,0,0.00193599995691329,0.000904000014998019,0,0
"CRS3035RES50000mN2200000E4550000",0,0.0102439997717738,0.00412400020286441,0,0,0,0.000928000023122877,0,0,0,0.000103999998827931,0.256264001131058,0,0,0.000511999998707324,0,0,0.00252000009641051,0.000384000013582408,0.0823440030217171,0.084636002779007,0,0.33254799246788,0.0116119999438524,0.0168399997055531,0.0942960008978844,0,0,0.065311998128891,0,0.00600800011307001,0.0295080002397299,0,0,0.000368000008165836,0,0,0,0,0,0.00144799996633083,0,0
"CRS3035RES50000mN2200000E4600000",0.00498209754005075,0.0451793372631073,0.0176756642758846,0.000289392890408635,0.000544739596080035,0,0.000714970694389194,0,0,0.000527716474607587,0.000669575703795999,0.422581732273102,0,0,0.0188445840030909,0.00083413248648867,0.000232649195822887,0.00066390132997185,0.00159449817147106,0.274021029472351,0.0774665102362633,0,0.0801107659935951,0.00100436364300549,0.00305281137116253,0.000329113507177681,0,0.000760365684982389,0.0390056222677231,0.00392666459083557,0.00151505693793297,0.00287123140878975,0,0,0,0,0,0,0,0,0.000601483276113868,0,0
"CRS3035RES50000mN1600000E3100000",0.00616402784362435,0.00315771251916885,0.00219165440648794,0.00503215380012989,0.00069931079633534,0,0.000468610320240259,0,0.000194653519429266,0.000216281681787223,0.000764195283409208,0.000555122969672084,0.0423119068145752,0,0.00683450140058994,0.208733454346657,0.0379646457731724,0.0014851342421025,0,0.0360469482839108,0.069159671664238,0.00892522465437651,0.0324422530829906,0.0585402436554432,0.00604146858677268,0.0481515116989613,0.00529169198125601,0.375854313373566,0.0270856767892838,0.00184560369234532,0.000620007514953613,0.00994895771145821,0,0,0,0,0,0,0,0,0.00327306287363172,0,0
"CRS3035RES50000mN1600000E3150000",0.00961017422378063,0.00833840202540159,0.00462814467027783,0.000414708309108391,0.000320707767968997,0,0.00244954391382635,0.000160353883984499,0.00264307437464595,0,0.00137130217626691,0.000973182206507772,0.159524470567703,0,0.00413049478083849,0.0291844066232443,0.00801216438412666,0.0130605474114418,0,0.0337959639728069,0.0344097316265106,0.00190212880261242,0.0159966815263033,0.0522587783634663,0.00789051689207554,0.0529554896056652,0,0.402206242084503,0.0471827499568462,0.000519767752848566,0.000165883335284889,0.0969422161579132,0,0,0,0,0.0024053081870079,0.00383190484717488,0,0,0.00271495711058378,0,0
"CRS3035RES50000mN1600000E3200000",0.00504817441105843,0.0109422896057367,0.0134526435285807,0.00019775221880991,0.00106017163489014,0.00107665092218667,0.00496577797457576,0,0.00215879501774907,0.000433956243796274,0.00112059584353119,0.0397646762430668,0.0698779448866844,0,0.000274655845714733,0.0125462794676423,0.0188743509352207,0.0338705591857433,0,0.0275864340364933,0.0497236959636211,0,0.00774529529735446,0.00410335836932063,0.000318600796163082,0.16496929526329,0,0.224822297692299,0.00387264764867723,0.00285092787817121,0.000587763555813581,0.294919967651367,0,0,0.000829460681416094,0,0,0.00200498779304326,0,0,0,0,0
"CRS3035RES50000mN1600000E3250000",0.0108860917389393,0.0146566927433014,0,0,0.00897038262337446,0,0.00620324769988656,0,0.001489995745942,0,0.00471325172111392,0.0414766147732735,0.0297695063054562,0,0,0.0119807822629809,0,0.00605120742693543,0,0.0424496755003929,0.0473757833242416,0,0.00164203613530844,0.01158547680825,0,0.160280972719193,0,0.516542017459869,0.0141701633110642,0.00234142178669572,0.00225019757635891,0.064404308795929,0,0,0,0,0,0,0,0,0.000760201888624579,0,0
"CRS3035RES50000mN1600000E4500000",0.0104622412472963,0.164428383111954,0.00426098518073559,0,0.00300551648251712,0.000798934779595584,0.0132394898682833,0,0,0,0,0.14274300634861,0,0,0.444816440343857,0.0223701726645231,0,0,0.00939699448645115,0.136427626013756,0.00399467395618558,0,0,0.00190222566016018,0,0,0,0.00996766239404678,0,0,0,0.00437511876225471,0,0,0,0,0.00856001488864422,0.0189461670815945,0,0.000304356100969017,0,0,0
"CRS3035RES50000mN2250000E2750000",0.00398189853876829,0.0549194775521755,0.00462585501372814,0.00451951380819082,0.000945257779676467,0,0.00242222310043871,0,0.00038401095662266,0.000431273860158399,0.000844824127852917,0.00242813094519079,0.0346141569316387,0,0.00803469121456146,0.00132926867809147,0,0.00252856453880668,0.101053960621357,0.0907152071595192,0.0798742771148682,0,0.0521900430321693,0.0897226855158806,0.100687675178051,0.00363924237899482,0.116934292018414,0,0.206202074885368,0.000992520595900714,0.000909810594748706,0.0100256400182843,0,0,0,0,0.00463176285848022,0,0,0.00960618164390326,0,0,0.0108054773882031
"CRS3035RES50000mN2250000E2800000",0.000452000007499009,0.00771600008010864,0.000668000022415072,0.000136000002385117,0,0,0.00178399996366352,0,0.000108000000182074,0,0.000119999996968545,0.00455999979749322,0.00226400000974536,0,0.00557200005277991,0,0,0.0119679998606443,0.0385080017149448,0.0529760010540485,0.073292002081871,0,0.111735999584198,0.0400200001895428,0.0479479990899563,0.0151559999212623,0.357751995325089,0,0.126387998461723,0,0.00559200020506978,0.0814279988408089,9.99999974737875e-05,0,0,0,0,0,0,0.00203599990345538,0.0117199998348951,0,0
"CRS3035RES50000mN2250000E2850000",0.000376000010874122,0.0073640001937747,0.000500000023748726,0.000436000002082437,0,0.000148000006447546,0.0017119999974966,0,0.00023999999393709,0,0.000155999994603917,0.0717919990420341,0.0306759998202324,0,0.0024439999833703,0.000136000002385117,0,0.0046399999409914,0.00271999998949468,0.0552960000932217,0.149903997778893,0,0.142752006649971,0.0759999975562096,0.0070079998113215,0.0139319999143481,0.325803995132446,0,0.0881559997797012,0,0,0.00902399979531765,0.00695599988102913,0,0,0,0,0,0,0,0.00182799994945526,0,0
"CRS3035RES50000mN2250000E2900000",0.000232000005780719,0.00100799999199808,0.000344000000040978,0.000176000001374632,0,0,0.016440000385046,7.20000025467016e-05,0.000427999999374151,0,0,0.00306000001728535,0,0,0.00047999998787418,0.00113200000487268,0,0.0114359995350242,0.000103999998827931,0.022172000259161,0.0817639976739883,0,0.143567994236946,0.032515998929739,0.00128800002858043,0.112032003700733,0.386195987462997,0,0.102444000542164,0,0.00703600002452731,0.0607720017433167,0.00168800004757941,0,0,0,0,0,0,0,0.013612000271678,0,0
"CRS3035RES50000mN1600000E4550000",0.0104368580505252,0.0219605378806591,0.00280108908191323,0,0.000532206904608756,0.000554615631699562,0.001859923126176,0,0,0,0.000560217828024179,0.300164699554443,0.000168065336765721,0,0.365105152130127,0.0116693368181586,0.1221779063344,0,0.0359155647456646,0.0439939051866531,0.0222238413989544,0,0.00538369314745069,0.0214507393538952,0,0.00205039721913636,0,0.0108850318938494,0.000549013435374945,0.00054341129725799,0,0.013529259711504,0.000280108914012089,0,0.000425765523687005,0,0,0,0,0,0.00477865803986788,0,0
"CRS3035RES50000mN2250000E2950000",0,0.00184399995487183,0,0,0,0,0.0039079999551177,0.00028000000747852,0.000155999994603917,0,0,0.0238799992948771,0.00380400009453297,0,0.000712000008206815,0,0,0.0515800006687641,0,0.00511199980974197,0.0116240000352263,3.19999999192078e-05,0.165871992707253,0.0728759989142418,0.00707599986344576,0.189487993717194,0.220119997859001,0.0659879967570305,0.12032800167799,0,0.000503999995999038,0.0499720014631748,0,0,9.99999974737875e-05,0,0,0,0,0,0.00474399980157614,0,0
"CRS3035RES50000mN2250000E3000000",0.00378799997270107,0.0213280003517866,0.00838399957865477,0.000948000000789762,0,0.000760000024456531,0.000823999987915158,0.000723999983165413,9.60000033956021e-05,0.000272000004770234,0.00127200002316386,0.156747996807098,0.417703986167908,0,0.00644400017336011,0,0,0.0892840027809143,0,0.021891999989748,0.0483280010521412,0.00150799995753914,0.087567999958992,0.00457199988886714,0.00208400003612041,0.021951999515295,0.0011680000461638,0.0528919994831085,0.0450639985501766,0,0,0.00370000000111759,0.000364000006811693,0,0.000103999998827931,0,0,0,0,0.000228000004426576,0,0,0
"CRS3035RES50000mN2250000E3050000",0.000623999978415668,0.00770399998873472,0.00243999995291233,0.00106000003870577,0,0.00023999999393709,0.000563999987207353,0.00247599999420345,0.000188000005437061,0.00031999999191612,6.80000011925586e-05,0.567759990692139,0.189083993434906,0,0.00219999998807907,0,0,0.0129760000854731,0,0.0201319996267557,0.0150359999388456,0.00637600012123585,0.0897839963436127,0.00878799986094236,0.00380400009453297,0.0197119992226362,0.000880000006873161,0.0308240000158548,0.0166239999234676,0,0,0,0.000207999997655861,0,0,0,0,0,0,0,0.000127999999676831,0,0
"CRS3035RES50000mN2250000E3100000",0.000103999998827931,0.00327200000174344,0.00156799994874746,0.000552000012248755,0,0,0.000747999991290271,0.000112000001536217,0,0,0,0.590052008628845,0.0851759985089302,0,0,0,0,0.0125439995899796,0,0.000448000006144866,0.0144279999658465,0.000928000023122877,0.0966319963335991,0.105524003505707,0.0251320004463196,0.013604000210762,0.00169199996162206,0.026936000213027,0.0202719997614622,0,0,9.60000033956021e-05,0,0,0.000180000002728775,0,0,0,0,0,0,0,0
"CRS3035RES50000mN2250000E3150000",0.00047999998787418,0.00174400000832975,0.00156000000424683,0.000831999990623444,0,0,0.00117199996020645,0,0,0,0,0.477847993373871,0.03175999969244,0,0,0,0,0.00435200007632375,0,0.00858800020068884,0.0201600007712841,0,0.140676006674767,0.0316199995577335,0.00640399986878037,0.107320003211498,0.0116560002788901,0.0995799973607063,0.019751999527216,0,0.0183799993246794,0.0139760002493858,0,0,0.000232000005780719,0,0,0,0,0,0.00190799997653812,0,0
"CRS3035RES50000mN2250000E3200000",0.000403999991249293,0.00138399994466454,0.00146000005770475,0.000203999996301718,0,0,0.000460000010207295,0,0,0,0,0.381619989871979,0.00400799978524446,0,0,0.000448000006144866,0,0.00381199992261827,0,0.00373200001195073,0.030859999358654,0,0.159511998295784,0.0764359980821609,0.0711160004138947,0.0868199989199638,0.0318319983780384,0.100996002554893,0.0313079990446568,0,0.00293600000441074,0.00999999977648258,0,0,0,0,0,0,0,0,0.0006520000169985,0,0
"CRS3035RES50000mN2250000E3250000",0.00283599994145334,0.0140279997140169,0.0134519999846816,0.00568800000473857,0,0.000948000000789762,0.00150799995753914,0.000444000004790723,0.000571999989915639,0.000760000024456531,0.00156000000424683,0.306371986865997,0.0419519990682602,0,0.0326239988207817,0,0,0.034791998565197,0,0.00365200010128319,0.013667999766767,0,0.278180003166199,0.0645919963717461,0.0310479998588562,0.0154240000993013,0.0318600013852119,0.0546040013432503,0.034060001373291,0,0,0.00349600007757545,0,0,0.000728000013623387,0,0,0,0,0.00198800000362098,0.00916399993002415,0,0
"CRS3035RES50000mN2250000E3300000",0.00238800002261996,0.00519199995324016,0.00714799994602799,0.00266400002874434,0,0,0.00162400002591312,0,0,0,0,0.171036005020142,0.0162080004811287,0,0.00155199994333088,0,0.000167999998666346,0.0725359991192818,0,0.00473999977111816,0.00372399995103478,0,0.448523998260498,0.095380000770092,0.00779600022360682,0.0627880021929741,0.0387439988553524,0.024720000103116,0.0196679998189211,0,0.000948000000789762,0.0100079998373985,0,0,0.00014000000373926,0,0,0,0,0,0.00230400008149445,0,0
"CRS3035RES50000mN2250000E3350000",0.00200799992308021,0.0148440003395081,0.00930400006473064,0.00158399995416403,0,0.000560000014957041,0.000888000009581447,0.000755999993998557,0.00014000000373926,0.00113600003533065,0.00115999998524785,0.179299995303154,0.00439999997615814,0,0.00100000004749745,0.000744000019039959,0,0.0867239981889725,0,0.00446399999782443,0.00310000008903444,0,0.393999993801117,0.106532000005245,0.00744799990206957,0.0818480029702187,0.0499200001358986,0.0329880006611347,0.00812800042331219,0,0.000123999998322688,0.00142400001641363,0,0,0,0,0,0,0,0.000844000023789704,0.00463199988007545,0,0
"CRS3035RES50000mN2250000E3400000",0.000296000012895092,0.00430800020694733,0.00014000000373926,0,0,0,0.000103999998827931,0,0,0,0,0.0156839992851019,0,0,0.000368000008165836,0,0,0.0701199993491173,0,0.0502040013670921,0.0108160004019737,0,0.343311995267868,0.15429599583149,0.0453319996595383,0.21246400475502,0.0418759994208813,0.000192000006791204,0.008220000192523,0,0.0314120016992092,0.0105600003153086,0,0,0,0,0,0,0,0,0.000296000012895092,0,0
"CRS3035RES50000mN1600000E4600000",0.00647876458242536,0.00364712253212929,0.000553215213585645,0,0,0,0.000643368810415268,0,0.000114740934805013,0,0.00068434770219028,0.445625096559525,0,0,0.0179323684424162,0.0303530748933554,0.126813322305679,0,0.0491992719471455,0.0160842202603817,0.0581982396543026,0,0.0407248362898827,0.0400363877415657,0.00916698109358549,0.0213541071861982,0,0.0623739883303642,0.00243004900403321,0.00207353243604302,0.00111462618224323,0.0623289123177528,0,0,0,0,0,0,0,0.000393397465813905,0.00167603720910847,0,0
"CRS3035RES50000mN2250000E3450000",0.000307999987853691,0.0278479997068644,0.00160800002049655,0.000127999999676831,0,0,0.000836000021081418,0,0,0,0.00136800005566329,0.0826319977641106,0,0,0.000364000006811693,0,0,0.146804004907608,0,0.0661119967699051,0.0127600003033876,0,0.267275989055634,0.0324960015714169,0.0611400008201599,0.168707996606827,0.0233559999614954,0,0.00336800003424287,0,0.044148001819849,0.0561840012669563,0,0.000487999990582466,0,0.000303999986499548,0,0,0,0,0.00176400004420429,0,0
"CRS3035RES50000mN2250000E3500000",0.00100799999199808,0.0399800017476082,0.00516400020569563,0.000495999993290752,0,0.00110800005495548,0.0006520000169985,0.000103999998827931,9.20000020414591e-05,0.00022000000171829,0.00140399998053908,0.134711995720863,0,0,0,0,0,0.117260001599789,0,0.181199997663498,0.0292600002139807,0,0.249556005001068,0.048920001834631,0.034680001437664,0.0981279984116554,0.0192440003156662,0,0.00372799998149276,0,0.0133400000631809,0.0155640002340078,0,0,0.00102800002787262,0,0,0,0,0,0.00315200001932681,0,0
"CRS3035RES50000mN2250000E3550000",0.000311999989207834,0.0270240008831024,0.00213599996641278,0.00101600005291402,0,0.00028000000747852,0.00126399996224791,0.000180000002728775,0,0,0.000555999984499067,0.204659998416901,0,0,0,0,0,0.175743997097015,0,0.220223993062973,0.0509719997644424,0,0.2846559882164,0.010831999592483,0.00696799997240305,0.00376800005324185,0.000920000020414591,0,0.00283199991099536,0,0,0.000920000020414591,0,0,0,0,0,0,0,0,0.00473600020632148,0,0
"CRS3035RES50000mN2250000E3600000",0.000108000000182074,0.0360039994120598,0.00368000008165836,0.000728000013623387,0,0.000224000003072433,0.00379600003361702,0,0.000108000000182074,0,0.000495999993290752,0.435476005077362,0,0,0,0.00015999999595806,0,0.132443994283676,0,0.159020006656647,0.0540639981627464,0,0.137263998389244,0.0128159997984767,0.0076919998973608,0.00170799996703863,0.00135200005024672,0,0.00638400018215179,0,0,0,0,0,0,0,0,0,0,0.000844000023789704,0.00563200004398823,0,0
"CRS3035RES50000mN2250000E3650000",0.00052000000141561,0.0260000005364418,0.00426799990236759,0.000123999998322688,0,0.000528000004123896,0.00243199989199638,0.000123999998322688,0,0,0.00036000000545755,0.315059989690781,0,0,0.10054399818182,0.0006520000169985,0,0.0700559988617897,0,0.175172001123428,0.0499599985778332,0,0.143363997340202,0.0478679984807968,0.0275359991937876,0.00848800037056208,0.00182400003541261,0.00679200002923608,0.0147320004180074,0,0,0,0,0,0,0,0,0,0,0,0.00359599990770221,0,0
"CRS3035RES50000mN2250000E3700000",0.000255999999353662,0.0332119986414909,0.00506399990990758,0.000475999986520037,0,0.000444000004790723,0.00225999997928739,0.000368000008165836,0,0,0.000368000008165836,0.00931200012564659,0,0,0.303975999355316,0.00156000000424683,0,0.032855998724699,0,0.0405719988048077,0.0493239983916283,0,0.192640006542206,0.094700001180172,0.0712039992213249,0.00920800026506186,0.00294000003486872,0.109899997711182,0.0357000008225441,0,0.000339999998686835,0.00107999995816499,0.000276000006124377,0,0,0,0.000148000006447546,0,0,0,0.00151199998799711,0.000303999986499548,0
"CRS3035RES50000mN2250000E3750000",0.00194244110025465,0.0652258992195129,0.00917399767786264,0.00213326024822891,0.000704563048202544,0.000675206247251481,0.00182012119330466,0.000645849446300417,0.000141891170642339,0.000156569556565955,0.00870428886264563,0.0325224325060844,0,0,0.489925742149353,0.000298460712656379,0.000195711952983402,0.00914953369647264,0,0.0764255151152611,0.0423765294253826,0,0.0895577892661095,0.0175700411200523,0.0133622335270047,0.00353260082192719,0.00378702627494931,0.0815874189138412,0.00628235377371311,0.00327817513607442,0,0.000660527846775949,0.000229961544391699,0,0.0124962078407407,0,0.00647806562483311,0.00135041249450296,0,0.000807311793323606,0.0030726776458323,0.0137291932478547,0
"CRS3035RES50000mN2250000E3800000",0.00446229381486773,0.118884898722172,0.027830621227622,0.00574226723983884,0.00365203502587974,0.0035228633787483,0.00326452008448541,0.000669344037305564,0,0,0.0101458467543125,0.0522792935371399,0,0,0.148829236626625,0.0070457267574966,0,0.0044857794418931,0,0.109549306333065,0.0247657299041748,0,0.0429319627583027,0.0056130955927074,0.00497898040339351,0.0331501439213753,0.00751544209197164,0.142488077282906,0.00284177646972239,0.0100753894075751,0,0.000857230101246387,0.000223114679101855,0,0.00295920530334115,0,0.0600295923650265,0.0152187701314688,0,0,0.000375772098777816,0.145611688494682,0
"CRS3035RES50000mN2250000E3850000",0,0.0104803880676627,0.00447280146181583,0.00116935989353806,0.000160786978085525,0,0,0,0.000584679946769029,0,0.00103049841709435,0.0418338477611542,0,0.213598191738129,0.0365278795361519,0.00787125341594219,0,0.0457146614789963,0,0.0582852810621262,0.000241180474404246,0,0.00646071322262287,0.00164441228844225,0.000314265460474417,0.0250827688723803,0.000380041950847954,0,0.00404890859499574,0.0108531210571527,0,0,0,0,0.0540244244039059,0,0.197329476475716,0.0330344140529633,0,0.0189070869237185,0.013155298307538,0.212794259190559,0
"CRS3035RES50000mN2250000E3900000",0.00750874448567629,0.132011920213699,0.0476175658404827,0.00998056773096323,0.00687653850764036,0.0110532455146313,0.0051250159740448,0.00241482048295438,0.00128514051903039,0.0013680529082194,0.00747765274718404,0.0487057901918888,0,0.000549293938092887,0.029573779553175,0.0282938200980425,0.00202616909518838,0.0598419494926929,0,0.0827101990580559,0.0183858014643192,0,0.00628578849136829,0.0684648305177689,0.0166964624077082,0.0796631723642349,0,0.156579867005348,0.0242622103542089,0.00311957509256899,0,0.00111931597348303,0.0181422457098961,0,0.00356004666537046,0,0.0206244327127934,0.00240963860414922,0,0.00445135403424501,0.00629097037017345,0.0855240300297737,0
"CRS3035RES50000mN1600000E4650000",0.00643600011244416,0.00686000008136034,0.00121999997645617,0,0,0,0.000495999993290752,0,0,0,0,0.620163977146149,0,0,0.0142679996788502,0.000331999995978549,0.0568719990551472,0,0.028176000341773,0.0242159999907017,0.0584920011460781,0,0.038247998803854,0.0128440000116825,0.00429200008511543,0.0324399992823601,0,0.0466240011155605,0.000464000011561438,0.000660000019706786,0.000579999992623925,0.0458599999547005,0,0,0,0,0,0,0,0,0.000456000008853152,0,0
"CRS3035RES50000mN2250000E3950000",0.00111599999945611,0.0950440019369125,0.0106119997799397,0.00225199991837144,0,0,0.00192800001241267,0,0.000188000005437061,0.000148000006447546,0.00252399989403784,0.055927999317646,0,0,0.061964001506567,0.0015760000096634,0.00142400001641363,0.00244800001382828,0,0.073912002146244,0.0365400016307831,0,0.23318800330162,0.1068279966712,0.121823996305466,0.00419599981978536,9.99999974737875e-05,0.121468000113964,0.032940000295639,0.00356000009924173,0.00624000001698732,0.00802799966186285,0.0113559998571873,0,0.000207999997655861,0,0,0,0,0,0.0024600001052022,0,0
"CRS3035RES50000mN2250000E4000000",0.000608533096965402,0.0558249019086361,0.00503240851685405,0.000812711950857192,0,0.000608533096965402,0.000932817172724754,0.000212185870623216,0,0.000136119240778498,0.00220593251287937,0.0147248990833759,0,0,0.0956477895379066,0.00558088906109333,0.00660178298130631,0.00779482815414667,0,0.0594600886106491,0.0243893656879663,0,0.158082485198975,0.118379697203636,0.200463607907295,0.0410359464585781,0.0134517839178443,0.138373211026192,0.0322282314300537,0,0.000972852227278054,0.0130234081298113,0.00213386933319271,0,0,0,0,0,0,0,0.00128112221136689,0,0
"CRS3035RES50000mN2250000E4050000",0.00804003048688173,0.228942692279816,0.017488481476903,0.0021444798912853,0.00132349086925387,0.00409786775708199,0.0013942657969892,0.000636974233202636,0,0.00431019207462668,0.0170072112232447,0.00922197103500366,0,0,0.00445174193009734,0.00424649473279715,0.00705625908449292,0.00997926294803619,0,0.0417288914322853,0.0155634032562375,0,0.112213626503944,0.0726009085774422,0.173844426870346,0.0647661238908768,0.00128102593589574,0.142328351736069,0.0234831161797047,0.00167736550793052,0.00388554274104536,0.0223011747002602,0.000353874580468982,0,0,0,0,0,0,0.000721904099918902,0.00290884892456234,0,0
"CRS3035RES50000mN2250000E4100000",0.0633249953389168,0.390906751155853,0.0158743858337402,0.011129324324429,0.00276076258160174,0,0.00897247903048992,0,0,0.0150979207828641,0.00716072833165526,0,0,0,0,0.00474506104364991,0,0,0,0.0143214566633105,0.0188939701765776,0,0.0238978508859873,0.0513329319655895,0.121042184531689,0.0236390307545662,0,0.150892928242683,0.068932794034481,0.00284703657962382,0,0.00422741798684001,0,0,0,0,0,0,0,0,0,0,0
"CRS3035RES50000mN2250000E4300000",0.0102715631946921,0.0950236842036247,0.0446977168321609,0.0111158015206456,0.0258899684995413,0,0.000562825356610119,0,0,0.00173537828959525,0.0918343439698219,0.224614232778549,0,0,0,0,0.00370526709593832,0.00515923276543617,0,0.04511983320117,0.026077575981617,0,0.0559542253613472,0.131560429930687,0.100276723504066,0,0,0.0365367494523525,0.0386004410684109,0.0100370524451137,0,0,0,0,0.0218094829469919,0,0,0,0,0.0180573146790266,0.00136016134638339,0,0
"CRS3035RES50000mN2250000E4350000",0.00416833208873868,0.0402150228619576,0.0180151890963316,0.00274082110263407,0,0.0017374848248437,0.00440489128232002,0.000974786060396582,0.000154986904817633,0,0.000550611410290003,0.382866591215134,0,0,0.0330489203333855,0.000697441108059138,0.0268249716609716,0.00832442846149206,0,0.116007700562477,0.0677415132522583,0,0.176685079932213,0.0182150397449732,0.0542943626642227,0.00101965072099119,0,0.0136184552684426,0.0183210838586092,0.000383388658519834,0,0,0.000546532799489796,0,0.00251649785786867,0,0,0,0,0.00469039333984256,0.00123581662774086,0,0
"CRS3035RES50000mN2250000E4400000",0.00874400045722723,0.0320199988782406,0.0150319999083877,0.00165200000628829,0,1.59999999596039e-05,0.0036120000295341,0.000376000010874122,0,0.000739999988581985,0.000923999992664903,0.133003994822502,0,0,0.119751997292042,0,0.0996560007333755,0.00723200011998415,0.000511999998707324,0.119103997945786,0.0398800000548363,0,0.291108012199402,0.0274400003254414,0.0838359966874123,0.00015999999595806,0,0.00291600008495152,0.00904399994760752,0,0,0,0.000155999994603917,0,0,0,0,0,0,0.00199600006453693,0.00108800001908094,0,0
"CRS3035RES50000mN2250000E4450000",0.000684000027831644,0.0187800005078316,0.00646399985998869,0.000684000027831644,0,0.000163999997312203,0.000828000018373132,0,0,0,0,0.14640000462532,0,0,0.0129639999940991,0.00253599998541176,0.0194160006940365,0.0396399982273579,0.00063999998383224,0.0940439999103546,0.0616559982299805,0.00011600000289036,0.463616013526917,0.01554000005126,0.0508080013096333,0.00768799986690283,0,0,0.0502360016107559,0.000791999977082014,0.000247999996645376,0.00285600009374321,0,0,0.00023999999393709,0,0,0,0,0,0.00295999995432794,0,0
"CRS3035RES50000mN2250000E4500000",0.000631999981123954,0.0151720000430942,0.00368799990974367,0,0,0,0.00114399997983128,0,0,0,0,0.274776011705399,0,0,0,0,0.000788000004831702,0.0182879995554686,0,0.043503999710083,0.0950239971280098,0,0.381215989589691,0.0109320003539324,0.0364519990980625,0.0198560003191233,0,0,0.0821999981999397,0,0.000872000004164875,0.015196000225842,0,0,0,0,0,0,0,9.20000020414591e-05,0.000167999998666346,0,0
"CRS3035RES50000mN2250000E4550000",0.000222905015107244,0.033164769411087,0.0151313170790672,0.000454551423899829,0,0.000900361454114318,0.00120630953460932,0,0,0.000131120599689893,0,0.603259682655334,0,0,0.0102754840627313,0.000122379220556468,0.000144232661114074,0.00479464326053858,0.000852283905260265,0.14251497387886,0.0466352254152298,0,0.0862117931246758,0.00346595444716513,0.00980345066636801,0.00422208337113261,0,0,0.0333177447319031,0.000506999669596553,0,0.00118882674723864,0,0,0,0,0,0,0,0.000144232661114074,0.00132868869695812,0,0
"CRS3035RES50000mN1600000E4700000",0.00635199993848801,0.00545600010082126,0.00143199996091425,0,0,0,0.000644000014290214,0,0.000192000006791204,0,0,0.57041198015213,0,0,0.00356000009924173,0.0713960006833076,0.0220359992235899,0,0.0195000004023314,0.0349280014634132,0.0675679966807365,0,0.0429240018129349,0.0219480004161596,0.0116839995607734,0.0261720009148121,0,0.052436001598835,0.00274399993941188,0.00603599986061454,0.000199999994947575,0.0262880008667707,0,0,0,0,0,0,0,0,0.00609199982136488,0,0
"CRS3035RES50000mN2250000E4600000",0.00198911735787988,0.0863868743181229,0.0377767905592918,0.000558925559744239,0.00545774353668094,0,0,0,0,0.00302477343939245,0.00212062918581069,0.647580981254578,0,0,0.00646052183583379,0,0,0.000394535687519237,0.0022850192617625,0.146109715104103,0.0273873526602983,0,0.0145649425685406,0.00203843438066542,0.00524403667077422,0,0,0.000624681473709643,0.00743042211979628,0.000821949332021177,0,0.000986339175142348,0,0,0,0,0,0,0,0,0.000756193359848112,0,0
"CRS3035RES50000mN1600000E4750000",0.0412147641181946,0.0754085257649422,0.0269518326967955,0,0.000780111993663013,0.00615114858374,0.00487397378310561,0.00053848436800763,0.000358989578671753,0.00102173956111073,0.00116671610157937,0.136561021208763,0.000214013023651205,0,0.00335517176426947,0.131666332483292,0.0167137272655964,0,0.0118397530168295,0.232521697878838,0.0207109376788139,0,0.0676488280296326,0.00644110143184662,0.00968581531196833,0.000586809881497175,0.00784254167228937,0.0375075079500675,0.0204071775078773,0.00426645297557116,0.115428954362869,0.0092370780184865,0,0,0,0,0,0,0,0.00853290595114231,0.000365893240086734,0,0
"CRS3035RES50000mN2300000E2750000",0.0156773310154676,0.126795783638954,0.0211197771131992,0.00114577822387218,0.00316190719604492,0.00112374406307936,0.00287546264007688,0,0.000286444555968046,0.000275427475571632,0.00298563367687166,0,0,0,0.00147629121784121,0,0,0.00193900929298252,0,0.21581394970417,0.0567931421101093,0,0.262592554092407,0.132700949907303,0.0317292436957359,0.0097721666097641,0.0471641980111599,0,0.0397937595844269,0.00418649753555655,0.00214833416976035,0.00467125000432134,0,0,0,0,0.00419751461595297,0,0.00777807179838419,0,0.000275427475571632,0,0.00152035965584219
"CRS3035RES50000mN2300000E2800000",0.00152399996295571,0.00927199982106686,0.00189600000157952,0.000247999996645376,0,0,0.000395999988541007,0,0.000255999999353662,0.00023999999393709,0.00028000000747852,0.000247999996645376,0,0,0.00410400005057454,0,0,0.000928000023122877,0,0.133588001132011,0.0335640013217926,0,0.273243993520737,0.0957880020141602,0.0566279999911785,0.00745199993252754,0.272211998701096,0,0.0786639973521233,0,0.00147200003266335,0.0214760005474091,0.000452000007499009,0,0,0,1.99999994947575e-05,0,0,0.000180000002728775,0.00570800015702844,0,0.00015999999595806
"CRS3035RES50000mN2300000E2850000",0.00251200003549457,0.00917199999094009,0.00306400004774332,0.00115599995478988,0,0,0.000552000012248755,0,0.000444000004790723,0.000144000005093403,0.000348000001395121,0.00304399989545345,0,0,0.0050760000012815,0,0,0.00210399995557964,0,0.233336001634598,0.13128399848938,0,0.195087999105453,0.0581239983439445,0.0766479969024658,0.00344399991445243,0.16821600496769,0,0.0955879986286163,0,0,0,0.000684000027831644,0,0,0,0,0,0,0.00197599991224706,0.00799600034952164,0,0
"CRS3035RES50000mN2300000E2900000",0.00106000003870577,0.00265599996782839,0.000384000013582408,0.000184000004082918,0,0,0.00444799987599254,0.00011600000289036,0,0,0,0.0116280000656843,0.00014000000373926,0,0.00136800005566329,0.00343999988399446,0,0.00278800004161894,0,0.0872640013694763,0.0650399997830391,0,0.292488008737564,0.0715999975800514,0.0176919996738434,0.044123999774456,0.313775986433029,0,0.0675200000405312,0,0.000112000001536217,0.00905600003898144,0.000912000017706305,0,0,0,0,0,0,0.000339999998686835,0.00186399999074638,0,0
"CRS3035RES50000mN2300000E2950000",0.00121999997645617,0.01167600043118,0.00505999987944961,0.000731999985873699,0,0,0.00978800002485514,0.00110400002449751,0,0.000112000001536217,0.000264000002061948,0.00168400001712143,0.0117480000481009,0,0.0274160001426935,0.002608000067994,0,0.0234239995479584,0,0.027615999802947,0.0236719995737076,0,0.287191987037659,0.0715920031070709,0.0427320003509521,0.043979998677969,0.297592014074326,0,0.0752440020442009,9.60000033956021e-05,0,0.0276960004121065,0.0007999999797903,0,0,0,0,0,0,0,0.0049519999884069,0,0
"CRS3035RES50000mN2300000E3000000",0.000311999989207834,0.00681600021198392,0.00184799998532981,0.000268000003416091,0,0,0.00361600005999207,0.000315999990561977,0.000112000001536217,0.00014000000373926,0.000356000004103407,0.0478480011224747,0.0199120007455349,0,0,0,0,0.0479479990899563,0,0.0113479997962713,0.0238520000129938,0.000864000001456589,0.194215998053551,0.0459919981658459,0.0141559997573495,0.138983994722366,0.316152006387711,0.01995600014925,0.071443997323513,0,0.0017239999724552,0.0253519993275404,0.000592000025790185,0,0,0,0,0,0,0,0.00587600003927946,0,0
"CRS3035RES50000mN2300000E3050000",3.9999998989515e-05,0.00529599981382489,0.000872000004164875,0,0,0,0.0037760001141578,0,0,0,0.000176000001374632,0.0235840007662773,0.0214559994637966,0,0,0,0,0.0511760003864765,0,0.0137240001931787,0.0161879993975163,6.80000011925586e-05,0.27743598818779,0.0738919973373413,0.0205559991300106,0.0472479984164238,0.328332006931305,0.0153799997642636,0.0323840007185936,0,0.0200679991394281,0.0425000004470348,0.000539999979082495,0,0,0,0,0,0,0,0.00530799990519881,0,0
"CRS3035RES50000mN2300000E3100000",0,0.00276000006124377,0.000668000022415072,0,0,0,0.00132399995345622,0.000112000001536217,0,0,0,0.0445040017366409,0.00406000018119812,0,0,0,0,0.0449879989027977,0,0.00559200020506978,0.0321279987692833,0,0.346260011196136,0.0414879992604256,0.00911999959498644,0.0927079990506172,0.255580008029938,0.00734000001102686,0.0197039991617203,0,0.0297240000218153,0.0509640015661716,0,0,0,0,0,0,0,0,0.0109759997576475,0,0
"CRS3035RES50000mN2300000E3150000",0.000188000005437061,0.00649600010365248,0.00151600001845509,0.00161999999545515,0,0,0.000744000019039959,0.000232000005780719,0,0,0.000247999996645376,0.0241640005260706,0.00049200002104044,0,0,0,0,0.120655998587608,0,0.0182559993118048,0.0441999994218349,0,0.262495994567871,0.0343639999628067,0.00693200016394258,0.109332002699375,0.29313600063324,0.00406400021165609,0.027488000690937,0,0.000571999989915639,0.0126879997551441,0,0,0,0.000180000002728775,0,0,0,0,0.0299360007047653,0,0
"CRS3035RES50000mN2300000E3200000",0.000604014494456351,0.006584158167243,0.000752018066123128,0,0,0,0.000352008442860097,0,0,0,0,0.108218595385551,0.00168404041323811,0,0,0,0,0.139935359358788,0,0.0133123192936182,0.0481331534683704,0,0.28559085726738,0.0294127054512501,0.0251446031033993,0.0608334615826607,0.177380263805389,0.0266926400363445,0.0316527597606182,4.00009594159201e-05,0.00645215483382344,0.0359048619866371,0,0,0,0,0.000516012369189411,0,0,0.000288006907794625,0.000516012369189411,0,0
"CRS3035RES50000mN2300000E3250000",0.0116853471845388,0.0261297971010208,0.0306414794176817,0.00543432682752609,0.00271937064826488,0.00166870467364788,0.00287829502485693,0.000145680576679297,0,0.0017437522765249,0.00214989203959703,0.0277057960629463,0,0,0.000154509703861549,0,0,0.0883618891239166,0,0.0835102871060371,0.00848920457065105,0,0.183972492814064,0.335533261299133,0.0388967134058475,0.026491791009903,0.0362038277089596,0.00463970564305782,0.0620996542274952,0.000136851449497044,0.00139058730565012,0.012391678057611,0,0,0,0,0.00252512982115149,0,0,0.000282532011624426,0.000110364067950286,0,0.00190709112212062
"CRS3035RES50000mN2300000E3300000",0.00846394523978233,0.0121004115790129,0.0240739695727825,0.00474995793774724,0.000232564692851156,0,0.00303743593394756,0,0.000486271630506963,0,0.00116987084038556,0,0.000232564692851156,0,0,0,0,0.193557247519493,0,0.0272241644561291,0.0115154758095741,0,0.160737439990044,0.400462299585342,0.0650124028325081,0.0186967924237251,0.0132843777537346,0.000197327623027377,0.0483382195234299,0.000584935420192778,0.00141653046011925,0.00249478500336409,0,0,0,0,0,0,0,0.000747026002500206,0.000373513001250103,0,0.000810452736914158
"CRS3035RES50000mN2300000E3350000",0.00643849559128284,0.0826650112867355,0.0172948278486729,0.00201438297517598,0.0017633696552366,0.00121741532348096,0.000690287037286907,0.000175709428731352,0,0.00675226235762239,0.00645104609429836,0.0204324964433908,0,0,0,0,0,0.129893198609352,0,0.0480628050863743,0.0184620413929224,0,0.349172294139862,0.0729131400585175,0.0304855853319168,0.138735145330429,0.0281762611120939,0,0.0214491002261639,0.00305608892813325,0,0.00220891856588423,0,0,0,0,0.000627533649094403,0,0.00481318309903145,0.00136802333872765,0.00151863147038966,0,0.00316276960074902
"CRS3035RES50000mN2300000E3400000",0,0.0248799994587898,0.00146800000220537,0.000163999997312203,0,0,0.00135200005024672,2.40000008489005e-05,0,0,0,0.225428000092506,0,0,0.000119999996968545,0.00201199995353818,0,0.149599999189377,0,0.215112000703812,0.0654599964618683,0,0.17925600707531,0.0201719999313354,0.0404400005936623,0.0477240011096001,0.00693200016394258,0,0.00823200028389692,0,0,0.00103599997237325,0,0,0.00240399991162121,0,0,0,0,0.00509600015357137,0.00308799999766052,0,0
"CRS3035RES50000mN2300000E3450000",0.0014639999717474,0.0418040007352829,0.0116119999438524,0.00103599997237325,0,0.0015999999595806,0.000920000020414591,9.99999974737875e-05,0,0.000288000010186806,0.00278800004161894,0.44581601023674,0,0,0.000660000019706786,0,0,0.116959996521473,0,0.137608006596565,0.0428319983184338,0,0.169379994273186,0.00561599992215633,0.0130920000374317,0,0,0,0.00170400005299598,0.000731999985873699,0,0,0,0,0,0,0,0,0,0,0.00398800009861588,0,0
"CRS3035RES50000mN2300000E3500000",9.99999974737875e-05,0.0162640009075403,0.0010039999615401,0,0,0,0,0,0,0,0.0007999999797903,0.436260014772415,0,0,0.0173439998179674,0,0,0.0967160016298294,0,0.212448000907898,0.0720760002732277,0,0.133831992745399,0.00384799996390939,0.00437999982386827,0,0,0,0.000899999984540045,0,0,0,0,0,0,0,0,0,0,0,0.00402799993753433,0,0
"CRS3035RES50000mN2300000E3550000",0.000272000004770234,0.0125559996813536,0.00164799997583032,0,0,0.000460000010207295,0,0,0.00015999999595806,0.000224000003072433,0.000676000025123358,0.649767994880676,0,0,0.000996000017039478,3.60000012733508e-05,0,0.0556440018117428,0,0.135312005877495,0.0812399983406067,0,0.0488439984619617,0.00255999993532896,0.00279600010253489,0.00110400002449751,0.000184000004082918,0,0.00491200014948845,0,0,0,0,0,0,0,0,0,0,0,0.000607999972999096,0,0
"CRS3035RES50000mN2300000E3600000",0.00237199990078807,0.146024003624916,0.0312799997627735,0.00272800005041063,0,0.0035880000796169,0.00222399993799627,0,0.00039999998989515,0.00121599994599819,0.00673200003802776,0.514815986156464,0,0,0.0166040007025003,0.00132399995345622,0,0.0127879995852709,0,0.116619996726513,0.0384319983422756,0,0.0821919962763786,0.00234799995087087,0.00221999990753829,0.00104400003328919,0.000923999992664903,0,0.00349200004711747,0,0,0,0,0,0,0,0,0,0,0.00562800001353025,0.00500399991869926,0,0
"CRS3035RES50000mN2300000E3650000",0.00113600003533065,0.0523400008678436,0.00662000011652708,0,0,0.000804000010248274,0.000780000002123415,0.000576000020373613,0,0.000247999996645376,0.00266800005920231,0.579940021038055,0,0,0.0200520008802414,0.00223600002937019,0,0.0492400005459785,0,0.124467998743057,0.0718239992856979,0,0.0712039992213249,0.00159200001507998,0.00351599999703467,0.00535199977457523,0.000232000005780719,0,0.000315999990561977,0,0,0,0,0,0,0,0,0,0,0.00368799990974367,0.0011680000461638,0,0
"CRS3035RES50000mN2300000E3700000",0,0.0060720001347363,0.000987999956123531,0,0,0,0.00106000003870577,0,0,0,0.000568000017665327,0.0676440000534058,0,0,0.000276000006124377,0,0,0.17229600250721,0,0.179532006382942,0.0693200007081032,0,0.3159039914608,0.0904240012168884,0.0566079989075661,0.0111880004405975,0.00375199993140996,0.000211999999010004,0.0167319998145103,0,0,0.00300400005653501,0,0,0,0,0,0,0,0,0.00442000012844801,0,0
"CRS3035RES50000mN2300000E3750000",0,0.0144480001181364,0.00253599998541176,0.00097200000891462,0,0.000184000004082918,0.000288000010186806,0,0,0,0.000184000004082918,0.0255479998886585,0,0,0.0471200011670589,0.000444000004790723,0,0.0460239984095097,0,0.115759998559952,0.0422959998250008,0,0.285719990730286,0.0779159963130951,0.0534680001437664,0.141855999827385,0.0601960010826588,0.028991999104619,0.0362880006432533,0,0.000595999998040497,0.0157919991761446,0,0,0,0,0,0,0,0,0.00337200006470084,0,0
"CRS3035RES50000mN2300000E3800000",0.000132000001030974,0.0593760013580322,0.00574399996548891,0.00227600010111928,0,0,0.00186399999074638,0,0.000247999996645376,0.000307999987853691,0.0020479999948293,0.00650000013411045,0,0,0.168604001402855,0.00188400002662092,0.00214400002732873,0.00842799991369247,0,0.0842999964952469,0.0329240001738071,0,0.271176010370255,0.0275960005819798,0.047995999455452,0.054492000490427,0.0136399995535612,0.169448003172874,0.0333120003342628,0,0,0.00555999996140599,0,0,0,0,0,0,0,0,0,0,0
"CRS3035RES50000mN2300000E3850000",0.00182400003541261,0.0806720033288002,0.0165960006415844,0.00206000008620322,0,0.00194400001782924,0.00251600006595254,0.000744000019039959,0,0,0.00222399993799627,0.0636880025267601,0,0.0314720012247562,0.25816398859024,0.0410920009016991,0.0044840001501143,0.0115040000528097,0,0.140184000134468,0.0210679993033409,0,0.150527998805046,0.0186320003122091,0.0324160009622574,0.00628399988636374,0.00175199995283037,0.0586160011589527,0.0354080013930798,0.000536000006832182,0,0.000923999992664903,0,0,0.0011680000461638,0,0,0,0,0.0115120001137257,0.00198800000362098,0,0
"CRS3035RES50000mN2300000E3900000",0.00147999997716397,0.0812999978661537,0.0162680000066757,0.00104000000283122,0,0.000944000028539449,0.00271199992857873,0,0,0.000228000004426576,0.00282400008291006,0.0520399995148182,0,0,0.13680399954319,0.073172003030777,0.006976000033319,0.00899599958211184,0,0.230268001556396,0.0347199998795986,0,0.141231998801231,0.0423440001904964,0.0496120005846024,0.00729200011119246,0,0.0700799971818924,0.0176720004528761,0.00761599978432059,7.99999997980194e-06,0.00652799988165498,0,0,0.000387999985832721,0,0,0,0,0.00599600002169609,0.00146000005770475,0,0
"CRS3035RES50000mN2300000E3950000",0.000211999999010004,0.0229599997401237,0.00400400022044778,0.000647999986540526,0,0.00106799998320639,0.000300000014249235,0,0,0,0.00148800003807992,0.172736003994942,0,0,0.0363240018486977,0.00619200011715293,0.00114399997983128,0.0175679996609688,0,0.0791520029306412,0.0534199997782707,0,0.283111989498138,0.0794920027256012,0.0929440036416054,0.025135999545455,0.00187599996570498,0.0529320016503334,0.0431119985878468,0.00788400042802095,0.000807999982498586,0.0134880002588034,0,0,0,0,0,0,0,0.000144000005093403,0.00185600004624575,0,0
"CRS3035RES50000mN2300000E4000000",0,0.00866399984806776,0.00141999998595566,0,0,0,0.000112000001536217,0,0,0,0.00102800002787262,0.0850000008940697,0,0,0,0.000539999979082495,0,0.00843599997460842,0,0.0466759987175465,0.0349280014634132,0,0.139047995209694,0.222540006041527,0.0753839984536171,0.0997679978609085,0.0926240012049675,0.00126799999270588,0.0849680006504059,0.00698400009423494,0.0234440006315708,0.0558280013501644,0,0,0.000352000002749264,0,0,0,0,0.000364000006811693,0.0106239998713136,0,0
"CRS3035RES50000mN2300000E4050000",0,0.00750399986281991,0.00104799994733185,0,0,0,0.000539999979082495,0,0,0,0.000452000007499009,4.80000016978011e-05,0,0,0,0.000103999998827931,0.000119999996968545,0.0164960008114576,0,0.0168079994618893,0.00501600001007318,0,0.0902519971132278,0.330787986516953,0.106159999966621,0.185139998793602,0.0189999993890524,0.00484000006690621,0.0652360022068024,0.0061039999127388,0.0523359999060631,0.0915040001273155,0.00031999999191612,0,0,0,0,0,0,1.99999994947575e-05,0.000163999997312203,0,0
"CRS3035RES50000mN2300000E4100000",0.000470214959932491,0.017119912430644,0.000948607572354376,0.000286217808024958,0.000339372520102188,0,0.000740077462978661,0,0,0,0.000147197730257176,0.00127162481658161,0.000200352456886321,0,0,0.00389665085822344,0.0103856166824698,0.00338554754853249,0,0.0253916066139936,0.0269944276660681,0,0.186229646205902,0.173542022705078,0.111592233181,0.125191658735275,0.0164002794772387,0.0332012660801411,0.121225506067276,0.00111216062214226,0.0348654165863991,0.104465410113335,0,0,0,0,0,0,0,0,0.000596968573518097,0,0
"CRS3035RES50000mN2300000E4150000",0.00976404268294573,0.0259774271398783,0.00341291353106499,0,0.00139135564677417,0.00112945330329239,0.0009166577947326,0,0,0,0.000417406670749187,0.00196426664479077,0.00168599560856819,0,0,0,0.0962408855557442,0.00634294468909502,0,0.0489839017391205,0.0421498902142048,0,0.453205436468124,0.00788980443030596,0.0903317183256149,0.0347429662942886,0.00175965554080904,0.0354550145566463,0.106643311679363,0.00139135564677417,0,0.0282035954296589,0,0,0,0,0,0,0,0,0,0,0
