"GRD_ID","clc_artificial","clc_agriculture","clc_forest","clc_vegetation","clc_bare","clc_coastal_wetland","clc_wetland","clc_river","bio10_temp_warmQ_dC","bio12_annual_prec_mm","bio4_sd_temp"
"CRS3035RES50000mN2300000E4250000",2.12698276154697,11.4075354067609,72.4264867603779,13.5754212737083,0.463573168963194,0,0,0,22.7105121612549,1026.82922363281,487.471618652344
"CRS3035RES50000mN2300000E4300000",12.4859138246393,22.019545303192,55.047544836998,7.5289792730473,1.27317177248187,0.0263596652075648,1.45703046582639,0.161452940665185,21.3738327026367,1053.00024414062,547.364013671875
"CRS3035RES50000mN2300000E4350000",5.96959992253687,26.91640015546,62.3048013076186,4.23359996057116,0.111600001400802,0,0.275200000032782,0.18880000570789,19.2925281524658,894.464904785156,633.505432128906
"CRS3035RES50000mN2300000E4400000",5.39839990233304,31.5047991927713,57.7912012115121,4.74639991807635,0.209599989466369,0,0.334399988059886,0.0151999993249774,20.6419868469238,1092.55859375,663.555297851562
"CRS3035RES50000mN2300000E4450000",2.51160002371762,47.2559999267106,44.1440004855394,5.98520005150931,0.0568000010389369,0,0.0464000011561438,0,21.0742492675781,964.060729980469,681.829833984375
"CRS3035RES50000mN2300000E4500000",8.49375565885566,75.2567056159022,9.11675600800663,6.17959404189605,0.892022787593305,0.00113272735688952,0.0600345490965992,0,23.0910530090332,790.893920898438,652.759521484375
"CRS3035RES50000mN2300000E4550000",15.1792151504196,80.5803164839745,1.75990893039853,2.19609327614308,0.140337564516813,0,0.144130480475724,0,23.6325550079346,694.710693359375,585.683715820312
"CRS3035RES50000mN2350000E2750000",4.3618394411169,27.19255911652,35.1785197854042,31.6698898561299,0.831721792928874,0.660721957683563,0.10474860901013,0,18.5836963653564,1810.51989746094,308.536560058594
"CRS3035RES50000mN2350000E2800000",3.03120001335629,38.8735993699811,44.8984000831843,12.8739995416254,0,0.128399999812245,0.194400001782924,0,18.0340747833252,1759.97192382812,377.909851074219
"CRS3035RES50000mN2350000E2850000",0.948799976322335,44.5732008578488,34.6780002117157,19.2044000999885,0.0607999972999096,0,0.534800000605173,0,17.2289161682129,1364.17858886719,401.312683105469
"CRS3035RES50000mN2350000E2900000",0.972400034515885,32.8600003311294,43.9052006229758,22.0763998855545,0.186000001849607,0,0,0,17.1473922729492,1344.07397460938,424.044616699219
"CRS3035RES50000mN2350000E2950000",0.656800028809811,14.1212003887631,29.6656002756208,54.0551993064583,1.18920002132654,0,0.0136000002385117,0.298399990424514,15.8309316635132,1490.60412597656,441.171356201172
"CRS3035RES50000mN2350000E3000000",3.0171999875165,26.4472004026175,29.9583990126848,38.3616014092695,2.11640000343323,0,0.0991999986581504,0,15.9502086639404,1259.30810546875,417.836151123047
"CRS3035RES50000mN2350000E3050000",2.25216521503171,33.8874842862424,37.2384293936193,24.8817630315898,1.48982280225027,0.144908053334802,0.105425866786391,0,17.2615356445312,1414.09106445312,402.094146728516
"CRS3035RES50000mN2350000E3100000",1.50216764304787,16.3280347362161,23.1163298711181,48.6286126077175,10.3345377836376,0.0693641602993012,0.0209537567570806,0,17.9500064849854,1551.18884277344,363.414428710938
"CRS3035RES50000mN2350000E3150000",7.43658412829973,44.4501331774518,28.3283428754658,17.8181295283139,0.329552008770406,1.58736412413418,0.0498923356644809,0,19.4168262481689,1342.78759765625,351.874053955078
"CRS3035RES50000mN2350000E3200000",13.9793173409998,50.90466812253,18.9623707672581,7.56756759947166,1.35048229712993,7.04962182790041,0.0417137402109802,0.144260015804321,19.7670669555664,1407.88159179688,361.038635253906
"CRS3035RES50000mN2350000E3350000",48.2269508764147,0,10.1063832640648,4.07801419496536,19.1489368677139,17.7304968237877,0.709219835698605,0,20.0383911132812,1395.21765136719,377.439727783203
"CRS3035RES50000mN2350000E3400000",6.97701297176536,19.3355401512236,40.3659796342254,31.4457960485015,0.626456318423152,0.500240409746766,0.748973607551307,0,20.5094890594482,1227.93737792969,477.664184570312
"CRS3035RES50000mN2350000E3450000",3.28440008743201,33.5540011408739,26.5144009143114,36.161998953321,0,0,0.485200015828013,0,21.0225410461426,981.658081054688,547.390380859375
"CRS3035RES50000mN2350000E3500000",1.45119999433519,54.2227994417772,33.4199998527766,10.7039996684761,0,0,0.2020000036282,0,20.9788703918457,817.757690429688,565.272033691406
"CRS3035RES50000mN2350000E3550000",3.80800007988001,88.9811963774264,6.09839987591841,0.216800003545359,0,0,0.310000008903444,0.585599988698959,21.0751285552979,753.668579101562,578.954162597656
"CRS3035RES50000mN2350000E3600000",5.52919983965694,79.8359978478401,12.5351997558028,1.24320001632441,0,0,0.206799991428852,0.649600010365248,21.0174388885498,767.59716796875,580.322204589844
"CRS3035RES50000mN2350000E3650000",1.64719999302179,64.4207987119444,30.9743997175247,2.89600000251085,0,0,0.0615999975707382,0,20.02614402771,930.210021972656,571.280395507812
"CRS3035RES50000mN2350000E3700000",2.35320007486735,73.938800022006,21.110400557518,1.84400002472103,0,0,0.75360001064837,0,18.2240810394287,1140.93774414062,565.084411621094
"CRS3035RES50000mN2350000E3750000",1.56840003910475,38.2587996660732,36.9624003767967,23.2087999582291,0,0,0,0.00159999999596039,17.360466003418,1116.703125,577.599670410156
"CRS3035RES50000mN2350000E3800000",2.20840001420584,7.57919978059362,63.8596013188362,26.2652001460083,0,0,0.0875999976415187,0,17.9978866577148,1490.12048339844,589.252014160156
"CRS3035RES50000mN2350000E3850000",5.10879998037126,33.4907989541534,43.2143993675709,17.079599963472,0,0,0.279600010253489,0.826799962669611,22.4086418151855,1074.33776855469,641.872497558594
"CRS3035RES50000mN2350000E3900000",4.09560004700325,46.926399297081,37.9303999245167,10.1796000584727,0.666000018827618,0,0.0159999999596039,0.185999996028841,21.1678867340088,1003.38610839844,649.152526855469
"CRS3035RES50000mN2350000E3950000",0.807600027474109,23.0127999966498,46.8291997909547,27.6312001049518,1.66560006327927,0,0.0536000006832182,0,17.5806217193604,1011.64471435547,647.218566894531
"CRS3035RES50000mN2350000E4000000",1.66119997593342,19.6112000383437,38.5211996734142,32.4744001030922,6.54080010717735,0,1.19120003655553,0,15.4374322891235,1223.58337402344,696.462463378906
"CRS3035RES50000mN2350000E4050000",0.418799997714813,3.11199997522635,24.7828006744385,51.6499990597367,19.9860003835056,0,0.0503999995999038,0,11.1077356338501,1319.49438476562,691.074951171875
"CRS3035RES50000mN2350000E4100000",4.54359996365383,51.9815984298476,34.7004001960158,8.2168001215905,0.557599985040725,0,0,0,19.5739250183105,985.347534179688,692.493469238281
"CRS3035RES50000mN2350000E4150000",2.54076533310581,44.3198250548448,48.416300676763,4.35542542400072,0.0189278769539669,0,0.0221496433368884,0.326606561429799,20.6022453308105,883.582397460938,677.41943359375
"CRS3035RES50000mN2350000E4200000",6.45764121290995,21.3744857348502,53.5430431365967,18.297789618373,0.163520651403815,0,0.0507084943819791,0.112812151201069,21.1046562194824,1154.48461914062,602.795288085938
"CRS3035RES50000mN2350000E4250000",1.47881897573825,15.1313642927562,70.8421069197357,12.3487373813987,0.144629873011582,0,0.054343172814697,0,18.5944271087646,1387.53430175781,586.498596191406
"CRS3035RES50000mN2350000E4300000",1.3139999959094,31.1371997624519,58.6227984167636,7.50439995899796,1.40799995861016,0,0.0136000002385117,0,19.1713256835938,1112.71044921875,659.494018554688
"CRS3035RES50000mN2350000E4350000",7.69399989512749,60.9988009295194,24.6364001184702,5.69240016338881,0.746800005435944,0,0.170799999614246,0.0607999972999096,21.4055347442627,751.060180664062,710.277282714844
"CRS3035RES50000mN2350000E4400000",8.57960006105713,70.4068012957577,15.496800217079,4.69760003034026,0.194400001782924,0,0.601200014352799,0.0236000007134862,23.551441192627,728.385986328125,743.141540527344
"CRS3035RES50000mN2350000E4450000",5.23962930456036,86.3810459326487,0.760010402882472,0.82844736170955,0.042823125841096,5.33968340605497,1.19224381633103,0.216116709634662,24.5207366943359,656.427368164062,743.492248535156
"CRS3035RES50000mN2350000E4500000",12.2516558505595,60.1672582328319,10.235184431076,0.751400925219059,1.59195102751255,11.1988452263177,3.02682965993881,0.776872131973505,23.8890781402588,653.66943359375,642.677917480469
"CRS3035RES50000mN1600000E6300000",0,6.87898099422455,35.302546620369,54.2197445407509,3.59872616827488,0,0,0,25.8736972808838,498.846130371094,452.804656982422
"CRS3035RES50000mN1600000E6350000",4.55257780413376,34.9165429943241,33.0489624408074,26.7396147915861,0.422848673770205,0,0.319454749114811,0,25.3082008361816,708.453002929688,574.677612304688
"CRS3035RES50000mN1600000E6400000",7.60572052968201,32.4176516529405,27.0753329619765,30.7345175067894,1.29915462748613,0.348566030152142,0.519054796313867,0,26.4204006195068,514.312622070312,614.973815917969
"CRS3035RES50000mN1600000E6450000",10.673800855875,60.019008256495,2.37977895885706,24.170949915424,0,2.75645982474089,0,0,26.3891429901123,424.533233642578,473.758148193359
"CRS3035RES50000mN2400000E2750000",1.0249572864268,31.1028718017042,36.3505691289902,29.933128412813,0.288529641693458,0.526019756216556,0.773926079273224,0,17.8670883178711,1734.1826171875,261.696228027344
"CRS3035RES50000mN2400000E2800000",5.41618007118814,40.5877366196364,37.2958019375801,16.0568747669459,0.117948171100579,0.227050232933834,0.298408884555101,0,17.869197845459,1484.52941894531,308.369323730469
"CRS3035RES50000mN2400000E2850000",3.27849742534454,30.5908461072249,44.170219451189,20.7998940139077,0.0761763600166887,0.450397952954518,0.633970508351922,0,17.5432758331299,1571.068359375,346.967437744141
"CRS3035RES50000mN2400000E2900000",0.628796036471613,29.6824565157294,46.8824680894613,22.5915158662246,0,0.188775599235669,0.0259908440057188,0,17.316463470459,1397.42224121094,347.60546875
"CRS3035RES50000mN2400000E2950000",1.20535337919137,24.6039310470224,36.8465069681406,35.641990066506,0.293601001612842,0.981179403606802,0.345462141558528,0.0819740700535476,17.9201641082764,1198.80615234375,319.544097900391
"CRS3035RES50000mN1650000E2850000",7.70578349474818,71.7106443771627,2.63964976766147,2.77115750359372,1.74473263323307,11.3571405410767,1.11378027359024,0.957110431045294,25.1901340484619,598.511108398438,503.631103515625
"CRS3035RES50000mN2400000E3000000",6.05280020972714,34.2723961104639,43.9192585647106,14.3939704343211,0.338008196558803,0.680105213541538,0.343459961004555,0,18.446216583252,1077.9970703125,311.527130126953
"CRS3035RES50000mN2400000E3050000",26.1043114122003,51.210749335587,16.7309746146202,5.5880788480863,0.365886115469038,0,0,0,19.0170135498047,1046.29504394531,312.113708496094
"CRS3035RES50000mN2400000E3400000",5.57818714296445,7.88856923027197,43.1239314377307,34.0620579721872,1.31821171671618,0.827301671961322,7.20173860900104,0,20.3901767730713,1036.72900390625,457.765075683594
"CRS3035RES50000mN2400000E3450000",2.08439997077221,12.767200358212,47.1968002617359,37.735200876341,0,0,0.216400000499561,0,20.8288955688477,963.305114746094,541.544982910156
"CRS3035RES50000mN2400000E3500000",4.09160005510785,56.2144002877176,33.7015993893147,5.03680018518935,0,0,0.233600009232759,0.722000002861023,20.9057350158691,848.230773925781,562.826110839844
"CRS3035RES50000mN2400000E3550000",3.02439992155996,85.2172004058957,10.8740002615377,0.243600006069755,0,0,0.218799989670515,0.42200000025332,20.8199348449707,850.297729492188,572.241821289062
"CRS3035RES50000mN2400000E3600000",2.72359993396094,44.1983999684454,46.40879961662,6.08359990437748,0,0,0,0.585599988698959,20.271614074707,896.496765136719,568.638793945312
"CRS3035RES50000mN2400000E3650000",1.46879995663767,50.0371990725398,36.635599238798,11.3912003944279,0,0,0.0167999998666346,0.450399983674288,19.543851852417,1068.76135253906,567.398376464844
"CRS3035RES50000mN2400000E3700000",1.97399997705361,60.0439997346257,35.08279947564,2.4312000721693,0,0,0.399600015953183,0.0684000027831644,18.3298969268799,1366.03479003906,568.890686035156
"CRS3035RES50000mN2400000E3750000",0.811599985172506,45.8464000374079,31.8727992475033,20.6351993605494,0,0,0.641600019298494,0.192399998195469,15.718204498291,1168.54418945312,568.430908203125
"CRS3035RES50000mN1650000E2900000",1.40080000128364,71.7404016686487,10.7871999032795,12.5775997112214,0.417600010405295,0,3.07639997918159,0,25.0725231170654,1037.64404296875,553.11962890625
"CRS3035RES50000mN2400000E3800000",0.740799991035601,38.1935996934772,44.3867988884449,16.195599733328,0.00960000033956021,0,0.473600020632148,0,15.2654724121094,1166.74780273438,578.618957519531
"CRS3035RES50000mN2400000E3850000",2.87999995707651,26.1047994019463,50.7511988282203,20.048800681252,0.115200004074723,0,0.100000004749745,0,18.050199508667,1352.52099609375,602.197143554688
"CRS3035RES50000mN2400000E3900000",6.19439984293422,45.1800007838756,41.0131990909576,6.05879995491704,0.248800001281779,0,0.0867999973706901,1.21799996122718,20.3691463470459,1151.53771972656,643.630554199219
"CRS3035RES50000mN2400000E3950000",1.37040002373396,21.4548002230003,54.0652006864548,17.8923999657854,4.56560007878579,0,0.621999986469746,0.0296000012895092,15.7788352966309,1352.3779296875,650.119995117188
"CRS3035RES50000mN2400000E4000000",0.688800004718359,6.46920008584857,17.7423998713493,45.3220004215836,29.6224003774114,0,0.0936000025831163,0.0615999975707382,10.8433694839478,1669.24682617188,717.301330566406
"CRS3035RES50000mN2400000E4050000",1.18759997712914,3.60799990594387,37.6728009432554,44.7531998157502,12.7496000844986,0,0.0288000010186806,0,11.6700811386108,1108.66784667969,723.023193359375
"CRS3035RES50000mN2400000E4100000",14.0916002361337,62.7715998503846,19.3040000740439,3.16959999618121,0.225999997928739,0,0.0883999979123473,0.34880000166595,21.3465843200684,861.326049804688,720.009216308594
"CRS3035RES50000mN2400000E4150000",3.72080004890449,75.4851998790399,20.2680004760623,0.0908000001800247,0,0,0,0.435200007632375,22.6605167388916,765.534912109375,755.450012207031
"CRS3035RES50000mN2400000E4200000",5.87879983504536,80.6975985411556,9.19040002845577,2.19679998699576,0.934000033885241,0,0.0436000002082437,1.05879995971918,23.3063468933105,847.083068847656,758.283508300781
"CRS3035RES50000mN2400000E4250000",4.75720019749133,65.7739993883297,22.3851993214339,4.99079996880028,1.05360001325607,0,0.022000000171829,1.01720001548529,21.9321956634521,925.714538574219,726.52392578125
"CRS3035RES50000mN1650000E2950000",0.885200017364695,59.379198881652,9.35360002331436,29.0515994638554,0.706799980252981,0,0.623599998652935,0,23.4297561645508,770.390380859375,564.060119628906
"CRS3035RES50000mN2400000E4300000",6.77840012358502,81.6072008339688,6.65240019443445,2.74239992140793,0.78320000320673,0,0.310799991711974,1.12560000270605,23.6198902130127,779.047058105469,758.133972167969
"CRS3035RES50000mN2400000E4350000",8.08960009817383,86.1591986700659,1.66599992662668,2.50599997962127,0.174400000832975,0,0.47759999288246,0.927199982106686,24.2338237762451,702.734008789062,775.398315429688
"CRS3035RES50000mN2400000E4400000",6.08320001047104,90.5612006215961,0.718799978494644,0.580799989256775,0.0636000011581928,0,0.619199994252994,1.37320002540946,24.4840068817139,691.603576660156,777.540405273438
"CRS3035RES50000mN2400000E4450000",5.18503045168473,90.6852474232437,0.807238271227106,0.279382319422439,0.0260917382547632,0.941309658810496,0.303065578918904,1.77263263612986,24.3517456054688,677.492004394531,745.971923828125
"CRS3035RES50000mN2400000E4500000",2.72145355120301,54.4310571043752,1.5465967124328,0.067589059472084,1.76526717841625,33.585798740387,1.29214376211166,4.59009222686291,23.4747409820557,707.093322753906,623.434875488281
"CRS3035RES50000mN1650000E3000000",1.66039998875931,73.7676003715024,4.11599990911782,17.8927998989821,0.971999965258874,0,1.59120003227145,0,23.4110736846924,593.504577636719,565.125549316406
"CRS3035RES50000mN1650000E3050000",1.72119998023845,67.6767997923889,7.54160024225712,21.1343998089433,1.08679998666048,0,0.839199963957071,0,22.8568706512451,593.476257324219,611.87744140625
"CRS3035RES50000mN1650000E3100000",4.45720002026065,33.8824003876653,15.7176000997424,45.4751999350264,0.205600005574524,0,0.262000007205643,0,21.1418190002441,624.705871582031,652.323852539062
"CRS3035RES50000mN1650000E3150000",1.17999999201857,36.2060001200006,24.6079996228218,37.7188002690673,0.270400010049343,0,0.0167999998666346,0,21.6608695983887,491.75439453125,657.543701171875
"CRS3035RES50000mN1650000E3200000",1.17319998826133,34.1943989158608,13.5291996411979,50.9483989560976,0.0608000016654841,0,0.0939999998081475,0,22.5742263793945,410.227935791016,607.519348144531
"CRS3035RES50000mN2450000E2850000",1.73413093434647,21.179675264284,54.3911932036281,17.5391637720168,0.835641659796238,3.96173283224925,0.358464661985636,0,18.3461952209473,1438.81433105469,272.823974609375
"CRS3035RES50000mN2450000E2900000",4.85313527169637,17.1008257195354,61.8249341379851,14.3492496805265,0.474072620272636,1.00190604571253,0.395875098183751,0,18.6381912231445,1266.75805664062,287.459259033203
"CRS3035RES50000mN2450000E3400000",14.4800671143457,1.14772759843618,48.9769380539655,12.4569772160612,2.89845261722803,16.419143602252,3.62069439142942,0,19.9825572967529,954.53369140625,435.834411621094
"CRS3035RES50000mN2450000E3450000",18.7840003840393,24.2440000467468,35.4079991579056,18.3371994877234,0,0.374000007286668,0.929200020618736,1.92360002547503,20.607292175293,900.223388671875,531.722412109375
"CRS3035RES50000mN2450000E3500000",5.69400016611325,68.8087993301451,23.4996000304819,0.203599993255921,0,0,0.413999981537927,1.37999998405576,20.7192516326904,848.920227050781,554.032409667969
"CRS3035RES50000mN2450000E3550000",5.33120014588348,50.6427996326238,42.2540005296469,1.16079997533233,0,0,0.0552000012248755,0.555999996140599,20.4570560455322,883.042175292969,562.314758300781
"CRS3035RES50000mN2450000E3600000",2.78120007642429,45.9432014962658,49.1363994777203,1.52000001398846,0,0,0.0752000021748245,0.543999997898936,20.1235122680664,939.802368164062,565.879028320312
"CRS3035RES50000mN2450000E3650000",4.02039990440244,47.7159987669438,44.5192009210586,2.73720005061477,0,0,0.265599996782839,0.741600012406707,19.1658267974854,1323.10241699219,564.599609375
"CRS3035RES50000mN1650000E3250000",2.51251620647963,52.3246518307133,2.12995400834189,42.4570840550586,0.309855857631192,0,0.265939283417538,0,24.2847919464111,285.755859375,522.327514648438
"CRS3035RES50000mN2450000E3700000",2.24159993667855,55.518801137805,31.0276001691818,10.3952000805293,0.0255999999353662,0,0.422799990337807,0.368400011211634,16.6331748962402,1640.47839355469,553.284790039062
"CRS3035RES50000mN2450000E3750000",1.29160001379205,55.520000308752,25.7784001529217,16.9491998960438,0,0,0.460799993015826,0,15.5865697860718,1100.00598144531,568.916809082031
"CRS3035RES50000mN2450000E3800000",2.79200004370068,53.2656002789735,42.0908004045487,1.8163999862736,0,0,0.0352000002749264,0,16.9541358947754,905.166442871094,585.981567382812
"CRS3035RES50000mN2450000E3850000",5.60399993410102,43.5160000211909,48.051599599421,2.4615999602247,0.00960000033956021,0,0.357199995778501,0,17.0057563781738,1011.37719726562,592.483947753906
"CRS3035RES50000mN2450000E3900000",7.70000004558824,63.8356007635593,26.53280030936,0.93999999226071,0,0,0.0780000002123415,0.913599971681833,20.2703075408936,1004.30291748047,642.749267578125
"CRS3035RES50000mN2450000E3950000",10.2388002182124,42.0452004298567,43.3156006038189,3.19320002454333,0.377199999638833,0,0.288000004366041,0.54199998266995,18.2361354827881,1471.22082519531,656.470458984375
"CRS3035RES50000mN2450000E4000000",3.58960006269627,12.6291998836678,38.5459989309311,33.7368004024029,11.0224002972245,0,0.266400002874434,0.209599989466369,13.3210802078247,1631.76477050781,698.3046875
"CRS3035RES50000mN2450000E4050000",1.44120003242279,3.00399991683662,17.8331999108195,42.1571993269027,35.0512001663446,0,0.513199996203184,0,9.25822162628174,1535.3310546875,724.418579101562
"CRS3035RES50000mN2450000E4100000",4.37559990386944,22.4652001015784,28.8100000470876,35.0859999482054,9.11319963634014,0,0.10039999615401,0.0495999993290752,15.7585010528564,1263.9375,713.5302734375
"CRS3035RES50000mN2450000E4150000",7.70079995854758,74.5859974762425,13.0387996090576,2.98599995439872,0.451199989765882,0,0.370800006203354,0.866399984806776,22.1796169281006,953.255859375,729.150207519531
"CRS3035RES50000mN1650000E3300000",5.83003330393695,57.5008996063844,3.87010015547276,32.6306097093038,0.0603545049671084,0.0434128887718543,0.0645899097435176,0,24.0819644927979,264.267150878906,441.918914794922
"CRS3035RES50000mN2450000E4200000",13.9480000827461,77.1971993352053,6.90120000508614,0.947200041264296,0.500799994915724,0,0.0931999995373189,0.412400020286441,23.328010559082,974.778381347656,758.386840820312
"CRS3035RES50000mN2450000E4250000",24.2024000108358,72.7400017662148,1.19280003855237,1.35160000063479,0.0495999993290752,0,0.224800001888071,0.238800002261996,23.5061378479004,864.265686035156,762.948364257812
"CRS3035RES50000mN2450000E4300000",12.4191997630987,83.0923990506562,3.65200005471706,0.513999980466906,0.0660000019706786,0,0.187599996570498,0.0688000000081956,23.3582572937012,871.285217285156,751.926147460938
"CRS3035RES50000mN2450000E4350000",12.4240003002342,72.8016006280087,5.21200005023274,0.260400002298411,0,0,9.12880012765527,0.173200003337115,23.5698261260986,874.507568359375,744.797912597656
"CRS3035RES50000mN2450000E4400000",11.3331998960348,78.4720013907645,9.39280004240572,0.102399996831082,0.0503999995999038,0,0.275199991301633,0.374000007286668,23.2061672210693,925.949401855469,754.399963378906
"CRS3035RES50000mN2450000E4450000",14.8096000448277,73.1431999760389,2.1084000265546,0.177599996095523,0,9.43080000579358,0.029999999969732,0.300400005653501,23.4751110076904,865.812561035156,733.870239257812
"CRS3035RES50000mN2450000E4500000",10.6801939487923,39.4539118511603,0.842954008840023,0.274876313051209,0.987888779491186,46.9971839338541,0.183250871486962,0.579739129170775,23.2295875549316,864.594787597656,645.856384277344
"CRS3035RES50000mN2450000E4600000",2.73354453820503,36.0713602276519,47.9954289272428,12.734973392071,0,0.345789607672486,0.118904560804367,0,21.6367416381836,1364.09545898438,651.960205078125
"CRS3035RES50000mN2450000E4650000",7.5147789233597,6.56660317908973,75.2756930887699,10.3615302592516,0.0428208353696391,0,0.238573223759886,0,20.1438179016113,1790.23413085938,675.519653320312
"CRS3035RES50000mN1650000E3350000",14.2372170135786,41.1258629290387,2.1252354606986,14.7650381957646,0.1023089280352,27.5304023874923,0.113934942055494,0,24.1504516601562,305.297149658203,417.829925537109
"CRS3035RES50000mN2450000E4700000",1.472501202079,15.783031792671,72.8886060416698,9.34240389615297,0,0,0.0929150264710188,0.420541502535343,18.6548538208008,1634.90393066406,703.932983398438
"CRS3035RES50000mN1650000E4500000",17.4206395167857,58.4891055710614,2.61033063288778,14.7605358622968,0.204623374156654,5.12664541602135,0.536445062607527,0.851675681769848,24.5671310424805,561.044494628906,457.623565673828
"CRS3035RES50000mN1650000E4550000",7.40756757732014,72.4133159965277,3.15787657164037,13.3835873391945,3.23740689782426,0,0.400245515629649,0,25.3069496154785,674.571533203125,545.061950683594
"CRS3035RES50000mN1650000E4600000",13.2467904826626,56.6041162237525,7.76465605013072,21.687357337214,0.149698334280401,0,0.547381769865751,0,24.1446647644043,758.302612304688,523.645874023438
"CRS3035RES50000mN2500000E3400000",3.27062234282493,0,42.0646410901099,21.2252780795097,4.9879401922226,4.07139398157597,24.380125105381,0,19.6337032318115,925.733032226562,426.347778320312
"CRS3035RES50000mN2500000E3450000",3.17336336302105,46.9860457771574,23.6862767487765,10.3207410982577,0.0604793487582356,13.5678007063689,2.10556252859533,0.0997308525256813,20.4214878082275,884.285522460938,524.066467285156
"CRS3035RES50000mN2500000E3500000",2.71999997203238,67.2916010022163,26.6119994223118,3.31680016824975,0,0,0.0595999998040497,0,20.0996227264404,869.325805664062,543.745361328125
"CRS3035RES50000mN2500000E3550000",2.06639995012665,57.8215994290076,38.5744007304311,1.44840004504658,0,0,0.0891999981831759,0,19.8167572021484,955.451538085938,550.880493164062
"CRS3035RES50000mN2500000E3600000",1.93479993758956,62.103999525425,34.9040001630783,0.953999979537911,0,0,0.103199994191527,0,19.0825443267822,1098.26184082031,552.185729980469
"CRS3035RES50000mN2500000E3650000",1.7715999536449,56.340798549354,38.4340003132821,3.09959994337988,0,0,0.354000001971144,0,17.7933387756348,1459.69494628906,549.269958496094
"CRS3035RES50000mN2500000E3700000",1.72039996468811,44.3012009840458,48.6740000545979,4.41479994915426,0,0,0.858799974957946,0.0307999987853691,16.6058330535889,1384.26525878906,552.541442871094
"CRS3035RES50000mN2500000E3750000",8.08079995040316,54.0836010593921,23.85280020535,13.5148002038477,0.0255999999353662,0,0.428800006920938,0.0136000002385117,16.3613224029541,1142.53857421875,567.042358398438
"CRS3035RES50000mN2500000E3800000",1.97600007959409,44.7088001295925,49.660399928689,3.60840009525418,0,0,0.036000000545755,0.0103999998827931,16.8976707458496,1091.22106933594,586.017028808594
"CRS3035RES50000mN1650000E4650000",2.92758599625813,43.3896618138533,20.7922869361937,31.4998067915439,1.19895841926336,0,0,0.191700365394354,23.8547019958496,676.372924804688,498.613555908203
"CRS3035RES50000mN2500000E3850000",8.41559960390441,70.9491999121384,18.8427999615669,0.646000004780945,0,0,0.568800000473857,0.57760002091527,18.7847175598145,899.235595703125,617.191040039062
"CRS3035RES50000mN2500000E3900000",26.0380001382146,56.4404010772705,13.8543993933126,1.65199999464676,0,0,0.992800039239228,1.02239996194839,20.3936862945557,901.692626953125,643.375732421875
"CRS3035RES50000mN2500000E3950000",8.20399983786046,48.6876001465134,36.9679994881153,1.88000003108755,0.00999999974737875,0,2.77999993413687,1.47040002048016,19.7307395935059,1270.13977050781,657.887023925781
"CRS3035RES50000mN2500000E4000000",9.18519987608307,27.5968005676986,47.6559996604919,11.3004000275396,2.48279999941587,0,1.54400002211332,0.234799995087087,16.5986576080322,1593.015625,680.390075683594
"CRS3035RES50000mN2500000E4050000",2.78759997527232,6.42040012462531,23.2223998755217,40.6643994152545,26.6607999801636,0,0.244399993971456,0,10.2759990692139,2126.58911132812,731.141174316406
"CRS3035RES50000mN2500000E4100000",1.66879997850629,9.03920019554789,22.2852000966668,37.8475993871688,28.9296001195908,0,0.226400000974536,0.00319999999192078,9.98590564727783,1427.69714355469,735.316528320312
"CRS3035RES50000mN2500000E4150000",3.90200014226139,5.65599986803136,46.2295990437269,32.7560000121593,10.5323996394873,0,0.820800010114908,0.103199994191527,14.3959150314331,1734.87145996094,700.582153320312
"CRS3035RES50000mN2500000E4200000",23.9147996180691,20.6063995185105,43.1240012403578,2.94800002593547,0.0083999999333173,0,9.17440035846085,0.224000005982816,20.9513034820557,1641.85412597656,691.580200195312
"CRS3035RES50000mN2500000E4250000",18.3083996787901,23.7667990921182,42.9924009367823,8.7915998068638,0.743199995486065,0,5.24880005978048,0.148800003807992,19.2572631835938,1534.15344238281,700.184631347656
"CRS3035RES50000mN2500000E4300000",7.14120001648553,17.5136002173531,51.2475997209549,17.5583997741342,3.84920015640091,0,2.65839998028241,0.0315999990561977,16.6316108703613,1498.20922851562,717.126159667969
"CRS3035RES50000mN1650000E4700000",2.15516329917591,32.6991022273432,39.0813766047359,24.7998923063278,1.15092489868402,0,0.113540992606431,0,22.7589435577393,758.874572753906,527.960632324219
"CRS3035RES50000mN2500000E4350000",2.55320009237039,13.9787999913096,56.4035989344121,18.5715999978129,1.52680000755936,0,6.83039998548338,0.135599996428937,17.1359329223633,1369.32690429688,699.699035644531
"CRS3035RES50000mN2500000E4400000",6.3207999963197,25.2148000960005,56.8392008543015,11.1012000590563,0.146400005905889,0,0.266800005920231,0.110800005495548,17.5612373352051,1326.55310058594,695.5244140625
"CRS3035RES50000mN2500000E4450000",12.8952002865844,53.9932006387971,28.7452001124621,3.22999990603421,0.904799997806549,0,0.224400009028614,0.00720000025467016,20.8830680847168,1226.14013671875,713.22216796875
"CRS3035RES50000mN2500000E4500000",12.0038390537957,82.5556338531897,2.34357992885634,1.01510764216073,1.01672085002065,0,0.731587316840887,0.333529617637396,22.8004894256592,1083.20727539062,714.129333496094
"CRS3035RES50000mN2500000E4550000",10.6593300384702,71.0460298490944,4.88970736041665,2.55208649323322,0.824231840670109,8.80522229708731,0.55242832750082,0.67096333950758,22.828052520752,1260.87109375,666.2998046875
"CRS3035RES50000mN2500000E4600000",6.03121984022437,25.7992397120688,58.3135344088078,9.63016814203002,0.0140019328682683,0.0171636595041491,0.130534148775041,0.0641378865111619,20.0072994232178,1931.00317382812,680.872619628906
"CRS3035RES50000mN2500000E4650000",1.8387999618426,20.1447997242212,71.3704004883767,5.75239991012495,0,0,0.893600001290906,0,17.8323001861572,1676.84826660156,691.475158691406
"CRS3035RES50000mN2500000E4700000",1.97040001730784,32.7059999544872,61.7052000015974,3.1304000178352,0,0,0.025600000662962,0.462399981915951,19.5144443511963,1328.94641113281,720.458435058594
"CRS3035RES50000mN2500000E4750000",11.3999999477528,44.3911996728275,34.2156010607141,7.99160005990416,0,0,1.10760000534356,0.894000008702278,21.0857543945312,1029.59313964844,753.229309082031
"CRS3035RES50000mN1650000E4750000",4.3223683576798,38.1013317077304,24.4555451907218,29.0077236219077,4.03676955029369,0.0220085072214715,0,0.0542535271961242,22.4879112243652,846.371765136719,536.974487304688
"CRS3035RES50000mN1650000E4800000",7.33974656031932,31.1570273246616,33.4842201322317,26.1885691434145,1.75394387915731,0,0.0764931901358068,0,23.5832862854004,751.074035644531,525.340026855469
"CRS3035RES50000mN1650000E4850000",3.15966214402579,50.987077318132,24.3156609125435,18.6730435118079,2.86455675959587,0,0,0,24.8290271759033,651.589782714844,497.598083496094
"CRS3035RES50000mN2550000E3400000",7.79138505458832,11.0430744476616,22.1283785067499,10.6207769364119,14.2103046178818,33.6359801702201,0.570101337507367,0,19.176586151123,823.4384765625,415.366333007812
"CRS3035RES50000mN2550000E3450000",7.70598049130058,64.6439626580104,13.977412879467,0.183816360367928,0.295666884630919,12.4396849423647,0.435263256076723,0.318210385739803,20.0199108123779,860.151916503906,518.437927246094
"CRS3035RES50000mN2550000E3500000",4.97479989062412,83.5148006561212,11.1759999825154,0.265200008288957,0,0,0.0692000001436099,0,19.7676067352295,879.907287597656,536.739929199219
"CRS3035RES50000mN2550000E3550000",6.55279982020147,70.6572007649811,21.9112005550415,0.561200005176943,0,0,0.206799997249618,0.110800005495548,19.4477081298828,941.546691894531,543.462890625
"CRS3035RES50000mN2550000E3600000",6.52319993969286,69.0744006307795,23.1476001441479,0.608399987686425,0,0,0.23439999204129,0.412000017240644,18.7566719055176,1085.2412109375,546.451843261719
"CRS3035RES50000mN2550000E3650000",2.27320009071263,50.7012006826699,43.5131996870041,2.58119999489282,0,0,0.90839997283183,0.0228000004426576,17.7491874694824,1248.79541015625,544.802368164062
"CRS3035RES50000mN2550000E3700000",1.14880004548468,71.2960002012552,26.3319998979569,0.915600021107821,0,0,0.307599999359809,0,17.352388381958,1021.76330566406,552.63671875
"CRS3035RES50000mN2550000E3750000",4.07160005415789,72.7915996976663,22.3447993397713,0.530400010757148,0,0,0.26159998960793,0,17.7606716156006,874.689453125,569.886291503906
"CRS3035RES50000mN2550000E3800000",4.17600013824994,64.3327999860048,30.4956004023551,0.627999991411343,0,0,0.122400000691414,0.245200004428625,18.4186115264893,993.370727539062,590.197265625
"CRS3035RES50000mN2550000E3850000",5.02799994428642,71.3656004052609,22.2155995666981,0.650000007590279,0,0,0.145600002724677,0.595200015231967,18.8759689331055,958.864440917969,611.449035644531
"CRS3035RES50000mN2550000E3900000",8.3419999020407,74.4716019835323,12.5099999830127,0.329999998211861,0,0,3.68679985404015,0.659599993377924,20.1208362579346,1001.01556396484,633.681335449219
"CRS3035RES50000mN2550000E3950000",6.33759990887484,38.4383993441588,50.2876006066799,3.65519997867522,0,0,0.745600002119318,0.535599980503321,18.5181312561035,1591.03979492188,625.303771972656
"CRS3035RES50000mN2550000E4000000",13.2648003171198,38.3019993547351,33.5363999009132,4.90520017920062,0.410399991960731,0,9.32320018764585,0.258000008761883,17.7367000579834,1468.80651855469,643.832580566406
"CRS3035RES50000mN2550000E4050000",6.59319996993872,14.0087996609509,40.4655996710061,23.7875996157527,5.69000000250525,0,9.42359986365773,0.0311999989207834,14.4462938308716,1776.9970703125,693.007751464844
"CRS3035RES50000mN2550000E4100000",4.17119995399844,11.7547998670489,21.1224002065137,37.7408012747765,24.8431992047699,0,0.36759999638889,0,10.2962522506714,1474.43322753906,752.582458496094
"CRS3035RES50000mN2550000E4150000",2.23840003163787,5.0412000506185,26.7251994460821,36.9435997679829,28.7743995431811,0,0.277199991978705,0,9.96756553649902,1830.33081054688,727.787780761719
"CRS3035RES50000mN2550000E4200000",3.51120006162091,3.90080013312399,52.8224006295204,29.5911995897768,7.57679963717237,0,2.59760002372786,0,13.9846649169922,2244.3662109375,695.881469726562
"CRS3035RES50000mN2550000E4250000",2.04359995113918,5.90640000300482,36.8751993402839,37.0919998735189,15.697600216663,0,2.2239999496378,0.161200005095452,12.5301990509033,1847.0244140625,711.776184082031
"CRS3035RES50000mN2550000E4300000",1.97520004439866,7.92640007566662,34.2631999403239,34.6947997808457,20.5323993919591,0,0.574799999594688,0.0331999995978549,10.8160562515259,1430.16979980469,763.759887695312
"CRS3035RES50000mN2550000E4350000",0.960800004395423,4.76120008970611,34.8272006958723,32.1263994643232,26.9756000488997,0,0.34880000166595,0,10.1948118209839,1444.43640136719,773.651550292969
"CRS3035RES50000mN2550000E4400000",4.51840004825499,19.4792001115275,59.7912013530732,12.3331998474896,3.42720001935959,0,0.321199995232746,0.129599997308105,15.8155527114868,1122.84448242188,728.063049316406
"CRS3035RES50000mN2550000E4450000",2.23080008872785,11.1424002796411,54.5315995812416,24.5315996930003,7.40359983756206,0,0.15999999595806,0,13.7873458862305,1417.42944335938,704.809509277344
"CRS3035RES50000mN2550000E4500000",2.85119993932312,18.0984002538025,55.7559989392758,18.2816002517939,4.37640007585287,0,0.636400002986193,0,16.7435836791992,1486.53454589844,712.588134765625
"CRS3035RES50000mN2550000E4550000",6.46600001491606,31.2672005034983,47.9508016258478,10.3811998851597,3.77799999550916,0,0.0915999989956617,0.06520000169985,18.953239440918,2059.55859375,716.251159667969
"CRS3035RES50000mN2550000E4600000",1.38239999359939,17.2107996288105,66.194799542427,10.3783999569714,4.59000003611436,0,0.227200007066131,0.0163999997312203,16.5279140472412,2312.72998046875,701.85888671875
"CRS3035RES50000mN2550000E4650000",7.16360015794635,30.8939995651599,56.0212008655071,4.57159998695716,1.06320000923006,0,0.0696000002790242,0.216799997724593,18.1710948944092,1499.048828125,714.525390625
"CRS3035RES50000mN2550000E4700000",3.35800000757445,44.3004002794623,51.3644009828567,0.444000007701106,0,0,0.218000006861985,0.315200001932681,19.2584438323975,1176.13806152344,723.849487304688
"CRS3035RES50000mN2550000E4750000",2.74119998794049,53.5895992070436,38.2043993566185,5.34199989269837,0,0,0.122800003737211,0,20.1856327056885,1044.453125,739.720397949219
"CRS3035RES50000mN2600000E3400000",15.6633236445486,30.8047866477864,7.78320338577032,1.05490734567866,1.7184179276228,42.0695573091507,0.905803847126663,0,18.7506408691406,745.519226074219,407.072967529297
"CRS3035RES50000mN2600000E3450000",7.59050583583303,79.664088744903,2.97475957195275,0.271459158102516,0.158076733350754,8.97555938281585,0.265813560690731,0.0997388968244195,19.5326690673828,805.362121582031,504.441284179688
"CRS3035RES50000mN2600000E3500000",6.15560010774061,85.3748003020882,7.45799962896854,0.984799955040216,0,0,0.0268000003416091,0,19.3191795349121,905.076110839844,530.178344726562
"CRS3035RES50000mN2600000E3550000",3.37079995370004,83.6583998228888,12.6635996624827,0.245200004428625,0,0,0.0579999992623925,0.0039999998989515,19.1807804107666,854.141906738281,543.110412597656
"CRS3035RES50000mN2600000E3600000",1.49480001418851,86.1568000167607,10.8811998739839,0.929199962411076,0,0,0.173999997787178,0.364000000990927,19.3027172088623,868.765197753906,552.28955078125
"CRS3035RES50000mN2600000E3650000",1.87359993724385,82.805199176073,14.7355996770785,0.236799998674542,0,0,0.318800006061792,0.0300000014249235,18.7516822814941,957.439392089844,553.638305664062
"CRS3035RES50000mN2600000E3700000",2.0544000013615,88.3200006792322,9.34359999373556,0.140800001099706,0,0,0.141200004145503,0,18.62624168396,879.113647460938,564.155639648438
"CRS3035RES50000mN2600000E3750000",3.08400003013957,80.9959966194584,14.5691997371614,0.952799955848605,0,0,0.309200002811849,0.0888000009581447,18.9912662506104,830.896362304688,581.964416503906
"CRS3035RES50000mN2600000E3800000",3.35239999913029,79.5347983039392,15.0216002948582,0.92720003449358,0,0,0.264400001469767,0.899599958211184,19.5305233001709,845.829895019531,602.146057128906
"CRS3035RES50000mN2600000E3850000",4.76679995772428,77.5028016418218,16.6424002498388,0.354800006607548,0,0,0.439999997615814,0.293199997395277,19.3926620483398,944.427978515625,614.058776855469
"CRS3035RES50000mN2600000E3900000",5.92719999403926,69.4464007392525,23.12279981561,0.709600004483945,0,0,0.162799995450769,0.631200009956956,20.0139312744141,939.879516601562,630.069458007812
"CRS3035RES50000mN2600000E3950000",4.75679983064765,60.8904003063799,31.9924004375934,1.38480004388839,0,0,0.97560003050603,0,19.437047958374,1432.64453125,623.750915527344
"CRS3035RES50000mN2600000E4000000",3.72400007781835,35.400799830677,52.9887989163399,4.5391999236017,0,0,3.3471999457106,0,15.8955249786377,1744.35485839844,598.738586425781
"CRS3035RES50000mN2600000E4050000",9.11599986939109,54.569600281684,23.0532007291913,3.04159998195246,0,0,10.219599865377,0,17.4768085479736,1351.46044921875,625.747192382812
"CRS3035RES50000mN2600000E4100000",5.99040002780384,40.0948002934456,27.357199601829,23.4272003173828,1.3127999700373,0,1.81760004488751,0,14.6418180465698,1589.67504882812,663.617309570312
"CRS3035RES50000mN2600000E4150000",1.74919998753467,15.3172003570945,26.5968005172908,32.6052002608776,21.3948003947735,0,2.33679991724785,0,11.0057992935181,2033.052734375,663.703186035156
"CRS3035RES50000mN2600000E4200000",1.05000001785811,6.27640009915922,15.9316001459956,50.080800242722,25.5880003591301,0,1.07319999297033,0,9.36847686767578,2307.43481445312,695.284729003906
"CRS3035RES50000mN2600000E4250000",2.14799998357193,13.4220002175425,29.6367994509637,42.7760012447834,11.8256001034751,0,0.176400002965238,0.0151999993249774,10.7402839660645,1641.33239746094,709.4443359375
"CRS3035RES50000mN2600000E4300000",0.98879999059136,5.44719999888912,15.2140007005073,52.929599955678,24.8243995942175,0,0.596000021323562,0,8.06402206420898,1459.64306640625,732.365417480469
"CRS3035RES50000mN2600000E4350000",0.94879999742261,8.4684000350535,22.8355995961465,39.4543996080756,27.7648007548123,0,0.528000021586195,0,8.64425277709961,1146.42858886719,741.199096679688
"CRS3035RES50000mN2600000E4400000",1.72920004988554,17.8907996043562,44.540398940444,27.9344011098146,7.79520021314966,0,0.0391999987186864,0.0707999977748841,12.742015838623,1066.35534667969,725.560729980469
"CRS3035RES50000mN2600000E4450000",1.20080001652241,10.3072003461421,46.5844006394036,27.6195999234915,14.2248003419809,0,0.0631999981123954,0,11.0063810348511,1087.48046875,729.221740722656
"CRS3035RES50000mN2600000E4500000",2.04880002274876,7.86319989711046,53.1635998748243,29.2712001129985,7.61559967359062,0,0.0376000010874122,0,11.9163084030151,1395.40466308594,736.593627929688
"CRS3035RES50000mN2600000E4550000",3.43599993793759,12.1776001527905,61.3319981843233,21.2732000276446,0.717600004281849,0,0.999600032810121,0.063999998383224,14.3285369873047,1534.81079101562,731.659301757812
"CRS3035RES50000mN2600000E4600000",6.43279993382748,20.5668004229665,61.3455991260707,8.59079994261265,0.470400007907301,0,2.00679997724364,0.586799997836351,15.8909025192261,1409.27270507812,733.352966308594
"CRS3035RES50000mN2600000E4650000",5.14559990770067,32.4572011828423,57.9416006803513,2.93560000136495,0.363199994899333,0,0.403200001164805,0.75360001064837,17.1943016052246,1222.37084960938,738.822265625
"CRS3035RES50000mN2600000E4700000",3.53080007625976,31.2327995081432,62.5916004180908,2.00440000917297,0,0,0.130000000353903,0.510400021448731,17.4115123748779,1209.95922851562,732.881469726562
"CRS3035RES50000mN2600000E4750000",6.6563999542268,67.0636010356248,24.1124005056918,0.620000017806887,0,0,0.744399978430011,0.803199969232082,20.1823768615723,934.199462890625,755.567443847656
"CRS3035RES50000mN2600000E4800000",5.59000007342547,58.1020010344219,30.1856003701687,4.31120016874047,0.0103999998827931,0,1.05720002902672,0.743599981069565,20.5388793945312,799.07666015625,754.393737792969
"CRS3035RES50000mN2650000E3350000",24.9174922704697,3.21782194077969,4.37293723225594,53.8778878748416,0,13.6138617992401,0,0,18.3570728302002,784.130126953125,370.094512939453
"CRS3035RES50000mN2650000E3400000",11.343970298185,80.2569746243534,4.15582489222288,0.658907688921318,0.324075017124414,2.91331326588988,0.346935068955645,0,18.6087493896484,838.398254394531,441.63037109375
"CRS3035RES50000mN2650000E3450000",6.13320018564992,87.6028018945362,5.8452001074329,0.0951999973040074,0,0,0.323599996045232,0,18.9068222045898,879.11279296875,508.1826171875
"CRS3035RES50000mN2650000E3500000",3.92599995611817,89.9760005995631,5.79519991297275,0.0964000020758249,0,0,0.206399988383055,0,18.5872783660889,877.813781738281,525.281921386719
"CRS3035RES50000mN2650000E3550000",6.77799998666159,76.0587987024337,16.3132004439831,0.754400016739964,0,0,0.0739999988581985,0.0216000000364147,19.130651473999,745.290893554688,544.097778320312
"CRS3035RES50000mN2650000E3600000",2.67719992480124,75.5432000987638,19.47200037539,0.66560000559548,0,0,1.0944000154268,0.547599978744984,19.4272022247314,752.602355957031,557.975524902344
"CRS3035RES50000mN2650000E3650000",3.05760002520401,74.1055990700261,19.7196007706225,0.856000019120983,0,0,2.26120008155704,0,19.3965435028076,805.655334472656,568.220336914062
"CRS3035RES50000mN2650000E3700000",4.54400001326576,78.3931990154088,15.8988003851845,0.898000024608336,0,0,0.266000004194212,0,19.3281517028809,814.717041015625,576.01220703125
"CRS3035RES50000mN2650000E3750000",3.52079999429407,78.4076015406754,16.2440004991368,0.904799997806549,0.0108000000182074,0,0.292800008901395,0.619200011715293,19.302152633667,832.393615722656,586.636596679688
"CRS3035RES50000mN2650000E3800000",2.54719992226456,61.0796003136784,34.7531997598708,0.994400042691268,0.0103999998827931,0,0.213199993595481,0.401999987661839,19.1426849365234,963.981384277344,593.958801269531
"CRS3035RES50000mN2650000E3850000",1.61240001616534,56.5556010231375,40.803200006485,0.569199977326207,0,0,0.459600007161498,0,18.111852645874,1111.37121582031,597.601257324219
"CRS3035RES50000mN2650000E3900000",5.48199999029748,61.6020005305473,30.3844004403799,1.8307999620447,0,0,0.432000009459444,0.268799997866154,18.9678573608398,866.111022949219,620.813903808594
"CRS3035RES50000mN2650000E3950000",6.59559990745038,57.5719989836216,33.0336011247709,1.23680003744085,0,0,0.608000013744459,0.953999999910593,19.898401260376,1013.15411376953,633.398742675781
"CRS3035RES50000mN2650000E4000000",6.85360008646967,48.2127999945078,42.2799989581109,2.02200002968311,0,0,0.378000002820044,0.253599998541176,18.118200302124,1478.81884765625,611.923217773438
"CRS3035RES50000mN2650000E4050000",4.23879998124903,51.9052008399739,37.7944000065326,1.38639999568113,0,0,4.63640012894757,0.0387999985832721,16.0597724914551,1499.22912597656,608.520690917969
"CRS3035RES50000mN2650000E4100000",10.8636000484694,49.5908007840626,36.67679913342,0.476399982289876,0,0,1.98080004192888,0.411600014194846,17.1329822540283,1317.88220214844,629.022583007812
"CRS3035RES50000mN2650000E4150000",12.6444002598874,52.3879990796558,30.1547998562455,1.73280001909006,0,0,2.96279999311082,0.117199996020645,17.302942276001,1404.45642089844,630.178833007812
"CRS3035RES50000mN2650000E4200000",12.2292001935421,37.6511991875304,30.5540008470416,7.99920002173168,1.82319993618875,0,9.74320019595325,0,16.2613716125488,1821.94750976562,647.217712402344
"CRS3035RES50000mN2650000E4250000",7.8255996973894,30.0716001387627,35.9356001019478,22.6883993484079,1.90879997971933,0,1.29040000028909,0.279600010253489,14.309006690979,1797.64672851562,673.58349609375
"CRS3035RES50000mN2650000E4300000",3.97039993986255,5.79919982119464,32.2756007313728,52.3352011223324,5.13319989549928,0,0.486400007503107,0,10.8984231948853,2027.13793945312,688.109497070312
"CRS3035RES50000mN2650000E4350000",3.6243999900762,7.27639992255717,34.9875993386376,42.9535999137443,11.0252000624314,0,0.108800001908094,0.023999999393709,10.2432308197021,1410.09204101562,697.03662109375
"CRS3035RES50000mN2650000E4400000",4.90839982230682,8.59480001963675,33.0284012656193,38.4308010012318,14.8020001055556,0,0.0127999999676831,0.222799996845424,10.5186138153076,1419.47888183594,689.715759277344
"CRS3035RES50000mN2650000E4450000",2.56879999069497,8.81359971826896,28.3452002382546,39.6479988005012,20.274800361949,0,0.308799993945286,0.0407999992603436,9.61170673370361,1515.02026367188,687.942749023438
"CRS3035RES50000mN2650000E4500000",2.51720005690003,9.38599983855965,28.7896005203948,40.0011994875968,18.7343996018171,0,0.571600012335694,0,9.83579444885254,1646.27490234375,688.803649902344
"CRS3035RES50000mN2650000E4550000",3.19919995308737,8.20879995590076,38.953199936077,42.0296002179385,7.36119979992508,0,0.247999995190185,0,10.7759485244751,1553.37646484375,698.388793945312
"CRS3035RES50000mN2650000E4600000",1.52199994481634,12.8120003035292,52.2260005702265,33.0644004046917,0.154000004113186,0,0.221600001532352,0,11.8277463912964,1309.84436035156,705.1689453125
"CRS3035RES50000mN2650000E4650000",3.47119992511579,23.9136000163853,64.144801335351,8.35840001236648,0,0,0.112000002991408,0,14.257963180542,1012.83489990234,710.998901367188
"CRS3035RES50000mN2650000E4700000",9.90880021417979,34.8724007606506,53.2175995409489,1.73120002727956,0,0,0.187599996570498,0.0823999987915158,17.3489761352539,938.854125976562,738.258972167969
"CRS3035RES50000mN2650000E4750000",4.46399984066374,55.7311985641717,39.5775999873877,0.120000002061716,0,0,0.107199998456053,0,19.314395904541,819.464904785156,757.281494140625
"CRS3035RES50000mN2650000E4800000",4.99439985578646,54.7036002390086,36.8276007473469,3.23960003443062,0,0,0.23480000672862,0,20.142219543457,727.377502441406,758.662353515625
"CRS3035RES50000mN2700000E3350000",19.4616322754882,14.7158253472298,5.51763739204034,6.55737705528736,1.56917776912451,52.1783513016998,0,0,17.9859714508057,750.614074707031,382.266265869141
"CRS3035RES50000mN2700000E3400000",10.7190571623505,77.4080641567706,3.05551413912326,0.21642156643793,0.0653106544632465,3.88278220780194,4.34038368985057,0.312466640025377,18.590799331665,832.88623046875,472.636199951172
"CRS3035RES50000mN2700000E3450000",9.81720017298358,86.7388001643121,2.80400009360164,0.11120000272058,0,0,0.291199993807822,0.237599993124604,18.5080738067627,851.182922363281,502.172302246094
"CRS3035RES50000mN2700000E3500000",4.31840002565878,87.6944008748978,7.48199997469783,0.188799999887124,0.0288000010186806,0,0.230800001736497,0.0568000017665327,18.682638168335,740.184020996094,522.162719726562
"CRS3035RES50000mN2700000E3550000",5.49920001067221,64.7172017954289,26.8739998340606,1.46400001831353,0.187999999616295,0,0.150799995753914,1.10680004581809,19.1593265533447,676.904418945312,539.225891113281
"CRS3035RES50000mN2700000E3600000",9.79919997480465,68.4672009432688,19.539999961853,0.770799990277737,0.0612000003457069,0,0.263600004836917,1.09799997881055,19.2003192901611,714.458435058594,553.2021484375
"CRS3035RES50000mN2700000E3650000",3.54600006103283,66.4983988739551,28.8559995591641,0.324000010004965,0,0,0.443200008885469,0.33239999320358,19.3187618255615,731.6005859375,566.699523925781
"CRS3035RES50000mN2700000E3700000",3.07719999109395,42.0196005725302,52.446798607707,1.25280003121588,0,0,1.20359995926264,0,19.2319431304932,812.498413085938,574.025817871094
"CRS3035RES50000mN2700000E3750000",2.54159997712123,77.9132006573491,18.5044004349038,0.173600003472529,0.0912000017706305,0,0.135599996428937,0.640399986878037,18.7415790557861,851.780822753906,576.740966796875
"CRS3035RES50000mN2700000E3800000",1.67639997816877,63.0007994564949,34.3183988705278,0.880400041933171,0,0,0.124000001233071,0,18.6517009735107,874.1220703125,582.946472167969
"CRS3035RES50000mN1650000E6350000",3.75035791657865,48.0568279512227,1.07357576489449,42.123533040285,4.91339825093746,0,0,0.0823074718937278,26.7601833343506,593.2978515625,511.809814453125
"CRS3035RES50000mN2700000E3850000",1.99640007922426,61.7175999883329,34.884000942111,1.10920004663057,0,0,0.29279999434948,0,18.2452716827393,969.603515625,588.015686035156
"CRS3035RES50000mN2700000E3900000",3.50879994366551,57.8652006188349,38.0020009353757,0.565599999390543,0,0,0.0584000023081899,0,17.8912830352783,929.205017089844,597.449523925781
"CRS3035RES50000mN2700000E3950000",3.56600006634835,63.30640015658,31.7679999396205,0.652399985119701,0,0,0.400400006037671,0.306800007820129,19.0399913787842,944.924621582031,625.761291503906
"CRS3035RES50000mN2700000E4000000",3.74680001696106,54.6060008404311,39.5512002520263,1.68319995282218,0,0,0.357200007420033,0.0555999984499067,19.0580825805664,1128.84936523438,624.769775390625
"CRS3035RES50000mN2700000E4050000",10.0196003055316,39.7092000814154,48.6703991889953,0.613600015640259,0,0,0.912400030938443,0.0747999991290271,18.254035949707,1466.37622070312,628.876525878906
"CRS3035RES50000mN2700000E4100000",16.0447997332085,47.4040009081363,35.1319995708763,0.530400006391574,0,0,0.323599996045232,0.56520001962781,18.4688453674316,1131.33081054688,644.296325683594
"CRS3035RES50000mN2700000E4150000",9.47079996403772,38.7772013666109,49.9767996370792,0.799600011669099,0,0,0.254000001586974,0.721599999815226,17.0407581329346,1457.95141601562,635.798706054688
"CRS3035RES50000mN2700000E4200000",13.0980003072182,51.1755989398807,32.9280003905297,0.167200004216284,0,0,2.28399994957727,0.34719998948276,17.9650478363037,1044.13208007812,653.737243652344
"CRS3035RES50000mN2700000E4250000",11.5343999343167,49.9047996476292,18.4308003634215,0.0860000021930319,0,0,19.9288005649578,0.115200004074723,18.2188835144043,1190.76342773438,675.114196777344
"CRS3035RES50000mN2700000E4300000",5.85960012685974,54.2120010068174,31.9291990250349,6.72280004655477,0.132400001166388,0,1.12320000771433,0.0207999997655861,15.8111515045166,1744.57141113281,655.934692382812
"CRS3035RES50000mN1650000E6400000",16.6866995568853,56.2331655062735,3.86406816542149,22.6789303123951,0.353083852678537,0,0.180298132181633,0.00375621129933279,28.1091899871826,452.013122558594,642.390380859375
"CRS3035RES50000mN2700000E4350000",3.82560005018604,39.3444006534991,41.5912004187703,11.7423998657614,1.18040003144415,0,2.15320001007058,0.162800005637109,14.3778200149536,1560.63916015625,674.633544921875
"CRS3035RES50000mN2700000E4400000",3.61000002521905,22.927200209233,53.7560001015663,12.3319997452199,2.0356000168249,0,5.32639989396557,0.0127999999676831,14.691460609436,1526.22985839844,691.25927734375
"CRS3035RES50000mN2700000E4450000",5.62560006364948,25.6020004046149,54.8727989196777,11.4107996225357,0.851599957968574,0,1.2655999744311,0.371599989011884,14.8985958099365,1602.07458496094,691.568603515625
"CRS3035RES50000mN2700000E4500000",5.86599994858261,15.8815995324403,57.3235988616943,14.5591999404132,5.53719986564829,0,0.789999996777624,0.0423999998020008,14.0896263122559,1842.96240234375,698.930725097656
"CRS3035RES50000mN2700000E4550000",5.29359997599386,14.0856006357354,58.4895990788936,13.889999568346,6.53679978568107,0,1.65360007085837,0.0508000026457012,13.8726215362549,1851.17346191406,705.447937011719
"CRS3035RES50000mN2700000E4600000",3.09759998926893,11.6455999319441,51.1484004557133,28.1983997672797,5.28599992394447,0,0.617199996486307,0.00680000011925586,13.0617542266846,1666.1494140625,696.106384277344
"CRS3035RES50000mN2700000E4650000",2.34519994119182,7.95079978415742,64.1399994492531,23.2627999037504,2.16639991849661,0,0.110799999674782,0.023999999393709,13.3873338699341,1479.83215332031,707.226013183594
"CRS3035RES50000mN2700000E4700000",3.80759998806752,13.4584000799805,72.7432017214596,8.5228000767529,1.43640004098415,0,0,0.0315999990561977,14.4829759597778,1191.20739746094,702.349365234375
"CRS3035RES50000mN2700000E4750000",4.85920005885419,38.1224002689123,55.7440016418695,1.1919999786187,0.0823999987915158,0,0,0,16.7215003967285,925.7509765625,708.643249511719
"CRS3035RES50000mN2700000E4800000",6.67480002011871,60.2956009097397,29.5116003602743,2.66559996525757,0,0,0.815599985071458,0.0368000008165836,19.9630451202393,681.402770996094,754.563171386719
"CRS3035RES50000mN1650000E6450000",11.7638995856396,71.0184124356602,1.32947980891913,15.2619034575764,0.196055066771805,0,0.430248491466046,0,27.707799911499,370.297668457031,565.942443847656
"CRS3035RES50000mN1650000E6500000",20.0305804610252,22.4006120115519,2.67584100365639,45.8715587854385,9.02140662074089,0,0,0,26.277250289917,433.761138916016,459.725708007812
"CRS3035RES50000mN2750000E3300000",11.9462840259075,55.0498925382271,0.876620365306735,28.2290406525135,1.24965030699968,2.40604300051928,0.24246945977211,0,17.5200061798096,740.476806640625,343.486846923828
"CRS3035RES50000mN2750000E3350000",14.6189572173171,60.055609929259,5.72032574564219,0.536313073826023,0.1968216849491,12.593464233214,5.93172665685415,0.346781080588698,17.89821434021,785.626708984375,412.312133789062
"CRS3035RES50000mN2750000E3400000",8.69610969093628,77.3438966367393,7.08299092948437,0.445975101320073,0.0271146389422938,1.96601356728933,3.99839745368808,0.439499970525503,18.2452907562256,840.80810546875,473.936462402344
"CRS3035RES50000mN2750000E3450000",5.89239991095383,85.6659992132336,6.29160013049841,0.223599997116253,0.137199996970594,0,0.947200006339699,0.841999985277653,18.3508911132812,791.632141113281,497.345306396484
"CRS3035RES50000mN1700000E2700000",11.344998551067,57.2568200877867,1.85209289193153,10.2218417450786,2.57173143327236,16.4698662236333,0.282648723805323,0,21.8939952850342,635.299865722656,315.009735107422
"CRS3035RES50000mN2750000E3500000",8.43359995342325,83.106801006943,6.56720008701086,0.41720001026988,0.17119999974966,0,0.240800000028685,1.06319999322295,18.7191295623779,705.74853515625,517.097045898438
"CRS3035RES50000mN2750000E3550000",3.84639994736062,68.9540003593721,26.222800090909,0.652399985119701,0,0,0.324400002136827,0,18.7835521697998,733.443481445312,529.49462890625
"CRS3035RES50000mN2750000E3600000",3.16239998792298,79.0132025023922,17.2260005492717,0.338400006148731,0,0,0.260000000707805,0,18.6212730407715,720.640808105469,542.233337402344
"CRS3035RES50000mN2750000E3650000",5.40279989945702,70.9132014773786,22.2480004653335,0.591200016788207,0,0,0.295600004028529,0.549199990928173,18.8702831268311,693.348693847656,558.072814941406
"CRS3035RES50000mN2750000E3700000",8.71880000267993,41.8928015045821,46.6823995113372,1.31880004773847,0.0323999993270263,0,0.491600017994642,0.863199960440397,18.9878253936768,760.844970703125,567.130249023438
"CRS3035RES50000mN2750000E3750000",4.7736000502482,65.5472015438135,27.866399101913,0.895600020885467,0.0108000000182074,0,0.535600006696768,0.370800006203353,18.8798160552979,762.415405273438,573.61376953125
"CRS3035RES50000mN2750000E3800000",4.53999999153894,66.3263990310952,28.0299987643957,0.526799994986504,0,0,0.395200004277285,0.181599997449666,18.6827411651611,801.755554199219,579.982360839844
"CRS3035RES50000mN2750000E3850000",2.09199992823415,63.1143985316157,34.2707987874746,0.409999996190891,0,0,0.112799997441471,0,18.6107788085938,827.632690429688,586.635559082031
"CRS3035RES50000mN2750000E3900000",1.84640005099936,46.8939989339561,50.0931993126869,1.02879998157732,0,0,0.137600004381966,0,18.2409114837646,941.311218261719,591.915649414062
"CRS3035RES50000mN2750000E3950000",3.33319991477765,62.0235990209039,33.9483996853232,0.475999996706378,0,0,0.218799989670515,0,17.9185276031494,992.366577148438,603.125732421875
"CRS3035RES50000mN1700000E2750000",8.90965735306964,49.6754936408251,4.30944960098714,14.5950153470039,2.96469368040562,18.9070609631017,0,0.638629263266921,23.0101528167725,560.026733398438,371.308532714844
"CRS3035RES50000mN2750000E4000000",3.56999994983198,55.8328002225608,39.4800012931227,0.999200032674707,0,0,0.11800000211224,0,18.2771530151367,1069.22729492188,619.543029785156
"CRS3035RES50000mN2750000E4050000",6.50200002128258,29.2292005149647,61.4515990018844,2.4696000124095,0.014000000373926,0,0.333599993609823,0,16.6651210784912,1629.61877441406,611.531127929688
"CRS3035RES50000mN2750000E4100000",9.17239987757057,48.488000780344,39.3836006522179,1.72919996548444,0,0,0.37479999155039,0.851999968290329,18.4011325836182,998.936584472656,647.114318847656
"CRS3035RES50000mN2750000E4150000",6.48239982110681,35.4803997091949,57.278398424387,0.665199995273723,0,0,0.0936000025831163,0,16.7216014862061,1423.79296875,637.842468261719
"CRS3035RES50000mN2750000E4200000",9.51600027328823,47.7827993570827,41.1771990358829,1.3928000087617,0,0,0.131200003670529,0,16.0431976318359,977.883972167969,639.850952148438
"CRS3035RES50000mN2750000E4250000",5.31200018012896,56.7384005291388,35.3960003703833,1.69960001949221,0,0,0.853999974788167,0,16.6351661682129,909.432006835938,650.406066894531
"CRS3035RES50000mN2750000E4300000",8.05439982941608,63.0588017193076,26.8071999773384,1.26240003155544,0,0,0.730800029123201,0.0864000001456589,16.906286239624,1026.47692871094,648.908142089844
"CRS3035RES50000mN2750000E4350000",8.01159982802346,64.5752003067173,25.0543998554349,1.69680000326479,0,0,0.25799999712035,0.404000002890825,16.8850135803223,1048.20971679688,653.433837890625
"CRS3035RES50000mN2750000E4400000",20.3276000902406,44.1603999002836,29.0015999227763,1.79280003067106,0.047999998787418,0,4.65039991540834,0.0192000006791204,17.2989253997803,1081.01025390625,667.978454589844
"CRS3035RES50000mN2750000E4450000",6.60159999679309,64.1747999354266,27.0915998145938,0.395600011688657,0,0,1.33880002249498,0.397600000724196,17.6646881103516,1154.52587890625,677.286254882812
"CRS3035RES50000mN1700000E2800000",6.68259630620014,29.710214282386,19.2454943433404,26.2751700123772,7.04362913966179,10.4987313970923,0.196213519666344,0.347951962612569,24.1504516601562,592.070617675781,445.774475097656
"CRS3035RES50000mN2750000E4500000",7.1695999817166,61.3179998283157,26.5355996787548,0.457600015215575,0,0,3.7167998496443,0.802399963140488,17.9197654724121,1195.81640625,693.757263183594
"CRS3035RES50000mN2750000E4550000",8.1619997305097,53.6080002784729,33.9852009899914,1.17880003235769,0.0788000004831702,0,2.98320001456887,0.0039999998989515,17.2095222473145,1250.94079589844,697.967468261719
"CRS3035RES50000mN2750000E4600000",9.66239996487275,54.3172013014555,32.7056005597114,1.97399998432957,0,0,1.19639998301864,0.144400005228817,17.5784530639648,1225.82104492188,708.866027832031
"CRS3035RES50000mN2750000E4650000",5.20400010209415,47.7279994636774,44.913999736309,1.17600003577536,0,0,0.0300000014249235,0.947999954223633,17.338264465332,1233.11193847656,716.174133300781
"CRS3035RES50000mN2750000E4700000",3.52600009573507,31.1967998743057,62.1975991874933,2.95599999371916,0.00120000004244503,0,0.0687999985530041,0.0536000006832182,16.3541564941406,1140.98791503906,704.996704101562
"CRS3035RES50000mN2750000E4750000",11.7467999400105,30.5796003900468,54.9956008791924,2.42599997436628,0.167200004216284,0,0.0847999996040016,0,17.876932144165,852.177062988281,713.249084472656
"CRS3035RES50000mN2750000E4800000",7.74440003369819,64.2380013770889,13.1056002457626,2.00479999766685,0,0,12.8527998924255,0.0544000009540468,20.3822917938232,623.450927734375,759.243896484375
"CRS3035RES50000mN2750000E4850000",9.21319969638716,69.1567998437677,12.2408000286669,4.55800002673641,0,0,2.30480004101992,2.52640005201101,20.8800048828125,584.758178710938,777.007263183594
"CRS3035RES50000mN1700000E2850000",3.78582070115953,66.9043677917216,9.91681130835786,8.88548217189964,0.467910431325436,8.69045277449913,0.371198239736259,0.977956876158714,25.8264274597168,627.216552734375,553.597717285156
"CRS3035RES50000mN1700000E2900000",10.5840000745957,87.5603985376074,0.427600013063056,0.731199991423636,0.0195999993593432,0,0.107999998726882,0.569200003519654,26.5532665252686,645.424377441406,592.3056640625
"CRS3035RES50000mN1700000E2950000",1.63760001305491,96.4224034396466,0.541199988219888,1.13120000169147,0,0,0.267599988728762,0,26.5047569274902,598.200500488281,615.255249023438
"CRS3035RES50000mN2800000E3250000",21.2284873006866,56.8941202014685,7.4483091942966,2.30139850173145,1.03986132889986,9.88271366804838,1.20511064305901,0,17.1873168945312,888.143737792969,331.752105712891
"CRS3035RES50000mN2800000E3300000",11.7066057748161,59.6525125205517,20.1232075691223,2.68996045924723,0.336484936997294,5.13683287426829,0.354396685725078,0,17.1647186279297,917.5361328125,377.257110595703
"CRS3035RES50000mN2800000E3350000",6.97830427088775,73.326475545764,16.3542699068785,0.640379273681902,0,2.47775954194367,0.222811321145855,0,17.3478527069092,909.384704589844,439.566864013672
"CRS3035RES50000mN1700000E3000000",2.87919999100268,92.2916002746206,0.852000003214925,3.83199995121685,0.0108000000182074,0,0.0728000013623387,0.0615999975707382,25.7836780548096,595.410278320312,630.081787109375
"CRS3035RES50000mN2800000E3400000",5.03519999911078,77.1079977537738,15.6115997582674,1.58559995470569,0,0,0.634000007994473,0.0255999999353662,17.6451244354248,849.51513671875,466.966217041016
"CRS3035RES50000mN2800000E3450000",8.16279991850023,85.2916019590339,6.07320000417531,0.0644000028842129,0,0,0.40799998678267,0,17.8226375579834,807.296508789062,484.776641845703
"CRS3035RES50000mN2800000E3500000",5.19879994462826,89.3655995721928,5.23040000116453,0.0648000001092441,0,0,0.140399998053908,0,17.9819564819336,804.880737304688,503.908233642578
"CRS3035RES50000mN2800000E3550000",6.62279988755472,82.9767981544136,10.0872000679374,0.085200002649799,0,0,0.227999989874661,0,18.1550750732422,785.649291992188,519.847900390625
"CRS3035RES50000mN2800000E3600000",3.43239993526368,81.3320001587272,14.8808000609279,0.211600000329782,0,0,0.143199996091425,0,18.0757160186768,738.497436523438,531.780151367188
"CRS3035RES50000mN2800000E3650000",3.16439994785469,88.1976026110351,8.13399989856407,0.176800001645461,0,0,0.327200000174343,0,18.0965671539307,691.561462402344,544.495971679688
"CRS3035RES50000mN2800000E3700000",3.94079998950474,89.8576011881233,5.91760007664561,0.209599991467257,0,0,0.0744000004488043,0,18.4326477050781,681.062927246094,555.921264648438
"CRS3035RES50000mN2800000E3750000",7.23880016885232,62.2688028990524,28.9556004106999,0.681599981908221,0,0,0.579999975161627,0.275200000032783,18.7526779174805,712.355651855469,567.473266601562
"CRS3035RES50000mN2800000E3800000",5.48760010569822,70.490400629933,21.0384002188221,0.552000015159138,0,0,1.87120009213686,0.560399983078241,18.7072563171387,745.384521484375,577.229797363281
"CRS3035RES50000mN2800000E3850000",6.27440015523461,76.7016023484757,15.1012006215752,1.01600003144995,0,0,0.906800024677068,0,18.6755790710449,741.338989257812,583.993286132812
"CRS3035RES50000mN1700000E3050000",1.18080000102054,83.1724007555749,3.97280008182861,11.2991999834776,0.00680000011925586,0,0.368000008165836,0,23.8362197875977,661.18115234375,637.525939941406
"CRS3035RES50000mN2800000E3900000",3.39319994309335,62.4192005954683,29.1572006419301,1.11159995867638,0,0,3.87920017819852,0.0395999988541007,18.6061859130859,871.952880859375,590.061706542969
"CRS3035RES50000mN2800000E3950000",2.0020000054501,52.3572008125484,43.6243989504874,2.01639998922473,0,0,0,0,17.7498550415039,1057.40893554688,592.483581542969
"CRS3035RES50000mN2800000E4000000",7.2032001837215,59.9983995947696,29.1511997580528,2.86640002741479,0.0108000000182074,0,0.541599979624152,0.228399992920458,17.8562049865723,956.636840820312,609.144165039062
"CRS3035RES50000mN2800000E4050000",5.69720000457892,50.2556008286774,41.6087999939919,1.56879995920463,0,0,0.869599974248559,0,18.1963691711426,1045.58020019531,624.915710449219
"CRS3035RES50000mN2800000E4100000",7.89040004528943,39.7344006225467,50.3864005208015,1.79519996963791,0,0,0.147200003266335,0.0464000011561438,17.818078994751,1050.24035644531,629.544494628906
"CRS3035RES50000mN2800000E4150000",12.3636000520492,37.236400321126,46.0639994591474,2.23919995332835,0,0,1.03160004582605,1.06520000845194,18.1129570007324,1284.97509765625,640.1171875
"CRS3035RES50000mN2800000E4200000",9.30199983049533,41.7176001705229,47.5312009453773,1.37240000476595,0,0,0.0768000012612902,0,16.7043037414551,1066.53137207031,643.386840820312
"CRS3035RES50000mN2800000E4250000",14.5143996705883,46.8359994585626,36.7943985387683,1.82879999338183,0,0,0.0108000000182074,0.0155999994603917,16.8161392211914,930.182189941406,646.825012207031
"CRS3035RES50000mN2800000E4300000",10.5031997314654,56.4032000489533,31.6916000097991,0.798800005577504,0,0,0.502000015694647,0.101200002245605,16.9174900054932,926.224304199219,657.628234863281
"CRS3035RES50000mN2800000E4350000",10.0943999481387,61.1856010160409,26.4399994164705,1.24919999216218,0,0,0.7088000071235,0.322000007145107,17.6692008972168,845.544250488281,667.033813476562
"CRS3035RES50000mN1700000E3100000",1.73359999171225,65.746798820328,12.2040001675486,19.9020004831254,0.265999998373445,0,0.1475999946706,0,23.0106811523438,570.769104003906,655.556579589844
"CRS3035RES50000mN2800000E4400000",7.29519984233775,70.1931979740038,21.5516006574034,0.317599994014017,0,0,0.484799977130023,0.15760000096634,18.0070991516113,852.25341796875,674.676696777344
"CRS3035RES50000mN2800000E4450000",6.79800009238533,74.7980018611997,17.6067998632789,0.388800000655465,0.011600000289036,0,0.247999990097014,0.148800003807992,18.0759830474854,854.069091796875,683.083251953125
"CRS3035RES50000mN2800000E4500000",4.08520008204505,75.6571971345692,19.5680006407201,0.324400002136827,0,0,0.159200001507998,0.206000008620322,18.2564811706543,898.71240234375,694.098815917969
"CRS3035RES50000mN2800000E4550000",6.51359991752542,67.2271989489672,24.5004000142217,0.254800007678568,0,0,0.0767999998060986,1.42719997093081,18.1291122436523,1040.99609375,705.346923828125
"CRS3035RES50000mN2800000E4600000",7.78640004864428,56.250400096178,33.7951993569732,0.427199993282557,0,0,0.74639998638304,0.994400028139353,17.2414398193359,924.459777832031,701.949951171875
"CRS3035RES50000mN2800000E4650000",3.69679994182661,44.7563987225294,50.1344011165202,0.905200001579942,0,0,0.14519999967888,0.362000009045005,16.5629978179932,910.186767578125,699.24658203125
"CRS3035RES50000mN2800000E4700000",6.31919994484633,50.4932014271617,41.3859989494086,0.370400008978322,0,0,0.182000000495464,1.24920001253486,17.8334808349609,704.7890625,720.701782226562
"CRS3035RES50000mN2800000E4750000",17.1551997293136,54.0759989060462,26.4547999220667,1.11399999877904,0,0,0.285999989137053,0.913999974727631,19.394603729248,629.714416503906,744.561584472656
"CRS3035RES50000mN2800000E4800000",11.2979998404626,61.1371991282795,23.8928003236652,2.27280000690371,0,0,0.358799990499392,1.04040000587702,20.1217708587646,584.155944824219,763.216003417969
"CRS3035RES50000mN1700000E3150000",0.369600001431536,41.2151992139115,17.2212000004948,39.3783997744321,0.835199980065227,0,0.98040001175832,0,23.4596500396729,616.667846679688,672.652221679688
"CRS3035RES50000mN1700000E3200000",0.332000004709698,54.5791991971783,13.7116001918912,31.1779996845871,0.0987999956123531,0,0.10039999615401,0,21.284008026123,468.896820068359,634.818237304688
"CRS3035RES50000mN1700000E3250000",1.24879997674725,47.0339992258232,25.7472001248971,25.822400348261,0.023999999393709,0,0.123600003280444,0,22.9819583892822,357.744842529297,606.420227050781
"CRS3035RES50000mN1700000E3300000",7.21840002224781,65.8859995892271,10.4847997892648,16.2323999684304,0,0,0.161199999274686,0.0172000000020489,25.2264804840088,318.269622802734,585.186462402344
"CRS3035RES50000mN2850000E3200000",8.81298041203991,56.00910987705,5.02134920097887,21.6908630449324,0.654711062088609,7.75405606254935,0.0569313997402787,0,16.4891700744629,785.84521484375,285.778167724609
"CRS3035RES50000mN2850000E3250000",7.32938289147569,79.6408984810114,8.15189639106393,2.3121823760448,0.281865196302533,2.03164882550481,0.252125096449163,0,16.4653568267822,1114.77490234375,356.413146972656
"CRS3035RES50000mN2850000E3300000",2.41240001269034,82.5132001191377,12.8668002784252,1.97479999624193,0,0,0.232799994410016,0,16.2926349639893,1127.79431152344,414.494934082031
"CRS3035RES50000mN2850000E3350000",4.13759995426517,86.2964008003473,9.12960022687912,0.261199998203665,0,0,0.175199995283037,0,16.4589023590088,908.125915527344,429.892944335938
"CRS3035RES50000mN2850000E3400000",5.22079999209381,85.033998452127,8.5780001245439,0.452800013590604,0,0.426000001607463,0.288400007411838,0,17.0895519256592,784.26123046875,444.486419677734
"CRS3035RES50000mN2850000E3450000",4.72520016337512,87.5323995947838,6.98999995365739,0.316799996653571,0,0.0236000007134862,0.394800002686679,0.0172000000020489,17.2814197540283,859.326416015625,459.92138671875
"CRS3035RES50000mN2850000E3500000",3.0500000473694,91.4756007492543,5.01720011234283,0.305599995772354,0,0,0.105600000824779,0.0460000010207295,17.076208114624,962.015991210938,482.276275634766
"CRS3035RES50000mN2850000E3550000",3.2879999911529,80.9207998216152,15.280799753964,0.444399990374222,0,0,0.066000000515487,0,17.0481014251709,833.130615234375,498.466461181641
"CRS3035RES50000mN2850000E3600000",2.33359998092055,78.1903983093798,19.102799706161,0.277199991978705,0,0,0.095999997574836,0,17.1414394378662,781.471435546875,513.120544433594
"CRS3035RES50000mN2850000E3650000",6.33439991943305,74.8612017370761,18.1543994694948,0.267599988728762,0,0,0.382400001399219,0,17.5894584655762,691.530578613281,528.979370117188
"CRS3035RES50000mN1700000E3350000",11.7660679461551,68.0957797419978,5.09001091122627,7.88199195812923,0.113197113387287,6.31073885015212,0.715843110810965,0.0263697816990316,25.3064155578613,297.960784912109,509.323272705078
"CRS3035RES50000mN2850000E3700000",18.2423991966061,51.5976010006853,28.6348011344671,1.11560003060731,0,0,0.294799997936934,0.114800001028925,17.9778957366943,682.185424804688,541.398986816406
"CRS3035RES50000mN2850000E3750000",46.934800472809,31.2591987138148,16.7571996498737,3.60720008902717,0,0,0.787200010381639,0.654400000348687,18.4757804870605,701.618225097656,557.153381347656
"CRS3035RES50000mN2850000E3800000",5.43240015526862,78.1475985560973,15.746799561748,0.454400014132261,0,0,0.218800008588005,0,18.1790027618408,742.776489257812,566.126220703125
"CRS3035RES50000mN2850000E3850000",3.53199999808567,77.469201234635,16.6423997376114,1.26320002600551,0,0,1.09319997573039,0,18.1909523010254,751.757507324219,575.889343261719
"CRS3035RES50000mN2850000E3900000",4.12999996333383,80.506397975114,11.4012001780793,2.90799994836561,0,0,1.04320003811154,0.0112000001536217,18.386360168457,839.050048828125,585.572937011719
"CRS3035RES50000mN2850000E3950000",2.96600005440269,55.9860001289052,39.8308007977903,0.962800048000645,0,0,0.254399998812005,0,17.7525367736816,1038.52514648438,589.558227539062
"CRS3035RES50000mN2850000E4000000",8.43919987091795,59.1696003306425,28.6132000386715,1.75999996426981,0,0,1.48200003895908,0.535999983549118,18.0477542877197,864.822692871094,608.863403320312
"CRS3035RES50000mN2850000E4050000",6.31239986905711,70.1379998587071,21.4232000522315,0.779999990481883,0,0,1.34640003088861,0,18.2819766998291,882.22216796875,623.5029296875
"CRS3035RES50000mN2850000E4100000",8.44799998303642,52.865200676024,38.1683997809887,0.420400004804833,0,0,0.0980000026174821,0,18.1289253234863,928.031494140625,628.55322265625
"CRS3035RES50000mN2850000E4150000",11.2728000960487,41.4983986876905,44.0648004412652,1.2940000204253,0,0,1.17760002467549,0.692400010302663,19.0129089355469,935.992614746094,651.040588378906
"CRS3035RES50000mN2850000E4200000",14.3636000922015,44.9723996222019,39.6540008485317,0.438799997209572,0,0,0.41840000776574,0.152799999341369,18.3400459289551,912.947875976562,648.427062988281
"CRS3035RES50000mN2850000E4250000",16.5743997196841,50.8512004278601,31.7223995923996,0.627999988500961,0,0,0.0176000001374632,0.206399988383055,18.017635345459,904.60888671875,657.283142089844
"CRS3035RES50000mN2850000E4300000",7.31559983323677,56.2900007935241,35.6967996805906,0.659199975780211,0,0,0.0384000013582408,0,17.1643981933594,965.30126953125,664.960571289062
"CRS3035RES50000mN2850000E4350000",5.00759982605814,62.7240000816528,30.5264003574848,1.00799999927403,0,0,0.734000009833835,0,17.4294013977051,805.955627441406,671.387145996094
"CRS3035RES50000mN2850000E4400000",5.68200019624782,57.259598444216,36.1812002956867,0.610800008871592,0,0,0.111199996899813,0.155199994333088,17.5938453674316,817.185607910156,680.123962402344
"CRS3035RES50000mN2850000E4450000",7.16519999550656,58.1168010830879,33.3516001701355,0.613600006909109,0,0,0.106399995274842,0.646399985998869,17.9373035430908,792.915100097656,695.8427734375
"CRS3035RES50000mN2850000E4500000",5.24959992326331,58.6995984427631,34.37320003286,0.565200019627809,0,0,0.366399994527456,0.745999999344349,17.4031085968018,1029.01550292969,707.360778808594
"CRS3035RES50000mN2850000E4550000",2.57519997976487,31.8155994638801,55.6511990725994,9.05800014734268,0,0,0.90000000782311,0,15.3584136962891,1290.32543945312,692.042724609375
"CRS3035RES50000mN2850000E4600000",3.55599994727526,45.8364003105089,42.8376004099846,4.71760015934706,0,0,3.04040000773967,0.0119999996968545,16.2436752319336,817.714294433594,693.838989257812
"CRS3035RES50000mN2850000E4650000",4.54479991458356,46.0540009662509,45.3956009354442,0.884000021324027,0,0,3.12160001485608,0,17.1466255187988,731.714416503906,703.277221679688
"CRS3035RES50000mN1700000E4550000",0,65.0280892848969,9.69101116061211,25.280898809433,0,0,0,0,24.7355041503906,588.027038574219,464.310577392578
"CRS3035RES50000mN2850000E4700000",3.73640011966927,62.9975992807885,32.3463993147016,0.608799977635499,0,0,0.310799991711974,0,17.5514698028564,652.502990722656,719.136474609375
"CRS3035RES50000mN2850000E4750000",5.23959986021509,78.7767992122099,15.0871996767819,0.523599982261657,0,0,0.372799998149276,0,19.4251708984375,523.731262207031,753.980346679688
"CRS3035RES50000mN2850000E4800000",6.80040015795384,69.2139973863959,19.9375998228788,1.74439999391324,0,0,2.10000004153699,0.203599990345538,19.9400615692139,554.800598144531,764.203735351562
"CRS3035RES50000mN2850000E4850000",6.91519991087262,58.7815985549241,32.1347992867231,1.50200001080521,0,0,0.453200004994869,0.213199993595481,18.9191665649414,641.627380371094,750.512817382812
"CRS3035RES50000mN1700000E4600000",21.7391297221184,33.9130431413651,0,44.3478256464005,0,0,0,0,24.8400726318359,637.311279296875,468.982116699219
"CRS3035RES50000mN1700000E4700000",8.50642919540405,10.7072208076716,0,76.6815006732941,4.10484671592712,0,0,0,24.9283790588379,645.110168457031,475.280456542969
"CRS3035RES50000mN1700000E4750000",19.4792109541595,27.7082429267466,2.94921593740582,45.7200385630131,4.14328873157501,0,0,0,24.8309154510498,685.716003417969,476.830383300781
"CRS3035RES50000mN2900000E3200000",11.8976289522834,69.4512195885182,2.08551048999652,7.4409532127902,0.206693145446479,8.4906758449506,0.427320646122098,0,16.1410713195801,828.820251464844,276.818939208984
"CRS3035RES50000mN2900000E3250000",10.9032375708921,72.1020868048072,6.59205494448542,4.38812288048212,0.177164957858622,5.22181042470038,0.615521683357656,0,16.0704956054688,1117.20593261719,332.212127685547
"CRS3035RES50000mN2900000E3300000",6.85148213233333,73.605926334858,12.3168483376503,3.30179125885479,0.027973105898127,3.87668690527789,0.0192917985259555,0,15.9113349914551,1121.37463378906,355.305358886719
"CRS3035RES50000mN2900000E3350000",10.2696953370469,69.5529168471694,10.0583569146693,0.899211934302002,0.091352837625891,8.82645664387382,0.126803194871172,0.175206561107188,16.4786148071289,838.375183105469,365.455322265625
"CRS3035RES50000mN2900000E3400000",13.6372044566087,69.8948780074716,3.24951651855372,1.92414429038763,0.400302745401859,10.7728532981128,0.121099990792572,0,16.7849197387695,799.138671875,363.029022216797
"CRS3035RES50000mN2900000E3450000",5.87731456325855,70.9734415635467,2.12260513799265,0.569463125430048,0.409531639888883,19.9787199613638,0.0495185318868608,0.0194059117347933,16.9194679260254,900.064086914062,402.292358398438
"CRS3035RES50000mN2900000E3500000",3.59920006158063,91.5416017174721,4.73280004225671,0.0844000023789704,0,0,0.0419999996665865,0,16.5547161102295,1093.23510742188,457.678863525391
"CRS3035RES50000mN1700000E4800000",7.66998125473037,69.7225669864565,15.1744307950139,6.00900223944336,1.35485988575965,0.0691602122969925,0,0,23.795934677124,889.723022460938,485.544860839844
"CRS3035RES50000mN2900000E3550000",5.9548000623181,85.1615997191402,8.58679991215468,0.184400002399343,0,0,0.103999997372739,0.0083999999333173,17.1510982513428,794.217407226562,480.377532958984
"CRS3035RES50000mN2900000E3600000",2.63880004858948,81.5599975874647,15.4704004526138,0.294000009307638,0,0,0.0368000008165836,0,16.9046287536621,804.425842285156,492.123596191406
"CRS3035RES50000mN2900000E3650000",10.2683997218264,65.1128008321393,22.6116003468633,0.714000000152737,0,0,0.622399989515543,0.670799985527992,17.3856563568115,732.823669433594,510.814697265625
"CRS3035RES50000mN2900000E3700000",13.4784002773813,65.9292028052732,18.580799922347,0.642799987690523,0,0,0.40799998678267,0.96079995855689,17.6499938964844,739.55224609375,525.616577148438
"CRS3035RES50000mN2900000E3750000",20.5531995015918,51.4971991302446,25.4843999631703,1.03119999403134,0,0,0.998400012031198,0.435600010678172,17.890193939209,724.822387695312,539.391540527344
"CRS3035RES50000mN2900000E3800000",6.13559999474091,62.2576002788264,30.1352007198147,0.663599988911301,0,0,0.773200014373288,0.0348000001395121,17.8286399841309,751.602844238281,550.084594726562
"CRS3035RES50000mN2900000E3850000",6.29440009943209,70.2551976733958,22.6128003094346,0.290400008088909,0,0,0.547200022265315,0,17.9235172271729,735.486022949219,562.578186035156
"CRS3035RES50000mN2900000E3900000",2.55440009714221,76.6984011504974,13.7379999272526,6.79360004942282,0,0,0.215600000228733,0,17.9766693115234,844.781860351562,574.130737304688
"CRS3035RES50000mN2900000E3950000",2.7524000237463,59.8167999385623,35.600800998509,1.43160002116929,0,0,0.398400009726174,0,17.4945449829102,1021.43414306641,582.093872070312
"CRS3035RES50000mN2900000E4000000",14.8135999508667,59.0251998975874,24.0883994381875,1.05319999565836,0,0,0.721600014367141,0.298000010661781,17.4653835296631,928.866455078125,596.179504394531
"CRS3035RES50000mN1700000E4850000",2.85849145875545,48.6399989575147,37.5675583258271,9.56824393942952,1.18053469341248,0,0.185171735938638,0,22.55832862854,939.400634765625,522.948852539062
"CRS3035RES50000mN2900000E4050000",12.4868003229494,48.9612004719674,36.5919999778271,1.21200001158286,0,0,0.499200006015599,0.248800008557737,17.6371898651123,923.780639648438,611.794311523438
"CRS3035RES50000mN2900000E4100000",15.2072000535554,46.0819993633777,37.9952009767294,0.655999983428045,0,0,0.0595999998040497,0,17.5531158447266,926.285217285156,625.08935546875
"CRS3035RES50000mN2900000E4150000",9.07960030308458,39.281599316746,51.3308003544807,0.308000005315989,0,0,0,0,18.0449600219727,784.320556640625,639.380859375
"CRS3035RES50000mN2900000E4200000",19.7415999064106,41.202800325118,36.3239988684655,0.468399986857548,0,0,0.794399989536032,1.46880000829697,18.6451835632324,901.465270996094,653.917663574219
"CRS3035RES50000mN2900000E4250000",5.92399994056905,53.7711987504736,39.6660000085831,0.48000000679167,0,0,0,0.1587999984622,17.6933307647705,887.646301269531,652.266540527344
"CRS3035RES50000mN2900000E4300000",3.4731999556243,74.321197916288,21.7592006549239,0.446399986685719,0,0,0,0,17.4939670562744,790.588684082031,657.340637207031
"CRS3035RES50000mN2900000E4350000",11.2648001042544,57.8691984570469,30.4727986454964,0.30960000003688,0,0,0.0836000021081418,0,17.699857711792,748.024963378906,670.361694335938
"CRS3035RES50000mN2900000E4400000",8.24399995908607,43.6187996761874,46.7259984463453,1.24119998654351,0,0,0.170000002253801,0,17.3209209442139,886.207275390625,677.254211425781
"CRS3035RES50000mN2900000E4450000",5.62640011412441,45.9811999928207,45.9791986737401,1.62919998401776,0,0,0.757200002408353,0.0268000003416091,17.3626270294189,811.999938964844,694.722045898438
"CRS3035RES50000mN2900000E4500000",3.35560000967234,54.1780004277825,41.6255984455347,0.633999984711408,0,0,0.206799997249618,0,16.7863101959229,854.221496582031,698.154418945312
"CRS3035RES50000mN2900000E4550000",2.77719990335754,64.1411996970418,31.6459987312555,0.853200022538659,0,0,0.582399987615645,0,16.6096973419189,757.477478027344,694.558959960938
"CRS3035RES50000mN2900000E4600000",3.9151998993475,64.5391991150973,28.9651995990426,0.865199996042065,0,0,1.566799916327,0.148400000762194,17.2136135101318,646.180358886719,696.938354492188
"CRS3035RES50000mN2900000E4650000",4.34999985372997,63.6803990812041,29.645599576179,0.840000006428454,0,0,1.48400004836731,0,16.8642292022705,707.835021972656,701.427490234375
"CRS3035RES50000mN2900000E4700000",3.97119997578557,65.712397848256,28.8764013675973,1.17679998802487,0,0,0.26320000179112,0,16.5457916259766,701.38623046875,708.035705566406
"CRS3035RES50000mN2900000E4750000",6.47480016923509,58.1192014506086,33.6787998676299,1.27400002529612,0,0,0.453200004994869,0,17.7856349945068,576.793640136719,734.631225585938
"CRS3035RES50000mN2900000E4800000",9.74559981113998,59.5200028736144,28.2568000257015,2.34079994843341,0,0,0.136800005566329,0,18.5262622833252,580.882690429688,741.345153808594
"CRS3035RES50000mN2900000E4850000",8.92239976674318,55.4807995911688,33.1468008458614,1.8959999200888,0,0,0.554000015836209,0,18.3920383453369,684.915405273438,741.54833984375
"CRS3035RES50000mN2900000E4900000",5.80639980980777,33.0075998906977,57.855598628521,2.7660000094329,0,0,0.318400003015995,0.24600001052022,16.9178466796875,857.970336914062,730.189636230469
"CRS3035RES50000mN2950000E3450000",3.58082330785692,82.0780625566839,3.96934594027698,2.07806097459979,0.737836398184299,6.21707352402154,1.33879878558219,0,16.8842811584473,912.174682617188,390.484100341797
"CRS3035RES50000mN2950000E3500000",4.05897230666597,89.0375133720227,2.4830491252942,0.0554252022993751,0.335014570737258,3.65744770970196,0.296216923743486,0.0763636140618473,17.0142288208008,899.435852050781,418.553436279297
"CRS3035RES50000mN2950000E3550000",16.0992158460431,73.0642333626747,2.51779829850421,0.356632424518466,0.347282504662871,6.65713875787333,0.657165376469493,0.300532951951027,17.2505550384521,842.376647949219,433.611236572266
"CRS3035RES50000mN2950000E3600000",10.2242873952491,73.1368940323591,11.1410954035819,0.954785107751376,0.0183182914042845,3.25127341784537,0.295326596824452,0.978018064051867,16.8806095123291,914.614440917969,457.71484375
"CRS3035RES50000mN2950000E3650000",11.2627999988035,65.2351987198926,21.2852002587169,0.868400023318827,0,0,0.326399994082749,1.0219999589026,16.9125156402588,912.846313476562,491.867767333984
"CRS3035RES50000mN2950000E3700000",4.01839989208383,81.3199998810887,14.295999892056,0.201999998535029,0,0,0.163600002997555,0,16.7739887237549,833.209533691406,504.952697753906
"CRS3035RES50000mN2950000E3750000",6.04279999934079,83.9776002008875,9.24000031664036,0.0783999974373728,0,0,0.661200005561113,0,17.3149089813232,720.325622558594,521.637268066406
"CRS3035RES50000mN2950000E3800000",9.11079996731132,70.7640004242421,18.7667993130163,0.429600011557341,0,0,0.928800029214472,0,17.6148071289062,738.940246582031,536.470458984375
"CRS3035RES50000mN2950000E3850000",5.52200014062691,81.3392017167644,11.2092003691942,1.37840000679716,0,0,0.551199982874095,0,17.4897956848145,840.856201171875,549.412658691406
"CRS3035RES50000mN2950000E3900000",4.72040015156381,60.3779991899501,33.419201336801,0.852400014991872,0,0,0.347199992393143,0.282800011336803,16.9594192504883,1064.32653808594,558.349975585938
"CRS3035RES50000mN2950000E3950000",4.95600011927308,43.3859995646344,50.1972004771233,1.27960001409519,0,0,0.181199998769443,0,16.3155136108398,1183.18615722656,567.461181640625
"CRS3035RES50000mN2950000E4000000",7.40559988771565,49.5087997318477,41.8527998030185,0.997199991252273,0,0,0.218800008588005,0.0167999998666346,16.253547668457,993.068481445312,581.912231445312
"CRS3035RES50000mN2950000E4050000",7.66559982803301,53.1232002133038,38.0220003426074,0.60720001347363,0,0,0.0676000025123357,0.514400005340576,16.9143238067627,870.699890136719,603.075256347656
"CRS3035RES50000mN2950000E4100000",5.10440009675222,41.7155998293311,50.6160005927085,2.11040005087853,0,0,0.0384000013582408,0.415199995040894,16.5574722290039,810.914428710938,605.93896484375
"CRS3035RES50000mN2950000E4150000",11.5144001814769,60.2828004397452,26.1696001514793,0.834000016766368,0.0172000000020489,0,0.015999999595806,1.16600003093481,18.0180149078369,653.20361328125,637.240417480469
"CRS3035RES50000mN2950000E4200000",20.0624005479767,45.3467992832884,32.3907997459173,0.535199992009439,0,0,0.648800017370376,1.01600000634789,18.6392440795898,796.99267578125,652.310363769531
"CRS3035RES50000mN2950000E4250000",8.52799996282556,33.9624001877383,56.3740000128745,0.256800001807278,0,0,0.203200001851655,0.67560002207756,17.599178314209,862.502624511719,647.220703125
"CRS3035RES50000mN2950000E4300000",9.38719998084706,65.1552017545328,23.7739993259311,1.19160002213903,0,0,0.145600002724677,0.34640000667423,17.8052024841309,705.4775390625,660.648803710938
"CRS3035RES50000mN2950000E4350000",6.7195999341493,52.3596001556143,40.1983998715877,0.116800001705997,0,0,0.458399998024106,0.147200003266335,17.6008129119873,762.799377441406,663.784301757812
"CRS3035RES50000mN2950000E4400000",4.49999999109423,52.4844009196386,41.3400005549193,1.61439999938011,0,0,0.0612000003457069,0,16.7932929992676,950.780334472656,668.46142578125
"CRS3035RES50000mN2950000E4450000",5.04120021432754,45.8795981481672,45.9284000098706,2.38960002025123,0,0,0.761199992120965,0,16.2068729400635,886.651733398438,679.593383789062
"CRS3035RES50000mN2950000E4500000",2.39480003656354,53.3959997119382,42.0120008289814,1.68959999864456,0,0,0.507599994307384,0,16.1204280853271,729.102783203125,683.173950195312
"CRS3035RES50000mN2950000E4550000",6.37120009632781,49.6724005788564,42.1275995671749,1.59040002035908,0,0,0.21960000085528,0.0188000005437061,17.0713977813721,580.8486328125,695.127685546875
"CRS3035RES50000mN2950000E4600000",9.05200009729014,51.5963990699674,37.6380003988743,0.774000003002584,0,0,0.779999978840351,0.159600004553795,17.4397373199463,597.395446777344,697.119323730469
"CRS3035RES50000mN2950000E4650000",5.77040010684869,64.3696013255976,27.7528001461178,1.38959998294013,0,0,0.69280001334846,0.0247999996645376,17.20774269104,663.495971679688,690.687622070312
"CRS3035RES50000mN2950000E4700000",5.11719996356987,66.0403991118073,27.4436008185149,1.04199995548697,0,0,0.356799992732704,0,16.9219970703125,705.389831542969,698.24072265625
"CRS3035RES50000mN2950000E4750000",5.32439988892293,63.1811986851972,30.680800951086,0.578799979120958,0,0,0.234799995087087,0,16.4647121429443,700.734130859375,706.302062988281
"CRS3035RES50000mN2950000E4800000",7.88519967900356,61.2724014557898,29.3888002634048,1.13520001177676,0,0,0.318400003015995,0,17.6047821044922,649.585815429688,738.803283691406
"CRS3035RES50000mN2950000E4850000",6.96479983744212,57.5707989744842,25.0552002340555,10.1560000490281,0,0,0.253200009319698,0,17.3603286743164,730.432678222656,725.418762207031
"CRS3035RES50000mN2950000E4900000",10.4287999565713,43.0060008147848,43.7876008450985,2.19680002701352,0,0,0.580800016177818,0,16.6241416931152,954.655883789062,712.342956542969
"CRS3035RES50000mN2950000E4950000",7.59839976017247,31.1464004218578,50.135599449277,10.6848002033075,0,0,0.434800004586577,0,15.4204502105713,1142.53796386719,715.026489257812
"CRS3035RES50000mN3000000E3450000",9.95592485414818,77.3322509601712,5.75365567347035,3.50056479219347,0.615781173110008,2.78931375360116,0.0525084731634706,0,16.2516555786133,866.945068359375,345.159820556641
"CRS3035RES50000mN3000000E3500000",5.10233350796625,76.1859213933348,6.10175966285169,0.669472059234977,0.851185899227858,10.1711936295033,0.918133126106114,0,16.3436756134033,896.736328125,346.759307861328
"CRS3035RES50000mN3000000E3600000",10.202257434139,74.4877337478101,11.2118907971308,0.671985163353384,0,3.22420485317707,0.201926566660404,0,16.5869770050049,889.407287597656,385.903747558594
"CRS3035RES50000mN3000000E3650000",9.14156710205134,79.3530627386644,8.72337942710146,0.159956509014592,0,2.21011806279421,0.41191415512003,0,16.8176002502441,921.50244140625,436.521148681641
"CRS3035RES50000mN3000000E3700000",5.99645068796235,75.5012474954128,12.3200046131387,0.526631757384166,0.0105944360257126,3.73233164136764,1.91273707896471,0,16.8108978271484,866.798461914062,479.021606445312
"CRS3035RES50000mN3000000E3750000",6.75359990127618,84.6315974224126,7.08000016747974,0.176400001510046,0,0,1.35840000584721,0,16.8990287780762,819.243591308594,505.505676269531
"CRS3035RES50000mN3000000E3800000",11.0420000382874,84.5383972533454,2.91600001219194,0.216400001954753,0,0,1.28720002248883,0,17.1829986572266,775.907531738281,521.675048828125
"CRS3035RES50000mN3000000E3850000",11.1156002385542,76.1184010625584,12.3503999784589,0.263599999016151,0,0,0.152000004891306,0,16.9483318328857,880.566833496094,531.376098632812
"CRS3035RES50000mN3000000E3900000",12.2955999773694,52.1640002465574,34.5684003084898,0.365999998757616,0,0,0.439600014942698,0.166399998124689,16.5761642456055,1013.04766845703,541.076232910156
"CRS3035RES50000mN3000000E3950000",9.72360035520978,48.7691999660456,40.5195999890566,0.720400013960898,0,0,0,0.267200008966029,16.3564929962158,1036.9892578125,552.260559082031
"CRS3035RES50000mN3000000E4000000",6.40879993443377,46.5632002800703,44.0320003777742,2.01040006068069,0,0,0.985599990235642,0,15.4878797531128,1087.5517578125,564.674865722656
"CRS3035RES50000mN3000000E4050000",3.75840013002744,49.4691994972527,44.9675984680652,1.67480000527576,0,0,0.130000001081498,0,15.3692665100098,999.303894042969,577.876159667969
"CRS3035RES50000mN3000000E4100000",8.70719990052748,43.289200309664,46.0568007081747,0.706000002537621,0,0,0.192800001241267,1.04799997061491,16.7373371124268,771.404174804688,597.818481445312
"CRS3035RES50000mN3000000E4150000",9.40880024099897,43.5572013899219,45.8368008956313,0.666800001636148,0,0,0,0.530399987474084,17.0745544433594,789.315002441406,617.853271484375
"CRS3035RES50000mN3000000E4200000",17.1256000016001,47.9239999549463,34.3432009220124,0.341999996453524,0,0,0.122400002146605,0.14280000468716,17.651460647583,772.801879882812,633.091857910156
"CRS3035RES50000mN3000000E4250000",6.26159996609203,44.6179988677613,47.9156006127596,1.08879998588236,0,0,0.115999998524785,0,16.9573574066162,966.986206054688,637.866088867188
"CRS3035RES50000mN3000000E4300000",4.79599996033358,49.986799567705,43.2227998971939,1.93480004381854,0,0,0.0596000012592412,0,16.4985694885254,862.239624023438,646.18017578125
"CRS3035RES50000mN3000000E4350000",5.12399985891534,53.2460007554618,41.2400007247925,0.161600002320483,0,0,0.228399990010075,0,16.7945194244385,838.692565917969,664.006591796875
"CRS3035RES50000mN3000000E4400000",5.78359999781242,44.1508014046121,47.9935989715159,1.61479990929365,0,0,0.436800019815564,0.0203999996301718,16.0804710388184,978.934387207031,666.014221191406
"CRS3035RES50000mN3000000E4450000",7.34359987982316,51.8944000825286,39.0924007631838,1.13240001373924,0,0,0.537199991231319,0,15.7416276931763,869.537658691406,663.532531738281
"CRS3035RES50000mN3000000E4500000",5.67439990336425,29.9815995036624,49.567199125886,13.480400069966,0,0,1.29639996375772,0,15.0542039871216,885.811279296875,672.607482910156
"CRS3035RES50000mN3000000E4550000",6.7943999027193,67.7935993502614,22.3464000970125,2.34159993124195,0,0,0.724000018817605,0,17.474702835083,579.281372070312,703.18408203125
"CRS3035RES50000mN3000000E4600000",16.7440003395313,67.3440015874803,13.2499996572733,1.78080000914633,0,0,0.189999996655388,0.691200001165271,18.2961025238037,551.073425292969,710.432556152344
"CRS3035RES50000mN3000000E4650000",8.89040028996533,72.3448005970567,17.4068000167608,0.759200006723403,0,0,0.36080000718357,0.237999996170402,18.4380626678467,621.593627929688,709.528015136719
"CRS3035RES50000mN3000000E4700000",9.62360000521585,70.3079995233565,18.6580002307892,0.730400008615107,0,0,0.680000014835969,0,18.1343421936035,635.786499023438,711.174621582031
"CRS3035RES50000mN3000000E4750000",5.90160007996019,56.865200039465,34.3819994479417,2.28440008577308,0,0,0.566800020169467,0,16.4917640686035,862.387084960938,708.760498046875
"CRS3035RES50000mN3000000E4800000",4.02159986551851,37.025200901553,53.7227999418974,5.19559992826544,0,0,0.0347999994119163,0,15.1647510528564,906.513488769531,697.64697265625
"CRS3035RES50000mN3000000E4850000",6.1423998515238,70.462402200792,18.0424002930522,4.98959996184567,0,0,0.363199994899333,0,17.2995586395264,690.3173828125,719.596252441406
"CRS3035RES50000mN3000000E4900000",20.5492001830862,52.0619998627808,23.0935998260975,1.9851999823004,0,0,2.09199991659261,0.218000006861985,18.2176818847656,746.81884765625,726.492980957031
"CRS3035RES50000mN3050000E3200000",5.54347818251699,60.0543484091759,0,34.4021731987596,0,0,0,0,16.1216773986816,969.429321289062,289.185821533203
"CRS3035RES50000mN3050000E3700000",8.26756987225962,69.514433934819,11.0512192477472,2.52254495862872,0.416889134794474,5.58997132175136,2.63737230561673,0,16.7156276702881,925.903564453125,447.721435546875
"CRS3035RES50000mN3050000E3750000",9.67639975133352,83.2676014862955,6.81879981275415,0.13640000106534,0,0,0.100799999199808,0,16.5990028381348,905.611145019531,490.447845458984
"CRS3035RES50000mN3050000E3800000",30.8824005885981,64.4203998148441,3.52599988109432,0.792399991769344,0,0,0.378799997270107,0,17.2329711914062,795.175598144531,511.845184326172
"CRS3035RES50000mN3050000E3850000",21.7763995096903,68.0288010393269,8.77039963379502,0.763999996706844,0,0,0.585199985653162,0.0752000021748245,17.2897434234619,830.408508300781,525.444396972656
"CRS3035RES50000mN3050000E3900000",33.6107992130564,56.5316017717123,8.2871999591589,1.4915999956429,0,0,0.0411999993957579,0.0376000010874122,17.0991764068604,873.830932617188,535.686462402344
"CRS3035RES50000mN3050000E3950000",21.948000350676,71.5311985462904,6.01919987238943,0.161600002320483,0,0,0.0395999988541007,0.300400005653501,17.1264934539795,865.641540527344,546.818298339844
"CRS3035RES50000mN3050000E4000000",29.2984003957826,48.8316003698855,18.0383995175362,1.63279996122583,0,0,1.48959997168276,0.709199998527765,16.7849445343018,983.648132324219,556.865051269531
"CRS3035RES50000mN3050000E4050000",18.0835997278337,52.5167999381665,26.709599327296,1.75359998829663,0,0,0.936399993952364,0,16.7964420318604,844.136169433594,568.1552734375
"CRS3035RES50000mN3050000E4100000",23.5192004387499,41.9651995878666,32.3403999209404,0.895999977365136,0,0,0.267999991774559,1.01119996979833,17.3501720428467,909.212463378906,587.0693359375
"CRS3035RES50000mN3050000E4150000",12.2792000678601,34.5720012322999,50.1460004597902,2.74399999689195,0,0,0.258799991570413,0,16.0192317962646,1111.18151855469,601.5751953125
"CRS3035RES50000mN3050000E4200000",9.14480007777457,44.0724001702619,45.3404018655419,1.31639996543526,0,0,0.125999998999759,0,16.6695098876953,871.277465820312,621.278686523438
"CRS3035RES50000mN3050000E4250000",4.71640003088396,51.0640003587468,42.493599653244,1.71119998194626,0,0,0.0148000006447546,0,16.5562610626221,803.816345214844,619.169067382812
"CRS3035RES50000mN3050000E4300000",6.88559987174813,52.9195990544395,39.5311990752815,0.573199996142648,0,0,0.0904000014998019,0,16.4096431732178,790.936828613281,633.814758300781
"CRS3035RES50000mN3050000E4350000",10.4863999891677,43.1707987911068,43.8176013529301,2.34040002396796,0,0,0.184799998532981,0,15.8706035614014,843.277099609375,642.774658203125
"CRS3035RES50000mN3050000E4400000",6.87519986822735,52.1752012427895,39.8515995591879,0.566400005482136,0,0,0.5044000223279,0.0272000004770234,16.7228908538818,694.674377441406,649.999328613281
"CRS3035RES50000mN3050000E4450000",11.7572000715882,66.7735995957629,20.6163998693228,0.567199988290667,0,0,0.285600009374321,0,16.9540462493896,711.162963867188,649.4365234375
"CRS3035RES50000mN3050000E4500000",15.7004002539907,58.2052018493414,25.4140002653003,0.577599985990674,0,0,0.102799999876879,0,16.2482662200928,881.471130371094,659.273254394531
"CRS3035RES50000mN3050000E4550000",8.77879994222895,49.1139997466235,34.808000177145,6.39759968617,0,0,0.901599996723235,0,15.8469047546387,876.198303222656,669.651611328125
"CRS3035RES50000mN3050000E4600000",6.61440001204028,46.4976000483148,45.0047984719277,0.935599964577705,0,0,0.372400012565777,0.575200002640486,17.0642051696777,712.354064941406,697.706848144531
"CRS3035RES50000mN3050000E4650000",7.85040005866904,45.5600007902831,41.6208002716303,4.489199857926,0,0,0.479600002290682,0,16.6115474700928,929.554626464844,699.569641113281
"CRS3035RES50000mN3050000E4700000",7.17199998834986,43.7420005677268,43.940401636064,4.81480015441776,0.0747999991290271,0,0.255999998626066,0,15.4160079956055,1007.20745849609,704.57666015625
"CRS3035RES50000mN3050000E4750000",7.77159990393557,55.6163994595409,32.6955996453761,3.81199998519151,0.0660000019706786,0,0.0384000013582408,0,16.2090473175049,744.100646972656,695.8974609375
"CRS3035RES50000mN3050000E4800000",6.36920003453269,75.4028000068501,15.6959993764758,0.756400020327419,0,0,1.77560000447556,0,17.6905899047852,704.28369140625,703.796325683594
"CRS3035RES50000mN3050000E4850000",9.25000006245682,63.7535980902612,24.3931997567416,1.14679999533109,0,0,1.12759997937246,0.328799989074469,18.3262100219727,657.103088378906,716.923522949219
"CRS3035RES50000mN3100000E3150000",7.53709217533469,53.1157270073891,0,39.347180724144,0,0,0,0,15.952564239502,938.230590820312,281.865783691406
"CRS3035RES50000mN3100000E3200000",6.75636614323594,78.0517460254486,3.80640348885209,9.83883050503209,0,1.25033127842471,0.296321284258738,0,15.8454828262329,1042.36975097656,309.338653564453
"CRS3035RES50000mN3100000E3250000",9.12391443853266,75.68743454176,9.11778677254915,4.18741091634729,0,1.50048258074094,0.382971554063261,0,15.7972974777222,1142.94128417969,342.382263183594
"CRS3035RES50000mN3100000E3300000",8.439526805887,61.4531593688297,7.46943783015013,16.1335907876491,0,2.18763687298633,4.19261066126637,0.124038092326373,15.4482975006104,1347.47790527344,350.431610107422
"CRS3035RES50000mN3100000E3350000",13.1966465560254,68.1710314936936,10.6240712106228,4.62952683446929,0.237297918647528,2.85201034275815,0.289414747385308,0,15.8485260009766,1012.79614257812,351.212982177734
"CRS3035RES50000mN3100000E3400000",10.8444662066177,82.0092012640089,3.31549147376791,1.27178627881221,0.959922140464187,1.44651865120978,0.152614351827651,0,16.0852737426758,910.373107910156,359.532318115234
"CRS3035RES50000mN3100000E3450000",19.2426812543999,58.081298833713,10.9417386353016,10.2524391259067,0.082999310689047,1.06785699608736,0.330985058099032,0,16.2346477508545,859.360534667969,373.783233642578
"CRS3035RES50000mN3100000E3500000",22.0161338220351,49.0414010593668,15.8836646005511,8.51772646419704,0.272574590053409,3.7958534900099,0.414827320491895,0.0578188512008637,16.4842147827148,806.551696777344,391.803680419922
"CRS3035RES50000mN3100000E3550000",16.1491159902652,68.0382072343491,11.9068793952465,0.435051636304706,0.126648356672376,3.2648206455633,0.0792760751210153,0,16.2856597900391,829.989318847656,385.109680175781
"CRS3035RES50000mN3100000E3600000",13.1836218060926,78.474669996649,7.29367597959936,0.547850766452029,0.114410603418946,0.170149098994443,0.215619982918724,0,16.198938369751,839.504760742188,393.611572265625
"CRS3035RES50000mN3100000E3650000",9.47367330081761,76.0580913018202,9.24156233668328,0.372213625814766,2.51871516229584,1.34770611766726,0.988038978539407,0,16.4805889129639,834.586975097656,409.766571044922
"CRS3035RES50000mN3100000E3700000",15.8332291059196,70.4843311104923,6.2807286856696,2.0113349892199,0.377237045904622,4.75747771561146,0.255663029383868,0,16.5137424468994,855.487182617188,416.285034179688
"CRS3035RES50000mN3100000E3750000",11.657808124437,79.0753286331892,4.00629025534726,1.16118884179741,0.163547729607671,2.6601666235365,1.23541434295476,0.0402579025831074,16.9266929626465,794.262573242188,467.984466552734
"CRS3035RES50000mN3100000E3800000",17.5170078437077,79.4345573027386,1.4552240492776,0.612841179827228,0.251882546581328,0.521287371520884,0.172594306059182,0.034606471308507,17.0270099639893,827.810302734375,490.46435546875
"CRS3035RES50000mN3100000E3850000",24.1560000868048,72.1119984227699,2.54159993492067,0.33799999364419,0.0119999996968545,0.0883999979123473,0.356799998553469,0.395199982449412,17.2642192840576,839.00830078125,518.936462402344
"CRS3035RES50000mN3100000E3900000",38.296399632236,51.5975995105692,5.57400006800889,1.61839997163042,0,1.31399996753317,1.37520002899692,0.224400009028614,17.4534034729004,845.232116699219,533.469543457031
"CRS3035RES50000mN3100000E3950000",27.9516001726734,49.9808001797646,17.8803995251656,2.60119994127308,0.0644000014290214,0,1.1631999630481,0.358400004915893,17.5492305755615,842.001342773438,547.219360351562
"CRS3035RES50000mN3100000E4000000",19.6227996522794,58.4968016017228,16.4815995842218,2.60799996904097,0.0855999998748302,0,2.00360000599175,0.701599987223744,17.703685760498,825.434448242188,560.18017578125
"CRS3035RES50000mN3100000E4050000",29.3887996449484,57.1935975574889,10.5316000059247,1.34959998395061,0,0,0.733199995011091,0.803199969232082,17.7746143341064,824.57080078125,569.699951171875
"CRS3035RES50000mN3100000E4100000",29.8119995728484,39.523600944085,27.5887995958328,1.55319999903441,0,0,1.05680003762245,0.46560000628233,16.9119548797607,1145.49987792969,578.359680175781
"CRS3035RES50000mN3100000E4150000",11.061200129916,27.9168006032705,51.5976002439857,8.6908001685515,0,0,0.733599998056889,0,15.6382570266724,1252.27734375,587.811096191406
"CRS3035RES50000mN3100000E4200000",5.21839984139661,41.0820000426611,48.7232010811567,4.73400006303564,0,0,0.242400000570342,0,15.2034397125244,1030.9521484375,592.671508789062
"CRS3035RES50000mN3100000E4250000",10.9707998642989,49.3480009026825,38.018399104476,1.08880002517253,0,0,0.544799990893807,0.0292000011540949,16.5158004760742,755.645690917969,612.979309082031
"CRS3035RES50000mN3100000E4300000",4.82639997426304,54.7931988083291,39.5387990400195,0.731199979782104,0,0,0.110400002449751,0,16.2701549530029,799.704528808594,618.810607910156
"CRS3035RES50000mN3100000E4350000",6.57680010190233,74.8291998279456,16.7208002647385,1.16960002924316,0,0,0.703599996631965,0,16.8327026367188,629.10791015625,641.266174316406
"CRS3035RES50000mN3100000E4400000",5.91519988956862,80.799998040311,12.0743999257684,0.801999984832946,0,0,0.408400003652787,0,17.4485931396484,594.324462890625,647.455810546875
"CRS3035RES50000mN3100000E4450000",20.0292002249625,65.0447990788962,8.59600023832172,2.86999992094934,0.0207999997655861,0,3.42599994037301,0.0132000001030974,17.9750270843506,606.707946777344,654.859558105469
"CRS3035RES50000mN3100000E4500000",7.80080008553342,77.7880010253284,13.799599930644,0.179999996908009,0,0,0.335999997332692,0.0956000003498048,17.7663383483887,678.137084960938,655.705444335938
"CRS3035RES50000mN3100000E4550000",15.1971996645443,59.3983995320741,22.6215999573469,1.74079997377703,0,0,0.605199980782345,0.436800019815564,17.8046207427979,710.108703613281,665.316711425781
"CRS3035RES50000mN3100000E4600000",8.55520009135943,59.4927999889478,29.8824002966285,0.169600003573578,0,0,1.84960002661683,0.0503999995999038,17.2993049621582,760.945617675781,670.6376953125
"CRS3035RES50000mN3100000E4650000",9.07919994933763,56.5199989214307,31.8000007420778,1.33160001860234,0,0,1.26919999602251,0,17.221830368042,786.176818847656,681.839172363281
"CRS3035RES50000mN1750000E2600000",2.18844098271802,36.3369320519268,3.27531772200018,55.9374319389463,2.26187850348651,0,0,0,19.529764175415,580.876953125,213.915130615234
"CRS3035RES50000mN1750000E2650000",4.38920178421541,28.5604768316262,18.3229244314134,46.730075054802,0.269853105419315,0.837669041357004,0.825402978807688,0.0643967650830746,21.6973285675049,747.203735351562,376.173065185547
"CRS3035RES50000mN1750000E2700000",1.67604703747202,41.9095883509727,18.6179818585515,37.6473650569096,0.00360526355507318,0,0.145412306301296,0,22.9969425201416,713.23486328125,492.200897216797
"CRS3035RES50000mN1750000E2750000",0.793199997860938,44.3600004393375,5.86960006039589,45.5411993432789,0,0.183199996536132,2.70680007524789,0.546000013127923,24.6585693359375,583.349365234375,530.236267089844
"CRS3035RES50000mN3150000E3250000",3.92538425512612,77.0354202832096,3.47328707575798,12.7059005084447,0.0825569033622742,1.93222475936636,0.845225434750318,0,15.7020254135132,1163.50427246094,327.053009033203
"CRS3035RES50000mN3150000E3300000",1.93341954436618,82.621262036264,6.53133001178502,4.60681058466434,0.0406857245252468,0.406009610742331,3.86048192158341,0,15.0711193084717,1274.81823730469,372.719177246094
"CRS3035RES50000mN3150000E3350000",3.79079996127985,85.7639991329051,7.60079994797706,2.63040001736954,0,0.071999998181127,0.141999998595566,0,15.2193794250488,1220.908203125,396.403747558594
"CRS3035RES50000mN3150000E3400000",5.92640007671434,88.2732011028565,4.43399995565414,0.673599995207042,0,0.0592000025790185,0.621600024169311,0.0119999996968545,15.9393453598022,959.16748046875,416.044738769531
"CRS3035RES50000mN3150000E3450000",4.78480002493597,79.5764008187689,7.26999985054135,8.22920020436868,0,0,0.139600003603846,0,15.8421564102173,940.957824707031,427.074096679688
"CRS3035RES50000mN3150000E3500000",10.5116649931006,74.2317012191051,10.3378391824663,4.82347034921986,0,0.0696906005032361,0.0256333238212392,0,16.115291595459,868.675598144531,441.131958007812
"CRS3035RES50000mN3150000E3550000",20.4944005323341,54.7340011049528,20.6827998161316,3.74640005175024,0,0,0.342399990040576,0,16.3448505401611,788.401611328125,452.268127441406
"CRS3035RES50000mN3150000E3600000",33.8607996352949,48.9547991193831,12.4080000910908,3.83279989473522,0,0.408799989963882,0.525599997490645,0.00920000020414591,16.360034942627,746.982482910156,457.371215820312
"CRS3035RES50000mN3150000E3650000",14.9299200857058,60.3338785469532,7.85088739357889,0.354839852661826,0,12.8635002300143,3.66697441786528,0,16.5877075195312,683.567626953125,452.750213623047
"CRS3035RES50000mN3150000E3700000",16.4773799479007,75.3058891743421,4.75465904455632,0.287067831959575,0,2.47380317305215,0.701198494061828,0,16.6385402679443,688.3486328125,421.015289306641
"CRS3035RES50000mN1750000E2800000",1.48520002112491,43.0143990553915,12.661200016737,42.0672008069232,0.0568000017665327,0.241600000299513,0.380400009453297,0.0931999995373189,25.502067565918,707.101745605469,565.320495605469
"CRS3035RES50000mN3150000E3800000",29.2995900381356,55.5248635413591,1.70201384462416,1.89805740956217,1.68419182300568,6.54072389006615,2.2812332957983,1.06932809576392,16.7722568511963,838.980773925781,438.618438720703
"CRS3035RES50000mN3150000E3850000",11.426964646671,62.7003286732361,1.522707415279,3.42646166391205,0.745075987651944,16.0269026644528,3.89259653165936,0.258963857777417,17.0589008331299,848.16455078125,491.406097412109
"CRS3035RES50000mN3150000E3900000",11.3985550997313,59.7640734165906,5.28828529641032,2.51909462967888,0.0628402980510145,9.93551462888718,7.55981430411339,3.47182080149651,17.2455635070801,869.367248535156,525.554809570312
"CRS3035RES50000mN3150000E3950000",17.1840005175909,63.666802374064,12.5064004212618,2.25039993820247,0.196800008416176,0,2.22640000283718,1.96920000016689,17.3101100921631,865.400573730469,539.25634765625
"CRS3035RES50000mN3150000E4000000",17.5252000815817,64.2899993807077,14.2764002084732,1.78719992400147,0.0123999998322688,0,1.32560001802631,0.78320000320673,17.4668006896973,828.80029296875,552.324951171875
"CRS3035RES50000mN3150000E4050000",16.7483997240197,67.3367988900281,11.6256000474095,0.74239999812562,0,0,1.91440002963645,1.63240004330873,17.6057415008545,834.782592773438,564.067260742188
"CRS3035RES50000mN3150000E4100000",34.5991999842226,44.7759988179314,18.2543993927538,1.86120003927499,0,0,0.468400021782144,0.0407999992603436,17.5202484130859,905.833984375,577.140197753906
"CRS3035RES50000mN3150000E4150000",14.9948001315352,72.7072017005412,11.149200424552,0.716400018427521,0,0,0.432399986311793,0,17.3578777313232,906.215087890625,585.418212890625
"CRS3035RES50000mN3150000E4200000",10.7140001200605,61.2448015250266,24.9536002054811,2.63160000904463,0,0,0.456000003032386,0,16.6912460327148,939.57421875,591.461364746094
"CRS3035RES50000mN3150000E4250000",5.75000003154855,53.8028004710213,39.4435985013842,0.868799968156964,0,0,0.120000001334119,0.0148000006447546,16.5020961761475,921.375183105469,600.920288085938
"CRS3035RES50000mN1750000E2850000",2.43999998710933,33.5515999642667,22.0776003785431,40.8760004676879,0,0,1.00959995761514,0.0452000007499009,25.7115840911865,772.449890136719,602.904174804688
"CRS3035RES50000mN3150000E4300000",7.88520011119545,54.3971988663543,36.7600008845329,0.662400017608889,0,0,0.295199989341199,0,16.4005298614502,922.577880859375,620.173278808594
"CRS3035RES50000mN3150000E4350000",6.97039995284285,36.9795983890071,53.4767987206578,1.88000005437061,0,0,0.693200016394258,0,15.6603107452393,876.475158691406,626.859436035156
"CRS3035RES50000mN3150000E4400000",8.76720007508993,74.4968022154353,14.6692000795156,1.36479997745482,0,0,0.684000022010878,0.0180000002728775,17.3629112243652,563.837768554688,641.432739257812
"CRS3035RES50000mN3150000E4450000",11.9388003950007,63.699199812254,18.698800355196,2.56959993857891,0,0,2.61799994332251,0.475599989295006,18.18137550354,580.420532226562,657.761962890625
"CRS3035RES50000mN3150000E4500000",5.38359990168828,63.4252000483684,28.8615994155407,1.12080000690184,0,0,0.687199982348829,0.5216000135988,18.3089427947998,597.745727539062,667.992980957031
"CRS3035RES50000mN3150000E4550000",6.77959997847211,44.061201401928,43.0128015577793,3.3031999366358,0.716400006785989,0,2.12679996620863,0,18.2885208129883,618.888427734375,672.587890625
"CRS3035RES50000mN3150000E4600000",14.8439999608854,29.9084000405856,43.9884012565017,5.76720018871129,0.221600010991096,0,5.27039982844144,0,18.3272399902344,650.564086914062,681.13037109375
"CRS3035RES50000mN3150000E4650000",4.08559989591595,29.9656004819553,59.9823988974094,4.93480006553,0.14519999967888,0,0.874799973098561,0.011600000289036,18.1907825469971,680.824035644531,692.429016113281
"CRS3035RES50000mN1750000E2900000",1.30240002472419,54.9603999024839,20.7923995796591,21.0983995581046,0.0243999995291233,0,1.34359998919535,0.478400010615587,26.3686981201172,720.405639648438,630.78857421875
"CRS3035RES50000mN1750000E2950000",1.08000002146582,54.8555983987172,22.2775995265692,19.7019998449832,0,0,1.61479990929365,0.469999993219972,26.8709030151367,670.412841796875,655.761291503906
"CRS3035RES50000mN1750000E3000000",4.31440005777404,64.3888001795858,14.7160002030432,14.7408000040741,0.0511999998707324,0,1.22520001605153,0.56360000744462,26.8018321990967,652.662109375,669.316101074219
"CRS3035RES50000mN1750000E3050000",0.967600013245828,72.2615987193422,11.1175998579711,14.1955996514298,0,0,0.915199983865023,0.542399985715747,27.0065002441406,576.947937011719,688.774597167969
"CRS3035RES50000mN3200000E3300000",10.0431733066216,70.8809216041118,6.019780295901,4.86542743165046,0.217397953383625,7.97329999040812,0,0,15.7545442581177,1101.54968261719,335.741607666016
"CRS3035RES50000mN3200000E3350000",8.74602383701131,64.3461486324668,7.65277107711881,17.2206004150211,0,1.88520848751068,0.149249553214759,0,15.6188011169434,1306.298828125,378.224670410156
"CRS3035RES50000mN3200000E3400000",21.6394613031298,63.0500349216163,6.89393160864711,2.99423429823946,0,4.48381076566875,0.924604688771069,0.0139212745125405,16.0619926452637,1066.19921875,416.904571533203
"CRS3035RES50000mN3200000E3450000",13.3936002424889,79.539199284045,4.3788000009954,0.832400016952305,0,1.6280000214465,0.227999989874661,0,15.9012937545776,893.415283203125,433.773040771484
"CRS3035RES50000mN3200000E3500000",11.1835996809532,82.0887984576985,5.06319997366518,0.681600003736093,0,0,0.982800032943487,0,15.9433641433716,777.004638671875,446.482971191406
"CRS3035RES50000mN3200000E3550000",22.2603991569486,66.9187983614393,9.17000025510787,0.498000015795697,0,0,1.15279998863115,0,16.2059211730957,685.816162109375,455.332611083984
"CRS3035RES50000mN1750000E3100000",2.7247999823885,75.1347996963888,2.36239996738732,17.103600181872,0,0,2.25479993969202,0.419599981978536,26.8711414337158,529.234497070312,702.901733398438
"CRS3035RES50000mN3200000E3600000",43.7692006235011,47.8787988424302,4.68119992874563,2.62079995445674,0,0.274400008493103,0.45920001794002,0.316400011070073,16.4199562072754,649.86767578125,461.217193603516
"CRS3035RES50000mN3200000E3650000",12.9896941420157,76.0695831791964,2.43376064317999,0.541152438381687,0,6.81387865915894,1.15193394012749,0,16.4862060546875,590.985595703125,453.460174560547
"CRS3035RES50000mN3200000E3700000",11.6164677776396,70.6121135503054,2.60179564356804,0.140942342113703,0.0408732797950506,14.3789373338223,0.608870922587812,0,16.5658893585205,606.319458007812,429.126434326172
"CRS3035RES50000mN3200000E3850000",19.2269572988153,15.4608517885208,11.1496530473232,5.69871142506599,7.68087208271027,0,40.7829530537128,0,16.6541233062744,849.616577148438,443.475616455078
"CRS3035RES50000mN3200000E3900000",38.0379830952734,38.6480213404866,2.79799708514475,6.21336075710133,0.925134308636189,0.620420149061829,4.86382506787777,7.89325833320618,16.8047180175781,914.778503417969,493.003662109375
"CRS3035RES50000mN3200000E3950000",20.0783999782288,66.1016017664224,4.82879998162388,1.63080000784248,0.0444000004790723,0,4.94320001453161,2.37280000001192,16.9467639923096,895.344604492188,525.998474121094
"CRS3035RES50000mN3200000E4000000",15.8956001629122,49.8691997490823,23.9607997238636,6.50080000050366,0.364000000990927,0,1.65679999627173,1.7527999356389,17.0349769592285,904.969665527344,543.646667480469
"CRS3035RES50000mN3200000E4050000",8.72800005163299,81.2300004065036,8.25639991089702,0.524399988353253,0,0,0.721199990948662,0.540000014007092,17.2227439880371,872.857788085938,557.453125
"CRS3035RES50000mN3200000E4100000",11.8567997305945,77.279199543409,9.86040011048317,0.436400005128235,0,0,0.567200011573732,0,17.2077217102051,868.762145996094,570.003723144531
"CRS3035RES50000mN3200000E4150000",13.7691997631919,73.0723994551226,12.500400096178,0.475600000936537,0,0,0.182399994810111,0,17.3172435760498,846.243469238281,583.126831054688
"CRS3035RES50000mN1750000E3150000",0.711199999204836,65.3351970737276,14.0692001208663,18.7824000604451,0,0,0.999199981743004,0.102800002787262,24.9202480316162,786.510803222656,692.628112792969
"CRS3035RES50000mN3200000E4200000",20.8060006320011,64.2988027306273,13.8231999240816,0.687200007814681,0,0,0.329999986570328,0.0547999981790781,17.0948257446289,880.302124023438,589.897399902344
"CRS3035RES50000mN3200000E4250000",9.84240013513044,60.2152011939325,28.9383999072015,0.553600018611177,0,0,0.42200000025332,0.0284000008832663,16.8068542480469,905.346801757812,596.531188964844
"CRS3035RES50000mN3200000E4300000",12.8236001342884,65.2392009069445,20.6335993483663,0.569600000744685,0,0,0.714799994602799,0.0192000006791204,17.0517826080322,768.740966796875,612.898254394531
"CRS3035RES50000mN3200000E4350000",10.2168000186794,72.9460010654293,15.6407994218171,0.865599981625564,0,0,0.330800004303455,0,17.1848239898682,689.692199707031,631.254821777344
"CRS3035RES50000mN3200000E4400000",11.1435998696834,74.337597435806,12.1048003900796,1.1732000100892,0,0,0.663599991821684,0.577200017869473,17.7092590332031,565.642883300781,640.601440429688
"CRS3035RES50000mN3200000E4450000",3.11559990859678,52.8363993988023,41.1916013807059,2.62559998373036,0,0,0.0756000023102388,0.155199994333088,17.9229717254639,601.492858886719,654.7646484375
"CRS3035RES50000mN3200000E4500000",5.30120011462713,50.4011991375591,40.6012000516057,3.14640003780369,0,0,0.549999997019768,0,18.1723937988281,585.996948242188,668.680969238281
"CRS3035RES50000mN3200000E4550000",6.60040006587223,39.7111994971056,49.1991987451911,0.856399985786992,0,0,3.62120005302132,0.011600000289036,18.4012413024902,598.147277832031,677.119323730469
"CRS3035RES50000mN3200000E4600000",5.97159999015275,41.4339990937152,48.2191989198327,2.16240005102008,0.011600000289036,0,1.89679996401537,0.304399989545345,18.3822898864746,608.596618652344,685.144165039062
"CRS3035RES50000mN1750000E3200000",0.212800002918812,16.6760001447983,46.7139983549714,34.9028006196022,0.989199992909562,0,0.475999992340803,0.0292000011540949,21.4324474334717,686.447143554688,659.359619140625
"CRS3035RES50000mN1750000E3250000",0.800800006254576,29.8299998219591,28.7496002390981,39.8284004419111,0.0151999993249774,0,0.775999994948506,0,23.4146518707275,426.141052246094,629.098571777344
"CRS3035RES50000mN1750000E3300000",1.32720000401605,55.5223995121196,11.5016000316245,31.3524005483487,0.0112000001536217,0,0.285200006328523,0,24.9585475921631,311.340576171875,626.698425292969
"CRS3035RES50000mN1750000E3350000",7.97299276673584,48.8545579835772,14.6250032819808,28.2720553921536,0.0169098464539275,0.0901858467841521,0.16829323139973,0,24.1306076049805,341.818206787109,586.466064453125
"CRS3035RES50000mN3250000E3250000",9.45486733107828,73.6599022522569,2.69694640301168,6.6478414752055,0,6.9445775821805,0,0.595864839851856,15.4282341003418,1089.39074707031,307.78662109375
"CRS3035RES50000mN3250000E3300000",3.71155416360125,78.506669565104,6.37853050138801,2.75408505694941,0.757845235057175,7.59587399661541,0,0.295443483628333,15.4269218444824,1284.74182128906,351.799926757812
"CRS3035RES50000mN3250000E3350000",10.6588946262491,46.0841312655248,13.3934726938605,27.4933103646617,0.0355085125193,1.21447565034032,1.12020901869983,0,14.6696243286133,1681.94128417969,400.071624755859
"CRS3035RES50000mN3250000E3400000",6.77919991430827,62.4944011389744,9.77079998701811,18.5348001308739,0,0.0144000005093403,2.40639997646213,0,14.787428855896,1259.85180664062,424.609039306641
"CRS3035RES50000mN1750000E3400000",10.1615340419812,29.5241298852488,19.0748845459893,40.2131356735481,0.928265228867531,0,0.0980511424131691,0,23.8595542907715,515.480529785156,510.946258544922
"CRS3035RES50000mN3250000E3450000",9.08319979644149,77.554799921927,11.0851999372244,0.76840000692755,0,1.39359994791448,0.0903999956790358,0.0243999995291233,15.9483766555786,818.963134765625,440.301086425781
"CRS3035RES50000mN3250000E3500000",6.99520017660688,89.9012029869482,2.97960006864742,0.0903999956790358,0,0,0.0335999997332692,0,15.8279190063477,748.4755859375,448.301330566406
"CRS3035RES50000mN3250000E3550000",14.4520002380887,81.6188007593155,2.86040005739779,0.540399976307526,0,0,0.528400018811226,0,16.0172023773193,672.768859863281,456.894653320312
"CRS3035RES50000mN3250000E3600000",13.4084001845622,82.6316027902066,2.01200000010431,0.526800012448803,0,0,1.42119997180998,0,16.3868408203125,630.980163574219,464.450866699219
"CRS3035RES50000mN3250000E3650000",7.21760004380485,86.7923985264497,5.15439994633198,0.657199998386204,0,0,0.178399996366352,0,16.2680606842041,629.686645507812,463.602661132812
"CRS3035RES50000mN3250000E3700000",6.36827294074465,87.7779537346214,3.62481544725597,0.642512130434625,0.128011649940163,0.921847461722791,0.53658556425944,0,16.2085456848145,631.875183105469,451.327209472656
"CRS3035RES50000mN3250000E3750000",15.7325428910553,71.7145715840161,5.33432196825743,1.66615777416155,0.200636801309884,1.75775289535522,3.59401574824005,0,16.2170867919922,665.559692382812,413.429168701172
"CRS3035RES50000mN3250000E3900000",17.7231561858207,38.7882717732282,4.7542043030262,33.5381627082825,4.77576553821564,0,0.420439848676324,0,16.5240535736084,938.991027832031,450.966949462891
"CRS3035RES50000mN3250000E3950000",26.8182298575993,40.9315001335926,4.27808845415712,4.21471251174808,0.294761918485165,0,22.4163675680757,1.04634100571275,16.6101551055908,919.228576660156,500.774566650391
"CRS3035RES50000mN3250000E4000000",7.92480001691729,46.6172008309513,13.3880000561476,3.45640000887215,0.111599999945611,0,28.2503986731171,0.251600006595254,16.7849884033203,888.454711914062,525.380432128906
"CRS3035RES50000mN1750000E3450000",27.3313210229389,36.1041490919888,6.45557343959808,29.4695373624563,0.639418885111809,0,0,0,24.4745674133301,586.05615234375,448.749114990234
"CRS3035RES50000mN3250000E4050000",9.29199979000259,76.8279977142811,8.77640019170941,1.6108000301756,0,0,3.03120003081858,0.461600022390485,16.8628997802734,882.678283691406,548.608215332031
"CRS3035RES50000mN3250000E4100000",7.79239998373668,73.93919788301,13.8295997865498,0.881200027652084,0,0,3.55759994272375,0,16.9413814544678,846.158569335938,561.12451171875
"CRS3035RES50000mN3250000E4150000",5.11719985079253,81.168802700995,12.6304000616074,0.314000002981629,0,0,0.769600016064942,0,17.1018199920654,848.118041992188,574.774841308594
"CRS3035RES50000mN3250000E4200000",4.92719990215847,81.5036033935029,8.87759998440743,0.0996000031591393,0,0,4.59199994802475,0,17.2591590881348,760.487426757812,585.484985351562
"CRS3035RES50000mN3250000E4250000",8.36319991140044,67.9032010310038,20.1211997307837,0.283999997191131,0,0,3.13959997147321,0.18880000570789,17.3676147460938,756.160217285156,598.257690429688
"CRS3035RES50000mN3250000E4300000",11.7051996989176,49.6348005952314,35.3955985978246,2.35239998874022,0,0,0.912000006064772,0,17.4492835998535,755.081481933594,613.165771484375
"CRS3035RES50000mN3250000E4350000",6.37400023988449,63.2168000913225,29.0923993103206,0.651999999536202,0,0,0.646000023698434,0.0188000005437061,17.4826507568359,684.988891601562,626.001647949219
"CRS3035RES50000mN3250000E4400000",3.53640009998344,63.8644019141792,28.243600204587,4.27719994913787,0,0,0.0636000011581928,0.0148000006447546,17.715747833252,586.099975585938,638.520690917969
"CRS3035RES50000mN3250000E4450000",5.74799991954933,57.9652013344457,30.8120012283325,2.2127999807708,0,0,2.37120003439486,0.890799984335899,17.9788551330566,582.15185546875,653.098266601562
"CRS3035RES50000mN3250000E4500000",22.9608001347515,46.8032015021891,24.0051999688148,2.01599998399615,0,0,2.92879994958639,1.28600001335144,18.0321521759033,587.058654785156,663.927429199219
"CRS3035RES50000mN1750000E3550000",8.25343619799241,36.91585669294,25.3235012292862,22.145490348339,1.13979219458997,6.22192434966564,0,0,24.8442230224609,431.474853515625,448.983428955078
"CRS3035RES50000mN3250000E4550000",25.2444008699967,35.0847999914549,35.7732011005282,1.93799997214228,0,0,1.68560008896747,0.273999990895391,17.9799194335938,607.62646484375,673.860717773438
"CRS3035RES50000mN3250000E4600000",5.19799994508503,62.8992018755525,29.034399241209,1.41359999979613,0,0,0.769999990006908,0.684799998998642,18.201831817627,563.197143554688,684.213684082031
"CRS3035RES50000mN1750000E4150000",6.2302689999342,46.7091013142635,7.62103032320737,35.304858488962,0.16040681512095,3.45215951092541,0.522175384685397,0,23.8482322692871,516.803283691406,468.660797119141
"CRS3035RES50000mN1750000E4200000",6.31300276727415,29.0410856541712,23.5795740503818,36.3054931571241,0.53902353392914,3.78716518171132,0.434655323624611,0,24.2315788269043,546.087707519531,527.710083007812
"CRS3035RES50000mN1750000E4250000",9.0314795030281,33.0463315418455,25.518199801445,30.7708080043085,0.471504707820713,0.596783752553165,0.564894545823336,0,24.3703670501709,424.330474853516,491.597503662109
"CRS3035RES50000mN3300000E2950000",0.545984506607056,63.5604277253151,4.30044383392669,26.4835117384791,0.158792303409427,1.08761852607131,3.86322092963383,0,15.0909414291382,1549.35302734375,281.104064941406
"CRS3035RES50000mN1750000E4750000",9.21474322676659,0,0,63.1410241127014,27.6442319154739,0,0,0,24.8326225280762,632.197631835938,475.622161865234
"CRS3035RES50000mN3300000E3000000",1.19643823127262,92.4031486734748,3.21344234980643,1.19855578814167,0.120702618733048,1.5405465499498,0.32716762216296,0,15.0844774246216,1393.77893066406,296.357666015625
"CRS3035RES50000mN3300000E3050000",4.126734030433,91.499281488359,1.77016319939867,0,0.203492189757526,2.40033263107762,0,0,15.351957321167,1145.27502441406,296.447235107422
"CRS3035RES50000mN3300000E3100000",0,99.7500017285346,0,0,0,0.249999994412065,0,0,15.3794755935669,1098.115234375,293.191558837891
"CRS3035RES50000mN3300000E3250000",2.25404121374595,87.5696741044521,3.01003353670239,6.92237978801131,0,0.243868445977569,0,0,14.9297914505005,1094.63891601562,291.796569824219
"CRS3035RES50000mN3300000E3300000",1.24467370042112,86.1438391264528,5.74206011369824,6.38380459276959,0,0.259630472282879,0.225990649778395,0,14.9659833908081,1342.16223144531,343.556884765625
"CRS3035RES50000mN3300000E3350000",0.797448169032577,50.4989629844204,14.0439976472408,25.1917880494148,0,0.0449956773081794,9.42280758172274,0,14.1545791625977,1755.76586914062,391.937652587891
"CRS3035RES50000mN3300000E3400000",1.28719999265741,71.7087990255095,6.75799995660781,20.0783997053805,0,0,0.167600001441315,0,14.2294273376465,1268.62170410156,418.331604003906
"CRS3035RES50000mN3300000E3450000",6.72280013241107,82.8587989439257,7.60559979826212,2.7511999651324,0,0,0.0615999975707382,0,15.4631376266479,807.357788085938,435.438568115234
"CRS3035RES50000mN3300000E3500000",35.7436011603568,59.5171997556463,2.0348000107333,2.40680007264018,0,0,0.297600007615983,0,15.7445878982544,748.520141601562,445.722961425781
"CRS3035RES50000mN3300000E3550000",14.6611997206492,83.0695992102847,1.57119997311384,0.206799995794427,0,0,0.491200004762504,0,15.7695980072021,679.723937988281,454.422149658203
"CRS3035RES50000mN1750000E4800000",10.086390923243,70.6271726638079,16.3020309060812,2.98440487822518,0,0,0,0,24.3815021514893,892.074951171875,472.133941650391
"CRS3035RES50000mN3300000E3600000",8.67040003868169,85.9052028652514,3.36760012432933,0.119999997696141,0,0,1.84840001165867,0.0883999979123473,16.3360328674316,627.051635742188,460.680633544922
"CRS3035RES50000mN3300000E3650000",5.10398724727566,81.4999553178496,6.02037580683827,2.37329385709018,0,3.74747505411505,1.18985950248316,0.0650547561235726,16.2092514038086,663.306579589844,453.206146240234
"CRS3035RES50000mN3300000E3700000",8.11072245560353,84.1361363884062,5.85237005725503,0.49689544539433,0,0.0785442010965198,1.32533013820648,0,15.8749752044678,686.77392578125,438.577697753906
"CRS3035RES50000mN3300000E3750000",10.3942074463703,78.3091511111706,3.36926853633485,1.43741045612842,0.402582995593548,1.50225611869246,4.23928024247288,0.345843122340739,15.8761835098267,672.560485839844,408.647796630859
"CRS3035RES50000mN3300000E3950000",5.59146938903723,45.3411745635094,1.31863027345389,2.41947633039671,1.02302115410566,27.8180144494399,16.4882129407487,0,16.4589748382568,863.590087890625,462.966888427734
"CRS3035RES50000mN3300000E4000000",4.1972069622716,56.2463667651172,1.39005491510034,0.115434289909899,0,5.24015165865421,32.8107854351401,0,16.4932632446289,872.794067382812,497.786346435547
"CRS3035RES50000mN3300000E4050000",8.01239987777081,74.5588015764951,9.5784000121057,4.62239996995777,0.0203999996301718,0,3.20759993046522,0,16.4359397888184,901.848754882812,536.515258789062
"CRS3035RES50000mN3300000E4100000",8.98759974952555,79.2259993031621,7.61440005153418,1.77920003188774,0,0,2.20120004378259,0.191600003745407,16.5649127960205,836.495361328125,549.518798828125
"CRS3035RES50000mN3300000E4150000",8.58079990430269,76.6276014706819,10.4591999202967,0.257200002670288,0,0,4.03760010958649,0.0376000010874122,16.7513332366943,844.099731445312,562.762573242188
"CRS3035RES50000mN3300000E4200000",16.9651999538473,70.9427970461547,10.3375998325646,0.630800020007882,0,0.540400017052889,0.502000009873882,0.081200001295656,16.9144039154053,798.642517089844,574.50732421875
"CRS3035RES50000mN1750000E4850000",5.95094825257548,52.0736559177748,35.8573589473963,5.43427462689579,0.600714086613152,0,0.0830457371193916,0,22.5279312133789,1095.20568847656,524.109497070312
"CRS3035RES50000mN3300000E4250000",7.28120007843245,75.5008012478357,16.4000000804662,0.169999999343418,0,0,0.421600003028289,0.226400000974536,17.1037425994873,801.052185058594,591.538024902344
"CRS3035RES50000mN3300000E4300000",5.26000012177974,38.9319992435048,48.5855985432863,6.91479993911343,0,0,0.307599990628659,0,16.9837951660156,807.64501953125,606.843322753906
"CRS3035RES50000mN3300000E4350000",4.10879991541151,62.9999982469599,32.3164002038539,0.143600003502797,0,0,0.0255999999353662,0.405600015074015,17.3099040985107,689.342590332031,620.993041992188
"CRS3035RES50000mN3300000E4400000",3.23439999192488,66.0636008993606,28.4847999922931,0.773999976809136,0,0,0.407599995378405,1.03559996932745,17.5892734527588,632.790405273438,634.214721679688
"CRS3035RES50000mN3300000E4450000",2.92279994682758,69.1028008179274,24.7980006039143,2.161599957617,0,0,0.633200001902879,0.381599995307624,17.396656036377,613.007995605469,641.907348632812
"CRS3035RES50000mN3300000E4500000",4.06600005371729,44.5064018509584,45.2755995094776,2.09239999821875,0,0,4.05959982890636,0,17.4726753234863,611.773803710938,652.596496582031
"CRS3035RES50000mN3300000E4550000",5.29200004020822,45.3652013165993,44.4244012236595,1.04199999623233,0,0,3.72120016254485,0.155199994333088,17.5689163208008,589.551452636719,663.005798339844
"CRS3035RES50000mN3300000E4600000",4.14159999054391,55.4027993232012,34.5676004886627,3.22480009126593,0,0,2.03800008894177,0.625200010836124,17.6820049285889,567.473449707031,671.326171875
"CRS3035RES50000mN1750000E4900000",3.76306731486693,74.956751964055,15.4189648106694,5.41763389483095,0.301636825315654,0,0.14194673858583,0,24.9627418518066,759.69140625,542.728149414062
"CRS3035RES50000mN3350000E2900000",0.786523125134408,47.1411850303412,2.87276178132743,6.07463605701923,1.26066826051101,1.27182460273616,40.5924022197723,0,14.9050312042236,1972.4453125,251.012329101562
"CRS3035RES50000mN3350000E2950000",0.652358058141544,24.9401876295451,6.50872066617012,24.1060420870781,1.79113648773637,0.329894039896316,41.6716622188687,0,14.1589336395264,2300.87475585938,322.420196533203
"CRS3035RES50000mN3350000E3000000",0.787599985778798,65.7724011922255,9.79439998045564,7.98320008907467,0.475199986249208,0,14.8323999717831,0.354800000786781,13.9673528671265,1776.24670410156,342.5927734375
"CRS3035RES50000mN3350000E3050000",5.15560650383122,84.4421522691846,5.58066228404641,3.07964987296146,0,0.976425442786422,0.726604890951421,0.0388966203900054,14.5341968536377,1245.50305175781,345.737762451172
"CRS3035RES50000mN3350000E3100000",1.48157733492553,73.109827938606,10.606234986335,6.75068493001163,0.0191603918210603,1.0241229319945,6.83259565266781,0.175796588882804,14.6216230392456,1232.01293945312,343.803436279297
"CRS3035RES50000mN3350000E3150000",2.85728331218707,86.4184838719666,5.93187958002091,1.76252823439426,0.266454089432955,1.03141758590937,0.4351719369879,1.29677960649133,14.8383207321167,1081.04406738281,328.616424560547
"CRS3035RES50000mN3350000E3200000",3.8722894852981,88.8309218920767,3.86893092654646,0.203745788894594,0.726544065400958,1.59190392005257,0.360473315231502,0.545187899842858,14.8173160552979,1037.33642578125,304.142913818359
"CRS3035RES50000mN3350000E3300000",0.270087772514671,74.8818337917328,0.0337609730195254,22.822418063879,0,1.99189744889736,0,0,14.9271831512451,1099.45263671875,303.257659912109
"CRS3035RES50000mN3350000E3350000",1.5616619042703,26.5176018234342,17.5414940342307,46.0720928385854,0.406124044093303,3.04976170882583,4.85126656858483,0,14.6494474411011,1683.88562011719,372.895782470703
"CRS3035RES50000mN3350000E3400000",1.67960003273038,59.5747979357839,8.93559986725449,23.0560008916654,0.000399999998990097,0,6.75359973683954,0,14.0561056137085,1562.19848632812,409.925567626953
"CRS3035RES50000mN3350000E3450000",6.65880023079808,88.739202322904,3.36679990869015,0.851199991302565,0,0,0.384000013582408,0,15.385627746582,778.47412109375,428.274597167969
"CRS3035RES50000mN3350000E3500000",14.9075995439489,78.5827993182465,4.41439994610846,1.46919998151134,0,0,0.625999993644655,0,15.1841297149658,876.740783691406,437.131225585938
"CRS3035RES50000mN3350000E3550000",20.8675995410886,73.7460032571107,3.80360009148718,0.947199971415102,0,0,0.585599988698959,0.0500000023748726,15.7400388717651,712.111877441406,449.574951171875
"CRS3035RES50000mN3350000E3600000",6.86399984697346,90.1427976263221,2.27200004737824,0.260800000978634,0,0.0403999991249293,0.384800002211705,0.0352000002749264,16.0552883148193,646.109558105469,454.715270996094
"CRS3035RES50000mN3350000E3650000",3.90528957650531,75.3314259083709,0.533987069502473,0.340685219998705,0,19.3405512720346,0.548058841377497,0,15.6514673233032,663.31298828125,418.412933349609
"CRS3035RES50000mN3350000E3700000",4.35642505763099,62.4866373836994,3.96621762774885,1.75860596355051,0.229848199523985,24.1073332726955,3.09493262320757,0,15.3693799972534,649.499267578125,387.254425048828
"CRS3035RES50000mN3350000E3950000",1.2353865429759,1.17257023230195,1.07485607732087,6.03385083377361,7.95672684907913,81.8565692985431,0.670040107797831,0,16.218376159668,838.904418945312,439.876739501953
"CRS3035RES50000mN3350000E4000000",4.71759060164914,34.4959747832035,0.620640102715697,3.528574667871,1.575917750597,54.4399345293641,0.621365988627076,0,16.3294734954834,876.931762695312,472.428863525391
"CRS3035RES50000mN3350000E4050000",5.29461147089023,59.0596613939852,0.906993518583476,1.55979406590631,2.08520460873842,27.2004131227732,3.73716559261083,0.156155519653112,16.3246326446533,889.101684570312,501.205078125
"CRS3035RES50000mN3350000E4100000",6.00707021076232,59.0101640875218,0.714528444223106,1.04111956898123,0.48282528296113,30.7238401845098,1.45024117082357,0.570210488513112,16.4082946777344,860.829284667969,530.862121582031
"CRS3035RES50000mN3350000E4150000",9.16358436807058,79.8427455854835,5.59064224362374,0.41226253961213,0,3.18536593113095,1.76836772589012,0.0370295689208433,16.4068737030029,863.317810058594,548.617614746094
"CRS3035RES50000mN3350000E4200000",6.66238671547035,67.5458180252463,7.33914552256465,0.63409885042347,0,16.2480068393052,1.55646211933345,0.0140818825457245,16.6233310699463,849.703552246094,564.304870605469
"CRS3035RES50000mN3350000E4250000",6.54960018146084,79.4384015607648,10.0979998707771,0.462800005334429,0,1.73680000007153,1.71399998944253,0.000399999998990097,16.7929611206055,851.920959472656,583.527648925781
"CRS3035RES50000mN3350000E4300000",30.4084007162601,48.9360002160539,16.0016003996134,1.81359996786341,0,1.82399991899729,0.742399989394471,0.273999990895391,16.8867416381836,813.665832519531,599.456604003906
"CRS3035RES50000mN3350000E4350000",5.00759990682127,68.7572016264311,23.5055996105075,0.639200012665242,0,0,1.60000001997105,0.49040000885725,16.9634284973145,731.438598632812,611.656677246094
"CRS3035RES50000mN3350000E4400000",5.29239991737995,61.8188006454147,29.0536005049944,0.957199993717949,0,0,2.87799997458933,0,16.9289131164551,674.4140625,622.047973632812
"CRS3035RES50000mN3350000E4450000",2.8259999351576,61.9896019648877,25.4780002869666,1.01839998969808,0,0,8.68800028692931,0,16.8724021911621,628.782897949219,630.50439453125
"CRS3035RES50000mN3350000E4500000",3.58480003778822,54.0195992361987,33.652800694108,0.696000011521392,0,0,8.04679969005519,0,16.9891929626465,595.119873046875,640.158020019531
"CRS3035RES50000mN3350000E4550000",2.99119992851047,74.3092030286789,18.2915997691453,1.2031999998726,0,0,3.20480001973919,0,17.1844501495361,573.602905273438,652.242065429688
"CRS3035RES50000mN3350000E4600000",9.07040020683781,52.0748002105392,30.8335993438959,1.74759997753427,0,0.196800008416176,4.95400012005121,1.12279998138547,17.4667930603027,575.097106933594,662.126037597656
"CRS3035RES50000mN3400000E2900000",0.47083143144846,63.9412045478821,1.06798345223069,12.253100797534,1.02204866707325,0.551217282190919,20.6936147063971,0,14.8451318740845,1689.01489257812,253.699356079102
"CRS3035RES50000mN3400000E2950000",1.59817531239241,55.868176475633,1.97936273179948,10.2631598711014,1.11075529712253,5.98183118272573,23.176665790379,0.0218714121729136,14.5580110549927,1714.5703125,313.151000976562
"CRS3035RES50000mN3400000E3000000",1.03254020214081,72.006644809153,10.7671106699854,6.33062277775025,0.0383919046726078,2.31442567310296,7.49288745573722,0.0173773878486827,14.1610145568848,1504.79418945312,341.697601318359
"CRS3035RES50000mN3400000E3050000",2.59440004010685,84.972399007529,5.26240009348839,3.49159998586401,0,1.26359997084364,2.26119995350018,0.154399999883026,14.4315938949585,1167.791015625,355.486968994141
"CRS3035RES50000mN3400000E3100000",1.14959998754784,81.3016009924468,8.8764000684023,3.50280012644362,0,0,5.16960012610071,0,14.3117876052856,1199.66125488281,366.694000244141
"CRS3035RES50000mN3400000E3150000",1.88840002956567,88.5972019394102,5.92959993518889,2.24840004520957,0.0636000011581928,0,1.27280000742757,0,14.6273698806763,1007.88922119141,373.471832275391
"CRS3035RES50000mN3400000E3200000",2.02659768692683,74.3813710287213,12.1613763272762,7.68353050807491,0.0648833462037146,0,3.68224165285937,0,14.4688749313354,1227.6435546875,363.656372070312
"CRS3035RES50000mN3400000E3250000",11.2471699714661,73.4204575419426,5.20683266222477,1.52294710278511,1.25540234148502,1.9860053434968,5.36118540912867,0,14.5086050033569,1085.66186523438,287.241180419922
"CRS3035RES50000mN3400000E3300000",0.682459969539196,92.853782698512,1.80420465767384,4.65955436229706,0,0,0,0,14.5783576965332,965.478820800781,290.009857177734
"CRS3035RES50000mN3400000E3350000",4.11319479026133,42.6506401970983,6.88353953883052,39.2146044876427,0.242466607596725,3.48245385102927,3.41309977229685,0,14.4538078308105,1487.2265625,365.090393066406
"CRS3035RES50000mN3400000E3400000",5.47422266099602,59.559674828779,8.23625084012747,18.2289167074487,0.111891533015296,5.87430546293034,2.46302401646972,0.0517145730555058,14.573504447937,1145.74755859375,398.621490478516
"CRS3035RES50000mN3400000E3450000",27.6007354666945,62.0116021251306,1.96987302042544,1.64343691285467,0,6.23806510120631,0.509352865628898,0.0269349984591827,15.5329542160034,866.914489746094,418.455352783203
"CRS3035RES50000mN3400000E3500000",22.236000628618,50.2200010756496,4.23119999468327,12.0516000810312,0,0,11.2612002063543,0,14.2886276245117,1254.38513183594,424.474212646484
"CRS3035RES50000mN3400000E3550000",22.2640005056746,64.6155994618312,7.11840000003576,4.52960003167391,0,0,1.47240001242608,0,15.4049882888794,796.809020996094,440.798004150391
"CRS3035RES50000mN3400000E3600000",6.92719998041867,85.5148029280827,2.86000007763504,0.497200003883335,0,2.86560003878549,0.913200009381398,0.42200000025332,15.8144235610962,666.325622558594,448.453704833984
"CRS3035RES50000mN3400000E3650000",7.63034326955676,68.9676272682845,0.620706696645357,0.697800860507414,0.0276748207397759,21.9708424992859,0.0850012351293117,0,15.2491464614868,668.533508300781,397.801208496094
"CRS3035RES50000mN3400000E4100000",3.68056730367244,4.65135909616947,0.227925041690469,12.1813267003744,10.8391016721725,67.5080195069313,0.911700143478811,0,16.2608985900879,841.950012207031,487.555297851562
"CRS3035RES50000mN3400000E4150000",1.92889462923631,14.0659343451261,0.245636724866927,6.36845515109598,5.39107955992222,71.9999972730875,0,0,16.2993907928467,835.486999511719,506.471038818359
"CRS3035RES50000mN3400000E4200000",4.00149446795695,27.6939749339362,2.03298195265234,0.493776523217093,0.300368503667414,65.2415057644248,0.235899165272712,0,16.4819164276123,894.819152832031,543.151916503906
"CRS3035RES50000mN3400000E4250000",5.72557103441796,77.6964055374264,5.29256174340844,1.07612088613678,0,8.92672045156359,0.790382525883615,0.492238253355026,16.4920063018799,903.261291503906,576.625793457031
"CRS3035RES50000mN3400000E4300000",9.39280039165168,73.2915987246088,14.1060003079474,0.672399997711182,0,0,2.5371999363415,0,16.5109939575195,871.483459472656,590.122985839844
"CRS3035RES50000mN3400000E4350000",8.78178194107023,76.1189268741873,11.1001032404602,0.757791759679094,0,0,2.69093411043286,0.550462258979678,16.7241668701172,718.3359375,599.694946289062
"CRS3035RES50000mN3400000E4400000",4.23982907668687,75.9181204484776,13.9555730856955,0.374304304341422,0,2.13020301016513,3.38196686207084,0,16.8382244110107,668.013305664062,610.79296875
"CRS3035RES50000mN3400000E4450000",5.36960000608815,77.3140008328483,14.3939999863505,0.622399989515543,0,0.193200004287064,2.10680000018328,0,16.8432216644287,650.944946289062,620.880676269531
"CRS3035RES50000mN3400000E4500000",3.45976640819572,79.7109662293223,12.5823539681733,0.794767854677047,0,0,3.45214746994316,0,16.9375400543213,613.914428710938,627.788269042969
"CRS3035RES50000mN3400000E4550000",3.70759800644009,54.1877361712977,19.4755793549121,0.589864988432965,0,18.424990773201,3.58718177303672,0.0270500197075307,17.2204093933105,594.196655273438,632.510986328125
"CRS3035RES50000mN3400000E4600000",2.96327154501341,34.203069342766,36.2954743206501,1.20119541679742,0,21.9663769006729,2.7579058893025,0.612706504762173,17.1401462554932,638.875549316406,633.417236328125
"CRS3035RES50000mN3450000E2950000",0,88.5004341602325,0,9.0147353708744,0,0,2.4848310276866,0,14.8439388275146,1530.78564453125,267.430694580078
"CRS3035RES50000mN3450000E3000000",0.90311430976726,71.4880356041248,7.18584468122571,6.26169272436527,0.263721402734518,4.00390699505806,9.89368504378945,0,14.6761798858643,1391.13305664062,312.547271728516
"CRS3035RES50000mN3450000E3050000",1.75839999283198,56.5584015210334,13.7855997309089,11.301999596617,3.02559994161129,3.80240003578365,9.69359995797276,0.0739999988581985,14.4742746353149,1320.39074707031,352.764343261719
"CRS3035RES50000mN3450000E3100000",1.12639999424573,77.839202620089,5.75200007297098,2.56280000903644,0,0,12.5087999738753,0.210799998603761,14.6793165206909,1083.2880859375,367.413055419922
"CRS3035RES50000mN3450000E3150000",2.17319997027516,73.6628012731671,8.88639995828271,4.29719996172935,0,0,10.98039966746,0,14.7847347259521,974.396911621094,375.0478515625
"CRS3035RES50000mN3450000E3200000",12.7655998861883,63.1312004756183,5.595199810341,9.71520002931356,0.134800001978874,0.00519999994139653,8.65280032157898,0,14.5624256134033,1119.14929199219,376.344573974609
"CRS3035RES50000mN3450000E3250000",42.6330343703739,40.3695314656943,2.93583013117314,4.22321273363196,0.552802626043558,9.28558968007565,0,0,14.593599319458,983.730895996094,303.846160888672
"CRS3035RES50000mN3450000E3300000",0,11.7021277546883,0,88.2978737354279,0,0,0,0,14.3539524078369,938.580017089844,280.634307861328
"CRS3035RES50000mN3450000E3350000",5.83924181992188,83.3072014618665,0.511317164637149,7.08685572026297,0,1.74870467744767,1.50668125133961,0,14.6924924850464,905.663024902344,314.258361816406
"CRS3035RES50000mN3450000E3450000",21.9108811375918,62.037887610495,1.97032217402011,2.8485749149695,0,7.50016025267542,3.73217307787854,0,15.1315927505493,1079.35278320312,390.396881103516
"CRS3035RES50000mN3450000E3500000",19.9351995164761,50.8875990752131,3.38479997590185,13.0911997519433,0,0,12.70120004192,0,14.0337162017822,1373.19848632812,417.806579589844
"CRS3035RES50000mN3450000E3550000",21.6592002674588,71.9680003807298,2.90760006755591,1.95600000442937,0,0,1.50920003652573,0,15.2458028793335,801.605834960938,432.037536621094
"CRS3035RES50000mN3450000E3600000",8.05440010735765,87.2800022247247,1.6664000460878,0.68359998986125,0,1.89319991332014,0.186800002120435,0.235600001178682,15.3130922317505,688.767639160156,432.317321777344
"CRS3035RES50000mN3450000E3650000",8.7990488158539,87.2072566417046,0.860776484478265,0.73411567718722,0,2.08602603524923,0.312774651683867,0,14.6555404663086,680.05029296875,356.617370605469
"CRS3035RES50000mN3450000E4150000",16.666667163372,0,0,62.222221493721,21.111111342907,0,0,0,16.1367321014404,762.80078125,490.067230224609
"CRS3035RES50000mN3450000E4200000",0.937496771803126,35.7893314503599,0.645249162334949,0.457749783527106,3.34042124450207,57.3444240260869,1.48532995954156,0,16.2291793823242,823.721069335938,532.376647949219
"CRS3035RES50000mN3450000E4250000",6.48647132984479,81.377406574029,4.48162765242159,1.79754282580688,0,2.64318592380732,2.67406050115824,0.539703946560621,16.1562042236328,888.975646972656,569.705017089844
"CRS3035RES50000mN3450000E4300000",10.0424987787846,74.6678178926231,9.2700781300664,0.402237640810199,0,1.16690276190639,4.00272998958827,0.447734957560897,16.3923950195312,812.05078125,579.051147460938
"CRS3035RES50000mN3450000E4350000",4.80090045020916,78.3546756021679,9.72374628763646,2.57305009290576,0,0.260775769129395,4.28685320075601,0,16.623514175415,699.980651855469,576.174560546875
"CRS3035RES50000mN3450000E4400000",9.68740773387254,82.1881465148181,4.7773519763723,0.471837213262916,0,0,2.87525802850723,0,16.8297138214111,645.955749511719,585.392150878906
"CRS3035RES50000mN3450000E4450000",6.28977518063039,51.8285199999809,26.0330114513635,0.990371403167956,0.120128376875073,13.0013761110604,1.70839061029255,0.0284273264696822,16.7885723114014,670.02880859375,596.043579101562
"CRS3035RES50000mN3450000E4500000",3.22330347553361,62.9176790360361,11.2084176391363,0.852529634721577,0.0163092627190053,19.8325589299202,1.94920409994665,0,16.8723964691162,647.74267578125,609.038879394531
"CRS3035RES50000mN3450000E4550000",10.5773217510432,46.7340365052223,29.4462690129876,2.79256599023939,0,7.22050443291664,3.22930281981826,0,16.8200874328613,631.546203613281,598.581359863281
"CRS3035RES50000mN3500000E3000000",0.306222448125481,16.4324531331658,5.94962369759742,12.2711687348783,7.04645670484752,0.0378602300770581,57.9562148137483,0,14.5694990158081,1718.95056152344,305.842407226562
"CRS3035RES50000mN3500000E3050000",2.4945140874479,69.5883851440158,2.68159145489335,2.47944150396506,1.39199825935065,0.718607983435504,20.5940371379257,0.0514241401106119,14.5964918136597,1315.89453125,352.507781982422
"CRS3035RES50000mN3500000E3100000",1.23159997601761,71.1640022986103,3.92480003647506,2.06359999720007,0,0,21.4247996918857,0.19120000069961,14.7031097412109,1079.05444335938,366.533111572266
"CRS3035RES50000mN3500000E3150000",1.66360002986039,80.6908027036115,4.95800012722611,2.33879996230826,0,0,10.3071998804808,0.0415999995311722,14.7481126785278,1021.29766845703,373.344757080078
"CRS3035RES50000mN3500000E3200000",2.51919998554513,93.196000950411,1.75200002267957,0.777200017910218,0,0.011600000289036,1.73999997787177,0.0039999998989515,14.9171953201294,983.93212890625,377.023406982422
"CRS3035RES50000mN3500000E3250000",8.35655629634857,82.3868337087333,0.638321915175766,0.0564886664506048,0.103562546428293,8.18709039594978,0,0.271145580336452,14.7220754623413,975.657165527344,324.540069580078
"CRS3035RES50000mN3500000E3350000",10.0211650249548,69.5607089437544,6.72109182341955,12.1765800286084,0,1.52045264840126,0,0,14.2789621353149,957.987976074219,294.019592285156
"CRS3035RES50000mN3500000E3450000",5.98079550545663,46.6915043536574,8.68247821927071,12.3713450389914,0,22.3213657038287,3.95251160371117,0,14.7516059875488,1390.59216308594,388.641082763672
"CRS3035RES50000mN3500000E3500000",0.656800006254343,30.6088013225235,1.71880002599209,43.7595991417765,0.104000000283122,0,23.1519997585565,0,13.0828504562378,1571.58264160156,411.100189208984
"CRS3035RES50000mN3500000E3550000",5.18640007940121,75.2367981825955,5.095199868083,5.67719989921898,0,0,8.80440000910312,0,14.5520534515381,857.897583007812,421.267852783203
"CRS3035RES50000mN3500000E3600000",3.50541459629313,62.631317321211,12.1968216262758,9.42693537217565,0,0.206085410900414,12.03342503577,0,14.3074254989624,735.317199707031,387.846588134766
"CRS3035RES50000mN3500000E3650000",28.5885894671082,64.3843814730644,0,0,0,7.02702701091766,0,0,14.6929445266724,665.852172851562,347.864410400391
"CRS3035RES50000mN3500000E4200000",3.56508360709995,45.6739059649407,0.543579133227467,3.23429584968835,0.79747037962079,44.1638174001128,2.02184920199215,0,16.0084705352783,804.148315429688,527.695617675781
"CRS3035RES50000mN3500000E4250000",6.37776162184309,83.1724524497986,6.86816526576877,2.01652289833873,0,0.368012278340757,1.19708776473999,0,15.9533929824829,883.960327148438,565.174072265625
"CRS3035RES50000mN3500000E4300000",6.53231345058885,84.943665046012,4.08115105237812,1.0098967642989,0,2.67358652781695,0.759388419101015,0,16.3741416931152,725.816772460938,569.6171875
"CRS3035RES50000mN3500000E4350000",5.63312410668004,86.3735646009445,5.12855268316343,0.885635521262884,0,1.18687208741903,0.792252202518284,0,16.4757232666016,616.19482421875,564.379821777344
"CRS3035RES50000mN3500000E4400000",5.76624517852906,80.0170492380858,11.6676370147616,0.552367488853634,0.040890442323871,0.765136396512389,1.1906741769053,0,16.6034984588623,626.995056152344,576.729248046875
"CRS3035RES50000mN3500000E4450000",4.23697412479669,79.622994735837,12.8591544402298,0.583047163672746,0.180349336005747,1.78619953803718,0.731279485626146,0,16.3718605041504,622.190551757812,569.273864746094
"CRS3035RES50000mN3500000E4500000",4.02897233143449,52.5690346956253,9.50656412169337,1.68062467128038,0,31.4452230930328,0.76957899145782,0,16.4119472503662,620.973937988281,569.960571289062
"CRS3035RES50000mN3500000E4550000",1.22950822114944,54.9180328845978,43.8524583354592,0,0,0,0,0,16.5266780853271,632.126159667969,574.503784179688
"CRS3035RES50000mN3550000E2950000",0,14.7783249616623,0,76.6009837388992,8.62068980932236,0,0,0,14.4636449813843,1462.30102539062,249.914291381836
"CRS3035RES50000mN3550000E3000000",0.326137826777994,16.3690473884344,4.06575403176248,16.6695917025209,1.55610153451562,1.82154551730492,59.1918194200843,0,14.030065536499,1802.23498535156,300.663360595703
"CRS3035RES50000mN3550000E3050000",1.2856472414569,65.6450502807275,4.69237142242491,2.8493698919192,0.10192084882874,0.0361136859282851,25.3895268775523,0,14.2285299301147,1505.51281738281,349.376861572266
"CRS3035RES50000mN3550000E3100000",0.728800000797491,71.1859984228795,6.83479998260737,4.20279982499778,0.187599996570498,0,16.8228006921709,0.0372000009519979,14.3317432403564,1280.33581542969,364.833435058594
"CRS3035RES50000mN3550000E3150000",1.19959999792627,74.7812029556372,5.80599997192621,3.68160002399236,0.0228000004426576,0,14.3704001558945,0.138399994466454,14.4268035888672,1274.9794921875,371.929840087891
"CRS3035RES50000mN3550000E3200000",1.62359995592851,91.8412012484623,2.7215999783948,2.17080002184958,0,0,1.64280004391912,0,14.4215106964111,1080.79406738281,372.463134765625
"CRS3035RES50000mN3550000E3250000",4.40183205064386,77.4290380068123,2.71910757292062,12.3140365583822,0,1.96675697807222,1.15581080317497,0.0134188565425575,14.2807750701904,1124.23315429688,353.212890625
"CRS3035RES50000mN3550000E3300000",4.49812379083596,88.06023709476,1.45064084790647,0.687145660049282,0.25991324800998,4.56472664955072,0.479215057566762,0,14.2045946121216,961.118713378906,296.780212402344
"CRS3035RES50000mN3550000E3350000",3.32136448705569,60.0451743230223,5.78560237772763,29.8835933441297,0.535703962668777,0.327213760465384,0.101349398028105,0,14.0582294464111,997.697631835938,294.925506591797
"CRS3035RES50000mN3550000E3400000",18.652016017586,67.9619461297989,0,3.84563843254,0,8.7900310754776,0.750368507578969,0,14.6523313522339,1166.90258789062,342.513000488281
"CRS3035RES50000mN3550000E3450000",2.12803984177299,43.8945615518605,6.56159473583103,42.4947122111917,0.53782882168889,0.793027319014073,3.59023604542017,0,13.5993223190308,1668.47814941406,394.422058105469
"CRS3035RES50000mN3550000E3500000",1.12320001935586,39.3735996214673,2.26879995316267,39.1367989592254,0.028000000747852,0,18.0696001509205,0,12.9413194656372,1528.45666503906,410.081359863281
"CRS3035RES50000mN3550000E3550000",18.2359214522876,66.4344373624772,5.29599827714264,7.88297978870105,0.0108661581180058,0.0802424008725211,1.89489081385546,0.164664094336331,14.4703760147095,831.423767089844,412.575744628906
"CRS3035RES50000mN3550000E3600000",58.127957303077,23.8860774319619,3.37848863564431,6.43871389329433,0,6.54480182565749,0.791578274220228,0.832381285727024,14.6187105178833,679.041931152344,353.725128173828
"CRS3035RES50000mN3550000E4200000",5.45342612022069,54.4088345021009,1.69828018406406,5.28952336171642,2.84483097493649,29.8195522278547,0.485552696045488,0,15.8584566116333,820.285095214844,529.851013183594
"CRS3035RES50000mN3550000E4250000",5.67716899095103,84.4056993169943,4.45191510953009,4.08446898218245,0,0.175904936622828,1.20484021026641,0,15.7893953323364,894.989685058594,562.36669921875
"CRS3035RES50000mN3550000E4300000",9.5134052913636,79.2752785142511,7.11704073473811,2.18078491743653,0,1.15053402259946,0.762955122627318,0,16.1565227508545,725.646850585938,571.640747070312
"CRS3035RES50000mN3550000E4350000",9.34132992406375,76.150787260849,8.06137535255403,0.535694183781744,0,5.15789552591741,0.752914280747063,0,16.4253902435303,635.908508300781,580.023803710938
"CRS3035RES50000mN3550000E4400000",6.31960123428144,76.8540211487561,10.9788575209677,1.55241283937357,0,2.19748625531793,2.09762351587415,0,16.3247566223145,654.221862792969,587.903686523438
"CRS3035RES50000mN3550000E4450000",7.76897924952209,74.5841217431007,14.6072202827781,0.911490549333393,0,1.33905244001653,0.78913360775914,0,16.3271484375,631.5888671875,581.401306152344
"CRS3035RES50000mN3550000E4500000",10.302647005301,88.6332908878103,0.176616809767438,0.56691812351346,0.128646811936051,0.191879982594401,0,0,16.2094306945801,664.86376953125,573.32666015625
"CRS3035RES50000mN3550000E4550000",10.2121738018468,80.4452195763588,8.27130421530455,0,1.07130436226726,0,0,0,16.2042617797852,663.352722167969,568.190795898438
"CRS3035RES50000mN3550000E4600000",6.73756452451925,75.5470229079947,16.0777386277914,1.10763795673847,0.239535188302398,0,0.290500139817595,0,16.1981773376465,609.78857421875,559.904479980469
"CRS3035RES50000mN1800000E2650000",0.520075036911294,45.8511617034674,26.9949460285716,25.1543383230455,0.298184831626713,0.144323997665197,0.882474528043531,0.15449661295861,21.033203125,652.595764160156,351.990692138672
"CRS3035RES50000mN1800000E2700000",0.631599999906029,79.609998149681,6.67439985554666,11.5432003047317,0,0,1.54079999774694,0,22.8103141784668,582.8125,483.381530761719
"CRS3035RES50000mN3600000E3000000",0.626487738918513,22.7844953536987,3.14428161655087,7.29639148339629,1.88775327987969,4.97637335211038,59.2842158861459,0,14.2022047042847,1624.75952148438,274.415069580078
"CRS3035RES50000mN3600000E3050000",0.59244444273645,36.220029911783,9.08549716696144,8.77511380240321,0.531177036464214,1.56231942237355,43.2334179058671,0,14.0022125244141,1548.03247070312,308.479583740234
"CRS3035RES50000mN3600000E3100000",1.5628836947144,53.3864885568619,7.83030707389116,11.0015742422547,1.11294076777995,4.33331881649792,20.7724868552759,0,14.194580078125,1467.03649902344,334.251708984375
"CRS3035RES50000mN3600000E3150000",1.42757274879841,52.1082666324218,9.44779296405613,13.891014829278,0.321421038825065,0.810378145979485,21.8115401512478,0.182014482561499,14.0526905059814,1502.17822265625,365.515808105469
"CRS3035RES50000mN3600000E3200000",2.48399999909452,69.5311990333721,4.08239992102608,18.5264002531767,0,0,5.37599989911541,0,14.0021905899048,1244.46545410156,368.988128662109
"CRS3035RES50000mN1800000E2750000",0.771999996504747,75.9171997196973,5.10160011108382,17.1643998357468,0,0,0.662000011652708,0.382800004445016,24.1498947143555,573.822692871094,537.252075195312
"CRS3035RES50000mN3600000E3250000",7.80400006624404,69.2880025599151,1.53400001581758,4.46359987836331,0,0,16.8472001998452,0.0631999981123954,14.5248212814331,1107.41125488281,367.599090576172
"CRS3035RES50000mN3600000E3300000",18.8980145379901,62.4628776684404,3.14060364908073,10.5694863712415,0,4.72123995423317,0.207778089679778,0,13.7461633682251,1106.61157226562,297.551452636719
"CRS3035RES50000mN3600000E3350000",2.21712972124806,42.0650085899979,17.2217692248523,20.3780510928482,0.560257583856583,1.06709034589585,16.4906931109727,0,13.8102207183838,1295.92993164062,310.753692626953
"CRS3035RES50000mN3600000E3400000",1.12039516679943,40.6693493947386,20.1282732188702,30.1142303738743,0.0174283690284938,4.11558500491082,3.79938445985317,0.0353546929545701,14.071174621582,1569.83349609375,374.286560058594
"CRS3035RES50000mN3600000E3450000",4.50914817192824,59.9645294481888,11.5020766854286,13.9346729141835,0,8.26669652014971,1.82287566713057,0,14.4916734695435,1362.041015625,404.971405029297
"CRS3035RES50000mN3600000E3500000",1.14119998761453,32.1763993852074,19.3624004721641,37.0508000254631,0,0,10.2659999858588,0.00319999999192078,13.5468845367432,1322.73059082031,409.183319091797
"CRS3035RES50000mN3600000E3550000",11.9730351085309,65.4413578100502,6.57710889354348,13.2866003608797,0,0.631136710580904,1.87093937420287,0.219823163934052,14.2710790634155,828.308166503906,390.550140380859
"CRS3035RES50000mN3600000E4200000",4.52569426997798,67.4319053068757,7.42609254084527,9.12920962291537,0.600653002038598,6.64385696873069,4.24258694984019,0,15.5644588470459,880.889343261719,529.53515625
"CRS3035RES50000mN3600000E4250000",5.68538261577487,76.4238689094781,9.15563944727183,7.43684015469625,0,0.0274169229669496,1.27085502026603,0,15.400803565979,928.931579589844,561.853149414062
"CRS3035RES50000mN1800000E2800000",0.401599996257573,47.6591998303775,20.713599352166,31.2143991701305,0,0,0.0112000001536217,0,24.3937435150146,729.923583984375,574.604553222656
"CRS3035RES50000mN3600000E4300000",10.54341068957,78.349517431343,8.00528945401311,1.30005374376196,0,1.17690814658999,0.624819193035364,0,15.9226722717285,718.449829101562,563.744689941406
"CRS3035RES50000mN3600000E4350000",8.47844067029656,76.029538270086,3.41195687651634,2.57662272779271,0,8.29281117767096,1.21062929392792,0,16.184268951416,593.328857421875,563.473205566406
"CRS3035RES50000mN3600000E4400000",9.32376353885048,72.9894359596073,10.843444080092,4.09013638272882,0.100708159152418,0.626628519967198,2.02588569372892,0,16.2295970916748,643.472473144531,590.646484375
"CRS3035RES50000mN3600000E4450000",38.5835224806214,43.1160058826208,7.06268451176584,7.70950224250555,0.139283330645412,0.533353281207383,2.85564814694226,0,16.2918491363525,662.72314453125,600.8115234375
"CRS3035RES50000mN3600000E4500000",11.3127202435862,75.2289720578119,9.33336964808405,1.10763456905261,0,0,3.01730232313275,0,16.0459003448486,734.374816894531,614.542419433594
"CRS3035RES50000mN3600000E4550000",2.65558982355287,70.3386445995421,25.0597203150392,0.754682511615101,0.116144015919417,0.015722552780062,1.05949719436467,0,15.6705484390259,735.536193847656,591.9345703125
"CRS3035RES50000mN1800000E2850000",0.790400005644187,60.6732009444387,16.9244005344809,21.1640001973137,0,0,0.448000004689674,0,23.9378566741943,711.307250976562,604.478149414062
"CRS3035RES50000mN1800000E2900000",0.52040000227862,74.6768005599733,7.14040028396994,17.0259997568792,0.124000001233071,0,0.512399990111589,0,24.497537612915,583.218505859375,631.543518066406
"CRS3035RES50000mN3650000E3100000",0.53532705642283,20.0510486960411,2.98608597368002,17.927809804678,1.37332851300016,3.62983382074162,53.496569080744,0,14.1152219772339,1673.8837890625,285.469482421875
"CRS3035RES50000mN3650000E3150000",1.17243819404393,25.8079749604803,8.45538307912648,13.7678227387369,0.484405434690416,1.4262346085161,48.8857401476707,0,13.6194324493408,1810.28344726562,331.715698242188
"CRS3035RES50000mN3650000E3200000",3.8533680170076,61.5349290892481,4.25077856052667,15.4950030148029,0.0708388834027574,1.78968426334904,12.6057572793797,0.399638246744871,13.88743019104,1265.22241210938,344.704376220703
"CRS3035RES50000mN3650000E3250000",3.19056490552612,65.3114008717239,6.75512116868049,18.48489568074,0.018104696937371,0.552451878320426,5.43502985674423,0.252431211993098,13.499810218811,1298.44848632812,310.008148193359
"CRS3035RES50000mN3650000E3300000",1.36975232162513,34.2276463285089,10.5923470575363,28.5385262221098,0.0929330475628376,0.533354887738824,24.6454402804375,0,13.4012413024902,1281.46325683594,278.116485595703
"CRS3035RES50000mN3650000E3350000",2.61104168894235,39.8183863144368,25.3681652247905,28.676713258028,0,0.427715992555022,3.09797980589792,0,13.6551790237427,1398.43627929688,308.631195068359
"CRS3035RES50000mN1800000E2950000",0.741200020274845,72.7827998634894,10.4536003433168,15.745200146921,0,0,0.267599988728762,0.00960000033956021,25.0100688934326,554.130737304688,652.634765625
"CRS3035RES50000mN3650000E3400000",4.90418077388312,28.3123568864539,17.6075757015496,33.3753259910736,0,0.150685990229249,15.649874455994,0,13.1224184036255,1617.673828125,376.547027587891
"CRS3035RES50000mN3650000E3450000",2.75000000547152,20.1996000716462,16.9268000056036,52.8456009604269,0,0,7.2560001630336,0.022000000171829,12.7733755111694,1551.15576171875,400.016479492188
"CRS3035RES50000mN3650000E3500000",2.10479998568189,50.7475986378267,10.6128002516925,34.1995994851459,0,0,2.33519992543734,0,13.5719699859619,1112.62121582031,407.522094726562
"CRS3035RES50000mN3650000E3550000",2.29840615065768,68.4188564307988,4.54280432313681,20.1799446251243,0,2.37880439963191,2.14190594851971,0.0392785033909604,13.8786382675171,817.484191894531,361.148590087891
"CRS3035RES50000mN3650000E4200000",4.48427175506368,69.8691410012543,6.66443413647358,5.22316987626255,0.355314719490707,10.9451722353697,2.45849950006231,0,15.4005250930786,922.296508789062,522.501403808594
"CRS3035RES50000mN3650000E4250000",5.99120006372686,65.2248029131442,17.558400798589,9.13280011154712,0.0167999998666346,0,2.07600006833673,0,15.3673648834229,889.979675292969,561.549865722656
"CRS3035RES50000mN3650000E4300000",11.1592339191702,73.0424758978189,11.086087115109,1.81952923157951,0,0.194416777230799,2.69825465511531,0,15.6595621109009,740.183044433594,566.6201171875
"CRS3035RES50000mN3650000E4350000",7.87289251456969,68.5376435518264,17.10519567132,5.52357044070959,0,0.0515579071361572,0.909137818962336,0,16.0189552307129,626.226867675781,557.320190429688
"CRS3035RES50000mN3650000E4400000",39.1202867031097,35.1958576589823,16.2010358646512,4.61011016741395,1.09417168423533,0.328251509927213,3.45028811134398,0,16.2745971679688,616.273498535156,570.1826171875
"CRS3035RES50000mN3650000E4450000",17.3198208911345,62.7627160982229,13.0880469456315,1.45857255556621,0.069059623638168,0,5.30178237240762,0,16.2488479614258,706.351867675781,599.295471191406
"CRS3035RES50000mN1800000E3000000",0.797200000670273,77.580802185912,9.08280038274825,11.8951999116689,0.0163999997312203,0,0.62759998254478,0,24.9547653198242,561.101501464844,666.738708496094
"CRS3035RES50000mN3650000E4500000",3.51320005429443,35.5016001551121,57.218000292778,1.21839997591451,0,0,2.54880000138655,0,15.4080715179443,890.206848144531,617.259643554688
"CRS3035RES50000mN3650000E4550000",4.48992730380268,37.057792727137,49.6196366846562,1.27931149909273,0.026347374659963,0.0200741909793578,7.45881688781082,0.0480944145238027,15.6581020355225,744.544738769531,617.757019042969
"CRS3035RES50000mN3650000E4600000",7.14572080469224,24.1988575085998,65.6438525766135,1.40788603457622,0.0615367374848574,0.0344978703651577,1.50765012949705,0,15.7237701416016,640.154663085938,586.556579589844
"CRS3035RES50000mN3650000E4650000",6.67416388751008,25.4086071858182,64.0785716474056,2.78752434824127,0.293897144729272,0.383865635376423,0.37336932728067,0,15.7750558853149,593.949645996094,577.237365722656
"CRS3035RES50000mN3650000E4700000",0,62.6591235399246,19.8019802570343,0.14144271844998,17.3974543809891,0,0,0,15.9062185287476,512.029357910156,564.665893554688
"CRS3035RES50000mN1800000E3050000",0.92840000797878,35.8012005221099,25.6327994167805,36.6500001371606,0.684800010640174,0,0.302799997734837,0,24.8437747955322,557.579406738281,687.093811035156
"CRS3035RES50000mN1800000E3100000",0.555600007646716,37.295600528887,22.1391998231411,39.5752000913489,0.052000000141561,0,0.382399991212878,0,25.1768493652344,469.615234375,706.8544921875
"CRS3035RES50000mN3700000E3150000",3.44562628306449,37.335705012083,3.09378418605775,14.4781008828431,5.02689369022846,7.82949784770608,28.7903907708823,0,13.9759206771851,1476.62609863281,266.934295654297
"CRS3035RES50000mN3700000E3200000",1.13165014772676,51.3999090529978,1.819206494838,18.7601450132206,4.47700615040958,3.38367897202261,19.0284034702927,0,13.9375324249268,1324.42797851562,279.812225341797
"CRS3035RES50000mN3700000E3250000",0,25.8276967681013,16.2335351109505,21.8227127566934,1.4417942147702,0.533997872844338,34.1402620077133,0,13.528450012207,1328.68188476562,262.140808105469
"CRS3035RES50000mN3700000E3300000",1.71052300138399,18.0553794139996,17.5713881122647,15.6736375764012,0,0.895381730515509,46.0936916992069,0,13.3109407424927,1452.40075683594,275.04443359375
"CRS3035RES50000mN3700000E3350000",3.75863953668159,16.077083395794,27.5818490423262,25.772647280246,0.0477727851830423,0.889190257294103,25.8728153072298,0,13.3737716674805,1776.74658203125,313.591674804688
"CRS3035RES50000mN3700000E3400000",23.4177914360771,42.7580113930162,7.90991680696606,14.455730211921,0,1.33258006535471,10.001923982054,0.124046625569463,13.9647226333618,1628.88159179688,382.549224853516
"CRS3035RES50000mN3700000E3450000",16.6395562060643,47.563547277241,9.70097240060569,13.3129495021422,0.10721783619374,3.46317691728473,9.07560316845775,0.136977923102677,13.9647579193115,1083.56457519531,396.163848876953
"CRS3035RES50000mN3700000E3500000",12.6310301566264,56.288788211532,6.13820068538189,21.9400256843073,0.0189048238098621,1.67601045832271,1.30704042967409,0,13.7889451980591,824.107055664062,367.187591552734
"CRS3035RES50000mN3700000E3550000",2.82409292412922,78.6634117364884,7.92553452774883,7.60471732355655,0.926302466541529,1.40526862815022,0.650670984759927,0,13.6653099060059,699.861755371094,319.350036621094
"CRS3035RES50000mN3700000E4200000",4.65196070290404,79.2542329989373,5.57179523166269,2.22964189015329,0.644016126170754,3.90104847028852,3.74730287585407,0,15.5585994720459,859.61279296875,524.456176757812
"CRS3035RES50000mN1800000E3150000",0.821600007475354,65.2828004880575,10.2959997951984,23.2751999283209,0,0,0.310000008903444,0.0144000005093403,24.4052448272705,484.405364990234,695.938720703125
"CRS3035RES50000mN3700000E4250000",5.48915043618762,80.6224714964629,5.55029418319465,6.21598000871017,0,0.422030175104737,1.70007357373834,0,15.610387802124,814.012390136719,552.587524414062
"CRS3035RES50000mN3700000E4300000",5.25052549492102,75.8082497864961,9.95483985170722,4.28813106846065,0,2.27292845956981,2.42532705888152,0,15.7007274627686,750.813354492188,560.876159667969
"CRS3035RES50000mN3700000E4350000",6.75083046662621,65.9401984885334,20.3720931429416,5.8524917345494,0,0.273754145018756,0.81063121324405,0,15.9406299591064,665.457153320312,548.734069824219
"CRS3035RES50000mN3700000E4400000",4.73372777923942,3.04961316287518,2.9585799202323,76.2403294444083,11.0605373978615,0,1.95721443742514,0,16.1099662780762,641.219055175781,563.873657226562
"CRS3035RES50000mN3700000E4450000",14.2695164307952,58.2247622776777,24.4143513962626,2.29553086683154,0.308067514561117,0,0.487773586064577,0,16.2092208862305,848.779602050781,604.74560546875
"CRS3035RES50000mN3700000E4500000",2.12827071081847,22.9023786727339,64.4133714959025,3.03298827784602,0.0983212608844042,0.0190168677363545,7.18352071708068,0.222133216448128,15.3271780014038,1052.57751464844,631.836181640625
"CRS3035RES50000mN3700000E4550000",1.5031999675557,10.3599996771663,67.9436011239887,9.54639993142337,0,0,10.4895999887958,0.157199997920543,15.2971725463867,822.227355957031,638.323059082031
"CRS3035RES50000mN3700000E4600000",0.76320001971908,8.88199983164668,70.8679994568228,7.10440027905861,0,0,12.368800258264,0.0136000002385117,15.4712915420532,721.360961914062,640.060729980469
"CRS3035RES50000mN3700000E4650000",1.323046178004,12.9567710217088,79.3963961303234,4.07275299949106,0,0.085451033373829,2.16558512765915,0,15.8087501525879,654.4189453125,634.023803710938
"CRS3035RES50000mN3700000E4700000",5.81649101222865,60.2984847209882,10.6258383020759,22.3157526692376,0.497471960261464,0.398519774898887,0.0474428321467713,0,15.9174222946167,525.506958007812,592.411865234375
"CRS3035RES50000mN1800000E3200000",0.445599987870082,43.2199990609661,33.3680003881454,22.7983998949639,0.0831999983347487,0,0.0847999981488101,0,22.9395923614502,597.159240722656,685.848999023438
"CRS3035RES50000mN1800000E3250000",1.75720000261208,57.0223988499492,20.9651999175548,20.0923997166683,0.126000004820526,0,0.0368000000889879,0,23.1546440124512,431.906311035156,658.595336914062
"CRS3035RES50000mN3750000E3250000",0,26.2195117771625,0,41.0060986876488,0,0,32.7743900939823,0,13.4904222488403,1318.52575683594,257.258361816406
"CRS3035RES50000mN3750000E3300000",0.0585604750085622,4.39735928084702,2.62812328292057,22.2370094852522,1.02569558075629,3.62010225653648,66.0331470193342,0,13.2045621871948,1596.37854003906,270.457916259766
"CRS3035RES50000mN3750000E3350000",0.569169968366622,7.56445228471421,35.8378185424954,34.7545580472798,0.0204003561520949,0.69208212516969,20.5436699092388,0.0178503119968809,13.148509979248,2473.5439453125,337.415130615234
"CRS3035RES50000mN3750000E3400000",0.975066394312306,10.3043854935095,19.3568436428905,51.6062768176198,0,0.190493100672029,16.7452313005924,0.821703299880028,12.8292627334595,2609.76318359375,398.176422119141
"CRS3035RES50000mN3750000E3450000",4.34239999158308,40.3155994077679,12.1223997324705,36.7196001243428,0,0,6.24319991038646,0.256799999624491,13.4558382034302,1405.73400878906,408.094818115234
"CRS3035RES50000mN1800000E3300000",0.601599999208702,65.8127988688647,11.2779998220503,22.0743998885155,0,0,0.233200001821388,0,22.9549732208252,376.731353759766,644.364929199219
"CRS3035RES50000mN3750000E3500000",7.57957069436088,72.2328060626752,6.91120778210461,6.52140660677105,0.016685901209712,6.35362048633397,0.292930280556902,0.0917724624741822,14.2000818252563,869.821594238281,390.213714599609
"CRS3035RES50000mN3750000E3550000",6.10000796150416,86.1064288765192,4.1656631976366,2.08684483077378,0,1.54105466790497,0,0,13.4349803924561,716.935852050781,312.490875244141
"CRS3035RES50000mN3750000E4200000",4.44097268627956,60.9903228469193,8.6215624352917,20.8609990775585,1.31782609969378,0.179374788422137,3.58894243836402,0,15.2487096786499,887.565795898438,479.262786865234
"CRS3035RES50000mN3750000E4250000",4.46909378078999,65.5359713360667,9.10311297047883,11.7610961198807,0.605237716808915,3.36064199073007,5.1648486405611,0,15.583592414856,807.599548339844,522.851745605469
"CRS3035RES50000mN3750000E4300000",8.13396008597919,78.0507616698742,5.2933000959456,4.28360911319033,0.0303140550386161,1.75961419008672,2.44844271801412,0,15.799599647522,767.5,558.392578125
"CRS3035RES50000mN3750000E4350000",3.89283464755863,24.8404204845428,12.7573494799435,8.6936978623271,0,48.975095525384,0.840600579977036,0,15.8406744003296,693.408020019531,543.348449707031
"CRS3035RES50000mN3750000E4400000",21.8641117215157,35.1045290008187,29.7909401357173,13.2404178380966,0,0,0,0,16.0066680908203,750.917053222656,566.479370117188
"CRS3035RES50000mN3750000E4450000",3.66789496620186,37.7807902637869,52.5442313402891,3.31414891115856,0,0.124344020150602,2.44577080011368,0.122821447439492,15.7327470779419,1016.17755126953,619.664916992188
"CRS3035RES50000mN3750000E4500000",0.991200025600847,8.32559978589415,71.067599253729,5.55560016364325,0,0,14.0284002525731,0.0315999990561977,15.2204370498657,1057.13073730469,642.657958984375
"CRS3035RES50000mN3750000E4550000",2.1168000617763,11.5856000455096,66.7600024491549,6.47679987014271,0,0,13.0607998231426,0,15.1604385375977,813.793579101562,651.163391113281
"CRS3035RES50000mN1800000E3350000",2.12919998448342,37.0624002534896,21.6700000826677,38.8600000180303,0,0,0.270000007003546,0.0083999999333173,23.2397003173828,497.146636962891,607.078857421875
"CRS3035RES50000mN3750000E4600000",2.23519993742229,8.25319993309677,70.559998229146,6.92319981753826,0,0,12.0283999945969,0,15.11732006073,736.182800292969,655.946411132812
"CRS3035RES50000mN3750000E4650000",0.992800037784037,6.21639982564375,85.1572021842003,4.19719998608343,0,0,3.43639995553531,0,15.6336822509766,634.985656738281,652.781311035156
"CRS3035RES50000mN3750000E4700000",3.70232651475817,45.0641028495738,47.5158853456378,2.66033975640312,0.10266276076436,0.260294578038156,0.694388301417348,0,16.0714378356934,547.499267578125,616.251220703125
"CRS3035RES50000mN3750000E4800000",0.641928939148784,69.8528252542019,24.8473468236625,2.85736657679081,0.336621259339154,0,1.46391103044152,0,15.9792938232422,552.684387207031,578.656311035156
"CRS3035RES50000mN1800000E3400000",6.61109496286372,49.7961121145636,6.12001323606819,35.7271956279874,1.11224245047197,0.163206846627872,0.470133149065077,0,24.2752780914307,705.294372558594,541.612243652344
"CRS3035RES50000mN3800000E3250000",2.65454091131687,32.5918644666672,0,40.5431977007538,10.6919012963772,3.06009594351053,10.4584002867341,0,13.3668336868286,1292.46423339844,250.72705078125
"CRS3035RES50000mN3800000E3300000",0.29614040395245,7.91334882378578,14.3167073838413,55.5594131350517,2.10878001525998,0.722452451009304,19.0831584157422,0,13.0737733840942,1909.52319335938,272.707763671875
"CRS3035RES50000mN1800000E3450000",32.0521557005123,42.4833820899948,4.19294349849224,21.271518804133,0,0,0,0,24.3549022674561,658.682189941406,451.730224609375
"CRS3035RES50000mN3800000E3350000",0.668835584656337,4.90782059496268,20.2264765277505,42.5371373072266,0.393432704731822,1.02595141215715,30.2403464913368,0,13.1278562545776,2701.1298828125,355.484497070312
"CRS3035RES50000mN3800000E3400000",0.414460970205255,1.3474013627274,11.4347690250725,50.3860380500555,1.26515419688076,0.0701519573340193,35.0630775094032,0.0189490907359868,11.8780565261841,2622.9306640625,403.679351806641
"CRS3035RES50000mN3800000E3450000",0.547200009896186,6.23919997597113,13.3280001580715,52.5843990966677,0.0404000005801208,0,27.2456003352999,0.0151999993249774,11.690016746521,1545.46484375,415.189453125
"CRS3035RES50000mN3800000E3500000",0.429600007919361,17.9867993414518,11.6308003664017,64.1567973420024,0.0108000000182074,0,5.78520003182348,0,12.234920501709,1237.4833984375,415.201721191406
"CRS3035RES50000mN3800000E3550000",7.3276290204376,53.5507898137439,20.7243559882045,16.3179402123206,0.0983908772468567,0.749140651896596,1.15889498847536,0.0728590646758676,13.2762680053711,916.071533203125,347.721801757812
"CRS3035RES50000mN3800000E4250000",66.0714268684387,0,0,0,33.928570151329,0,0,0,15.3150472640991,891.918334960938,486.156280517578
"CRS3035RES50000mN3800000E4300000",5.9925905559794,79.1152228601277,6.05842019431292,6.44989615684607,0.786453112959862,0.231804070062935,1.36561315739527,0,15.5687074661255,785.464660644531,528.138488769531
"CRS3035RES50000mN3800000E4350000",28.7470049457625,21.426915191114,16.6653780266643,26.7449956387281,1.68508924543858,4.13542557507753,0.595192098990083,0,15.7454261779785,726.278076171875,539.26513671875
"CRS3035RES50000mN3800000E4400000",31.6583125211764,19.0792388748378,35.3139422833919,6.8885745247826,1.74641926423646,3.40001992881298,1.48367100628093,0.429821945726871,15.9497241973877,822.345581054688,586.44287109375
"CRS3035RES50000mN3800000E4450000",3.39358345299843,14.5009505795315,71.1160311475397,3.78869938431308,0,0,7.18910233263159,0.011632851237664,15.3885822296143,1066.22106933594,633.308715820312
"CRS3035RES50000mN1800000E3550000",5.26253188727424,45.0139730470254,42.9149083443917,6.80858650011942,0,0,0,0,24.8862113952637,492.361938476562,465.113922119141
"CRS3035RES50000mN3800000E4500000",1.82960000602179,9.62240011431277,75.8195995818824,4.39560011727735,0,0,8.33279993676115,0,14.9394121170044,994.918395996094,650.368957519531
"CRS3035RES50000mN3800000E4550000",1.41919999150559,10.0084001664072,76.1980005074292,2.20879995031282,0,0,10.1655999664217,0,14.8108758926392,849.648498535156,657.471862792969
"CRS3035RES50000mN3800000E4600000",1.83599995652913,15.7864001579583,72.6024004630744,2.19079993548803,0,0,7.56960021681152,0.0148000006447546,14.9987783432007,720.215515136719,663.250915527344
"CRS3035RES50000mN3800000E4650000",1.28599997551647,9.54679979477078,81.8824028596282,2.7507999620866,0,0,4.5339998905547,0,15.7428932189941,633.093078613281,668.627685546875
"CRS3035RES50000mN3800000E4700000",2.50140188727528,10.0835385033861,81.5730720758438,2.17637160094454,0.457133073359728,0.678571779280901,2.5299133034423,0,16.2424011230469,574.299621582031,639.328369140625
"CRS3035RES50000mN3800000E4800000",1.36713652173057,48.5042757820338,47.5888753775507,2.27433682885021,0.0231086334679276,0,0.242267927387729,0,16.1112670898438,569.359130859375,612.262268066406
"CRS3035RES50000mN3800000E4850000",0,49.9422642402351,32.4480380862951,17.6096990704536,0,0,0,0,16.0452270507812,613.031677246094,586.837524414062
"CRS3035RES50000mN1800000E3650000",6.16618283092976,46.564356260933,6.29061236977577,40.9788461402059,0,0,0,0,24.4688777923584,475.820281982422,448.140777587891
"CRS3035RES50000mN1800000E3700000",3.75682283192873,69.358370010741,13.1197405979037,13.0046052508987,0.135035254061222,0.560040934942663,0.0653854920528829,0,24.3677978515625,471.581329345703,457.949401855469
"CRS3035RES50000mN3850000E3250000",1.01235071197152,9.68819633126259,0,74.5596297085285,7.84571766853333,2.49038264155388,4.4037252664566,0,13.1807165145874,1367.30212402344,246.294815063477
"CRS3035RES50000mN3850000E3300000",0,5.6348841637373,1.15154308732599,59.6141052432359,1.61216031992808,0.532268779352307,31.4550399780273,0,13.0701189041138,2148.587890625,263.952819824219
"CRS3035RES50000mN3850000E3350000",0.120430265087634,3.02779299672693,6.55199375469238,52.2790696471929,0.726693827891722,0.682633978431113,36.4527693018317,0.158615468535572,12.8534126281738,2897.94677734375,342.665649414062
"CRS3035RES50000mN3850000E3400000",0.638399990566541,2.05439999699593,13.901200145483,44.5836003869773,0.301199988462031,0,38.4840005921433,0.0372000009519979,12.0319890975952,2294.900390625,398.187255859375
"CRS3035RES50000mN3850000E3450000",0.928800014662556,8.00200034864247,17.38559929654,38.9016000553965,0,0,34.7811987390742,0.000799999997980194,12.0353994369507,1315.10144042969,403.402099609375
"CRS3035RES50000mN3850000E3500000",0.824400012788828,19.328399351798,17.7407996729016,47.7399988099933,0,0,14.3663992872462,0,12.3276052474976,1143.77124023438,404.126434326172
"CRS3035RES50000mN3850000E3550000",2.43547917925753,78.7868646380957,11.9965118356049,5.88358786480966,0.0141315933433361,0.0742918055038899,0.809134636074305,0,13.4478940963745,976.925598144531,372.490875244141
"CRS3035RES50000mN3850000E3600000",4.36384035565426,81.2396020162851,5.69318486377597,4.8106946516782,0.566513976082206,1.16481257718988,2.16135375667363,0,13.1943531036377,839.517333984375,302.108612060547
"CRS3035RES50000mN1800000E4150000",2.45534224086441,18.9723692659754,17.1151406422723,55.5683398153633,3.70107726193964,2.13153143413365,0.0561985711101443,0,23.6598110198975,567.069885253906,494.643707275391
"CRS3035RES50000mN3850000E4100000",3.81780794123188,17.7415780490264,52.1587842144072,23.5521111637354,0,0.278348894789815,2.45136804878712,0,14.5259027481079,1474.41760253906,442.265289306641
"CRS3035RES50000mN3850000E4150000",3.70139525621198,6.48952554911375,80.7069525122643,5.31550897867418,0,0,3.55512034147978,0.231496198102832,15.0444107055664,1419.30163574219,499.345092773438
"CRS3035RES50000mN3850000E4200000",26.1186953866854,8.2852765917778,59.3546986579894,4.75217155180871,0,0,1.06577118858695,0.423388555645943,15.3047533035278,1234.29504394531,499.287994384766
"CRS3035RES50000mN3850000E4350000",0,0,0,29.4117659330368,70.5882370471954,0,0,0,15.65114402771,770.283813476562,537.228149414062
"CRS3035RES50000mN3850000E4400000",7.92532663726889,26.6249774955213,53.3811535686255,6.21237196028232,2.46520747896284,1.23904114589095,1.26540368219139,0.886518321931362,15.707160949707,903.142456054688,597.726623535156
"CRS3035RES50000mN3850000E4450000",3.39639999801875,20.9372000768781,63.9984007924795,2.84280004707398,0,0,8.82520008599386,0,15.3042106628418,971.276672363281,641.550231933594
"CRS3035RES50000mN3850000E4500000",1.36600001642364,28.7411992438137,60.213200841099,3.42280007898808,0,0,6.25679994700476,0,14.7085905075073,893.52978515625,649.829528808594
"CRS3035RES50000mN3850000E4550000",3.21239998447709,16.0592000858742,54.2395992204547,2.33680000528693,0,0,24.1519997478462,0,15.0566759109497,717.805358886719,658.526550292969
"CRS3035RES50000mN3850000E4600000",1.1832000411232,12.5380001962185,73.547201603651,2.29199992027133,0,0,10.4396002017893,0,14.9993352890015,653.147216796875,663.545959472656
"CRS3035RES50000mN3850000E4650000",0.84400000559981,13.5748000757303,73.8943973556161,3.16560001228936,0.0155999994603917,0,8.50559990503825,0,15.6649951934814,636.565307617188,673.022033691406
"CRS3035RES50000mN1800000E4200000",4.00239997688914,79.6703984378837,5.57640017941594,10.3883998119272,0.242399994749576,0,0.120000005699694,0,24.2089328765869,620.57470703125,580.07763671875
"CRS3035RES50000mN3850000E4700000",2.90215500863269,15.6709518283606,75.019109621644,1.38377120601945,0.109515280928463,0.149442721158266,4.76505553815514,0,16.0758533477783,615.446960449219,636.890625
"CRS3035RES50000mN3850000E4800000",3.07341601001099,38.0685317795724,54.1759234387428,3.05242959875613,0.0824981019832194,0,1.54720123391598,0,16.1123924255371,571.72900390625,620.076782226562
"CRS3035RES50000mN3850000E4850000",4.68252217397094,18.3596354909241,59.0057075023651,11.4469883963466,1.14840334281325,0,5.35674579441548,0,16.0084381103516,591.779968261719,589.270202636719
"CRS3035RES50000mN1800000E4250000",1.12323893990833,21.800406021066,14.7985477931798,60.6418105075136,0.317327596712857,0.385830068262294,0.932842376641929,0,23.8569068908691,594.774353027344,570.032043457031
"CRS3035RES50000mN3900000E3250000",1.09530582558364,18.7929278239608,0,32.830725889653,2.18654745258391,9.20747807249426,35.8870140858926,0,12.9989757537842,1336.40319824219,242.566162109375
"CRS3035RES50000mN3900000E3300000",0.198132311925292,9.75364570622333,11.2891712691635,18.2165179401636,0.329249282367527,0.418117456138134,59.7951655741781,0,13.0246229171753,1896.67297363281,267.21337890625
"CRS3035RES50000mN3900000E3350000",0.381319955340586,5.05000280681997,4.54201796092093,32.9440560191869,0.531195290386677,0.873388543550391,55.6780172511935,0,12.7291011810303,2283.16137695312,310.325073242188
"CRS3035RES50000mN3900000E3400000",0.205200002528727,1.07720003579743,4.04279986396432,36.3175995647908,0.839199963957071,0.0436000002082437,57.4743975390447,0,11.8983402252197,2367.72827148438,386.462432861328
"CRS3035RES50000mN3900000E3450000",3.49571817496326,31.7294701002538,21.5447728522122,21.057977512828,0,8.93638547277079,13.2356756832451,0,13.679497718811,1123.59338378906,398.299774169922
"CRS3035RES50000mN3900000E3500000",4.78708376176655,46.656270744279,34.1106554493308,8.9132179506123,0.169474293943495,3.12736550113186,2.23593075061217,0,13.5758094787598,818.660339355469,338.984466552734
"CRS3035RES50000mN3900000E3550000",2.99978098482825,72.9654771042987,15.6022673472762,6.73430170863867,0,0.625258492073044,1.07291433960199,0,13.1041193008423,840.427062988281,298.571441650391
"CRS3035RES50000mN3900000E3600000",15.5050395987927,72.5713089108467,2.50911433249712,4.16041174030397,0,5.25412820279598,0,0,12.8824157714844,833.6904296875,277.868072509766
"CRS3035RES50000mN1800000E4800000",4.71924336743542,25.1613922417164,61.7137900553644,7.96026460593567,0.445311050862074,0,0,0,23.9615821838379,985.489379882812,496.165710449219
"CRS3035RES50000mN3900000E4050000",2.08189890254289,39.2589250579477,5.89599553495645,47.0737457275391,0.293531431816518,0,5.3959050681442,0,14.1500959396362,1757.25061035156,430.121032714844
"CRS3035RES50000mN3900000E4100000",0.782230679760687,6.81440589250997,46.8055445700884,38.1082472857088,0.0599940947722644,0,7.37327402457595,0.0563021458219737,13.7116088867188,2471.36694335938,536.398193359375
"CRS3035RES50000mN3900000E4150000",0.430399998731445,5.86760006844998,72.197600081563,13.5808002203703,0,0,7.71319977939129,0.210399995557964,13.8737506866455,2039.19445800781,591.093566894531
"CRS3035RES50000mN3900000E4200000",2.87751269643195,5.01541446428746,81.3993200659752,3.81875080056489,0,0,6.6948601976037,0.194142060354352,15.4354724884033,1479.52880859375,606.45849609375
"CRS3035RES50000mN3900000E4250000",6.63911839947104,10.4840613901615,77.2333703935146,2.77449828572571,0,0,2.86894924938679,0,15.9573383331299,1118.36047363281,558.789184570312
"CRS3035RES50000mN3900000E4350000",7.46678900904954,22.1255157142877,25.8875394240021,24.8568490147591,18.9418226480484,0.486715510487556,0.234768656082451,0,15.7584657669067,850.68505859375,559.427856445312
"CRS3035RES50000mN3900000E4400000",2.59053608315298,23.3873256249353,65.5087355524302,3.56972343288362,0.442513078451157,0.106539111584425,4.33362223266158,0.0610058021266013,15.6776504516602,975.164367675781,634.943115234375
"CRS3035RES50000mN3900000E4450000",2.61279991973424,45.3668012749404,26.141999475658,1.20039997855201,0,0,24.4551996234805,0.222799996845424,15.9754180908203,793.985900878906,660.968994140625
"CRS3035RES50000mN3900000E4500000",3.45199990988476,52.834400635038,34.5187995582819,1.61439999938011,0,0,7.58039988577366,0,15.4845275878906,711.037780761719,659.729797363281
"CRS3035RES50000mN3900000E4550000",1.58279998286162,24.6260001411429,31.9352004677057,2.02960006135981,0,0,39.826399507001,0,15.8527631759644,638.979125976562,671.282104492188
"CRS3035RES50000mN1800000E4850000",2.93879995297175,29.8271998755808,58.1547990441322,7.88159994408489,0.367599996388889,0,0.82999998703599,0,19.4275341033936,1248.31823730469,577.627685546875
"CRS3035RES50000mN3900000E4600000",3.44639998365893,43.4523990377784,41.4668006822467,1.40559999272227,0,0,10.1304000942037,0.0984000042080879,15.6461572647095,595.785400390625,676.299194335938
"CRS3035RES50000mN3900000E4650000",2.4017956595344,29.7406610043254,55.4357063025236,2.12882799678482,0,0,10.2557321311906,0.0372775364667177,15.8485059738159,612.6591796875,681.087219238281
"CRS3035RES50000mN3900000E4700000",0.716226967051625,20.8736006170511,69.669262971729,5.25298523716628,0.0382641796022654,0.959547888487578,2.49011499690823,0,15.8256063461304,594.424133300781,633.880004882812
"CRS3035RES50000mN3900000E4800000",0,8.68385341018438,62.0081424713135,6.24151974916458,8.2767978310585,0,14.7896876558661,0,15.8622570037842,544.317260742188,592.896850585938
"CRS3035RES50000mN3900000E4850000",1.71255562454462,17.286403849721,40.8647924661636,30.9016942977905,4.30504307150841,0,4.92951096966863,0,15.9073629379272,569.685852050781,587.030578613281
"CRS3035RES50000mN1800000E4900000",2.64815206755884,52.6699237292633,32.6295662671328,11.2080502323806,0.82837725058198,0,0.0159303308464587,0,23.5237941741943,919.539001464844,563.812744140625
"CRS3035RES50000mN3950000E3200000",0,0,0,0,0,0,0,0,13.0083703994751,1345.05871582031,227.505325317383
"CRS3035RES50000mN3950000E3250000",0,21.1422495543957,2.10180915892124,18.3753105811775,0.758247589692473,15.4398721060716,42.1825125813485,0,12.9331665039062,1394.85339355469,238.627883911133
"CRS3035RES50000mN3950000E3300000",0.147172543802298,3.92501682508737,0.557509559439496,34.8773975158111,2.07538232207299,1.42807256197557,56.9894490763545,0,12.9001922607422,1640.00793457031,267.970794677734
"CRS3035RES50000mN3950000E3350000",0,7.87092596292496,0.313314399681986,12.8722435329109,0,0.330883427523077,78.6126330494881,0,12.9841346740723,1651.70483398438,272.947418212891
"CRS3035RES50000mN3950000E3400000",0.125155691057444,2.43030701531098,3.33708407124504,21.9004412647337,0.566209154203534,1.84965668013319,69.7911486029625,0,12.6131372451782,2142.67651367188,327.076385498047
"CRS3035RES50000mN3950000E3450000",0.293240971222986,4.48389202356339,11.3808873342351,32.5284292921424,0.0132742832647637,0.414318533148617,50.8388952817768,0.0470633676741272,12.7039394378662,1608.68469238281,383.685791015625
"CRS3035RES50000mN3950000E3500000",0.673599925357848,6.78986065322533,6.00920298602432,23.7229530874174,0.0492067076265812,0.275956536643207,62.4792215414346,0,12.9888067245483,1007.01690673828,341.610687255859
"CRS3035RES50000mN3950000E3550000",4.71641772892326,47.0298500731588,7.36567154526711,18.1641788687557,0,1.08208954334259,21.6417910996824,0,12.7843408584595,831.301086425781,277.346008300781
"CRS3035RES50000mN3950000E4050000",8.18984366196674,43.3132581412792,15.159704675898,26.945796032669,0.0443981145508587,0,6.3470003195107,0,13.7719459533691,2019.37609863281,455.845062255859
"CRS3035RES50000mN3950000E4100000",0.366348134775762,2.58073711302131,13.1310743279755,76.4767032931559,1.40467407181859,0,6.00541988387704,0.0350455375155434,11.4905672073364,3302.68286132812,561.766296386719
"CRS3035RES50000mN3950000E4150000",0.24479999410687,0.844800012419001,27.4071998894215,62.2064006980508,0,0,9.14720017462969,0.149599998258054,11.6907367706299,2066.22143554688,610.546508789062
"CRS3035RES50000mN3950000E4200000",0.393999990046723,0.96600001124898,71.8311998993158,18.6087995767593,0.0119999996968545,0,8.07600039988757,0.112000002991408,13.7292098999023,1518.92053222656,643.223754882812
"CRS3035RES50000mN3950000E4250000",1.34499263949692,2.99011610914022,85.8745258301497,4.16113465034868,0,0,5.62923187389969,0,15.628927230835,1183.18359375,625.395751953125
"CRS3035RES50000mN3950000E4300000",17.1209603082389,26.22264418751,49.2165062576532,3.92668091226369,0,0.321297836489975,2.90748199331574,0.284427590668201,15.9500455856323,969.423583984375,583.892578125
"CRS3035RES50000mN3950000E4350000",4.2652407893911,20.9640309214591,61.8817411363125,9.48332147381734,2.33624521642923,0,1.06941898120567,0,16.0080375671387,887.379333496094,603.665588378906
"CRS3035RES50000mN3950000E4400000",0.532906786247622,11.7782050278038,74.696575012058,3.18096322298515,0.0872102391440421,0.0470211874926463,9.67712118872442,0,15.3661937713623,982.994873046875,655.802124023438
"CRS3035RES50000mN3950000E4450000",0.790800011600367,8.43439973832574,31.9492006674409,1.04040003498085,0,0,57.7852009562775,0,16.1437129974365,802.497436523438,679.027954101562
"CRS3035RES50000mN3950000E4500000",0.636800014763139,8.72919979738072,14.8007997311652,1.21719996604952,0,0,74.6160005452112,0,16.2102947235107,696.590881347656,673.138549804688
"CRS3035RES50000mN3950000E4550000",0.988399999368995,13.2159998174756,58.1363985314965,3.23480015431414,0,0,24.3771995301359,0.0472000014269724,15.6309309005737,722.552307128906,678.061706542969
"CRS3035RES50000mN3950000E4600000",1.0508000079426,14.4119996577502,67.3439983278513,2.83199996265467,0,0,14.3452003598213,0.015999999595806,15.7148494720459,687.938171386719,691.773864746094
"CRS3035RES50000mN3950000E4650000",3.60552266938612,20.419346820563,61.4306728355587,2.70733503857628,0,0.441677554044873,11.2186924088747,0.176753418054432,15.9555330276489,637.085632324219,694.861938476562
"CRS3035RES50000mN3950000E4700000",3.16966109530767,34.4710227567702,49.3090541567653,5.7331576012075,0,0.199100797181017,7.08727969322353,0.0307217851513997,15.7872896194458,598.097106933594,658.64794921875
"CRS3035RES50000mN3950000E4750000",5.02054542303085,7.56817348301411,85.5958194006234,1.5315652359277,0,0.28389988001436,0,0,15.6403541564941,525.491271972656,617.235595703125
"CRS3035RES50000mN3950000E4850000",0,0,88.4038209915161,0,11.5961797535419,0,0,0,15.7339372634888,566.685363769531,587.971618652344
"CRS3035RES50000mN4000000E3200000",0,0,0,0,0,0,0,0,12.8346214294434,1423.67590332031,222.097473144531
"CRS3035RES50000mN4000000E3300000",0.0998622621409595,6.72004129737616,0.272038578987122,19.9104680330493,0.604338850826025,0.468319572973996,71.9249304383993,0,12.980544090271,1592.49145507812,262.820251464844
"CRS3035RES50000mN4000000E3350000",1.17484047659673,12.3655159026384,0.253830756992102,5.20935209933668,0.329514220356941,0.869777833577245,79.7971652820707,0,13.0661907196045,1490.20812988281,276.941223144531
"CRS3035RES50000mN4000000E3400000",0.381439412012696,2.39761907796492,2.31378624448553,21.2683904916048,0,1.45449968986213,72.1842654049396,0,12.7327575683594,1801.8974609375,265.686218261719
"CRS3035RES50000mN4000000E3450000",0.073445463203825,2.97126909717917,2.33134809241164,22.0030975528061,2.38370520528406,1.26820680161472,68.9689258113503,0,12.3662700653076,1608.53051757812,294.408355712891
"CRS3035RES50000mN4000000E3500000",1.27645085740369,25.4832902923226,9.99270338215865,12.6098167151213,0.0564284680876881,0.56039304472506,50.0209174118936,0,12.7193584442139,1096.92065429688,291.393890380859
"CRS3035RES50000mN4000000E3550000",0.950600509531797,44.3748779594899,3.4443836659193,27.9942151915747,0.17107282183133,1.61901898682117,21.4458304573782,0,12.3789844512939,983.006713867188,263.400085449219
"CRS3035RES50000mN4000000E4000000",9.97822592034936,42.582599632442,3.30398557707667,39.9697045097128,0.236675189808011,0,3.92880802974105,0,13.8864049911499,1311.29089355469,384.028503417969
"CRS3035RES50000mN4000000E4050000",3.63649745850126,29.8243463039399,35.7355959713459,26.4175312564476,0.0433208275353536,0,4.34270855039358,0,14.2084369659424,2014.87780761719,486.859680175781
"CRS3035RES50000mN4000000E4100000",0.104149377148133,2.71867224364542,22.3937759175897,59.5124476560159,5.25684654712677,0,10.0141075439751,0,11.1519298553467,3226.29638671875,559.555114746094
"CRS3035RES50000mN4000000E4150000",0.228800002514618,0.808400017558596,27.64159925282,59.6544011961668,0.779999978840351,0,10.8756002038717,0.0112000001536217,10.2042121887207,1954.07690429688,616.869506835938
"CRS3035RES50000mN4000000E4200000",0.343199992494192,2.11880006827414,67.9499987512827,18.8364002853632,0.0807999982498586,0,10.6332000344992,0.0376000010874122,12.8358030319214,1292.82165527344,680.228149414062
"CRS3035RES50000mN4000000E4250000",1.76316240831511,7.82654462382197,73.268080689013,10.6898752041161,0,0,6.26549501903355,0.186843785922974,14.6924381256104,1147.74304199219,713.012512207031
"CRS3035RES50000mN4000000E4300000",5.71108820731751,24.4045254599768,55.670553073287,10.7128064410063,0,0.0854768615681678,2.94542703777551,0.470122741535306,15.5225276947021,1113.83142089844,687.494445800781
"CRS3035RES50000mN4000000E4350000",8.22394113056362,32.3186668101699,50.3170145209879,2.92121538077481,0,0.522403046488762,4.19206116348505,1.5046994201839,16.2460556030273,929.274230957031,689.004821777344
"CRS3035RES50000mN4000000E4400000",0.927792961738305,10.6082067068201,70.0761743821204,3.9200153798447,0,0,14.4538069143891,0.0140029122121632,15.4015846252441,913.498168945312,682.523742675781
"CRS3035RES50000mN4000000E4450000",0.823200015292968,12.080000131391,70.8343969192356,2.85000000149012,0,0,13.399999635294,0.0123999998322688,15.6262903213501,835.882263183594,693.875854492188
"CRS3035RES50000mN4000000E4500000",2.77199998963624,11.204800219275,23.1071996502578,0.85400000680238,0.011600000289036,0,61.8571997620165,0.193200004287064,16.2897853851318,765.256408691406,710.092834472656
"CRS3035RES50000mN4000000E4550000",2.20959996368037,11.5595998242497,66.176800057292,4.32519982568919,0.0112000001536217,0.0456000008853152,15.4668000526726,0.205200002528727,15.6043071746826,795.853698730469,707.06591796875
"CRS3035RES50000mN4000000E4600000",4.44119992316701,35.8504006173461,44.2540001124143,2.04280003090389,0.0228000004426576,0,13.2588000968099,0.130000000353903,15.8874940872192,706.064575195312,714.948669433594
"CRS3035RES50000mN4000000E4650000",3.14719994057668,26.6676004510373,52.440800704062,2.76880003511906,0,0,14.7671996615827,0.208400003612041,16.0247001647949,634.744262695312,713.711303710938
"CRS3035RES50000mN4000000E4700000",2.15079996851273,23.5811996739358,58.1788002047688,1.56280003575376,0,0,14.5060006994754,0.0203999996301718,15.9313745498657,616.251770019531,704.467346191406
"CRS3035RES50000mN4000000E4750000",17.0873441893491,19.5402539335191,53.0116063077003,2.15125845279545,0.0165005432791077,0.0897217047167942,8.10331436805427,0,15.7104425430298,602.720275878906,669.77294921875
"CRS3035RES50000mN4000000E4800000",14.1881214512978,4.49855928891339,78.3901847898961,1.2361743953079,0.0418254494434223,0.571614457294345,1.07351983897388,0,15.3481616973877,552.683471679688,604.238159179688
"CRS3035RES50000mN4050000E3550000",1.39395301230252,58.0658718943595,0,28.5767867637332,0.141045841155574,1.05784377083182,10.7644986594096,0,12.1181631088257,1111.43103027344,246.764251708984
"CRS3035RES50000mN4050000E3600000",0,75.4096642136574,0,6.79319649934769,2.13648620992899,12.3003529850394,3.36029869504273,0,12.0944051742554,998.659057617188,243.331573486328
"CRS3035RES50000mN4050000E3650000",0,85.7142865657806,0,14.2857149243355,0,0,0,0,12.2621278762817,968.309814453125,251.067810058594
"CRS3035RES50000mN4050000E4000000",1.78849138319492,13.7052876874804,4.14074659347534,79.3254293035716,0,0,1.04004666209221,0,13.660135269165,1454.31958007812,377.457794189453
"CRS3035RES50000mN4050000E4050000",1.72354795504361,15.6961491331458,39.5486382767558,36.3068628881593,1.60605926066637,0,5.11874351650477,0,13.4854650497437,2699.31420898438,503.723693847656
"CRS3035RES50000mN4050000E4100000",0.299220289161894,1.57349311630242,21.7271999455989,61.9895051873755,8.9708149433136,0,5.43976691551506,0,10.9062795639038,3588.30859375,587.298217773438
"CRS3035RES50000mN4050000E4150000",0.490400003036484,0.431999981810804,13.6240001767874,69.4859989569522,6.07560006901621,0,9.87999998033047,0.0119999996968545,9.32468509674072,2015.45495605469,639.103698730469
"CRS3035RES50000mN4050000E4200000",0.613600018550642,1.82160002877936,37.7328000962735,43.9975989982486,1.00320000201464,0,14.8312002420426,0,10.6080284118652,1393.89501953125,674.542236328125
"CRS3035RES50000mN4050000E4250000",1.27519995221519,3.2391999149695,69.7868027724325,18.1324003264308,0.0039999998989515,0,7.26920012384653,0.293199997395277,13.5483064651489,1085.38269042969,743.402770996094
"CRS3035RES50000mN4050000E4300000",6.24502629943891,16.5390526337433,65.2305479045026,7.1162624808494,0,0.0519525492563844,4.36772510875017,0.449430802837014,15.2259531021118,1029.91284179688,767.970947265625
"CRS3035RES50000mN4050000E4350000",13.6927395185921,25.7688481826335,49.683390557766,4.62922574952244,0,0,5.63575009437046,0.590046402066946,15.8387775421143,989.097717285156,743.012145996094
"CRS3035RES50000mN4050000E4400000",0.63199998694472,11.7575999582186,73.4784005355323,3.80720011889935,0,0,10.3248000254098,0,15.2541122436523,906.765747070312,719.247436523438
"CRS3035RES50000mN4050000E4450000",1.23520003980957,10.2096003218321,71.0611984017305,3.24960012803786,0,0,14.2323999200016,0.0119999996968545,15.4124021530151,832.685607910156,725.165466308594
"CRS3035RES50000mN4050000E4500000",0.89440000592731,11.5351996384561,70.9907998796553,5.50359987537377,0,0,10.6203999253921,0.455600023269653,15.3840379714966,841.986694335938,737.713806152344
"CRS3035RES50000mN4050000E4550000",0.996399999712594,2.35760000068695,76.8975991057232,4.70760017633438,0,0,14.9795994046144,0.0612000003457069,14.9429559707642,901.647644042969,724.830139160156
"CRS3035RES50000mN4050000E4600000",1.81680000387132,14.243200130295,68.8719999277964,6.15320013021119,0.00960000033956021,0,8.8355997693725,0.0696000002790242,15.4672327041626,797.11279296875,728.4912109375
"CRS3035RES50000mN4050000E4650000",5.30319990502903,33.6431991774588,43.7155989930034,4.45960008073598,0.822400022298098,0,11.9484002701938,0.107600004412234,15.9411773681641,669.714050292969,729.67041015625
"CRS3035RES50000mN4050000E4700000",2.42280006059445,42.328000611451,32.0504012517631,1.43039999238681,0,0,21.7683994211257,0,16.0410327911377,597.595703125,727.833984375
"CRS3035RES50000mN4050000E4750000",17.6596454490209,27.0695363171398,43.9813232515007,2.10375119931995,0,0.121182843577117,9.06117224367335,0.00338973004545551,15.8299045562744,599.405090332031,705.874084472656
"CRS3035RES50000mN4050000E4800000",11.9928669795627,12.3025767505169,71.2117543444038,1.88775373972021,0,0.501434598118067,2.10361196368467,0,15.1406145095825,559.740905761719,627.600280761719
"CRS3035RES50000mN4100000E3650000",2.97769894823432,52.7622938156128,0,22.1743546426296,0,0,22.0856560394168,0,11.991436958313,1085.48608398438,243.306762695312
"CRS3035RES50000mN4100000E4000000",1.44394421949983,7.55462859524413,2.85494674462825,84.896232362371,0.153727899305522,0,3.09651913121342,0,13.4533739089966,1663.76611328125,374.674560546875
"CRS3035RES50000mN4100000E4050000",5.96988381439587,10.1411814976018,53.0074877664446,25.0684314873069,1.96688622236252,0,3.84612940251827,0,13.7711572647095,2830.73364257812,536.795288085938
"CRS3035RES50000mN4100000E4100000",0.446737295715138,2.81458326498978,19.9136951938272,40.1445770447026,32.0479840040206,0,4.6324213501066,0,10.8988313674927,3402.73583984375,619.680236816406
"CRS3035RES50000mN4100000E4150000",0.0928000023122877,0.0763999967603013,1.62719999352703,83.8928014039993,4.78000016300939,0,9.50759986881166,0.0232000005780719,8.53432655334473,1929.19689941406,631.720153808594
"CRS3035RES50000mN4100000E4200000",0.189199998567346,0.500400009332225,12.1947998180986,77.4428013712168,0.0163999997312203,0,9.65640023350716,0,9.4577579498291,1167.37390136719,678.92431640625
"CRS3035RES50000mN4100000E4250000",0.755199976265431,3.07040004990995,58.4556024521589,28.9268005639315,0,0,8.6327999830246,0.159200001507998,12.28955078125,1075.00512695312,742.046875
"CRS3035RES50000mN4100000E4300000",1.29800002032425,11.0748000442982,65.3779988642782,8.98159968783147,0,0,12.8423999994993,0.42519997805357,14.8163728713989,957.893127441406,793.979187011719
"CRS3035RES50000mN4100000E4350000",3.57839997886913,22.9904000327224,53.8471974432468,13.1576003273949,0,0,5.83440009504557,0.591999990865588,14.6540422439575,1028.53747558594,757.314208984375
"CRS3035RES50000mN4100000E4400000",0.939199996355455,13.6936000315472,68.0320009356364,6.49039980489761,0,0,9.81959998607636,1.02519998326898,15.0562448501587,899.528259277344,763.643310546875
"CRS3035RES50000mN4100000E4450000",0.454799989529419,3.68960006162524,80.4775996948592,6.53760022105417,0,0,8.82759999658446,0.0127999999676831,14.9042272567749,934.228088378906,764.272216796875
"CRS3035RES50000mN4100000E4500000",0.568800011387793,2.73519998881966,72.6159985875711,11.3664001226425,0,0,12.1435996727087,0.570000009611249,14.6725568771362,922.938232421875,754.087158203125
"CRS3035RES50000mN4100000E4550000",0.708400015719235,0.663200010603759,75.2252025064081,12.0279997587204,0,0,11.3752002245746,0,14.4317445755005,893.718811035156,739.005615234375
"CRS3035RES50000mN4100000E4600000",1.88279996073106,4.12880007061176,76.6067979391664,7.21240035491064,0,0,10.1691998133902,0,15.0323944091797,788.513488769531,741.852172851562
"CRS3035RES50000mN4100000E4650000",2.10439995862543,21.379199787043,59.1195978689939,4.04840002884157,3.95039990544319,0,8.89479997567833,0.503200013190508,15.7047004699707,690.422729492188,744.853698730469
"CRS3035RES50000mN4100000E4700000",2.41159990546293,27.4479987099767,60.2839982137084,5.59359999606386,0,0,4.12000007927418,0.14280000468716,15.7935333251953,654.181335449219,736.082702636719
"CRS3035RES50000mN4100000E4750000",2.35266832460184,21.8552744947374,62.5953818671406,8.97928928025067,0,0,4.18157172389328,0.035812973510474,15.7412700653076,662.810913085938,718.822937011719
"CRS3035RES50000mN4100000E4800000",7.00400831992738,23.1646275147796,63.280096463859,1.7590496892808,0.0612656003795564,0.314635201357305,4.41631523426623,0,15.0974102020264,599.01171875,650.324157714844
"CRS3035RES50000mN4100000E5000000",22.479838412255,0,72.0094069838524,0.537634408101439,4.9731183797121,0,0,0,15.3455581665039,650.907165527344,675.342041015625
"CRS3035RES50000mN4100000E5050000",7.45891258120537,4.80404533445835,83.8179498910904,0,0,3.91908958554268,0,0,15.4136714935303,668.609802246094,702.944274902344
"CRS3035RES50000mN4150000E3650000",1.14762461744249,20.5005830037407,0,27.1513402462006,0,0.397114548832178,50.8033381775021,0,11.7253475189209,1254.59790039062,237.306900024414
"CRS3035RES50000mN4150000E3700000",2.22032772144303,17.5884053111076,0,26.1509373784065,0,0,54.0403299964965,0,11.9414691925049,1189.92321777344,248.458511352539
"CRS3035RES50000mN4150000E4000000",4.8250460298732,22.1161898225546,5.02595007419586,59.5278753666207,0,0,8.50493875332177,0,13.2352333068848,1725.96789550781,363.901031494141
"CRS3035RES50000mN4150000E4050000",3.82913767534774,11.152922094334,39.6055143326522,39.2258105333894,2.81059481203556,0,3.3760198391974,0,12.99303150177,3778.09204101562,525.330993652344
"CRS3035RES50000mN4150000E4100000",0.547742241178639,4.96422628348228,29.9156326800585,46.1905688905972,13.7634798884392,0,4.6183492988348,0,11.6913824081421,3262.24609375,612.382568359375
"CRS3035RES50000mN4150000E4150000",0.105912785511464,0.659918120072689,7.234250404872,61.6000980138778,23.8882217556238,0,6.51159945409745,0,8.91051578521729,2041.78039550781,636.454162597656
"CRS3035RES50000mN4150000E4200000",1.0615999912261,3.70399999665097,27.3499993607402,45.2176004648208,9.12480012048036,0,13.5420002043247,0,9.75611591339111,1235.46594238281,684.698791503906
"CRS3035RES50000mN4150000E4250000",1.19600001853541,4.11519995250274,55.2152011543513,21.873199660331,0.0255999999353662,0,17.4444001168013,0.1304000033997,11.8132276535034,913.418640136719,768.094604492188
"CRS3035RES50000mN4150000E4300000",0.276000009034761,6.56240016105585,60.8916022349149,20.9755992444116,0,0,11.2375997006893,0.0568000017665327,13.7127456665039,968.513000488281,793.143920898438
"CRS3035RES50000mN4150000E4350000",2.52279997366713,28.1623995819246,36.2472004489974,16.4915992580063,0,0,16.576000675559,0,14.5030345916748,850.399780273438,788.507019042969
"CRS3035RES50000mN4150000E4400000",0.714800012065097,12.1535998710897,59.9124001571908,16.4723994676024,0,0,9.84319988638162,0.903599988669157,14.5880451202393,885.843017578125,794.446960449219
"CRS3035RES50000mN4150000E4450000",0.198800006182864,0.70920002181083,79.4564020587132,8.14919993281364,0,0,11.0755998175591,0.410800008103251,13.9226398468018,939.646606445312,771.752136230469
"CRS3035RES50000mN4150000E4500000",0.641199985693674,1.18480001110584,70.4555970907677,7.21839964389801,0.000799999997980194,0,19.9819999746979,0.517199980095029,14.0026683807373,924.322265625,755.007080078125
"CRS3035RES50000mN4150000E4550000",1.72399998409673,3.68279998656362,75.6512006279081,8.07320028543472,0,0,10.0651996675879,0.80359997227788,14.5169229507446,756.22705078125,752.131103515625
"CRS3035RES50000mN4150000E4600000",4.28920009144349,13.9299998947535,68.548400932923,4.30319990846329,0,0,8.26480000105221,0.664399983361363,14.9808959960938,737.698913574219,762.204956054688
"CRS3035RES50000mN4150000E4650000",2.01240005408181,9.46279985364527,69.501602742821,8.39599966275273,0,0,10.5012001120485,0.126000004820526,15.3945026397705,726.323425292969,754.171203613281
"CRS3035RES50000mN4150000E4700000",4.380460709217,10.8047717483714,63.6516595259309,11.2379840385984,0,0.246247005998157,9.00352057069541,0.675355223938823,15.8655385971069,666.278381347656,741.516540527344
"CRS3035RES50000mN4150000E4750000",1.14435815485194,13.655234221369,68.718664906919,10.0605740299215,0.116010243073106,0.648828689008951,5.65632795915008,0,15.2022275924683,597.547119140625,673.239990234375
"CRS3035RES50000mN4150000E4800000",1.81611813604832,1.34317064657807,71.301553118974,11.9371928274632,13.6019676923752,0,0,0,14.8535137176514,575.658630371094,630.913330078125
"CRS3035RES50000mN4150000E4900000",0.655260309576989,6.82259447057731,69.949035346508,0.497512426227331,22.0755979418755,0,0,0,14.9356698989868,599.840698242188,670.081237792969
"CRS3035RES50000mN4150000E4950000",2.6103213429451,15.5277734622359,78.9747081696987,1.21596167155075,0.906262453645468,0,0.764971156604588,0,15.2467603683472,661.669006347656,711.048522949219
"CRS3035RES50000mN4150000E5000000",1.46427307627164,24.2944560537581,68.2219919050113,4.62723411619663,0.0367709813872352,0.214716279879212,1.14055709564127,0,15.4283838272095,744.132690429688,737.948547363281
"CRS3035RES50000mN4150000E5050000",2.81633203121601,20.1320581138134,67.568386811763,2.92750298976898,0,0.268943980336189,6.28677621716633,0,15.4360637664795,749.437133789062,748.710510253906
"CRS3035RES50000mN4150000E5100000",7.04039335250854,23.957655695267,62.5000012107193,3.42774708988146,0,0.447009084746242,2.62719434686005,0,15.2748708724976,662.586486816406,736.396911621094
"CRS3035RES50000mN4200000E3650000",0,19.1203191876411,0,17.6784198731184,0,0,63.2012585178017,0,11.7301578521729,1318.20788574219,232.993316650391
"CRS3035RES50000mN4200000E3700000",1.00729996338487,18.0674061179161,0,27.8512510005385,0.364998099394143,0,52.7090444695205,0,11.7677345275879,1224.4228515625,240.681350708008
"CRS3035RES50000mN4200000E4000000",0.115710974205285,3.47132938914001,0.951401377096773,92.4916420131922,0.253921328112483,0,2.71599381230772,0,13.0124855041504,1779.59033203125,353.008087158203
"CRS3035RES50000mN4200000E4050000",0.161974890943384,4.64627973269671,35.0825624540449,53.3042386174202,1.80272050201893,0,5.00222463160753,0,12.3096437454224,4025.82421875,507.940765380859
"CRS3035RES50000mN4200000E4100000",0.206005829568312,2.10135117522441,20.2289466746151,61.7320075631141,11.1064209137112,0,4.6252666041255,0,11.456841468811,2902.79760742188,626.473754882812
"CRS3035RES50000mN4200000E4150000",0.418869243731023,3.23526178690372,35.1406589150428,43.8203084049747,15.350916935131,0,2.03398508019745,0,11.8792247772217,1557.90551757812,686.592041015625
"CRS3035RES50000mN4200000E4200000",0.276800009305589,1.05480001075193,10.632400191389,63.0711993129808,16.7911994736642,0,8.17360021173954,0,8.61777305603027,1315.04235839844,683.809020996094
"CRS3035RES50000mN4200000E4250000",1.05079999484587,6.6836001817137,31.2711991369725,38.5420001664897,0.673600006848574,0,21.7611990869045,0.0176000001374632,11.1588172912598,1059.82629394531,762.941528320312
"CRS3035RES50000mN4200000E4300000",1.72160001529846,10.9840002842248,48.8891992717981,18.6476000664698,0,0,19.5419995114207,0.215599988587201,12.3580360412598,1067.01599121094,795.994934082031
"CRS3035RES50000mN4200000E4350000",1.68280001962558,6.0963999829255,45.9299990907311,17.9211998169194,0.0671999994665384,0,27.9263991862536,0.37599999923259,12.7407274246216,1124.53295898438,781.297485351562
"CRS3035RES50000mN4200000E4400000",0.779999999213033,2.00079999631271,58.4156004537362,9.61400017695268,0.0348000001395121,0,28.9315991103649,0.223199999891222,13.3804683685303,1004.78857421875,793.118225097656
"CRS3035RES50000mN4200000E4450000",0.846399983856827,0.425200008612592,66.770401224494,16.6184002766385,0.023999999393709,0,15.0611999677494,0.254400004632771,13.1846618652344,1025.54443359375,781.399963378906
"CRS3035RES50000mN4200000E4500000",0.634399984846823,1.32320001430344,73.409601021558,8.160799741745,0.0415999995311722,0,16.1207994329743,0.309600005857646,13.6418561935425,891.132934570312,767.207824707031
"CRS3035RES50000mN4200000E4550000",2.23720006761141,3.69439995847642,69.8423999827355,5.36919991427566,0,0,18.6420001147781,0.21480000577867,14.5386915206909,762.468505859375,775.695678710938
"CRS3035RES50000mN4200000E4600000",0.423999990744051,1.88360000029206,76.9487996934913,9.32439993193839,0,0,11.4192003326025,0,14.2390155792236,755.218688964844,764.628662109375
"CRS3035RES50000mN4200000E4650000",0.373999989824369,2.93719998007873,75.5884013138712,11.5195997059345,0,0,9.56360023701563,0.0172000000020489,14.8072881698608,775.452331542969,750.078430175781
"CRS3035RES50000mN4200000E4700000",2.89495453471318,2.46935860486701,82.3610779829323,6.08015656471252,0,0.0797052402049303,5.90570736676455,0.20903826225549,15.1443920135498,657.344421386719,685.684875488281
"CRS3035RES50000mN4200000E4900000",2.95747965574265,17.7257640956668,72.3088171333074,3.55870649218559,1.70810967683792,0.105996627826244,1.63512831204571,0,14.8079271316528,618.523376464844,675.987670898438
"CRS3035RES50000mN4200000E4950000",8.0263474403182,33.1338304793462,53.65351625951,2.71648264024406,0,0.688077602535486,1.75969644915312,0.0220478803385049,15.5678977966309,720.157897949219,757.80908203125
"CRS3035RES50000mN4200000E5000000",4.13818932138383,49.48852771995,42.1797334973235,3.10221732943319,0,0.146542210131884,0.944790191715583,0,15.5478782653809,748.340148925781,783.441528320312
"CRS3035RES50000mN4200000E5050000",2.16920006605505,27.720799652161,58.0972002819181,3.3780001103878,0,0,8.61319994437508,0.0216000000364147,15.5537672042847,768.072998046875,797.526245117188
"CRS3035RES50000mN4200000E5100000",19.8609843850136,23.2713133271318,49.1720804944634,3.43975750729442,0,0.157501851208508,4.09836418111808,0,15.7459707260132,747.178405761719,800.886352539062
"CRS3035RES50000mN4200000E5150000",10.7457459787838,26.1790357675637,57.8335476573557,3.45559841953218,0,1.15830115973949,0.627770631399472,0,15.8088636398315,710.092163085938,793.14111328125
"CRS3035RES50000mN4200000E5200000",2.67636656062677,5.09911235421896,86.6114914533682,3.55736501514912,0,0.901021156460047,1.15464190021157,0,15.0693206787109,655.114135742188,747.701477050781
"CRS3035RES50000mN4250000E4000000",0,9.00670311530121,0.767824519425631,84.546010196209,0.524070672690868,0,5.15539310872555,0,12.8568716049194,1660.79797363281,343.791656494141
"CRS3035RES50000mN4250000E4050000",0.709300189919304,8.10496404883452,36.5490337833763,40.7965973136016,7.29426175821572,0.0736066198442131,6.45833741873503,0.0138977542519569,12.1564598083496,3655.74194335938,478.186431884766
"CRS3035RES50000mN4250000E4100000",0.135196035262197,5.24407707853243,22.360860183835,46.7291414737702,17.6358394324779,0,7.89488516747951,0,10.9209985733032,3397.32690429688,595.177001953125
"CRS3035RES50000mN4250000E4150000",0.0719230403774418,2.39184978418052,16.5047039510683,35.9929880258278,42.5898835062981,0,2.4486526614055,0,9.68766212463379,2450.09521484375,658.699096679688
"CRS3035RES50000mN4250000E4200000",0.0108000000182074,0.495600006252062,5.908799986355,43.826799839735,45.6532001495361,0,4.09199983114377,0.0127999999676831,7.29240036010742,1369.74389648438,672.143676757812
"CRS3035RES50000mN4250000E4250000",0.260000000707805,2.79280003160238,31.2220007181167,49.4019995443523,8.5184003575705,0,7.65519998967648,0.149599998258054,9.78174877166748,934.671752929688,769.672668457031
"CRS3035RES50000mN4250000E4300000",1.08679997792933,7.3399998320383,41.7223997414112,36.7647986859083,1.2703999876976,0,11.2568002194166,0.558800017461181,11.0589046478271,921.812255859375,825.29833984375
"CRS3035RES50000mN4250000E4350000",0.405599997611716,1.37320003705099,61.9284011423588,19.9655994772911,0.614799978211522,0,15.1756001636386,0.536799989640713,12.0446767807007,963.1064453125,819.093139648438
"CRS3035RES50000mN4250000E4400000",0.288400007411837,0.908399984473363,49.0336012095213,26.4079997316003,1.06199998408556,0,22.2375996410847,0.0620000006165355,11.5417318344116,1064.26293945312,769.414489746094
"CRS3035RES50000mN4250000E4450000",0.290399996447377,0.29080000531394,60.2311975322664,23.1619999583927,0.505599984899163,0,15.5200003180653,0,12.3165788650513,1038.17932128906,765.297729492188
"CRS3035RES50000mN4250000E4500000",0.0696000002790242,0,67.9391979239881,14.3524002283812,0,0,17.6388007435889,0,12.5013694763184,948.556884765625,759.370361328125
"CRS3035RES50000mN4250000E4550000",0.0715999980457127,0.035599999682745,70.5631974822609,16.3195997476578,0.0544000009540468,0,12.9556000581942,0,13.2308769226074,909.287841796875,756.159973144531
"CRS3035RES50000mN4250000E4600000",0.481200011563487,3.43720015371218,75.0272007455351,12.9403993487358,0,0,8.08479986153544,0.0292000011540949,14.3098468780518,738.134826660156,773.191223144531
"CRS3035RES50000mN4250000E4650000",1.80468715698226,10.2285693574231,71.7486669775099,6.87396552530117,0,0.0192885738215409,9.11746717756614,0.207352172583342,15.006028175354,747.485473632812,764.493408203125
"CRS3035RES50000mN4250000E4700000",9.58471897756681,1.50507376529276,78.2041413709521,7.13311162544414,0,1.5391830354929,1.79500295780599,0.238765240646899,14.5572366714478,631.689819335938,647.703063964844
"CRS3035RES50000mN4250000E4900000",6.5967724629445,15.6263493001461,70.4217925667763,4.50669253477826,0.462813023477793,0.225334637798369,2.16024393448606,0,14.5892381668091,626.559631347656,662.882934570312
"CRS3035RES50000mN4250000E4950000",2.62239996372955,25.4947997629643,56.6015985619742,3.98439988493919,0,0,10.9972000354901,0.299599999561906,15.4017705917358,703.885559082031,772.96923828125
"CRS3035RES50000mN4250000E5000000",1.89840001985431,48.9940010011196,43.8843989541055,3.19399982690811,0,0,1.99759994284249,0.0315999990561977,15.3456363677979,683.131652832031,798.246520996094
"CRS3035RES50000mN4250000E5050000",2.85640007059556,20.4687997698783,63.831998826936,4.59439998303424,0,0,8.24839987326414,0,15.2936210632324,705.27001953125,808.574401855469
"CRS3035RES50000mN4250000E5100000",4.48800001104246,29.1391996346647,57.1480007376521,4.95720014441759,0,0,4.21840015333146,0.049200002104044,15.6073989868164,697.826843261719,823.168823242188
"CRS3035RES50000mN4250000E5150000",2.10691016545752,35.95273305109,55.3319018799811,3.68959399711457,0,0.205688853748143,2.71317201550118,0,16.0220813751221,716.768798828125,837.56201171875
"CRS3035RES50000mN4250000E5200000",4.94855825090781,29.8963968409225,57.3448210954666,4.05147760757245,0,0.529255159199238,2.58557121269405,0.643919641152024,15.9328460693359,706.433776855469,831.199951171875
"CRS3035RES50000mN4250000E5250000",3.77493273117579,18.8457295298576,70.4072398133576,4.2803667485714,0,0.283911102451384,2.40781935863197,0,15.6326179504395,732.620422363281,815.761962890625
"CRS3035RES50000mN4300000E4000000",0,1.55189139768481,0,95.48981487751,2.32783704996109,0,0.630455883219838,0,12.6209878921509,1513.25109863281,329.372589111328
"CRS3035RES50000mN4300000E4050000",0.52416592661757,7.41264990065246,16.2051943130791,58.813871597522,11.8412375450134,0,5.2028801292181,0,11.8094215393066,2912.34912109375,425.269317626953
"CRS3035RES50000mN4300000E4100000",0.732629105914385,6.76532182842493,34.1667426750064,41.4748197305016,9.90574639290571,0,6.9547401741147,0,11.9567213058472,2687.6513671875,565.517395019531
"CRS3035RES50000mN4300000E4150000",0.0678292970405892,1.90820978023112,14.0398483606987,37.7764254808426,41.1891378462314,0,5.01855076290667,0,9.12123012542725,2242.76782226562,628.6298828125
"CRS3035RES50000mN4300000E4200000",0.146400000085123,2.30560000636615,14.9323999881744,53.5112007753924,26.2655995924433,0,2.73439999727998,0.104400003328919,8.38735580444336,1024.02697753906,686.461547851562
"CRS3035RES50000mN4300000E4250000",0.237600000400562,5.91199994087219,22.8679995983839,59.7032012650743,8.0935999751091,0,2.95120002701879,0.23439999204129,9.76601219177246,782.602416992188,762.120727539062
"CRS3035RES50000mN4300000E4300000",0.205999996978789,2.21159998327494,31.5855996683241,50.0911986455322,11.4160001277924,0,4.48960014618933,0,9.70262145996094,825.3359375,786.288513183594
"CRS3035RES50000mN4300000E4350000",0.0787999983003829,3.14239989966154,43.6747997999191,41.2560006603599,1.92439996171742,0,9.58000030368567,0.343600008636713,10.9961881637573,791.784729003906,801.884216308594
"CRS3035RES50000mN4300000E4400000",0.0743999982660171,0.734400009241654,43.4767996892333,27.5336005724967,1.50640001520514,0,26.6743999556638,0,11.1399412155151,926.778442382812,759.373352050781
"CRS3035RES50000mN4300000E4450000",0.562400017224718,0.110399999539368,59.4520011916756,25.5520006641746,0.505999987944961,0,13.7947998169693,0.0224000003072433,11.5945110321045,974.635925292969,751.6474609375
"CRS3035RES50000mN4300000E4500000",0.170399996568449,0.535200000740587,64.3695986364036,14.1939996123255,0,0,20.5487993080169,0.182000000495464,12.5991058349609,841.848266601562,768.608032226562
"CRS3035RES50000mN4300000E4550000",0.259200001164572,0.367200002074242,68.7180001288653,16.9960002938751,0.165200000628829,0,12.9423994687386,0.552000012248755,13.4350728988647,774.916748046875,772.085876464844
"CRS3035RES50000mN4300000E4600000",0.692400006664684,4.13279986241832,72.763201885391,13.2228001952171,0,0,8.45320023654494,0.735600013285875,14.1974954605103,736.520935058594,788.829772949219
"CRS3035RES50000mN4300000E4650000",1.09389095887309,7.91266545056714,74.5846773963422,5.91735668713227,0,0,10.4260479463846,0.0653607887215912,14.5567808151245,763.582214355469,766.797485351562
"CRS3035RES50000mN4300000E4700000",2.40391076076776,8.25265985913574,78.4529857337475,6.77274018526077,0.25879421737045,0,3.85890929028391,0,14.2583065032959,622.086059570312,643.413024902344
"CRS3035RES50000mN4300000E4900000",7.89889777079225,18.4741660952568,63.8527191360481,2.29967909981497,0.0476677669212222,1.62070412188768,5.50272056716495,0.303446035832167,14.5909996032715,665.09228515625,688.04833984375
"CRS3035RES50000mN4300000E4950000",2.54079991645995,18.3288000524044,67.265998570656,5.30000009166542,0,0,6.04079999029637,0.523599982261658,15.310546875,739.689270019531,794.097473144531
"CRS3035RES50000mN4300000E5000000",5.10120011749677,22.2732000052929,56.6544001572766,4.12239982979372,0,0,11.6760002565571,0.172800000291318,15.3003950119019,723.845886230469,811.81591796875
"CRS3035RES50000mN4300000E5050000",6.22919993184041,19.3135999143124,46.7311987420544,4.02280002599582,0,0,23.6368006881094,0.0663999991957098,15.3561353683472,693.265686035156,818.527038574219
"CRS3035RES50000mN4300000E5100000",0.817600003210827,12.7319999039173,61.8979991413653,4.86680008471012,0,0,19.6856001042761,0,15.4817552566528,711.285827636719,833.247985839844
"CRS3035RES50000mN4300000E5150000",4.58600002166349,10.1204000413418,62.1447991579771,4.59600012982265,0,0,18.4811995088239,0.0715999980457127,15.6240587234497,693.417358398438,843.938598632812
"CRS3035RES50000mN4300000E5200000",2.9119999933755,9.98440012335777,66.1683976417408,4.65760012739338,0,0,16.0223997198045,0.255200010724366,15.9477348327637,708.85888671875,863.94189453125
"CRS3035RES50000mN4300000E5250000",2.57427816250129,10.3352710604668,70.0798897072673,4.59184704814107,0,0,12.4187125416938,0,16.0347766876221,729.907165527344,866.894775390625
"CRS3035RES50000mN4300000E5300000",1.28651687409729,23.8595508038998,62.8595510497689,6.62359520792961,0,0,5.26029949542136,0.110486894845963,15.9476795196533,722.936645507812,862.841918945312
"CRS3035RES50000mN4350000E4050000",1.60383060574532,14.4577196799219,1.92459672689438,77.8392457985319,0.427688146010041,0.511366268619895,3.23555385693908,0,12.4032077789307,1457.27685546875,343.469665527344
"CRS3035RES50000mN4350000E4100000",3.54623623425141,10.7050799997523,30.6411772035062,41.8641093652696,8.89761801809072,0.20683160983026,4.1389474645257,0,12.3157501220703,2244.88745117188,461.416870117188
"CRS3035RES50000mN4350000E4150000",0.596439564833417,6.13987550023011,36.1656207591296,38.0024075158872,13.3057804778219,0,5.78987477347254,0,11.8252468109131,2161.416015625,594.452575683594
"CRS3035RES50000mN4350000E4200000",0.418898311909288,2.38341466756537,14.8143529891968,50.1587457954884,27.1837222389877,0,4.93865427561104,0.102209579199553,9.51127052307129,1836.33227539062,643.469177246094
"CRS3035RES50000mN4350000E4250000",0.153199998749187,2.19440007349477,13.4703999385237,53.0084004552919,27.0700012333691,0,4.10359995439648,0,8.25172805786133,1322.77172851562,696.309265136719
"CRS3035RES50000mN4350000E4300000",0.314800006890436,3.14560004044325,17.6355997100473,63.8271985109895,1.00119998678565,0,14.0755996108056,0,9.51648998260498,880.919616699219,734.040954589844
"CRS3035RES50000mN4350000E4350000",0.422800003434532,6.64160000160336,40.2228014543652,41.2008008919656,0.0344000000040978,0,11.302799731493,0.174800003878772,10.2918663024902,886.554748535156,736.084289550781
"CRS3035RES50000mN4350000E4400000",0.130000000353903,1.74999998416751,30.4984003305436,47.7276000776328,1.61799993366003,0,18.2760000228882,0,10.4034900665283,992.249938964844,719.363525390625
"CRS3035RES50000mN4350000E4450000",0.195199996232987,0.380000006407499,59.0872004628182,25.7887995161581,0.337200006470084,0,14.0916001284495,0.120000005699694,11.1992492675781,894.751708984375,737.788452148438
"CRS3035RES50000mN4350000E4500000",0.78039998334134,0.509199994849041,64.3648028373718,16.3627996720606,1.42439999617636,0,16.5091995149851,0.049200002104044,12.1876649856567,852.061950683594,776.280517578125
"CRS3035RES50000mN4350000E4550000",0.105999999505002,0.991200003772973,69.0984024549835,13.8795994207613,0.0144000005093403,0,15.7731999875978,0.137199996970594,13.4069452285767,740.635070800781,787.312255859375
"CRS3035RES50000mN4350000E4600000",0.546799995208857,2.57520007435232,69.7855988168157,19.0759995253757,0,0,7.80479999957606,0.211600004695356,13.7106609344482,741.186584472656,796.036804199219
"CRS3035RES50000mN4350000E4650000",1.07729048322653,6.0525085835252,74.9206962529569,12.5610549701378,0,0,4.99041914008558,0.398033438250422,14.1802129745483,792.622863769531,786.205810546875
"CRS3035RES50000mN4350000E4700000",8.56514619372319,7.74727649986743,70.7632329314947,7.45744062587619,0.0399773474782705,0.533031299710274,4.40417085774242,0.489722471684217,14.4945392608643,654.023132324219,691.612426757812
"CRS3035RES50000mN4350000E4900000",1.13663174270187,10.9766976675019,74.3103925342439,6.82727247476578,0,0.112224405165762,6.63677866104991,0,15.070143699646,716.009704589844,769.987182617188
"CRS3035RES50000mN4350000E4950000",0.96720001383801,17.0327998697758,65.0511974934489,9.49679985642433,0,0,7.45200007222593,0,14.8502283096313,785.167053222656,809.591796875
"CRS3035RES50000mN4350000E5000000",1.03079996479209,8.40080007910728,70.5088034388609,5.12599982321262,0,0,14.9336000467883,0,14.9552726745605,779.275817871094,822.798522949219
"CRS3035RES50000mN4350000E5050000",0.95999998447951,10.7416000217199,69.4092019228264,5.40440009135637,0,0,13.4848001413048,0,15.0510959625244,729.115783691406,829.681213378906
"CRS3035RES50000mN4350000E5100000",0.912800017977133,4.43119993433356,60.2295998716727,5.23240007460117,0,0,29.156001409865,0.0380000012228265,15.331974029541,728.586364746094,844.223510742188
"CRS3035RES50000mN4350000E5150000",0.527200017677388,6.27600010484457,66.0319982096553,5.49720004200935,0,0,21.6675999865401,0,15.4278554916382,697.959106445312,854.744384765625
"CRS3035RES50000mN4350000E5200000",1.40879995451542,3.4196000546217,70.6763995811344,5.00640005921014,0,0,19.4772006958374,0.011600000289036,15.8263559341431,677.379150390625,875.3642578125
"CRS3035RES50000mN4350000E5250000",0.464800003828714,2.3312000092119,50.2956016454846,3.02440002560616,0,0,43.8839995651506,0,16.1951675415039,726.663208007812,885.313537597656
"CRS3035RES50000mN4350000E5300000",3.09836989617906,6.99031762778759,57.0649025030434,10.4439800197725,0,0,22.1518271719106,0.250603444874287,16.0179214477539,705.120483398438,891.41015625
"CRS3035RES50000mN4400000E4100000",1.24610587954521,38.957205414772,3.18084927275777,36.3666176795959,0.0163961303769611,3.26283015310764,16.969995200634,0,12.4131860733032,1334.9970703125,348.445678710938
"CRS3035RES50000mN4400000E4150000",1.82018306513783,22.3215747624636,34.4570381566881,27.1117217838764,0.801389943808317,0.22195135243237,13.2661413401365,0,12.5470266342163,1765.12646484375,443.462554931641
"CRS3035RES50000mN4400000E4200000",0.85258058825275,10.3717799298465,49.583886563778,28.600501944311,1.00549506023526,0.0434541056165472,9.54230166971683,0,12.806583404541,1954.61242675781,565.090515136719
"CRS3035RES50000mN4400000E4250000",0.158164803724504,4.516349669575,22.7129489183426,52.8664857381954,5.00372253591195,0.0410504086175933,14.6570079028607,0.0442700460553169,10.9610977172852,2090.87890625,643.394287109375
"CRS3035RES50000mN4400000E4300000",0.316799991560401,9.59319984540344,39.1499988734722,23.2543997466564,0.0352000002749264,0,27.5484012439847,0.101999996695668,11.6067867279053,1228.71350097656,656.829650878906
"CRS3035RES50000mN4400000E4350000",0.015999999595806,3.52920014847769,21.3196000084281,53.0227990821004,0.0136000002385117,0,22.0988001674414,0,10.7001867294312,1316.41638183594,663.927368164062
"CRS3035RES50000mN4400000E4400000",0.158000004012138,0.449600000865757,12.5955996569246,66.1443991819396,2.56120006379206,0,18.0911995470524,0,9.55771160125732,1319.49865722656,671.006103515625
"CRS3035RES50000mN4400000E4450000",0.202799995895475,0.142800000321585,34.8443999886513,49.1051999852062,3.8247998803854,0,11.879999859957,0,10.0055236816406,1002.47827148438,699.490112304688
"CRS3035RES50000mN4400000E4500000",0.37599999923259,3.27880004188045,57.1736011654138,19.2163998261095,0.282800011336803,0,19.6192003542819,0.0531999976374209,12.0164155960083,851.63037109375,744.807861328125
"CRS3035RES50000mN4400000E4550000",0.331999998888932,3.09639993065503,71.3652014732361,9.2799998819828,0,0,15.8940005640033,0.0323999993270263,13.2225284576416,730.69775390625,761.885314941406
"CRS3035RES50000mN4400000E4600000",0.115199998253957,0.70440000272356,76.091999351047,13.1612002849579,0,0,9.84400000888854,0.0831999990623444,13.4324712753296,755.218505859375,797.3896484375
"CRS3035RES50000mN4400000E4650000",0.105600000824779,2.31000001804206,75.5407990538516,11.1135996878147,0,0,9.97480005025864,0.955200009047985,13.7872648239136,764.405456542969,807.333618164062
"CRS3035RES50000mN4400000E4700000",1.9253965219832,7.8345462155994,80.3634253796191,4.23676992068067,0.0594673751038499,1.15400366485119,3.23760580504313,1.18878651410341,14.2019462585449,767.228942871094,740.888977050781
"CRS3035RES50000mN4400000E4750000",0,7.23296888172627,84.2724978923798,8.49453285336494,0,0,0,0,13.9989452362061,612.001647949219,642.360473632812
"CRS3035RES50000mN4400000E4850000",1.94041561335325,14.2767541110516,76.5582114458084,6.63269311189651,0,0,0.591924740001559,0,14.0931978225708,620.597473144531,668.804809570312
"CRS3035RES50000mN4400000E4900000",1.89288973342628,23.5439306125045,61.0092923045159,9.36447381973267,0,0.0800630543380976,4.10935054533184,0,14.8561191558838,715.367065429688,796.306030273438
"CRS3035RES50000mN4400000E4950000",1.06360002537258,23.3323995023966,57.8272022190504,8.54640007019043,0,0,9.23040022607892,0,14.7468633651733,710.899475097656,819.876831054688
"CRS3035RES50000mN4400000E5000000",0.394800008507446,9.31360023096203,71.5476009529084,6.62640035152435,0,0,12.1176001382992,0,14.8477392196655,702.806579589844,836.739135742188
"CRS3035RES50000mN4400000E5050000",0.928799982648343,3.51999988779426,75.5411967635155,6.05319999158382,0,0,13.9567996971892,0,14.9969367980957,725.058654785156,851.623596191406
"CRS3035RES50000mN4400000E5100000",3.8344000284269,5.01720011234283,66.766002587974,6.48239989532158,0,0,17.8539996268228,0.0460000010207295,15.2073593139648,729.389770507812,863.239074707031
"CRS3035RES50000mN4400000E5150000",0.506000009045237,3.37080005556345,71.446001669392,7.66879990696907,0,0,17.0084004523233,0,15.3551368713379,722.887451171875,872.012512207031
"CRS3035RES50000mN4400000E5200000",0.544799999624956,5.57000003755093,71.2776000611484,5.35200004960643,0,0,17.2555997618474,0,15.5190048217773,695.642517089844,883.072265625
"CRS3035RES50000mN4400000E5250000",0.31640000815969,5.18120005726815,61.9475985877216,8.12880024313927,0,0,24.4260002975352,0,15.8127193450928,697.12109375,896.215698242188
"CRS3035RES50000mN4400000E5300000",1.3608361579827,5.8404054492712,54.029567539692,8.13533735927194,0,0,30.6338548660279,0,15.9015293121338,686.83203125,902.214599609375
"CRS3035RES50000mN4400000E5350000",0.276422768365592,15.9930311143398,59.4192799180746,3.03600467741489,0,0,21.2752618594095,0,15.1707706451416,721.245178222656,855.085998535156
"CRS3035RES50000mN4450000E4200000",0.153874116949737,7.85848447121679,28.7756709381938,40.7536208222154,0.149027688894421,0.275034829974174,22.0342878252267,0,12.3583211898804,1572.98315429688,400.893676757812
"CRS3035RES50000mN4450000E4250000",0.235376425553113,5.59406310785562,36.8996281176805,39.2299047205597,0.0149921295815147,0,18.0260363966227,0,12.406834602356,1782.66772460938,532.858032226562
"CRS3035RES50000mN4450000E4300000",4.30647038156167,21.3214926421642,43.7439715489746,13.8510949211195,0,0.150834210216999,16.2449467927217,0.381189840845764,13.327507019043,1262.12573242188,609.108947753906
"CRS3035RES50000mN4450000E4350000",1.03493392962264,11.4981029182673,35.3700565174222,28.8154736161232,0,0.214139302261174,22.9517214000225,0.115574162919074,12.6146993637085,1403.44299316406,632.912780761719
"CRS3035RES50000mN4450000E4400000",0.317999999970198,1.05799996235874,21.2988004088402,44.2679987289011,0.693200016394258,0,32.3639985173941,0,10.7930889129639,1431.76086425781,650.564514160156
"CRS3035RES50000mN1850000E2650000",3.23733102704864,26.9790324848146,46.3886894285679,21.8493579508504,1.00300898775458,0.428905768785625,0.113674357999116,0,20.1367492675781,619.741455078125,295.833435058594
"CRS3035RES50000mN4450000E4450000",0.676000004750676,1.34439999819733,58.4419995546341,21.0211996920407,1.40439998358488,0,16.8484004971105,0.263600004836917,11.3295488357544,972.801879882812,689.848449707031
"CRS3035RES50000mN4450000E4500000",0.645600009011105,5.89800014276989,59.9307995289565,11.971200031985,0.291200005449355,0,21.0176005581161,0.245600007474422,12.9575643539429,783.467102050781,743.763122558594
"CRS3035RES50000mN4450000E4550000",1.23400004304131,4.70999982208013,67.740399773902,12.2112002689391,0,0,13.7271997344214,0.377200008369982,13.3271322250366,712.646728515625,773.723693847656
"CRS3035RES50000mN4450000E4600000",0.152800004434539,2.47119995765388,75.7371980696917,12.6640004004002,0,0,8.29400019865715,0.680800015106797,13.393482208252,755.776000976562,797.386840820312
"CRS3035RES50000mN4450000E4650000",0.67159999962314,4.2460000840947,74.8427998274565,12.9448000865523,0.0108000000182074,0,6.43480024591554,0.849200040102005,14.0720386505127,722.588562011719,828.806030273438
"CRS3035RES50000mN4450000E4700000",0.681770971277729,7.58704405161552,75.6643588654696,8.89723365980899,0.271649495698512,0,5.5026329588145,1.39530906453729,14.1304979324341,808.254699707031,801.294189453125
"CRS3035RES50000mN4450000E4750000",6.58767698623705,10.0235630117822,71.4684418402612,4.30989828892053,3.57292079715989,0.120322871953249,3.91717777820304,0,14.0348262786865,665.363220214844,706.136108398438
"CRS3035RES50000mN4450000E4850000",2.56660801824182,4.45573572069407,86.0497684217989,5.06807379424572,0,0.0455996341770515,1.81421414017677,0,14.0203790664673,582.600708007812,698.526916503906
"CRS3035RES50000mN4450000E4900000",4.28563158493489,27.268972620368,59.8918889067136,5.19165183650329,0,0.224646716378629,3.07361318700714,0.0635948439594358,15.0091724395752,638.035339355469,809.492492675781
"CRS3035RES50000mN4450000E4950000",3.35879992926494,31.5591998398304,52.8575984700183,7.32040007715114,0,0,4.84520007157699,0.0587999995332211,15.0595369338989,632.642395019531,834.353393554688
"CRS3035RES50000mN1850000E2700000",0.999199979560218,65.7192003447562,21.8879997730256,10.2140003116801,0,0.00319999999192078,1.08240004628897,0.0939999998081475,22.7727642059326,585.345458984375,466.661041259766
"CRS3035RES50000mN4450000E5000000",1.23840001906501,13.6535998433828,70.644798129797,5.9859998524189,0,0,8.47719993907958,0,14.7047672271729,687.05712890625,847.085144042969
"CRS3035RES50000mN4450000E5050000",0.433999989036238,4.3163999915123,79.3751997174695,6.30320012569427,0,0,9.57120011444203,0,14.5587596893311,734.1796875,856.701110839844
"CRS3035RES50000mN4450000E5100000",2.0575999704306,8.92600007355214,68.1107986718416,5.97320012748241,0,0,14.920400432311,0.0119999996968545,15.003360748291,713.748107910156,867.734985351562
"CRS3035RES50000mN4450000E5150000",0.672399997711182,5.50440009683371,65.4411986470222,9.4760000705719,0,0,18.895200532279,0.0108000000182074,15.2743711471558,728.604431152344,883.333679199219
"CRS3035RES50000mN4450000E5200000",1.91839996332419,5.16999997198582,64.780798740685,6.64400011301041,0,0,21.4868005365133,0,15.4436187744141,697.037109375,892.720520019531
"CRS3035RES50000mN4450000E5250000",0.286000002961372,2.92400000616908,61.242401972413,3.70040014386177,0,0,31.8232002493459,0.023999999393709,15.6448822021484,704.807189941406,905.897766113281
"CRS3035RES50000mN4450000E5300000",0.296799992656815,3.37160006165505,57.3024015873671,3.29959988594055,0,0,35.7295996858739,0,15.7692070007324,694.176391601562,912.812133789062
"CRS3035RES50000mN4450000E5350000",0.990326702594757,11.1289113759995,65.4167499393224,4.45340387523174,0,0,18.0106083513238,0,15.5204973220825,736.467163085938,908.732177734375
"CRS3035RES50000mN4500000E4200000",0,5.72215914726257,0,77.2896751761437,3.19338627159595,2.88539472967386,10.9093855600804,0,12.1502132415771,1071.62902832031,342.387878417969
"CRS3035RES50000mN4500000E4250000",0.631075212731957,17.0480032917112,0.759682978969067,62.8981590270996,0,3.81636023521423,14.8467179387808,0,12.252513885498,1150.94897460938,383.420806884766
"CRS3035RES50000mN1850000E2750000",0.952800021332223,74.4595998665319,12.3875997378491,8.66279993206263,0.0395999988541007,0,3.49760018289089,0,23.8808097839355,629.067749023438,536.562866210938
"CRS3035RES50000mN4500000E4300000",0.612761716183741,13.3191618137062,34.3217063695192,38.0031567066908,0,0.511357793584466,13.2318571209907,0,12.6528987884521,1871.93359375,529.431396484375
"CRS3035RES50000mN4500000E4350000",1.3937208452262,24.5868697762489,31.8805683404207,26.247878614231,0,0.79656345769763,15.0116674602032,0.0827322888653725,13.7253761291504,1459.39916992188,647.279541015625
"CRS3035RES50000mN4500000E4400000",0.0928000023122877,4.96999998576939,26.7503999173641,35.3244001096755,0.265999999828637,0,32.5811989605427,0.0151999993249774,11.991626739502,1562.97875976562,658.204040527344
"CRS3035RES50000mN4500000E4450000",0,0.156400000560097,36.6896003484726,37.7536004409194,2.13600005954504,0,23.242399841547,0.022000000171829,10.9104909896851,1371.41638183594,679.852172851562
"CRS3035RES50000mN4500000E4500000",0.058000000717584,0.934799993410707,63.8719994574785,13.3795998990536,0.083999999333173,0,21.671599894762,0,12.0412673950195,1003.83813476562,736.074890136719
"CRS3035RES50000mN4500000E4550000",0.397600002179388,3.31559998448938,62.8123985603451,9.33479976374656,0,0,23.8959990441799,0.243599992245436,13.1713905334473,785.442749023438,780.959167480469
"CRS3035RES50000mN4500000E4600000",0.199599996994948,1.2475999770686,65.8759978832677,17.2463998198509,0.0184000004082918,0,14.8051999509335,0.606800010427833,13.6620492935181,750.125305175781,809.738647460938
"CRS3035RES50000mN4500000E4650000",0.168800006213133,1.33360000327229,67.908797878772,15.0268003344536,0,0,14.983200194547,0.578799983486533,13.7094354629517,775.465576171875,830.257568359375
"CRS3035RES50000mN4500000E4700000",0.196799995319452,2.90840002126061,77.248400170356,12.5431994252722,0,0,7.06359973992221,0.0395999988541007,13.7626943588257,796.707458496094,826.212829589844
"CRS3035RES50000mN4500000E4750000",0.491992868774105,4.50800701073604,76.7348744440824,10.7615654895198,0,2.02268682187423,5.4190391121665,0.0618327409029007,14.2257385253906,805.926940917969,810.442077636719
"CRS3035RES50000mN1850000E2800000",0.484800010963227,82.1380026056431,4.83079999685287,6.4895998337306,0,0,6.05680011212826,0,24.569787979126,628.617004394531,580.499694824219
"CRS3035RES50000mN4500000E4800000",2.92779989540577,3.28133895527571,72.8272433509119,10.80869800644,0.220295629696921,6.44364730687812,3.30798733630217,0.182987493462861,13.8755540847778,663.277709960938,724.897155761719
"CRS3035RES50000mN4500000E4850000",1.93920768797398,2.22157631069422,86.0601271968335,7.83572783693672,1.15438913926482,0.274063623510301,0.514907389879227,0,13.6365299224854,566.313110351562,708.308349609375
"CRS3035RES50000mN4500000E4900000",2.23261888022534,21.8528874218463,68.1454778823536,6.20976351201534,0,0.538693275302649,0.956725445576012,0.0638335943222046,14.5687618255615,602.518920898438,788.016235351562
"CRS3035RES50000mN4500000E4950000",1.29919999017147,25.8759990334511,60.5792009504512,7.25759983906755,0,0,4.98800008790567,0,15.010763168335,653.552795410156,841.982116699219
"CRS3035RES50000mN4500000E5000000",1.18519995739916,15.1780001819134,61.1683977302164,8.18480029702187,0,0,14.2623997991905,0.0211999999010004,14.739312171936,710.427734375,859.697875976562
"CRS3035RES50000mN4500000E5050000",0.295200000255136,4.77040000259876,73.8331978209318,7.35440030694008,0,0,13.7468000524678,0,14.6164474487305,688.935668945312,865.515502929688
"CRS3035RES50000mN4500000E5100000",0.338799995370209,3.85440001264215,67.2444013878703,5.45840002596378,0,0,23.1039993464947,0,14.9984903335571,707.308410644531,879.588928222656
"CRS3035RES50000mN4500000E5150000",0.26400000861031,5.07079996168613,61.1435988917947,6.32480010390282,0,0,27.1860008098884,0.0108000000182074,15.1424942016602,712.063842773438,891.523986816406
"CRS3035RES50000mN4500000E5200000",2.41440007521305,6.12200014293194,56.0212006326765,4.49080016405787,0,0,30.9515992063098,0,15.221287727356,713.280700683594,899.297546386719
"CRS3035RES50000mN4500000E5250000",0.641600001836195,5.9647997841239,64.2944010905922,4.76079992949963,0,0,24.3384004977997,0,15.2470359802246,749.387329101562,909.600646972656
"CRS3035RES50000mN1850000E2850000",1.9659999787109,78.2160015311092,6.06920011923649,13.1143998587504,0,0,0.634399987757206,0,24.5001449584961,568.847534179688,613.154724121094
"CRS3035RES50000mN4500000E5300000",3.01799991430016,9.20079983770847,51.7640013247728,2.8059999924153,0,0,32.7596010873094,0.45159999281168,15.3753986358643,727.784912109375,918.128723144531
"CRS3035RES50000mN4500000E5350000",0.208150301477872,3.46061140298844,78.8056135177612,9.97229143977165,0,0,7.55333298438927,0,14.9811811447144,808.360412597656,925.715515136719
"CRS3035RES50000mN4500000E5400000",0,0,49.8625107109547,27.6810258626938,0,0,22.4564623087645,0,14.8093519210815,801.862854003906,928.079223632812
"CRS3035RES50000mN4550000E4300000",0,5.48890689387917,20.2189365401864,63.9460244274233,0.468166405335069,0.0585208006668836,9.81944650411606,0,12.2520599365234,1466.74096679688,430.518463134766
"CRS3035RES50000mN4550000E4350000",0.407599902246148,6.59794267266988,38.8108424842357,36.2151432782412,0.0715995614882559,0.120339023123961,17.743319272995,0.0332118448568508,12.6031084060669,1795.93786621094,603.108764648438
"CRS3035RES50000mN4550000E4400000",0.143220624886453,7.45107298716903,38.9252058696002,31.1880916357041,0.132419064175338,0,21.6955244541169,0.464466866105795,12.5792083740234,1688.09387207031,670.966796875
"CRS3035RES50000mN4550000E4450000",0.0123999998322688,0.229599996237084,19.1780006513,56.2332013156265,2.82039996236563,0,21.526399627328,0,10.8071031570435,1532.12951660156,680.536560058594
"CRS3035RES50000mN4550000E4500000",0,0.50640000263229,40.2124006301165,30.9376001358032,0.693600019440055,0,27.6500001549721,0,10.819842338562,1195.16577148438,718.284606933594
"CRS3035RES50000mN4550000E4550000",0,0.594400012050755,68.9900007098913,14.9684000760317,0,0,15.447199717164,0,12.4156742095947,932.166137695312,774.702331542969
"CRS3035RES50000mN1850000E2900000",0.453600000764709,71.7012000503019,7.7404001767718,18.1595996720716,0,0,1.94520000368357,0,24.9627456665039,467.248016357422,634.594787597656
"CRS3035RES50000mN4550000E4600000",0.184399996942375,1.91919999197125,60.9531999565661,15.9436002373695,0,0,20.783599439892,0.215999991632998,13.2767925262451,804.184265136719,826.223266601562
"CRS3035RES50000mN4550000E4650000",0.172400003066286,1.09120001434348,64.0408021397889,15.9916001452075,0,0,17.7516005176585,0.952399987727404,13.1095867156982,819.675842285156,828.628173828125
"CRS3035RES50000mN4550000E4700000",0.0515999970957637,0.387200000113808,67.8295987658203,19.0776005387306,0,0,11.535599824856,1.11840004101396,13.1694869995117,808.179138183594,829.994445800781
"CRS3035RES50000mN4550000E4750000",0.255599996307865,3.95679990178905,75.6991989910602,14.437199261738,0,0,5.00040014449041,0.65080001950264,13.881178855896,784.024963378906,844.029235839844
"CRS3035RES50000mN4550000E4800000",2.48303048138041,9.38066889066249,73.2696315157228,6.55058473348618,0,0.461602644645609,7.02240739483386,0.832077115774155,13.9601535797119,811.52978515625,804.195007324219
"CRS3035RES50000mN4550000E4850000",0.689488323405385,10.1669288473204,83.9240370318293,1.65114309638739,0.749969761818647,0.151203584391624,2.66723120585084,0,13.3484811782837,619.885681152344,722.723083496094
"CRS3035RES50000mN4550000E4900000",7.42112183943391,14.0013881027699,74.2806430906058,3.00470566144213,0,0.566998356953263,0.586284045130014,0.138856749981642,13.5790033340454,557.198486328125,738.694763183594
"CRS3035RES50000mN4550000E4950000",3.67805708665401,18.4598020350677,69.0326375653968,6.0032500885427,0,0.0988579471595585,2.71159658441321,0.015799215179868,14.7453289031982,621.098693847656,831.676513671875
"CRS3035RES50000mN4550000E5000000",0.533599988557398,11.3072004169226,63.8476010004524,11.0040001571178,0,0,13.3075998164713,0,14.6305236816406,697.486145019531,865.71533203125
"CRS3035RES50000mN4550000E5050000",0.559999997494743,9.70919989049434,72.3204023903235,5.85799999535084,0,0,11.5524001186714,0,14.5911817550659,696.256530761719,879.344482421875
"CRS3035RES50000mN1850000E2950000",0.668399996357038,62.6648010336794,4.12920009111986,30.536799505353,0.0448000006144866,0,1.89399998635054,0.0620000006165355,25.0324363708496,478.40625,651.664611816406
"CRS3035RES50000mN4550000E5100000",0.341999997908715,8.48799981176853,69.0936004742981,5.41639998555183,0,0,16.6600006283261,0,14.7369403839111,727.906188964844,894.224914550781
"CRS3035RES50000mN4550000E5150000",0.756799984083046,14.4683998078108,64.0724011696875,6.30160022046766,0,0,14.4007998052984,0,14.9180221557617,747.123107910156,909.956665039062
"CRS3035RES50000mN4550000E5200000",2.1484000433702,12.4520000070333,64.1731990501285,6.30040000396548,0,0,14.9100001406623,0.015999999595806,14.8767824172974,751.501342773438,915.699279785156
"CRS3035RES50000mN4550000E5250000",0.433199992403388,3.64600000903011,77.7479978278279,6.2304001301527,0,0,11.942400065891,0,14.8765153884888,834.028442382812,917.604309082031
"CRS3035RES50000mN4550000E5300000",0.344800007587765,3.76120004802942,68.0307999253273,4.63800010766135,0,0,22.9488003169536,0.276400009170175,14.8940448760986,809.983520507812,921.482543945312
"CRS3035RES50000mN4550000E5350000",0.239967892412097,1.24077047221363,68.0116356350481,7.81621187925339,0,0,22.0553772014683,0.636035297065973,14.7497396469116,806.703918457031,935.347045898438
"CRS3035RES50000mN4550000E5400000",0,0,71.1303161573596,15.6632348895073,0,0,13.206448033452,0,14.6270542144775,763.026123046875,937.201599121094
"CRS3035RES50000mN4600000E4350000",0.279018376022577,11.4818870089948,33.1367094069719,46.224357932806,0.22003126796335,0.429763225838542,8.22823327034711,0,12.33909034729,1443.00244140625,480.935729980469
"CRS3035RES50000mN4600000E4400000",0.0396484494558535,3.08803601656109,33.3678866736591,45.7435730844736,3.0178252607584,0,14.4939869642258,0.249041826464236,12.3515272140503,2205.88427734375,658.299133300781
"CRS3035RES50000mN1850000E3000000",0.365999992209254,51.6848015424329,9.84360035508872,34.4256003387273,0.123599998187274,0,3.55640016496181,0,25.5341014862061,569.23486328125,683.235534667969
"CRS3035RES50000mN4600000E4450000",0.058000000717584,0.913200003560633,28.6416001617909,45.6935999594862,0.900399964302778,0,23.6183993518352,0.174800003878772,11.1948823928833,1721.97290039062,692.208923339844
"CRS3035RES50000mN4600000E4500000",0.063999998383224,0.50120000669267,43.1103996932506,38.0591997876763,0.701199984177947,0,17.5639994442463,0,10.8522434234619,1416.63244628906,733.750671386719
"CRS3035RES50000mN4600000E4550000",0.0467999998363666,0.315200001932681,61.768801510334,17.4475995707326,0.125600001774728,0,20.2960006892681,0,11.6851921081543,1111.43579101562,787.977905273438
"CRS3035RES50000mN4600000E4600000",0.181599995994475,1.39880001661368,56.8759988993406,12.6791998744011,0,0,28.3447998634074,0.519599998369813,12.48459815979,900.027099609375,819.43798828125
"CRS3035RES50000mN4600000E4650000",0.087599999824306,0.74079999467358,59.0371988713741,14.9847993627191,0,0,24.8135998845101,0.335999997332692,12.5399942398071,865.492370605469,823.907775878906
"CRS3035RES50000mN4600000E4700000",0.426799998240312,0.960399978794157,64.8711972869933,14.7643999196589,0,0,17.9544000391616,1.02279996499419,13.1781644821167,829.56201171875,837.683837890625
"CRS3035RES50000mN4600000E4750000",0.126799999270588,0.583199999528006,71.6575981699861,14.7404000163078,0,0,11.7632000416052,1.12880002707243,13.7573480606079,737.594360351562,859.882751464844
"CRS3035RES50000mN4600000E4800000",0.237600006221328,6.13279980170773,76.7944010789507,7.35799968242645,0.0132000001030974,0,9.43000018596649,0.0339999998686835,13.8506669998169,837.057373046875,841.530700683594
"CRS3035RES50000mN4600000E4850000",0.248236779589206,10.8414479705971,81.2032584100962,3.16528525145258,0,0.102277810219675,4.43949642358347,0,13.400260925293,705.696166992188,752.969604492188
"CRS3035RES50000mN4600000E4950000",3.19393972749822,23.8714052946307,64.1916612163186,8.15791115164757,0,0,0.422491849167272,0.162591610569507,14.1341466903687,569.739807128906,800.745361328125
"CRS3035RES50000mN1850000E3050000",0.592400015739258,49.4291990529746,16.9171996414661,32.3024008655921,0.581200001761317,0,0.177600001916289,0,25.1771297454834,534.503356933594,703.126037597656
"CRS3035RES50000mN4600000E5000000",1.62999999884051,20.881600305438,66.0416000057012,9.02040004730225,0,0,2.22080007661134,0.205600005574524,14.8324565887451,670.774169921875,878.561218261719
"CRS3035RES50000mN4600000E5050000",1.06039997481275,17.9656004343997,68.8768009655177,6.34320005774498,0,0,5.7451999746263,0.00880000006873161,14.5420999526978,693.134643554688,889.806213378906
"CRS3035RES50000mN4600000E5100000",0.279200001386926,10.6220003217459,72.4451991729438,7.62680023908615,0,0,9.02680000290274,0,14.5121850967407,747.744567871094,902.766052246094
"CRS3035RES50000mN4600000E5150000",0.623999988602009,11.1339999508346,71.5739983832464,8.57840031385422,0,0,8.08960020076483,0,14.5003414154053,785.870056152344,914.882202148438
"CRS3035RES50000mN4600000E5200000",0.139199996192474,3.24600003659725,79.9671995453537,8.44720005989075,0,0,8.20040006365161,0,14.3383913040161,784.69970703125,919.997985839844
"CRS3035RES50000mN4600000E5250000",0.409199998830446,5.68879991769791,70.8619992248714,4.74079996347427,0,0,18.2991997186036,0,14.8361139297485,816.757202148438,927.074279785156
"CRS3035RES50000mN4600000E5300000",0.53245874150889,2.05228766426444,75.7350941654294,9.3111127614975,0,0,11.9091952219606,0.459850719198585,14.6447172164917,797.787475585938,934.596435546875
"CRS3035RES50000mN4600000E5350000",0,0.257927482016385,79.732461279491,11.2337529659271,0,0,8.73033925890922,0.0455166125902906,14.3226127624512,803.115173339844,936.638793945312
"CRS3035RES50000mN4650000E4350000",0,7.01417839154601,6.14678896963596,81.1843194067478,1.83486230671406,1.8849041312933,1.93494581617415,0,12.1136713027954,1174.93127441406,420.764282226562
"CRS3035RES50000mN1850000E3100000",2.53959995170589,76.380401264032,3.234399901703,15.2820001116197,0.0980000011622906,0,2.46560000814497,0,25.301721572876,435.644866943359,715.190551757812
"CRS3035RES50000mN4650000E4400000",0.133813952561468,6.7777727264911,42.5214637070895,42.5048179808072,3.06427553296089,0.117167236749083,4.85635809600354,0.0243298098212108,12.691933631897,2265.57348632812,612.4267578125
"CRS3035RES50000mN4650000E4450000",0.0141426717163995,0.130920723313465,17.3421477898955,57.9631323693321,10.6825659517199,0,13.7850634753704,0.082027493044734,10.6728887557983,2454.958984375,695.14453125
"CRS3035RES50000mN4650000E4500000",0.0431999993452337,0.0232000005780719,17.597200255841,67.9447996502859,5.1044000312686,0,9.28719997464214,0,9.36939144134521,1536.81457519531,717.798278808594
"CRS3035RES50000mN4650000E4550000",0.196799999685027,0.132000000303378,50.3111995756626,31.9919998757541,1.73559997492703,0,15.6323999166489,0,10.41197681427,1194.89562988281,770.598693847656
"CRS3035RES50000mN4650000E4600000",0.0403999991249293,0.222800002120493,65.081998333335,12.8772005438805,0,0,21.7483997344971,0.0292000011540949,12.0932197570801,912.691345214844,816.709716796875
"CRS3035RES50000mN4650000E4650000",0.318800000241027,0.634800002444536,57.3848005384207,17.5804005019018,0,0,22.987599670887,1.09360003843904,12.9705324172974,862.103271484375,847.207336425781
"CRS3035RES50000mN4650000E4700000",0.209200002427678,0.601599983929191,61.4564020885154,14.7835999727249,0,0,21.7004009027732,1.24880000948906,13.5234603881836,810.24462890625,865.957275390625
"CRS3035RES50000mN4650000E4750000",0.385600002482533,0.739599985536187,73.007998301182,9.46160033345222,0,0,15.9692002460361,0.436000013723969,13.6445035934448,762.908996582031,874.008117675781
"CRS3035RES50000mN4650000E4800000",1.82144666614477,7.80516472877934,78.2219549873844,7.50964243197814,0,0,4.30278533603996,0.339004886336625,13.8998899459839,780.490295410156,852.2548828125
"CRS3035RES50000mN4650000E4850000",5.09592806920409,4.2224157252349,73.6574055626989,4.491594620049,0.102921389043331,9.48724068002776,2.66012200154364,0.282374047674239,13.2602300643921,616.408630371094,761.581115722656
"CRS3035RES50000mN1850000E3150000",1.99520000896882,87.8251993854065,3.86759990360587,6.07719998806715,0,0,0.23479999799747,0,24.9542388916016,407.080535888672,713.364379882812
"CRS3035RES50000mN4650000E4950000",1.18500608950853,23.3615480363369,73.4945591539144,1.95888746529818,0,0,0,0,13.2238655090332,539.256042480469,755.737731933594
"CRS3035RES50000mN4650000E5000000",2.30167388072004,13.7446932378225,69.259337335825,11.3488253875402,0,0.0536321080289781,3.08001553057693,0.211824313737452,14.415940284729,675.242065429688,865.683349609375
"CRS3035RES50000mN4650000E5050000",0.246800007880666,10.4563997127116,66.050800215453,11.8936002254486,0,0,11.3212001742795,0.0311999989207834,14.4755363464355,707.320495605469,897.953979492188
"CRS3035RES50000mN4650000E5100000",0.22720000197296,6.53039999306202,55.5452004540711,11.4036001265049,0,0,26.2936000712216,0,14.5180625915527,743.167663574219,913.752258300781
"CRS3035RES50000mN4650000E5150000",2.03439996694215,2.58480003103614,63.2379992312054,10.3799998760223,0,0,21.6151998378337,0.1475999946706,14.2569198608398,793.64111328125,915.190368652344
"CRS3035RES50000mN4650000E5200000",0.487599984626286,2.30999994091689,75.4448018444236,8.70120003819466,0,0,12.8507998771965,0.205600005574524,14.0962047576904,821.235534667969,919.136352539062
"CRS3035RES50000mN4650000E5250000",0.265611155191436,0.467924342956394,80.9909727424383,8.63015949726105,0,0,9.62369724584277,0.0216334883589298,14.1426010131836,830.633728027344,933.097961425781
"CRS3035RES50000mN4650000E5300000",0,0,78.4358479082585,13.8848230242729,0,0,7.61729907244444,0.0620301230810583,14.0993661880493,796.779296875,934.036315917969
"CRS3035RES50000mN4700000E4400000",0.652958761202171,10.9932566992938,21.8016216531396,55.7457450660877,8.04083198308945,0.334750837646425,2.43083601817488,0,12.2271175384521,2039.04443359375,562.789855957031
"CRS3035RES50000mN1850000E3200000",1.14479997560011,74.0371993044392,14.3315996974707,10.2927999570966,0,0,0.193600001512095,0,24.2560539245605,433.863830566406,704.832397460938
"CRS3035RES50000mN4700000E4450000",0.100423296680674,1.29590061260387,30.5118784308433,47.4866167642176,13.5411416413263,0,6.78637456148863,0.277664419263601,10.9640636444092,2502.98999023438,714.875732421875
"CRS3035RES50000mN4700000E4500000",0.0564000001759268,1.07679999200627,32.2084004059434,50.1056006643922,1.66599998192396,0,14.8867998272181,0,10.05295753479,1655.76281738281,723.185913085938
"CRS3035RES50000mN4700000E4550000",0.0888000002305489,0.286799995228648,51.0403989814222,31.3387997448445,0.69599999114871,0,16.5491998064681,0,10.5107107162476,1151.83837890625,777.578186035156
"CRS3035RES50000mN4700000E4600000",0.0364000006811693,0.207999996200669,73.5043972730637,10.1055997016374,0,0,16.1455996334553,0,11.7671985626221,964.5322265625,824.99169921875
"CRS3035RES50000mN4700000E4650000",0.204800001301919,0.994000006176065,54.4159987010062,20.4168001655489,0,0,22.4511997308583,1.51720000430942,12.7255086898804,838.924438476562,855.604858398438
"CRS3035RES50000mN4700000E4700000",0.432799992267973,0.466800002322997,55.9807981131599,14.5927999707056,0.0276000006124377,0,28.1628006545361,0.336400000378489,12.715537071228,858.130920410156,858.563659667969
"CRS3035RES50000mN4700000E4750000",0.111599998490419,1.11719996784814,68.4335984231439,8.43639969825745,0,0,21.5768002206459,0.324400002136827,13.1046943664551,808.885131835938,871.133117675781
"CRS3035RES50000mN4700000E4800000",0.329600006807595,2.92280007852242,75.7940031588078,12.1235996484756,0.0144000005093403,0.540800020098686,7.9404000134673,0.334400008432567,13.7305488586426,805.078063964844,872.193359375
"CRS3035RES50000mN4700000E4850000",4.32600664789789,5.43344363104552,73.316476168111,8.31615147180856,0.55242171511054,3.51552868960425,4.52181809814647,0.0181547045940533,13.3689651489258,631.630187988281,797.630493164062
"CRS3035RES50000mN1850000E3250000",1.55799999047304,90.8584009361221,4.52439994551242,3.02400002256036,0,0,0.0352000010025222,0,24.2568473815918,426.322174072266,689.190734863281
"CRS3035RES50000mN4700000E5000000",6.89667429869588,21.6766616329551,56.8948954343796,8.61550495028496,0,1.65922306478024,3.89761761762202,0.359424203634262,13.5267810821533,627.888610839844,833.689758300781
"CRS3035RES50000mN4700000E5050000",3.7204035630566,16.03226326406,58.5558485239744,12.513502658112,0,0,8.64546722732485,0.532515021041036,14.5057725906372,728.838623046875,910.473754882812
"CRS3035RES50000mN4700000E5100000",0.132000001030974,2.12960001081228,65.3627988882363,14.8827999830246,0,0,17.2348000283818,0.258000008761883,14.2894344329834,794.017272949219,922.335754394531
"CRS3035RES50000mN4700000E5150000",0.344000008499279,1.29759998526424,69.8884010751498,21.467599272728,0,0,6.82799981150311,0.174400000832975,13.9122705459595,835.667297363281,924.169372558594
"CRS3035RES50000mN4700000E5200000",0.0103999998827931,0.630799983628094,72.9991994798183,17.7627995610237,0,0,8.50080011150567,0.095999997574836,13.895788192749,825.691284179688,927.404602050781
"CRS3035RES50000mN4700000E5250000",0.0152599372086115,0.388038385426625,69.4114590063691,14.75690305233,0,0,15.4283406212926,0,13.8954639434814,781.912475585938,929.623718261719
"CRS3035RES50000mN4700000E5300000",0,0,68.9724914147518,22.0390900969505,0,0,8.98841992020607,0,13.9300193786621,770.061767578125,937.957458496094
"CRS3035RES50000mN1850000E3300000",0.730400002066745,69.7996009141207,17.7103993948549,11.7260000668466,0.0167999998666346,0,0.0167999998666346,0,24.0047988891602,422.747497558594,670.311218261719
"CRS3035RES50000mN4750000E4400000",1.07583983626682,15.6801943317987,18.3303916361183,49.697633087635,8.77974405884743,2.43948400020599,3.99671061895788,0,11.7409067153931,1669.62084960938,475.24267578125
"CRS3035RES50000mN4750000E4450000",0.514538996503689,6.64193397387862,37.1908228844404,40.5632883775979,6.81577735231258,0.293622794561088,7.95298293232918,0.027031940408051,11.9128742218018,2591.85083007812,689.707275390625
"CRS3035RES50000mN4750000E4500000",0.0308225622575264,0.593234249390661,18.5759970452636,58.1445623902255,8.32929685711861,0,14.326086640358,0,9.69326210021973,2096.48364257812,712.072326660156
"CRS3035RES50000mN4750000E4550000",0.103200002922677,0.0184000004082918,18.1615998837515,64.7911986263353,7.58480027434417,0,9.3248002231121,0.015999999595806,9.32717418670654,1265.98193359375,766.875061035156
"CRS3035RES50000mN1850000E3350000",1.27360001497436,25.9695995919174,19.9515998945571,52.2968013538048,0.0583999993978068,0,0.44999998062849,0,22.8779926300049,525.769226074219,594.670654296875
"CRS3035RES50000mN4750000E4600000",0.190800003474579,0.0815999985206872,56.9043993018568,34.2856003902853,0.00240000008489005,0,8.44799987971782,0.0872000004164875,10.6136274337769,1086.84069824219,813.004821777344
"CRS3035RES50000mN4750000E4650000",0.200799999583978,0.0971999979810789,54.108002409339,11.4108002569992,0,0,33.8095997343771,0.37360000424087,12.0675039291382,851.502380371094,844.960998535156
"CRS3035RES50000mN4750000E4700000",0.0620000013441313,0.0712000013663783,61.2572023761459,17.1600005123764,0,0,21.145600406453,0.304000009782612,12.5161371231079,815.757080078125,866.258911132812
"CRS3035RES50000mN4750000E4750000",0.165999997989275,0.200399996538181,65.6144017033511,19.2320004105568,0,0,14.4479999813484,0.339199998416007,13.2594184875488,773.340270996094,892.655883789062
"CRS3035RES50000mN4750000E4800000",0.533599998743739,2.6780000058352,74.4372023036704,14.0384007114335,0,0,7.56639993051066,0.746400002390146,14.1598777770996,759.175964355469,912.719543457031
"CRS3035RES50000mN4750000E4850000",4.34548633056693,7.75050453376025,70.2232025563717,7.08642899408005,0.205335579812527,3.28380197752267,6.30270545370877,0.802532956004143,13.9332695007324,725.021179199219,873.28955078125
"CRS3035RES50000mN4750000E4900000",0.785904872464016,1.16240818751976,87.9994176328182,7.08776577375829,0.248565268702805,2.08356184884906,0.632379297167063,0,13.0093555450439,602.922790527344,806.586303710938
"CRS3035RES50000mN4750000E4950000",7.74818416684866,1.3922518119216,65.173526853323,25.6860377267003,0,0,0,0,12.9356689453125,582.788757324219,805.341430664062
"CRS3035RES50000mN4750000E5000000",3.37972898269072,3.45250042155385,73.7405478954315,12.3849704861641,0,0.36109397187829,5.4864175937837,1.19474204257131,13.5441608428955,694.107055664062,862.426330566406
"CRS3035RES50000mN4750000E5050000",0.471999998990214,2.05399999395012,62.0291989762336,14.9079993367195,0,0,19.6000006515533,0.936799962073565,14.2614192962646,801.407287597656,925.67138671875
"CRS3035RES50000mN1850000E3400000",19.9213057640009,65.3617750882403,2.60371118783951,9.66008482500911,0.31271253246814,1.90724276471883,0.0819731852971017,0.151194981299341,24.9298534393311,545.721801757812,535.186828613281
"CRS3035RES50000mN4750000E5100000",0.32600000849925,0.511199980974198,58.0392006842885,15.7820001244545,0,0,25.0700005562976,0.271599995903671,14.0670433044434,811.320434570312,931.331848144531
"CRS3035RES50000mN4750000E5150000",0,0.738399988040328,62.0572000741958,29.9755990505219,0,0,7.22879997920244,0,13.5928525924683,882.063598632812,929.054016113281
"CRS3035RES50000mN4750000E5200000",0.314586429158225,0.351728219538927,61.1004695296287,21.9132050871849,0,0,16.2949499906972,0.0250595156103373,13.5810470581055,814.927185058594,929.992431640625
"CRS3035RES50000mN4750000E5250000",0,0.239788764156401,61.2027163617313,22.9442834854126,0,0,15.6132131174672,0,13.7727088928223,788.410522460938,931.767517089844
"CRS3035RES50000mN1850000E3650000",15.1116470922716,32.2493703453802,33.0780047923326,19.4770502508618,0.0839273299789056,0,0,0,24.2703990936279,620.771118164062,476.52783203125
"CRS3035RES50000mN4800000E4400000",1.01783636491746,6.02946877479553,9.87785924226046,80.4381519556046,0.717332307249308,0.319891422986984,1.59945711493492,0,11.518985748291,1253.75268554688,405.188110351562
"CRS3035RES50000mN4800000E4450000",0,2.18011226388626,20.1790383085608,43.1845635175705,30.6932300329209,0.077162217348814,3.62438773736358,0.0615061144344509,11.1480941772461,3141.8466796875,616.419250488281
"CRS3035RES50000mN4800000E4500000",0.960277757258154,1.21602813451318,26.1201222427189,46.0909037152305,20.9274187684059,0,4.50598113238811,0.179268035572022,10.0190401077271,2594.05053710938,728.933837890625
"CRS3035RES50000mN4800000E4550000",0,0,6.33999994024634,84.1715965420008,7.15279984287917,0,2.33560004271567,0,8.46176052093506,1389.72680664062,758.503540039062
"CRS3035RES50000mN4800000E4600000",0,0.0236000007134862,52.7188014239073,33.0827995669097,1.2368000112474,0,12.8743996599952,0.0636000011581928,10.5824928283691,1039.39367675781,824.175109863281
"CRS3035RES50000mN4800000E4650000",0,0,61.6007984615862,17.3959999483486,0.0339999998686835,0,20.819199635298,0.150000001303852,11.5434761047363,966.250122070312,867.278686523438
"CRS3035RES50000mN4800000E4700000",0,0,62.5820009969175,7.42879993049428,0,0,29.5928000472486,0.396399991586804,11.8817710876465,901.382202148438,870.828796386719
"CRS3035RES50000mN1850000E3700000",3.22675161896769,61.6337282350286,15.8972591161728,17.9080266185337,0.162724131951109,1.08465319790412,0.086855971312616,0,24.4798679351807,640.408447265625,514.82080078125
"CRS3035RES50000mN4800000E4750000",0.105199999234173,0.0579999992623925,67.2392005100846,13.8175994135963,0,0,18.7567995890277,0.0232000005780719,12.9548492431641,842.539672851562,895.138427734375
"CRS3035RES50000mN4800000E4800000",0.115200001164339,0.641999987419694,72.053602267988,15.7032004004577,0.0268000003416091,0,10.3316000007908,1.12760001793504,14.0337133407593,762.563415527344,937.310119628906
"CRS3035RES50000mN4800000E4850000",0.288758869282901,2.11235127644614,65.7451813109219,17.8075988282217,0.0352927483618259,0.0882318709045649,13.576078042388,0.34651062451303,14.141845703125,807.102661132812,934.751159667969
"CRS3035RES50000mN4800000E4900000",1.03193670511246,4.06726706132758,69.1347187384963,10.0329281383893,0,0.704337749630213,14.3752940697595,0.65351789817214,14.0261096954346,822.082885742188,915.433166503906
"CRS3035RES50000mN4800000E4950000",4.3729207769502,9.00489003397524,65.9323923289776,10.4746495431755,0.0718064329703339,0.578087219037115,6.75616716616787,2.80908569693565,13.889762878418,833.218688964844,905.252197265625
"CRS3035RES50000mN4800000E5000000",0.139148428570479,1.87028320506215,63.1405037012882,18.8467919826508,0,0,15.8536976727192,0.149574538227171,13.9406261444092,876.037841796875,928.231994628906
"CRS3035RES50000mN4800000E5050000",0.131600003078347,1.00359998177737,52.1448005456477,20.2043995261192,0,0,26.4864004449919,0.0292000011540949,13.7767810821533,850.761535644531,931.957092285156
"CRS3035RES50000mN4800000E5100000",0,0.724000012269244,73.1875985860825,16.3499996066093,0,0,9.71360026451293,0.0247999996645376,13.5603952407837,880.269165039062,933.324340820312
"CRS3035RES50000mN4800000E5150000",0.13440000184346,0.522399978945032,67.1007977114641,15.3323993086815,0,0,16.7432000278495,0.166800001170486,13.2305593490601,901.847778320312,929.107849121094
"CRS3035RES50000mN4800000E5200000",0,0.247320208291057,74.0933533757925,14.1621813178062,0,0,11.4971433300525,0,13.3023166656494,811.427429199219,931.375305175781
"CRS3035RES50000mN1850000E3750000",9.65471379458905,45.5910890479572,14.2271243501455,30.5270751006902,0,0,0,0,23.9738140106201,541.555603027344,442.037994384766
"CRS3035RES50000mN1850000E3800000",5.97813077620231,39.2078432952985,25.5494449287653,28.5732925636694,0.252168439328671,0.439120893133805,0,0,23.8420658111572,531.542907714844,438.37109375
"CRS3035RES50000mN4850000E4450000",0.63094284851104,6.68562459759414,29.6246915124356,39.1880691051483,18.3936132118106,0.342130986973643,5.13492710888386,0,11.529727935791,2003.0087890625,490.409942626953
"CRS3035RES50000mN4850000E4500000",0.0137169656227343,1.62109589437022,24.4107936043292,54.3507709808181,13.0223874002695,0.0760668073780835,6.45819653436775,0.0469702121336013,10.1650581359863,2287.78662109375,700.822143554688
"CRS3035RES50000mN4850000E4550000",0.179401354398578,1.09045520512155,20.3462006524205,60.6637441902421,11.1040203250013,0.0128430503536947,6.57202964648605,0.0313049327814952,9.36029243469238,1276.16943359375,750.832702636719
"CRS3035RES50000mN4850000E4600000",0,0,8.45320024818648,58.0591997131705,25.4656013436034,0,8.02199972386006,0,8.82367992401123,1157.41882324219,806.409301757812
"CRS3035RES50000mN4850000E4650000",0.0460000010207295,0.0119999996968545,59.7771994769574,27.462400519289,0.788000039756298,0,11.8599999696016,0.0544000009540468,10.9896793365479,1035.12145996094,885.234619140625
"CRS3035RES50000mN4850000E4700000",0,0.0487999990582466,70.601997897029,6.60760007449425,0.0163999997312203,0,22.5060005905107,0.219199992716312,12.3959903717041,804.148620605469,913.825378417969
"CRS3035RES50000mN4850000E4750000",0.247600001603132,0.14999999475549,66.6323992423714,9.06960033462383,0,0,23.3335992321373,0.56679998524487,12.9813175201416,784.309387207031,925.384887695312
"CRS3035RES50000mN4850000E4800000",0.0668000022415072,0.228400006017182,58.3052013505949,8.73439982533455,0,0,32.6268011820502,0.0384000013582408,12.9502010345459,821.307861328125,917.584350585938
"CRS3035RES50000mN4850000E4850000",0.174399995012209,0.777600001310929,70.6335978815332,12.3524001712212,0,0,14.9484000401571,1.11360000446439,13.808931350708,813.136901855469,945.39306640625
"CRS3035RES50000mN1850000E4150000",3.70305651304079,61.1615990521386,9.32075052114669,16.0472253570333,0.143694900907576,9.56542007625103,0.0582546868827194,0,23.114631652832,573.650634765625,453.329437255859
"CRS3035RES50000mN4850000E4900000",0.562399979389739,3.47239996190183,64.9980006273836,17.8415999980643,0.0132000001030974,0,11.6419997997582,1.47040002048016,13.8492050170898,798.294738769531,948.144409179688
"CRS3035RES50000mN4850000E4950000",0,1.56439994461834,58.4176001837478,28.2272011041641,0.262799998745322,0,11.2843999871984,0.243599992245436,13.7583198547363,831.701965332031,943.797973632812
"CRS3035RES50000mN4850000E5000000",0.878399992870982,1.3803999972879,67.5627997494302,20.4180002212524,0.0584000023081899,0,7.50480016431538,2.19720005989075,13.7050514221191,861.033325195312,942.327392578125
"CRS3035RES50000mN4850000E5050000",0,1.18080001702765,71.7559985816479,10.4263998568058,0,0,16.2079998000991,0.428800005465746,13.3863916397095,828.578674316406,935.005187988281
"CRS3035RES50000mN4850000E5100000",0.225999997928739,0.667999987490475,70.1720025390386,11.2700000405312,0,0,17.6639996469021,0,12.9014253616333,891.972961425781,923.078063964844
"CRS3035RES50000mN4850000E5150000",0.617600005352869,1.87599998898804,67.7620001137256,9.62480008602142,0,0,20.1195992733119,0,12.7572574615479,841.131958007812,917.443481445312
"CRS3035RES50000mN4850000E5200000",0,1.24255705159157,66.4650559425354,10.1693660020828,0,0,22.1230201830622,0,12.7380266189575,779.519592285156,916.326782226562
"CRS3035RES50000mN1850000E4200000",2.025199966738,52.6608006184688,20.3055997844786,22.5504003523383,1.167600043118,0.133600004483014,1.13519995938986,0.0216000000364147,22.7772674560547,797.510131835938,578.275329589844
"CRS3035RES50000mN4900000E4500000",1.73418587510241,6.60622399300337,34.1891877353192,41.5904906054493,7.7060126059223,0.537822395563126,7.63607919216156,0,11.9565372467041,1613.10717773438,608.148864746094
"CRS3035RES50000mN1850000E4250000",1.26227529253811,18.9795507118106,33.0648893490433,45.562731474638,0.589576573111117,0.137628434458748,0.403346680104733,0,21.1234874725342,735.376281738281,552.578857421875
"CRS3035RES50000mN4900000E4550000",0.313597152126022,1.39968298171879,20.8486721850931,46.425161557272,19.758751988411,0.0579473038669676,11.1961860209703,0,10.2570724487305,1972.34020996094,734.785278320312
"CRS3035RES50000mN4900000E4600000",0,0,1.31879998371005,74.9311972991564,14.6248001605272,0,9.02999965765048,0.0951999973040074,7.82384967803955,1259.10900878906,753.15283203125
"CRS3035RES50000mN4900000E4650000",0,0,21.3419999927283,49.818398617208,19.9799999594688,0,8.83559986978071,0.023999999393709,8.71616744995117,1068.86535644531,833.324584960938
"CRS3035RES50000mN4900000E4700000",0,0,55.5263996124268,20.6152003724128,0.360799999907613,0,23.4527995111421,0.0448000006144866,11.295166015625,892.182189941406,914.690734863281
"CRS3035RES50000mN4900000E4750000",2.37040001666173,0.0288000002910849,61.8428010493517,5.03799972648267,0,0,30.6907997466624,0.0292000011540949,11.971155166626,789.388732910156,906.472045898438
"CRS3035RES50000mN4900000E4800000",0.309999997261911,0.685999979032204,64.9920001160353,9.14880036070827,0,0,24.863200460095,0,12.8809223175049,753.820739746094,916.033325195312
"CRS3035RES50000mN4900000E4850000",0.117199996020645,0.621200009481982,59.4240014906973,10.4108001105487,0,0,28.5507996100932,0.875999964773655,13.4516515731812,753.064819335938,946.214904785156
"CRS3035RES50000mN4900000E4900000",0.249999988591299,1.00279997568578,71.0031992755831,13.1019992921211,0,0,13.7899997935165,0.851999968290329,13.5088872909546,751.270385742188,952.688659667969
"CRS3035RES50000mN4900000E4950000",0.0327999994624406,0.427600011607865,74.9987974762917,15.3540000319481,0,0,8.88599995523691,0.300800008699298,13.442626953125,774.985595703125,950.7900390625
"CRS3035RES50000mN4900000E5000000",1.51199997926596,0.372400006745011,70.9356008796021,16.5160001502954,0,0,9.88520011305809,0.778800016269088,13.3798685073853,773.704711914062,948.619323730469
"CRS3035RES50000mN1850000E4750000",3.86351309716702,33.7425523437559,30.5650843773037,31.2511276453733,0.577721605077386,0,0,0,24.2070789337158,727.035522460938,492.937805175781
"CRS3035RES50000mN4900000E5050000",0.462799993692897,0.590399984503165,66.7203988879919,13.4139999747276,0.0255999999353662,0,18.492000355036,0.294800009578466,13.1821756362915,767.071716308594,940.492370605469
"CRS3035RES50000mN4900000E5100000",0.0724000026821159,0.771199993323535,74.0371976047754,10.037200152874,0,0,15.0819997303188,0,12.7869491577148,811.004699707031,929.137939453125
"CRS3035RES50000mN4900000E5150000",0.289025198435411,1.39982420951128,71.2759681046009,11.3508080597967,0,0,15.672142803669,0.0122314741020091,12.5849866867065,780.894348144531,924.792419433594
"CRS3035RES50000mN4900000E5200000",0,1.14411883987486,76.0256946086884,12.7097547054291,0,0,10.1204335689545,0,12.5890827178955,769.568115234375,911.993225097656
"CRS3035RES50000mN1850000E4800000",2.71495532942936,25.4183522367384,49.8856991529465,20.8257876336575,1.13722465757746,0,0.0179798371391371,0,21.8844566345215,1097.05187988281,561.487060546875
"CRS3035RES50000mN4950000E4400000",1.39953091274947,0.625488674268126,0,83.5183709859848,9.46051608771086,0.453479262068868,4.54261153936386,0,10.6476535797119,1504.50073242188,346.207794189453
"CRS3035RES50000mN4950000E4450000",0.91694351285696,1.8538205884397,0.810631271451712,74.9501675367356,13.1162792444229,2.48504988849163,5.86710963398219,0,10.9279870986938,1714.28576660156,387.981292724609
"CRS3035RES50000mN4950000E4500000",0.0912422605324537,9.50288199819624,37.1416829526424,35.2073475718498,6.64243650389835,2.99578756093979,8.41861926019192,0,11.8004484176636,1591.75866699219,522.976501464844
"CRS3035RES50000mN4950000E4550000",0,0.364836223889143,25.3058657050133,43.5940254479646,21.3367227464914,0.300588319078088,9.09795984625817,0,10.8413896560669,2150.60083007812,686.264465332031
"CRS3035RES50000mN4950000E4600000",0,0,4.66440015879925,67.7099991211435,11.4903999492526,0,15.8119995554444,0.323199992999434,8.96925640106201,1318.1357421875,739.541259765625
"CRS3035RES50000mN4950000E4650000",0.0228000004426576,0,7.81360021792352,60.954000800848,20.1891996897758,0,10.9356002998538,0.0847999996040016,8.26664447784424,915.176818847656,792.402587890625
"CRS3035RES50000mN4950000E4700000",0.108800001180498,0.0383999999030493,41.7268007528037,42.4971986562014,0.365200010128319,0,14.7263998514973,0.53719999268651,10.4536123275757,838.344421386719,884.281005859375
"CRS3035RES50000mN1850000E4850000",2.76747208408779,62.8302738536149,22.5037910044193,10.2294846437871,1.39637168031186,0,0.272607016086113,0,23.1708030700684,763.111999511719,574.401794433594
"CRS3035RES50000mN4950000E4750000",0.917200018011499,0.158399996871594,66.6468020528555,7.53920019124053,0,0,23.9247994497418,0.813599955290556,11.6590642929077,769.28857421875,889.631408691406
"CRS3035RES50000mN4950000E4800000",0.143599998409627,0.356800001463853,55.2844003774226,9.40200036857277,0,0,33.2179986406118,1.59520003944635,12.526026725769,759.066040039062,908.378356933594
"CRS3035RES50000mN4950000E4850000",0.556399984634482,0.588000001152977,52.4559996789321,10.4139998555183,0,0,34.3083999352529,1.67720001190901,13.1021356582642,717.553771972656,941.71630859375
"CRS3035RES50000mN4950000E4900000",0.493200000346405,0.526799992076122,70.2524013293442,10.8135998249054,0.0539999979082495,0,17.1743993938434,0.685600005090237,13.1457023620605,793.983093261719,950.861083984375
"CRS3035RES50000mN4950000E4950000",0.0411999993957579,0.229200009198394,71.4308008551598,12.1664002537727,0,0,15.6955995596945,0.436800019815564,13.0066909790039,745.608032226562,947.476867675781
"CRS3035RES50000mN4950000E5000000",0.0448000006144866,0.454400002490729,67.1219974756241,14.2652004957199,0.111599999945611,0,17.8231995552778,0.178799999412149,12.7738218307495,763.773193359375,940.416931152344
"CRS3035RES50000mN4950000E5050000",0.177199998870492,0.704400020185858,65.1363983750343,15.02800071612,0.496800011023879,0,16.9592004531296,1.49800004437566,12.900351524353,777.501708984375,943.876403808594
"CRS3035RES50000mN4950000E5100000",0.176745156932156,0.627846992574632,72.3293413378997,15.3017118573189,0.115687737707049,0,11.4378216210753,0.0108457257738337,12.690580368042,783.176330566406,940.722351074219
"CRS3035RES50000mN4950000E5150000",0,0.79622461926192,60.0798651576042,15.1161670684814,0,0,24.0077443420886,0,12.1168537139893,797.499572753906,920.003234863281
"CRS3035RES50000mN1850000E4900000",5.00323630403728,65.4627837240695,6.8090615037363,18.2071196846664,4.51779924333096,0,0,0,25.0547657012939,631.825500488281,533.573059082031
"CRS3035RES50000mN5000000E4400000",0,0,0,0,0,0,0,0,10.443416595459,1326.0166015625,331.383972167969
"CRS3035RES50000mN1850000E5000000",12.4604254961014,84.1926709748805,0,3.1886026263237,0,0.158299412578344,0,0,24.5582580566406,583.14404296875,494.473999023438
"CRS3035RES50000mN5000000E4450000",0.997919501969591,14.0389966079965,9.83742355310824,54.0478348731994,3.42643558979034,3.71550098061562,13.9358902350068,0,10.4744911193848,1593.04736328125,368.695922851562
"CRS3035RES50000mN5000000E4500000",0.838955983635969,3.34139742772095,34.3905362300575,44.8741570115089,9.21741859056055,1.03537822142243,6.30215741693974,0,11.3068695068359,2119.18896484375,500.936340332031
"CRS3035RES50000mN5000000E4550000",0.323454532190226,3.06208543479443,44.1563546657562,36.2439297139645,7.35359415411949,1.57360248267651,7.28697888553143,0,12.0053834915161,2132.75537109375,628.759155273438
"CRS3035RES50000mN5000000E4600000",0.267608459398616,1.09750032133889,16.213230509311,44.0283595453365,28.2167587429285,0.249273143708706,9.92726958356797,0,9.46601581573486,1732.84338378906,715.3486328125
"CRS3035RES50000mN5000000E4650000",0.014000000373926,0,6.34839981794357,56.7163981497289,33.7008006870747,0,3.22040006285534,0,6.85404968261719,1145.86083984375,742.876281738281
"CRS3035RES50000mN5000000E4700000",0.14280000468716,0,28.6240005167201,54.9679989046126,2.18279995024204,0,13.9072000951273,0.175199995283037,9.96305179595947,757.961547851562,854.547729492188
"CRS3035RES50000mN5000000E4750000",1.22960002190666,0.0272000004770234,59.2543996870518,20.7303998817225,0,0,18.5412003891543,0.21720000077039,11.4241504669189,722.736511230469,891.548278808594
"CRS3035RES50000mN5000000E4800000",0.0944000028539449,0.281199999153614,51.5836015343666,8.87000032234936,0.0587999995332211,0,38.4299991303123,0.681999977678061,11.8896236419678,751.839050292969,898.343811035156
"CRS3035RES50000mN5000000E4850000",0.183600001037121,0.21599999818136,61.9655990973115,15.9328004345297,0,0,21.0099995718338,0.692000007256866,12.3911828994751,767.549499511719,920.843505859375
"CRS3035RES50000mN5000000E4900000",0.802399995154701,0.0923999963561073,72.3668000544421,7.83800027784309,1.41880000010133,0,17.3464000225067,0.135200005024672,12.4656257629395,777.864135742188,929.546325683594
"CRS3035RES50000mN5000000E4950000",0.288799992995336,0.410800008103252,62.014800333418,9.61840013187611,0.161200005095452,0,27.2532003931701,0.252799992449582,12.6641998291016,697.143432617188,939.320251464844
"CRS3035RES50000mN5000000E5000000",0.808399994275532,0.614800001494586,57.6743999030441,13.1019994616508,0.342800002545118,0,26.8424002453685,0.615199981257319,12.6154584884644,721.744689941406,936.353820800781
"CRS3035RES50000mN5000000E5050000",0.0119999996968545,0.109999997948762,62.1604007072165,13.6767998337746,0.286799995228648,0,23.3688006177545,0.385199999436736,12.4634370803833,777.912170410156,935.537902832031
"CRS3035RES50000mN5000000E5100000",0.0335999997332692,0.238400005036965,69.1887989640236,13.8160002243239,1.1119999922812,0,15.3995996341109,0.211600004695356,12.2196426391602,814.920715332031,931.959533691406
"CRS3035RES50000mN5000000E5150000",0,0,68.9934749156237,12.0470397989266,3.76218184828758,0,15.1973010972142,0,11.8168239593506,831.513244628906,918.362182617188
"CRS3035RES50000mN5050000E4500000",0.736157689243555,10.6815790990368,33.104836801067,34.8519638180733,4.43460171518382,0.766095286235213,15.4247688129544,0,11.3342704772949,1838.62097167969,525.792663574219
"CRS3035RES50000mN5050000E4550000",0.95581258792663,6.51333259884268,39.1030076891184,32.6110021094792,10.2013209470897,0.301953707821667,10.3135714307427,0,11.5830774307251,1758.96960449219,654.937622070312
"CRS3035RES50000mN5050000E4600000",0.525591753830668,2.95550861337688,40.1535942684859,39.493960267282,9.03785997070372,0.0942336104344577,7.73924998939038,0,11.1621551513672,1713.67504882812,714.940185546875
"CRS3035RES50000mN5050000E4650000",0.0831999983347487,0.938799983123317,14.9852003436535,64.102000289131,10.3116003330797,0,9.53560005873441,0.0436000002082437,8.84019756317139,1354.0166015625,758.458557128906
"CRS3035RES50000mN5050000E4700000",0,0.0163999997312203,16.5816003296641,62.9459999501705,7.53079993301071,0,12.9251997917891,0,9.0025520324707,801.790222167969,818.601196289062
"CRS3035RES50000mN5050000E4750000",0,0,5.25480008218438,79.2183976445813,0.176799995824695,0,14.9468005169183,0.403199996799231,10.069935798645,762.004516601562,852.357055664062
"CRS3035RES50000mN5050000E4800000",0.132000003941357,0.0655999989248812,39.7403990849853,22.4599994566233,0.468399981036782,0,36.4404003717937,0.693200016394258,11.39182472229,715.88134765625,878.120971679688
"CRS3035RES50000mN5050000E4850000",0.198000000091269,0.170400000934023,62.941200658679,5.62560019316151,0.184799998532981,0,30.3004007553682,0.579599989578128,11.9407596588135,688.795776367188,912.639343261719
"CRS3035RES50000mN5050000E4900000",0,0.209200009703636,60.0728008896112,3.46799999897485,0.609199980681297,0,35.3471986949444,0.293600000441074,11.9045610427856,713.275451660156,914.18505859375
"CRS3035RES50000mN5050000E4950000",0.0980000011622906,0,62.180001148954,6.14399984478951,0,0,31.5780001808889,0,11.9552993774414,681.123779296875,912.706298828125
"CRS3035RES50000mN5050000E5000000",0,0.0251999997999519,52.3855990148149,5.38360013160854,0.817199982702732,0,40.7011996489018,0.687200017273426,11.961483001709,732.549682617188,909.838500976562
"CRS3035RES50000mN5050000E5050000",0,0,52.318000048399,10.5972001329064,1.5544000081718,0,35.5044004507363,0.0260000000707805,11.8745021820068,773.316650390625,916.647766113281
"CRS3035RES50000mN5050000E5100000",0,0,72.1891120076179,8.04250711662462,1.45608326420188,0,18.3122970891418,0,11.8659086227417,782.147888183594,911.918701171875
"CRS3035RES50000mN5050000E5150000",0,0,72.8074995800853,14.679319888819,3.02801076322794,0,9.48516950011253,0,11.9288520812988,792.256225585938,911.696838378906
"CRS3035RES50000mN5100000E4500000",0.241887895390391,6.6902656108141,19.7286135749891,36.3716810941696,0.926253665238619,5.17404116690159,30.8672573417426,0,10.2666578292847,1272.1376953125,381.736083984375
"CRS3035RES50000mN5100000E4550000",1.43573461100459,7.68731292337179,17.324411845766,26.6043789684772,5.97741790115833,4.39558438956738,36.5751586854458,0,10.6749639511108,1330.25146484375,453.892059326172
"CRS3035RES50000mN5100000E4600000",0.473257205158006,6.31067401554901,45.6031579524278,31.4366448641522,3.64217348396778,0.306259235367179,12.2278332710266,0,11.0345611572266,1763.74377441406,636.19091796875
"CRS3035RES50000mN5100000E4650000",0.647002318874001,4.23316316446289,45.7260727882386,34.9558832705953,5.4367566946894,0.471427757292986,7.92507193982601,0.60462225228548,10.5902938842773,1448.83386230469,793.314636230469
"CRS3035RES50000mN5100000E4700000",0.0216057902434841,0.84702699095942,17.1233895700425,61.2412120230147,16.3823909126223,0.0384102953830734,4.33196108788252,0.0140037533128634,8.83035659790039,1011.89990234375,798.874816894531
"CRS3035RES50000mN5100000E4750000",0,0,9.58000013488344,64.5828017644817,12.5775992870331,0,13.0103997886181,0.249200011603534,9.34072303771973,779.224914550781,831.44677734375
"CRS3035RES50000mN5100000E4800000",0.0847999996040016,0.175200002558995,35.4732006788254,32.9919997195247,0.495199991564732,0,30.4971987381577,0.282400008291006,10.6699123382568,712.502868652344,860.414367675781
"CRS3035RES50000mN5100000E4850000",0,0.0307999987853691,28.9891988039017,35.897999543522,0.249199991230852,0,34.832800924778,0,10.9846172332764,633.719543457031,881.973571777344
"CRS3035RES50000mN5100000E4900000",0,0,46.0976010188461,26.1819999604086,0.2667999942787,0,27.4535987526179,0,11.1962623596191,669.340759277344,886.527893066406
"CRS3035RES50000mN5100000E4950000",0,0,68.1111998856068,11.1763999797404,2.2647999227047,0,18.4168003033846,0.0307999987853691,11.4908151626587,682.586486816406,895.473754882812
"CRS3035RES50000mN5100000E5000000",0.338799989549443,0.0372000009519979,77.8359975665807,10.1964002242312,1.42480001959484,0,9.93160009384155,0.235199998132885,11.6338863372803,744.488464355469,888.918640136719
"CRS3035RES50000mN5100000E5050000",0,0,75.3752576187253,15.9594003111124,5.66436111403164,0,3.00097870640457,0,11.5563259124756,711.146789550781,896.62890625
"CRS3035RES50000mN5100000E5100000",0,0,84.9104612134397,1.81948421522975,1.00286528468132,0,12.2671917080879,0,11.8377408981323,718.78759765625,905.748779296875
"CRS3035RES50000mN5150000E4550000",0,0,31.1606645584106,51.9725561141967,6.34648352861404,0,10.5202972888947,0,9.99951267242432,1072.62329101562,374.087463378906
"CRS3035RES50000mN5150000E4600000",0.0765630858950317,3.02232769317925,34.2275248549413,47.2671777009964,6.07623755931854,0.0535941566340625,9.27657429128886,0,10.0172462463379,1558.99951171875,508.794891357422
"CRS3035RES50000mN5150000E4650000",1.26416124403477,5.34289854695089,30.8735017199069,42.8073056056746,12.4548149760812,0.990024022758007,6.2672914005816,0,10.8753833770752,1789.55981445312,769.689819335938
"CRS3035RES50000mN5150000E4700000",0.14307528763311,3.15361790708266,21.5984078124165,32.8733829242992,40.2468036860228,0.357229658402503,1.6100556589663,0.017425836995244,9.56506252288818,1137.54284667969,793.3271484375
"CRS3035RES50000mN5150000E4750000",0,0.227200002700556,9.74000019486994,64.580000191927,22.6835995912552,0,2.76640001684427,0.00280000003840541,8.27451229095459,873.900634765625,789.131042480469
"CRS3035RES50000mN5150000E4800000",0,0.0936000011279248,17.5251994383871,64.9388000369072,1.18000004440546,0,16.2527997046709,0.00960000033956021,9.87862873077393,726.963073730469,839.628356933594
"CRS3035RES50000mN5150000E4850000",0,0.11399999493733,49.8883992433548,21.509600803256,0,0,28.2908003777265,0.197200011461973,10.8090410232544,625.885070800781,861.382080078125
"CRS3035RES50000mN5150000E4900000",0,0.022000000171829,67.7240012213588,12.8272004061728,0.00920000020414591,0,19.3956006551161,0.022000000171829,11.244499206543,605.018737792969,875.285522460938
"CRS3035RES50000mN5150000E4950000",0,0.011600000289036,70.0840016826987,11.9371999520809,1.74279995262623,0,16.0420000553132,0.182400003541261,11.4295682907104,637.024536132812,876.960754394531
"CRS3035RES50000mN5150000E5000000",0.213200005237013,0.097999999707099,61.2972007133067,0.776399986352771,0.0744000019039959,0,37.2404000052484,0.300400005653501,11.603702545166,668.742431640625,856.005249023438
"CRS3035RES50000mN5150000E5050000",0.0290176220005378,0,86.7424664087593,2.94045243645087,0.0835355778690428,0,10.0910977460444,0.113432516809553,11.8452453613281,697.807861328125,876.667175292969
"CRS3035RES50000mN5200000E4600000",0,0,17.5026312470436,60.1894073188305,7.75166600942612,0,14.556295843795,0,9.73817253112793,1051.13244628906,391.087127685547
"CRS3035RES50000mN5200000E4650000",0.0521303256391547,1.12681701721157,23.2601508498192,61.8365913629532,7.16591464151861,0.102255644742399,6.456140242517,0,9.95013236999512,1565.42199707031,588.055969238281
"CRS3035RES50000mN5200000E4700000",0.42104067542823,2.36642699455842,21.0366205312312,40.9228831529617,30.6167144328355,1.59167982637882,3.01705254241824,0.0275826256256551,10.3908681869507,1308.19299316406,668.778442382812
"CRS3035RES50000mN5200000E4750000",0.0922420585993677,1.54265234305058,23.5294112935662,51.9202679395675,19.7633409174159,0.044199320836924,2.9839345254004,0.123950268607587,9.86924934387207,1101.33837890625,775.5244140625
"CRS3035RES50000mN5200000E4800000",0.0733763998141513,0.506016483996063,17.5590114668011,70.2508836984634,5.83402514457703,0,5.60988616198302,0.166800990700722,9.46951675415039,853.574645996094,809.763549804688
"CRS3035RES50000mN5200000E4850000",0,0.014000000373926,19.6511998772621,66.2488013505935,0.171999994199723,0,13.383599743247,0.530399987474084,10.0682039260864,717.589660644531,819.90576171875
"CRS3035RES50000mN5200000E4900000",0.137599999288795,0.61119997408241,72.0943985506892,18.4528003036576,0.355999998282641,0,7.57439993321895,0.773600023239851,10.9395179748535,628.258178710938,877.97119140625
"CRS3035RES50000mN5200000E4950000",0,0,27.6903993915766,49.8051995440619,2.02079991286154,0,20.4836001619696,0,10.9055070877075,641.178344726562,873.662292480469
"CRS3035RES50000mN5200000E5000000",0,0,51.359200105071,3.69559987448156,0.687200017273426,0,44.2327991127968,0.0251999997999519,11.2880344390869,638.160583496094,848.858703613281
"CRS3035RES50000mN5200000E5050000",0,0.272897724062204,70.0047648046165,2.63120441231877,2.06498801708221,0,24.6969357132912,0.329209957271814,11.3984603881836,672.770141601562,849.729187011719
"CRS3035RES50000mN5250000E4650000",0,0.766820041462779,2.28045601397753,75.5817830562592,12.2024402022362,2.0604120567441,7.10808821022511,0,9.27666473388672,852.612976074219,362.734497070312
"CRS3035RES50000mN5250000E4700000",0,0.802580825984478,2.36446615308523,82.9884320497513,9.98111589578911,0.0157368791406043,3.84766720235348,0,9.36216735839844,993.213806152344,411.880767822266
"CRS3035RES50000mN5250000E4750000",0,0.463818898424506,8.03006738424301,54.1013926267624,35.6954026967287,0.0664915191009641,1.64282703772187,0,9.51215362548828,1313.47583007812,597.5078125
"CRS3035RES50000mN5250000E4800000",0.587314853328281,1.68859815021278,18.0524613242596,62.2716777026653,14.0874075063039,0.713905412703753,2.53615702968091,0.0624803069513291,10.4073600769043,1066.62805175781,807.388977050781
"CRS3035RES50000mN5250000E4850000",0.202921725576743,0.554595421999693,12.0781417936087,64.6030575037002,12.4581903219223,1.41185373067856,8.65985676646233,0.0313840806484222,9.99906349182129,824.857299804688,806.2861328125
"CRS3035RES50000mN5250000E4900000",0,0.056209065951407,14.4331031478941,62.6429694667422,17.8435268695467,0.0203656032681465,4.81117013841868,0.192658603191376,9.37388801574707,791.859924316406,816.988708496094
"CRS3035RES50000mN5250000E4950000",0.0411999993957579,0.196800008416176,17.7135999547317,68.4619987201586,3.43559988541529,0,9.57759991288185,0.573199987411499,10.3424205780029,688.765075683594,829.993225097656
"CRS3035RES50000mN5250000E5000000",0,0,20.2080006769393,56.95440081181,1.97279993444681,0,20.8435997366906,0.0211999999010004,10.5226078033447,702.127990722656,830.82080078125
"CRS3035RES50000mN5250000E5050000",0.745670960168354,0.45913802459836,35.4911103844642,43.0561808403582,3.5853024572134,0.302380067296326,16.2197351455688,0.140482524875551,11.0124397277832,698.896667480469,835.170959472656
"CRS3035RES50000mN5250000E5100000",0,1.44505524076522,40.1236390694976,39.8885056376457,0.476494478061795,0,18.0663041770459,0,10.4001665115356,864.266418457031,789.420104980469
"CRS3035RES50000mN5300000E4750000",0.204597431002185,0.0962811405770481,0.0742167118005455,90.0810360908508,7.92112946510315,0,1.62273840978742,0,9.05732727050781,1142.19421386719,410.518005371094
"CRS3035RES50000mN5300000E4800000",0.477886878070422,0.122433830983937,2.76779439300299,77.7652263641358,16.5380459278822,0.0750400882679969,2.25357222370803,0,9.5636568069458,1345.21960449219,611.162841796875
"CRS3035RES50000mN5300000E4850000",0.0589241099078208,0.404577136214357,9.25213694572449,72.8991180658341,9.60936471819878,0.289885560050607,7.40391928702592,0.082072865916416,10.1650648117065,988.455627441406,732.878234863281
"CRS3035RES50000mN5300000E4900000",0,0.47141334216576,20.6870669964701,67.1916231513023,6.90373822581023,0.481912540271878,4.26424350589513,0,10.3430976867676,812.189453125,740.891296386719
"CRS3035RES50000mN5300000E4950000",0.0119910524517763,0.143479136750102,19.2315801978111,67.172636768737,1.21812555298675,0.0368001259630546,11.9984947144985,0.18689502030611,9.99000549316406,816.768371582031,782.356872558594
"CRS3035RES50000mN5300000E5000000",0.0812117301393301,2.89182513370179,35.0417876616121,49.3363423491246,0.871414761058986,0.222150608897209,10.1613488979638,1.39391990378499,10.1964721679688,781.452087402344,812.800842285156
"CRS3035RES50000mN5300000E5050000",0.394423324905802,1.33053116151132,4.71309944987297,79.8910707235337,5.19188344478607,0.301182526163757,8.15634857863188,0.021460180869326,9.99066352844238,712.068420410156,757.050170898438
"CRS3035RES50000mN5300000E5100000",0,0.453212484717369,2.79036704450846,86.4836037158966,5.7762373238802,0.399893382564187,4.09668534994125,0,9.05381774902344,671.670959472656,546.008361816406
"CRS3035RES50000mN5350000E4800000",0,0,0,85.1849257946014,5.76802082359791,1.55212190002203,7.4949309695512,0,8.98737525939941,920.784423828125,409.961242675781
"CRS3035RES50000mN5350000E4850000",0.0463381293229759,0,0.090359355090186,85.0165665149688,11.589165776968,0,3.25757041573524,0,9.05723857879639,1129.93029785156,514.804931640625
"CRS3035RES50000mN5350000E4900000",0.249772937968373,0.114952318836004,2.28343550115824,70.6587761640548,21.0022136569023,1.0189600288868,4.67188919428736,0,9.49884510040283,883.24462890625,568.071838378906
"CRS3035RES50000mN5350000E4950000",0.024540425511077,0.0791986414697021,3.3062644302845,67.5006717443466,25.9810596704483,0,3.10826785862445,0,9.40093803405762,1006.02026367188,700.494567871094
"CRS3035RES50000mN5350000E5000000",0.192507190513425,0.136151458718814,3.10554970201338,61.3629125058651,31.6080820761271,0.796959828585386,2.66467845067382,0.133159116376191,8.99490547180176,961.597290039062,700.84765625
"CRS3035RES50000mN5350000E5050000",0,0.102585647255182,0.299105164594948,72.9835122823715,24.7070744633675,0.0951698224525899,1.81255259085447,0,8.57690906524658,866.548583984375,591.516723632812
"CRS3035RES50000mN5350000E5100000",1.86761422082782,1.12387407571077,0,79.2661756277085,0.68589374423027,0.247913389466703,16.8085282668472,0,8.44425010681152,662.199645996094,431.780670166016
"CRS3035RES50000mN5400000E4850000",0,0,0,66.5306150913239,33.4693878889084,0,0,0,8.54980850219727,819.696594238281,379.318237304688
"CRS3035RES50000mN5400000E4950000",0.36897452082485,0.00527106458321214,0,61.523862183094,36.0593527555466,0.0922436302062124,1.9502938259393,0,8.53226661682129,819.552978515625,442.544677734375
"CRS3035RES50000mN5400000E5000000",4.21994887292385,4.85933497548103,0,73.4015345573425,12.915600836277,4.60358038544655,0,0,8.43178176879883,736.4833984375,423.287719726562
"CRS3035RES50000mN1900000E2600000",80.0454786047339,6.93575888872147,0,8.64127310342155,0,4.37748730182648,0,0,19.1900043487549,641.877319335938,218.369262695312
"CRS3035RES50000mN1900000E2650000",17.0983568474185,30.9881930676056,17.0361895114183,13.690128971939,0.460482173366472,20.5115370976273,0.160095942555927,0.0550157914403826,20.9168758392334,683.165954589844,339.659210205078
"CRS3035RES50000mN1900000E2700000",0.945999979740009,56.8375991657376,34.9763993173838,6.62240033707349,0,0.112399994395673,0.31920000910759,0.185999996028841,22.5614337921143,664.452087402344,467.495574951172
"CRS3035RES50000mN1900000E2750000",1.11520000136807,85.1171986374538,7.81839991686865,5.30960001051426,0,0,0.639599980786443,0,23.1836910247803,632.128173828125,522.679382324219
"CRS3035RES50000mN1900000E2800000",1.81039995222818,85.171999229351,7.00160030974076,4.56480006687343,0.0167999998666346,0,1.30639998242259,0.127999996766448,24.1396293640137,610.817626953125,577.822143554688
"CRS3035RES50000mN1900000E2850000",3.12400001857895,88.5328013682738,2.38040006297524,5.09560003047227,0.195599999278784,0,0.426799996057526,0.244800001382828,25.4406852722168,554.272888183594,625.284851074219
"CRS3035RES50000mN1900000E2900000",2.06920002528932,79.7152007813565,4.25079990382074,12.9536001448287,0.0192000006791204,0,0.433199992403388,0.558800017461181,25.365909576416,552.487854003906,648.341064453125
"CRS3035RES50000mN1900000E2950000",1.53959998497157,69.9959999590646,4.39879999030381,20.7648000214249,0.0655999978334876,0,3.02520003169775,0.209999992512167,25.5179843902588,599.901672363281,664.179443359375
"CRS3035RES50000mN1900000E3000000",0.440400001389207,41.5596008184366,19.8352005332708,33.7627996690571,0.211600004695355,0,2.8311999514699,1.35920001193881,25.6549510955811,649.626831054688,695.397644042969
"CRS3035RES50000mN1900000E3050000",0.180799997178838,36.2571987730916,23.0151997879147,39.7371993632987,0.122400000691414,0,0.687200017273426,0,24.5047225952148,651.121337890625,701.027160644531
"CRS3035RES50000mN1900000E3100000",0.498000007064547,51.764401292894,13.9160002581775,33.4107992239296,0.083999999333173,0,0.326799997128546,0,23.8828830718994,516.89892578125,700.821533203125
"CRS3035RES50000mN1900000E3150000",1.99079996600631,89.8164017184172,1.26960003981367,5.17400011303835,0,0,1.74920000135899,0,25.3282375335693,383.319610595703,731.751953125
"CRS3035RES50000mN1900000E3200000",1.33479999494739,84.9859999514592,5.63519988209009,7.67760014277884,0,0,0.366399995982647,0,24.3699016571045,439.605377197266,712.650817871094
"CRS3035RES50000mN1900000E3250000",0.931599974865094,63.5144023923204,22.2920004278422,11.1684001458343,0.00960000033956021,0,2.08400003612041,0,23.0904731750488,522.463317871094,684.059631347656
"CRS3035RES50000mN1900000E3300000",0.310400004673283,26.7831996505266,34.196800366044,37.7032002783381,0.394799979403615,0,0.611600000411272,0,22.2373199462891,504.157958984375,657.730529785156
"CRS3035RES50000mN1900000E3350000",0.776800001040101,25.0511997364811,34.693999774754,38.9887999743224,0.112800001079449,0,0.376400002278388,0,21.3843593597412,512.883728027344,604.231872558594
"CRS3035RES50000mN1900000E3400000",4.08046611555619,31.0101534691057,20.930251525715,42.149981368857,1.44045272027142,0.236400822177529,0.152292766142637,0,22.6934490203857,527.271057128906,550.148559570312
"CRS3035RES50000mN1900000E3450000",16.0139569954481,49.1157360142097,9.8033907241188,23.4752406307962,1.12644188920967,0.16888661775738,0.296348216943443,0,24.175594329834,527.604919433594,491.952026367188
"CRS3035RES50000mN1900000E3700000",0,0,0,100.000002980232,0,0,0,0,24.0324573516846,675.607971191406,449.333648681641
"CRS3035RES50000mN1900000E3750000",9.23435533768498,63.4570548310875,9.84400222077965,17.4645867198706,0,0,0,0,23.770902633667,565.536682128906,439.412506103516
"CRS3035RES50000mN1900000E3800000",2.13009843137115,37.5298492610454,29.3724328279495,30.0410736352205,0.267456308938563,0.39163245819509,0.267456308938563,0,23.6266193389893,522.595764160156,437.512725830078
"CRS3035RES50000mN1900000E4150000",2.27482882328331,47.5205748807639,9.5940450206399,38.8882481027395,0.992925837635994,0.109811360016465,0.619567232206464,0,23.0952758789062,613.016479492188,479.430938720703
"CRS3035RES50000mN1900000E4200000",1.75879995367723,66.9359979976434,15.2928000432439,15.5295995904453,0.329599995166063,0,0.153200002387166,0,22.0601921081543,671.319885253906,585.534545898438
"CRS3035RES50000mN1900000E4250000",1.69025479262928,44.6136031256173,23.3339502476156,28.9262496182345,1.03661499924783,0.187184527749196,0.212142476812005,0,22.2736492156982,620.36279296875,559.127685546875
"CRS3035RES50000mN1900000E4300000",3.01182791590691,36.7150348960422,15.8029513433575,41.4827466011047,1.4998170780018,1.48762348107993,0,0,23.514778137207,498.682708740234,457.197021484375
"CRS3035RES50000mN1900000E4700000",7.74723973590881,73.1454089283944,7.04721640795469,11.1721869092435,0.610758736729622,0,0,0.277190515771508,24.0624351501465,825.275573730469,489.02734375
"CRS3035RES50000mN1900000E4750000",1.72789811622351,37.6068307552486,44.7608970105648,15.0998262688517,0.620589400932658,0,0.0735841691493988,0.110376253724098,21.3225345611572,1004.48669433594,571.333618164062
"CRS3035RES50000mN1900000E4800000",1.23060311452718,29.2487834245548,49.8035622760654,18.496520537883,0.916706607677043,0,0.288913690019399,0.0149090745253488,19.8055648803711,887.736450195312,608.950805664062
"CRS3035RES50000mN1900000E4850000",1.40093547379365,64.5565607075695,18.0218877270818,12.8745287656784,2.3886289447546,0.152581623115111,0.604877184377984,0,24.136739730835,594.338745117188,618.318420410156
"CRS3035RES50000mN1900000E4900000",11.3657888490707,70.9225232450991,13.3926883339882,3.25819291174412,1.06080695986748,0,0,0,24.7304801940918,532.212890625,530.365234375
"CRS3035RES50000mN1900000E4950000",10.5706264730543,83.0424811691045,1.72252510674298,3.16763968439773,0.570949306711555,0.925776548683643,0,0,24.8233642578125,563.356994628906,530.347595214844
"CRS3035RES50000mN1900000E5000000",9.78042418137193,87.6561060606036,1.03264697827399,0.99477102048695,0.11888854787685,0.4171620355919,0,0,24.7347793579102,627.622375488281,545.664672851562
"CRS3035RES50000mN1950000E2600000",33.4901985130273,35.94323201105,15.0109313428402,15.3296030126512,0.226034759543836,0,0,0,18.8699703216553,652.612915039062,216.765960693359
"CRS3035RES50000mN1950000E2650000",13.7068275711499,59.3269111937844,10.6959662865847,10.5567404883914,0.0240184977883473,4.9661299213767,0.121313770068809,0.602090824395418,20.8367691040039,700.266845703125,373.739868164062
"CRS3035RES50000mN1950000E2700000",2.25199996930315,46.68360047217,38.3564006537199,11.5928000304848,0.095999997574836,0,0.234000000637025,0.785200018435717,22.522216796875,655.367858886719,466.334655761719
"CRS3035RES50000mN1950000E2750000",0.461200004065176,42.8188004705589,36.4936007885263,18.9868005334574,0,0,1.23960003256798,0,23.0377101898193,677.768432617188,514.444030761719
"CRS3035RES50000mN1950000E2800000",0.69719999883091,59.3259996734559,12.4588003382087,27.2104002535343,0.103600003058091,0,0.203999993391335,0,23.2881202697754,714.092102050781,567.288818359375
"CRS3035RES50000mN1950000E2850000",0.29839999624528,52.1652011666447,5.6523999744968,41.2259991513565,0.141999998595566,0,0.516000017523766,0,24.5834484100342,601.700805664062,616.414611816406
"CRS3035RES50000mN1950000E2900000",1.49239999882411,55.9379989848822,3.8060000166297,37.8519995050737,0,0,0.854399986565113,0.0571999989915639,25.0626850128174,616.531433105469,647.35546875
"CRS3035RES50000mN1950000E2950000",0.688400008948519,45.7215992559213,11.8752003181726,40.5548005364835,0.0468000005639624,0,1.0432000271976,0.0699999975040555,24.4921112060547,779.603820800781,657.196960449219
"CRS3035RES50000mN1950000E3000000",0.746000010985881,45.679199307051,17.5303997471929,33.2743996288627,0.197599991224706,0,2.35520005226135,0.21720000077039,24.439582824707,650.761535644531,671.840393066406
"CRS3035RES50000mN1950000E3050000",1.68920000724029,64.6992006135406,12.431999668479,20.4600002063671,0.0795999992988072,0,0.197199999820441,0.442800018936396,24.1449508666992,529.001098632812,685.670959472656
"CRS3035RES50000mN1950000E3100000",5.40760005242191,77.7316003222951,3.32239996641874,12.9160000840784,0,0,0.22959999696468,0.392800010740757,24.8938293457031,411.198150634766,710.002502441406
"CRS3035RES50000mN1950000E3150000",3.60760002367897,77.5096012963331,3.15560000017285,15.4059998458251,0,0,0.22400000016205,0.097200000891462,25.0137271881104,409.983093261719,724.859924316406
"CRS3035RES50000mN1950000E3200000",1.35479997552466,76.8095992971212,6.40520006418229,15.1779999956489,0,0,0.25239999522455,0,23.6898326873779,490.996002197266,701.623657226562
"CRS3035RES50000mN1950000E3250000",0.707999990845565,45.2060007024556,33.7471984326839,20.3220000490546,0,0,0.0167999998666346,0,21.9520683288574,653.177124023438,678.778076171875
"CRS3035RES50000mN1950000E3300000",0.0680000011925585,8.55639985238668,57.2827991098165,34.0011996682733,0.0391999987186864,0,0.0523999988217838,0,19.1771793365479,694.488342285156,645.304626464844
"CRS3035RES50000mN1950000E3350000",0.983200003247476,23.4144007787108,34.3724004924297,41.1672005429864,0.0108000000182074,0,0.052000000141561,0,19.926420211792,483.698669433594,629.461120605469
"CRS3035RES50000mN1950000E3400000",0.219999997352716,14.2448000668082,49.2568012326956,36.1656002467498,0,0,0.112799997441471,0,18.5301399230957,623.394165039062,581.692199707031
"CRS3035RES50000mN1950000E3450000",0.904332876234548,31.745623718598,17.8207516670227,48.8672657869756,0.376735138706863,0.285290472675115,0,0,22.2342224121094,640.699035644531,564.34326171875
"CRS3035RES50000mN1950000E3500000",6.22590387356468,65.601023985073,0.362636940553785,19.0880640759133,2.77512688189745,5.18189100548625,0.765354791656137,0,24.1997776031494,571.144348144531,504.587158203125
"CRS3035RES50000mN1950000E4150000",6.44057838362642,72.2487353574251,3.09862475842238,17.3704003624152,0.352650764398277,0.443164457101374,0.0458445982076228,0,23.281177520752,519.736511230469,458.785827636719
"CRS3035RES50000mN1950000E4200000",2.02340993855614,55.5175670888275,17.0039881952107,24.553499231115,0.0470680723083205,0.035171746276319,0.79343318939209,0.0258615793427452,22.3391456604004,676.996643066406,520.461547851562
"CRS3035RES50000mN1950000E4250000",3.61515639815479,34.1464734839974,16.7364340042696,43.6280288384296,1.23911721166223,0.403376379108522,0.231413240544498,0,22.7321147918701,584.893737792969,529.547180175781
"CRS3035RES50000mN1950000E4600000",28.2029241323471,54.0842644870282,6.44883885979652,11.2639727070928,0,0,0,0,23.9739818572998,735.498229980469,478.493743896484
"CRS3035RES50000mN1950000E4650000",36.1232533177826,50.9706626558909,6.09667259268463,3.55089576914907,2.70131910219788,0.0216578060644679,0.535538513213396,0,23.6915512084961,855.257080078125,512.900817871094
"CRS3035RES50000mN1950000E4700000",12.0727101864759,45.9148536960128,34.6381262643262,6.68978709436487,0.6845252297353,0,0,0,22.1268043518066,1146.96472167969,561.641235351562
"CRS3035RES50000mN1950000E4750000",2.26599997258745,49.4319997669664,35.0872013252228,12.8528001136147,0.127199996495619,0,0.203600000531878,0.0311999989207834,21.0428047180176,868.021728515625,622.664855957031
"CRS3035RES50000mN1950000E4800000",1.49120003115968,63.5648004594259,27.918800781481,6.54319999739528,0.126800003636162,0,0.355200003832579,0,21.3133296966553,624.426391601562,640.2060546875
"CRS3035RES50000mN1950000E4850000",2.36520001344615,78.2132005399035,8.70600007474422,9.63200014084577,0.734000001102686,0,0.349599997571204,0,23.8414974212646,550.244750976562,639.255798339844
"CRS3035RES50000mN1950000E4900000",6.97427534614689,76.2228390201926,11.5610525012016,5.128716348554,0.0421868549892679,0.0709295505657792,0,0,24.2308788299561,572.623779296875,601.032470703125
"CRS3035RES50000mN1950000E4950000",6.41839726595208,91.7670916533098,0.863856868818402,0.763355277013033,0.0214707950362936,0.0443120661657304,0.121515561477281,0,24.7946605682373,621.775024414062,577.55810546875
"CRS3035RES50000mN1950000E5000000",13.6662367964163,81.8844390567392,1.12665295600891,1.52129977941513,0.0509221688844264,1.75044955103658,0,0,25.0020484924316,680.907531738281,549.656372070312
"CRS3035RES50000mN1500000E4450000",15.6712330877781,60.6027383357286,8.90410989522934,14.1643837094307,0,0,0.657534226775169,0,24.6259460449219,549.313842773438,434.451599121094
"CRS3035RES50000mN1500000E4500000",4.89626564085484,58.5062269121408,26.3485491275787,9.56431552767754,0.684647308662534,0,0,0,24.4952697753906,522.695495605469,428.392578125
"CRS3035RES50000mN2000000E2650000",8.20224836352281,58.9895808807341,21.9507783651352,9.48500543599949,0.571484956890345,0.623288640053943,0.177612592233345,0,19.7256565093994,725.436584472656,294.339080810547
"CRS3035RES50000mN2000000E2700000",7.42799989384366,48.1023997068404,20.4163994640112,23.5776005196385,0.126799999270588,0,0.101200002245605,0.247599999420345,20.8693332672119,816.239440917969,422.770843505859
"CRS3035RES50000mN2000000E2750000",1.62279996729921,23.649600619683,22.1227999776602,48.7071996787563,2.02039990836056,0,1.34720001369715,0.529999984428287,22.0367851257324,911.428283691406,502.455657958984
"CRS3035RES50000mN2000000E2800000",0.948399996559602,41.2424001755426,14.9380002170801,41.5415990210022,0.473999977111816,0,0.251600006595254,0.603999989107251,23.5796298980713,761.618408203125,576.894897460938
"CRS3035RES50000mN1500000E4700000",7.44833117350935,87.6794199342839,2.62869887519628,2.24354919046164,0,0,0,0,24.4469776153564,536.601257324219,447.922271728516
"CRS3035RES50000mN2000000E2850000",0.330400005623233,40.5251998563472,10.4543999768794,46.6943998588248,0,0,1.62480007857084,0.370800006203353,24.5701904296875,695.636413574219,621.413940429688
"CRS3035RES50000mN2000000E2900000",1.17560000217054,59.9416008801199,4.27960015367717,32.3235996300354,0.00280000003840541,0,1.609200052917,0.667600007727742,25.0548496246338,787.946166992188,652.525695800781
"CRS3035RES50000mN2000000E2950000",1.35999999329215,49.5487999171019,12.7176001435146,34.3175999820233,0.962000014260411,0,0.73640001937747,0.357599998824298,23.6770610809326,1008.24273681641,661.080993652344
"CRS3035RES50000mN2000000E3000000",0.540400000318186,30.2432005759329,25.0963993370533,40.438399463892,2.8507999755675,0,0.801199954003096,0.0296000012895092,22.5689239501953,958.5732421875,669.696899414062
"CRS3035RES50000mN2000000E3050000",2.27160006616032,26.9580000647693,34.8632000386714,35.1624004542827,0.204800001665717,0,0.540000014007092,0,23.5528240203857,697.722839355469,698.09228515625
"CRS3035RES50000mN2000000E3100000",11.1711998251849,48.1200000969693,22.2768004983663,18.051999702584,0,0,0.380000006407499,0,24.5241851806641,538.512023925781,713.159973144531
"CRS3035RES50000mN2000000E3150000",27.4647997226567,48.3412004279672,8.29600021243095,15.5471998732537,0,0,0.350800008163787,0,24.6104354858398,443.16455078125,716.511169433594
"CRS3035RES50000mN2000000E3200000",2.57600004188135,55.551598641614,17.7604004740715,21.2267999479082,0.100399999064393,0,2.75960003928048,0.0251999997999519,23.2143898010254,506.424499511719,695.526611328125
"CRS3035RES50000mN2000000E3250000",0.184800004353747,26.692000478215,52.7368009090423,20.1715998351574,0,0,0.21480000577867,0,21.7914772033691,707.032348632812,679.229858398438
"CRS3035RES50000mN2000000E3300000",0.424000003113179,19.7860003216193,45.0224000960588,34.7543999087066,0,0,0.0132000001030974,0,18.7885913848877,639.031311035156,641.268859863281
"CRS3035RES50000mN1500000E4750000",5.77180994441733,87.1768389828504,1.72044335049577,4.36431486159563,0,0.966593180783093,0,0,24.8782367706299,545.964233398438,465.107330322266
"CRS3035RES50000mN2000000E3350000",0.432800000271526,55.1167986268411,10.8303999528289,33.5252008400857,0,0,0.0948000000789761,0,19.8884086608887,453.021484375,632.442993164062
"CRS3035RES50000mN2000000E3400000",1.0439999801747,24.4263998407405,18.9095998182893,55.3275985643268,0.0592000025790185,0,0.233200006186962,0,20.1569747924805,485.919860839844,618.987426757812
"CRS3035RES50000mN2000000E3450000",0.543199999083299,32.3592000990175,43.5139991343021,23.0535994516686,0.352399999974295,0,0.177600001916289,0,21.9187068939209,561.496398925781,607.661560058594
"CRS3035RES50000mN2000000E3500000",2.10882728424622,51.6962211811914,18.2931436691433,25.6931400508619,0.777895946521312,0.537408038508147,0.0924619642319157,0.800902955234051,23.1219539642334,556.364135742188,563.649475097656
"CRS3035RES50000mN2000000E3550000",21.2181893526576,46.27659576945,13.1372551200912,19.0592407132499,0.233625364489853,0,0.0750938663259149,0,23.7280311584473,581.308166503906,507.519134521484
"CRS3035RES50000mN2000000E3600000",56.9595256005413,31.1944709857926,3.58670614659786,2.69825607538223,5.56103996932507,0,0,0,23.627103805542,580.905029296875,480.800201416016
"CRS3035RES50000mN2000000E4150000",0,0,3.68188507854939,96.318113617599,0,0,0,0,23.0883369445801,518.869506835938,436.443511962891
"CRS3035RES50000mN2000000E4200000",1.67684545740485,23.6488157883286,4.09856336191297,67.1620739623904,3.20542242843658,0,0.208281842060387,0,22.8884544372559,598.010009765625,447.406677246094
"CRS3035RES50000mN2000000E4250000",7.28051774203777,26.1885293759406,1.74412401393056,63.0782631691545,1.39032109291293,0.316466961521655,0.00177790425368585,0,23.4011993408203,546.463439941406,476.620178222656
"CRS3035RES50000mN2000000E4500000",27.2126202471554,60.0742388982326,9.23326769843697,2.13432312011719,0.162394158542156,0,1.18315741419792,0,23.7484321594238,722.574829101562,471.882507324219
"CRS3035RES50000mN2000000E4550000",6.38438986497931,70.3709651599638,10.8606971334666,10.7320844603237,0.230095253209584,0,1.42176763620227,0,23.6289520263672,905.956787109375,525.115844726562
"CRS3035RES50000mN2000000E4600000",3.91250043758191,50.7137231703382,20.3555287793279,24.3108385242522,0.258260118425824,0,0.378266855841503,0.070881174178794,22.7748126983643,1015.29876708984,547.520874023438
"CRS3035RES50000mN2000000E4650000",6.09766866837162,59.3310857424512,26.4222956640879,7.51615107874385,0.168933832628682,0.000802536033006618,0.290116772521288,0.172946508973837,22.1271457672119,1107.45129394531,597.744873046875
"CRS3035RES50000mN2000000E4700000",3.78239995625336,70.3024008660577,19.2412006435916,6.33200014708564,0.145999995584134,0.0432000000728294,0.152799999341369,0,21.8039836883545,917.320678710938,630.381225585938
"CRS3035RES50000mN2000000E4750000",1.46039998653578,85.0319995777682,10.3443999774754,3.10919999610632,0.0163999997312203,0,0.0376000010874122,0,22.830623626709,616.887817382812,650.667785644531
"CRS3035RES50000mN2000000E4800000",2.49281922733644,89.8043387103826,2.51417013350874,4.8390018811915,0.0108768777863588,0,0.338794605340809,0,24.4046039581299,499.962280273438,646.350036621094
"CRS3035RES50000mN2000000E4850000",8.27490379306255,79.1692373808474,2.90064212167635,9.61015425273218,0,0.045062685967423,0,0,24.0083103179932,570.567932128906,598.110595703125
"CRS3035RES50000mN2000000E4900000",8.572739752708,90.203030689736,0.958319846540689,0.265910290181637,0,0,0,0,24.1884784698486,567.51318359375,543.77197265625
"CRS3035RES50000mN2000000E4950000",8.92575047910213,90.8372816280462,0,0,0,0.236966833472252,0,0,24.0744915008545,611.9677734375,505.679260253906
"CRS3035RES50000mN2050000E2650000",2.98189558088779,0,41.5335476398468,40.5750810168683,14.9094775319099,0,0,0,18.8241424560547,758.948120117188,228.575286865234
"CRS3035RES50000mN2050000E2700000",7.35886738402768,34.1731648659334,41.8775111436844,15.0701337435748,0.411487606470473,0.815522635821253,0.0771871898905374,0.216124136932194,19.5651531219482,909.63916015625,329.504638671875
"CRS3035RES50000mN2050000E2750000",2.81680003827205,20.3995998097525,35.3575997054577,24.8635998519603,15.4963999986649,0,0.831999999354594,0.233999988995492,20.3767032623291,1151.18737792969,462.255798339844
"CRS3035RES50000mN2050000E2800000",1.19359997770516,23.7767999758944,21.3091997429728,52.8003998217173,0.688799994532019,0,0.231199990957975,0,20.3910617828369,1259.26416015625,535.064636230469
"CRS3035RES50000mN2050000E2850000",0.509200017404509,37.4071994097904,15.1783999055624,45.9280014038086,0.60919999377802,0,0.368000008165836,0,21.7361106872559,995.01220703125,592.259521484375
"CRS3035RES50000mN2050000E2900000",0.606000004336238,33.0743999889819,20.9116000682115,43.6995999887585,1.41920000314712,0,0.278800004161894,0.0103999998827931,21.6641807556152,857.273681640625,614.38037109375
"CRS3035RES50000mN2050000E2950000",0.69080001412658,37.4539996846579,25.0812009908259,33.9920004829764,1.24359998153522,0,1.23439999297261,0.304000009782612,20.8191623687744,881.672729492188,620.558776855469
"CRS3035RES50000mN2050000E3000000",0.546000011672731,49.4208004254688,8.21320011746139,40.7499999739229,0.0671999994665384,0,0.999199971556664,0.00360000012733508,19.3303108215332,700.473754882812,616.775939941406
"CRS3035RES50000mN2050000E3050000",1.74639998585917,41.0323994699866,12.1551997959614,44.6367999276845,0.253199995495379,0,0.176000001374632,0,19.7763042449951,529.978332519531,634.375732421875
"CRS3035RES50000mN2050000E3100000",5.92360004811781,30.9659992795787,30.0291996449232,32.5539996847511,0.168800004757941,0,0.358400004915893,0,20.0881004333496,727.277465820312,652.592041015625
"CRS3035RES50000mN2050000E3150000",3.86160002817633,24.2156004649587,27.4995993822813,42.5831987988204,0.42519997805357,0,1.41479996964335,0,21.1592540740967,644.95849609375,668.962097167969
"CRS3035RES50000mN2050000E3200000",0.677199989877408,42.450000023382,23.1027998030186,32.9355999827385,0.21839999826625,0,0.615999996080063,0,21.9483051300049,571.721313476562,677.425842285156
"CRS3035RES50000mN2050000E3250000",0.456400003167801,24.4135999208084,32.1299999952316,42.8091997397132,0.0483999989228323,0,0.142400001641363,0,20.8668384552002,556.957336425781,664.759094238281
"CRS3035RES50000mN2050000E3300000",0.251999997271923,41.8367994454456,26.6280002892017,30.9608009178192,0,0,0.32239998690784,0,20.7078037261963,484.857421875,642.836181640625
"CRS3035RES50000mN2050000E3350000",0.401200010674074,53.5571984015405,22.197600081563,23.1232001679018,0.0432000000728294,0,0.677599990740418,0,20.9130592346191,460.586761474609,630.724975585938
"CRS3035RES50000mN2050000E3400000",1.27719998927205,72.2456001549289,7.33399987220764,18.858000158798,0.0427999999374151,0,0.0744000019039959,0.167999998666346,23.3401107788086,380.345275878906,628.029541015625
"CRS3035RES50000mN2050000E3450000",0.597999997989972,64.8204006487504,12.9739993368276,18.2576005085138,0.146000005770475,0,3.00759996753186,0.196400005370378,25.0248641967773,358.850341796875,651.016418457031
"CRS3035RES50000mN2050000E3500000",0.845600012689828,57.6411999878473,17.58479969576,22.4308002187172,0.204000003577676,0,1.00559995626099,0.28800000436604,24.1411380767822,430.269989013672,641.735778808594
"CRS3035RES50000mN2050000E3550000",2.41400001395959,59.4840003876015,24.8811991885304,12.9307996714488,0.231200002599508,0,0.0587999995332211,0,22.3829498291016,518.413757324219,618.404663085938
"CRS3035RES50000mN2050000E3600000",10.5775112184347,32.9831016948447,35.5240544304252,20.1814903528429,0.657092762412504,0,0.0307819864246994,0.0459677656181157,21.9285335540771,594.838073730469,572.837768554688
"CRS3035RES50000mN2050000E3650000",34.7433830800583,19.4487591506913,39.1671891789883,6.07158205530141,0.126243429258466,0.262401276268065,0.0185068900464103,0.161935295909643,22.4750919342041,639.65771484375,521.049926757812
"CRS3035RES50000mN2050000E3700000",15.9262973116711,12.8705646959133,67.0102471951396,3.25944848591462,0.933442823588848,0,0,0,22.9129199981689,640.10498046875,480.716583251953
"CRS3035RES50000mN2050000E4200000",3.70090822834755,14.1678939922713,47.8577556088567,31.8636471405625,2.2324496647343,0,0.17734412685968,0,21.7198276519775,974.863037109375,511.78857421875
"CRS3035RES50000mN2050000E4250000",4.35028916981537,8.20064819417894,44.4222472608089,38.4340155869723,3.86924291960895,0.583417792222463,0.140139539144002,0,22.895544052124,747.744262695312,540.040344238281
"CRS3035RES50000mN2050000E4450000",16.7385671287775,80.1553058438003,2.93356338515878,0,0.172562559600919,0,0,0,23.5094757080078,671.262573242188,476.144256591797
"CRS3035RES50000mN2050000E4500000",29.1827701148577,61.3700857618824,6.06484678573907,2.25668721832335,0.342767173424363,0,0.449916068464518,0.332926958799362,23.515796661377,838.115661621094,554.63037109375
"CRS3035RES50000mN2050000E4550000",4.55600006898748,53.8899993611267,30.1171985454857,11.337600024126,0.0403999991249293,0,0.0587999995332211,0,21.3809070587158,1164.86486816406,629.463684082031
"CRS3035RES50000mN2050000E4600000",2.26199997850927,37.8015991402208,41.2767987698316,17.9927994504396,0.500399983138777,0,0.123599998187274,0.0427999999374151,19.3309803009033,1187.04956054688,644.215393066406
"CRS3035RES50000mN2050000E4650000",1.45320002338849,31.8291991352453,41.7432013899088,24.4887996464968,0.362800002039876,0,0.122800003737211,0,18.791431427002,1101.45275878906,630.892211914062
"CRS3035RES50000mN2050000E4700000",1.3092000153847,76.3376019836869,18.6464002355934,2.92280002613552,0.0712000008206815,0,0.6976000033319,0.0151999993249774,22.2192516326904,697.739501953125,642.9638671875
"CRS3035RES50000mN2050000E4750000",3.30799998191651,81.1088006390492,6.12800000526477,9.23720002174378,0.0587999995332211,0,0.120800004515332,0.0384000013582408,24.8863468170166,523.090576171875,660.699340820312
"CRS3035RES50000mN2050000E4800000",2.47012540639844,51.0916815896052,21.209692209959,19.6279522031546,0.0727236678358167,5.31543870456516,0.0206601325771771,0.191726034972817,24.3030815124512,488.681610107422,598.044189453125
"CRS3035RES50000mN1550000E2850000",6.36386340484024,47.8163212537766,18.9168948680162,24.6568509377539,2.24606934934855,0,0,0,22.6683616638184,695.21728515625,340.258056640625
"CRS3035RES50000mN1550000E2900000",13.5932025965303,29.5806501730112,25.6214851513506,30.4486911045387,0.466623203828931,0.154861842747778,0.134485284797847,0,22.4480400085449,700.501586914062,349.025329589844
"CRS3035RES50000mN1550000E4600000",9.02181314304471,75.093909050338,3.33018465898931,11.9170530640986,0.329503772081808,0,0.171341962413862,0.136194890365005,24.3291091918945,559.23779296875,468.634429931641
"CRS3035RES50000mN2100000E2700000",7.25438567751553,29.9739535956178,45.5548980273306,12.8440110944212,1.70885995030403,2.27802055014763,0.231522950343788,0.154348637443036,19.0601406097412,967.940673828125,277.445495605469
"CRS3035RES50000mN2100000E2750000",6.34000021091197,29.2087998182979,42.8659997880459,18.7800000931019,0.0140000002375018,1.68959997972707,1.04399995179847,0.0576000020373613,20.552209854126,1294.09252929688,443.190582275391
"CRS3035RES50000mN2100000E2800000",2.99759994086343,34.8904000013135,23.7372006289661,36.6928011761047,1.61999997944804,0,0.0620000006165355,0,20.337703704834,1204.50415039062,511.899627685547
"CRS3035RES50000mN2100000E2850000",0.995999982114881,43.124800582882,5.04039991647005,49.0435994506697,1.67159996926785,0,0.123599998187274,0,20.653751373291,796.343627929688,564.465393066406
"CRS3035RES50000mN2100000E2900000",1.09039999952074,54.6164001047146,6.98520010337234,37.1359991841018,0.0531999976374209,0,0.067999999737367,0.0508000026457012,21.1115398406982,660.357666015625,590.295227050781
"CRS3035RES50000mN1550000E4650000",2.9194849121268,87.3772465623916,1.5613995725289,6.57714640256017,0.929531035944819,0,0.209293980151415,0.425896653905511,24.2529525756836,504.302886962891,527.457336425781
"CRS3035RES50000mN2100000E2950000",0.771599990548566,78.973602037877,3.27400006353855,16.7531997780315,0,0,0.0931999995373189,0.134399998933077,20.5478096008301,600.140502929688,597.490844726562
"CRS3035RES50000mN2100000E3000000",3.4288000097149,87.7555978426244,2.21840004378464,6.07240016033756,0,0,0.180399999953806,0.344399991445243,20.96337890625,469.358306884766,618.565856933594
"CRS3035RES50000mN2100000E3050000",1.29280000910512,86.121600162005,10.243600292597,2.34199993719813,0,0,0,0,21.6499652862549,444.020446777344,633.875915527344
"CRS3035RES50000mN2100000E3100000",1.43199999001808,58.3503994363127,34.33319889009,5.88440005085432,0,0,0,0,21.4493103027344,498.366912841797,640.405822753906
"CRS3035RES50000mN2100000E3150000",0.612399991223356,40.5579994025175,29.7772001475096,28.6999998381362,0.135999999474734,0,0.1587999984622,0.0576000020373613,19.8008270263672,608.802490234375,632.740905761719
"CRS3035RES50000mN2100000E3200000",0.273600005311892,32.1399996755645,25.3631997853518,41.6208001319319,0.602399976924062,0,0,0,19.7395439147949,570.617309570312,638.103515625
"CRS3035RES50000mN2100000E3250000",0.249199995596427,57.5912019761745,22.7939996868372,19.3147994898027,0.0391999987186864,0,0.011600000289036,0,20.5344791412354,524.380920410156,641.215026855469
"CRS3035RES50000mN2100000E3300000",0.522000002820278,48.2539993943647,19.5336008444428,31.4671998145058,0.115200004074723,0,0.107999995816499,0,20.42453956604,480.904815673828,623.363952636719
"CRS3035RES50000mN2100000E3350000",2.28200000419747,65.601998521015,7.29679986834526,24.4468004442752,0.0415999995311722,0,0.232800003141165,0.0980000011622906,23.0403251647949,387.2373046875,632.952819824219
"CRS3035RES50000mN2100000E3400000",6.92160002654418,55.37119886867,6.46720016375184,30.7991999201477,0,0,0.0508000026457012,0.389999989420176,24.3329162597656,370.058929443359,655.371154785156
"CRS3035RES50000mN1550000E4700000",2.97834828234045,78.1894516199827,8.84645190089941,9.51368071255273,0.0201152986846864,0,0.207144790329039,0.244807475246489,23.9915637969971,593.827026367188,561.2978515625
"CRS3035RES50000mN2100000E3450000",0.565199989068788,82.0000008359785,4.77720017079263,12.4747999943793,0,0,0.182800003676675,0,24.5039577484131,397.050476074219,677.1083984375
"CRS3035RES50000mN2100000E3500000",2.69199998583644,76.7683993093669,8.77839978784323,10.5271997177624,0.028000000747852,0,1.20599996298552,0,24.4235210418701,419.680847167969,695.297546386719
"CRS3035RES50000mN2100000E3550000",1.5363999766123,65.2439996832981,17.5491998088546,14.7475997218862,0.0407999992603436,0,0.866799987852573,0.0151999993249774,23.0950832366943,523.929809570312,678.549133300781
"CRS3035RES50000mN2100000E3600000",2.13039995069266,35.9648010664387,42.3148014117033,19.5036000659456,0,0,0.0864000001456589,0,20.9930267333984,666.364807128906,631.628723144531
"CRS3035RES50000mN2100000E3650000",2.65640006400644,20.2343993325485,68.2224008487537,8.4116000449285,0.0583999986702111,0,0.389999989420176,0.0268000003416091,19.7729511260986,878.386962890625,587.687438964844
"CRS3035RES50000mN2100000E3700000",5.86369348166045,31.9694192468887,58.5638905875385,3.47086010588101,0.0032829131669132,0.0176456582266837,0.0960252116783522,0.0151834741700441,22.2117691040039,800.817687988281,567.992370605469
"CRS3035RES50000mN2100000E3750000",17.0558275654912,41.3283586036413,27.9237495735287,10.9889557003043,0.963235693052411,1.4120732434094,0,0.327802705578506,22.0916309356689,591.392333984375,438.843048095703
"CRS3035RES50000mN2100000E4200000",0.650404946645722,3.45935923687648,33.1555053591729,54.6292841434478,8.00651358440518,0.0184612756129354,0.0804722323664464,0,19.3547668457031,1179.46374511719,547.370971679688
"CRS3035RES50000mN2100000E4250000",1.72156786720734,17.6634815521538,48.8288708031177,30.0058646127582,0.4869019088801,0.838790876150597,0.454523251391947,0,21.872688293457,848.127685546875,541.513366699219
"CRS3035RES50000mN1550000E4750000",6.2520662744646,66.0344987874851,7.12160400580615,19.8004839010537,0.117547658737749,0.0666453270241618,0.562024768441916,0.0451299070846289,24.8388729095459,623.646667480469,555.699584960938
"CRS3035RES50000mN2100000E4300000",0,0,0,85.261195898056,14.7388055920601,0,0,0,23.3062992095947,569.810302734375,461.678619384766
"CRS3035RES50000mN2100000E4350000",3.13942767679691,0,14.2659276723862,82.5946450233459,0,0,0,0,23.4330749511719,514.589538574219,465.524963378906
"CRS3035RES50000mN2100000E4400000",6.29677530378103,57.4820722220465,11.8725755950436,15.1561453938484,0.333059043623507,8.7692491710186,0.090121862012893,0,23.3562507629395,598.232727050781,481.301086425781
"CRS3035RES50000mN2100000E4450000",2.93761184439063,67.4524141417351,20.9872125764377,8.32430145237595,0.0261619366938248,0.0592647935263813,0.213032923056744,0,22.9540481567383,815.001647949219,564.909729003906
"CRS3035RES50000mN2100000E4500000",5.07159989210777,73.5504007025156,16.5807992918417,1.4383999950951,0,0,2.79879998706747,0.559999980032444,23.0413970947266,934.987915039062,640.964721679688
"CRS3035RES50000mN2100000E4550000",1.7924000043422,27.5963998486987,52.3660022299737,17.665200016927,0.112000002991408,0,0.467999977990985,0,19.3909645080566,1176.29296875,642.340454101562
"CRS3035RES50000mN2100000E4600000",3.00239994539879,36.4751994551625,22.8048000484705,36.7024010600289,1.01519998861477,0,0,0,18.8605804443359,931.211303710938,668.864807128906
"CRS3035RES50000mN2100000E4650000",2.77205665915972,59.213457533042,22.1823608037084,15.3167940676212,0.339754205197096,0,0.175574840977788,0,21.051155090332,842.506774902344,653.379699707031
"CRS3035RES50000mN2100000E4700000",4.75366493919865,87.1630623005331,6.7731395480223,0.93611627817154,0.374016584828496,0,0,0,23.7949161529541,495.763671875,577.418029785156
"CRS3035RES50000mN2100000E4750000",1.39197885291651,48.2682927045971,5.48072876408696,18.7421083450317,0,26.1168897151947,0,0,23.9889392852783,476.0400390625,530.416442871094
"CRS3035RES50000mN2100000E4800000",3.24060367420316,39.974843733944,43.4374064207077,3.22334025986493,2.90273260325193,7.22107142210007,0,0,23.7706527709961,448.213745117188,517.933044433594
"CRS3035RES50000mN2150000E2700000",0,0,15.5660377815366,63.3647795766592,12.5786170363426,8.49056607112288,0,0,18.5312538146973,1056.97534179688,242.023086547852
"CRS3035RES50000mN2150000E2750000",17.2131864383119,24.6678540948778,28.2355628907681,25.460624502739,0.364995468407869,3.21244688238949,0.120691838674247,0.724637694656849,20.1367607116699,1547.3125,410.728637695312
"CRS3035RES50000mN2150000E2800000",2.18640002567554,40.2043989393861,13.4619997814298,43.2904008448531,0.0615999975707382,0,0.106000003870577,0.689199985936284,19.0879287719727,1251.78381347656,490.505187988281
"CRS3035RES50000mN2150000E2850000",0.99680000639637,53.3296003064607,6.47159991785883,34.2848008032888,3.54439982329495,0,0.757999997586012,0.614799978211522,20.8521785736084,723.785827636719,549.216186523438
"CRS3035RES50000mN2150000E2900000",0.548799989337568,52.291199285537,5.34559995867311,38.9335993444548,1.0735999843746,0,1.56640000641346,0.240799994207919,21.3879413604736,767.884643554688,584.476623535156
"CRS3035RES50000mN2150000E2950000",0.51320000202395,49.0687986763078,4.20840007718652,41.9856000458822,0.0127999999676831,0,3.92520017921925,0.285999989137053,20.8179130554199,636.95556640625,591.585815429688
"CRS3035RES50000mN2150000E3000000",2.18280001354287,84.263203156297,4.63600009679794,7.95439998910296,0,0,0.356799992732704,0.606800010427833,21.3891582489014,447.966613769531,616.838439941406
"CRS3035RES50000mN2150000E3050000",4.08439996390371,78.3384027250576,13.3948002941906,3.62679997924715,0,0,0,0.555599993094802,21.4997177124023,471.000701904297,628.577026367188
"CRS3035RES50000mN2150000E3100000",2.73319999396335,70.0187992770224,17.6175998523832,9.34960004669848,0,0,0.00920000020414591,0.271599995903671,21.0571041107178,490.875946044922,626.499328613281
"CRS3035RES50000mN2150000E3150000",1.06480001531963,74.6752019382256,15.2111995965242,9.02359984320356,0,0,0.0132000001030974,0.0119999996968545,20.7169723510742,497.487365722656,626.450439453125
"CRS3035RES50000mN2150000E3200000",0.413200003094971,30.8087992147194,50.5603995174169,17.9572004126385,0.240000011399388,0,0.0203999996301718,0,19.730770111084,674.566101074219,628.288513183594
"CRS3035RES50000mN2150000E3250000",0.606000010157003,20.8375997375697,48.777201026678,28.7827998865395,0,0,0.961599964648485,0.0348000001395121,17.7828350067139,738.97705078125,599.607849121094
"CRS3035RES50000mN2150000E3300000",0.561200011725305,37.750000104279,22.6448000408709,38.938798662275,0.0464000011561438,0,0.0560000014957041,0.00280000003840541,19.2479991912842,525.76416015625,576.73974609375
"CRS3035RES50000mN2150000E3350000",2.47839998628479,75.8939995896072,4.96799995889887,15.7735999782745,0.0308000009681564,0,0.316000002203509,0.539200007915497,23.0609874725342,392.535705566406,621.592712402344
"CRS3035RES50000mN2150000E3400000",0.649599992175354,63.3752009511227,16.35279962793,18.5704000177793,0.0155999994603917,0,1.00359998177737,0.0327999994624406,22.7206077575684,525.539123535156,647.442443847656
"CRS3035RES50000mN2150000E3450000",0.668000000587198,53.2951991364825,18.6848003417253,27.0831994246692,0.147200003266335,0,0.121600005513755,0,21.4625949859619,661.914123535156,655.95263671875
"CRS3035RES50000mN2150000E3500000",0.484799995319917,23.9660002756864,43.2551994919777,29.6263999305665,1.00799999199808,0,1.58399995416403,0.0755999993998557,20.9598655700684,774.41357421875,664.323547363281
"CRS3035RES50000mN2150000E3550000",0.281200010795146,13.4832001582254,45.5408001318574,38.1255989195779,1.95319993654266,0,0.613600015640259,0.00240000008489005,18.1513080596924,837.108032226562,642.4873046875
"CRS3035RES50000mN2150000E3600000",0.712760901660658,7.48132646840532,64.0867904294282,24.7194007970393,2.62203696474899,0,0.377683388069272,0,15.6191778182983,886.486999511719,628.900390625
"CRS3035RES50000mN2150000E3650000",1.81079998874339,9.71680018119514,54.39000017941,30.7791999308392,3.12799997627735,0,0.175200004014187,0,15.1456327438354,1008.29016113281,589.611328125
"CRS3035RES50000mN2150000E3700000",4.63867167782155,27.7142336824909,51.4861187897623,15.1695580221713,0.5527971428819,0.219510716851801,0.219108699820936,0,20.9131031036377,875.400329589844,582.28271484375
"CRS3035RES50000mN2150000E3750000",8.56617724057287,22.6147088396829,2.57919811410829,63.3305311552249,0.760053563863039,2.14933175593615,0,0,21.9759178161621,629.630737304688,464.210174560547
"CRS3035RES50000mN2150000E4200000",2.39846889453474,12.7171789237764,7.12482333183289,76.2447085755411,1.41980671323835,0,0.0950157467741519,0,22.8302917480469,697.521484375,509.266784667969
"CRS3035RES50000mN2150000E4250000",4.63001325260848,13.00491662696,18.6686236178503,56.8432714790106,5.14055730309337,1.58655834384263,0.126060255570337,0,22.3881320953369,668.545288085938,501.590057373047
"CRS3035RES50000mN2150000E4300000",7.91305479360744,14.6966112311929,32.4074076488614,44.9829275719821,0,0,0,0,23.1759414672852,562.783081054688,467.183135986328
"CRS3035RES50000mN2150000E4350000",4.17171235603746,23.2986193848774,42.7131268195808,25.7568420376629,0.354201992740854,0,3.70549783110619,0,23.3624095916748,598.598449707031,501.265991210938
"CRS3035RES50000mN2150000E4400000",1.85740131419152,67.2544760571327,25.4201714415103,3.99670894257724,0.687701307469979,0.679286196827888,0.0402055156882853,0.0640483223833144,22.7568264007568,772.543884277344,572.764953613281
"CRS3035RES50000mN2150000E4450000",1.53920003795065,63.2219997874927,27.9711997602135,2.53399998691748,0.0967999978456646,0,4.63679991662502,0,21.932523727417,884.712585449219,636.759643554688
"CRS3035RES50000mN2150000E4500000",3.51920003886335,56.1819992028177,35.2912007831037,3.94160012365319,0.108399998862296,0,0.641599984373897,0.316000008024275,22.3203659057617,944.283996582031,663.131286621094
"CRS3035RES50000mN2150000E4550000",0.785599990194896,23.089200258255,51.7787990160287,23.6027998733334,0.253999992855824,0,0.489600002765656,0,18.1286430358887,1087.95068359375,652.507202148438
"CRS3035RES50000mN2150000E4600000",2.15368536009918,48.1331325543579,31.4225745853036,16.4508898189524,1.69355209218338,0,0.146164803300053,0,20.1062564849854,954.20703125,651.63623046875
"CRS3035RES50000mN2150000E4650000",13.4296948323026,82.6509941369295,2.45403642766177,0.835881358943879,0.629392825067043,0,0,0,23.9712715148926,618.220764160156,591.031677246094
"CRS3035RES50000mN1550000E6350000",16.2027937825769,41.2105527240783,0.465597538277507,41.1588204326108,0.962234847247601,0,0,0,25.978702545166,457.002258300781,450.19287109375
"CRS3035RES50000mN1600000E2850000",8.14467655436601,65.0661789812147,10.6682753190398,9.08201313577593,0.503984047099948,5.98159153014422,0.509869994129985,0.0434088462498039,23.2776336669922,681.055969238281,387.906036376953
"CRS3035RES50000mN1600000E2900000",1.8522138154367,28.5851003223798,40.5019054189325,27.1348523208872,0.340875767869875,0.0114032518467866,1.53536638244987,0.0382823433028534,23.5268859863281,1013.310546875,468.925537109375
"CRS3035RES50000mN2200000E2750000",24.1643368586665,43.5249813308474,15.7581526786089,15.6821836630116,0.346266478300095,0.188822578638792,0,0.335256429389119,19.9501724243164,1461.04931640625,380.705017089844
"CRS3035RES50000mN2200000E2800000",4.71799993611058,31.7371998215094,16.4604000747204,45.9859994349245,0.130799994803965,0,0.96079995855689,0.00680000011925586,19.0422744750977,1687.71325683594,474.052825927734
"CRS3035RES50000mN2200000E2850000",2.08840002087527,51.4820004813373,8.22119982913136,37.2779991943389,0.445599987870082,0,0.458800001069903,0.0260000000707805,19.7535190582275,1048.048828125,527.785339355469
"CRS3035RES50000mN2200000E2900000",0.701200001640246,56.8068006934482,10.8768003061414,31.154000130482,0.271199992857873,0,0.19000000320375,0,20.1839237213135,1087.64514160156,563.58935546875
"CRS3035RES50000mN2200000E2950000",0.333600005978951,33.4047996017033,15.506399795413,49.7704008128494,0,0,0.464399997144938,0.520400004461408,20.0930767059326,804.4619140625,580.011779785156
"CRS3035RES50000mN2200000E3000000",1.70399999697111,77.3616020567715,10.0655999034643,9.84040006296708,0,0,1.02839996106923,0,21.074462890625,498.751892089844,607.067016601562
"CRS3035RES50000mN2200000E3050000",0.936000012734439,95.2344022342004,2.61639994569122,1.13560000900179,0,0,0.0775999971665442,0,20.8696022033691,474.626525878906,607.416198730469
"CRS3035RES50000mN2200000E3100000",2.68920004891698,84.1236007167026,7.98760009929538,4.99039994319901,0,0,0.209199998062104,0,20.1562519073486,479.169555664062,589.7431640625
"CRS3035RES50000mN2200000E3150000",2.2339999799442,83.7031974107958,6.62119993939995,7.43199995413306,0,0,0.00960000033956021,0,19.2955360412598,537.294860839844,574.494689941406
"CRS3035RES50000mN2200000E3200000",0.91600000159815,26.4796005387325,43.0719994008541,29.2904003988951,0.067999999737367,0,0.173999997787178,0,17.0275421142578,832.489501953125,544.318969726562
"CRS3035RES50000mN1600000E2950000",8.45020903798286,17.1989648486488,27.7589067816734,45.7400642262655,0.705897976877168,0,0.14595635002479,0,22.4007720947266,823.771545410156,428.225738525391
"CRS3035RES50000mN2200000E3250000",1.87239997758297,37.8315991336421,31.0364002361894,28.6319997394458,0.0988000028883107,0,0.231199990957975,0.297600007615983,17.7916431427002,774.376525878906,529.593322753906
"CRS3035RES50000mN2200000E3300000",2.71559997636359,64.3379996996373,9.75959971547127,22.5299998361152,0.0327999994624406,0,0.0624000029347372,0.561599992215633,20.5241374969482,609.668518066406,565.627807617188
"CRS3035RES50000mN2200000E3350000",1.36640001874184,63.2552008086351,16.2148003466427,18.4003998059779,0.0075999996624887,0,0.165199996990851,0.590399978682399,21.1334037780762,656.094360351562,594.427734375
"CRS3035RES50000mN2200000E3400000",0.311600004351931,18.2643997715786,53.1343996524811,27.1391992457211,0.316399987787008,0,0.79720001667738,0.0368000008165836,19.426383972168,1069.12060546875,601.613586425781
"CRS3035RES50000mN2200000E3450000",0.572399998054607,8.30279993460862,45.3684013336897,33.559601008892,11.9443998904898,0,0.252399989403784,0,15.6874160766602,1407.42724609375,612.13720703125
"CRS3035RES50000mN2200000E3500000",0.53240000270307,4.82360013993457,37.0319992303848,40.6243997160346,16.7235999717377,0,0.235600001178682,0.0284000008832663,13.6852045059204,1356.07019042969,614.299072265625
"CRS3035RES50000mN2200000E3550000",0.615999982255744,5.24119980982505,41.9404001906515,41.4147995412349,10.485600240645,0,0.301999994553626,0,13.1067419052124,1340.18615722656,592.608032226562
"CRS3035RES50000mN2200000E3600000",1.27023845925578,9.87797183479415,46.154273673892,35.7011716812849,6.74784779548645,0,0.225440645590425,0.0230564284720458,14.4829940795898,1260.00256347656,585.564575195312
"CRS3035RES50000mN2200000E3650000",1.38760004483629,18.3296001399867,54.3811991810799,23.360400274396,2.11880002170801,0,0.422400017851033,0,16.7324981689453,988.722717285156,558.179382324219
"CRS3035RES50000mN2200000E3700000",5.26577081036521,34.2126965173521,21.7425249516964,35.2893134579063,0.235822622198611,3.06929736398161,0.184574234299362,0,21.6440582275391,753.493774414062,578.323425292969
"CRS3035RES50000mN1600000E3000000",18.9640953030903,47.8549498599022,7.05973552539945,25.6511670537293,0.283224182203412,0,0.186828582081944,0,23.2379112243652,565.008117675781,402.581756591797
"CRS3035RES50000mN2200000E3750000",10.0987235549837,14.3180534243584,1.17587875574827,14.3872222513892,5.44551350176334,54.5746080577374,0,0,22.1483421325684,587.144775390625,490.989074707031
"CRS3035RES50000mN2200000E3900000",32.7549379784614,0,14.1751199960709,40.4164446517825,12.6534969545901,0,0,0,21.7303619384766,541.263977050781,453.734954833984
"CRS3035RES50000mN2200000E3950000",25.8726124797249,14.5533446746413,35.076779127121,23.4971284400672,1.00013352930546,0,0,0,21.8831081390381,639.618530273438,480.538146972656
"CRS3035RES50000mN2200000E4000000",12.4280544376234,22.7717430097983,31.2478680163622,30.5820586974733,1.86426322616171,1.01577031600755,0.0902417814359069,0,23.2189559936523,735.908630371094,533.490661621094
"CRS3035RES50000mN2200000E4050000",49.0848571062088,24.459233880043,26.4559060335159,0,0,0,0,0,22.6118717193604,702.256713867188,452.551513671875
"CRS3035RES50000mN2200000E4250000",2.88700852543116,4.40019906964153,12.1154800057411,78.7257339805365,1.87157783657312,0,0,0,22.9108448028564,573.33935546875,460.886566162109
"CRS3035RES50000mN2200000E4300000",1.86915881931782,0,1.81723777204752,91.4330244064331,4.88058142364025,0,0,0,23.1554317474365,618.981994628906,478.154418945312
"CRS3035RES50000mN2200000E4350000",3.94704853788425,44.3958130897954,45.2236765995622,5.82896491105202,0.374913052655756,0.0243156275246292,0.147590207052417,0.0576789316255599,22.671760559082,793.427612304688,563.689575195312
"CRS3035RES50000mN2200000E4400000",1.49680002359673,52.2820006939582,42.1079995110631,3.99559996003517,0.117599999066442,0,0,0,22.3474044799805,793.685668945312,647.553283691406
"CRS3035RES50000mN2200000E4450000",2.62640007276786,60.920400422765,26.5264006331563,4.35720012173987,0.165999995078892,0,5.40360000450164,0,22.0937576293945,844.211730957031,663.272705078125
"CRS3035RES50000mN1600000E3050000",4.00780715572181,37.7226253418484,9.32752266526222,48.8344757817685,0,0,0.0598842219915241,0.0476855842862278,22.83762550354,495.570678710938,401.410278320312
"CRS3035RES50000mN2200000E4500000",6.11960008973256,62.7063987310976,26.3036006595939,4.55400007776916,0.015999999595806,0,0.106800001231022,0.193599995691329,22.0087585449219,935.038635253906,669.192504882812
"CRS3035RES50000mN2200000E4550000",1.5399999996589,42.6660007040482,36.0999992117286,18.9115999266505,0.600800011307001,0,0.181599997449667,0,19.8517189025879,1058.88098144531,662.582214355469
"CRS3035RES50000mN2200000E4600000",7.00557779637165,79.6239037168562,8.41679410077631,4.34940493432805,0.544172152876854,0,0.0601483276113868,0,23.0794219970703,763.362121582031,619.643188476562
"CRS3035RES50000mN1600000E3100000",1.86723184888251,41.2016610149294,9.70239653252065,46.6548433236313,0.246561120729893,0,0.327306287363172,0,23.0013637542725,476.201934814453,463.030120849609
"CRS3035RES50000mN1600000E3150000",2.99364113452611,28.4993090375792,7.61459767818451,59.9286697804928,0.0685651088133455,0.623721303418278,0.271495711058378,0,23.4795894622803,403.920104980469,504.471588134766
"CRS3035RES50000mN1600000E3200000",4.00228511571186,25.2518596564187,1.21672544628382,68.901816449943,0.343869143398479,0.200498779304326,0.0829460681416094,0,24.8805065155029,281.837036132812,506.7763671875
"CRS3035RES50000mN1600000E3250000",4.69196622725576,17.9103569593281,1.32275129435584,75.5397462286055,0.459161936305463,0,0.0760201888624579,0,24.2810363769531,263.561218261719,420.75634765625
"CRS3035RES50000mN1600000E4500000",19.6195550670382,75.9748913813383,0.190222566016018,1.43427811563015,0,2.75061819702387,0,0.0304356100969017,24.4401397705078,525.555419921875,447.190216064453
"CRS3035RES50000mN2250000E2750000",7.26430608774535,32.0578257204034,24.2600403726101,33.723252316122,0.190233119064942,1.54372402466833,0,0.960618164390326,18.7155418395996,1708.10290527344,338.213562011719
"CRS3035RES50000mN2250000E2800000",1.0984000073222,18.9140004571527,19.9703998863697,58.0723992548883,0.569200020254357,0,1.17199998348951,0.203599990345538,17.8397769927979,1827.56701660156,452.978881835938
"CRS3035RES50000mN2250000E2850000",1.09320002229651,31.7607996650623,22.5760004017502,43.6915994621813,0.695599988102913,0,0.182799994945526,0,17.7698402404785,1263.81713867188,484.805389404297
"CRS3035RES50000mN2250000E2900000",1.87000003861613,12.0147997477034,17.7371993195265,66.1443993449211,0.872400007210672,0,1.3612000271678,0,16.571683883667,1512.30603027344,514.056274414062
"CRS3035RES50000mN1600000E4550000",3.8705448503606,90.1418471505166,2.68344325013459,2.70137022598647,0.0823520211270079,0,0.520442356355489,0,24.4857406616211,638.931274414062,511.241271972656
"CRS3035RES50000mN2250000E2950000",0.618799991207197,9.67439999112685,24.5823991484941,64.589599147439,0.0503999995999038,0,0.484399979904993,0,17.1620845794678,1046.61755371094,537.662353515625
"CRS3035RES50000mN2250000E3000000",3.81239999260288,74.1907986928709,9.42239998839796,12.5047997600632,0.0364000006811693,0,0.0103999998827931,0.0228000004426576,19.9550857543945,586.583679199219,579.472534179688
"CRS3035RES50000mN2250000E3050000",1.5363999940746,81.3563983887434,10.2375996299088,6.83599991607479,0.0207999997655861,0,0.0127999999676831,0,19.7483253479004,611.368591308594,583.614379882812
"CRS3035RES50000mN2250000E3100000",0.635599995439407,70.3576006722869,22.7288000285626,6.26000001502689,0,0,0.0180000002728775,0,18.5038433074951,688.665893554688,557.809020996094
"CRS3035RES50000mN2250000E3150000",0.578799995128065,54.2707994114608,17.8700006101281,25.2284000627696,1.83799993246794,0,0.213999998231884,0,17.4287014007568,641.336547851562,521.315246582031
"CRS3035RES50000mN2250000E3200000",0.39120000001276,42.4479988956591,30.706399679184,26.0955998674035,0.293600000441074,0,0.06520000169985,0,17.2779579162598,737.099243164062,494.944793701172
"CRS3035RES50000mN2250000E3250000",4.10359996021725,43.3059983188286,37.3819999396801,14.0204004303086,0,0,0.989199994364754,0.198800000362098,17.8085193634033,916.6591796875,490.262969970703
"CRS3035RES50000mN2250000E3300000",1.90159999765456,26.9964004284703,55.1699999254197,15.5928000807762,0.0948000000789762,0,0.244400008523371,0,17.580358505249,1264.83374023438,500.474395751953
"CRS3035RES50000mN2250000E3350000",3.12440002890071,27.9731993621681,50.7979993708432,17.5444004242308,0.0123999998322688,0,0.463199988007545,0.0844000023789704,17.9390316009521,1435.28625488281,512.320922851562
"CRS3035RES50000mN2250000E3400000",0.484800022240961,14.7192000411451,54.2939990758896,27.3312004690524,3.14120016992092,0,0.0296000012895092,0,16.6881198883057,1744.5966796875,519.477600097656
"CRS3035RES50000mN1600000E4600000",1.21215597755509,74.4205594062805,8.99282051250339,14.8487056838348,0.318815861828625,0,0.167603720910847,0.0393397465813905,23.0906734466553,703.113525390625,574.198303222656
"CRS3035RES50000mN2250000E3450000",3.20959997916362,30.8671999751823,36.0911991447211,25.1615997869522,4.46360018104315,0,0.206800003070384,0,16.5710258483887,1599.02294921875,526.160766601562
"CRS3035RES50000mN2250000E3500000",5.00080019919551,46.2431995198131,33.3156008273363,13.688399894454,1.33400000631809,0,0.418000004719943,0,17.8123779296875,1265.14807128906,536.727783203125
"CRS3035RES50000mN2250000E3550000",3.27680008485913,65.1599988341331,30.2455987781286,0.844000000506639,0,0,0.473600020632148,0,19.5558013916016,1013.44384765625,547.816589355469
"CRS3035RES50000mN2250000E3600000",4.51439995376859,78.1164004176389,15.7771998085081,0.944400019943714,0,0,0.563200004398823,0.0844000023789704,20.3188343048096,902.548706054688,557.749389648438
"CRS3035RES50000mN2250000E3650000",3.43560003384482,71.144398645265,21.8767995014786,3.18360008532182,0,0,0.359599990770221,0,20.2679958343506,896.514770507812,560.568359375
"CRS3035RES50000mN2250000E3700000",4.2447998537682,43.7599995406344,35.8544006943703,15.8827998791822,0.0616000004811212,0.0451999992947094,0.151199998799711,0,20.7269878387451,934.764099121094,573.116943359375
"CRS3035RES50000mN2250000E3750000",9.11675182142062,65.0893925558194,12.0490063913166,9.60064971877727,0.350813668046612,2.15576713671908,1.5568885486573,0.0807311793323606,22.0193309783936,712.738830566406,544.611694335938
"CRS3035RES50000mN2250000E3800000",17.8174690285232,34.6955072600394,5.35240387544036,18.6852669867222,1.0298504086677,22.0860050991177,0.333497740211897,0,21.7160129547119,648.097045898438,492.192779541016
"CRS3035RES50000mN2250000E3850000",1.78985147649655,40.4072295466904,0.841939097153954,2.9511719418224,1.08531210571527,44.3158149719238,6.71797227114439,1.89070869237185,22.2667007446289,588.7626953125,518.183044433594
"CRS3035RES50000mN2250000E3900000",23.1351212016306,27.0086802891456,9.14470814168454,26.2992618605494,2.12618208024651,10.8558101346716,0.985101703554391,0.445135403424501,23.2725772857666,601.45849609375,608.852783203125
"CRS3035RES50000mN1600000E4650000",1.50120001635514,80.2519977354678,5.53839989006519,12.5388000364183,0.124000001233071,0,0.0456000008853152,0,22.8354339599609,591.982543945312,598.230773925781
"CRS3035RES50000mN2250000E3950000",11.3664001546567,23.3792004641145,46.1839996278286,16.6879999895173,2.11559999734164,0,0.266800010285806,0,21.5605487823486,737.66552734375,620.792419433594
"CRS3035RES50000mN2250000E4000000",6.62380241265055,21.4199643116444,47.6925790309906,23.8248700203258,0.310672156047076,0,0.128112221136689,0,21.6609554290771,908.445190429688,615.191833496094
"CRS3035RES50000mN2250000E4050000",28.1075494014658,9.22480244189501,35.8658961951732,25.8469984517433,0.591678282944486,0,0.290884892456234,0.0721904099918902,22.1573810577393,913.999145507812,542.935913085938
"CRS3035RES50000mN2250000E4100000",50.0129426596686,3.7960487883538,19.6272967383266,26.2790091801434,0.284703657962382,0,0,0,22.8027038574219,738.149780273438,474.823791503906
"CRS3035RES50000mN2250000E4300000",27.9395903577097,30.467614182271,28.77913787961,7.68725688103587,1.00370524451137,0,2.31696442933753,1.80573146790266,23.0456218719482,818.905456542969,503.304168701172
"CRS3035RES50000mN2250000E4350000",7.29621256323299,63.5511566593778,24.9194482341409,3.2959189848043,0.092992145800963,0,0.375231448560953,0.469039333984256,22.6023464202881,882.876403808594,630.034973144531
"CRS3035RES50000mN2250000E4400000",6.23759992831765,51.9139990967233,40.2384009212256,1.28600000170991,0.0155999994603917,0,0.108800001908094,0.199600006453693,21.8580150604248,1009.91583251953,657.95751953125
"CRS3035RES50000mN2250000E4450000",2.76040004391689,37.7412001653283,52.996401488781,6.07800015714019,0.103999997372739,0,0.319999994826503,0,20.4976005554199,1040.45983886719,660.931884765625
"CRS3035RES50000mN2250000E4500000",2.06359999137931,43.2380008103792,42.8599989041686,11.7251998744905,0.0872000004164875,0,0.0167999998666346,0.00920000020414591,20.7384815216064,1045.1806640625,659.153686523438
"CRS3035RES50000mN2250000E4550000",5.10802139178849,80.8598905059625,9.94811982382089,3.88597754499642,0.0506999669596553,0,0.132868869695812,0.0144232661114074,23.2003173828125,830.292602539062,667.20947265625
"CRS3035RES50000mN1600000E4700000",1.40760000213049,78.939997870475,7.65560017898679,10.764000331983,0.623599985556212,0,0.609199982136488,0,23.5614757537842,577.75439453125,607.615600585938
"CRS3035RES50000mN2250000E4600000",13.429008051753,83.0218125804095,2.18474136199802,1.20662162080407,0.0821949332021177,0,0.0756193359848112,0,23.7049160003662,647.459716796875,585.953247070312
"CRS3035RES50000mN1600000E4750000",15.74445469887,55.3582654320053,8.37757447734475,7.66028545913286,11.969540733844,0,0.0365893240086734,0.853290595114231,24.0685291290283,714.522338867188,555.578430175781
"CRS3035RES50000mN2300000E2750000",17.5171862123534,27.6022392325103,42.7022747695446,10.1676801685244,0.63348317053169,1.34959460701793,0.0275427475571632,0,18.4329051971436,1692.96545410156,291.493347167969
"CRS3035RES50000mN2300000E2800000",1.38719997776207,17.2432002524146,42.5659995526076,38.0043996527093,0.192400004016236,0.0179999995452817,0.570800015702844,0.0180000002728775,18.139627456665,1732.51232910156,422.689880371094
"CRS3035RES50000mN2300000E2850000",1.72480000474025,37.4843999976293,32.9859994351863,26.7392003515852,0.0684000027831644,0,0.799600034952164,0.197599991224706,18.0300846099854,1159.42614746094,445.256774902344
"CRS3035RES50000mN2300000E2900000",0.884799990308239,17.1668001203216,38.1780005991459,43.4475986286998,0.102400001924252,0,0.186399999074638,0.0339999998686835,17.4128856658936,1417.8251953125,483.982757568359
"CRS3035RES50000mN2300000E2950000",2.98440003243741,11.8167999200523,40.1515990495682,44.4624015210139,0.0895999983185902,0,0.49519999884069,0,17.2387771606445,1330.54211425781,526.080017089844
"CRS3035RES50000mN2300000E3000000",1.36440002461313,15.1772000768688,25.4363995976746,57.202799791412,0.231599999824538,0,0.587600003927946,0,15.9844350814819,1013.19903564453,525.624877929688
"CRS3035RES50000mN2300000E3050000",1.01599999325117,12.6196000208438,37.1883984655142,46.5844006277621,2.06079991185106,0,0.530799990519881,0,15.8555402755737,1257.60412597656,527.238403320312
"CRS3035RES50000mN2300000E3100000",0.486400003865128,13.127199979499,39.6868010051548,42.6296007819474,2.97240000218153,0,1.09759997576475,0,14.8514137268066,1350.20947265625,500.917694091797
"CRS3035RES50000mN2300000E3150000",1.10440001444658,20.7767997868359,30.379199469462,44.6708003990352,0.0571999989915639,0,3.01160007074941,0,16.2813930511475,1155.9951171875,455.990051269531
"CRS3035RES50000mN2300000E3200000",0.829219917068258,31.1283467919566,34.0148165822029,33.246398717165,0.649215579323936,0.0516012369189411,0.0516012369189411,0.0288006907794625,17.191219329834,1368.02661132812,437.477355957031
"CRS3035RES50000mN2300000E3250000",8.34528934938134,20.8221686567413,55.8402467519045,14.3570408923552,0.152743875514716,0.443222094327211,0.0110364067950286,0.0282532011624426,18.4220676422119,1254.99609375,402.496856689453
"CRS3035RES50000mN2300000E3300000",5.43144274270162,23.2529452478047,62.6212142407894,8.30115023272811,0.200146588031203,0.0810452736914158,0.0373513001250103,0.0747026002500206,18.9607391357422,1632.09130859375,392.268890380859
"CRS3035RES50000mN2300000E3350000",11.8710545240901,21.685054153204,45.2571019530296,19.7321687592193,0.305608892813325,0.860348634887487,0.151863147038966,0.136802333872765,19.3281936645508,1870.61108398438,419.454467773438
"CRS3035RES50000mN2300000E3400000",2.7887999509403,65.773199639807,23.9868007600308,6.39240015298129,0,0,0.549199990928173,0.509600015357137,20.1248588562012,1378.23889160156,488.56396484375
"CRS3035RES50000mN2300000E3450000",6.13240006423439,74.3876011692919,18.8087994232774,0.199200006318279,0.0731999985873699,0,0.398800009861588,0,20.400354385376,1135.99182128906,527.089599609375
"CRS3035RES50000mN2300000E3500000",1.81680008463445,83.4844017401337,14.2059992533177,0.0899999984540045,0,0,0.402799993753433,0,20.5387268066406,886.037231445312,549.501342773438
"CRS3035RES50000mN2300000E3550000",1.57719996932429,92.2996000928833,5.41999984998256,0.642400018114131,0,0,0.0607999972999096,0,20.8036556243896,734.436340332031,567.02392578125
"CRS3035RES50000mN2300000E3600000",19.5348003384424,70.058398146648,8.67599961347878,0.667600001906975,0,0,0.500399991869926,0.562800001353025,21.0953159332275,696.486877441406,574.462585449219
"CRS3035RES50000mN2300000E3650000",6.49240011116489,84.77600205224,7.63119992334395,0.61479997675633,0,0,0.11680000461638,0.368799990974367,20.7351226806641,890.235290527344,571.382873535156
"CRS3035RES50000mN2300000E3700000",0.868800014723093,48.9068009657785,46.2935991585255,3.48880002420628,0,0,0.442000012844801,0,18.350133895874,1389.5048828125,559.03955078125
"CRS3035RES50000mN2300000E3750000",1.86120001308154,27.7191997854971,41.7103987187147,28.3123999834061,0.0595999998040497,0,0.337200006470084,0,19.1004428863525,1192.41809082031,576.30908203125
"CRS3035RES50000mN2300000E3800000",7.16880014078924,30.4783998173662,34.6768010407687,27.6760003500385,0,0,0,0,21.8372840881348,1082.89721679688,611.542175292969
"CRS3035RES50000mN2300000E3850000",10.8580004132818,57.1655992884188,20.1576000079512,10.2984002383892,0.0536000006832182,0,0.315600004978478,1.15120001137257,23.5913352966309,770.259399414062,646.563171386719
"CRS3035RES50000mN2300000E3900000",10.6567997892853,54.2976003140211,23.318799957633,10.1799997632043,0.762399978430039,0,0.184800004353747,0.599600002169609,22.8584327697754,791.608459472656,657.243103027344
"CRS3035RES50000mN2300000E3950000",3.06799999816576,36.6536008310505,45.5547995865345,13.6544000008144,0.869200041051954,0,0.185600004624575,0.0144000005093403,19.952184677124,870.764831542969,642.222595214844
"CRS3035RES50000mN2300000E4000000",1.12239998634323,17.558000102872,43.6971999704838,33.4456001059152,3.04280007258057,0,1.09759998740629,0.0364000006811693,17.6853790283203,1092.41174316406,644.976867675781
"CRS3035RES50000mN2300000E4050000",0.954399979673326,3.85920002809144,52.7199983596802,36.5720000583678,5.8759999810718,0,0.0163999997312203,0.00199999994947575,16.0008525848389,1209.31286621094,636.749145507812
"CRS3035RES50000mN2300000E4100000",2.00516004842939,7.15258266427554,47.136390209198,40.0484120473266,3.59775772085414,0,0.0596968573518097,0,16.3826503753662,1188.21801757812,607.710571289062
"CRS3035RES50000mN2300000E4150000",4.30092567694374,19.7367884451523,55.1426959224045,20.6804543500766,0.139135564677417,0,0,0,21.2868709564209,869.143249511719,533.421020507812
