"grid_id","area_total","area_land","percent_land"
"CRS3035RES50000mN1500000E4450000",2500.0190809269,38.879209257264,1.55515650075955
"CRS3035RES50000mN1500000E4500000",2500.01908004312,44.1421123191342,1.76567101713371
"CRS3035RES50000mN1500000E4700000",2500.01907404566,471.284685617474,18.8512435969065
"CRS3035RES50000mN1500000E4750000",2500.01907193255,658.330893671799,26.3330348581261
"CRS3035RES50000mN1550000E2850000",2500.01898725796,373.553222355093,14.9420154110433
"CRS3035RES50000mN1550000E2900000",2500.0189940975,999.411131735461,39.9761415451264
"CRS3035RES50000mN1550000E4600000",2500.01908494582,451.7519159702,18.0699386932877
"CRS3035RES50000mN1550000E4650000",2500.01908331185,1486.09959927143,59.4435302190873
"CRS3035RES50000mN1550000E4700000",2500.01908143069,2339.73435446626,93.5886598564397
"CRS3035RES50000mN1550000E4750000",2500.0190793027,1940.94569860981,77.6372354386659
"CRS3035RES50000mN1550000E6350000",2500.01888684564,93.0700105489889,3.72277229738926
"CRS3035RES50000mN1600000E2850000",2500.0189937033,1373.50693625111,54.9398600454838
"CRS3035RES50000mN1600000E2900000",2500.01900059278,2460.16721272364,98.4059406004637
"CRS3035RES50000mN1600000E2950000",2500.01900725533,1514.94520125861,60.5973473346431
"CRS3035RES50000mN1600000E3000000",2500.01901368917,993.680565881253,39.7469203410146
"CRS3035RES50000mN1600000E3050000",2500.0190198926,912.63568710977,36.5051497547797
"CRS3035RES50000mN1600000E3100000",2500.01902586424,1382.64556348151,55.3054016460349
"CRS3035RES50000mN1600000E3150000",2500.01903160258,1802.94753426853,72.1173523672254
"CRS3035RES50000mN1600000E3200000",2500.01903710603,1817.01668847788,72.6801140915
"CRS3035RES50000mN1600000E3250000",2500.01904237345,315.29471133801,12.6116923908979
"CRS3035RES50000mN1600000E4500000",2500.01909461691,267.892351351899,10.7156122098719
"CRS3035RES50000mN1600000E4550000",2500.01909347101,1807.42051931188,72.2962686177917
"CRS3035RES50000mN1600000E4600000",2500.01909207542,2442.94243891121,97.7169513086864
"CRS3035RES50000mN1600000E4650000",2500.01909043055,2500.01909043055,100
"CRS3035RES50000mN1600000E4700000",2500.0190885368,2500.0190885368,100
"CRS3035RES50000mN1600000E4750000",2500.01908639453,1455.56862367358,58.2223004454242
"CRS3035RES50000mN1600000E6300000",2500.01890200407,59.122522926063,2.364883036631
"CRS3035RES50000mN1600000E6350000",2500.01889251981,2160.18482714139,86.4067401092358
"CRS3035RES50000mN1600000E6400000",2500.01888283827,1989.05141686574,79.5614557361889
"CRS3035RES50000mN1600000E6450000",2500.01887296214,283.536702691926,11.3413824894841
"CRS3035RES50000mN1650000E2850000",2500.01899989394,2075.85294166153,83.0334866154858
"CRS3035RES50000mN1650000E2900000",2500.01900683128,2500.01900683128,100
"CRS3035RES50000mN1650000E2950000",2500.01901353975,2500.01901353975,100
"CRS3035RES50000mN1650000E3000000",2500.0190200179,2500.0190200179,100
"CRS3035RES50000mN1650000E3050000",2500.01902626389,2500.01902626389,100
"CRS3035RES50000mN1650000E3100000",2500.01903227622,2500.01903227622,100
"CRS3035RES50000mN1650000E3150000",2500.01903805333,2500.01903805333,100
"CRS3035RES50000mN1650000E3200000",2500.0190435939,2500.0190435939,100
"CRS3035RES50000mN1650000E3250000",2500.01904889658,2044.95090837262,81.7974130747202
"CRS3035RES50000mN1650000E3300000",2500.01905396005,940.487574168854,37.6192162487368
"CRS3035RES50000mN1650000E3350000",2500.01905878318,316.814225374711,12.6724724062269
"CRS3035RES50000mN1650000E4500000",2500.01910148169,175.109082704263,7.00430979109242
"CRS3035RES50000mN1650000E4550000",2500.01910032851,1174.25671400986,46.9699097041125
"CRS3035RES50000mN1650000E4600000",2500.01909892404,1343.4142452119,53.7361592873463
"CRS3035RES50000mN1650000E4650000",2500.01909726867,929.320456618974,37.1725343072091
"CRS3035RES50000mN1650000E4700000",2500.01909536276,1450.2085100456,58.0078973290872
"CRS3035RES50000mN1650000E4750000",2500.01909320658,1976.24719875172,79.0492842283435
"CRS3035RES50000mN1650000E4800000",2500.01909080091,1100.60245834322,44.0237621541772
"CRS3035RES50000mN1650000E4850000",2500.0190881461,375.441279151206,15.0175365032759
"CRS3035RES50000mN1650000E6350000",2500.01889796893,284.334591219948,11.3732976759074
"CRS3035RES50000mN1650000E6400000",2500.01888821249,1865.76114301359,74.6298818705167
"CRS3035RES50000mN1650000E6450000",2500.01887825945,1690.16121454182,67.6059380686969
"CRS3035RES50000mN1650000E6500000",2500.01886811241,13.760183453661,0.550403184118779
"CRS3035RES50000mN1700000E2700000",2500.0189835117,491.92797366663,19.6769695314727
"CRS3035RES50000mN1700000E2750000",2500.01899117635,359.992521052298,14.3995914560196
"CRS3035RES50000mN1700000E2800000",2500.01899861577,1109.71068420521,44.3880900433016
"CRS3035RES50000mN1700000E2850000",2500.01900582816,2492.92557697964,99.7162650031065
"CRS3035RES50000mN1700000E2900000",2500.01901281173,2500.01901281173,100
"CRS3035RES50000mN1700000E2950000",2500.01901956461,2500.01901956461,100
"CRS3035RES50000mN1700000E3000000",2500.01902608524,2500.01902608524,100
"CRS3035RES50000mN1700000E3050000",2500.01903237194,2500.01903237194,100
"CRS3035RES50000mN1700000E3100000",2500.01903842333,2500.01903842333,100
"CRS3035RES50000mN1700000E3150000",2500.01904423778,2500.01904423778,100
"CRS3035RES50000mN1700000E3200000",2500.01904981394,2500.01904981394,100
"CRS3035RES50000mN1700000E3250000",2500.01905515052,2500.01905515052,100
"CRS3035RES50000mN1700000E3300000",2500.01906024626,2500.01906024626,100
"CRS3035RES50000mN1700000E3350000",2500.01906509999,1531.74217503587,61.2692197599143
"CRS3035RES50000mN1700000E4550000",2500.0191069034,6.90033163208085,0.276011155795838
"CRS3035RES50000mN1700000E4600000",2500.01910549047,0.772873641969919,0.0309147094225223
"CRS3035RES50000mN1700000E4700000",2500.01910190726,32.0130381954226,1.28051174373028
"CRS3035RES50000mN1700000E4750000",2500.01909973808,63.4778646600742,2.53909518798174
"CRS3035RES50000mN1700000E4800000",2500.01909731749,916.176198028207,36.6467679791431
"CRS3035RES50000mN1700000E4850000",2500.01909464637,1902.77114946187,76.1102646590392
"CRS3035RES50000mN1700000E6450000",2500.0188833353,563.218806819696,22.52858210688
"CRS3035RES50000mN1700000E6500000",2500.01887311202,196.21869760763,7.84868865263312
"CRS3035RES50000mN1750000E2600000",2500.01897294379,156.67076360237,6.26678298436629
"CRS3035RES50000mN1750000E2650000",2500.01898110593,1968.42427054764,78.7363730205309
"CRS3035RES50000mN1750000E2700000",2500.01898904509,2497.09311987821,99.8829661222695
"CRS3035RES50000mN1750000E2750000",2500.01899675925,2500.01899675925,100
"CRS3035RES50000mN1750000E2800000",2500.01900424636,2500.01900424636,100
"CRS3035RES50000mN1750000E2850000",2500.01901150478,2500.01901150478,100
"CRS3035RES50000mN1750000E2900000",2500.01901853248,2500.01901853248,100
"CRS3035RES50000mN1750000E2950000",2500.01902532796,2500.01902532796,100
"CRS3035RES50000mN1750000E3000000",2500.01903188941,2500.01903188941,100
"CRS3035RES50000mN1750000E3050000",2500.01903821529,2500.01903821529,100
"CRS3035RES50000mN1750000E3100000",2500.01904430404,2500.01904430404,100
"CRS3035RES50000mN1750000E3150000",2500.01905015444,2500.01905015444,100
"CRS3035RES50000mN1750000E3200000",2500.01905576488,2500.01905576488,100
"CRS3035RES50000mN1750000E3250000",2500.01906113392,2500.01906113392,100
"CRS3035RES50000mN1750000E3300000",2500.0190662606,2500.0190662606,100
"CRS3035RES50000mN1750000E3350000",2500.01907114341,2483.87546346595,99.3542606188967
"CRS3035RES50000mN1750000E3400000",2500.01907578159,1390.97702801291,55.6386565801721
"CRS3035RES50000mN1750000E3450000",2500.01908017408,198.088791347568,7.9234911812663
"CRS3035RES50000mN1750000E3550000",2500.01908821714,169.447030793518,6.77782948106838
"CRS3035RES50000mN1750000E4150000",2500.01911539674,581.968771148344,23.2785728542715
"CRS3035RES50000mN1750000E4200000",2500.01911601365,1556.94199654389,62.2772036650053
"CRS3035RES50000mN1750000E4250000",2500.01911637564,426.208005459881,17.0481898585547
"CRS3035RES50000mN1750000E4750000",2500.0191059875,12.237369948,0.489491057035991
"CRS3035RES50000mN1750000E4800000",2500.01910355286,93.0899666310307,3.72357021187308
"CRS3035RES50000mN1750000E4850000",2500.01910086594,2007.24737587592,80.2892815971149
"CRS3035RES50000mN1750000E4900000",2500.01909792764,669.35407420219,26.7739584372393
"CRS3035RES50000mN1750000E6500000",2500.01887789198,47.6356446614443,1.90541139839755
"CRS3035RES50000mN1800000E2650000",2500.01898633733,1598.08344171299,63.9228522041856
"CRS3035RES50000mN1800000E2700000",2500.01899432571,2500.01899432571,100
"CRS3035RES50000mN1800000E2750000",2500.01900208741,2500.01900208741,100
"CRS3035RES50000mN1800000E2800000",2500.01900962037,2500.01900962037,100
"CRS3035RES50000mN1800000E2850000",2500.01901692287,2500.01901692287,100
"CRS3035RES50000mN1800000E2900000",2500.01902399284,2500.01902399284,100
"CRS3035RES50000mN1800000E2950000",2500.01903082906,2500.01903082906,100
"CRS3035RES50000mN1800000E3000000",2500.01903742948,2500.01903742948,100
"CRS3035RES50000mN1800000E3050000",2500.01904379295,2500.01904379295,100
"CRS3035RES50000mN1800000E3100000",2500.01904991763,2500.01904991763,100
"CRS3035RES50000mN1800000E3150000",2500.01905580217,2500.01905580217,100
"CRS3035RES50000mN1800000E3200000",2500.01906144526,2500.01906144526,100
"CRS3035RES50000mN1800000E3250000",2500.0190668456,2500.0190668456,100
"CRS3035RES50000mN1800000E3300000",2500.01907200185,2500.01907200185,100
"CRS3035RES50000mN1800000E3350000",2500.01907691309,2500.01907691309,100
"CRS3035RES50000mN1800000E3400000",2500.01908157794,2056.10602648322,82.2436133241615
"CRS3035RES50000mN1800000E3450000",2500.01908599519,118.747765111764,4.74987434203905
"CRS3035RES50000mN1800000E3550000",2500.01909408402,535.192633924633,21.4075418540242
"CRS3035RES50000mN1800000E3650000",2500.0191011721,58.0060982946008,2.32022620416802
"CRS3035RES50000mN1800000E3700000",2500.01910433911,717.275744070765,28.6908105152412
"CRS3035RES50000mN1800000E4150000",2500.01912141586,751.61209243382,30.0642537489134
"CRS3035RES50000mN1800000E4200000",2500.01912203621,2500.01912203621,100
"CRS3035RES50000mN1800000E4250000",2500.01912240014,1989.19802399649,79.5673123526658
"CRS3035RES50000mN1800000E4800000",2500.01910950595,386.257738588508,15.4501914453301
"CRS3035RES50000mN1800000E4850000",2500.01910680415,2500.01910680415,100
"CRS3035RES50000mN1800000E4900000",2500.01910384922,1916.48243347647,76.6587115484723
"CRS3035RES50000mN1850000E2650000",2500.01899131695,1058.82009240986,42.352481964631
"CRS3035RES50000mN1850000E2700000",2500.0189993525,2500.0189993525,100
"CRS3035RES50000mN1850000E2750000",2500.0190071594,2500.0190071594,100
"CRS3035RES50000mN1850000E2800000",2500.01901473609,2500.01901473609,100
"CRS3035RES50000mN1850000E2850000",2500.0190220805,2500.0190220805,100
"CRS3035RES50000mN1850000E2900000",2500.01902919138,2500.01902919138,100
"CRS3035RES50000mN1850000E2950000",2500.01903606642,2500.01903606642,100
"CRS3035RES50000mN1850000E3000000",2500.01904270457,2500.01904270457,100
"CRS3035RES50000mN1850000E3050000",2500.01904910381,2500.01904910381,100
"CRS3035RES50000mN1850000E3100000",2500.01905526273,2500.01905526273,100
"CRS3035RES50000mN1850000E3150000",2500.01906118021,2500.01906118021,100
"CRS3035RES50000mN1850000E3200000",2500.01906685451,2500.01906685451,100
"CRS3035RES50000mN1850000E3250000",2500.01907228466,2500.01907228466,100
"CRS3035RES50000mN1850000E3300000",2500.01907746942,2500.01907746942,100
"CRS3035RES50000mN1850000E3350000",2500.01908240742,2500.01908240742,100
"CRS3035RES50000mN1850000E3400000",2500.01908709754,1636.04934215842,65.4414740512173
"CRS3035RES50000mN1850000E3650000",2500.0191067979,851.971203949067,34.0785877048875
"CRS3035RES50000mN1850000E3700000",2500.01910998162,1964.52572026095,78.5804281422228
"CRS3035RES50000mN1850000E3750000",2500.01911291156,188.463662320377,7.53848885982674
"CRS3035RES50000mN1850000E3800000",2500.01911558709,468.487781932646,18.7393679916975
"CRS3035RES50000mN1850000E4150000",2500.01912714876,515.959214584986,20.6382106833491
"CRS3035RES50000mN1850000E4200000",2500.01912777239,2500.01912777239,100
"CRS3035RES50000mN1850000E4250000",2500.01912813854,2206.7332797255,88.268655822989
"CRS3035RES50000mN1850000E4750000",2500.01911763731,66.3543786753299,2.65415485054528
"CRS3035RES50000mN1850000E4800000",2500.01911517601,1575.10104630403,63.0035601225046
"CRS3035RES50000mN1850000E4850000",2500.01911245992,1865.16183039458,74.6059028548521
"CRS3035RES50000mN1850000E4900000",2500.01910948933,162.59456424574,6.50373285662414
"CRS3035RES50000mN1850000E5000000",2500.01910278748,37.5655095134726,1.50260889893152
"CRS3035RES50000mN1900000E2600000",2500.01898773508,17.0057020566454,0.680222915908806
"CRS3035RES50000mN1900000E2650000",2500.01899604344,1587.75622826023,63.5097665566956
"CRS3035RES50000mN1900000E2700000",2500.0190041237,2498.13338407327,99.9245757713311
"CRS3035RES50000mN1900000E2750000",2500.01901197406,2500.01901197406,100
"CRS3035RES50000mN1900000E2800000",2500.0190195926,2500.0190195926,100
"CRS3035RES50000mN1900000E2850000",2500.01902697768,2500.01902697768,100
"CRS3035RES50000mN1900000E2900000",2500.01903412708,2500.01903412708,100
"CRS3035RES50000mN1900000E2950000",2500.01904103946,2500.01904103946,100
"CRS3035RES50000mN1900000E3000000",2500.01904771313,2500.01904771313,100
"CRS3035RES50000mN1900000E3050000",2500.01905414659,2500.01905414659,100
"CRS3035RES50000mN1900000E3100000",2500.01906033858,2500.01906033858,100
"CRS3035RES50000mN1900000E3150000",2500.01906628715,2500.01906628715,100
"CRS3035RES50000mN1900000E3200000",2500.01907199162,2500.01907199162,100
"CRS3035RES50000mN1900000E3250000",2500.0190774504,2500.0190774504,100
"CRS3035RES50000mN1900000E3300000",2500.01908266211,2500.01908266211,100
"CRS3035RES50000mN1900000E3350000",2500.01908762569,2500.01908762569,100
"CRS3035RES50000mN1900000E3400000",2500.01909234032,2448.85549348707,97.9534716750758
"CRS3035RES50000mN1900000E3450000",2500.01909680457,644.317322327686,25.7724960241795
"CRS3035RES50000mN1900000E3700000",2500.01911534131,3.53779731537914,0.141510810604188
"CRS3035RES50000mN1900000E3750000",2500.01911828625,53.615391487704,2.14459925908315
"CRS3035RES50000mN1900000E3800000",2500.01912097528,106.232396103452,4.24926334411434
"CRS3035RES50000mN1900000E4150000",2500.01913259523,866.418221676792,34.6564636398352
"CRS3035RES50000mN1900000E4200000",2500.01913322204,2500.01913322204,100
"CRS3035RES50000mN1900000E4250000",2500.01913358993,2330.88867723614,93.234833522617
"CRS3035RES50000mN1900000E4300000",2500.01913369864,81.8664721890952,3.2746338252211
"CRS3035RES50000mN1900000E4700000",2500.01912525281,223.225174769797,8.92893868350802
"CRS3035RES50000mN1900000E4750000",2500.01912303612,2264.69914912901,90.5872730436825
"CRS3035RES50000mN1900000E4800000",2500.0191205623,2481.54544629369,99.2610586808453
"CRS3035RES50000mN1900000E4850000",2500.01911783225,2195.14409387652,87.8050922978508
"CRS3035RES50000mN1900000E4900000",2500.01911484647,49.5744699406793,1.98296363600899
"CRS3035RES50000mN1900000E4950000",2500.01911160589,308.559077202751,12.3422687358797
"CRS3035RES50000mN1900000E5000000",2500.01910811088,1909.64708912655,76.3852997335512
"CRS3035RES50000mN1950000E2600000",2500.0189921628,284.916049711179,11.3965554103528
"CRS3035RES50000mN1950000E2650000",2500.01900051575,2303.58950725282,92.1428799852159
"CRS3035RES50000mN1950000E2700000",2500.01900863911,2493.76606818041,99.7498842833959
"CRS3035RES50000mN1950000E2750000",2500.01901653095,2500.01901653095,100
"CRS3035RES50000mN1950000E2800000",2500.0190241892,2500.0190241892,100
"CRS3035RES50000mN1950000E2850000",2500.01903161246,2500.01903161246,100
"CRS3035RES50000mN1950000E2900000",2500.01903879887,2500.01903879887,100
"CRS3035RES50000mN1950000E2950000",2500.01904574681,2500.01904574681,100
"CRS3035RES50000mN1950000E3000000",2500.01905245461,2500.01905245461,100
"CRS3035RES50000mN1950000E3050000",2500.01905892077,2500.01905892077,100
"CRS3035RES50000mN1950000E3100000",2500.0190651439,2500.0190651439,100
"CRS3035RES50000mN1950000E3150000",2500.01907112277,2500.01907112277,100
"CRS3035RES50000mN1950000E3200000",2500.01907685545,2500.01907685545,100
"CRS3035RES50000mN1950000E3250000",2500.01908234132,2500.01908234132,100
"CRS3035RES50000mN1950000E3300000",2500.01908757897,2500.01908757897,100
"CRS3035RES50000mN1950000E3350000",2500.01909256712,2500.01909256712,100
"CRS3035RES50000mN1950000E3400000",2500.01909730478,2500.01909730478,100
"CRS3035RES50000mN1950000E3450000",2500.01910179104,2392.6444626865,95.7050472523343
"CRS3035RES50000mN1950000E3500000",2500.01910602483,544.297028222921,21.7717147405478
"CRS3035RES50000mN1950000E4150000",2500.01913775409,871.936460507152,34.8771914318408
"CRS3035RES50000mN1950000E4200000",2500.01913838387,1948.79372228745,77.951152147869
"CRS3035RES50000mN1950000E4250000",2500.01913875332,2027.45694141622,81.0976568134293
"CRS3035RES50000mN1950000E4600000",2500.01913405581,12.092495005522,0.483696098193625
"CRS3035RES50000mN1950000E4650000",2500.01913234567,1001.66328964282,40.0662249613663
"CRS3035RES50000mN1950000E4700000",2500.01913037682,2075.74548033439,83.0291838615458
"CRS3035RES50000mN1950000E4750000",2500.01912814924,2500.01912814924,100
"CRS3035RES50000mN1950000E4800000",2500.01912566384,2500.01912566384,100
"CRS3035RES50000mN1950000E4850000",2500.0191229207,2500.0191229207,100
"CRS3035RES50000mN1950000E4900000",2500.01911992062,2155.30297774146,86.2114597671512
"CRS3035RES50000mN1950000E4950000",2500.01911666421,2210.43713784437,88.4168094199923
"CRS3035RES50000mN1950000E5000000",2500.01911315237,643.358321270253,25.7341361066244
"CRS3035RES50000mN2000000E2650000",2500.01900473315,1239.67838444208,49.5867584244385
"CRS3035RES50000mN2000000E2700000",2500.01901289717,2500.01901289717,100
"CRS3035RES50000mN2000000E2750000",2500.01902082826,2500.01902082826,100
"CRS3035RES50000mN2000000E2800000",2500.01902852489,2500.01902852489,100
"CRS3035RES50000mN2000000E2850000",2500.0190359846,2500.0190359846,100
"CRS3035RES50000mN2000000E2900000",2500.01904320616,2500.01904320616,100
"CRS3035RES50000mN2000000E2950000",2500.01905018786,2500.01905018786,100
"CRS3035RES50000mN2000000E3000000",2500.01905692812,2500.01905692812,100
"CRS3035RES50000mN2000000E3050000",2500.01906342551,2500.01906342551,100
"CRS3035RES50000mN2000000E3100000",2500.01906967837,2500.01906967837,100
"CRS3035RES50000mN2000000E3150000",2500.01907568525,2500.01907568525,100
"CRS3035RES50000mN2000000E3200000",2500.01908144543,2500.01908144543,100
"CRS3035RES50000mN2000000E3250000",2500.01908695734,2500.01908695734,100
"CRS3035RES50000mN2000000E3300000",2500.01909221941,2500.01909221941,100
"CRS3035RES50000mN2000000E3350000",2500.01909723104,2500.01909723104,100
"CRS3035RES50000mN2000000E3400000",2500.01910199071,2500.01910199071,100
"CRS3035RES50000mN2000000E3450000",2500.01910649775,2500.01910649775,100
"CRS3035RES50000mN2000000E3500000",2500.01911075109,2299.30366622593,91.9714435916909
"CRS3035RES50000mN2000000E3550000",2500.0191147497,477.06669033639,19.0825217104051
"CRS3035RES50000mN2000000E3600000",2500.01911849306,22.3477208959694,0.893901999815104
"CRS3035RES50000mN2000000E4150000",2500.019142625,15.5754991983014,0.62301519747354
"CRS3035RES50000mN2000000E4200000",2500.01914325749,273.025845350042,10.9209501889771
"CRS3035RES50000mN2000000E4250000",2500.01914362875,535.519352549138,21.4206100746828
"CRS3035RES50000mN2000000E4500000",2500.01914156393,79.7972848133874,3.19186695360535
"CRS3035RES50000mN2000000E4550000",2500.0191403672,992.683827140143,39.7070490826058
"CRS3035RES50000mN2000000E4600000",2500.01913890998,1423.68851521925,56.9471046465662
"CRS3035RES50000mN2000000E4650000",2500.01913719221,2492.98675682503,99.7187069385767
"CRS3035RES50000mN2000000E4700000",2500.01913521437,2500.01913521437,100
"CRS3035RES50000mN2000000E4750000",2500.01913297664,2500.01913297664,100
"CRS3035RES50000mN2000000E4800000",2500.01913047985,2489.49810368804,99.5791621486593
"CRS3035RES50000mN2000000E4850000",2500.01912772427,1880.94919351225,75.2373920924537
"CRS3035RES50000mN2000000E4900000",2500.01912471057,994.206711420237,39.767964236487
"CRS3035RES50000mN2000000E4950000",2500.01912143924,13.1004833382206,0.524015325557941
"CRS3035RES50000mN2050000E2650000",2500.01900869439,11.9276234911346,0.477101312016173
"CRS3035RES50000mN2050000E2700000",2500.01901689715,1882.54811059773,75.3013516246854
"CRS3035RES50000mN2050000E2750000",2500.01902486584,2500.01902486584,100
"CRS3035RES50000mN2050000E2800000",2500.01903259814,2500.01903259814,100
"CRS3035RES50000mN2050000E2850000",2500.0190400928,2500.0190400928,100
"CRS3035RES50000mN2050000E2900000",2500.01904734801,2500.01904734801,100
"CRS3035RES50000mN2050000E2950000",2500.01905436166,2500.01905436166,100
"CRS3035RES50000mN2050000E3000000",2500.01906113278,2500.01906113278,100
"CRS3035RES50000mN2050000E3050000",2500.01906765957,2500.01906765957,100
"CRS3035RES50000mN2050000E3100000",2500.01907394083,2500.01907394083,100
"CRS3035RES50000mN2050000E3150000",2500.01907997515,2500.01907997515,100
"CRS3035RES50000mN2050000E3200000",2500.01908576095,2500.01908576095,100
"CRS3035RES50000mN2050000E3250000",2500.01909129707,2500.01909129707,100
"CRS3035RES50000mN2050000E3300000",2500.0190965826,2500.0190965826,100
"CRS3035RES50000mN2050000E3350000",2500.01910161629,2500.01910161629,100
"CRS3035RES50000mN2050000E3400000",2500.01910639711,2500.01910639711,100
"CRS3035RES50000mN2050000E3450000",2500.01911092381,2500.01911092381,100
"CRS3035RES50000mN2050000E3500000",2500.01911519572,2500.01911519572,100
"CRS3035RES50000mN2050000E3550000",2500.0191192119,2500.0191192119,100
"CRS3035RES50000mN2050000E3600000",2500.01912297142,2434.60990839643,97.3836514299438
"CRS3035RES50000mN2050000E3650000",2500.0191264735,1533.19518329238,61.3273381414122
"CRS3035RES50000mN2050000E3700000",2500.01912971756,342.162237643415,13.6863847790665
"CRS3035RES50000mN2050000E4200000",2500.01914784215,1616.06596482456,64.6421434899584
"CRS3035RES50000mN2050000E4250000",2500.01914821493,981.234143871392,39.2490651350417
"CRS3035RES50000mN2050000E4450000",2500.0191470809,50.5200242932054,2.02078549487088
"CRS3035RES50000mN2050000E4500000",2500.01914614116,1836.13004098443,73.4446391668058
"CRS3035RES50000mN2050000E4550000",2500.01914493967,2500.01914493967,100
"CRS3035RES50000mN2050000E4600000",2500.01914347621,2500.01914347621,100
"CRS3035RES50000mN2050000E4650000",2500.01914175093,2500.01914175093,100
"CRS3035RES50000mN2050000E4700000",2500.01913976448,2500.01913976448,100
"CRS3035RES50000mN2050000E4750000",2500.01913751752,2500.01913751752,100
"CRS3035RES50000mN2050000E4800000",2500.01913500995,1197.12602878016,47.8846746417159
"CRS3035RES50000mN2100000E2700000",2500.01902063862,723.05253815648,28.9218814811969
"CRS3035RES50000mN2100000E2750000",2500.01902864275,2484.64080270837,99.3848756446176
"CRS3035RES50000mN2100000E2800000",2500.01903640936,2500.01903640936,100
"CRS3035RES50000mN2100000E2850000",2500.01904393691,2500.01904393691,100
"CRS3035RES50000mN2100000E2900000",2500.0190512234,2500.0190512234,100
"CRS3035RES50000mN2100000E2950000",2500.01905826774,2500.01905826774,100
"CRS3035RES50000mN2100000E3000000",2500.01906506798,2500.01906506798,100
"CRS3035RES50000mN2100000E3050000",2500.01907162298,2500.01907162298,100
"CRS3035RES50000mN2100000E3100000",2500.01907793085,2500.01907793085,100
"CRS3035RES50000mN2100000E3150000",2500.01908399058,2500.01908399058,100
"CRS3035RES50000mN2100000E3200000",2500.01908980083,2500.01908980083,100
"CRS3035RES50000mN2100000E3250000",2500.01909536052,2500.01909536052,100
"CRS3035RES50000mN2100000E3300000",2500.01910066824,2500.01910066824,100
"CRS3035RES50000mN2100000E3350000",2500.01910572283,2500.01910572283,100
"CRS3035RES50000mN2100000E3400000",2500.01911052351,2500.01911052351,100
"CRS3035RES50000mN2100000E3450000",2500.01911506897,2500.01911506897,100
"CRS3035RES50000mN2100000E3500000",2500.01911935853,2500.01911935853,100
"CRS3035RES50000mN2100000E3550000",2500.01912339109,2500.01912339109,100
"CRS3035RES50000mN2100000E3600000",2500.01912716581,2500.01912716581,100
"CRS3035RES50000mN2100000E3650000",2500.0191306823,2500.0191306823,100
"CRS3035RES50000mN2100000E3700000",2500.01913393944,2437.97500370355,97.5182537847973
"CRS3035RES50000mN2100000E3750000",2500.0191369369,213.195712723111,8.5277632308177
"CRS3035RES50000mN2100000E4200000",2500.0191521372,2116.42912572175,84.6565164875826
"CRS3035RES50000mN2100000E4250000",2500.0191525116,1632.03738994107,65.2809954796337
"CRS3035RES50000mN2100000E4300000",2500.01915262212,3.75750808570337,0.150299171978837
"CRS3035RES50000mN2100000E4350000",2500.01915246941,25.2767982371941,1.01106418373743
"CRS3035RES50000mN2100000E4400000",2500.0191520529,245.537436111504,9.82142220430114
"CRS3035RES50000mN2100000E4450000",2500.01915137292,1870.235042821,74.8088286361302
"CRS3035RES50000mN2100000E4500000",2500.01915042974,2500.01915042974,100
"CRS3035RES50000mN2100000E4550000",2500.01914922316,2500.01914922316,100
"CRS3035RES50000mN2100000E4600000",2500.0191477537,2500.0191477537,100
"CRS3035RES50000mN2100000E4650000",2500.01914602186,2369.49062586537,94.7788991790646
"CRS3035RES50000mN2100000E4700000",2500.01914402731,955.838636917182,38.2332527013138
"CRS3035RES50000mN2100000E4750000",2500.01914177103,363.828953648272,14.5530467174956
"CRS3035RES50000mN2100000E4800000",2500.01913925349,407.83540879521,16.3132914621202
"CRS3035RES50000mN2150000E2700000",2500.01902412033,6.06893359479794,0.242755496508007
"CRS3035RES50000mN2150000E2750000",2500.01903215773,2027.95383165929,81.1175357296778
"CRS3035RES50000mN2150000E2800000",2500.0190399567,2500.0190399567,100
"CRS3035RES50000mN2150000E2850000",2500.01904751529,2500.01904751529,100
"CRS3035RES50000mN2150000E2900000",2500.01905483195,2500.01905483195,100
"CRS3035RES50000mN2150000E2950000",2500.01906190503,2500.01906190503,100
"CRS3035RES50000mN2150000E3000000",2500.01906873296,2500.01906873296,100
"CRS3035RES50000mN2150000E3050000",2500.01907531435,2500.01907531435,100
"CRS3035RES50000mN2150000E3100000",2500.01908164755,2500.01908164755,100
"CRS3035RES50000mN2150000E3150000",2500.01908773169,2500.01908773169,100
"CRS3035RES50000mN2150000E3200000",2500.01909356518,2500.01909356518,100
"CRS3035RES50000mN2150000E3250000",2500.01909914671,2500.01909914671,100
"CRS3035RES50000mN2150000E3300000",2500.01910447523,2500.01910447523,100
"CRS3035RES50000mN2150000E3350000",2500.01910954974,2500.01910954974,100
"CRS3035RES50000mN2150000E3400000",2500.01911436895,2500.01911436895,100
"CRS3035RES50000mN2150000E3450000",2500.01911893222,2500.01911893222,100
"CRS3035RES50000mN2150000E3500000",2500.01912323839,2500.01912323839,100
"CRS3035RES50000mN2150000E3550000",2500.01912728654,2500.01912728654,100
"CRS3035RES50000mN2150000E3600000",2500.01913107607,2500.01913107607,100
"CRS3035RES50000mN2150000E3650000",2500.01913460612,2500.01913460612,100
"CRS3035RES50000mN2150000E3700000",2500.01913787571,2491.60390266713,99.663393168433
"CRS3035RES50000mN2150000E3750000",2500.01914088451,351.35517910976,14.0540995612317
"CRS3035RES50000mN2150000E4200000",2500.0191561426,750.592454739332,30.0234681360385
"CRS3035RES50000mN2150000E4250000",2500.01915651831,1096.17252417871,43.8465649881384
"CRS3035RES50000mN2150000E4300000",2500.0191566295,161.678529175585,6.46709161195219
"CRS3035RES50000mN2150000E4350000",2500.01915647594,325.657401913081,13.0261962621172
"CRS3035RES50000mN2150000E4400000",2500.01915605786,2139.2641191427,85.5699090928561
"CRS3035RES50000mN2150000E4450000",2500.01915537542,2500.01915537542,100
"CRS3035RES50000mN2150000E4500000",2500.01915442859,2500.01915442859,100
"CRS3035RES50000mN2150000E4550000",2500.01915321748,2500.01915321748,100
"CRS3035RES50000mN2150000E4600000",2500.01915174239,2445.64754771507,97.8251524997548
"CRS3035RES50000mN2150000E4650000",2500.0191500038,515.416313958464,20.6164946359583
"CRS3035RES50000mN2200000E2750000",2500.019035411,1829.21260122194,73.1679469361006
"CRS3035RES50000mN2200000E2800000",2500.01904324038,2500.01904324038,100
"CRS3035RES50000mN2200000E2850000",2500.01905082836,2500.01905082836,100
"CRS3035RES50000mN2200000E2900000",2500.01905817313,2500.01905817313,100
"CRS3035RES50000mN2200000E2950000",2500.01906527332,2500.01906527332,100
"CRS3035RES50000mN2200000E3000000",2500.0190721273,2500.0190721273,100
"CRS3035RES50000mN2200000E3050000",2500.01907873347,2500.01907873347,100
"CRS3035RES50000mN2200000E3100000",2500.01908509084,2500.01908509084,100
"CRS3035RES50000mN2200000E3150000",2500.01909119754,2500.01909119754,100
"CRS3035RES50000mN2200000E3200000",2500.01909705264,2500.01909705264,100
"CRS3035RES50000mN2200000E3250000",2500.01910265498,2500.01910265498,100
"CRS3035RES50000mN2200000E3300000",2500.01910800331,2500.01910800331,100
"CRS3035RES50000mN2200000E3350000",2500.01911309657,2500.01911309657,100
"CRS3035RES50000mN2200000E3400000",2500.01911793345,2500.01911793345,100
"CRS3035RES50000mN2200000E3450000",2500.01912251336,2500.01912251336,100
"CRS3035RES50000mN2200000E3500000",2500.01912683505,2500.01912683505,100
"CRS3035RES50000mN2200000E3550000",2500.01913089808,2500.01913089808,100
"CRS3035RES50000mN2200000E3600000",2500.01913470133,2500.01913470133,100
"CRS3035RES50000mN2200000E3650000",2500.01913824384,2500.01913824384,100
"CRS3035RES50000mN2200000E3700000",2500.01914152554,2498.50771455112,99.939543383916
"CRS3035RES50000mN2200000E3750000",2500.01914454503,162.541512085478,6.50161069526763
"CRS3035RES50000mN2200000E3900000",2500.01915202712,36.1924774874382,1.44768800903352
"CRS3035RES50000mN2200000E3950000",2500.01915399382,754.057081375762,30.1620521655262
"CRS3035RES50000mN2200000E4000000",2500.01915569632,901.475632647143,36.0587490137075
"CRS3035RES50000mN2200000E4050000",2500.01915713425,6.32139476872069,0.252853853166743
"CRS3035RES50000mN2200000E4250000",2500.01916023444,107.418149169602,4.29669303652573
"CRS3035RES50000mN2200000E4300000",2500.01916034602,26.9721341728405,1.07887709825021
"CRS3035RES50000mN2200000E4350000",2500.01916019204,1754.43573658566,70.1768916223383
"CRS3035RES50000mN2200000E4400000",2500.0191597725,2500.0191597725,100
"CRS3035RES50000mN2200000E4450000",2500.01915908749,2500.01915908749,100
"CRS3035RES50000mN2200000E4500000",2500.01915813728,2500.01915813728,100
"CRS3035RES50000mN2200000E4550000",2500.01915692196,2500.01915692196,100
"CRS3035RES50000mN2200000E4600000",2500.01915544182,1760.9300175439,70.4366610036113
"CRS3035RES50000mN2250000E2750000",2500.01903840134,1656.20828792597,66.2478270159514
"CRS3035RES50000mN2250000E2800000",2500.01904625937,2500.01904625937,100
"CRS3035RES50000mN2250000E2850000",2500.0190538748,2500.0190538748,100
"CRS3035RES50000mN2250000E2900000",2500.01906124631,2500.01906124631,100
"CRS3035RES50000mN2250000E2950000",2500.01906837172,2500.01906837172,100
"CRS3035RES50000mN2250000E3000000",2500.01907525022,2500.01907525022,100
"CRS3035RES50000mN2250000E3050000",2500.01908187984,2500.01908187984,100
"CRS3035RES50000mN2250000E3100000",2500.01908825953,2500.01908825953,100
"CRS3035RES50000mN2250000E3150000",2500.01909438802,2500.01909438802,100
"CRS3035RES50000mN2250000E3200000",2500.01910026362,2500.01910026362,100
"CRS3035RES50000mN2250000E3250000",2500.01910588537,2500.01910588537,100
"CRS3035RES50000mN2250000E3300000",2500.01911125203,2500.01911125203,100
"CRS3035RES50000mN2250000E3350000",2500.01911636279,2500.01911636279,100
"CRS3035RES50000mN2250000E3400000",2500.01912121657,2500.01912121657,100
"CRS3035RES50000mN2250000E3450000",2500.01912581213,2500.01912581213,100
"CRS3035RES50000mN2250000E3500000",2500.01913014864,2500.01913014864,100
"CRS3035RES50000mN2250000E3550000",2500.0191342253,2500.0191342253,100
"CRS3035RES50000mN2250000E3600000",2500.01913804124,2500.01913804124,100
"CRS3035RES50000mN2250000E3650000",2500.01914159594,2500.01914159594,100
"CRS3035RES50000mN2250000E3700000",2500.01914488843,2500.01914488843,100
"CRS3035RES50000mN2250000E3750000",2500.01914791822,2037.33037128169,81.4925906858828
"CRS3035RES50000mN2250000E3800000",2500.01915068451,852.801518874734,34.1117994492656
"CRS3035RES50000mN2250000E3850000",2500.01915318701,1351.38524042231,54.0549954867174
"CRS3035RES50000mN2250000E3900000",2500.01915542527,1770.20372636505,70.807606514676
"CRS3035RES50000mN2250000E3950000",2500.01915739868,2500.01915739868,100
"CRS3035RES50000mN2250000E4000000",2500.01915910679,2496.77951950489,99.8704154090141
"CRS3035RES50000mN2250000E4050000",2500.01916054951,1410.74763849701,56.4294730519956
"CRS3035RES50000mN2250000E4100000",2500.0191617262,112.168176320658,4.48669266371579
"CRS3035RES50000mN2250000E4300000",2500.01916377181,212.680604669681,8.50715897508589
"CRS3035RES50000mN2250000E4350000",2500.01916361728,2446.21321652155,97.8477786139094
"CRS3035RES50000mN2250000E4400000",2500.01916319633,2500.01916319633,100
"CRS3035RES50000mN2250000E4450000",2500.01916250909,2500.01916250909,100
"CRS3035RES50000mN2250000E4500000",2500.01916155573,2500.01916155573,100
"CRS3035RES50000mN2250000E4550000",2500.01916033639,2306.35746914899,92.2535917220196
"CRS3035RES50000mN2250000E4600000",2500.01915885121,628.21315975153,25.1283338180577
"CRS3035RES50000mN2300000E2750000",2500.01904112838,897.34946793827,35.8937053348703
"CRS3035RES50000mN2300000E2800000",2500.01904901319,2500.01904901319,100
"CRS3035RES50000mN2300000E2850000",2500.01905665459,2500.01905665459,100
"CRS3035RES50000mN2300000E2900000",2500.0190640506,2500.0190640506,100
"CRS3035RES50000mN2300000E2950000",2500.01907120033,2500.01907120033,100
"CRS3035RES50000mN2300000E3000000",2500.01907810159,2500.01907810159,100
"CRS3035RES50000mN2300000E3050000",2500.01908475327,2500.01908475327,100
"CRS3035RES50000mN2300000E3100000",2500.0190911539,2500.0190911539,100
"CRS3035RES50000mN2300000E3150000",2500.01909730206,2500.01909730206,100
"CRS3035RES50000mN2300000E3200000",2500.01910319699,2500.00622334225,99.9994848097472
"CRS3035RES50000mN2300000E3250000",2500.01910883703,2274.66769078246,90.986012176547
"CRS3035RES50000mN2300000E3300000",2500.01911422126,1449.61204030004,57.9840382841069
"CRS3035RES50000mN2300000E3350000",2500.01911934836,1605.7150248626,64.2281097946618
"CRS3035RES50000mN2300000E3400000",2500.01912421736,2500.01912421736,100
"CRS3035RES50000mN2300000E3450000",2500.01912882756,2500.01912882756,100
"CRS3035RES50000mN2300000E3500000",2500.019133178,2500.019133178,100
"CRS3035RES50000mN2300000E3550000",2500.01913726762,2500.01913726762,100
"CRS3035RES50000mN2300000E3600000",2500.01914109573,2500.01914109573,100
"CRS3035RES50000mN2300000E3650000",2500.01914466153,2500.01914466153,100
"CRS3035RES50000mN2300000E3700000",2500.01914796426,2500.01914796426,100
"CRS3035RES50000mN2300000E3750000",2500.01915100347,2500.01915100347,100
"CRS3035RES50000mN2300000E3800000",2500.01915377862,2500.01915377862,100
"CRS3035RES50000mN2300000E3850000",2500.01915628896,2500.01915628896,100
"CRS3035RES50000mN2300000E3900000",2500.01915853406,2500.01915853406,100
"CRS3035RES50000mN2300000E3950000",2500.01916051344,2500.01916051344,100
"CRS3035RES50000mN2300000E4000000",2500.01916222696,2500.01916222696,100
"CRS3035RES50000mN2300000E4050000",2500.01916367384,2500.01916367384,100
"CRS3035RES50000mN2300000E4100000",2500.01916485452,2431.48931726592,97.2588271101281
"CRS3035RES50000mN2300000E4150000",2500.01916576821,1199.80039598982,47.9916479208725
"CRS3035RES50000mN2300000E4250000",2500.01916679425,219.853322912274,8.79406549487335
"CRS3035RES50000mN2300000E4300000",2500.01916690645,1488.65458934025,59.5457270506581
"CRS3035RES50000mN2300000E4350000",2500.01916675142,2500.01916675142,100
"CRS3035RES50000mN2300000E4400000",2500.01916632937,2500.01916632937,100
"CRS3035RES50000mN2300000E4450000",2500.01916563996,2500.01916563996,100
"CRS3035RES50000mN2300000E4500000",2500.01916468357,1789.05720875931,71.5617397671328
"CRS3035RES50000mN2300000E4550000",2500.01916346046,272.8663106513,10.9145687616893
"CRS3035RES50000mN2350000E2750000",2500.01904359197,1080.11636515002,43.2043254997823
"CRS3035RES50000mN2350000E2800000",2500.01905150185,2500.01905150185,100
"CRS3035RES50000mN2350000E2850000",2500.01905916714,2500.01905916714,100
"CRS3035RES50000mN2350000E2900000",2500.01906658668,2500.01906658668,100
"CRS3035RES50000mN2350000E2950000",2500.01907375812,2500.01907375812,100
"CRS3035RES50000mN2350000E3000000",2500.01908068084,2500.01908068084,100
"CRS3035RES50000mN2350000E3050000",2500.01908735289,2395.49498791445,95.8190679436326
"CRS3035RES50000mN2350000E3100000",2500.01909377301,1425.14380219695,57.0053167092469
"CRS3035RES50000mN2350000E3150000",2500.0190999402,785.938717208949,31.4373085080729
"CRS3035RES50000mN2350000E3200000",2500.01910585275,571.694992178888,22.8676249249657
"CRS3035RES50000mN2350000E3350000",2500.01912205257,7.54644322415447,0.301855420128094
"CRS3035RES50000mN2350000E3400000",2500.0191269362,2151.69606703259,86.067184200687
"CRS3035RES50000mN2350000E3450000",2500.01913156005,2500.01913156005,100
"CRS3035RES50000mN2350000E3500000",2500.01913592321,2500.01913592321,100
"CRS3035RES50000mN2350000E3550000",2500.01914002492,2500.01914002492,100
"CRS3035RES50000mN2350000E3600000",2500.01914386417,2500.01914386417,100
"CRS3035RES50000mN2350000E3650000",2500.01914744022,2500.01914744022,100
"CRS3035RES50000mN2350000E3700000",2500.01915075298,2500.01915075298,100
"CRS3035RES50000mN2350000E3750000",2500.01915380103,2500.01915380103,100
"CRS3035RES50000mN2350000E3800000",2500.01915658403,2500.01915658403,100
"CRS3035RES50000mN2350000E3850000",2500.01915910168,2500.01915910168,100
"CRS3035RES50000mN2350000E3900000",2500.01916135313,2500.01916135313,100
"CRS3035RES50000mN2350000E3950000",2500.01916333841,2500.01916333841,100
"CRS3035RES50000mN2350000E4000000",2500.01916505658,2500.01916505658,100
"CRS3035RES50000mN2350000E4050000",2500.01916650791,2500.01916650791,100
"CRS3035RES50000mN2350000E4100000",2500.01916769193,2500.01916769193,100
"CRS3035RES50000mN2350000E4150000",2500.01916860815,2480.55587837956,99.2214743601574
"CRS3035RES50000mN2350000E4200000",2500.01916925656,1735.3777170498,69.4145764316622
"CRS3035RES50000mN2350000E4250000",2500.01916963711,2338.39347233916,93.5350216805974
"CRS3035RES50000mN2350000E4300000",2500.01916974974,2500.01916974974,100
"CRS3035RES50000mN2350000E4350000",2500.01916959419,2500.01916959419,100
"CRS3035RES50000mN2350000E4400000",2500.01916917079,2500.01916917079,100
"CRS3035RES50000mN2350000E4450000",2500.01916847945,2499.61853569961,99.9839748116778
"CRS3035RES50000mN2350000E4500000",2500.01916752047,234.093382524503,9.36366350969535
"CRS3035RES50000mN2400000E2750000",2500.01904579137,958.970268095009,38.3585184964642
"CRS3035RES50000mN2400000E2800000",2500.01905372438,1710.26655605066,68.4101408548391
"CRS3035RES50000mN2400000E2850000",2500.01906141216,2385.81020620272,95.4316806230697
"CRS3035RES50000mN2400000E2900000",2500.01906885294,2195.64060871628,87.8249544601947
"CRS3035RES50000mN2400000E2950000",2500.01907604529,1205.15222594659,48.2057212080553
"CRS3035RES50000mN2400000E3000000",2500.01908298765,769.447732064825,30.7776743506012
"CRS3035RES50000mN2400000E3050000",2500.01908967871,196.221471640293,7.84879893319176
"CRS3035RES50000mN2400000E3400000",2500.01912937223,1342.77053707602,53.7104105044667
"CRS3035RES50000mN2400000E3450000",2500.01913400898,2500.01913400898,100
"CRS3035RES50000mN2400000E3500000",2500.01913838395,2500.01913838395,100
"CRS3035RES50000mN2400000E3550000",2500.01914249669,2500.01914249669,100
"CRS3035RES50000mN2400000E3600000",2500.0191463465,2500.0191463465,100
"CRS3035RES50000mN2400000E3650000",2500.01914993243,2500.01914993243,100
"CRS3035RES50000mN2400000E3700000",2500.01915325381,2500.01915325381,100
"CRS3035RES50000mN2400000E3750000",2500.01915630994,2500.01915630994,100
"CRS3035RES50000mN2400000E3800000",2500.01915910055,2500.01915910055,100
"CRS3035RES50000mN2400000E3850000",2500.01916162487,2500.01916162487,100
"CRS3035RES50000mN2400000E3900000",2500.01916388264,2500.01916388264,100
"CRS3035RES50000mN2400000E3950000",2500.01916587289,2500.01916587289,100
"CRS3035RES50000mN2400000E4000000",2500.01916759595,2500.01916759595,100
"CRS3035RES50000mN2400000E4050000",2500.01916905113,2500.01916905113,100
"CRS3035RES50000mN2400000E4100000",2500.01917023803,2500.01917023803,100
"CRS3035RES50000mN2400000E4150000",2500.0191711566,2500.0191711566,100
"CRS3035RES50000mN2400000E4200000",2500.01917180699,2500.01917180699,100
"CRS3035RES50000mN2400000E4250000",2500.01917218849,2500.01917218849,100
"CRS3035RES50000mN2400000E4300000",2500.0191723013,2500.0191723013,100
"CRS3035RES50000mN2400000E4350000",2500.01917214553,2500.01917214553,100
"CRS3035RES50000mN2400000E4400000",2500.01917172091,2500.01917172091,100
"CRS3035RES50000mN2400000E4450000",2500.01917102791,2496.59382035932,99.8629870239284
"CRS3035RES50000mN2400000E4500000",2500.01917006614,463.628321045584,18.5449906383445
"CRS3035RES50000mN2450000E2850000",2500.01906338928,417.511535872996,16.7003340889319
"CRS3035RES50000mN2450000E2900000",2500.01907084982,218.420028194012,8.73673448098
"CRS3035RES50000mN2450000E3400000",2500.01913152617,651.124639821057,26.0447862822382
"CRS3035RES50000mN2450000E3450000",2500.01913617412,2444.50118161689,97.7792988160005
"CRS3035RES50000mN2450000E3500000",2500.01914056026,2500.01914056026,100
"CRS3035RES50000mN2450000E3550000",2500.0191446833,2500.0191446833,100
"CRS3035RES50000mN2450000E3600000",2500.01914854253,2500.01914854253,100
"CRS3035RES50000mN2450000E3650000",2500.01915213741,2500.01915213741,100
"CRS3035RES50000mN2450000E3700000",2500.01915546693,2500.01915546693,100
"CRS3035RES50000mN2450000E3750000",2500.01915853085,2500.01915853085,100
"CRS3035RES50000mN2450000E3800000",2500.01916132832,2500.01916132832,100
"CRS3035RES50000mN2450000E3850000",2500.01916385867,2500.01916385867,100
"CRS3035RES50000mN2450000E3900000",2500.01916612189,2500.01916612189,100
"CRS3035RES50000mN2450000E3950000",2500.01916811727,2500.01916811727,100
"CRS3035RES50000mN2450000E4000000",2500.01916984446,2500.01916984446,100
"CRS3035RES50000mN2450000E4050000",2500.01917130316,2500.01917130316,100
"CRS3035RES50000mN2450000E4100000",2500.01917249294,2500.01917249294,100
"CRS3035RES50000mN2450000E4150000",2500.01917341395,2500.01917341395,100
"CRS3035RES50000mN2450000E4200000",2500.01917406565,2500.01917406565,100
"CRS3035RES50000mN2450000E4250000",2500.01917444826,2500.01917444826,100
"CRS3035RES50000mN2450000E4300000",2500.01917456138,2500.01917456138,100
"CRS3035RES50000mN2450000E4350000",2500.0191744052,2500.0191744052,100
"CRS3035RES50000mN2450000E4400000",2500.01917397962,2500.01917397962,100
"CRS3035RES50000mN2450000E4450000",2500.01917328468,2374.63740111899,94.9847675767642
"CRS3035RES50000mN2450000E4500000",2500.01917232077,364.823100375497,14.59281210379
"CRS3035RES50000mN2450000E4600000",2500.01916958621,2375.07553043566,95.0022927555699
"CRS3035RES50000mN2450000E4650000",2500.01916781616,1783.67894663942,71.3466108420888
"CRS3035RES50000mN2450000E4700000",2500.01916577782,2474.74665907593,98.9891074817411
"CRS3035RES50000mN2500000E3400000",2500.01913339663,202.888788632198,8.11548943453666
"CRS3035RES50000mN2500000E3450000",2500.01913805568,2192.87294568925,87.7142463555178
"CRS3035RES50000mN2500000E3500000",2500.01914245177,2500.01914245177,100
"CRS3035RES50000mN2500000E3550000",2500.01914658413,2500.01914658413,100
"CRS3035RES50000mN2500000E3600000",2500.01915045236,2500.01915045236,100
"CRS3035RES50000mN2500000E3650000",2500.01915405512,2500.01915405512,100
"CRS3035RES50000mN2500000E3700000",2500.01915739246,2500.01915739246,100
"CRS3035RES50000mN2500000E3750000",2500.0191604631,2500.0191604631,100
"CRS3035RES50000mN2500000E3800000",2500.01916326683,2500.01916326683,100
"CRS3035RES50000mN2500000E3850000",2500.01916580318,2500.01916580318,100
"CRS3035RES50000mN2500000E3900000",2500.01916807123,2500.01916807123,100
"CRS3035RES50000mN2500000E3950000",2500.01917007108,2500.01917007108,100
"CRS3035RES50000mN2500000E4000000",2500.0191718022,2500.0191718022,100
"CRS3035RES50000mN2500000E4050000",2500.01917326413,2500.01917326413,100
"CRS3035RES50000mN2500000E4100000",2500.01917445671,2500.01917445671,100
"CRS3035RES50000mN2500000E4150000",2500.01917537965,2500.01917537965,100
"CRS3035RES50000mN2500000E4200000",2500.01917603283,2500.01917603283,100
"CRS3035RES50000mN2500000E4250000",2500.01917641607,2500.01917641607,100
"CRS3035RES50000mN2500000E4300000",2500.01917652937,2500.01917652937,100
"CRS3035RES50000mN2500000E4350000",2500.01917637286,2500.01917637286,100
"CRS3035RES50000mN2500000E4400000",2500.0191759463,2500.0191759463,100
"CRS3035RES50000mN2500000E4450000",2500.01917525011,2500.01917525011,100
"CRS3035RES50000mN2500000E4500000",2500.01917428391,2477.41886698702,99.0959946415868
"CRS3035RES50000mN2500000E4550000",2500.01917304822,1635.98637551479,65.4389531549099
"CRS3035RES50000mN2500000E4600000",2500.01917154324,2208.20631082815,88.3275750827561
"CRS3035RES50000mN2500000E4650000",2500.01916976913,2500.01916976913,100
"CRS3035RES50000mN2500000E4700000",2500.01916772646,2500.01916772646,100
"CRS3035RES50000mN2500000E4750000",2500.01916541541,2500.01916541541,100
"CRS3035RES50000mN2550000E3400000",2500.0191349847,15.7844845952573,0.631374551273339
"CRS3035RES50000mN2550000E3450000",2500.01913965311,2066.4777602554,82.6584775883809
"CRS3035RES50000mN2550000E3500000",2500.01914405827,2500.01914405827,100
"CRS3035RES50000mN2550000E3550000",2500.01914819956,2500.01914819956,100
"CRS3035RES50000mN2550000E3600000",2500.0191520754,2500.0191520754,100
"CRS3035RES50000mN2550000E3650000",2500.01915568601,2500.01915568601,100
"CRS3035RES50000mN2550000E3700000",2500.01915902996,2500.01915902996,100
"CRS3035RES50000mN2550000E3750000",2500.01916210695,2500.01916210695,100
"CRS3035RES50000mN2550000E3800000",2500.01916491646,2500.01916491646,100
"CRS3035RES50000mN2550000E3850000",2500.01916745775,2500.01916745775,100
"CRS3035RES50000mN2550000E3900000",2500.01916973062,2500.01916973062,100
"CRS3035RES50000mN2550000E3950000",2500.01917173448,2500.01917173448,100
"CRS3035RES50000mN2550000E4000000",2500.01917346889,2500.01917346889,100
"CRS3035RES50000mN2550000E4050000",2500.01917493371,2500.01917493371,100
"CRS3035RES50000mN2550000E4100000",2500.01917612874,2500.01917612874,100
"CRS3035RES50000mN2550000E4150000",2500.01917705359,2500.01917705359,100
"CRS3035RES50000mN2550000E4200000",2500.01917770809,2500.01917770809,100
"CRS3035RES50000mN2550000E4250000",2500.01917809225,2500.01917809225,100
"CRS3035RES50000mN2550000E4300000",2500.01917820588,2500.01917820588,100
"CRS3035RES50000mN2550000E4350000",2500.01917804902,2500.01917804902,100
"CRS3035RES50000mN2550000E4400000",2500.01917762162,2500.01917762162,100
"CRS3035RES50000mN2550000E4450000",2500.01917692376,2500.01917692376,100
"CRS3035RES50000mN2550000E4500000",2500.01917595573,2500.01917595573,100
"CRS3035RES50000mN2550000E4550000",2500.01917471753,2500.01917471753,100
"CRS3035RES50000mN2550000E4600000",2500.01917320936,2500.01917320936,100
"CRS3035RES50000mN2550000E4650000",2500.01917143179,2500.01917143179,100
"CRS3035RES50000mN2550000E4700000",2500.01916938491,2500.01916938491,100
"CRS3035RES50000mN2550000E4750000",2500.01916706902,2500.01916706902,100
"CRS3035RES50000mN2600000E3400000",2500.01913628942,158.841445447771,6.35360918410917
"CRS3035RES50000mN2600000E3450000",2500.01914096698,1926.56231534084,77.0619025979005
"CRS3035RES50000mN2600000E3500000",2500.01914538037,2500.01914538037,100
"CRS3035RES50000mN2600000E3550000",2500.01914952891,2500.01914952891,100
"CRS3035RES50000mN2600000E3600000",2500.01915341236,2500.01915341236,100
"CRS3035RES50000mN2600000E3650000",2500.01915702942,2500.01915702942,100
"CRS3035RES50000mN2600000E3700000",2500.01916037951,2500.01916037951,100
"CRS3035RES50000mN2600000E3750000",2500.01916346222,2500.01916346222,100
"CRS3035RES50000mN2600000E3800000",2500.01916627664,2500.01916627664,100
"CRS3035RES50000mN2600000E3850000",2500.0191688227,2500.0191688227,100
"CRS3035RES50000mN2600000E3900000",2500.01917109972,2500.01917109972,100
"CRS3035RES50000mN2600000E3950000",2500.01917310728,2500.01917310728,100
"CRS3035RES50000mN2600000E4000000",2500.01917484501,2500.01917484501,100
"CRS3035RES50000mN2600000E4050000",2500.01917631259,2500.01917631259,100
"CRS3035RES50000mN2600000E4100000",2500.01917750971,2500.01917750971,100
"CRS3035RES50000mN2600000E4150000",2500.01917843622,2500.01917843622,100
"CRS3035RES50000mN2600000E4200000",2500.01917909185,2500.01917909185,100
"CRS3035RES50000mN2600000E4250000",2500.01917947668,2500.01917947668,100
"CRS3035RES50000mN2600000E4300000",2500.01917959062,2500.01917959062,100
"CRS3035RES50000mN2600000E4350000",2500.0191794333,2500.0191794333,100
"CRS3035RES50000mN2600000E4400000",2500.01917900518,2500.01917900518,100
"CRS3035RES50000mN2600000E4450000",2500.01917830607,2500.01917830607,100
"CRS3035RES50000mN2600000E4500000",2500.01917733628,2500.01917733628,100
"CRS3035RES50000mN2600000E4550000",2500.01917609596,2500.01917609596,100
"CRS3035RES50000mN2600000E4600000",2500.01917458529,2500.01917458529,100
"CRS3035RES50000mN2600000E4650000",2500.01917280429,2500.01917280429,100
"CRS3035RES50000mN2600000E4700000",2500.01917075361,2500.01917075361,100
"CRS3035RES50000mN2600000E4750000",2500.01916843359,2500.01916843359,100
"CRS3035RES50000mN2600000E4800000",2500.01916584451,2500.01916584451,100
"CRS3035RES50000mN2650000E3350000",2500.01913236311,4.5892620027175,0.183569075264618
"CRS3035RES50000mN2650000E3400000",2500.01913731161,1364.38006273906,54.5747847436976
"CRS3035RES50000mN2650000E3450000",2500.01914199656,2500.01914199656,100
"CRS3035RES50000mN2650000E3500000",2500.0191464175,2500.0191464175,100
"CRS3035RES50000mN2650000E3550000",2500.0191505731,2500.0191505731,100
"CRS3035RES50000mN2650000E3600000",2500.01915446271,2500.01915446271,100
"CRS3035RES50000mN2650000E3650000",2500.0191580857,2500.0191580857,100
"CRS3035RES50000mN2650000E3700000",2500.01916144127,2500.01916144127,100
"CRS3035RES50000mN2650000E3750000",2500.0191645289,2500.0191645289,100
"CRS3035RES50000mN2650000E3800000",2500.01916734833,2500.01916734833,100
"CRS3035RES50000mN2650000E3850000",2500.0191698985,2500.0191698985,100
"CRS3035RES50000mN2650000E3900000",2500.01917217916,2500.01917217916,100
"CRS3035RES50000mN2650000E3950000",2500.01917418975,2500.01917418975,100
"CRS3035RES50000mN2650000E4000000",2500.01917593022,2500.01917593022,100
"CRS3035RES50000mN2650000E4050000",2500.01917740022,2500.01917740022,100
"CRS3035RES50000mN2650000E4100000",2500.01917859916,2500.01917859916,100
"CRS3035RES50000mN2650000E4150000",2500.01917952716,2500.01917952716,100
"CRS3035RES50000mN2650000E4200000",2500.01918018417,2500.01918018417,100
"CRS3035RES50000mN2650000E4250000",2500.01918056947,2500.01918056947,100
"CRS3035RES50000mN2650000E4300000",2500.01918068355,2500.01918068355,100
"CRS3035RES50000mN2650000E4350000",2500.01918052587,2500.01918052587,100
"CRS3035RES50000mN2650000E4400000",2500.01918009721,2500.01918009721,100
"CRS3035RES50000mN2650000E4450000",2500.01917939703,2500.01917939703,100
"CRS3035RES50000mN2650000E4500000",2500.0191784256,2500.0191784256,100
"CRS3035RES50000mN2650000E4550000",2500.0191771832,2500.0191771832,100
"CRS3035RES50000mN2650000E4600000",2500.01917566984,2500.01917566984,100
"CRS3035RES50000mN2650000E4650000",2500.01917388623,2500.01917388623,100
"CRS3035RES50000mN2650000E4700000",2500.01917183221,2500.01917183221,100
"CRS3035RES50000mN2650000E4750000",2500.01916950844,2500.01916950844,100
"CRS3035RES50000mN2650000E4800000",2500.01916691522,2500.01916691522,100
"CRS3035RES50000mN2700000E3350000",2500.01913309525,78.0972175590559,3.12386479468117
"CRS3035RES50000mN2700000E3400000",2500.01913805127,2215.0896434478,88.6029074631178
"CRS3035RES50000mN2700000E3450000",2500.01914274307,2500.01914274307,100
"CRS3035RES50000mN2700000E3500000",2500.01914717015,2500.01914717015,100
"CRS3035RES50000mN2700000E3550000",2500.01915133179,2500.01915133179,100
"CRS3035RES50000mN2700000E3600000",2500.01915522696,2500.01915522696,100
"CRS3035RES50000mN2700000E3650000",2500.01915885505,2500.01915885505,100
"CRS3035RES50000mN2700000E3700000",2500.01916221567,2500.01916221567,100
"CRS3035RES50000mN2700000E3750000",2500.01916530767,2500.01916530767,100
"CRS3035RES50000mN2700000E3800000",2500.01916813073,2500.01916813073,100
"CRS3035RES50000mN2700000E3850000",2500.01917068443,2500.01917068443,100
"CRS3035RES50000mN2700000E3900000",2500.01917296837,2500.01917296837,100
"CRS3035RES50000mN2700000E3950000",2500.01917498205,2500.01917498205,100
"CRS3035RES50000mN2700000E4000000",2500.01917672507,2500.01917672507,100
"CRS3035RES50000mN2700000E4050000",2500.01917819691,2500.01917819691,100
"CRS3035RES50000mN2700000E4100000",2500.01917939772,2500.01917939772,100
"CRS3035RES50000mN2700000E4150000",2500.01918032711,2500.01918032711,100
"CRS3035RES50000mN2700000E4200000",2500.01918098444,2500.01918098444,100
"CRS3035RES50000mN2700000E4250000",2500.01918137051,2500.01918137051,100
"CRS3035RES50000mN2700000E4300000",2500.01918148469,2500.01918148469,100
"CRS3035RES50000mN2700000E4350000",2500.01918132731,2500.01918132731,100
"CRS3035RES50000mN2700000E4400000",2500.01918089762,2500.01918089762,100
"CRS3035RES50000mN2700000E4450000",2500.01918019652,2500.01918019652,100
"CRS3035RES50000mN2700000E4500000",2500.01917922376,2500.01917922376,100
"CRS3035RES50000mN2700000E4550000",2500.01917797955,2500.01917797955,100
"CRS3035RES50000mN2700000E4600000",2500.01917646435,2500.01917646435,100
"CRS3035RES50000mN2700000E4650000",2500.01917467793,2500.01917467793,100
"CRS3035RES50000mN2700000E4700000",2500.01917262113,2500.01917262113,100
"CRS3035RES50000mN2700000E4750000",2500.01917029397,2500.01917029397,100
"CRS3035RES50000mN2700000E4800000",2500.01916769707,2500.01916769707,100
"CRS3035RES50000mN2750000E3300000",2500.01912832038,95.4159694673676,3.81660957656241
"CRS3035RES50000mN2750000E3350000",2500.01913354566,803.520451353792,32.1405720689104
"CRS3035RES50000mN2750000E3400000",2500.01913850761,2378.37503354667,95.1342730506636
"CRS3035RES50000mN2750000E3450000",2500.0191432055,2500.0191432055,100
"CRS3035RES50000mN2750000E3500000",2500.01914763834,2500.01914763834,100
"CRS3035RES50000mN2750000E3550000",2500.01915180495,2500.01915180495,100
"CRS3035RES50000mN2750000E3600000",2500.01915570511,2500.01915570511,100
"CRS3035RES50000mN2750000E3650000",2500.01915933759,2500.01915933759,100
"CRS3035RES50000mN2750000E3700000",2500.01916270224,2500.01916270224,100
"CRS3035RES50000mN2750000E3750000",2500.0191657979,2500.0191657979,100
"CRS3035RES50000mN2750000E3800000",2500.01916862466,2500.01916862466,100
"CRS3035RES50000mN2750000E3850000",2500.01917118152,2500.01917118152,100
"CRS3035RES50000mN2750000E3900000",2500.01917346808,2500.01917346808,100
"CRS3035RES50000mN2750000E3950000",2500.01917548407,2500.01917548407,100
"CRS3035RES50000mN2750000E4000000",2500.01917722915,2500.01917722915,100
"CRS3035RES50000mN2750000E4050000",2500.01917870296,2500.01917870296,100
"CRS3035RES50000mN2750000E4100000",2500.01917990506,2500.01917990506,100
"CRS3035RES50000mN2750000E4150000",2500.01918083549,2500.01918083549,100
"CRS3035RES50000mN2750000E4200000",2500.01918149413,2500.01918149413,100
"CRS3035RES50000mN2750000E4250000",2500.01918188058,2500.01918188058,100
"CRS3035RES50000mN2750000E4300000",2500.01918199466,2500.01918199466,100
"CRS3035RES50000mN2750000E4350000",2500.01918183694,2500.01918183694,100
"CRS3035RES50000mN2750000E4400000",2500.01918140691,2500.01918140691,100
"CRS3035RES50000mN2750000E4450000",2500.019180705,2500.019180705,100
"CRS3035RES50000mN2750000E4500000",2500.01917973127,2500.01917973127,100
"CRS3035RES50000mN2750000E4550000",2500.01917848538,2500.01917848538,100
"CRS3035RES50000mN2750000E4600000",2500.0191769681,2500.0191769681,100
"CRS3035RES50000mN2750000E4650000",2500.01917517998,2500.01917517998,100
"CRS3035RES50000mN2750000E4700000",2500.01917312043,2500.01917312043,100
"CRS3035RES50000mN2750000E4750000",2500.01917079046,2500.01917079046,100
"CRS3035RES50000mN2750000E4800000",2500.0191681905,2500.0191681905,100
"CRS3035RES50000mN2750000E4850000",2500.01916532075,2500.01916532075,100
"CRS3035RES50000mN2800000E3250000",2500.01912299054,184.25051923172,7.36996439496503
"CRS3035RES50000mN2800000E3300000",2500.01912848412,1410.9617310214,56.4380374112148
"CRS3035RES50000mN2800000E3350000",2500.01913371494,2375.34927668297,95.0132438847892
"CRS3035RES50000mN2800000E3400000",2500.01913868222,2500.01913868222,100
"CRS3035RES50000mN2800000E3450000",2500.01914338502,2500.01914338502,100
"CRS3035RES50000mN2800000E3500000",2500.01914782221,2500.01914782221,100
"CRS3035RES50000mN2800000E3550000",2500.0191519933,2500.0191519933,100
"CRS3035RES50000mN2800000E3600000",2500.01915589713,2500.01915589713,100
"CRS3035RES50000mN2800000E3650000",2500.01915953353,2500.01915953353,100
"CRS3035RES50000mN2800000E3700000",2500.01916290133,2500.01916290133,100
"CRS3035RES50000mN2800000E3750000",2500.01916600069,2500.01916600069,100
"CRS3035RES50000mN2800000E3800000",2500.01916883006,2500.01916883006,100
"CRS3035RES50000mN2800000E3850000",2500.01917138951,2500.01917138951,100
"CRS3035RES50000mN2800000E3900000",2500.01917367835,2500.01917367835,100
"CRS3035RES50000mN2800000E3950000",2500.01917569651,2500.01917569651,100
"CRS3035RES50000mN2800000E4000000",2500.01917744323,2500.01917744323,100
"CRS3035RES50000mN2800000E4050000",2500.01917891863,2500.01917891863,100
"CRS3035RES50000mN2800000E4100000",2500.01918012204,2500.01918012204,100
"CRS3035RES50000mN2800000E4150000",2500.01918105321,2500.01918105321,100
"CRS3035RES50000mN2800000E4200000",2500.01918171253,2500.01918171253,100
"CRS3035RES50000mN2800000E4250000",2500.01918209917,2500.01918209917,100
"CRS3035RES50000mN2800000E4300000",2500.01918221372,2500.01918221372,100
"CRS3035RES50000mN2800000E4350000",2500.01918205547,2500.01918205547,100
"CRS3035RES50000mN2800000E4400000",2500.01918162536,2500.01918162536,100
"CRS3035RES50000mN2800000E4450000",2500.01918092249,2500.01918092249,100
"CRS3035RES50000mN2800000E4500000",2500.01917994732,2500.01917994732,100
"CRS3035RES50000mN2800000E4550000",2500.01917870081,2500.01917870081,100
"CRS3035RES50000mN2800000E4600000",2500.01917718216,2500.01917718216,100
"CRS3035RES50000mN2800000E4650000",2500.01917539174,2500.01917539174,100
"CRS3035RES50000mN2800000E4700000",2500.01917333037,2500.01917333037,100
"CRS3035RES50000mN2800000E4750000",2500.01917099821,2500.01917099821,100
"CRS3035RES50000mN2800000E4800000",2500.01916839541,2500.01916839541,100
"CRS3035RES50000mN2850000E3200000",2500.01911710937,152.933991056381,6.11731286411963
"CRS3035RES50000mN2850000E3250000",2500.01912286937,2210.09596722005,88.4031624799508
"CRS3035RES50000mN2850000E3300000",2500.01912836771,2500.01912836771,100
"CRS3035RES50000mN2850000E3350000",2500.019133603,2500.019133603,100
"CRS3035RES50000mN2850000E3400000",2500.01913857431,2489.60336925625,99.5833724167408
"CRS3035RES50000mN2850000E3450000",2500.01914328113,2500.01914328113,100
"CRS3035RES50000mN2850000E3500000",2500.01914772199,2500.01914772199,100
"CRS3035RES50000mN2850000E3550000",2500.0191518965,2500.0191518965,100
"CRS3035RES50000mN2850000E3600000",2500.01915580389,2500.01915580389,100
"CRS3035RES50000mN2850000E3650000",2500.01915944308,2500.01915944308,100
"CRS3035RES50000mN2850000E3700000",2500.01916281402,2500.01916281402,100
"CRS3035RES50000mN2850000E3750000",2500.01916591542,2500.01916591542,100
"CRS3035RES50000mN2850000E3800000",2500.01916874723,2500.01916874723,100
"CRS3035RES50000mN2850000E3850000",2500.01917130876,2500.01917130876,100
"CRS3035RES50000mN2850000E3900000",2500.01917359977,2500.01917359977,100
"CRS3035RES50000mN2850000E3950000",2500.01917561931,2500.01917561931,100
"CRS3035RES50000mN2850000E4000000",2500.01917736765,2500.01917736765,100
"CRS3035RES50000mN2850000E4050000",2500.01917884379,2500.01917884379,100
"CRS3035RES50000mN2850000E4100000",2500.01918004822,2500.01918004822,100
"CRS3035RES50000mN2850000E4150000",2500.01918098041,2500.01918098041,100
"CRS3035RES50000mN2850000E4200000",2500.01918163998,2500.01918163998,100
"CRS3035RES50000mN2850000E4250000",2500.0191820272,2500.0191820272,100
"CRS3035RES50000mN2850000E4300000",2500.01918214155,2500.01918214155,100
"CRS3035RES50000mN2850000E4350000",2500.01918198354,2500.01918198354,100
"CRS3035RES50000mN2850000E4400000",2500.01918155262,2500.01918155262,100
"CRS3035RES50000mN2850000E4450000",2500.01918084951,2500.01918084951,100
"CRS3035RES50000mN2850000E4500000",2500.01917987409,2500.01917987409,100
"CRS3035RES50000mN2850000E4550000",2500.01917862589,2500.01917862589,100
"CRS3035RES50000mN2850000E4600000",2500.01917710587,2500.01917710587,100
"CRS3035RES50000mN2850000E4650000",2500.01917531432,2500.01917531432,100
"CRS3035RES50000mN2850000E4700000",2500.0191732513,2500.0191732513,100
"CRS3035RES50000mN2850000E4750000",2500.01917091715,2500.01917091715,100
"CRS3035RES50000mN2850000E4800000",2500.01916831226,2500.01916831226,100
"CRS3035RES50000mN2850000E4850000",2500.01916543736,2500.01916543736,100
"CRS3035RES50000mN2900000E3200000",2500.0191167059,381.970957034238,15.2787214498397
"CRS3035RES50000mN2900000E3250000",2500.01912246971,1880.57705467352,75.2225068108977
"CRS3035RES50000mN2900000E3300000",2500.01912797153,2031.57365545487,81.2623244648233
"CRS3035RES50000mN2900000E3350000",2500.01913321034,1372.78597410456,54.911018714554
"CRS3035RES50000mN2900000E3400000",2500.01913818498,564.30178000816,22.5718984062595
"CRS3035RES50000mN2900000E3450000",2500.01914289434,1219.76333792548,48.7901599230689
"CRS3035RES50000mN2900000E3500000",2500.01914733834,2500.01914733834,100
"CRS3035RES50000mN2900000E3550000",2500.01915151529,2500.01915151529,100
"CRS3035RES50000mN2900000E3600000",2500.01915542518,2500.01915542518,100
"CRS3035RES50000mN2900000E3650000",2500.01915906684,2500.01915906684,100
"CRS3035RES50000mN2900000E3700000",2500.01916243968,2500.01916243968,100
"CRS3035RES50000mN2900000E3750000",2500.01916554298,2500.01916554298,100
"CRS3035RES50000mN2900000E3800000",2500.01916837653,2500.01916837653,100
"CRS3035RES50000mN2900000E3850000",2500.01917093953,2500.01917093953,100
"CRS3035RES50000mN2900000E3900000",2500.01917323192,2500.01917323192,100
"CRS3035RES50000mN2900000E3950000",2500.01917525293,2500.01917525293,100
"CRS3035RES50000mN2900000E4000000",2500.01917700196,2500.01917700196,100
"CRS3035RES50000mN2900000E4050000",2500.01917847943,2500.01917847943,100
"CRS3035RES50000mN2900000E4100000",2500.01917968454,2500.01917968454,100
"CRS3035RES50000mN2900000E4150000",2500.01918061709,2500.01918061709,100
"CRS3035RES50000mN2900000E4200000",2500.01918127728,2500.01918127728,100
"CRS3035RES50000mN2900000E4250000",2500.01918166455,2500.01918166455,100
"CRS3035RES50000mN2900000E4300000",2500.01918177926,2500.01918177926,100
"CRS3035RES50000mN2900000E4350000",2500.01918162108,2500.01918162108,100
"CRS3035RES50000mN2900000E4400000",2500.01918118998,2500.01918118998,100
"CRS3035RES50000mN2900000E4450000",2500.01918048622,2500.01918048622,100
"CRS3035RES50000mN2900000E4500000",2500.01917950999,2500.01917950999,100
"CRS3035RES50000mN2900000E4550000",2500.01917826155,2500.01917826155,100
"CRS3035RES50000mN2900000E4600000",2500.01917674058,2500.01917674058,100
"CRS3035RES50000mN2900000E4650000",2500.0191749478,2500.0191749478,100
"CRS3035RES50000mN2900000E4700000",2500.01917288325,2500.01917288325,100
"CRS3035RES50000mN2900000E4750000",2500.01917054779,2500.01917054779,100
"CRS3035RES50000mN2900000E4800000",2500.01916794148,2500.01916794148,100
"CRS3035RES50000mN2900000E4850000",2500.01916506461,2500.01916506461,100
"CRS3035RES50000mN2900000E4900000",2500.01916191816,2500.01916191816,100
"CRS3035RES50000mN2950000E3450000",2500.01914222565,1283.80250112598,51.3517068506553
"CRS3035RES50000mN2950000E3500000",2500.01914667138,1586.46416432009,63.4580805683975
"CRS3035RES50000mN2950000E3550000",2500.01915085039,745.373491873499,29.8147112841099
"CRS3035RES50000mN2950000E3600000",2500.0191547615,2131.24660680669,85.2492111009449
"CRS3035RES50000mN2950000E3650000",2500.0191584048,2500.0191584048,100
"CRS3035RES50000mN2950000E3700000",2500.01916177885,2500.01916177885,100
"CRS3035RES50000mN2950000E3750000",2500.01916488378,2500.01916488378,100
"CRS3035RES50000mN2950000E3800000",2500.0191677183,2500.0191677183,100
"CRS3035RES50000mN2950000E3850000",2500.01917028263,2500.01917028263,100
"CRS3035RES50000mN2950000E3900000",2500.01917257574,2500.01917257574,100
"CRS3035RES50000mN2950000E3950000",2500.01917459753,2500.01917459753,100
"CRS3035RES50000mN2950000E4000000",2500.01917634766,2500.01917634766,100
"CRS3035RES50000mN2950000E4050000",2500.01917782556,2500.01917782556,100
"CRS3035RES50000mN2950000E4100000",2500.01917903106,2500.01917903106,100
"CRS3035RES50000mN2950000E4150000",2500.01917996407,2500.01917996407,100
"CRS3035RES50000mN2950000E4200000",2500.01918062448,2500.01918062448,100
"CRS3035RES50000mN2950000E4250000",2500.01918101194,2500.01918101194,100
"CRS3035RES50000mN2950000E4300000",2500.01918112644,2500.01918112644,100
"CRS3035RES50000mN2950000E4350000",2500.01918096815,2500.01918096815,100
"CRS3035RES50000mN2950000E4400000",2500.01918053728,2500.01918053728,100
"CRS3035RES50000mN2950000E4450000",2500.01917983328,2500.01917983328,100
"CRS3035RES50000mN2950000E4500000",2500.01917885639,2500.01917885639,100
"CRS3035RES50000mN2950000E4550000",2500.0191776073,2500.0191776073,100
"CRS3035RES50000mN2950000E4600000",2500.01917608583,2500.01917608583,100
"CRS3035RES50000mN2950000E4650000",2500.01917429229,2500.01917429229,100
"CRS3035RES50000mN2950000E4700000",2500.01917222728,2500.01917222728,100
"CRS3035RES50000mN2950000E4750000",2500.01916989043,2500.01916989043,100
"CRS3035RES50000mN2950000E4800000",2500.01916728308,2500.01916728308,100
"CRS3035RES50000mN2950000E4850000",2500.01916440524,2500.01916440524,100
"CRS3035RES50000mN2950000E4900000",2500.01916125709,2500.01916125709,100
"CRS3035RES50000mN2950000E4950000",2500.01915783994,2500.01915783994,100
"CRS3035RES50000mN3000000E3450000",2500.01914127466,628.0974320607,25.1237049225335
"CRS3035RES50000mN3000000E3500000",2500.01914572146,197.255966590056,7.89017823834031
"CRS3035RES50000mN3000000E3600000",2500.01915381358,317.34860264161,12.6938468514339
"CRS3035RES50000mN3000000E3650000",2500.0191574575,958.978122649824,38.3588309629234
"CRS3035RES50000mN3000000E3700000",2500.01916083253,2207.70893012382,88.3076803854827
"CRS3035RES50000mN3000000E3750000",2500.01916393798,2500.01916393798,100
"CRS3035RES50000mN3000000E3800000",2500.0191667734,2500.0191667734,100
"CRS3035RES50000mN3000000E3850000",2500.01916933821,2500.01916933821,100
"CRS3035RES50000mN3000000E3900000",2500.01917163164,2500.01917163164,100
"CRS3035RES50000mN3000000E3950000",2500.0191736539,2500.0191736539,100
"CRS3035RES50000mN3000000E4000000",2500.0191754043,2500.0191754043,100
"CRS3035RES50000mN3000000E4050000",2500.01917688242,2500.01917688242,100
"CRS3035RES50000mN3000000E4100000",2500.01917808842,2500.01917808842,100
"CRS3035RES50000mN3000000E4150000",2500.01917902157,2500.01917902157,100
"CRS3035RES50000mN3000000E4200000",2500.01917968201,2500.01917968201,100
"CRS3035RES50000mN3000000E4250000",2500.01918006968,2500.01918006968,100
"CRS3035RES50000mN3000000E4300000",2500.01918018449,2500.01918018449,100
"CRS3035RES50000mN3000000E4350000",2500.01918002601,2500.01918002601,100
"CRS3035RES50000mN3000000E4400000",2500.01917959477,2500.01917959477,100
"CRS3035RES50000mN3000000E4450000",2500.01917889062,2500.01917889062,100
"CRS3035RES50000mN3000000E4500000",2500.01917791365,2500.01917791365,100
"CRS3035RES50000mN3000000E4550000",2500.01917666413,2500.01917666413,100
"CRS3035RES50000mN3000000E4600000",2500.01917514255,2500.01917514255,100
"CRS3035RES50000mN3000000E4650000",2500.01917334874,2500.01917334874,100
"CRS3035RES50000mN3000000E4700000",2500.01917128305,2500.01917128305,100
"CRS3035RES50000mN3000000E4750000",2500.01916894604,2500.01916894604,100
"CRS3035RES50000mN3000000E4800000",2500.0191663378,2500.0191663378,100
"CRS3035RES50000mN3000000E4850000",2500.01916345925,2500.01916345925,100
"CRS3035RES50000mN3000000E4900000",2500.01916031075,2500.01916031075,100
"CRS3035RES50000mN3050000E3200000",2500.0191138351,14.5509263439326,0.582032603807221
"CRS3035RES50000mN3050000E3700000",2500.01915960069,1296.21357041166,51.848145460561
"CRS3035RES50000mN3050000E3750000",2500.01916270637,2500.01916270637,100
"CRS3035RES50000mN3050000E3800000",2500.01916554168,2500.01916554168,100
"CRS3035RES50000mN3050000E3850000",2500.01916810631,2500.01916810631,100
"CRS3035RES50000mN3050000E3900000",2500.01917040015,2500.01917040015,100
"CRS3035RES50000mN3050000E3950000",2500.01917242233,2500.01917242233,100
"CRS3035RES50000mN3050000E4000000",2500.01917417273,2500.01917417273,100
"CRS3035RES50000mN3050000E4050000",2500.01917565114,2500.01917565114,100
"CRS3035RES50000mN3050000E4100000",2500.01917685683,2500.01917685683,100
"CRS3035RES50000mN3050000E4150000",2500.01917779034,2500.01917779034,100
"CRS3035RES50000mN3050000E4200000",2500.01917845069,2500.01917845069,100
"CRS3035RES50000mN3050000E4250000",2500.0191788384,2500.0191788384,100
"CRS3035RES50000mN3050000E4300000",2500.019178953,2500.019178953,100
"CRS3035RES50000mN3050000E4350000",2500.01917879465,2500.01917879465,100
"CRS3035RES50000mN3050000E4400000",2500.01917836324,2500.01917836324,100
"CRS3035RES50000mN3050000E4450000",2500.01917765919,2500.01917765919,100
"CRS3035RES50000mN3050000E4500000",2500.01917668241,2500.01917668241,100
"CRS3035RES50000mN3050000E4550000",2500.01917543291,2500.01917543291,100
"CRS3035RES50000mN3050000E4600000",2500.01917391101,2500.01917391101,100
"CRS3035RES50000mN3050000E4650000",2500.01917211699,2500.01917211699,100
"CRS3035RES50000mN3050000E4700000",2500.01917005132,2500.01917005132,100
"CRS3035RES50000mN3050000E4750000",2500.01916771422,2500.01916771422,100
"CRS3035RES50000mN3050000E4800000",2500.01916510615,2500.01916510615,100
"CRS3035RES50000mN3050000E4850000",2500.0191622274,2500.0191622274,100
"CRS3035RES50000mN3100000E3150000",2500.01910629762,6.0121950554226,0.240485964298341
"CRS3035RES50000mN3100000E3200000",2500.01911232622,820.099525705183,32.8037302459699
"CRS3035RES50000mN3100000E3250000",2500.01911809329,1302.65219358571,52.1056892788569
"CRS3035RES50000mN3100000E3300000",2500.01912359805,1538.77631119545,61.5505816203847
"CRS3035RES50000mN3100000E3350000",2500.01912883948,877.101797757756,35.0838034653323
"CRS3035RES50000mN3100000E3400000",2500.01913381707,422.796145058395,16.9117163680609
"CRS3035RES50000mN3100000E3450000",2500.01913852891,950.190720527317,38.0073378592789
"CRS3035RES50000mN3100000E3500000",2500.01914297496,1041.27793190889,41.6507983482798
"CRS3035RES50000mN3100000E3550000",2500.01914715435,1001.42037144944,40.0565080707205
"CRS3035RES50000mN3100000E3600000",2500.01915106607,1349.43355182809,53.9769285868334
"CRS3035RES50000mN3100000E3650000",2500.01915470945,945.50866861085,37.8200569715529
"CRS3035RES50000mN3100000E3700000",2500.01915808416,544.399787241813,21.7758246164403
"CRS3035RES50000mN3100000E3750000",2500.01916118888,1588.19791466047,63.5274296819872
"CRS3035RES50000mN3100000E3800000",2500.01916402388,2311.85799037386,92.4736107483604
"CRS3035RES50000mN3100000E3850000",2500.01916658831,2500.01916658831,100
"CRS3035RES50000mN3100000E3900000",2500.01916888163,2493.08577055108,99.7226661932499
"CRS3035RES50000mN3100000E3950000",2500.01917090356,2500.01917090356,100
"CRS3035RES50000mN3100000E4000000",2500.01917265347,2500.01917265347,100
"CRS3035RES50000mN3100000E4050000",2500.01917413144,2500.01917413144,100
"CRS3035RES50000mN3100000E4100000",2500.01917533729,2500.01917533729,100
"CRS3035RES50000mN3100000E4150000",2500.01917627014,2500.01917627014,100
"CRS3035RES50000mN3100000E4200000",2500.01917693064,2500.01917693064,100
"CRS3035RES50000mN3100000E4250000",2500.01917731811,2500.01917731811,100
"CRS3035RES50000mN3100000E4300000",2500.01917743281,2500.01917743281,100
"CRS3035RES50000mN3100000E4350000",2500.01917727453,2500.01917727453,100
"CRS3035RES50000mN3100000E4400000",2500.01917684332,2500.01917684332,100
"CRS3035RES50000mN3100000E4450000",2500.01917613917,2500.01917613917,100
"CRS3035RES50000mN3100000E4500000",2500.01917516261,2500.01917516261,100
"CRS3035RES50000mN3100000E4550000",2500.01917391328,2500.01917391328,100
"CRS3035RES50000mN3100000E4600000",2500.01917239179,2500.01917239179,100
"CRS3035RES50000mN3100000E4650000",2500.01917059811,2500.01917059811,100
"CRS3035RES50000mN3150000E3250000",2500.01911630713,472.434420720156,18.8972323306874
"CRS3035RES50000mN3150000E3300000",2500.01912180991,2351.11484898843,94.0438746438997
"CRS3035RES50000mN3150000E3350000",2500.01912704964,2501.36917801269,100.054001625365
"CRS3035RES50000mN3150000E3400000",2500.01913202484,2500.01913202484,100
"CRS3035RES50000mN3150000E3450000",2500.01913673544,2500.01913673544,100
"CRS3035RES50000mN3150000E3500000",2500.01914117999,2499.3260874243,99.9722780620245
"CRS3035RES50000mN3150000E3550000",2500.01914535763,2500.01914535763,100
"CRS3035RES50000mN3150000E3600000",2500.01914926785,2500.01914926785,100
"CRS3035RES50000mN3150000E3650000",2500.01915290986,1988.77243540518,79.5502879684094
"CRS3035RES50000mN3150000E3700000",2500.01915628308,634.614550161531,25.3843874982561
"CRS3035RES50000mN3150000E3800000",2500.01916222072,124.963506322789,4.99850193995259
"CRS3035RES50000mN3150000E3850000",2500.01916478399,1165.59272052747,46.6233514105154
"CRS3035RES50000mN3150000E3900000",2500.01916707662,2062.16635115741,82.4860216399378
"CRS3035RES50000mN3150000E3950000",2500.01916909761,2500.01916909761,100
"CRS3035RES50000mN3150000E4000000",2500.01917084719,2500.01917084719,100
"CRS3035RES50000mN3150000E4050000",2500.0191723246,2500.0191723246,100
"CRS3035RES50000mN3150000E4100000",2500.0191735299,2500.0191735299,100
"CRS3035RES50000mN3150000E4150000",2500.01917446275,2500.01917446275,100
"CRS3035RES50000mN3150000E4200000",2500.01917512256,2500.01917512256,100
"CRS3035RES50000mN3150000E4250000",2500.01917551027,2500.01917551027,100
"CRS3035RES50000mN3150000E4300000",2500.01917562483,2500.01917562483,100
"CRS3035RES50000mN3150000E4350000",2500.01917546645,2500.01917546645,100
"CRS3035RES50000mN3150000E4400000",2500.01917503552,2500.01917503552,100
"CRS3035RES50000mN3150000E4450000",2500.01917433169,2500.01917433169,100
"CRS3035RES50000mN3150000E4500000",2500.01917335528,2500.01917335528,100
"CRS3035RES50000mN3150000E4550000",2500.01917210655,2500.01917210655,100
"CRS3035RES50000mN3150000E4600000",2500.01917058534,2500.01917058534,100
"CRS3035RES50000mN3150000E4650000",2500.01916879275,2500.01916879275,100
"CRS3035RES50000mN3200000E3300000",2500.01911974504,318.458028888227,12.7382237348931
"CRS3035RES50000mN3200000E3350000",2500.01912498157,1069.92716192877,42.7967590822595
"CRS3035RES50000mN3200000E3400000",2500.01912995419,1630.85775407525,65.2338109950837
"CRS3035RES50000mN3200000E3450000",2500.01913466183,2456.25976641062,98.2496386669803
"CRS3035RES50000mN3200000E3500000",2500.01913910374,2500.01913910374,100
"CRS3035RES50000mN3200000E3550000",2500.01914327914,2500.01914327914,100
"CRS3035RES50000mN3200000E3600000",2500.01914718719,2500.01914718719,100
"CRS3035RES50000mN3200000E3650000",2500.01915082711,2329.63701783724,93.1847668873457
"CRS3035RES50000mN3200000E3700000",2500.01915419852,602.674785564426,24.1068067239524
"CRS3035RES50000mN3200000E3850000",2500.01916269479,5.52433648830438,0.220971765766373
"CRS3035RES50000mN3200000E3900000",2500.01916498603,1551.93974114256,62.0771137628953
"CRS3035RES50000mN3200000E3950000",2500.01916700592,2500.01916700592,100
"CRS3035RES50000mN3200000E4000000",2500.01916875434,2500.01916875434,100
"CRS3035RES50000mN3200000E4050000",2500.01917023103,2500.01917023103,100
"CRS3035RES50000mN3200000E4100000",2500.01917143551,2500.01917143551,100
"CRS3035RES50000mN3200000E4150000",2500.01917236761,2500.01917236761,100
"CRS3035RES50000mN3200000E4200000",2500.01917302765,2500.01917302765,100
"CRS3035RES50000mN3200000E4250000",2500.01917341434,2500.01917341434,100
"CRS3035RES50000mN3200000E4300000",2500.019173529,2500.019173529,100
"CRS3035RES50000mN3200000E4350000",2500.01917337091,2500.01917337091,100
"CRS3035RES50000mN3200000E4400000",2500.01917294006,2500.01917294006,100
"CRS3035RES50000mN3200000E4450000",2500.0191722369,2500.0191722369,100
"CRS3035RES50000mN3200000E4500000",2500.01917126096,2500.01917126096,100
"CRS3035RES50000mN3200000E4550000",2500.0191700131,2500.0191700131,100
"CRS3035RES50000mN3200000E4600000",2500.01916849303,2500.01916849303,100
"CRS3035RES50000mN3250000E3250000",2500.01911190836,367.737442185106,14.7093852376352
"CRS3035RES50000mN3250000E3300000",2500.01911740392,1271.69961449844,50.867595597389
"CRS3035RES50000mN3250000E3350000",2500.01912263667,2331.98386267678,93.2786410136466
"CRS3035RES50000mN3250000E3400000",2500.01912760555,2500.01912760555,100
"CRS3035RES50000mN3250000E3450000",2500.01913230939,2474.53655006203,98.980704510696
"CRS3035RES50000mN3250000E3500000",2500.01913674769,2500.01913674769,100
"CRS3035RES50000mN3250000E3550000",2500.01914092001,2500.01914092001,100
"CRS3035RES50000mN3250000E3600000",2500.0191448251,2500.0191448251,100
"CRS3035RES50000mN3250000E3650000",2500.01914846221,2500.01914846221,100
"CRS3035RES50000mN3250000E3700000",2500.01915183113,2454.49716018997,98.1791342835186
"CRS3035RES50000mN3250000E3750000",2500.01915493074,240.604120383062,9.62409107580326
"CRS3035RES50000mN3250000E3900000",2500.01916261,87.4974417341538,3.49987084270214
"CRS3035RES50000mN3250000E3950000",2500.01916462868,2341.402142615,93.6553677564612
"CRS3035RES50000mN3250000E4000000",2500.01916637563,2500.01916637563,100
"CRS3035RES50000mN3250000E4050000",2500.01916785104,2500.01916785104,100
"CRS3035RES50000mN3250000E4100000",2500.01916905463,2500.01916905463,100
"CRS3035RES50000mN3250000E4150000",2500.01916998627,2500.01916998627,100
"CRS3035RES50000mN3250000E4200000",2500.01917064545,2500.01917064545,100
"CRS3035RES50000mN3250000E4250000",2500.01917103247,2500.01917103247,100
"CRS3035RES50000mN3250000E4300000",2500.01917114672,2500.01917114672,100
"CRS3035RES50000mN3250000E4350000",2500.01917098889,2500.01917098889,100
"CRS3035RES50000mN3250000E4400000",2500.01917055843,2500.01917055843,100
"CRS3035RES50000mN3250000E4450000",2500.01916985545,2500.01916985545,100
"CRS3035RES50000mN3250000E4500000",2500.01916888061,2500.01916888061,100
"CRS3035RES50000mN3250000E4550000",2500.01916763335,2500.01916763335,100
"CRS3035RES50000mN3250000E4600000",2500.01916611428,2500.01916611428,100
"CRS3035RES50000mN3300000E2950000",2500.019070903,419.273146319307,16.7707979190682
"CRS3035RES50000mN3300000E3000000",2500.01907794536,933.89134841011,37.35536887093
"CRS3035RES50000mN3300000E3050000",2500.01908473247,415.413777966766,16.6164242706659
"CRS3035RES50000mN3300000E3100000",2500.01909126213,9.71767035601997,0.388703845901994
"CRS3035RES50000mN3300000E3250000",2500.01910929753,279.419428696377,11.1766917163641
"CRS3035RES50000mN3300000E3300000",2500.01911478764,1146.2275443329,45.8487512176589
"CRS3035RES50000mN3300000E3350000",2500.019120015,2247.88521795874,89.9147210500237
"CRS3035RES50000mN3300000E3400000",2500.01912497887,2500.01912497887,100
"CRS3035RES50000mN3300000E3450000",2500.01912967851,2500.01912967851,100
"CRS3035RES50000mN3300000E3500000",2500.01913411292,2500.01913411292,100
"CRS3035RES50000mN3300000E3550000",2500.01913828083,2500.01913828083,100
"CRS3035RES50000mN3300000E3600000",2500.01914218211,2500.01914218211,100
"CRS3035RES50000mN3300000E3650000",2500.01914581586,2381.64176523681,95.2649410394648
"CRS3035RES50000mN3300000E3700000",2500.01914918124,2401.97646475978,96.0783226619058
"CRS3035RES50000mN3300000E3750000",2500.01915227786,385.508501190687,15.4202219146776
"CRS3035RES50000mN3300000E3950000",2500.01916196624,1163.74370141633,46.5493912655077
"CRS3035RES50000mN3300000E4000000",2500.01916371185,2355.7197344567,94.2280670744581
"CRS3035RES50000mN3300000E4050000",2500.01916518609,2500.01916518609,100
"CRS3035RES50000mN3300000E4100000",2500.01916638832,2500.01916638832,100
"CRS3035RES50000mN3300000E4150000",2500.01916731917,2500.01916731917,100
"CRS3035RES50000mN3300000E4200000",2500.01916797758,2500.01916797758,100
"CRS3035RES50000mN3300000E4250000",2500.01916836414,2500.01916836414,100
"CRS3035RES50000mN3300000E4300000",2500.01916847842,2500.01916847842,100
"CRS3035RES50000mN3300000E4350000",2500.01916832053,2500.01916832053,100
"CRS3035RES50000mN3300000E4400000",2500.0191678904,2500.0191678904,100
"CRS3035RES50000mN3300000E4450000",2500.01916718827,2500.01916718827,100
"CRS3035RES50000mN3300000E4500000",2500.01916621428,2500.01916621428,100
"CRS3035RES50000mN3300000E4550000",2500.01916496819,2500.01916496819,100
"CRS3035RES50000mN3300000E4600000",2500.01916345097,2500.01916345097,100
"CRS3035RES50000mN3350000E2900000",2500.01906077606,161.161550163934,6.44641285710462
"CRS3035RES50000mN3350000E2950000",2500.01906806432,2002.6289502448,80.1045470343302
"CRS3035RES50000mN3350000E3000000",2500.01907509834,2500.01907509834,100
"CRS3035RES50000mN3350000E3050000",2500.01908187686,2437.55481334155,97.5014483294096
"CRS3035RES50000mN3350000E3100000",2500.01908839926,2070.79643253462,82.8312248551883
"CRS3035RES50000mN3350000E3150000",2500.01909466331,1809.92899220633,72.3966067327208
"CRS3035RES50000mN3350000E3200000",2500.01910066843,870.552476436836,34.8218330093589
"CRS3035RES50000mN3350000E3300000",2500.01911189674,29.1614409400271,1.16644872038208
"CRS3035RES50000mN3350000E3350000",2500.01911711815,1276.93639208629,51.0770651049362
"CRS3035RES50000mN3350000E3400000",2500.0191220762,2500.0191220762,100
"CRS3035RES50000mN3350000E3450000",2500.01912677023,2500.01912677023,100
"CRS3035RES50000mN3350000E3500000",2500.01913119916,2500.01913119916,100
"CRS3035RES50000mN3350000E3550000",2500.01913536234,2500.01913536234,100
"CRS3035RES50000mN3350000E3600000",2500.0191392589,2500.0191392589,100
"CRS3035RES50000mN3350000E3650000",2500.01914288848,1121.11415133283,44.8442226741316
"CRS3035RES50000mN3350000E3700000",2500.01914625008,146.650422616502,5.86597198011348
"CRS3035RES50000mN3350000E3950000",2500.01915902045,52.8828311399194,2.11529703478912
"CRS3035RES50000mN3350000E4000000",2500.01916076399,647.24758149626,25.8897048332408
"CRS3035RES50000mN3350000E4050000",2500.01916223609,1261.57267217076,50.4625200969407
"CRS3035RES50000mN3350000E4100000",2500.01916343739,1562.66700211535,62.5062009511466
"CRS3035RES50000mN3350000E4150000",2500.0191643667,2349.25223922292,93.9693692235369
"CRS3035RES50000mN3350000E4200000",2500.01916502466,2064.78788905384,82.5908824196343
"CRS3035RES50000mN3350000E4250000",2500.01916541068,2456.87244359891,98.274144358222
"CRS3035RES50000mN3350000E4300000",2500.01916552485,2478.22803500205,99.1283614612519
"CRS3035RES50000mN3350000E4350000",2500.01916536718,2500.01916536718,100
"CRS3035RES50000mN3350000E4400000",2500.01916493779,2500.01916493779,100
"CRS3035RES50000mN3350000E4450000",2500.01916423646,2500.01916423646,100
"CRS3035RES50000mN3350000E4500000",2500.01916326331,2500.01916326331,100
"CRS3035RES50000mN3350000E4550000",2500.019162019,2500.019162019,100
"CRS3035RES50000mN3350000E4600000",2500.01916050302,2495.25899298975,99.8095947587729
"CRS3035RES50000mN3400000E2900000",2500.01905768283,78.4371497940907,3.13746207466078
"CRS3035RES50000mN3400000E2950000",2500.01906496063,1218.56217703827,48.7421153749263
"CRS3035RES50000mN3400000E3000000",2500.01907198505,2410.46653691378,96.4179259240548
"CRS3035RES50000mN3400000E3050000",2500.01907875443,2468.01389964189,98.7198026053273
"CRS3035RES50000mN3400000E3100000",2500.01908526697,2500.01908526697,100
"CRS3035RES50000mN3400000E3150000",2500.01909152254,2500.01909152254,100
"CRS3035RES50000mN3400000E3200000",2500.01909751915,2229.62398438521,89.1842780960248
"CRS3035RES50000mN3400000E3250000",2500.01910325612,100.136142722071,4.00541510229463
"CRS3035RES50000mN3400000E3300000",2500.01910873213,120.856280032751,4.83421425102796
"CRS3035RES50000mN3400000E3350000",2500.0191139462,1768.47275138107,70.7383692194893
"CRS3035RES50000mN3400000E3400000",2500.01911889778,1992.29915011741,79.6913565603365
"CRS3035RES50000mN3400000E3450000",2500.01912358516,2362.71206727066,94.5077597599498
"CRS3035RES50000mN3400000E3500000",2500.01912800793,2500.01912800793,100
"CRS3035RES50000mN3400000E3550000",2500.01913216567,2500.01913216567,100
"CRS3035RES50000mN3400000E3600000",2500.01913605703,2433.923113661,97.35617934108
"CRS3035RES50000mN3400000E3650000",2500.01913968131,813.741995531163,32.5494306269549
"CRS3035RES50000mN3400000E4100000",2500.01916020214,49.0564959359147,1.96224479863379
"CRS3035RES50000mN3400000E4150000",2500.01916113032,127.838078485985,5.11348394738647
"CRS3035RES50000mN3400000E4200000",2500.01916178743,500.51852471167,20.0205875363698
"CRS3035RES50000mN3400000E4250000",2500.01916217279,2256.31641730937,90.2519649228763
"CRS3035RES50000mN3400000E4300000",2500.01916228699,2500.01916228699,100
"CRS3035RES50000mN3400000E4350000",2500.01916212937,2072.96466925013,82.9179512162018
"CRS3035RES50000mN3400000E4400000",2500.0191617005,2011.03610946571,80.4408278254079
"CRS3035RES50000mN3400000E4450000",2500.01916100009,2496.36142125915,99.853691531729
"CRS3035RES50000mN3400000E4500000",2500.01916002828,2495.62939480998,99.8244107369858
"CRS3035RES50000mN3400000E4550000",2500.01915878531,1881.15820969268,75.2457517408257
"CRS3035RES50000mN3400000E4600000",2500.01915727197,1644.30446346491,65.7716745362537
"CRS3035RES50000mN3450000E2950000",2500.01906159372,31.8941659603958,1.27575691123186
"CRS3035RES50000mN3450000E3000000",2500.01906860643,1269.03161687986,50.7608774995166
"CRS3035RES50000mN3450000E3050000",2500.01907536455,2416.16415247295,96.6458286771525
"CRS3035RES50000mN3450000E3100000",2500.01908186725,2500.01908186725,100
"CRS3035RES50000mN3450000E3150000",2500.01908811247,2500.01908811247,100
"CRS3035RES50000mN3450000E3200000",2500.01909409981,2500.01909409981,100
"CRS3035RES50000mN3450000E3250000",2500.01909982738,364.016956041586,14.560566999937
"CRS3035RES50000mN3450000E3300000",2500.01910529492,2.01504655791478,0.0806012463523583
"CRS3035RES50000mN3450000E3350000",2500.01911050073,287.036762006804,11.4813827142831
"CRS3035RES50000mN3450000E3450000",2500.01912012405,1765.19651959147,70.6073207753657
"CRS3035RES50000mN3450000E3500000",2500.01912454008,2500.01912454008,100
"CRS3035RES50000mN3450000E3550000",2500.01912869097,2500.01912869097,100
"CRS3035RES50000mN3450000E3600000",2500.01913257604,2457.08578677987,98.2826793108607
"CRS3035RES50000mN3450000E3650000",2500.01913619504,399.117924262647,15.9645947698662
"CRS3035RES50000mN3450000E4150000",2500.01915761068,1.9486064957515,0.0779436625443233
"CRS3035RES50000mN3450000E4200000",2500.01915826653,381.262295578061,15.2503749548232
"CRS3035RES50000mN3450000E4250000",2500.01915865162,2429.65952432198,97.1856361945803
"CRS3035RES50000mN3450000E4300000",2500.01915876541,1965.85675935245,78.6336677645003
"CRS3035RES50000mN3450000E4350000",2500.01915860816,1077.82427523751,43.1126406182252
"CRS3035RES50000mN3450000E4400000",2500.01915817977,70.3437157370949,2.81372706712821
"CRS3035RES50000mN3450000E4450000",2500.01915748059,970.568353635446,38.8224366493872
"CRS3035RES50000mN3450000E4500000",2500.01915651042,1621.49555808012,64.8593253318684
"CRS3035RES50000mN3450000E4550000",2500.01915526962,308.141897367325,12.3255814547586
"CRS3035RES50000mN3500000E3000000",2500.01906496347,813.180029111675,32.5269531143978
"CRS3035RES50000mN3500000E3050000",2500.01907170932,2214.98265589531,88.5986303448828
"CRS3035RES50000mN3500000E3100000",2500.0190782002,2500.0190782002,100
"CRS3035RES50000mN3500000E3150000",2500.01908443427,2500.01908443427,100
"CRS3035RES50000mN3500000E3200000",2500.01909041034,2500.01909041034,100
"CRS3035RES50000mN3500000E3250000",2500.01909612781,491.782593169091,19.6711534696193
"CRS3035RES50000mN3500000E3350000",2500.01910678175,224.89134397149,8.9955850081878
"CRS3035RES50000mN3500000E3450000",2500.01911638818,1456.14381104827,58.2453070659709
"CRS3035RES50000mN3500000E3500000",2500.01912079623,2500.01912079623,100
"CRS3035RES50000mN3500000E3550000",2500.01912493982,2500.01912493982,100
"CRS3035RES50000mN3500000E3600000",2500.01912881808,2048.88813790312,81.9548984359876
"CRS3035RES50000mN3500000E3650000",2500.0191324306,18.6597178506389,0.746383001977162
"CRS3035RES50000mN3500000E4200000",2500.01915446316,818.77418497602,32.750716470084
"CRS3035RES50000mN3500000E4250000",2500.01915484749,2382.46579598423,95.2979016726602
"CRS3035RES50000mN3500000E4300000",2500.01915496106,855.519682184777,34.2205250902609
"CRS3035RES50000mN3500000E4350000",2500.01915480434,552.352468484851,22.0939294574357
"CRS3035RES50000mN3500000E4400000",2500.01915437663,1386.71129329837,55.4680267497448
"CRS3035RES50000mN3500000E4450000",2500.01915367837,386.558634604846,15.4622269207853
"CRS3035RES50000mN3500000E4500000",2500.01915271016,129.689330410856,5.1875334743042
"CRS3035RES50000mN3500000E4550000",2500.01915147132,29.9561855368593,1.19823824226424
"CRS3035RES50000mN3550000E2950000",2500.01905407162,0.447525851512909,0.0179008976265221
"CRS3035RES50000mN3550000E3000000",2500.0190610574,1303.64092166602,52.1452392892809
"CRS3035RES50000mN3550000E3050000",2500.0190677897,2492.77109383925,99.7100832532104
"CRS3035RES50000mN3550000E3100000",2500.01907426698,2500.01907426698,100
"CRS3035RES50000mN3550000E3150000",2500.01908048828,2500.01908048828,100
"CRS3035RES50000mN3550000E3200000",2500.01908645262,2500.01908645262,100
"CRS3035RES50000mN3550000E3250000",2500.01909215861,2205.78999881125,88.2309261449155
"CRS3035RES50000mN3550000E3300000",2500.01909760515,603.993396046489,24.1595512860311
"CRS3035RES50000mN3550000E3350000",2500.01910279117,349.925919278369,13.9969298189638
"CRS3035RES50000mN3550000E3400000",2500.01910771587,66.2567346772947,2.65024913100884
"CRS3035RES50000mN3550000E3450000",2500.01911237828,2385.92125199818,95.4361204754329
"CRS3035RES50000mN3550000E3500000",2500.01911677762,2500.01911677762,100
"CRS3035RES50000mN3550000E3550000",2500.01912091306,2399.67540326899,95.9862819926186
"CRS3035RES50000mN3550000E3600000",2500.01912478383,125.536527440207,5.02142268415894
"CRS3035RES50000mN3550000E4200000",2500.01915037848,936.947905346548,37.477629129549
"CRS3035RES50000mN3550000E4250000",2500.01915076189,2289.02583593206,91.5603320572349
"CRS3035RES50000mN3550000E4300000",2500.01915087551,1691.65073294301,67.6655109762094
"CRS3035RES50000mN3550000E4350000",2500.01915071856,1088.06244722917,43.5221644968775
"CRS3035RES50000mN3550000E4400000",2500.01915029203,1925.46786989105,77.0181248278093
"CRS3035RES50000mN3550000E4450000",2500.01914959544,735.200523001199,29.4077956610921
"CRS3035RES50000mN3550000E4500000",2500.01914862854,443.844281399678,17.7536352728803
"CRS3035RES50000mN3550000E4550000",2500.01914739265,129.904580278593,5.19614341410443
"CRS3035RES50000mN3550000E4600000",2500.01914588684,598.04492492404,23.9216137967573
"CRS3035RES50000mN3600000E3000000",2500.01905688892,793.182889264784,31.7270737228635
"CRS3035RES50000mN3600000E3050000",2500.01906360591,1680.09009673305,67.2030914160216
"CRS3035RES50000mN3600000E3100000",2500.01907006873,1317.50172373893,52.6996669550488
"CRS3035RES50000mN3600000E3150000",2500.01907627629,2394.87623960667,95.794318624711
"CRS3035RES50000mN3600000E3200000",2500.01908222723,2500.01908222723,100
"CRS3035RES50000mN3600000E3250000",2500.01908792059,2500.01908792059,100
"CRS3035RES50000mN3600000E3300000",2500.01909335507,894.186899544364,35.7672028154132
"CRS3035RES50000mN3600000E3350000",2500.01909852978,1400.57351646682,56.0225126796221
"CRS3035RES50000mN3600000E3400000",2500.01910344357,1930.53044549069,77.2206277476656
"CRS3035RES50000mN3600000E3450000",2500.01910809563,2083.6700668856,83.3461656408227
"CRS3035RES50000mN3600000E3500000",2500.01911248537,2500.01911248537,100
"CRS3035RES50000mN3600000E3550000",2500.0191166115,2051.60334868167,82.0635064367984
"CRS3035RES50000mN3600000E4200000",2500.01914601281,2046.93843675864,81.8769104237951
"CRS3035RES50000mN3600000E4250000",2500.01914639554,2474.75015977407,98.9892482760423
"CRS3035RES50000mN3600000E4300000",2500.01914650851,1137.83286367879,45.5129659813953
"CRS3035RES50000mN3600000E4350000",2500.01914635245,465.602227452807,18.6239464658551
"CRS3035RES50000mN3600000E4400000",2500.0191459266,1858.94783883561,74.3573440973238
"CRS3035RES50000mN3600000E4450000",2500.01914523146,1415.57107157356,56.62240924329
"CRS3035RES50000mN3600000E4500000",2500.01914426714,2164.48806058394,86.5788594278323
"CRS3035RES50000mN3600000E4550000",2500.01914303345,1974.79373973333,78.9911447372829
"CRS3035RES50000mN3650000E3100000",2500.01906560704,416.505696535238,16.6601008074354
"CRS3035RES50000mN3650000E3150000",2500.01907179916,2332.70900243265,93.3076482794146
"CRS3035RES50000mN3650000E3200000",2500.01907773564,2182.93264029164,87.3166392901611
"CRS3035RES50000mN3650000E3250000",2500.01908341484,1936.36433857524,77.4539823084195
"CRS3035RES50000mN3650000E3300000",2500.01908883595,480.248145412364,19.2097791395655
"CRS3035RES50000mN3650000E3350000",2500.01909399817,768.474738182058,30.7387547569915
"CRS3035RES50000mN3650000E3400000",2500.0190989001,2463.80770242801,98.5515552065972
"CRS3035RES50000mN3650000E3450000",2500.01910354129,2500.01910354129,100
"CRS3035RES50000mN3650000E3500000",2500.01910792027,2500.01910792027,100
"CRS3035RES50000mN3650000E3550000",2500.01911203659,1622.8302537599,64.9127139047307
"CRS3035RES50000mN3650000E4200000",2500.01914136806,2095.99513486235,83.8391634759796
"CRS3035RES50000mN3650000E4250000",2500.01914174974,2500.01914174974,100
"CRS3035RES50000mN3650000E4300000",2500.01914186278,2085.31026434387,83.4117719110782
"CRS3035RES50000mN3650000E4350000",2500.01914170674,588.614736250815,23.5444091779623
"CRS3035RES50000mN3650000E4400000",2500.01914128177,140.09905618585,5.60391934095435
"CRS3035RES50000mN3650000E4450000",2500.01914058827,1196.56898946321,47.8623931327841
"CRS3035RES50000mN3650000E4500000",2500.0191396261,2500.0191396261,100
"CRS3035RES50000mN3650000E4550000",2500.01913839557,2398.30137144771,95.9313204692849
"CRS3035RES50000mN3650000E4600000",2500.01913689672,1030.2209307073,41.2085217870019
"CRS3035RES50000mN3650000E4650000",2500.0191351295,575.764735840031,23.0304131576259
"CRS3035RES50000mN3650000E4700000",2500.01913309501,9.39152730092233,0.37565821703515
"CRS3035RES50000mN3700000E3150000",2500.01906705785,220.322575255992,8.81283579629971
"CRS3035RES50000mN3700000E3200000",2500.01907297832,422.209709605049,16.8882595404387
"CRS3035RES50000mN3700000E3250000",2500.0190786427,52.6638530965751,2.10653804790831
"CRS3035RES50000mN3700000E3300000",2500.01908404958,757.186124818836,30.2872137916776
"CRS3035RES50000mN3700000E3350000",2500.01908919807,1257.23345047193,50.2889540285556
"CRS3035RES50000mN3700000E3400000",2500.01909408719,2409.82084136804,96.3920974470763
"CRS3035RES50000mN3700000E3450000",2500.01909871577,2356.04626495731,94.2411306444649
"CRS3035RES50000mN3700000E3500000",2500.01910308345,1522.0346900481,60.8809223965876
"CRS3035RES50000mN3700000E3550000",2500.01910718942,228.430675907589,9.13715720214618
"CRS3035RES50000mN3700000E4200000",2500.01913644469,1507.36783189358,60.2942517486978
"CRS3035RES50000mN3700000E4250000",2500.01913682537,2180.01219641217,87.1998203653931
"CRS3035RES50000mN3700000E4300000",2500.01913693807,2111.10974871858,84.443743550867
"CRS3035RES50000mN3700000E4350000",2500.01913678266,382.603819158433,15.3040356183359
"CRS3035RES50000mN3700000E4400000",2500.01913635889,24.7842163076697,0.991361063890346
"CRS3035RES50000mN3700000E4450000",2500.01913566712,487.413878931186,19.4964059265539
"CRS3035RES50000mN3700000E4500000",2500.01913470736,2484.31121233559,99.3716879141566
"CRS3035RES50000mN3700000E4550000",2500.01913347967,2500.01913347967,100
"CRS3035RES50000mN3700000E4600000",2500.01913198464,2500.01913198464,100
"CRS3035RES50000mN3700000E4650000",2500.0191302225,2414.91700516818,96.5959410459895
"CRS3035RES50000mN3700000E4700000",2500.01912819326,693.662065330081,27.7462703187949
"CRS3035RES50000mN3750000E3250000",2500.01907360486,4.42790169234932,0.177114716407526
"CRS3035RES50000mN3750000E3300000",2500.01907899644,526.495247729146,21.059649190377
"CRS3035RES50000mN3750000E3350000",2500.01908413025,1910.80427448902,76.431587527412
"CRS3035RES50000mN3750000E3400000",2500.01908900542,2440.12129522195,97.6041065427506
"CRS3035RES50000mN3750000E3450000",2500.01909362123,2501.32996683509,100.052434528088
"CRS3035RES50000mN3750000E3500000",2500.01909797646,2042.73784635077,81.7088896642503
"CRS3035RES50000mN3750000E3550000",2500.01910207054,123.670574667498,4.94678518916405
"CRS3035RES50000mN3750000E4200000",2500.01913124375,657.652263417231,26.3058892309377
"CRS3035RES50000mN3750000E4250000",2500.01913162375,1288.68660321414,51.5470696569086
"CRS3035RES50000mN3750000E4300000",2500.01913173618,2108.86377714828,84.3539055512642
"CRS3035RES50000mN3750000E4350000",2500.01913158074,131.242934578477,5.24967720928972
"CRS3035RES50000mN3750000E4400000",2500.01913115835,7.35072787892318,0.294026865127121
"CRS3035RES50000mN3750000E4450000",2500.01913046851,1993.87025300877,79.7541998262676
"CRS3035RES50000mN3750000E4500000",2500.01912951151,2500.01912951151,100
"CRS3035RES50000mN3750000E4550000",2500.01912828741,2500.01912828741,100
"CRS3035RES50000mN3750000E4600000",2500.01912679673,2500.01912679673,100
"CRS3035RES50000mN3750000E4650000",2500.01912503917,2500.01912503917,100
"CRS3035RES50000mN3750000E4700000",2500.01912301539,1171.73275190136,46.8689515657814
"CRS3035RES50000mN3750000E4800000",2500.01911817101,110.784908170003,4.43136243898216
"CRS3035RES50000mN3800000E3250000",2500.01906830362,76.2159701964707,3.04861555508802
"CRS3035RES50000mN3800000E3300000",2500.01907367824,872.290322160445,34.8913466838898
"CRS3035RES50000mN3800000E3350000",2500.01907879646,1904.1130032589,76.163938883841
"CRS3035RES50000mN3800000E3400000",2500.01908365675,2486.30648424565,99.4515002105087
"CRS3035RES50000mN3800000E3450000",2500.01908825819,2500.01908825819,100
"CRS3035RES50000mN3800000E3500000",2500.01909260028,2500.01909260028,100
"CRS3035RES50000mN3800000E3550000",2500.01909668181,1605.57628443308,64.2225608021999
"CRS3035RES50000mN3800000E4250000",2500.01912614617,1.36241547383812,0.0544962020325946
"CRS3035RES50000mN3800000E4300000",2500.019126258,1435.7279750324,57.4286796429986
"CRS3035RES50000mN3800000E4350000",2500.01912610339,130.774100412671,5.23092399762955
"CRS3035RES50000mN3800000E4400000",2500.01912568218,638.42590863563,25.5368409816234
"CRS3035RES50000mN3800000E4450000",2500.01912499428,2498.71902297426,99.9479963170273
"CRS3035RES50000mN3800000E4500000",2500.0191240402,2500.0191240402,100
"CRS3035RES50000mN3800000E4550000",2500.01912281982,2500.01912281982,100
"CRS3035RES50000mN3800000E4600000",2500.0191213332,2500.0191213332,100
"CRS3035RES50000mN3800000E4650000",2500.01911958115,2500.01911958115,100
"CRS3035RES50000mN3800000E4700000",2500.01911756343,955.944752584837,38.2374977002784
"CRS3035RES50000mN3800000E4800000",2500.01911273385,1337.66394659497,53.5061488042862
"CRS3035RES50000mN3800000E4850000",2500.01910992223,38.2872838751054,1.53147964842143
"CRS3035RES50000mN3850000E3250000",2500.01906273915,67.0868995700481,2.68345552119688
"CRS3035RES50000mN3850000E3300000",2500.0190680963,136.536440213596,5.4614159530217
"CRS3035RES50000mN3850000E3350000",2500.0190731973,1653.08541317119,66.1229120567088
"CRS3035RES50000mN3850000E3400000",2500.01907804155,2500.01907804155,100
"CRS3035RES50000mN3850000E3450000",2500.01908262807,2500.01908262807,100
"CRS3035RES50000mN3850000E3500000",2500.01908695595,2500.01908695595,100
"CRS3035RES50000mN3850000E3550000",2500.01909102422,2480.12485720733,99.2042367240987
"CRS3035RES50000mN3850000E3600000",2500.01909483243,538.157930730178,21.5261528138948
"CRS3035RES50000mN3850000E4100000",2500.01911846407,297.080313706714,11.8831216734547
"CRS3035RES50000mN3850000E4150000",2500.01911937288,731.94977737602,29.2777671860216
"CRS3035RES50000mN3850000E4200000",2500.01912001594,104.395975866512,4.17580709806115
"CRS3035RES50000mN3850000E4350000",2500.01912035106,0.0681002288475037,0.00272398832045495
"CRS3035RES50000mN3850000E4400000",2500.01911993098,1536.9300679624,61.4767325461429
"CRS3035RES50000mN3850000E4450000",2500.0191192458,2500.0191192458,100
"CRS3035RES50000mN3850000E4500000",2500.0191182943,2500.0191182943,100
"CRS3035RES50000mN3850000E4550000",2500.01911707769,2500.01911707769,100
"CRS3035RES50000mN3850000E4600000",2500.01911559598,2500.01911559598,100
"CRS3035RES50000mN3850000E4650000",2500.01911384948,2500.01911384948,100
"CRS3035RES50000mN3850000E4700000",2500.01911183859,720.699927403102,28.827776715398
"CRS3035RES50000mN3850000E4800000",2500.01910702408,1364.88651485471,54.5950433346654
"CRS3035RES50000mN3850000E4850000",2500.01910422168,117.78525520468,4.7113742053323
"CRS3035RES50000mN3900000E3250000",2500.01905691327,391.27486942351,15.6508754739898
"CRS3035RES50000mN3900000E3300000",2500.01906225159,644.13764233618,25.7653092355245
"CRS3035RES50000mN3900000E3350000",2500.01906733464,1460.35464621705,58.413740330948
"CRS3035RES50000mN3900000E3400000",2500.01907216209,2500.63961478418,100.024821515524
"CRS3035RES50000mN3900000E3450000",2500.01907673273,2039.29643833202,81.5712350882206
"CRS3035RES50000mN3900000E3500000",2500.01908104533,867.64794537039,34.7056529267609
"CRS3035RES50000mN3900000E3550000",2500.01908509958,436.492001316378,17.4595467657797
"CRS3035RES50000mN3900000E3600000",2500.01908889438,52.7002134510784,2.1079924423451
"CRS3035RES50000mN3900000E4050000",2500.01911127467,551.974349585887,22.0788052017913
"CRS3035RES50000mN3900000E4100000",2500.01911244493,2150.83786464821,86.0328568666328
"CRS3035RES50000mN3900000E4150000",2500.01911335027,2500.01911335027,100
"CRS3035RES50000mN3900000E4200000",2500.01911399111,2099.2601324216,83.9697632979401
"CRS3035RES50000mN3900000E4250000",2500.01911436719,228.885830164257,9.15536320698065
"CRS3035RES50000mN3900000E4350000",2500.01911432478,189.44586757247,7.57777676526432
"CRS3035RES50000mN3900000E4400000",2500.01911390667,2203.00792097527,88.1196431147571
"CRS3035RES50000mN3900000E4450000",2500.01911322291,2500.01911322291,100
"CRS3035RES50000mN3900000E4500000",2500.01911227525,2500.01911227525,100
"CRS3035RES50000mN3900000E4550000",2500.01911106281,2500.01911106281,100
"CRS3035RES50000mN3900000E4600000",2500.01910958623,2500.01910958623,100
"CRS3035RES50000mN3900000E4650000",2500.01910784586,2495.01708193458,99.7999204927844
"CRS3035RES50000mN3900000E4700000",2500.01910584152,863.674288304373,34.5467075146074
"CRS3035RES50000mN3900000E4800000",2500.01910104378,6.05239587459849,0.242093985284815
"CRS3035RES50000mN3900000E4850000",2500.01909825126,97.8527618795177,3.914080574343
"CRS3035RES50000mN3950000E3200000",2500.01904525636,1.57311808419609,0.0629242440045002
"CRS3035RES50000mN3950000E3250000",2500.01905082768,169.270304437358,6.77076058205705
"CRS3035RES50000mN3950000E3300000",2500.01905614563,713.747068968534,28.5496651401107
"CRS3035RES50000mN3950000E3350000",2500.01906121007,314.725233914752,12.5889133726212
"CRS3035RES50000mN3950000E3400000",2500.01906601924,1596.69856743313,63.8674556180701
"CRS3035RES50000mN3950000E3450000",2500.0190705726,2474.37722739133,98.9743340967635
"CRS3035RES50000mN3950000E3500000",2500.01907486922,1512.53803513984,60.5010597856725
"CRS3035RES50000mN3950000E3550000",2500.01907890834,126.245686630347,5.04978892742987
"CRS3035RES50000mN3950000E4050000",2500.01910498756,1579.86988883828,63.1943126229087
"CRS3035RES50000mN3950000E4100000",2500.0191061533,2446.74995019008,97.8692500456451
"CRS3035RES50000mN3950000E4150000",2500.01910705536,2500.01910705536,100
"CRS3035RES50000mN3950000E4200000",2500.01910769414,2500.01910769414,100
"CRS3035RES50000mN3950000E4250000",2500.01910806884,1916.41263598061,76.6559195405893
"CRS3035RES50000mN3950000E4300000",2500.01910817988,369.245840054706,14.7697207131962
"CRS3035RES50000mN3950000E4350000",2500.01910802676,556.276743858319,22.2508996860181
"CRS3035RES50000mN3950000E4400000",2500.01910760939,2486.62658817712,99.4643033170623
"CRS3035RES50000mN3950000E4450000",2500.01910692881,2500.01910692881,100
"CRS3035RES50000mN3950000E4500000",2500.01910598446,2500.01910598446,100
"CRS3035RES50000mN3950000E4550000",2500.01910477663,2500.01910477663,100
"CRS3035RES50000mN3950000E4600000",2500.01910330543,2500.01910330543,100
"CRS3035RES50000mN3950000E4650000",2500.01910157108,2437.10188780961,97.4833306784761
"CRS3035RES50000mN3950000E4700000",2500.01909957443,1619.49726776079,64.7793958068748
"CRS3035RES50000mN3950000E4750000",2500.01909731533,37.5051458245003,1.50019437310601
"CRS3035RES50000mN3950000E4850000",2500.0190920119,27.719797401825,1.10878342851043
"CRS3035RES50000mN4000000E3200000",2500.01903893483,4.83073044752502,0.193227746360813
"CRS3035RES50000mN4000000E3300000",2500.01904978023,538.662651385131,21.5463418741743
"CRS3035RES50000mN4000000E3350000",2500.01905482411,841.8684572504,33.6744816254862
"CRS3035RES50000mN4000000E3400000",2500.01905961436,217.307261503879,8.69222419197874
"CRS3035RES50000mN4000000E3450000",2500.01906414987,1360.68829638719,54.4271168128029
"CRS3035RES50000mN4000000E3500000",2500.01906842967,1043.58573544335,41.7431110275034
"CRS3035RES50000mN4000000E3550000",2500.01907245294,535.739551607876,21.4294185796841
"CRS3035RES50000mN4000000E4000000",2500.01909700664,127.447033875396,5.09784241360367
"CRS3035RES50000mN4000000E4050000",2500.01909843007,1027.11973703513,41.0844756218113
"CRS3035RES50000mN4000000E4100000",2500.01909959139,2432.05648390473,97.2815161413057
"CRS3035RES50000mN4000000E4150000",2500.01910049061,2500.01910049061,100
"CRS3035RES50000mN4000000E4200000",2500.01910112639,2500.01910112639,100
"CRS3035RES50000mN4000000E4250000",2500.01910149964,2490.01665733353,99.5999052903192
"CRS3035RES50000mN4000000E4300000",2500.01910161013,2169.22093436827,86.7681744099953
"CRS3035RES50000mN4000000E4350000",2500.0191014576,1755.26159846214,70.2099274937046
"CRS3035RES50000mN4000000E4400000",2500.01910104229,2500.0248305387,100.000229178106
"CRS3035RES50000mN4000000E4450000",2500.01910036432,2500.01910036432,100
"CRS3035RES50000mN4000000E4500000",2500.01909942323,2500.01909942323,100
"CRS3035RES50000mN4000000E4550000",2500.01909822017,2500.01909822017,100
"CRS3035RES50000mN4000000E4600000",2500.01909675465,2500.01909675465,100
"CRS3035RES50000mN4000000E4650000",2500.01909502699,2500.01909502699,100
"CRS3035RES50000mN4000000E4700000",2500.01909303788,2500.01909303788,100
"CRS3035RES50000mN4000000E4750000",2500.01909078752,1802.65026105861,72.1054598223395
"CRS3035RES50000mN4000000E4800000",2500.01908827617,124.774201169238,4.99092993946989
"CRS3035RES50000mN4050000E3550000",2500.01906573424,599.305982679077,23.9720564892198
"CRS3035RES50000mN4050000E3600000",2500.01906948422,87.171672128072,3.48684028822453
"CRS3035RES50000mN4050000E3650000",2500.01907297778,0,0
"CRS3035RES50000mN4050000E4000000",2500.01909018638,118.853261176287,4.75409414443418
"CRS3035RES50000mN4050000E4050000",2500.01909160424,1613.32075251837,64.532337290397
"CRS3035RES50000mN4050000E4100000",2500.01909276073,2424.71886238469,96.9880137878113
"CRS3035RES50000mN4050000E4150000",2500.01909365574,2500.01909365574,100
"CRS3035RES50000mN4050000E4200000",2500.01909428922,2500.01909428922,100
"CRS3035RES50000mN4050000E4250000",2500.01909466113,2500.01909466113,100
"CRS3035RES50000mN4050000E4300000",2500.01909477103,2411.60065680759,96.4632894945334
"CRS3035RES50000mN4050000E4350000",2500.01909461885,2295.97466406031,91.8382851155926
"CRS3035RES50000mN4050000E4400000",2500.01909420565,2500.01909420565,100
"CRS3035RES50000mN4050000E4450000",2500.01909353009,2500.01909353009,100
"CRS3035RES50000mN4050000E4500000",2500.01909259335,2500.01909259335,100
"CRS3035RES50000mN4050000E4550000",2500.01909139488,2500.01909139488,100
"CRS3035RES50000mN4050000E4600000",2500.01908993545,2500.01908993545,100
"CRS3035RES50000mN4050000E4650000",2500.01908821523,2500.01908821523,100
"CRS3035RES50000mN4050000E4700000",2500.01908623415,2500.01908623415,100
"CRS3035RES50000mN4050000E4750000",2500.01908399287,2288.17481879013,91.5262940767481
"CRS3035RES50000mN4050000E4800000",2500.01908149214,521.599310339877,20.8638131685203
"CRS3035RES50000mN4100000E3650000",2500.01906596564,84.5783186678931,3.38310694583541
"CRS3035RES50000mN4100000E4000000",2500.01908309956,105.557189706511,4.22225535877271
"CRS3035RES50000mN4100000E4050000",2500.01908451108,1376.7092455042,55.0679494422115
"CRS3035RES50000mN4100000E4100000",2500.01908566267,2196.75791629342,87.8696458315691
"CRS3035RES50000mN4100000E4150000",2500.01908655376,2500.01908655376,100
"CRS3035RES50000mN4100000E4200000",2500.01908718429,2500.01908718429,100
"CRS3035RES50000mN4100000E4250000",2500.01908755441,2500.01908755441,100
"CRS3035RES50000mN4100000E4300000",2500.01908766379,2500.01908766379,100
"CRS3035RES50000mN4100000E4350000",2500.01908751321,2500.01908751321,100
"CRS3035RES50000mN4100000E4400000",2500.01908710085,2500.01908710085,100
"CRS3035RES50000mN4100000E4450000",2500.01908642849,2500.01908642849,100
"CRS3035RES50000mN4100000E4500000",2500.01908549557,2500.01908549557,100
"CRS3035RES50000mN4100000E4550000",2500.0190843026,2500.0190843026,100
"CRS3035RES50000mN4100000E4600000",2500.01908284921,2500.01908284921,100
"CRS3035RES50000mN4100000E4650000",2500.01908113622,2500.01908113622,100
"CRS3035RES50000mN4100000E4700000",2500.01907916412,2500.01907916412,100
"CRS3035RES50000mN4100000E4750000",2500.01907693285,2444.65283925514,97.7853673922507
"CRS3035RES50000mN4100000E4800000",2500.01907444279,893.107466611623,35.724026098108
"CRS3035RES50000mN4100000E5000000",2500.0190619071,32.1186911548178,1.28473785037129
"CRS3035RES50000mN4100000E5050000",2500.01905813271,7.65876894949818,0.30634842260837
"CRS3035RES50000mN4150000E3650000",2500.01905869165,463.59325067558,18.5435886604079
"CRS3035RES50000mN4150000E3700000",2500.01906189854,274.184847476809,10.9673102759701
"CRS3035RES50000mN4150000E4000000",2500.01907574667,86.3033889977937,3.45210921928737
"CRS3035RES50000mN4150000E4050000",2500.01907715178,1902.14903608323,76.0853808463858
"CRS3035RES50000mN4150000E4100000",2500.01907829787,2392.31921563832,95.692038369048
"CRS3035RES50000mN4150000E4150000",2500.01907918507,2448.69619853389,97.9471004410128
"CRS3035RES50000mN4150000E4200000",2500.0190798134,2500.0190798134,100
"CRS3035RES50000mN4150000E4250000",2500.01908018184,2500.01908018184,100
"CRS3035RES50000mN4150000E4300000",2500.01908029061,2500.01908029061,100
"CRS3035RES50000mN4150000E4350000",2500.01908013983,2500.01908013983,100
"CRS3035RES50000mN4150000E4400000",2500.01907973021,2500.01907973021,100
"CRS3035RES50000mN4150000E4450000",2500.01907906087,2500.01907906087,100
"CRS3035RES50000mN4150000E4500000",2500.01907813222,2500.01907813222,100
"CRS3035RES50000mN4150000E4550000",2500.01907694442,2500.01907694442,100
"CRS3035RES50000mN4150000E4600000",2500.01907549805,2500.01907549805,100
"CRS3035RES50000mN4150000E4650000",2500.01907379271,2500.01907379271,100
"CRS3035RES50000mN4150000E4700000",2500.01907182949,2157.34933943395,86.2933152688
"CRS3035RES50000mN4150000E4750000",2500.0190696084,1060.13906806584,42.405239262111
"CRS3035RES50000mN4150000E4800000",2500.01906712973,20.1192887613671,0.804765412628074
"CRS3035RES50000mN4150000E4900000",2500.01906140276,74.6345778423338,2.98536035163094
"CRS3035RES50000mN4150000E4950000",2500.01905815498,353.465849732595,14.1385262076143
"CRS3035RES50000mN4150000E5000000",2500.01905465237,1165.75353755626,46.6297860965046
"CRS3035RES50000mN4150000E5050000",2500.01905089503,1578.46248134513,63.138018119503
"CRS3035RES50000mN4150000E5100000",2500.01904688425,451.384998171097,18.0552623682469
"CRS3035RES50000mN4200000E3650000",2500.01905115804,150.208911154875,6.00831066008462
"CRS3035RES50000mN4200000E3700000",2500.01905434894,389.386453282676,15.5753394201262
"CRS3035RES50000mN4200000E4000000",2500.01906813042,165.743692523642,6.62969713457384
"CRS3035RES50000mN4200000E4050000",2500.01906952882,1979.60319362173,79.1835237478738
"CRS3035RES50000mN4200000E4100000",2500.01907066988,2181.73884260538,87.2688879937539
"CRS3035RES50000mN4200000E4150000",2500.01907155256,2211.44734049081,88.4572188130334
"CRS3035RES50000mN4200000E4200000",2500.01907217735,2500.01907217735,100
"CRS3035RES50000mN4200000E4250000",2500.01907254372,2500.01907254372,100
"CRS3035RES50000mN4200000E4300000",2500.01907265276,2500.01907265276,100
"CRS3035RES50000mN4200000E4350000",2500.01907250294,2500.01907250294,100
"CRS3035RES50000mN4200000E4400000",2500.0190720951,2500.0190720951,100
"CRS3035RES50000mN4200000E4450000",2500.01907142854,2500.01907142854,100
"CRS3035RES50000mN4200000E4500000",2500.01907050436,2500.01907050436,100
"CRS3035RES50000mN4200000E4550000",2500.01906932241,2500.01906932241,100
"CRS3035RES50000mN4200000E4600000",2500.01906788303,2500.01906788303,100
"CRS3035RES50000mN4200000E4650000",2500.01906618617,2500.01906618617,100
"CRS3035RES50000mN4200000E4700000",2500.01906423232,642.413159340823,25.6963304213078
"CRS3035RES50000mN4200000E4900000",2500.01905385547,412.780765444107,16.5111047776826
"CRS3035RES50000mN4200000E4950000",2500.01905062387,2072.58385916253,82.9027226270667
"CRS3035RES50000mN4200000E5000000",2500.01904713817,2442.50587895886,97.6994908000743
"CRS3035RES50000mN4200000E5050000",2500.01904339917,2500.01904339917,100
"CRS3035RES50000mN4200000E5100000",2500.01903940814,2433.56872911389,97.3420078308688
"CRS3035RES50000mN4200000E5150000",2500.01903516534,1310.90309182384,52.43572442388
"CRS3035RES50000mN4200000E5200000",2500.0190306721,67.8972884765037,2.71587086512098
"CRS3035RES50000mN4250000E4000000",2500.01906025224,13.9771557617767,0.559081967973734
"CRS3035RES50000mN4250000E4050000",2500.01906164383,1897.47304902729,75.898343262217
"CRS3035RES50000mN4250000E4100000",2500.01906277817,2487.48962609605,99.4988263542199
"CRS3035RES50000mN4250000E4150000",2500.01906365686,2449.41119380191,97.9757006420212
"CRS3035RES50000mN4250000E4200000",2500.01906427858,2500.01906427858,100
"CRS3035RES50000mN4250000E4250000",2500.01906464391,2500.01906464391,100
"CRS3035RES50000mN4250000E4300000",2500.01906475154,2500.01906475154,100
"CRS3035RES50000mN4250000E4350000",2500.01906460236,2500.01906460236,100
"CRS3035RES50000mN4250000E4400000",2500.01906419609,2500.01906419609,100
"CRS3035RES50000mN4250000E4450000",2500.01906353369,2500.01906353369,100
"CRS3035RES50000mN4250000E4500000",2500.01906261415,2500.01906261415,100
"CRS3035RES50000mN4250000E4550000",2500.01906143806,2500.01906143806,100
"CRS3035RES50000mN4250000E4600000",2500.01906000557,2500.01906000557,100
"CRS3035RES50000mN4250000E4650000",2500.01905831756,2490.98940940892,99.638816797072
"CRS3035RES50000mN4250000E4700000",2500.01905637345,217.627042434038,8.70501534295221
"CRS3035RES50000mN4250000E4900000",2500.01904604994,685.492721962636,27.419499985239
"CRS3035RES50000mN4250000E4950000",2500.01904283417,2500.01904283417,100
"CRS3035RES50000mN4250000E5000000",2500.01903936674,2500.01903936674,100
"CRS3035RES50000mN4250000E5050000",2500.01903564732,2500.01903564732,100
"CRS3035RES50000mN4250000E5100000",2500.01903167628,2500.01903167628,100
"CRS3035RES50000mN4250000E5150000",2500.01902745541,2493.24904190319,99.7292026389451
"CRS3035RES50000mN4250000E5200000",2500.01902298506,2144.25560859928,85.7695717066588
"CRS3035RES50000mN4250000E5250000",2500.01901826672,1175.82891553242,47.0327988283716
"CRS3035RES50000mN4300000E4000000",2500.01905211299,9.35877052235925,0.374347968046456
"CRS3035RES50000mN4300000E4050000",2500.01905349705,1524.63202081949,60.9848160431746
"CRS3035RES50000mN4300000E4100000",2500.01905462651,2212.34051327913,88.4929460511509
"CRS3035RES50000mN4300000E4150000",2500.0190555001,2450.87045946933,98.0340711434723
"CRS3035RES50000mN4300000E4200000",2500.01905611859,2500.01905611859,100
"CRS3035RES50000mN4300000E4250000",2500.01905648107,2500.01905648107,100
"CRS3035RES50000mN4300000E4300000",2500.01905658831,2500.01905658831,100
"CRS3035RES50000mN4300000E4350000",2500.01905644054,2500.01905644054,100
"CRS3035RES50000mN4300000E4400000",2500.01905603651,2500.01905603651,100
"CRS3035RES50000mN4300000E4450000",2500.01905537722,2500.01905537722,100
"CRS3035RES50000mN4300000E4500000",2500.01905446264,2500.01905446264,100
"CRS3035RES50000mN4300000E4550000",2500.01905329295,2500.01905329295,100
"CRS3035RES50000mN4300000E4600000",2500.01905186861,2500.01905186861,100
"CRS3035RES50000mN4300000E4650000",2500.019050189,2497.70900510528,99.9075989007547
"CRS3035RES50000mN4300000E4700000",2500.01904825506,497.035070581286,19.8812513419929
"CRS3035RES50000mN4300000E4900000",2500.01903798657,857.090251493377,34.28334898536
"CRS3035RES50000mN4300000E4950000",2500.0190347888,2500.0190347888,100
"CRS3035RES50000mN4300000E5000000",2500.01903133926,2500.01903133926,100
"CRS3035RES50000mN4300000E5050000",2500.01902763965,2500.01902763965,100
"CRS3035RES50000mN4300000E5100000",2500.01902369058,2500.01902369058,100
"CRS3035RES50000mN4300000E5150000",2500.0190194926,2500.0190194926,100
"CRS3035RES50000mN4300000E5200000",2500.01901504675,2500.01901504675,100
"CRS3035RES50000mN4300000E5250000",2500.0190103537,2500.0190103537,100
"CRS3035RES50000mN4300000E5300000",2500.01900541452,2369.52923351493,94.7804488039098
"CRS3035RES50000mN4350000E4050000",2500.01904509189,185.035409079127,7.40135997933271
"CRS3035RES50000mN4350000E4100000",2500.01904621465,1208.17073432862,48.3264611986836
"CRS3035RES50000mN4350000E4150000",2500.01904708373,2059.48497503292,82.3787713711744
"CRS3035RES50000mN4350000E4200000",2500.01904769843,2485.55044349625,99.4212602413769
"CRS3035RES50000mN4350000E4250000",2500.01904805968,2500.01904805968,100
"CRS3035RES50000mN4350000E4300000",2500.01904816638,2500.01904816638,100
"CRS3035RES50000mN4350000E4350000",2500.01904801883,2500.01904801883,100
"CRS3035RES50000mN4350000E4400000",2500.01904761755,2500.01904761755,100
"CRS3035RES50000mN4350000E4450000",2500.01904696156,2500.01904696156,100
"CRS3035RES50000mN4350000E4500000",2500.01904605249,2500.01904605249,100
"CRS3035RES50000mN4350000E4550000",2500.01904488911,2500.01904488911,100
"CRS3035RES50000mN4350000E4600000",2500.01904347203,2500.01904347203,100
"CRS3035RES50000mN4350000E4650000",2500.01904180229,2500.01378847388,99.9997898684642
"CRS3035RES50000mN4350000E4700000",2500.01903987951,474.429851109475,18.9770495160845
"CRS3035RES50000mN4350000E4900000",2500.0190296682,1819.48270729192,72.7787543094581
"CRS3035RES50000mN4350000E4950000",2500.0190264885,2500.0190264885,100
"CRS3035RES50000mN4350000E5000000",2500.01902305824,2500.01902305824,100
"CRS3035RES50000mN4350000E5050000",2500.01901937943,2500.01901937943,100
"CRS3035RES50000mN4350000E5100000",2500.01901545267,2500.01901545267,100
"CRS3035RES50000mN4350000E5150000",2500.01901127829,2500.01901127829,100
"CRS3035RES50000mN4350000E5200000",2500.01900685764,2500.01900685764,100
"CRS3035RES50000mN4350000E5250000",2500.01900219138,2500.01900219138,100
"CRS3035RES50000mN4350000E5300000",2500.01899728082,2500.01899728082,100
"CRS3035RES50000mN4400000E4100000",2500.01903754609,2.44103093555009,0.0976404938878429
"CRS3035RES50000mN4400000E4150000",2500.01903840992,1129.1355394013,45.1650776275471
"CRS3035RES50000mN4400000E4200000",2500.01903902144,1789.6636242634,71.585999799582
"CRS3035RES50000mN4400000E4250000",2500.01903937988,2483.06801422284,99.3219641574714
"CRS3035RES50000mN4400000E4300000",2500.01903948603,2500.01903948603,100
"CRS3035RES50000mN4400000E4350000",2500.01903933938,2500.01903933938,100
"CRS3035RES50000mN4400000E4400000",2500.01903894036,2500.01903894036,100
"CRS3035RES50000mN4400000E4450000",2500.01903828878,2500.01903828878,100
"CRS3035RES50000mN4400000E4500000",2500.01903738421,2500.01903738421,100
"CRS3035RES50000mN4400000E4550000",2500.01903622774,2500.01903622774,100
"CRS3035RES50000mN4400000E4600000",2500.01903481936,2500.01903481936,100
"CRS3035RES50000mN4400000E4650000",2500.01903315896,2500.01903315896,100
"CRS3035RES50000mN4400000E4700000",2500.01903124767,1739.06382590814,69.5620234954865
"CRS3035RES50000mN4400000E4750000",2500.01902908463,18.8166054689906,0.752658489798784
"CRS3035RES50000mN4400000E4850000",2500.0190240087,263.505561149426,10.540142239674
"CRS3035RES50000mN4400000E4900000",2500.01902109572,2426.052368461,97.0413564052683
"CRS3035RES50000mN4400000E4950000",2500.01901793442,2500.01901793442,100
"CRS3035RES50000mN4400000E5000000",2500.01901452519,2500.01901452519,100
"CRS3035RES50000mN4400000E5050000",2500.01901086835,2500.01901086835,100
"CRS3035RES50000mN4400000E5100000",2500.019006965,2500.019006965,100
"CRS3035RES50000mN4400000E5150000",2500.01900281546,2500.01900281546,100
"CRS3035RES50000mN4400000E5200000",2500.01899842111,2500.01899842111,100
"CRS3035RES50000mN4400000E5250000",2500.01899378278,2500.01899378278,100
"CRS3035RES50000mN4400000E5300000",2500.0189889017,2500.0189889017,100
"CRS3035RES50000mN4400000E5350000",2500.0189837782,2500.0189837782,100
"CRS3035RES50000mN4450000E4200000",2500.01903008777,674.140052756324,26.9653968487054
"CRS3035RES50000mN4450000E4250000",2500.01903044447,1945.08736426432,77.8029023210478
"CRS3035RES50000mN4450000E4300000",2500.01903055029,1956.80654358898,78.2716659224094
"CRS3035RES50000mN4450000E4350000",2500.01903040428,2284.73987829926,91.3888994648888
"CRS3035RES50000mN4450000E4400000",2500.01903000724,2500.01903000724,100
"CRS3035RES50000mN4450000E4450000",2500.01902935966,2500.01902935966,100
"CRS3035RES50000mN4450000E4500000",2500.01902846034,2500.01902846034,100
"CRS3035RES50000mN4450000E4550000",2500.01902731117,2500.01902731117,100
"CRS3035RES50000mN4450000E4600000",2500.01902591123,2500.01902591123,100
"CRS3035RES50000mN4450000E4650000",2500.01902426117,2500.01902426117,100
"CRS3035RES50000mN4450000E4700000",2500.01902236102,2441.25533242643,97.6494702876663
"CRS3035RES50000mN4450000E4750000",2500.01902021196,595.528794647888,23.8209705539519
"CRS3035RES50000mN4450000E4850000",2500.01901516681,173.308152894975,6.93227338846508
"CRS3035RES50000mN4450000E4900000",2500.01901227246,2417.10035946805,96.6832791111839
"CRS3035RES50000mN4450000E4950000",2500.01900913049,2500.01900913049,100
"CRS3035RES50000mN4450000E5000000",2500.019005742,2500.019005742,100
"CRS3035RES50000mN4450000E5050000",2500.01900210773,2500.01900210773,100
"CRS3035RES50000mN4450000E5100000",2500.01899822797,2500.01899822797,100
"CRS3035RES50000mN4450000E5150000",2500.01899410474,2500.01899410474,100
"CRS3035RES50000mN4450000E5200000",2500.0189897377,2500.0189897377,100
"CRS3035RES50000mN4450000E5250000",2500.01898512875,2500.01898512875,100
"CRS3035RES50000mN4450000E5300000",2500.01898027792,2500.01898027792,100
"CRS3035RES50000mN4450000E5350000",2500.01897518738,2500.01897518738,100
"CRS3035RES50000mN4500000E4200000",2500.01902090029,58.9304022166895,2.35719815425515
"CRS3035RES50000mN4500000E4250000",2500.01902125476,228.299010246845,9.13189092986427
"CRS3035RES50000mN4500000E4300000",2500.01902135945,1848.87892370641,73.9545942614881
"CRS3035RES50000mN4500000E4350000",2500.01902121498,1820.3009713666,72.8114848695015
"CRS3035RES50000mN4500000E4400000",2500.01902082056,2500.01902082056,100
"CRS3035RES50000mN4500000E4450000",2500.01902017665,2500.01902017665,100
"CRS3035RES50000mN4500000E4500000",2500.01901928394,2500.01901928394,100
"CRS3035RES50000mN4500000E4550000",2500.01901814183,2500.01901814183,100
"CRS3035RES50000mN4500000E4600000",2500.01901675053,2500.01901675053,100
"CRS3035RES50000mN4500000E4650000",2500.01901511093,2500.01901511093,100
"CRS3035RES50000mN4500000E4700000",2500.01901322333,2500.01901322333,100
"CRS3035RES50000mN4500000E4750000",2500.01901108763,2227.18653841922,89.0867840821054
"CRS3035RES50000mN4500000E4800000",2500.0190087045,538.593054043488,21.5435583556857
"CRS3035RES50000mN4500000E4850000",2500.01900607513,137.012245074273,5.4804481382473
"CRS3035RES50000mN4500000E4900000",2500.01900319862,1075.89274990924,43.035382872398
"CRS3035RES50000mN4500000E4950000",2500.01900007727,2500.01900007727,100
"CRS3035RES50000mN4500000E5000000",2500.01899671014,2500.01899671014,100
"CRS3035RES50000mN4500000E5050000",2500.01899309955,2500.01899309955,100
"CRS3035RES50000mN4500000E5100000",2500.01898924567,2500.01898924567,100
"CRS3035RES50000mN4500000E5150000",2500.01898514868,2500.01898514868,100
"CRS3035RES50000mN4500000E5200000",2500.01898081064,2500.01898081064,100
"CRS3035RES50000mN4500000E5250000",2500.01897623117,2500.01897623117,100
"CRS3035RES50000mN4500000E5300000",2500.01897141272,2500.01897141272,100
"CRS3035RES50000mN4500000E5350000",2500.01896635544,2500.01896635544,100
"CRS3035RES50000mN4500000E5400000",2500.01896106079,2500.01896106079,100
"CRS3035RES50000mN4550000E4300000",2500.01901191684,574.402691351161,22.975932927436
"CRS3035RES50000mN4550000E4350000",2500.01901177279,2281.28561336908,91.2507305995007
"CRS3035RES50000mN4550000E4400000",2500.01901138158,2499.72651844377,99.9883003714581
"CRS3035RES50000mN4550000E4450000",2500.01901074225,2500.01901074225,100
"CRS3035RES50000mN4550000E4500000",2500.01900985508,2500.01900985508,100
"CRS3035RES50000mN4550000E4550000",2500.0190087203,2500.0190087203,100
"CRS3035RES50000mN4550000E4600000",2500.01900733871,2500.01900733871,100
"CRS3035RES50000mN4550000E4650000",2500.01900571004,2500.01900571004,100
"CRS3035RES50000mN4550000E4700000",2500.01900383481,2500.01900383481,100
"CRS3035RES50000mN4550000E4750000",2500.01900171364,2500.01900171364,100
"CRS3035RES50000mN4550000E4800000",2500.01899934666,2323.36094225774,92.9337314182377
"CRS3035RES50000mN4550000E4850000",2500.01899673399,145.770703761616,5.83078384412478
"CRS3035RES50000mN4550000E4900000",2500.01899387726,153.313371115001,6.13248825270837
"CRS3035RES50000mN4550000E4950000",2500.0189907767,2034.67569090307,81.3864093996719
"CRS3035RES50000mN4550000E5000000",2500.01898743315,2500.01898743315,100
"CRS3035RES50000mN4550000E5050000",2500.01898384659,2500.01898384659,100
"CRS3035RES50000mN4550000E5100000",2500.01898001849,2500.01898001849,100
"CRS3035RES50000mN4550000E5150000",2500.01897594946,2500.01897594946,100
"CRS3035RES50000mN4550000E5200000",2500.01897164023,2500.01897164023,100
"CRS3035RES50000mN4550000E5250000",2500.01896709274,2500.01896709274,100
"CRS3035RES50000mN4550000E5300000",2500.01896230713,2500.01896230713,100
"CRS3035RES50000mN4550000E5350000",2500.01895728488,2500.01895728488,100
"CRS3035RES50000mN4550000E5400000",2500.01895202652,2500.01895202652,100
"CRS3035RES50000mN4600000E4350000",2500.01900208199,857.252741236432,34.2898490180482
"CRS3035RES50000mN4600000E4400000",2500.01900169257,2411.10002440806,96.4432679421914
"CRS3035RES50000mN4600000E4450000",2500.01900105769,2500.01900105769,100
"CRS3035RES50000mN4600000E4500000",2500.01900017683,2500.01900017683,100
"CRS3035RES50000mN4600000E4550000",2500.01899905009,2500.01899905009,100
"CRS3035RES50000mN4600000E4600000",2500.01899767789,2500.01899767789,100
"CRS3035RES50000mN4600000E4650000",2500.01899606059,2500.01899606059,100
"CRS3035RES50000mN4600000E4700000",2500.01899419821,2500.01899419821,100
"CRS3035RES50000mN4600000E4750000",2500.01899209154,2500.01899209154,100
"CRS3035RES50000mN4600000E4800000",2500.01898974101,2500.01898974101,100
"CRS3035RES50000mN4600000E4850000",2500.01898714758,885.826798120378,35.4328028176726
"CRS3035RES50000mN4600000E4950000",2500.01898123135,746.597606766664,29.8636775309176
"CRS3035RES50000mN4600000E5000000",2500.01897791132,2500.01897791132,100
"CRS3035RES50000mN4600000E5050000",2500.01897435016,2500.01897435016,100
"CRS3035RES50000mN4600000E5100000",2500.01897054861,2500.01897054861,100
"CRS3035RES50000mN4600000E5150000",2500.01896650906,2500.01896650906,100
"CRS3035RES50000mN4600000E5200000",2500.01896223111,2500.01896223111,100
"CRS3035RES50000mN4600000E5250000",2500.01895771567,2500.01895771567,100
"CRS3035RES50000mN4600000E5300000",2500.01895296387,2500.01895296387,100
"CRS3035RES50000mN4600000E5350000",2500.01894797772,2500.01894797772,100
"CRS3035RES50000mN4650000E4350000",2500.01899214178,62.2975458163377,2.49188290217616
"CRS3035RES50000mN4650000E4400000",2500.01899175606,1288.3737101313,51.5345569125585
"CRS3035RES50000mN4650000E4450000",2500.01899112562,2469.74465777427,98.7890358649751
"CRS3035RES50000mN4650000E4500000",2500.01899025118,2500.01899025118,100
"CRS3035RES50000mN4650000E4550000",2500.01898913204,2500.01898913204,100
"CRS3035RES50000mN4650000E4600000",2500.0189877702,2500.0189877702,100
"CRS3035RES50000mN4650000E4650000",2500.01898616449,2500.01898616449,100
"CRS3035RES50000mN4650000E4700000",2500.01898431581,2500.01898431581,100
"CRS3035RES50000mN4650000E4750000",2500.01898222458,2500.01898222458,100
"CRS3035RES50000mN4650000E4800000",2500.01897989133,2482.90002928903,99.3152471745218
"CRS3035RES50000mN4650000E4850000",2500.01897731601,349.580760061573,13.9831242575958
"CRS3035RES50000mN4650000E4950000",2500.01897144373,36.9914469120967,1.47964664807062
"CRS3035RES50000mN4650000E5000000",2500.01896814774,2208.91874109387,88.356079263289
"CRS3035RES50000mN4650000E5050000",2500.01896461234,2500.01896461234,100
"CRS3035RES50000mN4650000E5100000",2500.01896084006,2500.01896084006,100
"CRS3035RES50000mN4650000E5150000",2500.01895682956,2500.01895682956,100
"CRS3035RES50000mN4650000E5200000",2500.01895258316,2500.01895258316,100
"CRS3035RES50000mN4650000E5250000",2500.01894810126,2500.01894810126,100
"CRS3035RES50000mN4650000E5300000",2500.01894338565,2500.01894338565,100
"CRS3035RES50000mN4700000E4400000",2500.01898157302,824.464385956183,32.9783250460534
"CRS3035RES50000mN4700000E4450000",2500.01898094739,2499.45937600678,99.9776159723237
"CRS3035RES50000mN4700000E4500000",2500.01898007899,2500.01898007899,100
"CRS3035RES50000mN4700000E4550000",2500.0189789696,2500.0189789696,100
"CRS3035RES50000mN4700000E4600000",2500.01897761726,2500.01897761726,100
"CRS3035RES50000mN4700000E4650000",2500.01897602391,2500.01897602391,100
"CRS3035RES50000mN4700000E4700000",2500.01897418916,2500.01897418916,100
"CRS3035RES50000mN4700000E4750000",2500.01897211377,2500.01897211377,100
"CRS3035RES50000mN4700000E4800000",2500.01896979779,2491.81569344436,99.6718714356759
"CRS3035RES50000mN4700000E4850000",2500.01896724252,667.901211057465,26.7158457519284
"CRS3035RES50000mN4700000E5000000",2500.0189581442,1001.23216769696,40.0489830061203
"CRS3035RES50000mN4700000E5050000",2500.01895463675,2500.01895463675,100
"CRS3035RES50000mN4700000E5100000",2500.01895089233,2500.01895089233,100
"CRS3035RES50000mN4700000E5150000",2500.01894691303,2500.01894691303,100
"CRS3035RES50000mN4700000E5200000",2500.01894269919,2500.01894269919,100
"CRS3035RES50000mN4700000E5250000",2500.01893825269,2500.01893825269,100
"CRS3035RES50000mN4700000E5300000",2500.01893357327,2500.01893357327,100
"CRS3035RES50000mN4750000E4400000",2500.01897114709,413.544824597721,16.5416674581462
"CRS3035RES50000mN4750000E4450000",2500.01897052565,2028.45928465369,81.1377556957973
"CRS3035RES50000mN4750000E4500000",2500.01896966512,2493.25388878642,99.7293988181376
"CRS3035RES50000mN4750000E4550000",2500.01896856329,2500.01896856329,100
"CRS3035RES50000mN4750000E4600000",2500.0189672222,2500.0189672222,100
"CRS3035RES50000mN4750000E4650000",2500.01896564102,2500.01896564102,100
"CRS3035RES50000mN4750000E4700000",2500.01896382106,2500.01896382106,100
"CRS3035RES50000mN4750000E4750000",2500.01896176178,2500.01896176178,100
"CRS3035RES50000mN4750000E4800000",2500.01895946481,2500.01895946481,100
"CRS3035RES50000mN4750000E4850000",2500.01895692941,1780.79113506564,71.2311052734117
"CRS3035RES50000mN4750000E4900000",2500.01895415672,168.758029354657,6.75026999591611
"CRS3035RES50000mN4750000E4950000",2500.01895114804,27.0467565068399,1.08186205926238
"CRS3035RES50000mN4750000E5000000",2500.01894790317,1022.30336165075,40.8918245402973
"CRS3035RES50000mN4750000E5050000",2500.01894442297,2500.01894442297,100
"CRS3035RES50000mN4750000E5100000",2500.01894070941,2500.01894070941,100
"CRS3035RES50000mN4750000E5150000",2500.01893676181,2500.01893676181,100
"CRS3035RES50000mN4750000E5200000",2500.01893258264,2500.01893258264,100
"CRS3035RES50000mN4750000E5250000",2500.01892817139,2500.01892817139,100
"CRS3035RES50000mN4800000E4400000",2500.01896047945,16.9094484062858,0.676372806510354
"CRS3035RES50000mN4800000E4450000",2500.0189598639,1649.50567051827,65.9797264340776
"CRS3035RES50000mN4800000E4500000",2500.01895900955,2466.60231144753,98.6633442341869
"CRS3035RES50000mN4800000E4550000",2500.01895791743,2500.01895791743,100
"CRS3035RES50000mN4800000E4600000",2500.01895658693,2500.01895658693,100
"CRS3035RES50000mN4800000E4650000",2500.01895501871,2500.01895501871,100
"CRS3035RES50000mN4800000E4700000",2500.01895321368,2500.01895321368,100
"CRS3035RES50000mN4800000E4750000",2500.01895117163,2500.01895117163,100
"CRS3035RES50000mN4800000E4800000",2500.01894889275,2500.01894889275,100
"CRS3035RES50000mN4800000E4850000",2500.01894637845,2493.32315513254,99.7321703799241
"CRS3035RES50000mN4800000E4900000",2500.0189436293,2356.35493910653,94.2534833630415
"CRS3035RES50000mN4800000E4950000",2500.01894064496,2129.08331461103,85.1626873699513
"CRS3035RES50000mN4800000E5000000",2500.01893742715,2496.95551006288,99.8774638336371
"CRS3035RES50000mN4800000E5050000",2500.01893397672,2500.01893397672,100
"CRS3035RES50000mN4800000E5100000",2500.018930293,2500.018930293,100
"CRS3035RES50000mN4800000E5150000",2500.01892637943,2500.01892637943,100
"CRS3035RES50000mN4800000E5200000",2500.01892223474,2500.01892223474,100
"CRS3035RES50000mN4850000E4450000",2500.01894896207,488.160772038136,19.5262828804079
"CRS3035RES50000mN4850000E4500000",2500.01894811533,2330.71618754855,93.2279409044318
"CRS3035RES50000mN4850000E4550000",2500.01894703233,2480.55299873597,99.2213679692521
"CRS3035RES50000mN4850000E4600000",2500.01894571312,2500.01894571312,100
"CRS3035RES50000mN4850000E4650000",2500.01894415854,2500.01894415854,100
"CRS3035RES50000mN4850000E4700000",2500.01894236858,2500.01894236858,100
"CRS3035RES50000mN4850000E4750000",2500.01894034399,2500.01894034399,100
"CRS3035RES50000mN4850000E4800000",2500.01893808514,2500.01893808514,100
"CRS3035RES50000mN4850000E4850000",2500.0189355923,2500.0189355923,100
"CRS3035RES50000mN4850000E4900000",2500.01893286627,2500.01893286627,100
"CRS3035RES50000mN4850000E4950000",2500.01892990802,2500.01892990802,100
"CRS3035RES50000mN4850000E5000000",2500.01892671832,2500.01892671832,100
"CRS3035RES50000mN4850000E5050000",2500.01892329718,2500.01892329718,100
"CRS3035RES50000mN4850000E5100000",2500.01891964627,2500.01891964627,100
"CRS3035RES50000mN4850000E5150000",2500.01891576627,2500.01891576627,100
"CRS3035RES50000mN4850000E5200000",2500.01891165796,2500.01891165796,100
"CRS3035RES50000mN4900000E4500000",2500.01893698474,1007.0717038841,40.2825630232514
"CRS3035RES50000mN4900000E4550000",2500.0189359112,2273.18578327614,90.9267426187561
"CRS3035RES50000mN4900000E4600000",2500.0189346041,2500.0189346041,100
"CRS3035RES50000mN4900000E4650000",2500.01893306352,2500.01893306352,100
"CRS3035RES50000mN4900000E4700000",2500.01893128928,2500.01893128928,100
"CRS3035RES50000mN4900000E4750000",2500.01892928255,2500.01892928255,100
"CRS3035RES50000mN4900000E4800000",2500.01892704356,2500.01892704356,100
"CRS3035RES50000mN4900000E4850000",2500.0189245733,2500.0189245733,100
"CRS3035RES50000mN4900000E4900000",2500.01892187222,2500.01892187222,100
"CRS3035RES50000mN4900000E4950000",2500.01891894006,2500.01891894006,100
"CRS3035RES50000mN4900000E5000000",2500.01891577881,2500.01891577881,100
"CRS3035RES50000mN4900000E5050000",2500.01891238861,2500.01891238861,100
"CRS3035RES50000mN4900000E5100000",2500.01890877084,2500.01890877084,100
"CRS3035RES50000mN4900000E5150000",2500.0189049256,2500.0189049256,100
"CRS3035RES50000mN4900000E5200000",2500.01890085483,2500.01890085483,100
"CRS3035RES50000mN4950000E4400000",2500.01892705177,124.078664849263,4.96310901916199
"CRS3035RES50000mN4950000E4450000",2500.01892645248,131.591892008732,5.26363583156791
"CRS3035RES50000mN4950000E4500000",2500.01892562102,579.025476449104,23.1608437246239
"CRS3035RES50000mN4950000E4550000",2500.01892455728,2053.84370763381,82.1531264207337
"CRS3035RES50000mN4950000E4600000",2500.01892326186,2500.01892326186,100
"CRS3035RES50000mN4950000E4650000",2500.01892173546,2500.01892173546,100
"CRS3035RES50000mN4950000E4700000",2500.01891997754,2500.01891997754,100
"CRS3035RES50000mN4950000E4750000",2500.01891798935,2500.01891798935,100
"CRS3035RES50000mN4950000E4800000",2500.01891577126,2500.01891577126,100
"CRS3035RES50000mN4950000E4850000",2500.01891332425,2500.01891332425,100
"CRS3035RES50000mN4950000E4900000",2500.01891064752,2500.01891064752,100
"CRS3035RES50000mN4950000E4950000",2500.01890774341,2500.01890774341,100
"CRS3035RES50000mN4950000E5000000",2500.01890461148,2500.01890461148,100
"CRS3035RES50000mN4950000E5050000",2500.01890125333,2500.01890125333,100
"CRS3035RES50000mN4950000E5100000",2500.01889766953,2500.01889766953,100
"CRS3035RES50000mN4950000E5150000",2500.01889386114,2500.01889386114,100
"CRS3035RES50000mN5000000E4400000",2500.01891544272,0.484174889753245,0.0193668490571202
"CRS3035RES50000mN5000000E4450000",2500.01891484881,519.970942116033,20.7986803230838
"CRS3035RES50000mN5000000E4500000",2500.01891402485,805.171504165781,32.2066165039333
"CRS3035RES50000mN5000000E4550000",2500.01891297174,1156.85387683475,46.2738050033234
"CRS3035RES50000mN5000000E4600000",2500.0189116888,2192.95340614222,87.7174726914707
"CRS3035RES50000mN5000000E4650000",2500.01891017686,2500.01891017686,100
"CRS3035RES50000mN5000000E4700000",2500.01890843631,2500.01890843631,100
"CRS3035RES50000mN5000000E4750000",2500.01890646753,2500.01890646753,100
"CRS3035RES50000mN5000000E4800000",2500.01890427084,2500.01890427084,100
"CRS3035RES50000mN5000000E4850000",2500.01890184665,2500.01890184665,100
"CRS3035RES50000mN5000000E4900000",2500.01889919638,2500.01889919638,100
"CRS3035RES50000mN5000000E4950000",2500.01889632047,2500.01889632047,100
"CRS3035RES50000mN5000000E5000000",2500.01889321924,2500.01889321924,100
"CRS3035RES50000mN5000000E5050000",2500.01888989365,2500.01888989365,100
"CRS3035RES50000mN5000000E5100000",2500.01888634451,2500.01888634451,100
"CRS3035RES50000mN5000000E5150000",2500.01888257315,2500.01888257315,100
"CRS3035RES50000mN5050000E4500000",2500.01890220083,1228.07862009879,49.1227733925402
"CRS3035RES50000mN5050000E4550000",2500.01890115784,1646.92282582688,65.8764149768683
"CRS3035RES50000mN5050000E4600000",2500.01889988773,1952.6234337091,78.1043468830094
"CRS3035RES50000mN5050000E4650000",2500.01889839043,2500.01889839043,100
"CRS3035RES50000mN5050000E4700000",2500.01889666736,2500.01889666736,100
"CRS3035RES50000mN5050000E4750000",2500.01889471823,2500.01889471823,100
"CRS3035RES50000mN5050000E4800000",2500.01889254385,2500.01889254385,100
"CRS3035RES50000mN5050000E4850000",2500.01889014459,2500.01889014459,100
"CRS3035RES50000mN5050000E4900000",2500.01888752069,2500.01888752069,100
"CRS3035RES50000mN5050000E4950000",2500.01888467398,2500.01888467398,100
"CRS3035RES50000mN5050000E5000000",2500.01888160373,2500.01888160373,100
"CRS3035RES50000mN5050000E5050000",2500.01887831244,2500.01887831244,100
"CRS3035RES50000mN5050000E5100000",2500.01887479919,2500.01887479919,100
"CRS3035RES50000mN5050000E5150000",2500.01887106668,2500.01887106668,100
"CRS3035RES50000mN5100000E4500000",2500.01889014973,156.191262968922,6.24760331149208
"CRS3035RES50000mN5100000E4550000",2500.018889118,476.717464864064,19.068554519292
"CRS3035RES50000mN5100000E4600000",2500.0188878613,1686.03580479732,67.4409226659756
"CRS3035RES50000mN5100000E4650000",2500.01888638033,2468.90390580423,98.7554101792747
"CRS3035RES50000mN5100000E4700000",2500.01888467506,2499.63035287078,99.9844588452245
"CRS3035RES50000mN5100000E4750000",2500.01888274609,2500.01888274609,100
"CRS3035RES50000mN5100000E4800000",2500.01888059363,2500.01888059363,100
"CRS3035RES50000mN5100000E4850000",2500.01887821918,2500.01887821918,100
"CRS3035RES50000mN5100000E4900000",2500.01887562311,2500.01887562311,100
"CRS3035RES50000mN5100000E4950000",2500.01887280582,2500.01887280582,100
"CRS3035RES50000mN5100000E5000000",2500.0188697681,2500.0188697681,100
"CRS3035RES50000mN5100000E5050000",2500.01886651117,2500.01886651117,100
"CRS3035RES50000mN5100000E5100000",2500.01886303619,2500.01886303619,100
"CRS3035RES50000mN5150000E4550000",2500.01887685483,17.7790812519551,0.711157880308579
"CRS3035RES50000mN5150000E4600000",2500.01887561147,984.645884722335,39.3855380184482
"CRS3035RES50000mN5150000E4650000",2500.01887414627,1889.92525226834,75.5964393634318
"CRS3035RES50000mN5150000E4700000",2500.01887245959,2140.53611980769,85.6207984422839
"CRS3035RES50000mN5150000E4750000",2500.01887055133,2500.01887055133,100
"CRS3035RES50000mN5150000E4800000",2500.018868423,2500.018868423,100
"CRS3035RES50000mN5150000E4850000",2500.0188660744,2500.0188660744,100
"CRS3035RES50000mN5150000E4900000",2500.01886350677,2500.01886350677,100
"CRS3035RES50000mN5150000E4950000",2500.01886072028,2500.01886072028,100
"CRS3035RES50000mN5150000E5000000",2500.01885771622,2500.01885771622,100
"CRS3035RES50000mN5150000E5050000",2500.01885449493,2500.01885449493,100
"CRS3035RES50000mN5200000E4600000",2500.01886314305,16.0831636526623,0.643321692078849
"CRS3035RES50000mN5200000E4650000",2500.01886169374,1395.31924762794,55.8123488189456
"CRS3035RES50000mN5200000E4700000",2500.01886002559,1133.27046101799,45.3304764671411
"CRS3035RES50000mN5200000E4750000",2500.01885813901,2037.38334789423,81.494719180272
"CRS3035RES50000mN5200000E4800000",2500.01885603461,2496.42158521613,99.8561102525369
"CRS3035RES50000mN5200000E4850000",2500.01885371265,2500.01885371265,100
"CRS3035RES50000mN5200000E4900000",2500.01885117377,2500.01885117377,100
"CRS3035RES50000mN5200000E4950000",2500.01884841895,2500.01884841895,100
"CRS3035RES50000mN5200000E5000000",2500.01884544894,2500.01884544894,100
"CRS3035RES50000mN5200000E5050000",2500.01884226453,2500.01884226453,100
"CRS3035RES50000mN5250000E4650000",2500.01884902396,132.341322486127,5.29361298766986
"CRS3035RES50000mN5250000E4700000",2500.01884737521,232.014362175224,9.28050452174858
"CRS3035RES50000mN5250000E4750000",2500.01884551138,1176.08182183538,47.0429182542747
"CRS3035RES50000mN5250000E4800000",2500.01884343134,1765.55920147772,70.6218357560235
"CRS3035RES50000mN5250000E4850000",2500.01884113666,2309.06362884728,92.3618490730033
"CRS3035RES50000mN5250000E4900000",2500.01883862778,2434.65962193458,97.385651032571
"CRS3035RES50000mN5250000E4950000",2500.01883590576,2500.01883590576,100
"CRS3035RES50000mN5250000E5000000",2500.01883297043,2500.01883297043,100
"CRS3035RES50000mN5250000E5050000",2500.01882982428,2350.25816883833,94.0096186796932
"CRS3035RES50000mN5250000E5100000",2500.01882646664,2469.10325099167,98.7633862934278
"CRS3035RES50000mN5300000E4750000",2500.01883267068,449.936549991333,17.9973264245646
"CRS3035RES50000mN5300000E4800000",2500.01883061606,1202.83968589775,48.113225035243
"CRS3035RES50000mN5300000E4850000",2500.01882834933,1905.80890498916,76.2317820721172
"CRS3035RES50000mN5300000E4900000",2500.01882587103,1806.76044871554,72.2698737312925
"CRS3035RES50000mN5300000E4950000",2500.01882318243,2409.24364780047,96.3690203233584
"CRS3035RES50000mN5300000E5000000",2500.0188202839,2233.02404685983,89.3202894611107
"CRS3035RES50000mN5300000E5050000",2500.01881717584,1318.07164795141,52.7224690828678
"CRS3035RES50000mN5300000E5100000",2500.01881386005,309.95661708289,12.3981713803311
"CRS3035RES50000mN5350000E4800000",2500.01881759131,100.355591728552,4.01419345416132
"CRS3035RES50000mN5350000E4850000",2500.0188153537,1187.42589895375,47.4966784914277
"CRS3035RES50000mN5350000E4900000",2500.01881290784,677.407480538334,27.0960953189958
"CRS3035RES50000mN5350000E4950000",2500.01881025269,1749.12435857458,69.9644479234052
"CRS3035RES50000mN5350000E5000000",2500.01880739108,2007.61956519138,80.3041784828192
"CRS3035RES50000mN5350000E5050000",2500.01880432336,1628.56048350006,65.1419293600407
"CRS3035RES50000mN5350000E5100000",2500.01880105035,118.292621471202,4.73166927470717
"CRS3035RES50000mN5400000E4850000",2500.01880215335,1.34990479792678,0.0539957858222532
"CRS3035RES50000mN5400000E4950000",2500.01879711984,357.381387467528,14.295148015657
"CRS3035RES50000mN5400000E5000000",2500.01879429681,12.2008140617669,0.488028893606722
