"GRD_ID","area_total","area_land","prop_land"
"CRS3035RES20000mN1520000E4480000",400.000488695166,38.8598310850641,0.0971494590214827
"CRS3035RES20000mN1520000E4500000",400.000488686117,44.1614912290113,0.11040359319077
"CRS3035RES20000mN1520000E4720000",400.00048852012,75.1407644417989,0.187851681681182
"CRS3035RES20000mN1520000E4740000",400.000488499021,194.184294556659,0.485460143524636
"CRS3035RES20000mN1520000E4760000",400.000488476923,221.696146529616,0.554239689490796
"CRS3035RES20000mN1520000E4780000",400.000488453718,29.0191704019014,0.0725478374141011
"CRS3035RES20000mN1540000E4700000",400.000488615921,73.974828012044,0.184936844122394
"CRS3035RES20000mN1540000E4720000",400.000488595717,394.431973094854,0.986078728252527
"CRS3035RES20000mN1540000E4740000",400.000488574581,400.000488574581,1
"CRS3035RES20000mN1540000E4760000",400.000488552377,399.021891232769,0.997553509689078
"CRS3035RES20000mN1540000E4780000",400.000488529196,59.1479030551212,0.147869577041289
"CRS3035RES20000mN1560000E2920000",400.000486461472,126.529822714567,0.316324172087613
"CRS3035RES20000mN1560000E4640000",400.000488745058,61.9413595744803,0.154853209726848
"CRS3035RES20000mN1560000E4660000",400.000488727812,210.950523428404,0.527375664213123
"CRS3035RES20000mN1560000E4680000",400.000488709602,218.625090623405,0.546562058783198
"CRS3035RES20000mN1560000E4700000",400.00048869041,373.331654226841,0.933327995296003
"CRS3035RES20000mN1560000E4720000",400.000488670193,400.000488670193,1
"CRS3035RES20000mN1560000E4740000",400.000488648887,400.000488648887,1
"CRS3035RES20000mN1560000E4760000",400.000488626677,400.000488626677,1
"CRS3035RES20000mN1560000E4780000",400.000488603445,286.544672443999,0.716360806069102
"CRS3035RES20000mN1580000E2880000",400.000486389437,37.9362398445745,0.0948404842879118
"CRS3035RES20000mN1580000E2900000",400.000486459553,282.275080247565,0.705686842398649
"CRS3035RES20000mN1580000E2920000",400.000486528782,194.37602704956,0.485939476565047
"CRS3035RES20000mN1580000E2940000",400.000486597029,1.8945766052978,0.0047364357514056
"CRS3035RES20000mN1580000E4600000",400.000488849927,31.2941926932042,0.0782353861196033
"CRS3035RES20000mN1580000E4620000",400.000488834649,234.324240295671,0.585809884828753
"CRS3035RES20000mN1580000E4640000",400.00048881846,381.589427808444,0.953972403722807
"CRS3035RES20000mN1580000E4660000",400.000488801197,400.000488801197,1
"CRS3035RES20000mN1580000E4680000",400.000488782995,400.000488782995,1
"CRS3035RES20000mN1580000E4700000",400.000488763677,400.000488763677,1
"CRS3035RES20000mN1580000E4720000",400.00048874341,400.00048874341,1
"CRS3035RES20000mN1580000E4740000",400.00048872211,400.00048872211,1
"CRS3035RES20000mN1580000E4760000",400.000488699839,392.387987036998,0.980968769094296
"CRS3035RES20000mN1580000E4780000",400.000488676554,112.356637113381,0.280891249621033
"CRS3035RES20000mN1580000E6360000",400.000483785328,34.5001939436807,0.0862503805425302
"CRS3035RES20000mN1580000E6380000",400.000483687523,59.2986405782476,0.148246422183257
"CRS3035RES20000mN1600000E2860000",400.000486384018,55.6826762058039,0.139206521244942
"CRS3035RES20000mN1600000E2880000",400.000486455223,326.661193400398,0.81665199033943
"CRS3035RES20000mN1600000E2900000",400.000486525515,400.000486525515,1
"CRS3035RES20000mN1600000E2920000",400.000486594948,400.000486594948,1
"CRS3035RES20000mN1600000E2940000",400.000486663362,201.766017071875,0.504414428979631
"CRS3035RES20000mN1600000E2960000",400.000486730919,7.50559076396954,0.0187639540774323
"CRS3035RES20000mN1600000E2980000",400.000486797501,3.31829269664955,0.00829572164578247
"CRS3035RES20000mN1600000E3000000",400.000486863165,4.96567615401888,0.0124141752750355
"CRS3035RES20000mN1600000E3100000",400.000487177299,1.1388883333559,0.00284721736564059
"CRS3035RES20000mN1600000E3140000",400.000487296251,16.2180334310257,0.0405450341839564
"CRS3035RES20000mN1600000E3160000",400.000487354351,146.330199897501,0.365825054027672
"CRS3035RES20000mN1600000E3180000",400.000487411472,140.607207357829,0.351517590060308
"CRS3035RES20000mN1600000E3200000",400.000487467659,28.2415916394736,0.0706038930558978
"CRS3035RES20000mN1600000E3220000",400.000487522867,248.51801365465,0.621294276898707
"CRS3035RES20000mN1600000E3240000",400.000487577024,42.4664402698903,0.106165971264505
"CRS3035RES20000mN1600000E4540000",400.000488961833,30.2402854405322,0.0756006211867847
"CRS3035RES20000mN1600000E4560000",400.00048894965,96.2741599120209,0.240685105572807
"CRS3035RES20000mN1600000E4580000",400.000488936428,186.728899310879,0.466821677661887
"CRS3035RES20000mN1600000E4600000",400.000488922219,342.496397218736,0.856239946460003
"CRS3035RES20000mN1600000E4620000",400.000488906939,400.000488906939,1
"CRS3035RES20000mN1600000E4640000",400.000488890621,400.000488890621,1
"CRS3035RES20000mN1600000E4660000",400.000488873477,400.000488873477,1
"CRS3035RES20000mN1600000E4680000",400.000488855065,400.000488855065,1
"CRS3035RES20000mN1600000E4700000",400.000488835856,400.000488835856,1
"CRS3035RES20000mN1600000E4720000",400.000488815473,400.000488815473,1
"CRS3035RES20000mN1600000E4740000",400.000488794174,400.000488794174,1
"CRS3035RES20000mN1600000E4760000",400.000488771769,299.990132816916,0.749974415626486
"CRS3035RES20000mN1600000E6340000",400.000483940781,92.7987717283167,0.231996648639194
"CRS3035RES20000mN1600000E6360000",400.000483843506,388.164808123863,0.970410846492193
"CRS3035RES20000mN1600000E6380000",400.00048374543,399.701354569878,0.999252177965508
"CRS3035RES20000mN1600000E6400000",400.000483646477,372.018222967571,0.930044432887144
"CRS3035RES20000mN1600000E6420000",400.000483546799,131.54250476232,0.3288558643628
"CRS3035RES20000mN1600000E6440000",400.000483446316,2.60710718076849,0.00651776007445349
"CRS3035RES20000mN1620000E2860000",400.000486448458,245.12042916347,0.612800327669239
"CRS3035RES20000mN1620000E2880000",400.000486519915,400.000486519915,1
"CRS3035RES20000mN1620000E2900000",400.000486590429,400.000486590429,1
"CRS3035RES20000mN1620000E2920000",400.000486659933,400.000486659933,1
"CRS3035RES20000mN1620000E2940000",400.000486728626,400.000486728626,1
"CRS3035RES20000mN1620000E2960000",400.000486796345,393.466804958882,0.983665815284897
"CRS3035RES20000mN1620000E2980000",400.000486863113,368.990012880802,0.922473909405705
"CRS3035RES20000mN1620000E3000000",400.000486928894,347.699413392673,0.869247475327404
"CRS3035RES20000mN1620000E3020000",400.000486993883,91.6826380239375,0.229206316004659
"CRS3035RES20000mN1620000E3040000",400.000487057747,107.694259701982,0.269235321422081
"CRS3035RES20000mN1620000E3060000",400.000487120779,138.308373204186,0.345770511930462
"CRS3035RES20000mN1620000E3080000",400.000487182756,216.359761374986,0.540898744646111
"CRS3035RES20000mN1620000E3100000",400.000487243914,338.304004101335,0.845758980026048
"CRS3035RES20000mN1620000E3120000",400.000487304079,349.64165130153,0.874103063368854
"CRS3035RES20000mN1620000E3140000",400.000487363251,393.928812243602,0.984820830695301
"CRS3035RES20000mN1620000E3160000",400.000487421465,400.000487421465,1
"CRS3035RES20000mN1620000E3180000",400.000487478733,400.000487478733,1
"CRS3035RES20000mN1620000E3200000",400.000487535011,400.000487535011,1
"CRS3035RES20000mN1620000E3220000",400.000487590296,400.000487590296,1
"CRS3035RES20000mN1620000E3240000",400.000487644693,344.80339594957,0.862007438990541
"CRS3035RES20000mN1620000E3260000",400.000487698067,13.3239691715477,0.0333098823159561
"CRS3035RES20000mN1620000E4520000",400.000489044291,16.1666079972104,0.0404164705794153
"CRS3035RES20000mN1620000E4540000",400.000489033121,343.144908006992,0.857861221211105
"CRS3035RES20000mN1620000E4560000",400.000489020853,400.000489020853,1
"CRS3035RES20000mN1620000E4580000",400.000489007597,400.000489007597,1
"CRS3035RES20000mN1620000E4600000",400.000488993335,400.000488993335,1
"CRS3035RES20000mN1620000E4620000",400.000488978087,400.000488978087,1
"CRS3035RES20000mN1620000E4640000",400.000488961819,400.000488961819,1
"CRS3035RES20000mN1620000E4660000",400.000488944408,400.000488944408,1
"CRS3035RES20000mN1620000E4680000",400.000488926121,400.000488926121,1
"CRS3035RES20000mN1620000E4700000",400.000488906658,400.000488906658,1
"CRS3035RES20000mN1620000E4720000",400.000488886326,400.000488886326,1
"CRS3035RES20000mN1620000E4740000",400.000488864924,400.000488864924,1
"CRS3035RES20000mN1620000E4760000",400.000488842547,389.829568258527,0.974572729614779
"CRS3035RES20000mN1620000E4780000",400.000488819131,27.9745397442396,0.0699362638951396
"CRS3035RES20000mN1620000E6340000",400.000483998314,170.433775986342,0.426083924406102
"CRS3035RES20000mN1620000E6360000",400.000483900757,397.12939922158,0.992822296985297
"CRS3035RES20000mN1620000E6380000",400.000483802341,400.000483802341,1
"CRS3035RES20000mN1620000E6400000",400.000483703156,400.000483703156,1
"CRS3035RES20000mN1620000E6420000",400.000483603073,400.000483603073,1
"CRS3035RES20000mN1620000E6440000",400.000483502357,281.62819842456,0.704069645013067
"CRS3035RES20000mN1620000E6460000",400.0004834007,13.6295213521928,0.0340737622022807
"CRS3035RES20000mN1640000E2840000",400.000486439343,0.0345552262624502,8.63879605998686e-05
"CRS3035RES20000mN1640000E2860000",400.000486511894,286.746909852527,0.716866402721238
"CRS3035RES20000mN1640000E2880000",400.000486583527,400.000486583527,1
"CRS3035RES20000mN1640000E2900000",400.000486654219,400.000486654219,1
"CRS3035RES20000mN1640000E2920000",400.000486724018,400.000486724018,1
"CRS3035RES20000mN1640000E2940000",400.000486792801,400.000486792801,1
"CRS3035RES20000mN1640000E2960000",400.000486860645,400.000486860645,1
"CRS3035RES20000mN1640000E2980000",400.000486927595,400.000486927595,1
"CRS3035RES20000mN1640000E3000000",400.000486993666,400.000486993666,1
"CRS3035RES20000mN1640000E3020000",400.000487058685,400.000487058685,1
"CRS3035RES20000mN1640000E3040000",400.000487122803,400.000487122803,1
"CRS3035RES20000mN1640000E3060000",400.000487185963,400.000487185963,1
"CRS3035RES20000mN1640000E3080000",400.000487248184,400.000487248184,1
"CRS3035RES20000mN1640000E3100000",400.000487309446,400.000487309446,1
"CRS3035RES20000mN1640000E3120000",400.000487369659,400.000487369659,1
"CRS3035RES20000mN1640000E3140000",400.000487429087,400.000487429087,1
"CRS3035RES20000mN1640000E3160000",400.000487487453,400.000487487453,1
"CRS3035RES20000mN1640000E3180000",400.000487544851,400.000487544851,1
"CRS3035RES20000mN1640000E3200000",400.000487601286,400.000487601286,1
"CRS3035RES20000mN1640000E3220000",400.000487656782,400.000487656782,1
"CRS3035RES20000mN1640000E3240000",400.000487711273,400.000487711273,1
"CRS3035RES20000mN1640000E3260000",400.000487764839,179.673521012651,0.449183254792133
"CRS3035RES20000mN1640000E4500000",400.000489124578,11.5692037859077,0.0289229740974256
"CRS3035RES20000mN1640000E4520000",400.000489114384,21.5963432745605,0.0539907921672186
"CRS3035RES20000mN1640000E4540000",400.000489103128,389.703545889506,0.974257673442575
"CRS3035RES20000mN1640000E4560000",400.000489090891,400.000489090891,1
"CRS3035RES20000mN1640000E4580000",400.000489077606,400.000489077606,1
"CRS3035RES20000mN1640000E4600000",400.000489063354,400.000489063354,1
"CRS3035RES20000mN1640000E4620000",400.000489047962,400.000489047962,1
"CRS3035RES20000mN1640000E4640000",400.000489031588,400.000489031588,1
"CRS3035RES20000mN1640000E4660000",400.000489014217,400.000489014217,1
"CRS3035RES20000mN1640000E4680000",400.000488995846,400.000488995846,1
"CRS3035RES20000mN1640000E4700000",400.00048897646,400.00048897646,1
"CRS3035RES20000mN1640000E4720000",400.000488956028,400.000488956028,1
"CRS3035RES20000mN1640000E4740000",400.000488934589,400.000488934589,1
"CRS3035RES20000mN1640000E4760000",400.000488912132,400.000488912132,1
"CRS3035RES20000mN1640000E4780000",400.000488888593,122.61432989549,0.306535450084514
"CRS3035RES20000mN1640000E6360000",400.000483956966,202.287009266025,0.505716911302007
"CRS3035RES20000mN1640000E6380000",400.000483858295,318.240670651115,0.795600714232775
"CRS3035RES20000mN1640000E6400000",400.000483758839,400.000483758839,1
"CRS3035RES20000mN1640000E6420000",400.000483658497,400.000483658497,1
"CRS3035RES20000mN1640000E6440000",400.000483557369,400.000483557369,1
"CRS3035RES20000mN1640000E6460000",400.000483455463,155.077004837347,0.387692043513776
"CRS3035RES20000mN1660000E2840000",400.000486501461,105.036152108337,0.262590060894722
"CRS3035RES20000mN1660000E2860000",400.000486574219,395.778862727793,0.989445953222252
"CRS3035RES20000mN1660000E2880000",400.000486646015,400.000486646015,1
"CRS3035RES20000mN1660000E2900000",400.000486716866,400.000486716866,1
"CRS3035RES20000mN1660000E2920000",400.000486786837,400.000486786837,1
"CRS3035RES20000mN1660000E2940000",400.000486855843,400.000486855843,1
"CRS3035RES20000mN1660000E2960000",400.000486923944,400.000486923944,1
"CRS3035RES20000mN1660000E2980000",400.00048699106,400.00048699106,1
"CRS3035RES20000mN1660000E3000000",400.000487057205,400.000487057205,1
"CRS3035RES20000mN1660000E3020000",400.000487122431,400.000487122431,1
"CRS3035RES20000mN1660000E3040000",400.000487186722,400.000487186722,1
"CRS3035RES20000mN1660000E3060000",400.00048725004,400.00048725004,1
"CRS3035RES20000mN1660000E3080000",400.000487312429,400.000487312429,1
"CRS3035RES20000mN1660000E3100000",400.000487373837,400.000487373837,1
"CRS3035RES20000mN1660000E3120000",400.00048743432,400.00048743432,1
"CRS3035RES20000mN1660000E3140000",400.000487493746,400.000487493746,1
"CRS3035RES20000mN1660000E3160000",400.000487552279,400.000487552279,1
"CRS3035RES20000mN1660000E3180000",400.000487609802,400.000487609802,1
"CRS3035RES20000mN1660000E3200000",400.000487666443,400.000487666443,1
"CRS3035RES20000mN1660000E3220000",400.000487722065,400.000487722065,1
"CRS3035RES20000mN1660000E3240000",400.000487776735,400.000487776735,1
"CRS3035RES20000mN1660000E3260000",400.000487830349,398.475317809659,0.996187079598421
"CRS3035RES20000mN1660000E3280000",400.000487883053,222.03120014515,0.555077323330828
"CRS3035RES20000mN1660000E3300000",400.00048793474,26.2982154882927,0.0657454585219987
"CRS3035RES20000mN1660000E3320000",400.000487985481,5.20758110552487,0.0130189368811817
"CRS3035RES20000mN1660000E3340000",400.000488035229,8.18917307789928,0.0204729077159977
"CRS3035RES20000mN1660000E3360000",400.000488083967,0.831349655259669,0.00207837160209953
"CRS3035RES20000mN1660000E4540000",400.000489171986,174.555960047701,0.436389366445619
"CRS3035RES20000mN1660000E4560000",400.000489159696,247.31698805467,0.618291714028209
"CRS3035RES20000mN1660000E4580000",400.000489146401,270.446238548511,0.67611476957351
"CRS3035RES20000mN1660000E4600000",400.000489131963,397.713942751203,0.994283641038237
"CRS3035RES20000mN1660000E4620000",400.000489116691,288.102964533418,0.720256530609818
"CRS3035RES20000mN1660000E4640000",400.00048910035,92.7592404254224,0.231897817510297
"CRS3035RES20000mN1660000E4660000",400.000489082905,185.240335510679,0.463100272540632
"CRS3035RES20000mN1660000E4680000",400.000489064436,207.472841677473,0.518681470022031
"CRS3035RES20000mN1660000E4700000",400.000489044995,251.479215025529,0.628697268910689
"CRS3035RES20000mN1660000E4720000",400.000489024534,367.802969615003,0.919506299884658
"CRS3035RES20000mN1660000E4740000",400.000489003051,400.000489003051,1
"CRS3035RES20000mN1660000E4760000",400.000488980463,400.000488980463,1
"CRS3035RES20000mN1660000E4780000",400.000488957015,330.097747765043,0.825243360641282
"CRS3035RES20000mN1660000E4800000",400.000488932355,11.6102086570902,0.0290254861639772
"CRS3035RES20000mN1660000E4820000",400.000488906754,196.370749808025,0.490926274477134
"CRS3035RES20000mN1660000E4840000",400.000488880245,183.933207572404,0.459832456923499
"CRS3035RES20000mN1660000E4860000",400.000488852559,7.35410413388252,0.0183852378655299
"CRS3035RES20000mN1660000E6380000",400.000483913254,115.291800231156,0.288229151883122
"CRS3035RES20000mN1660000E6400000",400.000483813515,400.000483813515,1
"CRS3035RES20000mN1660000E6420000",400.000483712944,400.000483712944,1
"CRS3035RES20000mN1660000E6440000",400.000483611511,400.000483611511,1
"CRS3035RES20000mN1660000E6460000",400.000483509262,394.082653701073,0.985205443362791
"CRS3035RES20000mN1660000E6480000",400.000483406315,282.179387963346,0.705447617363782
"CRS3035RES20000mN1660000E6500000",400.000483302456,13.9020688944907,0.0347551302431273
"CRS3035RES20000mN1680000E2840000",400.0004865625,68.1402343045369,0.170350378546077
"CRS3035RES20000mN1680000E2860000",400.000486635452,367.0017854954,0.917503347514358
"CRS3035RES20000mN1680000E2880000",400.000486707458,400.000486707458,1
"CRS3035RES20000mN1680000E2900000",400.000486778492,400.000486778492,1
"CRS3035RES20000mN1680000E2920000",400.000486848598,400.000486848598,1
"CRS3035RES20000mN1680000E2940000",400.000486917784,400.000486917784,1
"CRS3035RES20000mN1680000E2960000",400.000486986023,400.000486986023,1
"CRS3035RES20000mN1680000E2980000",400.000487053295,400.000487053295,1
"CRS3035RES20000mN1680000E3000000",400.00048711964,400.00048711964,1
"CRS3035RES20000mN1680000E3020000",400.000487185049,400.000487185049,1
"CRS3035RES20000mN1680000E3040000",400.000487249495,400.000487249495,1
"CRS3035RES20000mN1680000E3060000",400.000487313007,400.000487313007,1
"CRS3035RES20000mN1680000E3080000",400.000487375483,400.000487375483,1
"CRS3035RES20000mN1680000E3100000",400.000487437086,400.000487437086,1
"CRS3035RES20000mN1680000E3120000",400.000487497648,400.000487497648,1
"CRS3035RES20000mN1680000E3140000",400.000487557276,400.000487557276,1
"CRS3035RES20000mN1680000E3160000",400.000487616014,400.000487616014,1
"CRS3035RES20000mN1680000E3180000",400.000487673706,400.000487673706,1
"CRS3035RES20000mN1680000E3200000",400.000487730412,400.000487730412,1
"CRS3035RES20000mN1680000E3220000",400.000487786127,400.000487786127,1
"CRS3035RES20000mN1680000E3240000",400.000487840912,400.000487840912,1
"CRS3035RES20000mN1680000E3260000",400.00048789473,400.00048789473,1
"CRS3035RES20000mN1680000E3280000",400.000487947535,400.000487947535,1
"CRS3035RES20000mN1680000E3300000",400.000487999374,372.350799482874,0.930875863040088
"CRS3035RES20000mN1680000E3320000",400.000488050238,353.496419848086,0.883739971346458
"CRS3035RES20000mN1680000E3340000",400.000488100164,383.196184811935,0.95798929304301
"CRS3035RES20000mN1680000E3360000",400.000488149033,108.003998280981,0.270009666190059
"CRS3035RES20000mN1680000E4560000",400.000489227317,8.80621152994156,0.0220155018983916
"CRS3035RES20000mN1680000E4580000",400.000489213965,27.9827610364248,0.0699568170314322
"CRS3035RES20000mN1680000E4600000",400.000489199642,100.972878663699,0.252431887935275
"CRS3035RES20000mN1680000E4720000",400.0004890918,38.3288275587549,0.0958219517325602
"CRS3035RES20000mN1680000E4740000",400.000489070237,206.858624046462,0.517145927814451
"CRS3035RES20000mN1680000E4760000",400.000489047733,182.684371854629,0.456710371253642
"CRS3035RES20000mN1680000E4780000",400.000489024084,363.594403632197,0.908984897791726
"CRS3035RES20000mN1680000E4800000",400.000488999466,198.532983405346,0.496331851748339
"CRS3035RES20000mN1680000E4820000",400.000488973836,399.292851190732,0.99823090770484
"CRS3035RES20000mN1680000E4840000",400.000488947124,400.000488947124,1
"CRS3035RES20000mN1680000E4860000",400.000488919518,80.3294304994273,0.200823330782453
"CRS3035RES20000mN1680000E6380000",400.000483967319,18.0219247294424,0.0450547573110306
"CRS3035RES20000mN1680000E6400000",400.00048386721,79.7569031848333,0.199392016763936
"CRS3035RES20000mN1680000E6420000",400.000483766293,154.223626889518,0.385558600923157
"CRS3035RES20000mN1680000E6440000",400.0004836647,313.993193491279,0.784982034557947
"CRS3035RES20000mN1680000E6460000",400.000483562153,400.000483562153,1
"CRS3035RES20000mN1680000E6480000",400.000483458828,47.2244036722007,0.118060866486581
"CRS3035RES20000mN1700000E2820000",400.000486548462,11.1822364314604,0.0279555570743177
"CRS3035RES20000mN1700000E2840000",400.000486622475,296.543989401343,0.741359071598393
"CRS3035RES20000mN1700000E2860000",400.000486695549,400.000486695549,1
"CRS3035RES20000mN1700000E2880000",400.000486767746,400.000486767746,1
"CRS3035RES20000mN1700000E2900000",400.000486838997,400.000486838997,1
"CRS3035RES20000mN1700000E2920000",400.000486909313,400.000486909313,1
"CRS3035RES20000mN1700000E2940000",400.00048697864,400.00048697864,1
"CRS3035RES20000mN1700000E2960000",400.000487047037,400.000487047037,1
"CRS3035RES20000mN1700000E2980000",400.000487114553,400.000487114553,1
"CRS3035RES20000mN1700000E3000000",400.000487181017,400.000487181017,1
"CRS3035RES20000mN1700000E3020000",400.000487246605,400.000487246605,1
"CRS3035RES20000mN1700000E3040000",400.000487311174,400.000487311174,1
"CRS3035RES20000mN1700000E3060000",400.000487374807,400.000487374807,1
"CRS3035RES20000mN1700000E3080000",400.000487437473,400.000487437473,1
"CRS3035RES20000mN1700000E3100000",400.000487499205,400.000487499205,1
"CRS3035RES20000mN1700000E3120000",400.000487559977,400.000487559977,1
"CRS3035RES20000mN1700000E3140000",400.000487619745,400.000487619745,1
"CRS3035RES20000mN1700000E3160000",400.000487678555,400.000487678555,1
"CRS3035RES20000mN1700000E3180000",400.000487736404,400.000487736404,1
"CRS3035RES20000mN1700000E3200000",400.000487793262,400.000487793262,1
"CRS3035RES20000mN1700000E3220000",400.000487849184,400.000487849184,1
"CRS3035RES20000mN1700000E3240000",400.000487904089,400.000487904089,1
"CRS3035RES20000mN1700000E3260000",400.000487958012,400.000487958012,1
"CRS3035RES20000mN1700000E3280000",400.000488010994,400.000488010994,1
"CRS3035RES20000mN1700000E3300000",400.000488062916,400.000488062916,1
"CRS3035RES20000mN1700000E3320000",400.000488113915,400.000488113915,1
"CRS3035RES20000mN1700000E3340000",400.000488163895,400.000488163895,1
"CRS3035RES20000mN1700000E3360000",400.00048821294,224.976898554849,0.562441559909004
"CRS3035RES20000mN1700000E4740000",400.000489136289,18.7365687708628,0.0468413646476289
"CRS3035RES20000mN1700000E4760000",400.000489113682,2.31293981970513,0.00578234247870577
"CRS3035RES20000mN1700000E4780000",400.00048909004,7.0366410833894,0.0175915811988056
"CRS3035RES20000mN1700000E4800000",400.000489065403,108.476440006481,0.271190768441146
"CRS3035RES20000mN1700000E4820000",400.000489039706,218.810515038929,0.547025618804202
"CRS3035RES20000mN1700000E4840000",400.000489012961,400.000489012961,1
"CRS3035RES20000mN1700000E4860000",400.0004889852,302.054748658227,0.755135948519812
"CRS3035RES20000mN1700000E4880000",400.000488956493,20.8973962929864,0.052243426870559
"CRS3035RES20000mN1700000E6440000",400.000483716816,4.61262126383543,0.01153153921459
"CRS3035RES20000mN1700000E6460000",400.000483614033,201.415586321024,0.503538357007022
"CRS3035RES20000mN1700000E6480000",400.000483510448,215.50225027285,0.538754974447977
"CRS3035RES20000mN1720000E2720000",400.000486222027,102.607057820731,0.256517332740883
"CRS3035RES20000mN1720000E2740000",400.000486300869,46.3351191777716,0.115837657114546
"CRS3035RES20000mN1720000E2800000",400.000486531944,30.9578915493364,0.0773946347359358
"CRS3035RES20000mN1720000E2820000",400.000486607063,282.671414406975,0.706677676331566
"CRS3035RES20000mN1720000E2840000",400.000486681297,400.000486681297,1
"CRS3035RES20000mN1720000E2860000",400.000486754623,400.000486754623,1
"CRS3035RES20000mN1720000E2880000",400.000486826939,400.000486826939,1
"CRS3035RES20000mN1720000E2900000",400.000486898399,400.000486898399,1
"CRS3035RES20000mN1720000E2920000",400.000486968819,400.000486968819,1
"CRS3035RES20000mN1720000E2940000",400.000487038364,400.000487038364,1
"CRS3035RES20000mN1720000E2960000",400.000487106966,400.000487106966,1
"CRS3035RES20000mN1720000E2980000",400.000487174541,400.000487174541,1
"CRS3035RES20000mN1720000E3000000",400.000487241247,400.000487241247,1
"CRS3035RES20000mN1720000E3020000",400.000487306986,400.000487306986,1
"CRS3035RES20000mN1720000E3040000",400.000487371712,400.000487371712,1
"CRS3035RES20000mN1720000E3060000",400.000487435522,400.000487435522,1
"CRS3035RES20000mN1720000E3080000",400.000487498371,400.000487498371,1
"CRS3035RES20000mN1720000E3100000",400.00048756027,400.00048756027,1
"CRS3035RES20000mN1720000E3120000",400.000487621155,400.000487621155,1
"CRS3035RES20000mN1720000E3140000",400.000487681066,400.000487681066,1
"CRS3035RES20000mN1720000E3160000",400.000487740004,400.000487740004,1
"CRS3035RES20000mN1720000E3180000",400.000487798016,400.000487798016,1
"CRS3035RES20000mN1720000E3200000",400.00048785503,400.00048785503,1
"CRS3035RES20000mN1720000E3220000",400.000487911022,400.000487911022,1
"CRS3035RES20000mN1720000E3240000",400.00048796608,400.00048796608,1
"CRS3035RES20000mN1720000E3260000",400.000488020096,400.000488020096,1
"CRS3035RES20000mN1720000E3280000",400.00048807317,400.00048807317,1
"CRS3035RES20000mN1720000E3300000",400.000488125294,400.000488125294,1
"CRS3035RES20000mN1720000E3320000",400.00048817638,400.00048817638,1
"CRS3035RES20000mN1720000E3340000",400.000488226473,400.000488226473,1
"CRS3035RES20000mN1720000E3360000",400.000488275534,398.210715399036,0.995525573270638
"CRS3035RES20000mN1720000E3380000",400.000488323664,63.3436423082927,0.158358912444721
"CRS3035RES20000mN1720000E4580000",400.000489345568,0.223214234654553,0.000558034903956616
"CRS3035RES20000mN1720000E4700000",400.000489243464,3.37112995285678,0.00842781457400895
"CRS3035RES20000mN1720000E4720000",400.000489222831,6.62840269606774,0.0165709864729071
"CRS3035RES20000mN1720000E4740000",400.000489201183,57.3746743419907,0.1434365104317
"CRS3035RES20000mN1720000E4820000",400.000489104214,32.8157627900691,0.0820393066607463
"CRS3035RES20000mN1720000E4840000",400.000489077498,400.000489077498,1
"CRS3035RES20000mN1720000E4860000",400.000489049736,400.000489049736,1
"CRS3035RES20000mN1720000E4880000",400.000489020925,316.752063973509,0.791879191820034
"CRS3035RES20000mN1720000E6480000",400.000483561096,140.516914355886,0.351291861212022
"CRS3035RES20000mN1720000E6500000",400.000483456352,118.424545628397,0.296061006239557
"CRS3035RES20000mN1740000E2620000",400.000485869671,3.08496487128067,0.00771240281014514
"CRS3035RES20000mN1740000E2640000",400.000485953255,9.6407145174517,0.0241017570128111
"CRS3035RES20000mN1740000E2660000",400.000486035992,0.769169750790358,0.00192292204045259
"CRS3035RES20000mN1740000E2680000",400.000486117779,113.544842935472,0.283861762363057
"CRS3035RES20000mN1740000E2700000",400.000486198662,246.432116887931,0.616079543377204
"CRS3035RES20000mN1740000E2720000",400.00048627866,399.654746665571,0.999135652018063
"CRS3035RES20000mN1740000E2740000",400.000486357731,394.65691131612,0.986641078639009
"CRS3035RES20000mN1740000E2760000",400.000486435848,321.518612566831,0.803795553929646
"CRS3035RES20000mN1740000E2780000",400.000486513046,338.261515887991,0.845652761167225
"CRS3035RES20000mN1740000E2800000",400.000486589306,388.431002453292,0.971076324844843
"CRS3035RES20000mN1740000E2820000",400.00048666465,393.147416362852,0.982867345090148
"CRS3035RES20000mN1740000E2840000",400.000486739075,400.000486739075,1
"CRS3035RES20000mN1740000E2860000",400.000486812523,400.000486812523,1
"CRS3035RES20000mN1740000E2880000",400.000486885075,400.000486885075,1
"CRS3035RES20000mN1740000E2900000",400.000486956661,400.000486956661,1
"CRS3035RES20000mN1740000E2920000",400.000487027309,400.000487027309,1
"CRS3035RES20000mN1740000E2940000",400.000487097061,400.000487097061,1
"CRS3035RES20000mN1740000E2960000",400.000487165756,400.000487165756,1
"CRS3035RES20000mN1740000E2980000",400.000487233559,400.000487233559,1
"CRS3035RES20000mN1740000E3000000",400.000487300394,400.000487300394,1
"CRS3035RES20000mN1740000E3020000",400.00048736622,400.00048736622,1
"CRS3035RES20000mN1740000E3040000",400.000487431183,400.000487431183,1
"CRS3035RES20000mN1740000E3060000",400.000487495131,400.000487495131,1
"CRS3035RES20000mN1740000E3080000",400.000487558081,400.000487558081,1
"CRS3035RES20000mN1740000E3100000",400.000487620085,400.000487620085,1
"CRS3035RES20000mN1740000E3120000",400.000487681105,400.000487681105,1
"CRS3035RES20000mN1740000E3140000",400.000487741198,400.000487741198,1
"CRS3035RES20000mN1740000E3160000",400.000487800352,400.000487800352,1
"CRS3035RES20000mN1740000E3180000",400.000487858419,400.000487858419,1
"CRS3035RES20000mN1740000E3200000",400.000487915546,400.000487915546,1
"CRS3035RES20000mN1740000E3220000",400.000487971764,400.000487971764,1
"CRS3035RES20000mN1740000E3240000",400.000488026955,400.000488026955,1
"CRS3035RES20000mN1740000E3260000",400.000488081085,400.000488081085,1
"CRS3035RES20000mN1740000E3280000",400.000488134302,400.000488134302,1
"CRS3035RES20000mN1740000E3300000",400.000488186476,400.000488186476,1
"CRS3035RES20000mN1740000E3320000",400.000488237751,400.000488237751,1
"CRS3035RES20000mN1740000E3340000",400.000488287926,400.000488287926,1
"CRS3035RES20000mN1740000E3360000",400.000488337175,400.000488337175,1
"CRS3035RES20000mN1740000E3380000",400.000488385372,328.980312782181,0.822449777774352
"CRS3035RES20000mN1740000E3400000",400.00048843257,4.57562822098923,0.0114390565844536
"CRS3035RES20000mN1740000E4180000",400.00048948119,2.04025356506005,0.00510062767099687
"CRS3035RES20000mN1740000E4200000",400.000489487471,29.8929796093044,0.0747323575718792
"CRS3035RES20000mN1740000E4220000",400.000489492704,16.9479103227525,0.0423697239577044
"CRS3035RES20000mN1740000E4580000",400.000489409553,6.67332281641364,0.0166832866286345
"CRS3035RES20000mN1740000E4600000",400.000489395124,0.776677641964018,0.00194169172927389
"CRS3035RES20000mN1740000E4760000",400.000489242129,3.10752051737475,0.00776879179138629
"CRS3035RES20000mN1740000E4820000",400.000489167819,72.2045304196638,0.1805111052986
"CRS3035RES20000mN1740000E4840000",400.000489140906,366.504968450396,0.916261300673781
"CRS3035RES20000mN1740000E4860000",400.000489113038,400.000489113038,1
"CRS3035RES20000mN1740000E4880000",400.000489084137,303.905063370895,0.759761729458714
"CRS3035RES20000mN1740000E6500000",400.000483505745,91.1887013314552,0.22797147776484
"CRS3035RES20000mN1740000E6520000",400.000483399971,34.5552788966281,0.0863880928415664
"CRS3035RES20000mN1760000E2620000",400.000485924191,15.5878898703816,0.0389696773351817
"CRS3035RES20000mN1760000E2640000",400.000486008053,321.642048542181,0.80410414435273
"CRS3035RES20000mN1760000E2660000",400.000486090958,371.36390521656,0.928408634813794
"CRS3035RES20000mN1760000E2680000",400.000486172974,400.000486172974,1
"CRS3035RES20000mN1760000E2700000",400.000486254025,400.000486254025,1
"CRS3035RES20000mN1760000E2720000",400.000486334236,400.000486334236,1
"CRS3035RES20000mN1760000E2740000",400.000486413433,400.000486413433,1
"CRS3035RES20000mN1760000E2760000",400.000486491791,400.000486491791,1
"CRS3035RES20000mN1760000E2780000",400.000486569164,400.000486569164,1
"CRS3035RES20000mN1760000E2800000",400.000486645676,400.000486645676,1
"CRS3035RES20000mN1760000E2820000",400.000486721165,400.000486721165,1
"CRS3035RES20000mN1760000E2840000",400.00048679578,400.00048679578,1
"CRS3035RES20000mN1760000E2860000",400.000486869396,400.000486869396,1
"CRS3035RES20000mN1760000E2880000",400.000486942093,400.000486942093,1
"CRS3035RES20000mN1760000E2900000",400.000487013855,400.000487013855,1
"CRS3035RES20000mN1760000E2920000",400.000487084633,400.000487084633,1
"CRS3035RES20000mN1760000E2940000",400.000487154472,400.000487154472,1
"CRS3035RES20000mN1760000E2960000",400.000487223423,400.000487223423,1
"CRS3035RES20000mN1760000E2980000",400.000487291367,400.000487291367,1
"CRS3035RES20000mN1760000E3000000",400.000487358372,400.000487358372,1
"CRS3035RES20000mN1760000E3020000",400.000487424419,400.000487424419,1
"CRS3035RES20000mN1760000E3040000",400.000487489458,400.000487489458,1
"CRS3035RES20000mN1760000E3060000",400.000487553566,400.000487553566,1
"CRS3035RES20000mN1760000E3080000",400.000487616728,400.000487616728,1
"CRS3035RES20000mN1760000E3100000",400.000487678877,400.000487678877,1
"CRS3035RES20000mN1760000E3120000",400.000487740032,400.000487740032,1
"CRS3035RES20000mN1760000E3140000",400.00048780031,400.00048780031,1
"CRS3035RES20000mN1760000E3160000",400.000487859459,400.000487859459,1
"CRS3035RES20000mN1760000E3180000",400.000487917711,400.000487917711,1
"CRS3035RES20000mN1760000E3200000",400.00048797506,400.00048797506,1
"CRS3035RES20000mN1760000E3220000",400.000488031254,400.000488031254,1
"CRS3035RES20000mN1760000E3240000",400.00048808658,400.00048808658,1
"CRS3035RES20000mN1760000E3260000",400.000488140894,400.000488140894,1
"CRS3035RES20000mN1760000E3280000",400.00048819426,400.00048819426,1
"CRS3035RES20000mN1760000E3300000",400.000488246607,400.000488246607,1
"CRS3035RES20000mN1760000E3320000",400.000488297867,400.000488297867,1
"CRS3035RES20000mN1760000E3340000",400.000488348253,400.000488348253,1
"CRS3035RES20000mN1760000E3360000",400.000488397532,400.000488397532,1
"CRS3035RES20000mN1760000E3380000",400.000488445934,400.000488445934,1
"CRS3035RES20000mN1760000E3400000",400.000488493248,297.915154629732,0.744786977015807
"CRS3035RES20000mN1760000E3420000",400.000488539545,111.200509042536,0.278000933070216
"CRS3035RES20000mN1760000E3440000",400.000488584867,5.90187153550851,0.0147546608165113
"CRS3035RES20000mN1760000E3560000",400.000488835695,65.9873602512684,0.16496819902231
"CRS3035RES20000mN1760000E3580000",400.000488873943,19.7006814006622,0.0492516433070428
"CRS3035RES20000mN1760000E4160000",400.000489536776,18.2776663746291,0.0456941100142046
"CRS3035RES20000mN1760000E4180000",400.000489544091,162.580100444464,0.406449753673473
"CRS3035RES20000mN1760000E4200000",400.000489550356,391.994580022762,0.979985250676584
"CRS3035RES20000mN1760000E4220000",400.000489555639,283.089458210879,0.707722779353004
"CRS3035RES20000mN1760000E4260000",400.00048956305,0.0619909799975157,0.000154977260315939
"CRS3035RES20000mN1760000E4760000",400.000489304547,9.12989991017318,0.0228247218548325
"CRS3035RES20000mN1760000E4840000",400.000489203148,0.781544394611478,0.00195385859694425
"CRS3035RES20000mN1760000E4860000",400.000489175187,343.344529342616,0.858360273635171
"CRS3035RES20000mN1760000E4880000",400.000489146194,327.845120889883,0.819611799949724
"CRS3035RES20000mN1760000E4900000",400.000489116243,22.2134466688991,0.0555335487663458
"CRS3035RES20000mN1760000E6520000",400.000483448227,0.0517929263708591,0.000129482159432347
"CRS3035RES20000mN1780000E2640000",400.000486061703,92.8667492850652,0.232166591094441
"CRS3035RES20000mN1780000E2660000",400.000486144844,397.583020619091,0.993956343530849
"CRS3035RES20000mN1780000E2680000",400.000486226994,400.000486226994,1
"CRS3035RES20000mN1780000E2700000",400.000486308365,400.000486308365,1
"CRS3035RES20000mN1780000E2720000",400.000486388638,400.000486388638,1
"CRS3035RES20000mN1780000E2740000",400.000486468109,400.000486468109,1
"CRS3035RES20000mN1780000E2760000",400.000486546608,400.000486546608,1
"CRS3035RES20000mN1780000E2780000",400.000486624237,400.000486624237,1
"CRS3035RES20000mN1780000E2800000",400.000486700806,400.000486700806,1
"CRS3035RES20000mN1780000E2820000",400.000486776508,400.000486776508,1
"CRS3035RES20000mN1780000E2840000",400.000486851295,400.000486851295,1
"CRS3035RES20000mN1780000E2860000",400.000486925137,400.000486925137,1
"CRS3035RES20000mN1780000E2880000",400.000486998005,400.000486998005,1
"CRS3035RES20000mN1780000E2900000",400.000487069981,400.000487069981,1
"CRS3035RES20000mN1780000E2920000",400.000487140923,400.000487140923,1
"CRS3035RES20000mN1780000E2940000",400.000487210949,400.000487210949,1
"CRS3035RES20000mN1780000E2960000",400.000487279972,400.000487279972,1
"CRS3035RES20000mN1780000E2980000",400.00048734816,400.00048734816,1
"CRS3035RES20000mN1780000E3000000",400.000487415241,400.000487415241,1
"CRS3035RES20000mN1780000E3020000",400.000487481441,400.000487481441,1
"CRS3035RES20000mN1780000E3040000",400.000487546648,400.000487546648,1
"CRS3035RES20000mN1780000E3060000",400.000487610916,400.000487610916,1
"CRS3035RES20000mN1780000E3080000",400.000487674128,400.000487674128,1
"CRS3035RES20000mN1780000E3100000",400.000487736465,400.000487736465,1
"CRS3035RES20000mN1780000E3120000",400.000487797785,400.000487797785,1
"CRS3035RES20000mN1780000E3140000",400.000487858082,400.000487858082,1
"CRS3035RES20000mN1780000E3160000",400.000487917534,400.000487917534,1
"CRS3035RES20000mN1780000E3180000",400.000487975952,400.000487975952,1
"CRS3035RES20000mN1780000E3200000",400.000488033318,400.000488033318,1
"CRS3035RES20000mN1780000E3220000",400.000488089705,400.000488089705,1
"CRS3035RES20000mN1780000E3240000",400.000488145107,400.000488145107,1
"CRS3035RES20000mN1780000E3260000",400.000488199558,400.000488199558,1
"CRS3035RES20000mN1780000E3280000",400.000488252975,400.000488252975,1
"CRS3035RES20000mN1780000E3300000",400.000488305412,400.000488305412,1
"CRS3035RES20000mN1780000E3320000",400.000488356905,400.000488356905,1
"CRS3035RES20000mN1780000E3340000",400.000488407352,400.000488407352,1
"CRS3035RES20000mN1780000E3360000",400.000488456818,400.000488456818,1
"CRS3035RES20000mN1780000E3380000",400.000488505249,400.000488505249,1
"CRS3035RES20000mN1780000E3400000",400.000488552668,400.000488552668,1
"CRS3035RES20000mN1780000E3420000",400.000488599117,400.000488599117,1
"CRS3035RES20000mN1780000E3440000",400.000488644554,306.578444848733,0.76644517582368
"CRS3035RES20000mN1780000E3460000",400.000488688986,63.1623554514169,0.157905695711606
"CRS3035RES20000mN1780000E3540000",400.000488856588,10.2576069037972,0.0256439859189142
"CRS3035RES20000mN1780000E3560000",400.000488895893,74.2273903289814,0.185568249013566
"CRS3035RES20000mN1780000E4160000",400.00048959849,60.3500960163332,0.150875055370335
"CRS3035RES20000mN1780000E4180000",400.000489605892,339.058809426541,0.847645986035178
"CRS3035RES20000mN1780000E4200000",400.000489612181,400.000489612181,1
"CRS3035RES20000mN1780000E4220000",400.000489617433,350.674688265071,0.876685647561237
"CRS3035RES20000mN1780000E4240000",400.000489621679,155.414633008093,0.388536106930981
"CRS3035RES20000mN1780000E4260000",400.000489624892,287.696924830178,0.719241431679175
"CRS3035RES20000mN1780000E4280000",400.000489626921,68.3047431843208,0.170761648937051
"CRS3035RES20000mN1780000E4840000",400.000489264138,111.569777035309,0.278924101419373
"CRS3035RES20000mN1780000E4860000",400.00048923616,392.125857134261,0.980313443823689
"CRS3035RES20000mN1780000E4880000",400.00048920714,400.00048920714,1
"CRS3035RES20000mN1780000E4900000",400.000489177065,350.710216705395,0.876774469518584
"CRS3035RES20000mN1780000E4920000",400.00048914597,242.075067690121,0.605186929163434
"CRS3035RES20000mN1780000E4940000",400.000489113971,54.9247820670817,0.13731178726492
"CRS3035RES20000mN1800000E2660000",400.000486197693,308.999288785656,0.772497282998147
"CRS3035RES20000mN1800000E2680000",400.000486280087,400.000486280087,1
"CRS3035RES20000mN1800000E2700000",400.000486361553,400.000486361553,1
"CRS3035RES20000mN1800000E2720000",400.000486442135,400.000486442135,1
"CRS3035RES20000mN1800000E2740000",400.000486521725,400.000486521725,1
"CRS3035RES20000mN1800000E2760000",400.000486600407,400.000486600407,1
"CRS3035RES20000mN1800000E2780000",400.000486678154,400.000486678154,1
"CRS3035RES20000mN1800000E2800000",400.000486754963,400.000486754963,1
"CRS3035RES20000mN1800000E2820000",400.000486830925,400.000486830925,1
"CRS3035RES20000mN1800000E2840000",400.000486905804,400.000486905804,1
"CRS3035RES20000mN1800000E2860000",400.000486979778,400.000486979778,1
"CRS3035RES20000mN1800000E2880000",400.000487052845,400.000487052845,1
"CRS3035RES20000mN1800000E2900000",400.000487124893,400.000487124893,1
"CRS3035RES20000mN1800000E2920000",400.000487196049,400.000487196049,1
"CRS3035RES20000mN1800000E2940000",400.000487266235,400.000487266235,1
"CRS3035RES20000mN1800000E2960000",400.000487335472,400.000487335472,1
"CRS3035RES20000mN1800000E2980000",400.000487403725,400.000487403725,1
"CRS3035RES20000mN1800000E3000000",400.000487471043,400.000487471043,1
"CRS3035RES20000mN1800000E3020000",400.000487537331,400.000487537331,1
"CRS3035RES20000mN1800000E3040000",400.000487602751,400.000487602751,1
"CRS3035RES20000mN1800000E3060000",400.000487667141,400.000487667141,1
"CRS3035RES20000mN1800000E3080000",400.000487730579,400.000487730579,1
"CRS3035RES20000mN1800000E3100000",400.000487792961,400.000487792961,1
"CRS3035RES20000mN1800000E3120000",400.000487854462,400.000487854462,1
"CRS3035RES20000mN1800000E3140000",400.000487914934,400.000487914934,1
"CRS3035RES20000mN1800000E3160000",400.000487974451,400.000487974451,1
"CRS3035RES20000mN1800000E3180000",400.000488032888,400.000488032888,1
"CRS3035RES20000mN1800000E3200000",400.000488090433,400.000488090433,1
"CRS3035RES20000mN1800000E3220000",400.000488146933,400.000488146933,1
"CRS3035RES20000mN1800000E3240000",400.000488202553,400.000488202553,1
"CRS3035RES20000mN1800000E3260000",400.000488257055,400.000488257055,1
"CRS3035RES20000mN1800000E3280000",400.000488310617,400.000488310617,1
"CRS3035RES20000mN1800000E3300000",400.000488363211,400.000488363211,1
"CRS3035RES20000mN1800000E3320000",400.000488414732,400.000488414732,1
"CRS3035RES20000mN1800000E3340000",400.000488465279,400.000488465279,1
"CRS3035RES20000mN1800000E3360000",400.000488514858,400.000488514858,1
"CRS3035RES20000mN1800000E3380000",400.000488563396,400.000488563396,1
"CRS3035RES20000mN1800000E3400000",400.000488611021,400.000488611021,1
"CRS3035RES20000mN1800000E3420000",400.000488657551,400.000488657551,1
"CRS3035RES20000mN1800000E3440000",400.000488703047,253.106314913079,0.632765014197222
"CRS3035RES20000mN1800000E3460000",400.000488747543,26.3962659948406,0.0659905843552616
"CRS3035RES20000mN1800000E3540000",400.000488915512,25.6753829408326,0.0641883788953462
"CRS3035RES20000mN1800000E3560000",400.000488954927,325.618601198076,0.814045507916283
"CRS3035RES20000mN1800000E3580000",400.000488993353,168.463200164866,0.421157485554137
"CRS3035RES20000mN1800000E3700000",400.000489202393,31.9343424734011,0.0798357585438924
"CRS3035RES20000mN1800000E4180000",400.000489666419,347.373718784469,0.868433233854693
"CRS3035RES20000mN1800000E4200000",400.000489672765,400.000489672765,1
"CRS3035RES20000mN1800000E4220000",400.000489678009,400.000489678009,1
"CRS3035RES20000mN1800000E4240000",400.000489682232,400.000489682232,1
"CRS3035RES20000mN1800000E4260000",400.000489685373,400.000489685373,1
"CRS3035RES20000mN1800000E4280000",400.000489687612,158.030968251647,0.395076936968413
"CRS3035RES20000mN1800000E4840000",400.00048932395,253.12898407258,0.632821686044434
"CRS3035RES20000mN1800000E4860000",400.000489295893,400.000489295893,1
"CRS3035RES20000mN1800000E4880000",400.00048926685,400.00048926685,1
"CRS3035RES20000mN1800000E4900000",400.000489236636,400.000489236636,1
"CRS3035RES20000mN1800000E4920000",400.000489205607,399.260751443292,0.998150657855984
"CRS3035RES20000mN1800000E4940000",400.000489173323,24.5464917677357,0.0613661543726251
"CRS3035RES20000mN1820000E2660000",400.000486249439,217.856561159345,0.544640740820225
"CRS3035RES20000mN1820000E2680000",400.000486332047,400.000486332047,1
"CRS3035RES20000mN1820000E2700000",400.000486413692,400.000486413692,1
"CRS3035RES20000mN1820000E2720000",400.000486494419,400.000486494419,1
"CRS3035RES20000mN1820000E2740000",400.000486574203,400.000486574203,1
"CRS3035RES20000mN1820000E2760000",400.000486653084,400.000486653084,1
"CRS3035RES20000mN1820000E2780000",400.000486730988,400.000486730988,1
"CRS3035RES20000mN1820000E2800000",400.000486808018,400.000486808018,1
"CRS3035RES20000mN1820000E2820000",400.000486884014,400.000486884014,1
"CRS3035RES20000mN1820000E2840000",400.000486959129,400.000486959129,1
"CRS3035RES20000mN1820000E2860000",400.00048703334,400.00048703334,1
"CRS3035RES20000mN1820000E2880000",400.000487106541,400.000487106541,1
"CRS3035RES20000mN1820000E2900000",400.000487178802,400.000487178802,1
"CRS3035RES20000mN1820000E2920000",400.000487250099,400.000487250099,1
"CRS3035RES20000mN1820000E2940000",400.000487320438,400.000487320438,1
"CRS3035RES20000mN1820000E2960000",400.000487389812,400.000487389812,1
"CRS3035RES20000mN1820000E2980000",400.000487458225,400.000487458225,1
"CRS3035RES20000mN1820000E3000000",400.000487525597,400.000487525597,1
"CRS3035RES20000mN1820000E3020000",400.000487592197,400.000487592197,1
"CRS3035RES20000mN1820000E3040000",400.000487657597,400.000487657597,1
"CRS3035RES20000mN1820000E3060000",400.000487722147,400.000487722147,1
"CRS3035RES20000mN1820000E3080000",400.000487785698,400.000487785698,1
"CRS3035RES20000mN1820000E3100000",400.000487848307,400.000487848307,1
"CRS3035RES20000mN1820000E3120000",400.000487909883,400.000487909883,1
"CRS3035RES20000mN1820000E3140000",400.000487970539,400.000487970539,1
"CRS3035RES20000mN1820000E3160000",400.000488030104,400.000488030104,1
"CRS3035RES20000mN1820000E3180000",400.000488088827,400.000488088827,1
"CRS3035RES20000mN1820000E3200000",400.000488146454,400.000488146454,1
"CRS3035RES20000mN1820000E3220000",400.000488203163,400.000488203163,1
"CRS3035RES20000mN1820000E3240000",400.000488258736,400.000488258736,1
"CRS3035RES20000mN1820000E3260000",400.000488313414,400.000488313414,1
"CRS3035RES20000mN1820000E3280000",400.000488367144,400.000488367144,1
"CRS3035RES20000mN1820000E3300000",400.000488419748,400.000488419748,1
"CRS3035RES20000mN1820000E3320000",400.000488471483,400.000488471483,1
"CRS3035RES20000mN1820000E3340000",400.000488522119,400.000488522119,1
"CRS3035RES20000mN1820000E3360000",400.00048857177,400.00048857177,1
"CRS3035RES20000mN1820000E3380000",400.000488620472,400.000488620472,1
"CRS3035RES20000mN1820000E3400000",400.000488668062,400.000488668062,1
"CRS3035RES20000mN1820000E3420000",400.000488714726,348.759999141641,0.871898932579483
"CRS3035RES20000mN1820000E3440000",400.000488760416,3.1349814376955,0.00783744401765776
"CRS3035RES20000mN1820000E3560000",400.000489012802,2.67169632487515,0.00667923264661218
"CRS3035RES20000mN1820000E3580000",400.000489051325,12.0345248266436,0.030086275282277
"CRS3035RES20000mN1820000E3680000",400.000489228439,5.47927770752954,0.0136981775149788
"CRS3035RES20000mN1820000E3700000",400.000489260796,115.22426394673,0.288060307525288
"CRS3035RES20000mN1820000E3720000",400.000489292029,157.565299554507,0.393912767040324
"CRS3035RES20000mN1820000E4180000",400.000489725765,281.937008738927,0.704841658899516
"CRS3035RES20000mN1820000E4200000",400.000489732147,400.000489732147,1
"CRS3035RES20000mN1820000E4220000",400.000489737391,400.000489737391,1
"CRS3035RES20000mN1820000E4240000",400.000489741646,400.000489741646,1
"CRS3035RES20000mN1820000E4260000",400.000489744845,400.000489744845,1
"CRS3035RES20000mN1820000E4280000",400.000489746951,208.24886202435,0.520621517628873
"CRS3035RES20000mN1820000E4820000",400.000489409682,5.90594622496414,0.014764847497262
"CRS3035RES20000mN1820000E4840000",400.000489382558,353.443954421939,0.883608804998004
"CRS3035RES20000mN1820000E4860000",400.000489354488,400.000489354488,1
"CRS3035RES20000mN1820000E4880000",400.000489325316,400.000489325316,1
"CRS3035RES20000mN1820000E4900000",400.00048929516,400.00048929516,1
"CRS3035RES20000mN1820000E4920000",400.000489263927,366.893203404073,0.917231886588994
"CRS3035RES20000mN1820000E4940000",400.000489231754,1.27191920706326,0.00317979412851749
"CRS3035RES20000mN1840000E2660000",400.000486300091,161.091885939922,0.402729225231658
"CRS3035RES20000mN1840000E2680000",400.000486382904,400.000486382904,1
"CRS3035RES20000mN1840000E2700000",400.000486464748,400.000486464748,1
"CRS3035RES20000mN1840000E2720000",400.000486545635,400.000486545635,1
"CRS3035RES20000mN1840000E2740000",400.000486625565,400.000486625565,1
"CRS3035RES20000mN1840000E2760000",400.000486704662,400.000486704662,1
"CRS3035RES20000mN1840000E2780000",400.000486782852,400.000486782852,1
"CRS3035RES20000mN1840000E2800000",400.000486859955,400.000486859955,1
"CRS3035RES20000mN1840000E2820000",400.000486936172,400.000486936172,1
"CRS3035RES20000mN1840000E2840000",400.000487011498,400.000487011498,1
"CRS3035RES20000mN1840000E2860000",400.000487085766,400.000487085766,1
"CRS3035RES20000mN1840000E2880000",400.000487159199,400.000487159199,1
"CRS3035RES20000mN1840000E2900000",400.000487231533,400.000487231533,1
"CRS3035RES20000mN1840000E2920000",400.000487303082,400.000487303082,1
"CRS3035RES20000mN1840000E2940000",400.000487373467,400.000487373467,1
"CRS3035RES20000mN1840000E2960000",400.000487443028,400.000487443028,1
"CRS3035RES20000mN1840000E2980000",400.00048751157,400.00048751157,1
"CRS3035RES20000mN1840000E3000000",400.000487579159,400.000487579159,1
"CRS3035RES20000mN1840000E3020000",400.000487645775,400.000487645775,1
"CRS3035RES20000mN1840000E3040000",400.000487711468,400.000487711468,1
"CRS3035RES20000mN1840000E3060000",400.000487776175,400.000487776175,1
"CRS3035RES20000mN1840000E3080000",400.000487839832,400.000487839832,1
"CRS3035RES20000mN1840000E3100000",400.000487902508,400.000487902508,1
"CRS3035RES20000mN1840000E3120000",400.000487964279,400.000487964279,1
"CRS3035RES20000mN1840000E3140000",400.000488024958,400.000488024958,1
"CRS3035RES20000mN1840000E3160000",400.000488084824,400.000488084824,1
"CRS3035RES20000mN1840000E3180000",400.000488143501,400.000488143501,1
"CRS3035RES20000mN1840000E3200000",400.000488201296,400.000488201296,1
"CRS3035RES20000mN1840000E3220000",400.000488258024,400.000488258024,1
"CRS3035RES20000mN1840000E3240000",400.000488313849,400.000488313849,1
"CRS3035RES20000mN1840000E3260000",400.000488368692,400.000488368692,1
"CRS3035RES20000mN1840000E3280000",400.000488422491,400.000488422491,1
"CRS3035RES20000mN1840000E3300000",400.000488475267,400.000488475267,1
"CRS3035RES20000mN1840000E3320000",400.000488526999,400.000488526999,1
"CRS3035RES20000mN1840000E3340000",400.000488577829,400.000488577829,1
"CRS3035RES20000mN1840000E3360000",400.000488627613,400.000488627613,1
"CRS3035RES20000mN1840000E3380000",400.000488676348,400.000488676348,1
"CRS3035RES20000mN1840000E3400000",400.000488724083,400.000488724083,1
"CRS3035RES20000mN1840000E3420000",400.000488770821,277.101491654105,0.692752882641775
"CRS3035RES20000mN1840000E3660000",400.000489252123,60.2925754958999,0.150731254375784
"CRS3035RES20000mN1840000E3680000",400.000489285547,119.616297380108,0.299040377659934
"CRS3035RES20000mN1840000E3700000",400.000489317966,400.000489317966,1
"CRS3035RES20000mN1840000E3720000",400.000489349359,399.261327947416,0.998152098755813
"CRS3035RES20000mN1840000E3740000",400.00048937968,97.1332160767411,0.242832743098328
"CRS3035RES20000mN1840000E4180000",400.000489783901,185.524990672404,0.463811908761995
"CRS3035RES20000mN1840000E4200000",400.000489790179,400.000489790179,1
"CRS3035RES20000mN1840000E4220000",400.000489795546,400.000489795546,1
"CRS3035RES20000mN1840000E4240000",400.000489799742,400.000489799742,1
"CRS3035RES20000mN1840000E4260000",400.000489803022,400.000489803022,1
"CRS3035RES20000mN1840000E4280000",400.000489805166,250.312053433873,0.625779367309765
"CRS3035RES20000mN1840000E4820000",400.000489467211,216.806083879989,0.542014546454102
"CRS3035RES20000mN1840000E4840000",400.000489440062,400.000489440062,1
"CRS3035RES20000mN1840000E4860000",400.000489411835,400.000489411835,1
"CRS3035RES20000mN1840000E4880000",400.000489382684,400.000489382684,1
"CRS3035RES20000mN1840000E4900000",400.000489352426,343.99367952225,0.859983146718528
"CRS3035RES20000mN1840000E4920000",400.000489321177,127.877099197179,0.319692356912347
"CRS3035RES20000mN1840000E4940000",400.000489288845,0.0280737604069412,7.01843151663467e-05
"CRS3035RES20000mN1860000E2660000",400.000486349758,67.0039637260015,0.167509705644242
"CRS3035RES20000mN1860000E2680000",400.000486432671,394.145711310725,0.985363079994826
"CRS3035RES20000mN1860000E2700000",400.000486514698,400.000486514698,1
"CRS3035RES20000mN1860000E2720000",400.00048659586,400.00048659586,1
"CRS3035RES20000mN1860000E2740000",400.000486676033,400.000486676033,1
"CRS3035RES20000mN1860000E2760000",400.000486755245,400.000486755245,1
"CRS3035RES20000mN1860000E2780000",400.000486833435,400.000486833435,1
"CRS3035RES20000mN1860000E2800000",400.000486910805,400.000486910805,1
"CRS3035RES20000mN1860000E2820000",400.000486987217,400.000486987217,1
"CRS3035RES20000mN1860000E2840000",400.000487062626,400.000487062626,1
"CRS3035RES20000mN1860000E2860000",400.000487137131,400.000487137131,1
"CRS3035RES20000mN1860000E2880000",400.00048721064,400.00048721064,1
"CRS3035RES20000mN1860000E2900000",400.000487283207,400.000487283207,1
"CRS3035RES20000mN1860000E2920000",400.000487354778,400.000487354778,1
"CRS3035RES20000mN1860000E2940000",400.000487425465,400.000487425465,1
"CRS3035RES20000mN1860000E2960000",400.000487495121,400.000487495121,1
"CRS3035RES20000mN1860000E2980000",400.000487563908,400.000487563908,1
"CRS3035RES20000mN1860000E3000000",400.000487631634,400.000487631634,1
"CRS3035RES20000mN1860000E3020000",400.000487698383,400.000487698383,1
"CRS3035RES20000mN1860000E3040000",400.00048776416,400.00048776416,1
"CRS3035RES20000mN1860000E3060000",400.000487828941,400.000487828941,1
"CRS3035RES20000mN1860000E3080000",400.00048789278,400.00048789278,1
"CRS3035RES20000mN1860000E3100000",400.000487955713,400.000487955713,1
"CRS3035RES20000mN1860000E3120000",400.00048801753,400.00048801753,1
"CRS3035RES20000mN1860000E3140000",400.000488078375,400.000488078375,1
"CRS3035RES20000mN1860000E3160000",400.00048813822,400.00048813822,1
"CRS3035RES20000mN1860000E3180000",400.000488197094,400.000488197094,1
"CRS3035RES20000mN1860000E3200000",400.000488255035,400.000488255035,1
"CRS3035RES20000mN1860000E3220000",400.000488311998,400.000488311998,1
"CRS3035RES20000mN1860000E3240000",400.000488367815,400.000488367815,1
"CRS3035RES20000mN1860000E3260000",400.000488422705,400.000488422705,1
"CRS3035RES20000mN1860000E3280000",400.000488476532,400.000488476532,1
"CRS3035RES20000mN1860000E3300000",400.00048852953,400.00048852953,1
"CRS3035RES20000mN1860000E3320000",400.000488581392,400.000488581392,1
"CRS3035RES20000mN1860000E3340000",400.000488632238,400.000488632238,1
"CRS3035RES20000mN1860000E3360000",400.000488682165,400.000488682165,1
"CRS3035RES20000mN1860000E3380000",400.000488731033,400.000488731033,1
"CRS3035RES20000mN1860000E3400000",400.000488778833,400.000488778833,1
"CRS3035RES20000mN1860000E3420000",400.000488825682,203.855868502054,0.509639048443497
"CRS3035RES20000mN1860000E3660000",400.000489307997,236.870675898881,0.592175965356115
"CRS3035RES20000mN1860000E3680000",400.000489341476,391.029293072235,0.977572036764229
"CRS3035RES20000mN1860000E3700000",400.00048937392,400.00048937392,1
"CRS3035RES20000mN1860000E3720000",400.000489405392,382.330018385872,0.955823876501284
"CRS3035RES20000mN1860000E3740000",400.000489435863,294.076700195563,0.735190850916985
"CRS3035RES20000mN1860000E3820000",400.000489546965,21.880852070695,0.0547020632286651
"CRS3035RES20000mN1860000E4180000",400.000489840763,221.212258872884,0.553029969940654
"CRS3035RES20000mN1860000E4200000",400.000489847202,400.000489847202,1
"CRS3035RES20000mN1860000E4220000",400.000489852473,400.000489852473,1
"CRS3035RES20000mN1860000E4240000",400.000489856801,400.000489856801,1
"CRS3035RES20000mN1860000E4260000",400.00048985992,400.00048985992,1
"CRS3035RES20000mN1860000E4280000",400.000489862077,291.753749712124,0.729383481037041
"CRS3035RES20000mN1860000E4800000",400.000489549606,13.5462190709909,0.0338655062303642
"CRS3035RES20000mN1860000E4820000",400.000489523481,386.861158680589,0.967151713092788
"CRS3035RES20000mN1860000E4840000",400.000489496228,400.000489496228,1
"CRS3035RES20000mN1860000E4860000",400.000489468073,397.49624584922,0.993739398613779
"CRS3035RES20000mN1860000E4880000",400.000489438791,93.791322198329,0.234478018589227
"CRS3035RES20000mN1860000E4900000",400.000489408526,14.9084587860446,0.0372711013631245
"CRS3035RES20000mN1880000E2680000",400.000486481483,307.847168489325,0.769616985212281
"CRS3035RES20000mN1880000E2700000",400.000486563622,400.000486563622,1
"CRS3035RES20000mN1880000E2720000",400.000486644901,400.000486644901,1
"CRS3035RES20000mN1880000E2740000",400.000486725246,400.000486725246,1
"CRS3035RES20000mN1880000E2760000",400.000486804596,400.000486804596,1
"CRS3035RES20000mN1880000E2780000",400.000486883083,400.000486883083,1
"CRS3035RES20000mN1880000E2800000",400.000486960602,400.000486960602,1
"CRS3035RES20000mN1880000E2820000",400.000487037151,400.000487037151,1
"CRS3035RES20000mN1880000E2840000",400.000487112724,400.000487112724,1
"CRS3035RES20000mN1880000E2860000",400.000487187328,400.000487187328,1
"CRS3035RES20000mN1880000E2880000",400.00048726099,400.00048726099,1
"CRS3035RES20000mN1880000E2900000",400.000487333744,400.000487333744,1
"CRS3035RES20000mN1880000E2920000",400.000487405514,400.000487405514,1
"CRS3035RES20000mN1880000E2940000",400.000487476364,400.000487476364,1
"CRS3035RES20000mN1880000E2960000",400.00048754612,400.00048754612,1
"CRS3035RES20000mN1880000E2980000",400.000487614956,400.000487614956,1
"CRS3035RES20000mN1880000E3000000",400.000487682854,400.000487682854,1
"CRS3035RES20000mN1880000E3020000",400.000487749756,400.000487749756,1
"CRS3035RES20000mN1880000E3040000",400.000487815716,400.000487815716,1
"CRS3035RES20000mN1880000E3060000",400.000487880608,400.000487880608,1
"CRS3035RES20000mN1880000E3080000",400.000487944632,400.000487944632,1
"CRS3035RES20000mN1880000E3100000",400.000488007515,400.000488007515,1
"CRS3035RES20000mN1880000E3120000",400.000488069542,400.000488069542,1
"CRS3035RES20000mN1880000E3140000",400.000488130531,400.000488130531,1
"CRS3035RES20000mN1880000E3160000",400.000488190527,400.000488190527,1
"CRS3035RES20000mN1880000E3180000",400.000488249605,400.000488249605,1
"CRS3035RES20000mN1880000E3200000",400.00048830764,400.00048830764,1
"CRS3035RES20000mN1880000E3220000",400.000488364569,400.000488364569,1
"CRS3035RES20000mN1880000E3240000",400.000488420624,400.000488420624,1
"CRS3035RES20000mN1880000E3260000",400.000488475651,400.000488475651,1
"CRS3035RES20000mN1880000E3280000",400.000488529638,400.000488529638,1
"CRS3035RES20000mN1880000E3300000",400.000488582632,400.000488582632,1
"CRS3035RES20000mN1880000E3320000",400.000488634617,400.000488634617,1
"CRS3035RES20000mN1880000E3340000",400.000488685623,400.000488685623,1
"CRS3035RES20000mN1880000E3360000",400.00048873554,400.00048873554,1
"CRS3035RES20000mN1880000E3380000",400.000488784489,400.000488784489,1
"CRS3035RES20000mN1880000E3400000",400.000488832472,400.000488832472,1
"CRS3035RES20000mN1880000E3420000",400.000488879423,294.725087261469,0.736811817623333
"CRS3035RES20000mN1880000E3440000",400.000488925314,3.61877942992616,0.00904693751662348
"CRS3035RES20000mN1880000E3680000",400.000489396297,96.9096905872643,0.24227393004825
"CRS3035RES20000mN1880000E3700000",400.000489428844,300.355732432262,0.750888412314536
"CRS3035RES20000mN1880000E3720000",400.000489460302,229.275685124826,0.573188511429511
"CRS3035RES20000mN1880000E3780000",400.000489548568,63.2001558371999,0.158000196221075
"CRS3035RES20000mN1880000E3800000",400.000489575956,243.612876185207,0.609031445045138
"CRS3035RES20000mN1880000E3820000",400.000489602231,203.57644922584,0.50894050011859
"CRS3035RES20000mN1880000E4180000",400.000489896644,231.395661180332,0.578488444451961
"CRS3035RES20000mN1880000E4200000",400.000489902914,400.000489902914,1
"CRS3035RES20000mN1880000E4220000",400.00048990827,400.00048990827,1
"CRS3035RES20000mN1880000E4240000",400.00048991247,400.00048991247,1
"CRS3035RES20000mN1880000E4260000",400.000489915747,400.000489915747,1
"CRS3035RES20000mN1880000E4280000",400.00048991785,287.518949832464,0.718796494203077
"CRS3035RES20000mN1880000E4760000",400.000489653999,21.6197505729949,0.054049310268835
"CRS3035RES20000mN1880000E4780000",400.000489629905,45.3568601855407,0.113392011663552
"CRS3035RES20000mN1880000E4800000",400.000489604765,132.0974048218,0.330243107833003
"CRS3035RES20000mN1880000E4820000",400.000489578541,400.000489578541,1
"CRS3035RES20000mN1880000E4840000",400.00048955132,400.00048955132,1
"CRS3035RES20000mN1880000E4860000",400.000489523034,398.291489747996,0.995727505791115
"CRS3035RES20000mN1880000E4880000",400.000489493713,76.0990578958063,0.190247411927235
"CRS3035RES20000mN1880000E5020000",400.000489259489,33.711562079209,0.0842788021125133
"CRS3035RES20000mN1880000E5040000",400.000489221865,4.47530927936077,0.011188259514549
"CRS3035RES20000mN1900000E2640000",400.000486361465,43.523639642826,0.108808966805844
"CRS3035RES20000mN1900000E2660000",400.000486445744,79.3931472571243,0.198482626765238
"CRS3035RES20000mN1900000E2680000",400.000486529015,244.904982841145,0.612261712395144
"CRS3035RES20000mN1900000E2700000",400.000486611496,398.023186663405,0.995056756143371
"CRS3035RES20000mN1900000E2720000",400.000486692944,400.000486692944,1
"CRS3035RES20000mN1900000E2740000",400.000486773392,400.000486773392,1
"CRS3035RES20000mN1900000E2760000",400.000486852974,400.000486852974,1
"CRS3035RES20000mN1900000E2780000",400.000486931553,400.000486931553,1
"CRS3035RES20000mN1900000E2800000",400.000487009216,400.000487009216,1
"CRS3035RES20000mN1900000E2820000",400.000487085941,400.000487085941,1
"CRS3035RES20000mN1900000E2840000",400.000487161633,400.000487161633,1
"CRS3035RES20000mN1900000E2860000",400.000487236477,400.000487236477,1
"CRS3035RES20000mN1900000E2880000",400.000487310326,400.000487310326,1
"CRS3035RES20000mN1900000E2900000",400.000487383213,400.000487383213,1
"CRS3035RES20000mN1900000E2920000",400.00048745509,400.00048745509,1
"CRS3035RES20000mN1900000E2940000",400.000487526012,400.000487526012,1
"CRS3035RES20000mN1900000E2960000",400.000487596008,400.000487596008,1
"CRS3035RES20000mN1900000E2980000",400.00048766502,400.00048766502,1
"CRS3035RES20000mN1900000E3000000",400.000487733021,400.000487733021,1
"CRS3035RES20000mN1900000E3020000",400.000487800076,400.000487800076,1
"CRS3035RES20000mN1900000E3040000",400.000487866112,400.000487866112,1
"CRS3035RES20000mN1900000E3060000",400.000487931229,400.000487931229,1
"CRS3035RES20000mN1900000E3080000",400.00048799522,400.00048799522,1
"CRS3035RES20000mN1900000E3100000",400.000488058405,400.000488058405,1
"CRS3035RES20000mN1900000E3120000",400.000488120518,400.000488120518,1
"CRS3035RES20000mN1900000E3140000",400.000488181643,400.000488181643,1
"CRS3035RES20000mN1900000E3160000",400.000488241791,400.000488241791,1
"CRS3035RES20000mN1900000E3180000",400.00048830084,400.00048830084,1
"CRS3035RES20000mN1900000E3200000",400.000488358982,400.000488358982,1
"CRS3035RES20000mN1900000E3220000",400.000488416098,400.000488416098,1
"CRS3035RES20000mN1900000E3240000",400.000488472315,400.000488472315,1
"CRS3035RES20000mN1900000E3260000",400.000488527346,400.000488527346,1
"CRS3035RES20000mN1900000E3280000",400.000488581495,400.000488581495,1
"CRS3035RES20000mN1900000E3300000",400.000488634609,400.000488634609,1
"CRS3035RES20000mN1900000E3320000",400.000488686695,400.000488686695,1
"CRS3035RES20000mN1900000E3340000",400.000488737808,400.000488737808,1
"CRS3035RES20000mN1900000E3360000",400.000488787857,400.000488787857,1
"CRS3035RES20000mN1900000E3380000",400.00048883696,400.00048883696,1
"CRS3035RES20000mN1900000E3400000",400.000488884941,400.000488884941,1
"CRS3035RES20000mN1900000E3420000",400.000488931984,400.000488931984,1
"CRS3035RES20000mN1900000E3440000",400.00048897797,172.635868329813,0.431589143230573
"CRS3035RES20000mN1900000E3720000",400.000489514011,3.33423412031424,0.00833557509983359
"CRS3035RES20000mN1900000E3780000",400.000489602436,53.5227933891344,0.133806819692474
"CRS3035RES20000mN1900000E3800000",400.000489629763,96.8601331125046,0.242150036371599
"CRS3035RES20000mN1900000E3820000",400.000489656174,8.77759601072496,0.0219439631643198
"CRS3035RES20000mN1900000E4180000",400.000489951033,220.604834350177,0.55151141034148
"CRS3035RES20000mN1900000E4200000",400.000489957485,400.000489957485,1
"CRS3035RES20000mN1900000E4220000",400.00048996279,400.00048996279,1
"CRS3035RES20000mN1900000E4240000",400.000489967111,400.000489967111,1
"CRS3035RES20000mN1900000E4260000",400.00048997029,400.00048997029,1
"CRS3035RES20000mN1900000E4280000",400.000489972489,231.192494174104,0.577980527448867
"CRS3035RES20000mN1900000E4740000",400.000489731168,106.407754194401,0.266019059791441
"CRS3035RES20000mN1900000E4760000",400.000489708066,316.671814773118,0.791678567704343
"CRS3035RES20000mN1900000E4780000",400.000489683966,369.336047063895,0.923338987298996
"CRS3035RES20000mN1900000E4800000",400.0004896587,381.216466018849,0.953039998386307
"CRS3035RES20000mN1900000E4820000",400.000489632477,400.000489632477,1
"CRS3035RES20000mN1900000E4840000",400.000489605205,400.000489605205,1
"CRS3035RES20000mN1900000E4860000",400.000489576898,400.000489576898,1
"CRS3035RES20000mN1900000E4880000",400.000489547505,157.613194390981,0.394032503733378
"CRS3035RES20000mN1900000E5000000",400.00048934944,173.721156461572,0.434302359839889
"CRS3035RES20000mN1900000E5020000",400.000489312756,397.037910464857,0.992593561940415
"CRS3035RES20000mN1900000E5040000",400.000489275093,30.6049050774703,0.076512169104929
"CRS3035RES20000mN1920000E2640000",400.00048640781,73.7719100209454,0.184429550782429
"CRS3035RES20000mN1920000E2660000",400.000486492172,399.508447492552,0.998769903997029
"CRS3035RES20000mN1920000E2680000",400.000486575668,397.177773585135,0.992943226107803
"CRS3035RES20000mN1920000E2700000",400.000486658176,400.000486658176,1
"CRS3035RES20000mN1920000E2720000",400.000486739792,400.000486739792,1
"CRS3035RES20000mN1920000E2740000",400.000486820484,400.000486820484,1
"CRS3035RES20000mN1920000E2760000",400.000486900227,400.000486900227,1
"CRS3035RES20000mN1920000E2780000",400.000486978996,400.000486978996,1
"CRS3035RES20000mN1920000E2800000",400.000487056755,400.000487056755,1
"CRS3035RES20000mN1920000E2820000",400.00048713364,400.00048713364,1
"CRS3035RES20000mN1920000E2840000",400.000487209644,400.000487209644,1
"CRS3035RES20000mN1920000E2860000",400.000487284534,400.000487284534,1
"CRS3035RES20000mN1920000E2880000",400.000487358467,400.000487358467,1
"CRS3035RES20000mN1920000E2900000",400.000487431496,400.000487431496,1
"CRS3035RES20000mN1920000E2920000",400.00048750362,400.00048750362,1
"CRS3035RES20000mN1920000E2940000",400.000487574665,400.000487574665,1
"CRS3035RES20000mN1920000E2960000",400.000487644798,400.000487644798,1
"CRS3035RES20000mN1920000E2980000",400.000487713894,400.000487713894,1
"CRS3035RES20000mN1920000E3000000",400.000487782082,400.000487782082,1
"CRS3035RES20000mN1920000E3020000",400.000487849266,400.000487849266,1
"CRS3035RES20000mN1920000E3040000",400.000487915421,400.000487915421,1
"CRS3035RES20000mN1920000E3060000",400.000487980591,400.000487980591,1
"CRS3035RES20000mN1920000E3080000",400.00048804491,400.00048804491,1
"CRS3035RES20000mN1920000E3100000",400.000488108063,400.000488108063,1
"CRS3035RES20000mN1920000E3120000",400.000488170334,400.000488170334,1
"CRS3035RES20000mN1920000E3140000",400.000488231512,400.000488231512,1
"CRS3035RES20000mN1920000E3160000",400.000488291756,400.000488291756,1
"CRS3035RES20000mN1920000E3180000",400.000488351044,400.000488351044,1
"CRS3035RES20000mN1920000E3200000",400.000488409233,400.000488409233,1
"CRS3035RES20000mN1920000E3220000",400.000488466536,400.000488466536,1
"CRS3035RES20000mN1920000E3240000",400.000488522715,400.000488522715,1
"CRS3035RES20000mN1920000E3260000",400.000488577999,400.000488577999,1
"CRS3035RES20000mN1920000E3280000",400.000488632221,400.000488632221,1
"CRS3035RES20000mN1920000E3300000",400.000488685396,400.000488685396,1
"CRS3035RES20000mN1920000E3320000",400.000488737614,400.000488737614,1
"CRS3035RES20000mN1920000E3340000",400.000488788797,400.000488788797,1
"CRS3035RES20000mN1920000E3360000",400.000488838961,400.000488838961,1
"CRS3035RES20000mN1920000E3380000",400.000488888147,400.000488888147,1
"CRS3035RES20000mN1920000E3400000",400.000488936266,400.000488936266,1
"CRS3035RES20000mN1920000E3420000",400.000488983389,400.000488983389,1
"CRS3035RES20000mN1920000E3440000",400.000489029398,394.641069432299,0.986601467387943
"CRS3035RES20000mN1920000E3460000",400.00048907453,119.689001967531,0.29922213906401
"CRS3035RES20000mN1920000E4160000",400.00048999696,5.72801565210968,0.0143200215883566
"CRS3035RES20000mN1920000E4180000",400.000490004386,350.911468902893,0.877277597582558
"CRS3035RES20000mN1920000E4200000",400.00049001076,400.00049001076,1
"CRS3035RES20000mN1920000E4220000",400.000490016159,400.000490016159,1
"CRS3035RES20000mN1920000E4240000",400.000490020429,400.000490020429,1
"CRS3035RES20000mN1920000E4260000",400.000490023648,400.000490023648,1
"CRS3035RES20000mN1920000E4280000",400.000490025859,399.781116230717,0.999451566184013
"CRS3035RES20000mN1920000E4300000",400.000490026893,72.358586882978,0.180896245597382
"CRS3035RES20000mN1920000E4740000",400.000489784121,317.273148235455,0.793181899368889
"CRS3035RES20000mN1920000E4760000",400.000489760945,400.000489760945,1
"CRS3035RES20000mN1920000E4780000",400.000489736734,400.000489736734,1
"CRS3035RES20000mN1920000E4800000",400.000489711505,400.000489711505,1
"CRS3035RES20000mN1920000E4820000",400.000489685157,400.000489685157,1
"CRS3035RES20000mN1920000E4840000",400.000489657879,400.000489657879,1
"CRS3035RES20000mN1920000E4860000",400.000489629454,400.000489629454,1
"CRS3035RES20000mN1920000E4880000",400.000489600067,337.085358278455,0.842712364216061
"CRS3035RES20000mN1920000E4900000",400.000489569551,0.900522374615788,0.00225130318111575
"CRS3035RES20000mN1920000E4980000",400.000489437263,20.1241154962912,0.0503102271814782
"CRS3035RES20000mN1920000E5000000",400.00048940152,349.440430279108,0.873600006844841
"CRS3035RES20000mN1920000E5020000",400.000489364826,400.000489364826,1
"CRS3035RES20000mN1920000E5040000",400.000489327093,136.603683423582,0.341508790785196
"CRS3035RES20000mN1940000E2620000",400.000486367336,29.4089598944982,0.0735223103391199
"CRS3035RES20000mN1940000E2640000",400.0004864529,267.97747476695,0.669942872178242
"CRS3035RES20000mN1940000E2660000",400.000486537487,221.512251395646,0.553779954902347
"CRS3035RES20000mN1940000E2680000",400.000486621113,367.750636080239,0.91937547173181
"CRS3035RES20000mN1940000E2700000",400.000486703888,400.000486703888,1
"CRS3035RES20000mN1940000E2720000",400.000486785675,400.000486785675,1
"CRS3035RES20000mN1940000E2740000",400.000486866467,400.000486866467,1
"CRS3035RES20000mN1940000E2760000",400.000486946339,400.000486946339,1
"CRS3035RES20000mN1940000E2780000",400.000487025288,400.000487025288,1
"CRS3035RES20000mN1940000E2800000",400.000487103298,400.000487103298,1
"CRS3035RES20000mN1940000E2820000",400.000487180351,400.000487180351,1
"CRS3035RES20000mN1940000E2840000",400.00048725629,400.00048725629,1
"CRS3035RES20000mN1940000E2860000",400.000487331406,400.000487331406,1
"CRS3035RES20000mN1940000E2880000",400.000487405609,400.000487405609,1
"CRS3035RES20000mN1940000E2900000",400.000487478806,400.000487478806,1
"CRS3035RES20000mN1940000E2920000",400.000487550968,400.000487550968,1
"CRS3035RES20000mN1940000E2940000",400.000487622143,400.000487622143,1
"CRS3035RES20000mN1940000E2960000",400.000487692429,400.000487692429,1
"CRS3035RES20000mN1940000E2980000",400.000487761681,400.000487761681,1
"CRS3035RES20000mN1940000E3000000",400.000487829895,400.000487829895,1
"CRS3035RES20000mN1940000E3020000",400.000487897228,400.000487897228,1
"CRS3035RES20000mN1940000E3040000",400.000487963596,400.000487963596,1
"CRS3035RES20000mN1940000E3060000",400.000488028946,400.000488028946,1
"CRS3035RES20000mN1940000E3080000",400.000488093246,400.000488093246,1
"CRS3035RES20000mN1940000E3100000",400.000488156586,400.000488156586,1
"CRS3035RES20000mN1940000E3120000",400.000488218937,400.000488218937,1
"CRS3035RES20000mN1940000E3140000",400.000488280272,400.000488280272,1
"CRS3035RES20000mN1940000E3160000",400.000488340681,400.000488340681,1
"CRS3035RES20000mN1940000E3180000",400.000488400078,400.000488400078,1
"CRS3035RES20000mN1940000E3200000",400.000488458422,400.000488458422,1
"CRS3035RES20000mN1940000E3220000",400.000488515745,400.000488515745,1
"CRS3035RES20000mN1940000E3240000",400.000488572157,400.000488572157,1
"CRS3035RES20000mN1940000E3260000",400.000488627388,400.000488627388,1
"CRS3035RES20000mN1940000E3280000",400.000488681721,400.000488681721,1
"CRS3035RES20000mN1940000E3300000",400.000488735104,400.000488735104,1
"CRS3035RES20000mN1940000E3320000",400.00048878738,400.00048878738,1
"CRS3035RES20000mN1940000E3340000",400.000488838663,400.000488838663,1
"CRS3035RES20000mN1940000E3360000",400.000488888903,400.000488888903,1
"CRS3035RES20000mN1940000E3380000",400.000488938143,400.000488938143,1
"CRS3035RES20000mN1940000E3400000",400.000488986349,400.000488986349,1
"CRS3035RES20000mN1940000E3420000",400.000489033525,400.000489033525,1
"CRS3035RES20000mN1940000E3440000",400.000489079754,400.000489079754,1
"CRS3035RES20000mN1940000E3460000",400.000489124876,393.916664537738,0.984790457130569
"CRS3035RES20000mN1940000E3480000",400.000489168993,111.562746715559,0.278906525707837
"CRS3035RES20000mN1940000E4160000",400.000490049042,227.846102499796,0.569614558401817
"CRS3035RES20000mN1940000E4180000",400.000490056556,400.000490056556,1
"CRS3035RES20000mN1940000E4200000",400.000490062981,400.000490062981,1
"CRS3035RES20000mN1940000E4220000",400.000490068265,400.000490068265,1
"CRS3035RES20000mN1940000E4240000",400.000490072538,400.000490072538,1
"CRS3035RES20000mN1940000E4260000",400.000490075744,400.000490075744,1
"CRS3035RES20000mN1940000E4280000",400.000490077914,383.871423471678,0.95967738288747
"CRS3035RES20000mN1940000E4300000",400.000490079111,9.50182817944416,0.0237545413445991
"CRS3035RES20000mN1940000E4680000",400.000489899083,42.7648937849482,0.106912103522017
"CRS3035RES20000mN1940000E4700000",400.000489879048,14.8615909391374,0.0371539318455116
"CRS3035RES20000mN1940000E4720000",400.000489857989,35.0020990814505,0.0875051405408957
"CRS3035RES20000mN1940000E4740000",400.000489835757,377.600229414864,0.943999417525486
"CRS3035RES20000mN1940000E4760000",400.000489812592,400.000489812592,1
"CRS3035RES20000mN1940000E4780000",400.000489788353,400.000489788353,1
"CRS3035RES20000mN1940000E4800000",400.000489763088,400.000489763088,1
"CRS3035RES20000mN1940000E4820000",400.000489736785,400.000489736785,1
"CRS3035RES20000mN1940000E4840000",400.000489709317,400.000489709317,1
"CRS3035RES20000mN1940000E4860000",400.000489680902,400.000489680902,1
"CRS3035RES20000mN1940000E4880000",400.000489651379,400.000489651379,1
"CRS3035RES20000mN1940000E4900000",400.000489620853,139.984584724277,0.349961033440144
"CRS3035RES20000mN1940000E4920000",400.00048958927,31.8066685009007,0.0795165739260985
"CRS3035RES20000mN1940000E4940000",400.000489556654,251.743716186184,0.629358520198832
"CRS3035RES20000mN1940000E4960000",400.000489522991,316.812589844058,0.792030505317291
"CRS3035RES20000mN1940000E4980000",400.000489488298,328.276332539761,0.820689827054235
"CRS3035RES20000mN1940000E5000000",400.000489452601,400.000489452601,1
"CRS3035RES20000mN1940000E5020000",400.000489415743,337.959370524368,0.844897392545707
"CRS3035RES20000mN1940000E5040000",400.000489378021,23.1063100556192,0.0577657044658827
"CRS3035RES20000mN1960000E2620000",400.000486411358,14.7889056594424,0.0369722191893376
"CRS3035RES20000mN1960000E2640000",400.000486496979,329.969786978734,0.824923464139903
"CRS3035RES20000mN1960000E2660000",400.000486581753,385.559860496472,0.963898478702651
"CRS3035RES20000mN1960000E2680000",400.000486665581,362.947646899777,0.90736801328749
"CRS3035RES20000mN1960000E2700000",400.000486748383,393.359284920858,0.983397015634878
"CRS3035RES20000mN1960000E2720000",400.000486830391,400.000486830391,1
"CRS3035RES20000mN1960000E2740000",400.000486911396,400.000486911396,1
"CRS3035RES20000mN1960000E2760000",400.000486991432,400.000486991432,1
"CRS3035RES20000mN1960000E2780000",400.000487070499,400.000487070499,1
"CRS3035RES20000mN1960000E2800000",400.000487148644,400.000487148644,1
"CRS3035RES20000mN1960000E2820000",400.000487225769,400.000487225769,1
"CRS3035RES20000mN1960000E2840000",400.00048730204,400.00048730204,1
"CRS3035RES20000mN1960000E2860000",400.000487377293,400.000487377293,1
"CRS3035RES20000mN1960000E2880000",400.00048745158,400.00048745158,1
"CRS3035RES20000mN1960000E2900000",400.000487524803,400.000487524803,1
"CRS3035RES20000mN1960000E2920000",400.000487597141,400.000487597141,1
"CRS3035RES20000mN1960000E2940000",400.000487668522,400.000487668522,1
"CRS3035RES20000mN1960000E2960000",400.00048773888,400.00048773888,1
"CRS3035RES20000mN1960000E2980000",400.000487808327,400.000487808327,1
"CRS3035RES20000mN1960000E3000000",400.000487876778,400.000487876778,1
"CRS3035RES20000mN1960000E3020000",400.000487944199,400.000487944199,1
"CRS3035RES20000mN1960000E3040000",400.000488010647,400.000488010647,1
"CRS3035RES20000mN1960000E3060000",400.000488076069,400.000488076069,1
"CRS3035RES20000mN1960000E3080000",400.000488140507,400.000488140507,1
"CRS3035RES20000mN1960000E3100000",400.000488204006,400.000488204006,1
"CRS3035RES20000mN1960000E3120000",400.000488266464,400.000488266464,1
"CRS3035RES20000mN1960000E3140000",400.000488327932,400.000488327932,1
"CRS3035RES20000mN1960000E3160000",400.00048838854,400.00048838854,1
"CRS3035RES20000mN1960000E3180000",400.000488447914,400.000488447914,1
"CRS3035RES20000mN1960000E3200000",400.000488506367,400.000488506367,1
"CRS3035RES20000mN1960000E3220000",400.000488563839,400.000488563839,1
"CRS3035RES20000mN1960000E3240000",400.000488620245,400.000488620245,1
"CRS3035RES20000mN1960000E3260000",400.000488675766,400.000488675766,1
"CRS3035RES20000mN1960000E3280000",400.000488730167,400.000488730167,1
"CRS3035RES20000mN1960000E3300000",400.000488783569,400.000488783569,1
"CRS3035RES20000mN1960000E3320000",400.00048883596,400.00048883596,1
"CRS3035RES20000mN1960000E3340000",400.000488887316,400.000488887316,1
"CRS3035RES20000mN1960000E3360000",400.000488937717,400.000488937717,1
"CRS3035RES20000mN1960000E3380000",400.000488986971,400.000488986971,1
"CRS3035RES20000mN1960000E3400000",400.000489035347,400.000489035347,1
"CRS3035RES20000mN1960000E3420000",400.000489082613,400.000489082613,1
"CRS3035RES20000mN1960000E3440000",400.000489128878,400.000489128878,1
"CRS3035RES20000mN1960000E3460000",400.000489174101,400.000489174101,1
"CRS3035RES20000mN1960000E3480000",400.000489218269,393.048130262052,0.982619123867061
"CRS3035RES20000mN1960000E3500000",400.000489261494,90.4843106821113,0.22621050001506
"CRS3035RES20000mN1960000E4160000",400.000490099946,232.953297002986,0.582382528943351
"CRS3035RES20000mN1960000E4180000",400.000490107403,243.403975103274,0.608509192171036
"CRS3035RES20000mN1960000E4200000",400.000490113817,366.333074246486,0.915831563461956
"CRS3035RES20000mN1960000E4220000",400.000490119193,400.000490119193,1
"CRS3035RES20000mN1960000E4240000",400.000490123505,400.000490123505,1
"CRS3035RES20000mN1960000E4260000",400.000490126799,399.896965795604,0.999741189489136
"CRS3035RES20000mN1960000E4280000",400.000490128962,262.921950812012,0.657304071620623
"CRS3035RES20000mN1960000E4600000",400.000490019419,1.10734266408062,0.0027683532688344
"CRS3035RES20000mN1960000E4640000",400.000489986657,49.872189540169,0.124680321121188
"CRS3035RES20000mN1960000E4660000",400.000489968727,32.628322936901,0.0815707074245132
"CRS3035RES20000mN1960000E4680000",400.000489949722,94.4056354874794,0.23601379963146
"CRS3035RES20000mN1960000E4700000",400.00048992963,378.803707079439,0.947008107780266
"CRS3035RES20000mN1960000E4720000",400.000489908495,347.43442879881,0.86858500817909
"CRS3035RES20000mN1960000E4740000",400.000489886349,400.000489886349,1
"CRS3035RES20000mN1960000E4760000",400.000489863127,400.000489863127,1
"CRS3035RES20000mN1960000E4780000",400.000489838782,400.000489838782,1
"CRS3035RES20000mN1960000E4800000",400.000489813434,400.000489813434,1
"CRS3035RES20000mN1960000E4820000",400.000489787059,400.000489787059,1
"CRS3035RES20000mN1960000E4840000",400.000489759618,400.000489759618,1
"CRS3035RES20000mN1960000E4860000",400.000489731135,400.000489731135,1
"CRS3035RES20000mN1960000E4880000",400.000489701595,400.000489701595,1
"CRS3035RES20000mN1960000E4900000",400.00048967104,389.522788535597,0.973805779227771
"CRS3035RES20000mN1960000E4920000",400.000489639359,342.891616925334,0.857227992981923
"CRS3035RES20000mN1960000E4940000",400.000489606663,391.883642429139,0.97970790689405
"CRS3035RES20000mN1960000E4960000",400.000489572979,400.000489572979,1
"CRS3035RES20000mN1960000E4980000",400.000489538254,400.000489538254,1
"CRS3035RES20000mN1960000E5000000",400.000489502459,257.054699634712,0.642635962657071
"CRS3035RES20000mN1960000E5020000",400.000489465607,35.8157653540902,0.0895393038192014
"CRS3035RES20000mN1980000E2640000",400.000486539989,176.490782103,0.441226418571757
"CRS3035RES20000mN1980000E2660000",400.000486624928,400.000486624928,1
"CRS3035RES20000mN1980000E2680000",400.00048670892,400.00048670892,1
"CRS3035RES20000mN1980000E2700000",400.000486792,400.000486792,1
"CRS3035RES20000mN1980000E2720000",400.000486874043,400.000486874043,1
"CRS3035RES20000mN1980000E2740000",400.000486955177,400.000486955177,1
"CRS3035RES20000mN1980000E2760000",400.00048703537,400.00048703537,1
"CRS3035RES20000mN1980000E2780000",400.000487114697,400.000487114697,1
"CRS3035RES20000mN1980000E2800000",400.000487192913,400.000487192913,1
"CRS3035RES20000mN1980000E2820000",400.000487270191,400.000487270191,1
"CRS3035RES20000mN1980000E2840000",400.000487346573,400.000487346573,1
"CRS3035RES20000mN1980000E2860000",400.000487421978,400.000487421978,1
"CRS3035RES20000mN1980000E2880000",400.000487496414,400.000487496414,1
"CRS3035RES20000mN1980000E2900000",400.000487569786,400.000487569786,1
"CRS3035RES20000mN1980000E2920000",400.000487642258,400.000487642258,1
"CRS3035RES20000mN1980000E2940000",400.000487713829,400.000487713829,1
"CRS3035RES20000mN1980000E2960000",400.000487784313,400.000487784313,1
"CRS3035RES20000mN1980000E2980000",400.000487853878,400.000487853878,1
"CRS3035RES20000mN1980000E3000000",400.000487922398,400.000487922398,1
"CRS3035RES20000mN1980000E3020000",400.000487989941,400.000487989941,1
"CRS3035RES20000mN1980000E3040000",400.000488056526,400.000488056526,1
"CRS3035RES20000mN1980000E3060000",400.000488122086,400.000488122086,1
"CRS3035RES20000mN1980000E3080000",400.000488186718,400.000488186718,1
"CRS3035RES20000mN1980000E3100000",400.000488250259,400.000488250259,1
"CRS3035RES20000mN1980000E3120000",400.000488312935,400.000488312935,1
"CRS3035RES20000mN1980000E3140000",400.00048837447,400.00048837447,1
"CRS3035RES20000mN1980000E3160000",400.000488434986,400.000488434986,1
"CRS3035RES20000mN1980000E3180000",400.000488494581,400.000488494581,1
"CRS3035RES20000mN1980000E3200000",400.000488553206,400.000488553206,1
"CRS3035RES20000mN1980000E3220000",400.000488610775,400.000488610775,1
"CRS3035RES20000mN1980000E3240000",400.000488667343,400.000488667343,1
"CRS3035RES20000mN1980000E3260000",400.00048872287,400.00048872287,1
"CRS3035RES20000mN1980000E3280000",400.000488777363,400.000488777363,1
"CRS3035RES20000mN1980000E3300000",400.0004888309,400.0004888309,1
"CRS3035RES20000mN1980000E3320000",400.00048888336,400.00048888336,1
"CRS3035RES20000mN1980000E3340000",400.000488934799,400.000488934799,1
"CRS3035RES20000mN1980000E3360000",400.00048898527,400.00048898527,1
"CRS3035RES20000mN1980000E3380000",400.000489034756,400.000489034756,1
"CRS3035RES20000mN1980000E3400000",400.000489083073,400.000489083073,1
"CRS3035RES20000mN1980000E3420000",400.000489130495,400.000489130495,1
"CRS3035RES20000mN1980000E3440000",400.000489176815,400.000489176815,1
"CRS3035RES20000mN1980000E3460000",400.000489222116,400.000489222116,1
"CRS3035RES20000mN1980000E3480000",400.000489266451,400.000489266451,1
"CRS3035RES20000mN1980000E3500000",400.000489309639,350.773072232913,0.876931607854561
"CRS3035RES20000mN1980000E3520000",400.000489351835,100.297243266034,0.250742801411459
"CRS3035RES20000mN1980000E3540000",400.000489393076,2.97257688993347,0.00743143313260387
"CRS3035RES20000mN1980000E4160000",400.000490149596,54.923501763431,0.137308586154207
"CRS3035RES20000mN1980000E4180000",400.000490157114,2.14572180648911,0.00536429794285078
"CRS3035RES20000mN1980000E4200000",400.000490163609,11.7730278311161,0.0294325335108982
"CRS3035RES20000mN1980000E4220000",400.000490168891,270.74740860175,0.676867692055661
"CRS3035RES20000mN1980000E4240000",400.00049017324,400.00049017324,1
"CRS3035RES20000mN1980000E4260000",400.000490176456,398.752865400629,0.996880941882656
"CRS3035RES20000mN1980000E4280000",400.000490178653,82.1906800368897,0.205476448291803
"CRS3035RES20000mN1980000E4640000",400.000490036168,29.2798744607525,0.0731995964757568
"CRS3035RES20000mN1980000E4660000",400.000490018161,371.433746282241,0.928583228148989
"CRS3035RES20000mN1980000E4680000",400.000489999125,392.451381078479,0.98112725081746
"CRS3035RES20000mN1980000E4700000",400.000489979013,400.000489979013,1
"CRS3035RES20000mN1980000E4720000",400.000489957874,400.000489957874,1
"CRS3035RES20000mN1980000E4740000",400.000489935651,400.000489935651,1
"CRS3035RES20000mN1980000E4760000",400.00048991232,400.00048991232,1
"CRS3035RES20000mN1980000E4780000",400.000489888041,400.000489888041,1
"CRS3035RES20000mN1980000E4800000",400.000489862659,400.000489862659,1
"CRS3035RES20000mN1980000E4820000",400.000489836187,400.000489836187,1
"CRS3035RES20000mN1980000E4840000",400.00048980871,400.00048980871,1
"CRS3035RES20000mN1980000E4860000",400.000489780178,400.000489780178,1
"CRS3035RES20000mN1980000E4880000",400.000489750574,400.000489750574,1
"CRS3035RES20000mN1980000E4900000",400.000489719908,400.000489719908,1
"CRS3035RES20000mN1980000E4920000",400.000489688278,400.000489688278,1
"CRS3035RES20000mN1980000E4940000",400.000489655565,398.560456926526,0.996399922584397
"CRS3035RES20000mN1980000E4960000",400.000489621742,331.636863576051,0.829091144087501
"CRS3035RES20000mN1980000E4980000",400.000489586863,179.99461019752,0.449985974725745
"CRS3035RES20000mN1980000E5000000",400.00048955101,11.3297369363895,0.0283243076754903
"CRS3035RES20000mN2000000E2640000",400.000486581905,3.7355911660589,0.00933896655471689
"CRS3035RES20000mN2000000E2660000",400.000486666985,372.138115409899,0.930344156605284
"CRS3035RES20000mN2000000E2680000",400.000486751148,400.000486751148,1
"CRS3035RES20000mN2000000E2700000",400.000486834362,400.000486834362,1
"CRS3035RES20000mN2000000E2720000",400.000486916569,400.000486916569,1
"CRS3035RES20000mN2000000E2740000",400.00048699789,400.00048699789,1
"CRS3035RES20000mN2000000E2760000",400.000487078266,400.000487078266,1
"CRS3035RES20000mN2000000E2780000",400.000487157604,400.000487157604,1
"CRS3035RES20000mN2000000E2800000",400.00048723605,400.00048723605,1
"CRS3035RES20000mN2000000E2820000",400.000487313549,400.000487313549,1
"CRS3035RES20000mN2000000E2840000",400.000487390118,400.000487390118,1
"CRS3035RES20000mN2000000E2860000",400.000487465584,400.000487465584,1
"CRS3035RES20000mN2000000E2880000",400.000487540108,400.000487540108,1
"CRS3035RES20000mN2000000E2900000",400.000487613716,400.000487613716,1
"CRS3035RES20000mN2000000E2920000",400.00048768634,400.00048768634,1
"CRS3035RES20000mN2000000E2940000",400.000487757977,400.000487757977,1
"CRS3035RES20000mN2000000E2960000",400.000487828575,400.000487828575,1
"CRS3035RES20000mN2000000E2980000",400.000487898243,400.000487898243,1
"CRS3035RES20000mN2000000E3000000",400.000487966934,400.000487966934,1
"CRS3035RES20000mN2000000E3020000",400.000488034615,400.000488034615,1
"CRS3035RES20000mN2000000E3040000",400.000488101303,400.000488101303,1
"CRS3035RES20000mN2000000E3060000",400.000488166973,400.000488166973,1
"CRS3035RES20000mN2000000E3080000",400.000488231709,400.000488231709,1
"CRS3035RES20000mN2000000E3100000",400.00048829541,400.00048829541,1
"CRS3035RES20000mN2000000E3120000",400.000488358051,400.000488358051,1
"CRS3035RES20000mN2000000E3140000",400.000488419819,400.000488419819,1
"CRS3035RES20000mN2000000E3160000",400.000488480469,400.000488480469,1
"CRS3035RES20000mN2000000E3180000",400.000488540216,400.000488540216,1
"CRS3035RES20000mN2000000E3200000",400.000488598879,400.000488598879,1
"CRS3035RES20000mN2000000E3220000",400.000488656519,400.000488656519,1
"CRS3035RES20000mN2000000E3240000",400.000488713133,400.000488713133,1
"CRS3035RES20000mN2000000E3260000",400.000488768789,400.000488768789,1
"CRS3035RES20000mN2000000E3280000",400.000488823469,400.000488823469,1
"CRS3035RES20000mN2000000E3300000",400.00048887701,400.00048887701,1
"CRS3035RES20000mN2000000E3320000",400.000488929649,400.000488929649,1
"CRS3035RES20000mN2000000E3340000",400.000488981224,400.000488981224,1
"CRS3035RES20000mN2000000E3360000",400.000489031738,400.000489031738,1
"CRS3035RES20000mN2000000E3380000",400.000489081263,400.000489081263,1
"CRS3035RES20000mN2000000E3400000",400.000489129751,400.000489129751,1
"CRS3035RES20000mN2000000E3420000",400.000489177193,400.000489177193,1
"CRS3035RES20000mN2000000E3440000",400.000489223667,400.000489223667,1
"CRS3035RES20000mN2000000E3460000",400.000489268999,400.000489268999,1
"CRS3035RES20000mN2000000E3480000",400.000489313326,400.000489313326,1
"CRS3035RES20000mN2000000E3500000",400.000489356722,400.000489356722,1
"CRS3035RES20000mN2000000E3520000",400.000489398983,369.705008464377,0.924261390329483
"CRS3035RES20000mN2000000E3540000",400.000489440262,68.7476811575834,0.171868992594947
"CRS3035RES20000mN2000000E4160000",400.000490198114,12.9441943955986,0.0323604463314221
"CRS3035RES20000mN2000000E4180000",400.00049020565,2.37564278877311,0.00593909969348222
"CRS3035RES20000mN2000000E4220000",400.000490217487,12.4358214131213,0.0310895154312428
"CRS3035RES20000mN2000000E4240000",400.000490221768,213.591706297959,0.53397861132505
"CRS3035RES20000mN2000000E4260000",400.000490225,199.220468729649,0.498050561432032
"CRS3035RES20000mN2000000E4280000",400.00049022715,15.6634553323198,0.0391585903392893
"CRS3035RES20000mN2000000E4560000",400.000490145947,2.92427007116464,0.00731066621967804
"CRS3035RES20000mN2000000E4580000",400.000490132177,1.1139626615276,0.00278490324139229
"CRS3035RES20000mN2000000E4600000",400.000490117334,2.19666408635202,0.00549165348699363
"CRS3035RES20000mN2000000E4620000",400.000490101405,1.91734251887589,0.00479335042412028
"CRS3035RES20000mN2000000E4640000",400.000490084494,255.260533204519,0.638150551142072
"CRS3035RES20000mN2000000E4660000",400.000490066442,400.000490066442,1
"CRS3035RES20000mN2000000E4680000",400.00049004736,400.00049004736,1
"CRS3035RES20000mN2000000E4700000",400.000490027175,400.000490027175,1
"CRS3035RES20000mN2000000E4720000",400.00049000598,400.00049000598,1
"CRS3035RES20000mN2000000E4740000",400.000489983723,400.000489983723,1
"CRS3035RES20000mN2000000E4760000",400.000489960462,400.000489960462,1
"CRS3035RES20000mN2000000E4780000",400.000489936071,400.000489936071,1
"CRS3035RES20000mN2000000E4800000",400.000489910619,400.000489910619,1
"CRS3035RES20000mN2000000E4820000",400.000489884141,400.000489884141,1
"CRS3035RES20000mN2000000E4840000",400.000489856626,400.000489856626,1
"CRS3035RES20000mN2000000E4860000",400.000489828005,400.000489828005,1
"CRS3035RES20000mN2000000E4880000",400.000489798355,400.000489798355,1
"CRS3035RES20000mN2000000E4900000",400.000489767639,400.000489767639,1
"CRS3035RES20000mN2000000E4920000",400.00048973587,359.384708133388,0.898460670312423
"CRS3035RES20000mN2000000E4940000",400.000489703083,91.7909026964512,0.229476975802172
"CRS3035RES20000mN2020000E2640000",400.000486622852,0.753295102173328,0.00188323546436979
"CRS3035RES20000mN2020000E2660000",400.000486707985,73.7673337458005,0.184418109970085
"CRS3035RES20000mN2020000E2680000",400.000486792343,324.812691498022,0.812030740519187
"CRS3035RES20000mN2020000E2700000",400.000486875698,400.000486875698,1
"CRS3035RES20000mN2020000E2720000",400.000486958206,400.000486958206,1
"CRS3035RES20000mN2020000E2740000",400.000487039612,400.000487039612,1
"CRS3035RES20000mN2020000E2760000",400.000487120041,400.000487120041,1
"CRS3035RES20000mN2020000E2780000",400.000487199593,400.000487199593,1
"CRS3035RES20000mN2020000E2800000",400.00048727816,400.00048727816,1
"CRS3035RES20000mN2020000E2820000",400.000487355766,400.000487355766,1
"CRS3035RES20000mN2020000E2840000",400.000487432362,400.000487432362,1
"CRS3035RES20000mN2020000E2860000",400.000487508045,400.000487508045,1
"CRS3035RES20000mN2020000E2880000",400.000487582725,400.000487582725,1
"CRS3035RES20000mN2020000E2900000",400.000487656513,400.000487656513,1
"CRS3035RES20000mN2020000E2920000",400.000487729248,400.000487729248,1
"CRS3035RES20000mN2020000E2940000",400.000487800919,400.000487800919,1
"CRS3035RES20000mN2020000E2960000",400.000487871788,400.000487871788,1
"CRS3035RES20000mN2020000E2980000",400.000487941551,400.000487941551,1
"CRS3035RES20000mN2020000E3000000",400.000488010292,400.000488010292,1
"CRS3035RES20000mN2020000E3020000",400.000488078037,400.000488078037,1
"CRS3035RES20000mN2020000E3040000",400.000488144962,400.000488144962,1
"CRS3035RES20000mN2020000E3060000",400.000488210793,400.000488210793,1
"CRS3035RES20000mN2020000E3080000",400.000488275562,400.000488275562,1
"CRS3035RES20000mN2020000E3100000",400.000488339413,400.000488339413,1
"CRS3035RES20000mN2020000E3120000",400.000488402222,400.000488402222,1
"CRS3035RES20000mN2020000E3140000",400.000488463982,400.000488463982,1
"CRS3035RES20000mN2020000E3160000",400.000488524838,400.000488524838,1
"CRS3035RES20000mN2020000E3180000",400.000488584633,400.000488584633,1
"CRS3035RES20000mN2020000E3200000",400.00048864341,400.00048864341,1
"CRS3035RES20000mN2020000E3220000",400.000488701151,400.000488701151,1
"CRS3035RES20000mN2020000E3240000",400.000488758001,400.000488758001,1
"CRS3035RES20000mN2020000E3260000",400.00048881365,400.00048881365,1
"CRS3035RES20000mN2020000E3280000",400.000488868385,400.000488868385,1
"CRS3035RES20000mN2020000E3300000",400.000488922117,400.000488922117,1
"CRS3035RES20000mN2020000E3320000",400.000488974741,400.000488974741,1
"CRS3035RES20000mN2020000E3340000",400.000489026436,400.000489026436,1
"CRS3035RES20000mN2020000E3360000",400.000489077,400.000489077,1
"CRS3035RES20000mN2020000E3380000",400.000489126595,400.000489126595,1
"CRS3035RES20000mN2020000E3400000",400.000489175201,400.000489175201,1
"CRS3035RES20000mN2020000E3420000",400.00048922278,400.00048922278,1
"CRS3035RES20000mN2020000E3440000",400.00048926922,400.00048926922,1
"CRS3035RES20000mN2020000E3460000",400.000489314774,400.000489314774,1
"CRS3035RES20000mN2020000E3480000",400.000489359221,400.000489359221,1
"CRS3035RES20000mN2020000E3500000",400.000489402569,400.000489402569,1
"CRS3035RES20000mN2020000E3520000",400.000489444887,400.000489444887,1
"CRS3035RES20000mN2020000E3540000",400.000489486164,230.813835770418,0.577033883300791
"CRS3035RES20000mN2020000E3560000",400.000489526508,9.12742103538853,0.0228185246627896
"CRS3035RES20000mN2020000E4240000",400.000490269053,87.8125707603958,0.219531157827658
"CRS3035RES20000mN2020000E4540000",400.000490205868,1.7702571708321,0.00442563750339656
"CRS3035RES20000mN2020000E4560000",400.000490193141,186.135478441773,0.46533812584054
"CRS3035RES20000mN2020000E4580000",400.000490179306,301.703388044661,0.75425754580805
"CRS3035RES20000mN2020000E4600000",400.000490164479,326.713488231401,0.816782719683811
"CRS3035RES20000mN2020000E4620000",400.000490148607,330.621282722985,0.826552193973946
"CRS3035RES20000mN2020000E4640000",400.000490131527,400.000490131527,1
"CRS3035RES20000mN2020000E4660000",400.000490113493,400.000490113493,1
"CRS3035RES20000mN2020000E4680000",400.000490094391,400.000490094391,1
"CRS3035RES20000mN2020000E4700000",400.000490074202,400.000490074202,1
"CRS3035RES20000mN2020000E4720000",400.000490052888,400.000490052888,1
"CRS3035RES20000mN2020000E4740000",400.000490030613,400.000490030613,1
"CRS3035RES20000mN2020000E4760000",400.000490007215,400.000490007215,1
"CRS3035RES20000mN2020000E4780000",400.000489982843,400.000489982843,1
"CRS3035RES20000mN2020000E4800000",400.000489957398,400.000489957398,1
"CRS3035RES20000mN2020000E4820000",400.000489930935,400.000489930935,1
"CRS3035RES20000mN2020000E4840000",400.000489903258,400.000489903258,1
"CRS3035RES20000mN2020000E4860000",400.000489874607,367.376585793025,0.918440339681061
"CRS3035RES20000mN2020000E4880000",400.000489844946,250.169201590147,0.62542223807556
"CRS3035RES20000mN2020000E4900000",400.000489814198,138.620900132069,0.346551825965161
"CRS3035RES20000mN2020000E4920000",400.0004897824,17.389473149893,0.0434736296431859
"CRS3035RES20000mN2040000E2680000",400.000486832401,76.0364289665465,0.190090841060415
"CRS3035RES20000mN2040000E2700000",400.000486915985,394.566098310781,0.986414045025037
"CRS3035RES20000mN2040000E2720000",400.000486998489,400.000486998489,1
"CRS3035RES20000mN2040000E2740000",400.000487080112,400.000487080112,1
"CRS3035RES20000mN2040000E2760000",400.000487160763,400.000487160763,1
"CRS3035RES20000mN2040000E2780000",400.000487240379,400.000487240379,1
"CRS3035RES20000mN2040000E2800000",400.000487319111,400.000487319111,1
"CRS3035RES20000mN2040000E2820000",400.000487396866,400.000487396866,1
"CRS3035RES20000mN2040000E2840000",400.000487473667,400.000487473667,1
"CRS3035RES20000mN2040000E2860000",400.000487549446,400.000487549446,1
"CRS3035RES20000mN2040000E2880000",400.00048762426,400.00048762426,1
"CRS3035RES20000mN2040000E2900000",400.000487698101,400.000487698101,1
"CRS3035RES20000mN2040000E2920000",400.000487770981,400.000487770981,1
"CRS3035RES20000mN2040000E2940000",400.000487842895,400.000487842895,1
"CRS3035RES20000mN2040000E2960000",400.000487913792,400.000487913792,1
"CRS3035RES20000mN2040000E2980000",400.000487983643,400.000487983643,1
"CRS3035RES20000mN2040000E3000000",400.000488052647,400.000488052647,1
"CRS3035RES20000mN2040000E3020000",400.000488120571,400.000488120571,1
"CRS3035RES20000mN2040000E3040000",400.000488187439,400.000488187439,1
"CRS3035RES20000mN2040000E3060000",400.000488253368,400.000488253368,1
"CRS3035RES20000mN2040000E3080000",400.000488318336,400.000488318336,1
"CRS3035RES20000mN2040000E3100000",400.000488382263,400.000488382263,1
"CRS3035RES20000mN2040000E3120000",400.000488445168,400.000488445168,1
"CRS3035RES20000mN2040000E3140000",400.000488507133,400.000488507133,1
"CRS3035RES20000mN2040000E3160000",400.00048856802,400.00048856802,1
"CRS3035RES20000mN2040000E3180000",400.00048862793,400.00048862793,1
"CRS3035RES20000mN2040000E3200000",400.000488686808,400.000488686808,1
"CRS3035RES20000mN2040000E3220000",400.000488744678,400.000488744678,1
"CRS3035RES20000mN2040000E3240000",400.000488801472,400.000488801472,1
"CRS3035RES20000mN2040000E3260000",400.000488857328,400.000488857328,1
"CRS3035RES20000mN2040000E3280000",400.000488912123,400.000488912123,1
"CRS3035RES20000mN2040000E3300000",400.000488965956,400.000488965956,1
"CRS3035RES20000mN2040000E3320000",400.000489018702,400.000489018702,1
"CRS3035RES20000mN2040000E3340000",400.000489070404,400.000489070404,1
"CRS3035RES20000mN2040000E3360000",400.000489121147,400.000489121147,1
"CRS3035RES20000mN2040000E3380000",400.000489170843,400.000489170843,1
"CRS3035RES20000mN2040000E3400000",400.000489219473,400.000489219473,1
"CRS3035RES20000mN2040000E3420000",400.000489267107,400.000489267107,1
"CRS3035RES20000mN2040000E3440000",400.000489313704,400.000489313704,1
"CRS3035RES20000mN2040000E3460000",400.000489359228,400.000489359228,1
"CRS3035RES20000mN2040000E3480000",400.000489403738,400.000489403738,1
"CRS3035RES20000mN2040000E3500000",400.000489447172,400.000489447172,1
"CRS3035RES20000mN2040000E3520000",400.000489489639,400.000489489639,1
"CRS3035RES20000mN2040000E3540000",400.000489531023,400.000489531023,1
"CRS3035RES20000mN2040000E3560000",400.000489571339,392.484096172965,0.981209039502855
"CRS3035RES20000mN2040000E3580000",400.000489610718,305.276171824314,0.763189495396392
"CRS3035RES20000mN2040000E3600000",400.000489648916,222.742551743216,0.556855697698567
"CRS3035RES20000mN2040000E3620000",400.000489686165,170.436353676954,0.426090362565996
"CRS3035RES20000mN2040000E3640000",400.000489722233,115.300313026477,0.288250429659582
"CRS3035RES20000mN2040000E3660000",400.000489757425,7.76339692729855,0.0194084685546424
"CRS3035RES20000mN2040000E4200000",400.000490305449,2.59483298779447,0.00648707451786623
"CRS3035RES20000mN2040000E4220000",400.000490310871,280.603451357971,0.701507768502715
"CRS3035RES20000mN2040000E4240000",400.000490315093,391.333671677526,0.978332979965251
"CRS3035RES20000mN2040000E4260000",400.000490318405,46.937455919147,0.117343495958678
"CRS3035RES20000mN2040000E4520000",400.000490263533,89.7680589463334,0.224419872303635
"CRS3035RES20000mN2040000E4540000",400.000490251855,368.649377814747,0.921622314969244
"CRS3035RES20000mN2040000E4560000",400.00049023907,400.00049023907,1
"CRS3035RES20000mN2040000E4580000",400.000490225249,400.000490225249,1
"CRS3035RES20000mN2040000E4600000",400.000490210397,400.000490210397,1
"CRS3035RES20000mN2040000E4620000",400.000490194407,400.000490194407,1
"CRS3035RES20000mN2040000E4640000",400.000490177413,400.000490177413,1
"CRS3035RES20000mN2040000E4660000",400.000490159344,400.000490159344,1
"CRS3035RES20000mN2040000E4680000",400.000490140139,400.000490140139,1
"CRS3035RES20000mN2040000E4700000",400.000490119956,400.000490119956,1
"CRS3035RES20000mN2040000E4720000",400.00049009879,400.00049009879,1
"CRS3035RES20000mN2040000E4740000",400.000490076446,400.000490076446,1
"CRS3035RES20000mN2040000E4760000",400.000490053012,400.000490053012,1
"CRS3035RES20000mN2040000E4780000",400.000490028538,400.000490028538,1
"CRS3035RES20000mN2040000E4800000",400.000490003009,399.989183632046,0.999971734107219
"CRS3035RES20000mN2040000E4820000",400.00048997641,301.769639441521,0.754423174479906
"CRS3035RES20000mN2040000E4840000",400.000489948827,142.148071907922,0.355369744487332
"CRS3035RES20000mN2040000E4860000",400.000489920097,12.0011460242195,0.0300028283130774
"CRS3035RES20000mN2060000E2700000",400.000486955154,217.428269653326,0.543570012397767
"CRS3035RES20000mN2060000E2720000",400.000487037823,400.000487037823,1
"CRS3035RES20000mN2060000E2740000",400.000487119511,400.000487119511,1
"CRS3035RES20000mN2060000E2760000",400.00048720031,400.00048720031,1
"CRS3035RES20000mN2060000E2780000",400.000487280132,400.000487280132,1
"CRS3035RES20000mN2060000E2800000",400.000487359024,400.000487359024,1
"CRS3035RES20000mN2060000E2820000",400.000487436913,400.000487436913,1
"CRS3035RES20000mN2060000E2840000",400.000487513794,400.000487513794,1
"CRS3035RES20000mN2060000E2860000",400.000487589703,400.000487589703,1
"CRS3035RES20000mN2060000E2880000",400.000487664661,400.000487664661,1
"CRS3035RES20000mN2060000E2900000",400.000487738663,400.000487738663,1
"CRS3035RES20000mN2060000E2920000",400.000487811615,400.000487811615,1
"CRS3035RES20000mN2060000E2940000",400.000487883686,400.000487883686,1
"CRS3035RES20000mN2060000E2960000",400.000487954643,400.000487954643,1
"CRS3035RES20000mN2060000E2980000",400.000488024746,400.000488024746,1
"CRS3035RES20000mN2060000E3000000",400.000488093742,400.000488093742,1
"CRS3035RES20000mN2060000E3020000",400.000488161831,400.000488161831,1
"CRS3035RES20000mN2060000E3040000",400.000488228802,400.000488228802,1
"CRS3035RES20000mN2060000E3060000",400.000488294849,400.000488294849,1
"CRS3035RES20000mN2060000E3080000",400.000488359909,400.000488359909,1
"CRS3035RES20000mN2060000E3100000",400.000488423924,400.000488423924,1
"CRS3035RES20000mN2060000E3120000",400.000488486954,400.000488486954,1
"CRS3035RES20000mN2060000E3140000",400.00048854895,400.00048854895,1
"CRS3035RES20000mN2060000E3160000",400.000488610024,400.000488610024,1
"CRS3035RES20000mN2060000E3180000",400.000488669964,400.000488669964,1
"CRS3035RES20000mN2060000E3200000",400.000488728935,400.000488728935,1
"CRS3035RES20000mN2060000E3220000",400.000488786945,400.000488786945,1
"CRS3035RES20000mN2060000E3240000",400.000488843893,400.000488843893,1
"CRS3035RES20000mN2060000E3260000",400.000488899841,400.000488899841,1
"CRS3035RES20000mN2060000E3280000",400.000488954712,400.000488954712,1
"CRS3035RES20000mN2060000E3300000",400.000489008606,400.000489008606,1
"CRS3035RES20000mN2060000E3320000",400.000489061481,400.000489061481,1
"CRS3035RES20000mN2060000E3340000",400.000489113304,400.000489113304,1
"CRS3035RES20000mN2060000E3360000",400.000489164083,400.000489164083,1
"CRS3035RES20000mN2060000E3380000",400.000489213856,400.000489213856,1
"CRS3035RES20000mN2060000E3400000",400.000489262564,400.000489262564,1
"CRS3035RES20000mN2060000E3420000",400.000489310219,400.000489310219,1
"CRS3035RES20000mN2060000E3440000",400.000489356888,400.000489356888,1
"CRS3035RES20000mN2060000E3460000",400.000489402502,400.000489402502,1
"CRS3035RES20000mN2060000E3480000",400.000489447107,400.000489447107,1
"CRS3035RES20000mN2060000E3500000",400.000489490719,400.000489490719,1
"CRS3035RES20000mN2060000E3520000",400.000489533171,400.000489533171,1
"CRS3035RES20000mN2060000E3540000",400.000489574711,400.000489574711,1
"CRS3035RES20000mN2060000E3560000",400.00048961512,400.00048961512,1
"CRS3035RES20000mN2060000E3580000",400.000489654425,400.000489654425,1
"CRS3035RES20000mN2060000E3600000",400.00048969274,400.00048969274,1
"CRS3035RES20000mN2060000E3620000",400.000489729982,400.000489729982,1
"CRS3035RES20000mN2060000E3640000",400.00048976619,400.00048976619,1
"CRS3035RES20000mN2060000E3660000",400.000489801353,258.286259581645,0.645714858274084
"CRS3035RES20000mN2060000E3680000",400.000489835484,31.9919803067989,0.0799798528245726
"CRS3035RES20000mN2060000E4200000",400.00049035032,60.4472145708358,0.151117851175373
"CRS3035RES20000mN2060000E4220000",400.000490355732,339.464591875228,0.848660439324293
"CRS3035RES20000mN2060000E4240000",400.000490360077,400.000490360077,1
"CRS3035RES20000mN2060000E4260000",400.000490363329,206.48219754727,0.51620486104834
"CRS3035RES20000mN2060000E4500000",400.000490318977,122.898918804142,0.307246920387865
"CRS3035RES20000mN2060000E4520000",400.000490308459,372.360227407972,0.93089942745027
"CRS3035RES20000mN2060000E4540000",400.0004902967,400.0004902967,1
"CRS3035RES20000mN2060000E4560000",400.000490283955,400.000490283955,1
"CRS3035RES20000mN2060000E4580000",400.000490270107,400.000490270107,1
"CRS3035RES20000mN2060000E4600000",400.000490255099,400.000490255099,1
"CRS3035RES20000mN2060000E4620000",400.000490239079,400.000490239079,1
"CRS3035RES20000mN2060000E4640000",400.000490222093,400.000490222093,1
"CRS3035RES20000mN2060000E4660000",400.000490203965,400.000490203965,1
"CRS3035RES20000mN2060000E4680000",400.000490184808,400.000490184808,1
"CRS3035RES20000mN2060000E4700000",400.000490164615,400.000490164615,1
"CRS3035RES20000mN2060000E4720000",400.000490143217,400.000490143217,1
"CRS3035RES20000mN2060000E4740000",400.000490120878,400.000490120878,1
"CRS3035RES20000mN2060000E4760000",400.000490097435,400.000490097435,1
"CRS3035RES20000mN2060000E4780000",400.000490072997,400.000490072997,1
"CRS3035RES20000mN2060000E4800000",400.000490047415,304.462090284681,0.761154293207468
"CRS3035RES20000mN2080000E2700000",400.00048699313,16.7371915943279,0.0418429280427736
"CRS3035RES20000mN2080000E2720000",400.000487075954,354.360090541956,0.885899147604458
"CRS3035RES20000mN2080000E2740000",400.000487157894,400.000487157894,1
"CRS3035RES20000mN2080000E2760000",400.000487238831,400.000487238831,1
"CRS3035RES20000mN2080000E2780000",400.000487318752,400.000487318752,1
"CRS3035RES20000mN2080000E2800000",400.0004873978,400.0004873978,1
"CRS3035RES20000mN2080000E2820000",400.000487475792,400.000487475792,1
"CRS3035RES20000mN2080000E2840000",400.000487552818,400.000487552818,1
"CRS3035RES20000mN2080000E2860000",400.00048762888,400.00048762888,1
"CRS3035RES20000mN2080000E2880000",400.000487704044,400.000487704044,1
"CRS3035RES20000mN2080000E2900000",400.000487778038,400.000487778038,1
"CRS3035RES20000mN2080000E2920000",400.000487851261,400.000487851261,1
"CRS3035RES20000mN2080000E2940000",400.000487923302,400.000487923302,1
"CRS3035RES20000mN2080000E2960000",400.000487994473,400.000487994473,1
"CRS3035RES20000mN2080000E2980000",400.000488064617,400.000488064617,1
"CRS3035RES20000mN2080000E3000000",400.000488133751,400.000488133751,1
"CRS3035RES20000mN2080000E3020000",400.000488201881,400.000488201881,1
"CRS3035RES20000mN2080000E3040000",400.000488269051,400.000488269051,1
"CRS3035RES20000mN2080000E3060000",400.00048833527,400.00048833527,1
"CRS3035RES20000mN2080000E3080000",400.000488400391,400.000488400391,1
"CRS3035RES20000mN2080000E3100000",400.000488464497,400.000488464497,1
"CRS3035RES20000mN2080000E3120000",400.000488527668,400.000488527668,1
"CRS3035RES20000mN2080000E3140000",400.000488589844,400.000488589844,1
"CRS3035RES20000mN2080000E3160000",400.000488650894,400.000488650894,1
"CRS3035RES20000mN2080000E3180000",400.000488710987,400.000488710987,1
"CRS3035RES20000mN2080000E3200000",400.000488770062,400.000488770062,1
"CRS3035RES20000mN2080000E3220000",400.000488828136,400.000488828136,1
"CRS3035RES20000mN2080000E3240000",400.000488885149,400.000488885149,1
"CRS3035RES20000mN2080000E3260000",400.000488941177,400.000488941177,1
"CRS3035RES20000mN2080000E3280000",400.000488996185,400.000488996185,1
"CRS3035RES20000mN2080000E3300000",400.000489050117,400.000489050117,1
"CRS3035RES20000mN2080000E3320000",400.000489102997,400.000489102997,1
"CRS3035RES20000mN2080000E3340000",400.000489155012,400.000489155012,1
"CRS3035RES20000mN2080000E3360000",400.000489205912,400.000489205912,1
"CRS3035RES20000mN2080000E3380000",400.000489255711,400.000489255711,1
"CRS3035RES20000mN2080000E3400000",400.000489304512,400.000489304512,1
"CRS3035RES20000mN2080000E3420000",400.000489352365,400.000489352365,1
"CRS3035RES20000mN2080000E3440000",400.000489399055,400.000489399055,1
"CRS3035RES20000mN2080000E3460000",400.000489444737,400.000489444737,1
"CRS3035RES20000mN2080000E3480000",400.000489489412,400.000489489412,1
"CRS3035RES20000mN2080000E3500000",400.000489532967,400.000489532967,1
"CRS3035RES20000mN2080000E3520000",400.000489575581,400.000489575581,1
"CRS3035RES20000mN2080000E3540000",400.000489617098,400.000489617098,1
"CRS3035RES20000mN2080000E3560000",400.000489657553,400.000489657553,1
"CRS3035RES20000mN2080000E3580000",400.000489696983,400.000489696983,1
"CRS3035RES20000mN2080000E3600000",400.00048973542,400.00048973542,1
"CRS3035RES20000mN2080000E3620000",400.000489772713,400.000489772713,1
"CRS3035RES20000mN2080000E3640000",400.000489809011,400.000489809011,1
"CRS3035RES20000mN2080000E3660000",400.000489844187,400.000489844187,1
"CRS3035RES20000mN2080000E3680000",400.000489878416,383.944976002764,0.95986126446862
"CRS3035RES20000mN2080000E3700000",400.00048991151,264.521137158636,0.661302032947896
"CRS3035RES20000mN2080000E3720000",400.000489943539,78.3029564595215,0.195757151373925
"CRS3035RES20000mN2080000E4200000",400.000490393995,120.763064617515,0.30190729140998
"CRS3035RES20000mN2080000E4220000",400.000490399446,396.822858184089,0.992055929201028
"CRS3035RES20000mN2080000E4240000",400.000490403731,400.000490403731,1
"CRS3035RES20000mN2080000E4260000",400.000490406992,231.709981540143,0.57927424365001
"CRS3035RES20000mN2080000E4480000",400.000490372271,50.6439443334661,0.126609705618943
"CRS3035RES20000mN2080000E4500000",400.000490362662,361.575889929679,0.903938616679831
"CRS3035RES20000mN2080000E4520000",400.000490351979,400.000490351979,1
"CRS3035RES20000mN2080000E4540000",400.000490340261,400.000490340261,1
"CRS3035RES20000mN2080000E4560000",400.000490327476,400.000490327476,1
"CRS3035RES20000mN2080000E4580000",400.00049031357,400.00049031357,1
"CRS3035RES20000mN2080000E4600000",400.000490298656,400.000490298656,1
"CRS3035RES20000mN2080000E4620000",400.000490282707,400.000490282707,1
"CRS3035RES20000mN2080000E4640000",400.000490265563,400.000490265563,1
"CRS3035RES20000mN2080000E4660000",400.000490247428,400.000490247428,1
"CRS3035RES20000mN2080000E4680000",400.000490228246,400.000490228246,1
"CRS3035RES20000mN2080000E4700000",400.00049020788,400.00049020788,1
"CRS3035RES20000mN2080000E4720000",400.000490186621,400.000490186621,1
"CRS3035RES20000mN2080000E4740000",400.000490164222,400.000490164222,1
"CRS3035RES20000mN2080000E4760000",400.000490140752,400.000490140752,1
"CRS3035RES20000mN2080000E4780000",400.000490116188,400.000490116188,1
"CRS3035RES20000mN2080000E4800000",400.000490090611,397.835829126845,0.994588354221079
"CRS3035RES20000mN2080000E4820000",400.000490063912,192.100534702415,0.480250748372137
"CRS3035RES20000mN2100000E2720000",400.000487113174,251.359105346572,0.628396998115288
"CRS3035RES20000mN2100000E2740000",400.000487195175,400.000487195175,1
"CRS3035RES20000mN2100000E2760000",400.000487276253,400.000487276253,1
"CRS3035RES20000mN2100000E2780000",400.000487356377,400.000487356377,1
"CRS3035RES20000mN2100000E2800000",400.000487435432,400.000487435432,1
"CRS3035RES20000mN2100000E2820000",400.000487513561,400.000487513561,1
"CRS3035RES20000mN2100000E2840000",400.000487590778,400.000487590778,1
"CRS3035RES20000mN2100000E2860000",400.000487667,400.000487667,1
"CRS3035RES20000mN2100000E2880000",400.000487742153,400.000487742153,1
"CRS3035RES20000mN2100000E2900000",400.000487816444,400.000487816444,1
"CRS3035RES20000mN2100000E2920000",400.000487889626,400.000487889626,1
"CRS3035RES20000mN2100000E2940000",400.000487961872,400.000487961872,1
"CRS3035RES20000mN2100000E2960000",400.0004880331,400.0004880331,1
"CRS3035RES20000mN2100000E2980000",400.000488103352,400.000488103352,1
"CRS3035RES20000mN2100000E3000000",400.000488172626,400.000488172626,1
"CRS3035RES20000mN2100000E3020000",400.000488240856,400.000488240856,1
"CRS3035RES20000mN2100000E3040000",400.000488308231,400.000488308231,1
"CRS3035RES20000mN2100000E3060000",400.00048837447,400.00048837447,1
"CRS3035RES20000mN2100000E3080000",400.00048843969,400.00048843969,1
"CRS3035RES20000mN2100000E3100000",400.000488503986,400.000488503986,1
"CRS3035RES20000mN2100000E3120000",400.000488567204,400.000488567204,1
"CRS3035RES20000mN2100000E3140000",400.000488629383,400.000488629383,1
"CRS3035RES20000mN2100000E3160000",400.000488690586,400.000488690586,1
"CRS3035RES20000mN2100000E3180000",400.000488750832,400.000488750832,1
"CRS3035RES20000mN2100000E3200000",400.000488810047,400.000488810047,1
"CRS3035RES20000mN2100000E3220000",400.000488868168,400.000488868168,1
"CRS3035RES20000mN2100000E3240000",400.00048892528,400.00048892528,1
"CRS3035RES20000mN2100000E3260000",400.000488981386,400.000488981386,1
"CRS3035RES20000mN2100000E3280000",400.000489036476,400.000489036476,1
"CRS3035RES20000mN2100000E3300000",400.000489090542,400.000489090542,1
"CRS3035RES20000mN2100000E3320000",400.000489143591,400.000489143591,1
"CRS3035RES20000mN2100000E3340000",400.000489195553,400.000489195553,1
"CRS3035RES20000mN2100000E3360000",400.00048924645,400.00048924645,1
"CRS3035RES20000mN2100000E3380000",400.000489296444,400.000489296444,1
"CRS3035RES20000mN2100000E3400000",400.000489345324,400.000489345324,1
"CRS3035RES20000mN2100000E3420000",400.000489393101,400.000489393101,1
"CRS3035RES20000mN2100000E3440000",400.000489439953,400.000489439953,1
"CRS3035RES20000mN2100000E3460000",400.000489485762,400.000489485762,1
"CRS3035RES20000mN2100000E3480000",400.00048953047,400.00048953047,1
"CRS3035RES20000mN2100000E3500000",400.000489574141,400.000489574141,1
"CRS3035RES20000mN2100000E3520000",400.000489616728,400.000489616728,1
"CRS3035RES20000mN2100000E3540000",400.000489658339,400.000489658339,1
"CRS3035RES20000mN2100000E3560000",400.000489698942,400.000489698942,1
"CRS3035RES20000mN2100000E3580000",400.000489738413,400.000489738413,1
"CRS3035RES20000mN2100000E3600000",400.000489776821,400.000489776821,1
"CRS3035RES20000mN2100000E3620000",400.000489814249,400.000489814249,1
"CRS3035RES20000mN2100000E3640000",400.000489850534,400.000489850534,1
"CRS3035RES20000mN2100000E3660000",400.000489885876,400.000489885876,1
"CRS3035RES20000mN2100000E3680000",400.000489920017,400.000489920017,1
"CRS3035RES20000mN2100000E3700000",400.000489953241,400.000489953241,1
"CRS3035RES20000mN2100000E3720000",400.000489985323,397.001661447792,0.992502937839799
"CRS3035RES20000mN2100000E3740000",400.0004900163,202.995427910716,0.507487948083373
"CRS3035RES20000mN2100000E4200000",400.000490436479,187.620224722037,0.469049986707032
"CRS3035RES20000mN2100000E4220000",400.000490441859,400.000490441859,1
"CRS3035RES20000mN2100000E4240000",400.00049044627,400.00049044627,1
"CRS3035RES20000mN2100000E4260000",400.000490449544,383.837696239117,0.959593064017841
"CRS3035RES20000mN2100000E4280000",400.000490451783,40.8982155172952,0.102245413427125
"CRS3035RES20000mN2100000E4460000",400.000490423236,166.194463660705,0.415485649742219
"CRS3035RES20000mN2100000E4480000",400.000490414668,371.034798144984,0.927585858108184
"CRS3035RES20000mN2100000E4500000",400.000490405075,400.000490405075,1
"CRS3035RES20000mN2100000E4520000",400.0004903943,400.0004903943,1
"CRS3035RES20000mN2100000E4540000",400.000490382643,400.000490382643,1
"CRS3035RES20000mN2100000E4560000",400.000490369803,400.000490369803,1
"CRS3035RES20000mN2100000E4580000",400.00049035595,400.00049035595,1
"CRS3035RES20000mN2100000E4600000",400.000490340944,400.000490340944,1
"CRS3035RES20000mN2100000E4620000",400.000490324903,400.000490324903,1
"CRS3035RES20000mN2100000E4640000",400.000490307807,400.000490307807,1
"CRS3035RES20000mN2100000E4660000",400.000490289653,400.000490289653,1
"CRS3035RES20000mN2100000E4680000",400.000490270436,400.000490270436,1
"CRS3035RES20000mN2100000E4700000",400.000490250136,399.458993364204,0.998646259444348
"CRS3035RES20000mN2100000E4720000",400.000490228742,308.20247761533,0.770505249728778
"CRS3035RES20000mN2100000E4740000",400.000490206277,147.060520196067,0.367650849928282
"CRS3035RES20000mN2100000E4760000",400.000490182791,123.255368386781,0.308138043357037
"CRS3035RES20000mN2100000E4780000",400.000490158211,174.040847903005,0.435101586585974
"CRS3035RES20000mN2100000E4800000",400.00049013256,220.37954400842,0.550948184926938
"CRS3035RES20000mN2100000E4820000",400.000490105925,186.708373939341,0.466770362931051
"CRS3035RES20000mN2120000E2720000",400.0004871492,46.7662081270094,0.116915377929441
"CRS3035RES20000mN2120000E2740000",400.000487231361,391.207049901275,0.978016433452492
"CRS3035RES20000mN2120000E2760000",400.000487312519,400.000487312519,1
"CRS3035RES20000mN2120000E2780000",400.000487392792,400.000487392792,1
"CRS3035RES20000mN2120000E2800000",400.000487472004,400.000487472004,1
"CRS3035RES20000mN2120000E2820000",400.000487550255,400.000487550255,1
"CRS3035RES20000mN2120000E2840000",400.000487627579,400.000487627579,1
"CRS3035RES20000mN2120000E2860000",400.000487703903,400.000487703903,1
"CRS3035RES20000mN2120000E2880000",400.00048777919,400.00048777919,1
"CRS3035RES20000mN2120000E2900000",400.000487853588,400.000487853588,1
"CRS3035RES20000mN2120000E2920000",400.000487926933,400.000487926933,1
"CRS3035RES20000mN2120000E2940000",400.000487999256,400.000487999256,1
"CRS3035RES20000mN2120000E2960000",400.000488070683,400.000488070683,1
"CRS3035RES20000mN2120000E2980000",400.000488141067,400.000488141067,1
"CRS3035RES20000mN2120000E3000000",400.000488210453,400.000488210453,1
"CRS3035RES20000mN2120000E3020000",400.000488278858,400.000488278858,1
"CRS3035RES20000mN2120000E3040000",400.000488346161,400.000488346161,1
"CRS3035RES20000mN2120000E3060000",400.000488412548,400.000488412548,1
"CRS3035RES20000mN2120000E3080000",400.000488477928,400.000488477928,1
"CRS3035RES20000mN2120000E3100000",400.000488542236,400.000488542236,1
"CRS3035RES20000mN2120000E3120000",400.000488605587,400.000488605587,1
"CRS3035RES20000mN2120000E3140000",400.000488667904,400.000488667904,1
"CRS3035RES20000mN2120000E3160000",400.000488729275,400.000488729275,1
"CRS3035RES20000mN2120000E3180000",400.000488789482,400.000488789482,1
"CRS3035RES20000mN2120000E3200000",400.000488848698,400.000488848698,1
"CRS3035RES20000mN2120000E3220000",400.000488906998,400.000488906998,1
"CRS3035RES20000mN2120000E3240000",400.00048896421,400.00048896421,1
"CRS3035RES20000mN2120000E3260000",400.000489020462,400.000489020462,1
"CRS3035RES20000mN2120000E3280000",400.000489075588,400.000489075588,1
"CRS3035RES20000mN2120000E3300000",400.000489129715,400.000489129715,1
"CRS3035RES20000mN2120000E3320000",400.000489182888,400.000489182888,1
"CRS3035RES20000mN2120000E3340000",400.000489234888,400.000489234888,1
"CRS3035RES20000mN2120000E3360000",400.000489285967,400.000489285967,1
"CRS3035RES20000mN2120000E3380000",400.000489335911,400.000489335911,1
"CRS3035RES20000mN2120000E3400000",400.000489384892,400.000489384892,1
"CRS3035RES20000mN2120000E3420000",400.000489432808,400.000489432808,1
"CRS3035RES20000mN2120000E3440000",400.000489479742,400.000489479742,1
"CRS3035RES20000mN2120000E3460000",400.000489525526,400.000489525526,1
"CRS3035RES20000mN2120000E3480000",400.000489570309,400.000489570309,1
"CRS3035RES20000mN2120000E3500000",400.000489614048,400.000489614048,1
"CRS3035RES20000mN2120000E3520000",400.000489656799,400.000489656799,1
"CRS3035RES20000mN2120000E3540000",400.000489698441,400.000489698441,1
"CRS3035RES20000mN2120000E3560000",400.000489739006,400.000489739006,1
"CRS3035RES20000mN2120000E3580000",400.000489778608,400.000489778608,1
"CRS3035RES20000mN2120000E3600000",400.000489817081,400.000489817081,1
"CRS3035RES20000mN2120000E3620000",400.000489854465,400.000489854465,1
"CRS3035RES20000mN2120000E3640000",400.000489890938,400.000489890938,1
"CRS3035RES20000mN2120000E3660000",400.000489926243,400.000489926243,1
"CRS3035RES20000mN2120000E3680000",400.000489960569,400.000489960569,1
"CRS3035RES20000mN2120000E3700000",400.00048999374,400.00048999374,1
"CRS3035RES20000mN2120000E3720000",400.000490025923,400.000490025923,1
"CRS3035RES20000mN2120000E3740000",400.000490057108,336.42706923253,0.841066642654608
"CRS3035RES20000mN2120000E4200000",400.000490477679,283.920139983189,0.709799479605969
"CRS3035RES20000mN2120000E4220000",400.000490483181,400.000490483181,1
"CRS3035RES20000mN2120000E4240000",400.000490487494,400.000490487494,1
"CRS3035RES20000mN2120000E4260000",400.000490490799,400.000490490799,1
"CRS3035RES20000mN2120000E4280000",400.000490493022,80.0329550288367,0.200082142224855
"CRS3035RES20000mN2120000E4340000",400.000490493124,3.75750808570337,0.00939375869532332
"CRS3035RES20000mN2120000E4380000",400.000490487846,15.213202045249,0.0380329584763627
"CRS3035RES20000mN2120000E4440000",400.000490471956,59.0445707914948,0.147611245980796
"CRS3035RES20000mN2120000E4460000",400.000490464481,376.41325096518,0.941031973556054
"CRS3035RES20000mN2120000E4480000",400.000490455879,400.000490455879,1
"CRS3035RES20000mN2120000E4500000",400.000490446262,400.000490446262,1
"CRS3035RES20000mN2120000E4520000",400.00049043561,400.00049043561,1
"CRS3035RES20000mN2120000E4540000",400.000490423811,400.000490423811,1
"CRS3035RES20000mN2120000E4560000",400.000490410957,400.000490410957,1
"CRS3035RES20000mN2120000E4580000",400.000490397051,400.000490397051,1
"CRS3035RES20000mN2120000E4600000",400.000490382089,400.000490382089,1
"CRS3035RES20000mN2120000E4620000",400.000490366083,400.000490366083,1
"CRS3035RES20000mN2120000E4640000",400.000490348943,400.000490348943,1
"CRS3035RES20000mN2120000E4660000",400.000490330738,400.000490330738,1
"CRS3035RES20000mN2120000E4680000",400.000490311422,384.2176084799,0.960542843786931
"CRS3035RES20000mN2120000E4700000",400.000490291115,167.375952230035,0.418439367682327
"CRS3035RES20000mN2140000E2740000",400.000487266399,178.272338456761,0.44568030322931
"CRS3035RES20000mN2140000E2760000",400.000487347733,397.035821162254,0.992588343566439
"CRS3035RES20000mN2140000E2780000",400.000487428089,400.000487428089,1
"CRS3035RES20000mN2140000E2800000",400.000487507504,400.000487507504,1
"CRS3035RES20000mN2140000E2820000",400.000487585888,400.000487585888,1
"CRS3035RES20000mN2140000E2840000",400.000487663322,400.000487663322,1
"CRS3035RES20000mN2140000E2860000",400.000487739735,400.000487739735,1
"CRS3035RES20000mN2140000E2880000",400.000487815189,400.000487815189,1
"CRS3035RES20000mN2140000E2900000",400.000487889645,400.000487889645,1
"CRS3035RES20000mN2140000E2920000",400.000487963131,400.000487963131,1
"CRS3035RES20000mN2140000E2940000",400.000488035614,400.000488035614,1
"CRS3035RES20000mN2140000E2960000",400.000488107098,400.000488107098,1
"CRS3035RES20000mN2140000E2980000",400.000488177567,400.000488177567,1
"CRS3035RES20000mN2140000E3000000",400.000488247051,400.000488247051,1
"CRS3035RES20000mN2140000E3020000",400.000488315498,400.000488315498,1
"CRS3035RES20000mN2140000E3040000",400.000488383015,400.000488383015,1
"CRS3035RES20000mN2140000E3060000",400.000488449425,400.000488449425,1
"CRS3035RES20000mN2140000E3080000",400.000488514908,400.000488514908,1
"CRS3035RES20000mN2140000E3100000",400.000488579475,400.000488579475,1
"CRS3035RES20000mN2140000E3120000",400.000488642792,400.000488642792,1
"CRS3035RES20000mN2140000E3140000",400.000488705257,400.000488705257,1
"CRS3035RES20000mN2140000E3160000",400.000488766582,400.000488766582,1
"CRS3035RES20000mN2140000E3180000",400.000488827038,400.000488827038,1
"CRS3035RES20000mN2140000E3200000",400.000488886452,400.000488886452,1
"CRS3035RES20000mN2140000E3220000",400.000488944721,400.000488944721,1
"CRS3035RES20000mN2140000E3240000",400.000489001976,400.000489001976,1
"CRS3035RES20000mN2140000E3260000",400.000489058289,400.000489058289,1
"CRS3035RES20000mN2140000E3280000",400.000489113546,400.000489113546,1
"CRS3035RES20000mN2140000E3300000",400.000489167795,400.000489167795,1
"CRS3035RES20000mN2140000E3320000",400.000489220953,400.000489220953,1
"CRS3035RES20000mN2140000E3340000",400.000489273155,400.000489273155,1
"CRS3035RES20000mN2140000E3360000",400.000489324236,400.000489324236,1
"CRS3035RES20000mN2140000E3380000",400.000489374363,400.000489374363,1
"CRS3035RES20000mN2140000E3400000",400.000489423342,400.000489423342,1
"CRS3035RES20000mN2140000E3420000",400.000489471375,400.000489471375,1
"CRS3035RES20000mN2140000E3440000",400.000489518229,400.000489518229,1
"CRS3035RES20000mN2140000E3460000",400.000489564215,400.000489564215,1
"CRS3035RES20000mN2140000E3480000",400.000489609087,400.000489609087,1
"CRS3035RES20000mN2140000E3500000",400.000489652857,400.000489652857,1
"CRS3035RES20000mN2140000E3520000",400.000489695642,400.000489695642,1
"CRS3035RES20000mN2140000E3540000",400.000489737415,400.000489737415,1
"CRS3035RES20000mN2140000E3560000",400.000489777992,400.000489777992,1
"CRS3035RES20000mN2140000E3580000",400.000489817572,400.000489817572,1
"CRS3035RES20000mN2140000E3600000",400.000489856173,400.000489856173,1
"CRS3035RES20000mN2140000E3620000",400.000489893682,400.000489893682,1
"CRS3035RES20000mN2140000E3640000",400.000489930132,400.000489930132,1
"CRS3035RES20000mN2140000E3660000",400.000489965494,400.000489965494,1
"CRS3035RES20000mN2140000E3680000",400.000489999847,400.000489999847,1
"CRS3035RES20000mN2140000E3700000",400.000490033106,400.000490033106,1
"CRS3035RES20000mN2140000E3720000",400.000490065315,400.000490065315,1
"CRS3035RES20000mN2140000E3740000",400.000490096424,293.450458035654,0.733625246221361
"CRS3035RES20000mN2140000E3760000",400.000490126492,57.8579983886807,0.144644818736058
"CRS3035RES20000mN2140000E4200000",400.000490517809,229.132423735135,0.572830356879108
"CRS3035RES20000mN2140000E4220000",400.000490523224,400.000490523224,1
"CRS3035RES20000mN2140000E4240000",400.000490527639,400.000490527639,1
"CRS3035RES20000mN2140000E4260000",400.000490530874,400.000490530874,1
"CRS3035RES20000mN2140000E4280000",400.000490533019,50.9826934190524,0.127456577243482
"CRS3035RES20000mN2140000E4380000",400.00049052798,10.0635059881399,0.0251587341176923
"CRS3035RES20000mN2140000E4400000",400.000490523689,75.2347948223054,0.18808675640324
"CRS3035RES20000mN2140000E4420000",400.000490518363,289.145237946256,0.722862208422672
"CRS3035RES20000mN2140000E4440000",400.000490512039,392.692182170605,0.98172925155147
"CRS3035RES20000mN2140000E4460000",400.00049050449,400.00049050449,1
"CRS3035RES20000mN2140000E4480000",400.000490495991,400.000490495991,1
"CRS3035RES20000mN2140000E4500000",400.000490486346,400.000490486346,1
"CRS3035RES20000mN2140000E4520000",400.000490475626,400.000490475626,1
"CRS3035RES20000mN2140000E4540000",400.000490463799,400.000490463799,1
"CRS3035RES20000mN2140000E4560000",400.000490450976,400.000490450976,1
"CRS3035RES20000mN2140000E4580000",400.000490436977,400.000490436977,1
"CRS3035RES20000mN2140000E4600000",400.000490422041,400.000490422041,1
"CRS3035RES20000mN2140000E4620000",400.000490405909,400.000490405909,1
"CRS3035RES20000mN2140000E4640000",400.000490388818,400.000490388818,1
"CRS3035RES20000mN2140000E4660000",400.000490370578,369.601744785513,0.924003229203789
"CRS3035RES20000mN2140000E4680000",400.000490351274,95.5241995744109,0.238810206183805
"CRS3035RES20000mN2160000E2740000",400.000487300476,56.8394431914712,0.142098434867091
"CRS3035RES20000mN2160000E2760000",400.000487381943,397.523760796065,0.993808191079745
"CRS3035RES20000mN2160000E2780000",400.000487462341,400.000487462341,1
"CRS3035RES20000mN2160000E2800000",400.000487541843,400.000487541843,1
"CRS3035RES20000mN2160000E2820000",400.000487620392,400.000487620392,1
"CRS3035RES20000mN2160000E2840000",400.00048769791,400.00048769791,1
"CRS3035RES20000mN2160000E2860000",400.000487774471,400.000487774471,1
"CRS3035RES20000mN2160000E2880000",400.00048785009,400.00048785009,1
"CRS3035RES20000mN2160000E2900000",400.000487924606,400.000487924606,1
"CRS3035RES20000mN2160000E2920000",400.00048799818,400.00048799818,1
"CRS3035RES20000mN2160000E2940000",400.000488070793,400.000488070793,1
"CRS3035RES20000mN2160000E2960000",400.000488142395,400.000488142395,1
"CRS3035RES20000mN2160000E2980000",400.000488213013,400.000488213013,1
"CRS3035RES20000mN2160000E3000000",400.000488282562,400.000488282562,1
"CRS3035RES20000mN2160000E3020000",400.000488351173,400.000488351173,1
"CRS3035RES20000mN2160000E3040000",400.000488418705,400.000488418705,1
"CRS3035RES20000mN2160000E3060000",400.000488485279,400.000488485279,1
"CRS3035RES20000mN2160000E3080000",400.000488550846,400.000488550846,1
"CRS3035RES20000mN2160000E3100000",400.000488615322,400.000488615322,1
"CRS3035RES20000mN2160000E3120000",400.000488678909,400.000488678909,1
"CRS3035RES20000mN2160000E3140000",400.000488741447,400.000488741447,1
"CRS3035RES20000mN2160000E3160000",400.000488802963,400.000488802963,1
"CRS3035RES20000mN2160000E3180000",400.000488863392,400.000488863392,1
"CRS3035RES20000mN2160000E3200000",400.000488922787,400.000488922787,1
"CRS3035RES20000mN2160000E3220000",400.000488981281,400.000488981281,1
"CRS3035RES20000mN2160000E3240000",400.000489038708,400.000489038708,1
"CRS3035RES20000mN2160000E3260000",400.000489095036,400.000489095036,1
"CRS3035RES20000mN2160000E3280000",400.000489150349,400.000489150349,1
"CRS3035RES20000mN2160000E3300000",400.000489204649,400.000489204649,1
"CRS3035RES20000mN2160000E3320000",400.000489257957,400.000489257957,1
"CRS3035RES20000mN2160000E3340000",400.000489310127,400.000489310127,1
"CRS3035RES20000mN2160000E3360000",400.000489361368,400.000489361368,1
"CRS3035RES20000mN2160000E3380000",400.000489411461,400.000489411461,1
"CRS3035RES20000mN2160000E3400000",400.000489460638,400.000489460638,1
"CRS3035RES20000mN2160000E3420000",400.000489508696,400.000489508696,1
"CRS3035RES20000mN2160000E3440000",400.000489555729,400.000489555729,1
"CRS3035RES20000mN2160000E3460000",400.00048960166,400.00048960166,1
"CRS3035RES20000mN2160000E3480000",400.000489646612,400.000489646612,1
"CRS3035RES20000mN2160000E3500000",400.000489690498,400.000489690498,1
"CRS3035RES20000mN2160000E3520000",400.000489733299,400.000489733299,1
"CRS3035RES20000mN2160000E3540000",400.00048977503,400.00048977503,1
"CRS3035RES20000mN2160000E3560000",400.000489815777,400.000489815777,1
"CRS3035RES20000mN2160000E3580000",400.000489855469,400.000489855469,1
"CRS3035RES20000mN2160000E3600000",400.000489894096,400.000489894096,1
"CRS3035RES20000mN2160000E3620000",400.000489931677,400.000489931677,1
"CRS3035RES20000mN2160000E3640000",400.000489968136,400.000489968136,1
"CRS3035RES20000mN2160000E3660000",400.000490003538,400.000490003538,1
"CRS3035RES20000mN2160000E3680000",400.000490037935,400.000490037935,1
"CRS3035RES20000mN2160000E3700000",400.000490071238,400.000490071238,1
"CRS3035RES20000mN2160000E3720000",400.0004901035,400.0004901035,1
"CRS3035RES20000mN2160000E3740000",400.000490134668,367.446880256859,0.918616075028184
"CRS3035RES20000mN2160000E3760000",400.000490164927,15.7534906927795,0.0393836784707042
"CRS3035RES20000mN2160000E4200000",400.000490556632,16.7259964227031,0.0418149397752678
"CRS3035RES20000mN2160000E4220000",400.000490562062,178.215470637482,0.445538130183444
"CRS3035RES20000mN2160000E4240000",400.000490566414,367.261533996182,0.918152708953251
"CRS3035RES20000mN2160000E4260000",400.000490569665,320.179533218206,0.800447851356928
"CRS3035RES20000mN2160000E4280000",400.000490571914,8.23605484983975,0.0205901118722729
"CRS3035RES20000mN2160000E4320000",400.000490573113,10.2253157178922,0.0255632579431128
"CRS3035RES20000mN2160000E4340000",400.000490572063,3.52578216352254,0.00881444459850568
"CRS3035RES20000mN2160000E4400000",400.000490562585,225.691694587402,0.564228544494972
"CRS3035RES20000mN2160000E4420000",400.000490557248,400.000490557248,1
"CRS3035RES20000mN2160000E4440000",400.000490550758,400.000490550758,1
"CRS3035RES20000mN2160000E4460000",400.00049054331,400.00049054331,1
"CRS3035RES20000mN2160000E4480000",400.000490534739,400.000490534739,1
"CRS3035RES20000mN2160000E4500000",400.000490525068,400.000490525068,1
"CRS3035RES20000mN2160000E4520000",400.000490514384,400.000490514384,1
"CRS3035RES20000mN2160000E4540000",400.000490502578,400.000490502578,1
"CRS3035RES20000mN2160000E4560000",400.000490489689,400.000490489689,1
"CRS3035RES20000mN2160000E4580000",400.00049047582,400.00049047582,1
"CRS3035RES20000mN2160000E4600000",400.000490460728,400.000490460728,1
"CRS3035RES20000mN2160000E4620000",400.000490444596,400.000490444596,1
"CRS3035RES20000mN2160000E4640000",400.00049042742,368.366241955841,0.920914475785326
"CRS3035RES20000mN2160000E4660000",400.000490409174,57.3715614529696,0.143428727785514
"CRS3035RES20000mN2180000E2760000",400.000487414886,322.951331504929,0.807377344942981
"CRS3035RES20000mN2180000E2780000",400.000487495483,400.000487495483,1
"CRS3035RES20000mN2180000E2800000",400.000487575081,400.000487575081,1
"CRS3035RES20000mN2180000E2820000",400.000487653713,400.000487653713,1
"CRS3035RES20000mN2180000E2840000",400.000487731442,400.000487731442,1
"CRS3035RES20000mN2180000E2860000",400.000487808098,400.000487808098,1
"CRS3035RES20000mN2180000E2880000",400.000487883698,400.000487883698,1
"CRS3035RES20000mN2180000E2900000",400.000487958389,400.000487958389,1
"CRS3035RES20000mN2180000E2920000",400.000488032116,400.000488032116,1
"CRS3035RES20000mN2180000E2940000",400.00048810482,400.00048810482,1
"CRS3035RES20000mN2180000E2960000",400.000488176487,400.000488176487,1
"CRS3035RES20000mN2180000E2980000",400.000488247242,400.000488247242,1
"CRS3035RES20000mN2180000E3000000",400.000488316872,400.000488316872,1
"CRS3035RES20000mN2180000E3020000",400.000488385601,400.000488385601,1
"CRS3035RES20000mN2180000E3040000",400.000488453262,400.000488453262,1
"CRS3035RES20000mN2180000E3060000",400.000488520023,400.000488520023,1
"CRS3035RES20000mN2180000E3080000",400.000488585632,400.000488585632,1
"CRS3035RES20000mN2180000E3100000",400.000488650349,400.000488650349,1
"CRS3035RES20000mN2180000E3120000",400.000488713902,400.000488713902,1
"CRS3035RES20000mN2180000E3140000",400.000488776443,400.000488776443,1
"CRS3035RES20000mN2180000E3160000",400.000488838039,400.000488838039,1
"CRS3035RES20000mN2180000E3180000",400.000488898613,400.000488898613,1
"CRS3035RES20000mN2180000E3200000",400.000488958176,400.000488958176,1
"CRS3035RES20000mN2180000E3220000",400.00048901664,400.00048901664,1
"CRS3035RES20000mN2180000E3240000",400.000489074085,400.000489074085,1
"CRS3035RES20000mN2180000E3260000",400.000489130585,400.000489130585,1
"CRS3035RES20000mN2180000E3280000",400.000489186054,400.000489186054,1
"CRS3035RES20000mN2180000E3300000",400.000489240417,400.000489240417,1
"CRS3035RES20000mN2180000E3320000",400.000489293715,400.000489293715,1
"CRS3035RES20000mN2180000E3340000",400.000489346069,400.000489346069,1
"CRS3035RES20000mN2180000E3360000",400.00048939728,400.00048939728,1
"CRS3035RES20000mN2180000E3380000",400.000489447538,400.000489447538,1
"CRS3035RES20000mN2180000E3400000",400.000489496662,400.000489496662,1
"CRS3035RES20000mN2180000E3420000",400.000489544834,400.000489544834,1
"CRS3035RES20000mN2180000E3440000",400.000489591873,400.000489591873,1
"CRS3035RES20000mN2180000E3460000",400.000489637939,400.000489637939,1
"CRS3035RES20000mN2180000E3480000",400.000489682915,400.000489682915,1
"CRS3035RES20000mN2180000E3500000",400.000489726862,400.000489726862,1
"CRS3035RES20000mN2180000E3520000",400.000489769791,400.000489769791,1
"CRS3035RES20000mN2180000E3540000",400.000489811598,400.000489811598,1
"CRS3035RES20000mN2180000E3560000",400.000489852423,400.000489852423,1
"CRS3035RES20000mN2180000E3580000",400.000489892143,400.000489892143,1
"CRS3035RES20000mN2180000E3600000",400.000489930782,400.000489930782,1
"CRS3035RES20000mN2180000E3620000",400.000489968376,400.000489968376,1
"CRS3035RES20000mN2180000E3640000",400.000490004936,400.000490004936,1
"CRS3035RES20000mN2180000E3660000",400.000490040388,400.000490040388,1
"CRS3035RES20000mN2180000E3680000",400.000490074827,400.000490074827,1
"CRS3035RES20000mN2180000E3700000",400.000490108191,400.000490108191,1
"CRS3035RES20000mN2180000E3720000",400.000490140541,400.000490140541,1
"CRS3035RES20000mN2180000E3740000",400.000490171705,222.426074318455,0.556064504378423
"CRS3035RES20000mN2180000E4240000",400.000490604078,10.0013632869329,0.0250033775504349
"CRS3035RES20000mN2180000E4260000",400.000490607426,237.374212837467,0.593434804234863
"CRS3035RES20000mN2180000E4320000",400.000490610786,83.0679754943006,0.207669684023284
"CRS3035RES20000mN2180000E4340000",400.000490609729,145.969408325195,0.364923073225962
"CRS3035RES20000mN2180000E4380000",400.000490604494,244.828323260243,0.612070057439805
"CRS3035RES20000mN2180000E4400000",400.000490600202,399.733608618009,0.999332795862844
"CRS3035RES20000mN2180000E4420000",400.000490594857,400.000490594857,1
"CRS3035RES20000mN2180000E4440000",400.00049058841,400.00049058841,1
"CRS3035RES20000mN2180000E4460000",400.000490580892,400.000490580892,1
"CRS3035RES20000mN2180000E4480000",400.00049057234,400.00049057234,1
"CRS3035RES20000mN2180000E4500000",400.000490562675,400.000490562675,1
"CRS3035RES20000mN2180000E4520000",400.00049055196,400.00049055196,1
"CRS3035RES20000mN2180000E4540000",400.000490540143,400.000490540143,1
"CRS3035RES20000mN2180000E4560000",400.000490527228,400.000490527228,1
"CRS3035RES20000mN2180000E4580000",400.00049051323,400.00049051323,1
"CRS3035RES20000mN2180000E4600000",400.000490498183,400.000490498183,1
"CRS3035RES20000mN2180000E4620000",400.000490482079,400.000490482079,1
"CRS3035RES20000mN2180000E4640000",400.000490464907,155.619167011935,0.389047440494547
"CRS3035RES20000mN2200000E2760000",400.00048744677,339.437615550552,0.848593004766583
"CRS3035RES20000mN2200000E2780000",400.000487527588,400.000487527588,1
"CRS3035RES20000mN2200000E2800000",400.000487607288,400.000487607288,1
"CRS3035RES20000mN2200000E2820000",400.000487686062,400.000487686062,1
"CRS3035RES20000mN2200000E2840000",400.000487763763,400.000487763763,1
"CRS3035RES20000mN2200000E2860000",400.000487840515,400.000487840515,1
"CRS3035RES20000mN2200000E2880000",400.000487916424,400.000487916424,1
"CRS3035RES20000mN2200000E2900000",400.00048799118,400.00048799118,1
"CRS3035RES20000mN2200000E2920000",400.000488064987,400.000488064987,1
"CRS3035RES20000mN2200000E2940000",400.000488137745,400.000488137745,1
"CRS3035RES20000mN2200000E2960000",400.000488209579,400.000488209579,1
"CRS3035RES20000mN2200000E2980000",400.000488280304,400.000488280304,1
"CRS3035RES20000mN2200000E3000000",400.000488350208,400.000488350208,1
"CRS3035RES20000mN2200000E3020000",400.000488419029,400.000488419029,1
"CRS3035RES20000mN2200000E3040000",400.000488486732,400.000488486732,1
"CRS3035RES20000mN2200000E3060000",400.00048855352,400.00048855352,1
"CRS3035RES20000mN2200000E3080000",400.000488619297,400.000488619297,1
"CRS3035RES20000mN2200000E3100000",400.000488683949,400.000488683949,1
"CRS3035RES20000mN2200000E3120000",400.000488747688,400.000488747688,1
"CRS3035RES20000mN2200000E3140000",400.000488810387,400.000488810387,1
"CRS3035RES20000mN2200000E3160000",400.000488872063,400.000488872063,1
"CRS3035RES20000mN2200000E3180000",400.000488932732,400.000488932732,1
"CRS3035RES20000mN2200000E3200000",400.000488992374,400.000488992374,1
"CRS3035RES20000mN2200000E3220000",400.000489050911,400.000489050911,1
"CRS3035RES20000mN2200000E3240000",400.000489108562,400.000489108562,1
"CRS3035RES20000mN2200000E3260000",400.000489164997,400.000489164997,1
"CRS3035RES20000mN2200000E3280000",400.000489220451,400.000489220451,1
"CRS3035RES20000mN2200000E3300000",400.000489274929,400.000489274929,1
"CRS3035RES20000mN2200000E3320000",400.000489328371,400.000489328371,1
"CRS3035RES20000mN2200000E3340000",400.000489380705,400.000489380705,1
"CRS3035RES20000mN2200000E3360000",400.000489432041,400.000489432041,1
"CRS3035RES20000mN2200000E3380000",400.000489482347,400.000489482347,1
"CRS3035RES20000mN2200000E3400000",400.000489531612,400.000489531612,1
"CRS3035RES20000mN2200000E3420000",400.000489579805,400.000489579805,1
"CRS3035RES20000mN2200000E3440000",400.000489627012,400.000489627012,1
"CRS3035RES20000mN2200000E3460000",400.000489673079,400.000489673079,1
"CRS3035RES20000mN2200000E3480000",400.000489718205,400.000489718205,1
"CRS3035RES20000mN2200000E3500000",400.000489762194,400.000489762194,1
"CRS3035RES20000mN2200000E3520000",400.000489805143,400.000489805143,1
"CRS3035RES20000mN2200000E3540000",400.000489846981,400.000489846981,1
"CRS3035RES20000mN2200000E3560000",400.000489887808,400.000489887808,1
"CRS3035RES20000mN2200000E3580000",400.000489927544,400.000489927544,1
"CRS3035RES20000mN2200000E3600000",400.000489966309,400.000489966309,1
"CRS3035RES20000mN2200000E3620000",400.000490003971,400.000490003971,1
"CRS3035RES20000mN2200000E3640000",400.000490040585,400.000490040585,1
"CRS3035RES20000mN2200000E3660000",400.000490076164,400.000490076164,1
"CRS3035RES20000mN2200000E3680000",400.00049011058,400.00049011058,1
"CRS3035RES20000mN2200000E3700000",400.000490144022,400.000490144022,1
"CRS3035RES20000mN2200000E3720000",400.00049017631,400.00049017631,1
"CRS3035RES20000mN2200000E3740000",400.000490207628,210.846145208214,0.527114717031397
"CRS3035RES20000mN2200000E4000000",400.000490516716,14.3481878846294,0.035870425723965
"CRS3035RES20000mN2200000E4260000",400.000490643831,106.941896604492,0.267354413571745
"CRS3035RES20000mN2200000E4300000",400.000490647225,26.9721341728405,0.0674302527209353
"CRS3035RES20000mN2200000E4360000",400.000490644118,263.180459039309,0.65795034054961
"CRS3035RES20000mN2200000E4380000",400.000490640933,389.945397395804,0.974862297721141
"CRS3035RES20000mN2200000E4400000",400.000490636651,400.000490636651,1
"CRS3035RES20000mN2200000E4420000",400.000490631269,400.000490631269,1
"CRS3035RES20000mN2200000E4440000",400.000490624883,400.000490624883,1
"CRS3035RES20000mN2200000E4460000",400.000490617403,400.000490617403,1
"CRS3035RES20000mN2200000E4480000",400.000490608718,400.000490608718,1
"CRS3035RES20000mN2200000E4500000",400.000490599114,400.000490599114,1
"CRS3035RES20000mN2200000E4520000",400.000490588306,400.000490588306,1
"CRS3035RES20000mN2200000E4540000",400.000490576495,400.000490576495,1
"CRS3035RES20000mN2200000E4560000",400.000490563569,400.000490563569,1
"CRS3035RES20000mN2200000E4580000",400.000490549616,400.000490549616,1
"CRS3035RES20000mN2200000E4600000",400.000490534547,400.000490534547,1
"CRS3035RES20000mN2200000E4620000",400.000490518395,383.295952947635,0.958238707284805
"CRS3035RES20000mN2200000E4640000",400.000490501163,16.6549500067062,0.0416373239588761
"CRS3035RES20000mN2220000E2760000",400.000487477711,336.613496926932,0.841532716746224
"CRS3035RES20000mN2220000E2780000",400.000487558456,400.000487558456,1
"CRS3035RES20000mN2220000E2800000",400.000487638313,400.000487638313,1
"CRS3035RES20000mN2220000E2820000",400.000487717197,400.000487717197,1
"CRS3035RES20000mN2220000E2840000",400.00048779509,400.00048779509,1
"CRS3035RES20000mN2220000E2860000",400.000487871922,400.000487871922,1
"CRS3035RES20000mN2220000E2880000",400.00048794788,400.00048794788,1
"CRS3035RES20000mN2220000E2900000",400.0004880228,400.0004880228,1
"CRS3035RES20000mN2220000E2920000",400.000488096687,400.000488096687,1
"CRS3035RES20000mN2220000E2940000",400.000488169663,400.000488169663,1
"CRS3035RES20000mN2220000E2960000",400.000488241501,400.000488241501,1
"CRS3035RES20000mN2220000E2980000",400.000488312485,400.000488312485,1
"CRS3035RES20000mN2220000E3000000",400.000488382259,400.000488382259,1
"CRS3035RES20000mN2220000E3020000",400.000488451164,400.000488451164,1
"CRS3035RES20000mN2220000E3040000",400.00048851907,400.00048851907,1
"CRS3035RES20000mN2220000E3060000",400.000488585903,400.000488585903,1
"CRS3035RES20000mN2220000E3080000",400.000488651756,400.000488651756,1
"CRS3035RES20000mN2220000E3100000",400.000488716537,400.000488716537,1
"CRS3035RES20000mN2220000E3120000",400.000488780384,400.000488780384,1
"CRS3035RES20000mN2220000E3140000",400.00048884314,400.00048884314,1
"CRS3035RES20000mN2220000E3160000",400.000488904945,400.000488904945,1
"CRS3035RES20000mN2220000E3180000",400.000488965649,400.000488965649,1
"CRS3035RES20000mN2220000E3200000",400.000489025341,400.000489025341,1
"CRS3035RES20000mN2220000E3220000",400.000489083984,400.000489083984,1
"CRS3035RES20000mN2220000E3240000",400.000489141678,400.000489141678,1
"CRS3035RES20000mN2220000E3260000",400.000489198227,400.000489198227,1
"CRS3035RES20000mN2220000E3280000",400.000489253864,400.000489253864,1
"CRS3035RES20000mN2220000E3300000",400.000489308399,400.000489308399,1
"CRS3035RES20000mN2220000E3320000",400.000489361883,400.000489361883,1
"CRS3035RES20000mN2220000E3340000",400.000489414312,400.000489414312,1
"CRS3035RES20000mN2220000E3360000",400.000489465725,400.000489465725,1
"CRS3035RES20000mN2220000E3380000",400.000489516079,400.000489516079,1
"CRS3035RES20000mN2220000E3400000",400.000489565374,400.000489565374,1
"CRS3035RES20000mN2220000E3420000",400.000489613667,400.000489613667,1
"CRS3035RES20000mN2220000E3440000",400.000489660805,400.000489660805,1
"CRS3035RES20000mN2220000E3460000",400.000489707037,400.000489707037,1
"CRS3035RES20000mN2220000E3480000",400.000489752127,400.000489752127,1
"CRS3035RES20000mN2220000E3500000",400.000489796181,400.000489796181,1
"CRS3035RES20000mN2220000E3520000",400.000489839146,400.000489839146,1
"CRS3035RES20000mN2220000E3540000",400.000489881165,400.000489881165,1
"CRS3035RES20000mN2220000E3560000",400.000489922045,400.000489922045,1
"CRS3035RES20000mN2220000E3580000",400.000489961878,400.000489961878,1
"CRS3035RES20000mN2220000E3600000",400.000490000648,400.000490000648,1
"CRS3035RES20000mN2220000E3620000",400.000490038366,400.000490038366,1
"CRS3035RES20000mN2220000E3640000",400.000490074965,400.000490074965,1
"CRS3035RES20000mN2220000E3660000",400.000490110607,400.000490110607,1
"CRS3035RES20000mN2220000E3680000",400.000490145098,400.000490145098,1
"CRS3035RES20000mN2220000E3700000",400.000490178577,400.000490178577,1
"CRS3035RES20000mN2220000E3720000",400.000490210964,400.000490210964,1
"CRS3035RES20000mN2220000E3740000",400.000490242266,264.773426221047,0.661932754284084
"CRS3035RES20000mN2220000E3940000",400.000490496549,0.000149774143825285,3.74434900415647e-07
"CRS3035RES20000mN2220000E3960000",400.000490515955,71.1917163351288,0.177979072583885
"CRS3035RES20000mN2220000E3980000",400.000490534369,224.851129747288,0.562127135011519
"CRS3035RES20000mN2220000E4000000",400.000490551766,230.138421560676,0.575345348309999
"CRS3035RES20000mN2220000E4020000",400.000490568061,145.761743179011,0.364403911035227
"CRS3035RES20000mN2220000E4040000",400.000490583285,31.9251165092541,0.0798126933862019
"CRS3035RES20000mN2220000E4360000",400.000490679366,308.098662248952,0.770245710763188
"CRS3035RES20000mN2220000E4380000",400.000490676136,400.000490676136,1
"CRS3035RES20000mN2220000E4400000",400.000490671885,400.000490671885,1
"CRS3035RES20000mN2220000E4420000",400.00049066652,400.00049066652,1
"CRS3035RES20000mN2220000E4440000",400.000490660087,400.000490660087,1
"CRS3035RES20000mN2220000E4460000",400.000490652559,400.000490652559,1
"CRS3035RES20000mN2220000E4480000",400.000490644021,400.000490644021,1
"CRS3035RES20000mN2220000E4500000",400.000490634274,400.000490634274,1
"CRS3035RES20000mN2220000E4520000",400.000490623523,400.000490623523,1
"CRS3035RES20000mN2220000E4540000",400.000490611686,400.000490611686,1
"CRS3035RES20000mN2220000E4560000",400.000490598768,400.000490598768,1
"CRS3035RES20000mN2220000E4580000",400.000490584773,400.000490584773,1
"CRS3035RES20000mN2220000E4600000",400.000490569661,400.000490569661,1
"CRS3035RES20000mN2220000E4620000",400.000490553501,280.984917268281,0.702461431683416
"CRS3035RES20000mN2240000E2760000",400.000487507366,303.286926369246,0.758216391832923
"CRS3035RES20000mN2240000E2780000",400.000487588348,400.000487588348,1
"CRS3035RES20000mN2240000E2800000",400.00048766827,400.00048766827,1
"CRS3035RES20000mN2240000E2820000",400.000487747284,400.000487747284,1
"CRS3035RES20000mN2240000E2840000",400.000487825302,400.000487825302,1
"CRS3035RES20000mN2240000E2860000",400.000487902313,400.000487902313,1
"CRS3035RES20000mN2240000E2880000",400.000487978241,400.000487978241,1
"CRS3035RES20000mN2240000E2900000",400.000488053226,400.000488053226,1
"CRS3035RES20000mN2240000E2920000",400.000488127232,400.000488127232,1
"CRS3035RES20000mN2240000E2940000",400.000488200325,400.000488200325,1
"CRS3035RES20000mN2240000E2960000",400.000488272343,400.000488272343,1
"CRS3035RES20000mN2240000E2980000",400.00048834322,400.00048834322,1
"CRS3035RES20000mN2240000E3000000",400.000488413303,400.000488413303,1
"CRS3035RES20000mN2240000E3020000",400.000488482269,400.000488482269,1
"CRS3035RES20000mN2240000E3040000",400.000488550198,400.000488550198,1
"CRS3035RES20000mN2240000E3060000",400.000488617184,400.000488617184,1
"CRS3035RES20000mN2240000E3080000",400.000488683067,400.000488683067,1
"CRS3035RES20000mN2240000E3100000",400.000488748043,400.000488748043,1
"CRS3035RES20000mN2240000E3120000",400.000488811928,400.000488811928,1
"CRS3035RES20000mN2240000E3140000",400.000488874828,400.000488874828,1
"CRS3035RES20000mN2240000E3160000",400.000488936611,400.000488936611,1
"CRS3035RES20000mN2240000E3180000",400.000488997414,400.000488997414,1
"CRS3035RES20000mN2240000E3200000",400.000489057205,400.000489057205,1
"CRS3035RES20000mN2240000E3220000",400.000489115994,400.000489115994,1
"CRS3035RES20000mN2240000E3240000",400.000489173603,400.000489173603,1
"CRS3035RES20000mN2240000E3260000",400.000489230396,400.000489230396,1
"CRS3035RES20000mN2240000E3280000",400.00048928595,400.00048928595,1
"CRS3035RES20000mN2240000E3300000",400.000489340588,400.000489340588,1
"CRS3035RES20000mN2240000E3320000",400.000489394112,400.000489394112,1
"CRS3035RES20000mN2240000E3340000",400.000489446672,400.000489446672,1
"CRS3035RES20000mN2240000E3360000",400.000489498163,400.000489498163,1
"CRS3035RES20000mN2240000E3380000",400.000489548611,400.000489548611,1
"CRS3035RES20000mN2240000E3400000",400.000489597965,400.000489597965,1
"CRS3035RES20000mN2240000E3420000",400.00048964633,400.00048964633,1
"CRS3035RES20000mN2240000E3440000",400.000489693634,400.000489693634,1
"CRS3035RES20000mN2240000E3460000",400.000489739824,400.000489739824,1
"CRS3035RES20000mN2240000E3480000",400.000489784964,400.000489784964,1
"CRS3035RES20000mN2240000E3500000",400.000489829111,400.000489829111,1
"CRS3035RES20000mN2240000E3520000",400.000489872156,400.000489872156,1
"CRS3035RES20000mN2240000E3540000",400.000489914162,400.000489914162,1
"CRS3035RES20000mN2240000E3560000",400.000489955162,400.000489955162,1
"CRS3035RES20000mN2240000E3580000",400.000489995045,400.000489995045,1
"CRS3035RES20000mN2240000E3600000",400.000490033834,400.000490033834,1
"CRS3035RES20000mN2240000E3620000",400.000490071556,400.000490071556,1
"CRS3035RES20000mN2240000E3640000",400.000490108297,400.000490108297,1
"CRS3035RES20000mN2240000E3660000",400.0004901439,400.0004901439,1
"CRS3035RES20000mN2240000E3680000",400.000490178471,400.000490178471,1
"CRS3035RES20000mN2240000E3700000",400.000490211964,400.000490211964,1
"CRS3035RES20000mN2240000E3720000",400.000490244411,400.000490244411,1
"CRS3035RES20000mN2240000E3740000",400.000490275761,382.933819524736,0.957333375418467
"CRS3035RES20000mN2240000E3760000",400.000490306036,73.9802337616158,0.184950357698348
"CRS3035RES20000mN2240000E3900000",400.000490487988,0.0371998601260558,9.2999536277251e-05
"CRS3035RES20000mN2240000E3920000",400.000490509646,9.98602742772125,0.0249650379553233
"CRS3035RES20000mN2240000E3940000",400.000490530275,267.908071152244,0.669769356525243
"CRS3035RES20000mN2240000E3960000",400.000490549849,395.886573866615,0.989715220904908
"CRS3035RES20000mN2240000E3980000",400.00049056836,400.00049056836,1
"CRS3035RES20000mN2240000E4000000",400.000490585665,400.000490585665,1
"CRS3035RES20000mN2240000E4020000",400.000490602002,400.000490602002,1
"CRS3035RES20000mN2240000E4040000",400.000490617196,208.53387186753,0.521334040230212
"CRS3035RES20000mN2240000E4340000",400.00049071552,50.8509829155785,0.127127301330597
"CRS3035RES20000mN2240000E4360000",400.000490713336,390.264945359594,0.975661166474119
"CRS3035RES20000mN2240000E4380000",400.000490710178,400.000490710178,1
"CRS3035RES20000mN2240000E4400000",400.000490705906,400.000490705906,1
"CRS3035RES20000mN2240000E4420000",400.00049070057,400.00049070057,1
"CRS3035RES20000mN2240000E4440000",400.000490694097,400.000490694097,1
"CRS3035RES20000mN2240000E4460000",400.000490686582,400.000490686582,1
"CRS3035RES20000mN2240000E4480000",400.000490677931,400.000490677931,1
"CRS3035RES20000mN2240000E4500000",400.000490668219,400.000490668219,1
"CRS3035RES20000mN2240000E4520000",400.00049065749,400.00049065749,1
"CRS3035RES20000mN2240000E4540000",400.000490645601,400.000490645601,1
"CRS3035RES20000mN2240000E4560000",400.000490632683,400.000490632683,1
"CRS3035RES20000mN2240000E4580000",400.000490618604,400.000490618604,1
"CRS3035RES20000mN2240000E4600000",400.000490603513,400.000490603513,1
"CRS3035RES20000mN2240000E4620000",400.000490587315,115.046179326624,0.287615095565767
"CRS3035RES20000mN2260000E2760000",400.000487536068,297.28825732275,0.743219737440805
"CRS3035RES20000mN2260000E2780000",400.000487617054,400.000487617054,1
"CRS3035RES20000mN2260000E2800000",400.000487697174,400.000487697174,1
"CRS3035RES20000mN2260000E2820000",400.000487776207,400.000487776207,1
"CRS3035RES20000mN2260000E2840000",400.000487854294,400.000487854294,1
"CRS3035RES20000mN2260000E2860000",400.000487931416,400.000487931416,1
"CRS3035RES20000mN2260000E2880000",400.000488007607,400.000488007607,1
"CRS3035RES20000mN2260000E2900000",400.000488082661,400.000488082661,1
"CRS3035RES20000mN2260000E2920000",400.000488156784,400.000488156784,1
"CRS3035RES20000mN2260000E2940000",400.000488229805,400.000488229805,1
"CRS3035RES20000mN2260000E2960000",400.000488301929,400.000488301929,1
"CRS3035RES20000mN2260000E2980000",400.000488373062,400.000488373062,1
"CRS3035RES20000mN2260000E3000000",400.000488443161,400.000488443161,1
"CRS3035RES20000mN2260000E3020000",400.000488512192,400.000488512192,1
"CRS3035RES20000mN2260000E3040000",400.000488580273,400.000488580273,1
"CRS3035RES20000mN2260000E3060000",400.000488647301,400.000488647301,1
"CRS3035RES20000mN2260000E3080000",400.000488713326,400.000488713326,1
"CRS3035RES20000mN2260000E3100000",400.000488778332,400.000488778332,1
"CRS3035RES20000mN2260000E3120000",400.00048884235,400.00048884235,1
"CRS3035RES20000mN2260000E3140000",400.000488905212,400.000488905212,1
"CRS3035RES20000mN2260000E3160000",400.000488967155,400.000488967155,1
"CRS3035RES20000mN2260000E3180000",400.000489028072,400.000489028072,1
"CRS3035RES20000mN2260000E3200000",400.000489087948,400.000489087948,1
"CRS3035RES20000mN2260000E3220000",400.000489146763,400.000489146763,1
"CRS3035RES20000mN2260000E3240000",400.000489204582,400.000489204582,1
"CRS3035RES20000mN2260000E3260000",400.000489261311,400.000489261311,1
"CRS3035RES20000mN2260000E3280000",400.000489317036,400.000489317036,1
"CRS3035RES20000mN2260000E3300000",400.000489371723,400.000489371723,1
"CRS3035RES20000mN2260000E3320000",400.000489425327,400.000489425327,1
"CRS3035RES20000mN2260000E3340000",400.000489477888,400.000489477888,1
"CRS3035RES20000mN2260000E3360000",400.000489529455,400.000489529455,1
"CRS3035RES20000mN2260000E3380000",400.00048957992,400.00048957992,1
"CRS3035RES20000mN2260000E3400000",400.000489629404,400.000489629404,1
"CRS3035RES20000mN2260000E3420000",400.000489677773,400.000489677773,1
"CRS3035RES20000mN2260000E3440000",400.000489725121,400.000489725121,1
"CRS3035RES20000mN2260000E3460000",400.000489771391,400.000489771391,1
"CRS3035RES20000mN2260000E3480000",400.000489816652,400.000489816652,1
"CRS3035RES20000mN2260000E3500000",400.000489860832,400.000489860832,1
"CRS3035RES20000mN2260000E3520000",400.000489903955,400.000489903955,1
"CRS3035RES20000mN2260000E3540000",400.000489945963,400.000489945963,1
"CRS3035RES20000mN2260000E3560000",400.000489986954,400.000489986954,1
"CRS3035RES20000mN2260000E3580000",400.000490026867,400.000490026867,1
"CRS3035RES20000mN2260000E3600000",400.000490065798,400.000490065798,1
"CRS3035RES20000mN2260000E3620000",400.000490103573,400.000490103573,1
"CRS3035RES20000mN2260000E3640000",400.00049014032,400.00049014032,1
"CRS3035RES20000mN2260000E3660000",400.000490175989,400.000490175989,1
"CRS3035RES20000mN2260000E3680000",400.000490210567,400.000490210567,1
"CRS3035RES20000mN2260000E3700000",400.000490244165,400.000490244165,1
"CRS3035RES20000mN2260000E3720000",400.000490276579,400.000490276579,1
"CRS3035RES20000mN2260000E3740000",400.000490308001,400.000490308001,1
"CRS3035RES20000mN2260000E3760000",400.00049033835,381.303604110955,0.953257841730194
"CRS3035RES20000mN2260000E3780000",400.000490367596,284.622423990294,0.711555187666719
"CRS3035RES20000mN2260000E3800000",400.000490395779,74.9329141580329,0.187332055727959
"CRS3035RES20000mN2260000E3840000",400.000490448867,11.5944780776363,0.0289861596535179
"CRS3035RES20000mN2260000E3860000",400.000490473871,60.7257725526061,0.151814245229214
"CRS3035RES20000mN2260000E3880000",400.00049049769,290.28637961292,0.725715059128399
"CRS3035RES20000mN2260000E3900000",400.000490520496,227.576922948675,0.568941609677885
"CRS3035RES20000mN2260000E3920000",400.000490542269,291.945507691063,0.729862874156181
"CRS3035RES20000mN2260000E3940000",400.000490562939,399.617709457733,0.999043048410599
"CRS3035RES20000mN2260000E3960000",400.00049058247,400.00049058247,1
"CRS3035RES20000mN2260000E3980000",400.000490600991,400.000490600991,1
"CRS3035RES20000mN2260000E4000000",400.000490618341,400.000490618341,1
"CRS3035RES20000mN2260000E4020000",400.000490634652,400.000490634652,1
"CRS3035RES20000mN2260000E4040000",400.000490649894,390.614255761399,0.976534441562197
"CRS3035RES20000mN2260000E4060000",400.000490664052,250.566446262891,0.626415347258497
"CRS3035RES20000mN2260000E4080000",400.000490677068,31.3544747974623,0.0783860908380126
"CRS3035RES20000mN2260000E4340000",400.000490748392,276.175913824774,0.690438937482438
"CRS3035RES20000mN2260000E4360000",400.000490746286,400.000490746286,1
"CRS3035RES20000mN2260000E4380000",400.000490743101,400.000490743101,1
"CRS3035RES20000mN2260000E4400000",400.000490738755,400.000490738755,1
"CRS3035RES20000mN2260000E4420000",400.000490733364,400.000490733364,1
"CRS3035RES20000mN2260000E4440000",400.000490726929,400.000490726929,1
"CRS3035RES20000mN2260000E4460000",400.000490719297,400.000490719297,1
"CRS3035RES20000mN2260000E4480000",400.000490710756,400.000490710756,1
"CRS3035RES20000mN2260000E4500000",400.00049070108,400.00049070108,1
"CRS3035RES20000mN2260000E4520000",400.000490690217,400.000490690217,1
"CRS3035RES20000mN2260000E4540000",400.000490678344,400.000490678344,1
"CRS3035RES20000mN2260000E4560000",400.000490665397,400.000490665397,1
"CRS3035RES20000mN2260000E4580000",400.000490651413,400.000490651413,1
"CRS3035RES20000mN2260000E4600000",400.00049063619,337.405192332412,0.843511946187312
"CRS3035RES20000mN2260000E4620000",400.000490620025,1.75325170714211,0.00438312389173441
"CRS3035RES20000mN2280000E2760000",400.000487563488,209.258915013854,0.523146649866621
"CRS3035RES20000mN2280000E2780000",400.000487644707,400.000487644707,1
"CRS3035RES20000mN2280000E2800000",400.000487724888,400.000487724888,1
"CRS3035RES20000mN2280000E2820000",400.000487804054,400.000487804054,1
"CRS3035RES20000mN2280000E2840000",400.000487882324,400.000487882324,1
"CRS3035RES20000mN2280000E2860000",400.000487959492,400.000487959492,1
"CRS3035RES20000mN2280000E2880000",400.000488035675,400.000488035675,1
"CRS3035RES20000mN2280000E2900000",400.000488110958,400.000488110958,1
"CRS3035RES20000mN2280000E2920000",400.000488185173,400.000488185173,1
"CRS3035RES20000mN2280000E2940000",400.000488258312,400.000488258312,1
"CRS3035RES20000mN2280000E2960000",400.000488330521,400.000488330521,1
"CRS3035RES20000mN2280000E2980000",400.00048840176,400.00048840176,1
"CRS3035RES20000mN2280000E3000000",400.000488471863,400.000488471863,1
"CRS3035RES20000mN2280000E3020000",400.000488541012,400.000488541012,1
"CRS3035RES20000mN2280000E3040000",400.000488609188,400.000488609188,1
"CRS3035RES20000mN2280000E3060000",400.000488676296,400.000488676296,1
"CRS3035RES20000mN2280000E3080000",400.000488742405,400.000488742405,1
"CRS3035RES20000mN2280000E3100000",400.000488807457,400.000488807457,1
"CRS3035RES20000mN2280000E3120000",400.000488871498,400.000488871498,1
"CRS3035RES20000mN2280000E3140000",400.000488934563,400.000488934563,1
"CRS3035RES20000mN2280000E3160000",400.000488996586,400.000488996586,1
"CRS3035RES20000mN2280000E3180000",400.000489057522,400.000489057522,1
"CRS3035RES20000mN2280000E3200000",400.000489117531,400.000489117531,1
"CRS3035RES20000mN2280000E3220000",400.000489176376,400.000489176376,1
"CRS3035RES20000mN2280000E3240000",400.000489234272,400.000489234272,1
"CRS3035RES20000mN2280000E3260000",400.000489291054,400.000489291054,1
"CRS3035RES20000mN2280000E3280000",400.000489346909,400.000489346909,1
"CRS3035RES20000mN2280000E3300000",400.000489401539,400.000489401539,1
"CRS3035RES20000mN2280000E3320000",400.000489455299,400.000489455299,1
"CRS3035RES20000mN2280000E3340000",400.000489507973,400.000489507973,1
"CRS3035RES20000mN2280000E3360000",400.000489559532,400.000489559532,1
"CRS3035RES20000mN2280000E3380000",400.000489610157,400.000489610157,1
"CRS3035RES20000mN2280000E3400000",400.000489659584,400.000489659584,1
"CRS3035RES20000mN2280000E3420000",400.000489708097,400.000489708097,1
"CRS3035RES20000mN2280000E3440000",400.000489755417,400.000489755417,1
"CRS3035RES20000mN2280000E3460000",400.000489801863,400.000489801863,1
"CRS3035RES20000mN2280000E3480000",400.000489847109,400.000489847109,1
"CRS3035RES20000mN2280000E3500000",400.000489891319,400.000489891319,1
"CRS3035RES20000mN2280000E3520000",400.000489934586,400.000489934586,1
"CRS3035RES20000mN2280000E3540000",400.00048997666,400.00048997666,1
"CRS3035RES20000mN2280000E3560000",400.000490017714,400.000490017714,1
"CRS3035RES20000mN2280000E3580000",400.000490057692,400.000490057692,1
"CRS3035RES20000mN2280000E3600000",400.000490096558,400.000490096558,1
"CRS3035RES20000mN2280000E3620000",400.00049013448,400.00049013448,1
"CRS3035RES20000mN2280000E3640000",400.000490171232,400.000490171232,1
"CRS3035RES20000mN2280000E3660000",400.000490206974,400.000490206974,1
"CRS3035RES20000mN2280000E3680000",400.00049024164,400.00049024164,1
"CRS3035RES20000mN2280000E3700000",400.000490275202,400.000490275202,1
"CRS3035RES20000mN2280000E3720000",400.00049030768,400.00049030768,1
"CRS3035RES20000mN2280000E3740000",400.000490339121,400.000490339121,1
"CRS3035RES20000mN2280000E3760000",400.000490369455,400.000490369455,1
"CRS3035RES20000mN2280000E3780000",400.00049039875,400.00049039875,1
"CRS3035RES20000mN2280000E3800000",400.000490426949,397.490402411045,0.993724787654074
"CRS3035RES20000mN2280000E3820000",400.000490454142,241.417571059987,0.603543187624326
"CRS3035RES20000mN2280000E3840000",400.00049048023,339.121946852302,0.847803827553213
"CRS3035RES20000mN2280000E3860000",400.00049050514,400.00049050514,1
"CRS3035RES20000mN2280000E3880000",400.000490529086,389.035063317254,0.97258646558826
"CRS3035RES20000mN2280000E3900000",400.000490551927,386.467785111585,0.966168277889687
"CRS3035RES20000mN2280000E3920000",400.00049057367,385.255854698966,0.963138455521496
"CRS3035RES20000mN2280000E3940000",400.000490594251,400.000490594251,1
"CRS3035RES20000mN2280000E3960000",400.000490613882,400.000490613882,1
"CRS3035RES20000mN2280000E3980000",400.000490632338,400.000490632338,1
"CRS3035RES20000mN2280000E4000000",400.000490649885,400.000490649885,1
"CRS3035RES20000mN2280000E4020000",400.000490666144,400.000490666144,1
"CRS3035RES20000mN2280000E4040000",400.000490681414,400.000490681414,1
"CRS3035RES20000mN2280000E4060000",400.000490695556,400.000490695556,1
"CRS3035RES20000mN2280000E4080000",400.000490708687,312.25125811549,0.780627187637369
"CRS3035RES20000mN2280000E4100000",400.000490720706,112.533346445879,0.281333020974851
"CRS3035RES20000mN2280000E4340000",400.000490779905,334.739000607272,0.836846474749596
"CRS3035RES20000mN2280000E4360000",400.000490777808,400.000490777808,1
"CRS3035RES20000mN2280000E4380000",400.000490774655,400.000490774655,1
"CRS3035RES20000mN2280000E4400000",400.000490770416,400.000490770416,1
"CRS3035RES20000mN2280000E4420000",400.000490765005,400.000490765005,1
"CRS3035RES20000mN2280000E4440000",400.000490758549,400.000490758549,1
"CRS3035RES20000mN2280000E4460000",400.00049075103,400.00049075103,1
"CRS3035RES20000mN2280000E4480000",400.000490742392,400.000490742392,1
"CRS3035RES20000mN2280000E4500000",400.000490732585,400.000490732585,1
"CRS3035RES20000mN2280000E4520000",400.000490721778,400.000490721778,1
"CRS3035RES20000mN2280000E4540000",400.000490709917,400.000490709917,1
"CRS3035RES20000mN2280000E4560000",400.000490696886,394.206674540325,0.985515477377373
"CRS3035RES20000mN2280000E4580000",400.000490682844,212.579522215141,0.531448153606623
"CRS3035RES20000mN2280000E4600000",400.000490667772,53.3845354328005,0.133461174869258
"CRS3035RES20000mN2300000E2760000",400.000487589958,93.7390263559344,0.234347280226385
"CRS3035RES20000mN2300000E2780000",400.000487671242,373.491338483975,0.933727207830169
"CRS3035RES20000mN2300000E2800000",400.000487751534,400.000487751534,1
"CRS3035RES20000mN2300000E2820000",400.00048783083,400.00048783083,1
"CRS3035RES20000mN2300000E2840000",400.000487909103,400.000487909103,1
"CRS3035RES20000mN2300000E2860000",400.000487986401,400.000487986401,1
"CRS3035RES20000mN2300000E2880000",400.00048806271,400.00048806271,1
"CRS3035RES20000mN2300000E2900000",400.000488138027,400.000488138027,1
"CRS3035RES20000mN2300000E2920000",400.000488212307,400.000488212307,1
"CRS3035RES20000mN2300000E2940000",400.000488285679,400.000488285679,1
"CRS3035RES20000mN2300000E2960000",400.000488357952,400.000488357952,1
"CRS3035RES20000mN2300000E2980000",400.000488429138,400.000488429138,1
"CRS3035RES20000mN2300000E3000000",400.000488499447,400.000488499447,1
"CRS3035RES20000mN2300000E3020000",400.000488568752,400.000488568752,1
"CRS3035RES20000mN2300000E3040000",400.000488636936,400.000488636936,1
"CRS3035RES20000mN2300000E3060000",400.000488704193,400.000488704193,1
"CRS3035RES20000mN2300000E3080000",400.000488770317,400.000488770317,1
"CRS3035RES20000mN2300000E3100000",400.000488835552,400.000488835552,1
"CRS3035RES20000mN2300000E3120000",400.000488899647,400.000488899647,1
"CRS3035RES20000mN2300000E3140000",400.000488962746,400.000488962746,1
"CRS3035RES20000mN2300000E3160000",400.000489024796,400.000489024796,1
"CRS3035RES20000mN2300000E3180000",400.000489085922,400.000489085922,1
"CRS3035RES20000mN2300000E3200000",400.000489145832,400.000489145832,1
"CRS3035RES20000mN2300000E3220000",400.000489204811,400.000489204811,1
"CRS3035RES20000mN2300000E3240000",400.000489262764,400.000489262764,1
"CRS3035RES20000mN2300000E3260000",400.000489319675,400.000489319675,1
"CRS3035RES20000mN2300000E3280000",400.000489375549,400.000489375549,1
"CRS3035RES20000mN2300000E3300000",400.000489430424,400.000489430424,1
"CRS3035RES20000mN2300000E3320000",400.000489484127,400.000489484127,1
"CRS3035RES20000mN2300000E3340000",400.000489536819,400.000489536819,1
"CRS3035RES20000mN2300000E3360000",400.000489588524,400.000489588524,1
"CRS3035RES20000mN2300000E3380000",400.00048963912,400.00048963912,1
"CRS3035RES20000mN2300000E3400000",400.000489688736,400.000489688736,1
"CRS3035RES20000mN2300000E3420000",400.000489737223,400.000489737223,1
"CRS3035RES20000mN2300000E3440000",400.000489784641,400.000489784641,1
"CRS3035RES20000mN2300000E3460000",400.00048983108,400.00048983108,1
"CRS3035RES20000mN2300000E3480000",400.000489876469,400.000489876469,1
"CRS3035RES20000mN2300000E3500000",400.000489920729,400.000489920729,1
"CRS3035RES20000mN2300000E3520000",400.000489963846,400.000489963846,1
"CRS3035RES20000mN2300000E3540000",400.000490006041,400.000490006041,1
"CRS3035RES20000mN2300000E3560000",400.000490047165,400.000490047165,1
"CRS3035RES20000mN2300000E3580000",400.000490087288,400.000490087288,1
"CRS3035RES20000mN2300000E3600000",400.000490126184,400.000490126184,1
"CRS3035RES20000mN2300000E3620000",400.000490164114,400.000490164114,1
"CRS3035RES20000mN2300000E3640000",400.00049020088,400.00049020088,1
"CRS3035RES20000mN2300000E3660000",400.000490236708,400.000490236708,1
"CRS3035RES20000mN2300000E3680000",400.000490271347,400.000490271347,1
"CRS3035RES20000mN2300000E3700000",400.000490305014,400.000490305014,1
"CRS3035RES20000mN2300000E3720000",400.000490337517,400.000490337517,1
"CRS3035RES20000mN2300000E3740000",400.000490369064,400.000490369064,1
"CRS3035RES20000mN2300000E3760000",400.000490399485,400.000490399485,1
"CRS3035RES20000mN2300000E3780000",400.000490428816,400.000490428816,1
"CRS3035RES20000mN2300000E3800000",400.000490457075,400.000490457075,1
"CRS3035RES20000mN2300000E3820000",400.00049048414,400.00049048414,1
"CRS3035RES20000mN2300000E3840000",400.000490510248,400.000490510248,1
"CRS3035RES20000mN2300000E3860000",400.000490535254,400.000490535254,1
"CRS3035RES20000mN2300000E3880000",400.000490559209,400.000490559209,1
"CRS3035RES20000mN2300000E3900000",400.000490582047,400.000490582047,1
"CRS3035RES20000mN2300000E3920000",400.000490603777,400.000490603777,1
"CRS3035RES20000mN2300000E3940000",400.000490624509,400.000490624509,1
"CRS3035RES20000mN2300000E3960000",400.000490644108,400.000490644108,1
"CRS3035RES20000mN2300000E3980000",400.000490662656,400.000490662656,1
"CRS3035RES20000mN2300000E4000000",400.000490679988,400.000490679988,1
"CRS3035RES20000mN2300000E4020000",400.00049069638,400.00049069638,1
"CRS3035RES20000mN2300000E4040000",400.000490711689,400.000490711689,1
"CRS3035RES20000mN2300000E4060000",400.000490725905,400.000490725905,1
"CRS3035RES20000mN2300000E4080000",400.000490739021,400.000490739021,1
"CRS3035RES20000mN2300000E4100000",400.000490750925,397.348423849866,0.993369840881745
"CRS3035RES20000mN2300000E4120000",400.000490761877,378.385679445648,0.94596303800763
"CRS3035RES20000mN2300000E4140000",400.000490771768,285.91991459109,0.714798909469915
"CRS3035RES20000mN2300000E4160000",400.000490780515,86.6933747385993,0.216733170925455
"CRS3035RES20000mN2300000E4320000",400.000490811486,44.2970994929753,0.110742612848072
"CRS3035RES20000mN2300000E4340000",400.000490810427,390.565726474371,0.97641311810158
"CRS3035RES20000mN2300000E4360000",400.000490808329,400.000490808329,1
"CRS3035RES20000mN2300000E4380000",400.000490805039,400.000490805039,1
"CRS3035RES20000mN2300000E4400000",400.000490800724,400.000490800724,1
"CRS3035RES20000mN2300000E4420000",400.000490795362,400.000490795362,1
"CRS3035RES20000mN2300000E4440000",400.000490788908,400.000490788908,1
"CRS3035RES20000mN2300000E4460000",400.000490781377,400.000490781377,1
"CRS3035RES20000mN2300000E4480000",400.000490772681,400.000490772681,1
"CRS3035RES20000mN2300000E4500000",400.000490762983,400.000490762983,1
"CRS3035RES20000mN2300000E4520000",400.000490752199,400.000490752199,1
"CRS3035RES20000mN2300000E4540000",400.000490740231,366.019414866339,0.9150474145394
"CRS3035RES20000mN2300000E4560000",400.000490727311,105.873026603816,0.264682241792528
"CRS3035RES20000mN2320000E2760000",400.000487615368,7.08366728224175,0.0177091466174743
"CRS3035RES20000mN2320000E2780000",400.000487696678,245.37507569951,0.61343694132088
"CRS3035RES20000mN2320000E2800000",400.000487777073,400.000487777073,1
"CRS3035RES20000mN2320000E2820000",400.000487856457,400.000487856457,1
"CRS3035RES20000mN2320000E2840000",400.000487934902,400.000487934902,1
"CRS3035RES20000mN2320000E2860000",400.000488012302,400.000488012302,1
"CRS3035RES20000mN2320000E2880000",400.000488088745,400.000488088745,1
"CRS3035RES20000mN2320000E2900000",400.000488164066,400.000488164066,1
"CRS3035RES20000mN2320000E2920000",400.000488238499,400.000488238499,1
"CRS3035RES20000mN2320000E2940000",400.000488311783,400.000488311783,1
"CRS3035RES20000mN2320000E2960000",400.000488384224,400.000488384224,1
"CRS3035RES20000mN2320000E2980000",400.00048845562,400.00048845562,1
"CRS3035RES20000mN2320000E3000000",400.000488525955,400.000488525955,1
"CRS3035RES20000mN2320000E3020000",400.000488595284,400.000488595284,1
"CRS3035RES20000mN2320000E3040000",400.000488663609,400.000488663609,1
"CRS3035RES20000mN2320000E3060000",400.000488730904,400.000488730904,1
"CRS3035RES20000mN2320000E3080000",400.000488797195,400.000488797195,1
"CRS3035RES20000mN2320000E3100000",400.000488862377,400.000488862377,1
"CRS3035RES20000mN2320000E3120000",400.000488926617,400.000488926617,1
"CRS3035RES20000mN2320000E3140000",400.000488989822,400.000488989822,1
"CRS3035RES20000mN2320000E3160000",400.000489052002,400.000489052002,1
"CRS3035RES20000mN2320000E3180000",400.000489113022,400.000489113022,1
"CRS3035RES20000mN2320000E3200000",400.000489173138,400.000489173138,1
"CRS3035RES20000mN2320000E3220000",400.000489232277,400.000489232277,1
"CRS3035RES20000mN2320000E3240000",400.000489290256,400.000489290256,1
"CRS3035RES20000mN2320000E3260000",400.000489347176,397.012515915744,0.992530075559886
"CRS3035RES20000mN2320000E3280000",400.000489403046,398.687570685623,0.996717707222353
"CRS3035RES20000mN2320000E3300000",400.000489457966,307.484395566876,0.76871004828905
"CRS3035RES20000mN2320000E3320000",400.000489511776,103.273429698885,0.25818325828785
"CRS3035RES20000mN2320000E3340000",400.000489564629,86.1246072287955,0.215311254550053
"CRS3035RES20000mN2320000E3360000",400.000489616291,162.628291868267,0.406570232012146
"CRS3035RES20000mN2320000E3380000",400.000489667004,338.797377505167,0.846992406902332
"CRS3035RES20000mN2320000E3400000",400.000489716581,400.000489716581,1
"CRS3035RES20000mN2320000E3420000",400.000489765161,400.000489765161,1
"CRS3035RES20000mN2320000E3440000",400.000489812792,400.000489812792,1
"CRS3035RES20000mN2320000E3460000",400.000489859198,400.000489859198,1
"CRS3035RES20000mN2320000E3480000",400.000489904537,400.000489904537,1
"CRS3035RES20000mN2320000E3500000",400.000489948889,400.000489948889,1
"CRS3035RES20000mN2320000E3520000",400.00048999218,400.00048999218,1
"CRS3035RES20000mN2320000E3540000",400.000490034395,400.000490034395,1
"CRS3035RES20000mN2320000E3560000",400.000490075514,400.000490075514,1
"CRS3035RES20000mN2320000E3580000",400.000490115574,400.000490115574,1
"CRS3035RES20000mN2320000E3600000",400.000490154623,400.000490154623,1
"CRS3035RES20000mN2320000E3620000",400.000490192568,400.000490192568,1
"CRS3035RES20000mN2320000E3640000",400.000490229492,400.000490229492,1
"CRS3035RES20000mN2320000E3660000",400.000490265223,400.000490265223,1
"CRS3035RES20000mN2320000E3680000",400.000490299967,400.000490299967,1
"CRS3035RES20000mN2320000E3700000",400.000490333612,400.000490333612,1
"CRS3035RES20000mN2320000E3720000",400.000490366228,400.000490366228,1
"CRS3035RES20000mN2320000E3740000",400.000490397671,400.000490397671,1
"CRS3035RES20000mN2320000E3760000",400.000490428125,400.000490428125,1
"CRS3035RES20000mN2320000E3780000",400.00049045746,400.00049045746,1
"CRS3035RES20000mN2320000E3800000",400.000490485706,400.000490485706,1
"CRS3035RES20000mN2320000E3820000",400.000490512943,400.000490512943,1
"CRS3035RES20000mN2320000E3840000",400.000490539106,400.000490539106,1
"CRS3035RES20000mN2320000E3860000",400.000490564193,400.000490564193,1
"CRS3035RES20000mN2320000E3880000",400.000490588147,400.000490588147,1
"CRS3035RES20000mN2320000E3900000",400.000490611093,400.000490611093,1
"CRS3035RES20000mN2320000E3920000",400.000490632806,400.000490632806,1
"CRS3035RES20000mN2320000E3940000",400.00049065355,400.00049065355,1
"CRS3035RES20000mN2320000E3960000",400.000490673201,400.000490673201,1
"CRS3035RES20000mN2320000E3980000",400.000490691726,400.000490691726,1
"CRS3035RES20000mN2320000E4000000",400.000490709174,400.000490709174,1
"CRS3035RES20000mN2320000E4020000",400.000490725533,400.000490725533,1
"CRS3035RES20000mN2320000E4040000",400.000490740804,400.000490740804,1
"CRS3035RES20000mN2320000E4060000",400.000490755042,400.000490755042,1
"CRS3035RES20000mN2320000E4080000",400.000490768135,400.000490768135,1
"CRS3035RES20000mN2320000E4100000",400.000490780229,400.000490780229,1
"CRS3035RES20000mN2320000E4120000",400.000490791164,400.000490791164,1
"CRS3035RES20000mN2320000E4140000",400.000490800961,400.000490800961,1
"CRS3035RES20000mN2320000E4160000",400.000490809754,348.22826944636,0.870569605405764
"CRS3035RES20000mN2320000E4180000",400.000490817366,9.42435093070209,0.0235608484165713
"CRS3035RES20000mN2320000E4280000",400.000490839461,42.4340831244491,0.106085077634267
"CRS3035RES20000mN2320000E4300000",400.000490840627,210.165578204422,0.525413300775569
"CRS3035RES20000mN2320000E4320000",400.000490840663,343.684221397446,0.859209499156216
"CRS3035RES20000mN2320000E4340000",400.000490839636,400.000490839636,1
"CRS3035RES20000mN2320000E4360000",400.000490837512,400.000490837512,1
"CRS3035RES20000mN2320000E4380000",400.000490834328,400.000490834328,1
"CRS3035RES20000mN2320000E4400000",400.000490830013,400.000490830013,1
"CRS3035RES20000mN2320000E4420000",400.000490824654,400.000490824654,1
"CRS3035RES20000mN2320000E4440000",400.000490818109,400.000490818109,1
"CRS3035RES20000mN2320000E4460000",400.000490810565,400.000490810565,1
"CRS3035RES20000mN2320000E4480000",400.000490801898,400.000490801898,1
"CRS3035RES20000mN2320000E4500000",400.000490792161,399.924900287143,0.999811023969326
"CRS3035RES20000mN2320000E4520000",400.000490781306,216.334261879907,0.540834991120509
"CRS3035RES20000mN2320000E4540000",400.000490769453,16.1674290623071,0.0404185230653267
"CRS3035RES20000mN2340000E2760000",400.000487639557,22.8039082073096,0.0570097010178107
"CRS3035RES20000mN2340000E2780000",400.0004877211,273.332063041846,0.683329324419292
"CRS3035RES20000mN2340000E2800000",400.000487801544,400.000487801544,1
"CRS3035RES20000mN2340000E2820000",400.000487881073,400.000487881073,1
"CRS3035RES20000mN2340000E2840000",400.000487959511,400.000487959511,1
"CRS3035RES20000mN2340000E2860000",400.000488037014,400.000488037014,1
"CRS3035RES20000mN2340000E2880000",400.000488113445,400.000488113445,1
"CRS3035RES20000mN2340000E2900000",400.000488189026,400.000488189026,1
"CRS3035RES20000mN2340000E2920000",400.000488263504,400.000488263504,1
"CRS3035RES20000mN2340000E2940000",400.000488336971,400.000488336971,1
"CRS3035RES20000mN2340000E2960000",400.000488409435,400.000488409435,1
"CRS3035RES20000mN2340000E2980000",400.000488480869,400.000488480869,1
"CRS3035RES20000mN2340000E3000000",400.000488551315,400.000488551315,1
"CRS3035RES20000mN2340000E3020000",400.000488620708,400.000488620708,1
"CRS3035RES20000mN2340000E3040000",400.000488689125,400.000488689125,1
"CRS3035RES20000mN2340000E3060000",400.000488756477,400.000488756477,1
"CRS3035RES20000mN2340000E3080000",400.000488822807,400.000488822807,1
"CRS3035RES20000mN2340000E3100000",400.00048888818,400.00048888818,1
"CRS3035RES20000mN2340000E3120000",400.000488952408,400.000488952408,1
"CRS3035RES20000mN2340000E3140000",400.000489015682,400.000489015682,1
"CRS3035RES20000mN2340000E3160000",400.000489077961,400.000489077961,1
"CRS3035RES20000mN2340000E3180000",400.000489139194,400.000489139194,1
"CRS3035RES20000mN2340000E3200000",400.000489199314,400.000489199314,1
"CRS3035RES20000mN2340000E3220000",400.000489258362,371.784933336249,0.929461196473968
"CRS3035RES20000mN2340000E3240000",400.000489316395,183.179515303495,0.457948228054797
"CRS3035RES20000mN2340000E3260000",400.000489373524,93.641205075571,0.234102726279737
"CRS3035RES20000mN2340000E3280000",400.000489429455,121.510277998586,0.303775323304988
"CRS3035RES20000mN2340000E3300000",400.00048948439,3.11077198251522,0.00777692043958514
"CRS3035RES20000mN2340000E3380000",400.000489693619,60.998793457406,0.152496796951744
"CRS3035RES20000mN2340000E3400000",400.00048974337,397.208781197502,0.993020737180449
"CRS3035RES20000mN2340000E3420000",400.000489791992,400.000489791992,1
"CRS3035RES20000mN2340000E3440000",400.000489839565,400.000489839565,1
"CRS3035RES20000mN2340000E3460000",400.000489886005,400.000489886005,1
"CRS3035RES20000mN2340000E3480000",400.000489931501,400.000489931501,1
"CRS3035RES20000mN2340000E3500000",400.000489975924,400.000489975924,1
"CRS3035RES20000mN2340000E3520000",400.000490019287,400.000490019287,1
"CRS3035RES20000mN2340000E3540000",400.000490061533,400.000490061533,1
"CRS3035RES20000mN2340000E3560000",400.000490102718,400.000490102718,1
"CRS3035RES20000mN2340000E3580000",400.000490142748,400.000490142748,1
"CRS3035RES20000mN2340000E3600000",400.000490181862,400.000490181862,1
"CRS3035RES20000mN2340000E3620000",400.000490219835,400.000490219835,1
"CRS3035RES20000mN2340000E3640000",400.000490256746,400.000490256746,1
"CRS3035RES20000mN2340000E3660000",400.000490292612,400.000490292612,1
"CRS3035RES20000mN2340000E3680000",400.000490327423,400.000490327423,1
"CRS3035RES20000mN2340000E3700000",400.000490361126,400.000490361126,1
"CRS3035RES20000mN2340000E3720000",400.000490393757,400.000490393757,1
"CRS3035RES20000mN2340000E3740000",400.000490425226,400.000490425226,1
"CRS3035RES20000mN2340000E3760000",400.000490455727,400.000490455727,1
"CRS3035RES20000mN2340000E3780000",400.000490485168,400.000490485168,1
"CRS3035RES20000mN2340000E3800000",400.000490513378,400.000490513378,1
"CRS3035RES20000mN2340000E3820000",400.000490540667,400.000490540667,1
"CRS3035RES20000mN2340000E3840000",400.000490566807,400.000490566807,1
"CRS3035RES20000mN2340000E3860000",400.000490591874,400.000490591874,1
"CRS3035RES20000mN2340000E3880000",400.000490615823,400.000490615823,1
"CRS3035RES20000mN2340000E3900000",400.000490638728,400.000490638728,1
"CRS3035RES20000mN2340000E3920000",400.000490660642,400.000490660642,1
"CRS3035RES20000mN2340000E3940000",400.000490681341,400.000490681341,1
"CRS3035RES20000mN2340000E3960000",400.000490700959,400.000490700959,1
"CRS3035RES20000mN2340000E3980000",400.00049071954,400.00049071954,1
"CRS3035RES20000mN2340000E4000000",400.000490737041,400.000490737041,1
"CRS3035RES20000mN2340000E4020000",400.000490753459,400.000490753459,1
"CRS3035RES20000mN2340000E4040000",400.000490768749,400.000490768749,1
"CRS3035RES20000mN2340000E4060000",400.000490782937,400.000490782937,1
"CRS3035RES20000mN2340000E4080000",400.000490796078,400.000490796078,1
"CRS3035RES20000mN2340000E4100000",400.000490808146,400.000490808146,1
"CRS3035RES20000mN2340000E4120000",400.00049081905,400.00049081905,1
"CRS3035RES20000mN2340000E4140000",400.000490828928,400.000490828928,1
"CRS3035RES20000mN2340000E4160000",400.000490837728,400.000490837728,1
"CRS3035RES20000mN2340000E4180000",400.000490845424,305.67735026035,0.764192437899972
"CRS3035RES20000mN2340000E4200000",400.000490851993,6.19854582994893,0.0154963455588421
"CRS3035RES20000mN2340000E4240000",400.000490861993,19.2344308555446,0.0480860181298648
"CRS3035RES20000mN2340000E4260000",400.000490865221,133.618919113685,0.334046887854213
"CRS3035RES20000mN2340000E4280000",400.000490867473,367.784370737854,0.919459798512364
"CRS3035RES20000mN2340000E4300000",400.000490868626,400.000490868626,1
"CRS3035RES20000mN2340000E4320000",400.000490868673,400.000490868673,1
"CRS3035RES20000mN2340000E4340000",400.000490867659,400.000490867659,1
"CRS3035RES20000mN2340000E4360000",400.00049086554,400.00049086554,1
"CRS3035RES20000mN2340000E4380000",400.000490862288,400.000490862288,1
"CRS3035RES20000mN2340000E4400000",400.000490857973,400.000490857973,1
"CRS3035RES20000mN2340000E4420000",400.000490852561,400.000490852561,1
"CRS3035RES20000mN2340000E4440000",400.000490846117,400.000490846117,1
"CRS3035RES20000mN2340000E4460000",400.000490838478,400.000490838478,1
"CRS3035RES20000mN2340000E4480000",400.000490829847,400.000490829847,1
"CRS3035RES20000mN2340000E4500000",400.000490820117,252.286731185043,0.63071605404229
"CRS3035RES20000mN2360000E2760000",400.000487662727,118.007972706411,0.295019572090904
"CRS3035RES20000mN2360000E2780000",400.000487744263,334.568500950298,0.83642023247782
"CRS3035RES20000mN2360000E2800000",400.000487824894,400.000487824894,1
"CRS3035RES20000mN2360000E2820000",400.000487904427,400.000487904427,1
"CRS3035RES20000mN2360000E2840000",400.000487983006,400.000487983006,1
"CRS3035RES20000mN2360000E2860000",400.000488060623,400.000488060623,1
"CRS3035RES20000mN2360000E2880000",400.000488137257,400.000488137257,1
"CRS3035RES20000mN2360000E2900000",400.000488212765,400.000488212765,1
"CRS3035RES20000mN2360000E2920000",400.0004882873,400.0004882873,1
"CRS3035RES20000mN2360000E2940000",400.00048836095,400.00048836095,1
"CRS3035RES20000mN2360000E2960000",400.000488433506,400.000488433506,1
"CRS3035RES20000mN2360000E2980000",400.000488505047,400.000488505047,1
"CRS3035RES20000mN2360000E3000000",400.00048857555,400.00048857555,1
"CRS3035RES20000mN2360000E3020000",400.000488644981,400.000488644981,1
"CRS3035RES20000mN2360000E3040000",400.000488713455,400.000488713455,1
"CRS3035RES20000mN2360000E3060000",400.000488780907,400.000488780907,1
"CRS3035RES20000mN2360000E3080000",400.00048884737,400.00048884737,1
"CRS3035RES20000mN2360000E3100000",400.000488912773,400.000488912773,1
"CRS3035RES20000mN2360000E3120000",400.000488977112,320.495639298258,0.801238118777891
"CRS3035RES20000mN2360000E3140000",400.000489040447,173.02715783504,0.432567365730256
"CRS3035RES20000mN2360000E3160000",400.000489102695,93.7359136764441,0.23433949765091
"CRS3035RES20000mN2360000E3180000",400.000489163979,121.43174851233,0.303579000031045
"CRS3035RES20000mN2360000E3200000",400.000489224178,104.603736378282,0.261509021104365
"CRS3035RES20000mN2360000E3220000",400.000489283382,75.6260290602202,0.189064841384838
"CRS3035RES20000mN2360000E3400000",400.000489768953,301.919102186795,0.754796831276853
"CRS3035RES20000mN2360000E3420000",400.000489817602,400.000489817602,1
"CRS3035RES20000mN2360000E3440000",400.0004898652,400.0004898652,1
"CRS3035RES20000mN2360000E3460000",400.000489911869,400.000489911869,1
"CRS3035RES20000mN2360000E3480000",400.000489957283,400.000489957283,1
"CRS3035RES20000mN2360000E3500000",400.000490001709,400.000490001709,1
"CRS3035RES20000mN2360000E3520000",400.000490045073,400.000490045073,1
"CRS3035RES20000mN2360000E3540000",400.000490087414,400.000490087414,1
"CRS3035RES20000mN2360000E3560000",400.000490128601,400.000490128601,1
"CRS3035RES20000mN2360000E3580000",400.000490168852,400.000490168852,1
"CRS3035RES20000mN2360000E3600000",400.000490207924,400.000490207924,1
"CRS3035RES20000mN2360000E3620000",400.000490245954,400.000490245954,1
"CRS3035RES20000mN2360000E3640000",400.000490282948,400.000490282948,1
"CRS3035RES20000mN2360000E3660000",400.000490318777,400.000490318777,1
"CRS3035RES20000mN2360000E3680000",400.000490353603,400.000490353603,1
"CRS3035RES20000mN2360000E3700000",400.000490387272,400.000490387272,1
"CRS3035RES20000mN2360000E3720000",400.000490419931,400.000490419931,1
"CRS3035RES20000mN2360000E3740000",400.000490451578,400.000490451578,1
"CRS3035RES20000mN2360000E3760000",400.00049048209,400.00049048209,1
"CRS3035RES20000mN2360000E3780000",400.000490511509,400.000490511509,1
"CRS3035RES20000mN2360000E3800000",400.000490539934,400.000490539934,1
"CRS3035RES20000mN2360000E3820000",400.000490567165,400.000490567165,1
"CRS3035RES20000mN2360000E3840000",400.000490593308,400.000490593308,1
"CRS3035RES20000mN2360000E3860000",400.000490618349,400.000490618349,1
"CRS3035RES20000mN2360000E3880000",400.000490642446,400.000490642446,1
"CRS3035RES20000mN2360000E3900000",400.0004906653,400.0004906653,1
"CRS3035RES20000mN2360000E3920000",400.000490687102,400.000490687102,1
"CRS3035RES20000mN2360000E3940000",400.00049070793,400.00049070793,1
"CRS3035RES20000mN2360000E3960000",400.000490727626,400.000490727626,1
"CRS3035RES20000mN2360000E3980000",400.000490746226,400.000490746226,1
"CRS3035RES20000mN2360000E4000000",400.000490763751,400.000490763751,1
"CRS3035RES20000mN2360000E4020000",400.000490780132,400.000490780132,1
"CRS3035RES20000mN2360000E4040000",400.000490795432,400.000490795432,1
"CRS3035RES20000mN2360000E4060000",400.000490809655,400.000490809655,1
"CRS3035RES20000mN2360000E4080000",400.000490822794,400.000490822794,1
"CRS3035RES20000mN2360000E4100000",400.000490834849,400.000490834849,1
"CRS3035RES20000mN2360000E4120000",400.000490845816,400.000490845816,1
"CRS3035RES20000mN2360000E4140000",400.000490855719,400.000490855719,1
"CRS3035RES20000mN2360000E4160000",400.000490864504,400.000490864504,1
"CRS3035RES20000mN2360000E4180000",400.000490872193,400.000490872193,1
"CRS3035RES20000mN2360000E4200000",400.000490878792,326.847052018197,0.817116627282435
"CRS3035RES20000mN2360000E4220000",400.000490884267,241.188535109393,0.602970597801533
"CRS3035RES20000mN2360000E4240000",400.000490888694,356.593391638226,0.891482385049005
"CRS3035RES20000mN2360000E4260000",400.000490892073,399.943842090541,0.999858378169973
"CRS3035RES20000mN2360000E4280000",400.000490894299,400.000490894299,1
"CRS3035RES20000mN2360000E4300000",400.000490895457,400.000490895457,1
"CRS3035RES20000mN2360000E4320000",400.000490895497,400.000490895497,1
"CRS3035RES20000mN2360000E4340000",400.000490894419,400.000490894419,1
"CRS3035RES20000mN2360000E4360000",400.000490892286,400.000490892286,1
"CRS3035RES20000mN2360000E4380000",400.00049088909,400.00049088909,1
"CRS3035RES20000mN2360000E4400000",400.000490884804,400.000490884804,1
"CRS3035RES20000mN2360000E4420000",400.00049087939,400.00049087939,1
"CRS3035RES20000mN2360000E4440000",400.000490872871,400.000490872871,1
"CRS3035RES20000mN2360000E4460000",400.00049086532,400.00049086532,1
"CRS3035RES20000mN2360000E4480000",400.000490856626,400.000490856626,1
"CRS3035RES20000mN2360000E4500000",400.00049084688,100.5788324856,0.251446772659341
"CRS3035RES20000mN2380000E2760000",400.00048768478,140.3339289944,0.350834394744514
"CRS3035RES20000mN2380000E2780000",400.000487766445,369.192168761168,0.922979296407094
"CRS3035RES20000mN2380000E2800000",400.000487847122,400.000487847122,1
"CRS3035RES20000mN2380000E2820000",400.000487926762,400.000487926762,1
"CRS3035RES20000mN2380000E2840000",400.000488005451,400.000488005451,1
"CRS3035RES20000mN2380000E2860000",400.000488083183,400.000488083183,1
"CRS3035RES20000mN2380000E2880000",400.000488159752,400.000488159752,1
"CRS3035RES20000mN2380000E2900000",400.000488235474,400.000488235474,1
"CRS3035RES20000mN2380000E2920000",400.000488310135,400.000488310135,1
"CRS3035RES20000mN2380000E2940000",400.000488383755,400.000488383755,1
"CRS3035RES20000mN2380000E2960000",400.00048845636,400.00048845636,1
"CRS3035RES20000mN2380000E2980000",400.000488527954,400.000488527954,1
"CRS3035RES20000mN2380000E3000000",400.00048859856,400.00048859856,1
"CRS3035RES20000mN2380000E3020000",400.000488668217,400.000488668217,1
"CRS3035RES20000mN2380000E3040000",400.00048873674,400.00048873674,1
"CRS3035RES20000mN2380000E3060000",400.000488804268,400.000488804268,1
"CRS3035RES20000mN2380000E3080000",400.000488870724,296.344904062143,0.740861354691791
"CRS3035RES20000mN2380000E3100000",400.000488936203,99.6362150947013,0.249090233263671
"CRS3035RES20000mN2380000E3120000",400.00048900069,2.21283297530842,0.00553207567529898
"CRS3035RES20000mN2380000E3400000",400.000489793362,153.344245376328,0.383360144022685
"CRS3035RES20000mN2380000E3420000",400.000489842045,400.000489842045,1
"CRS3035RES20000mN2380000E3440000",400.00048988973,400.00048988973,1
"CRS3035RES20000mN2380000E3460000",400.000489936369,400.000489936369,1
"CRS3035RES20000mN2380000E3480000",400.000489981932,400.000489981932,1
"CRS3035RES20000mN2380000E3500000",400.000490026394,400.000490026394,1
"CRS3035RES20000mN2380000E3520000",400.000490069813,400.000490069813,1
"CRS3035RES20000mN2380000E3540000",400.000490112179,400.000490112179,1
"CRS3035RES20000mN2380000E3560000",400.000490153452,400.000490153452,1
"CRS3035RES20000mN2380000E3580000",400.000490193684,400.000490193684,1
"CRS3035RES20000mN2380000E3600000",400.000490232822,400.000490232822,1
"CRS3035RES20000mN2380000E3620000",400.000490270857,400.000490270857,1
"CRS3035RES20000mN2380000E3640000",400.000490307838,400.000490307838,1
"CRS3035RES20000mN2380000E3660000",400.000490343781,400.000490343781,1
"CRS3035RES20000mN2380000E3680000",400.000490378656,400.000490378656,1
"CRS3035RES20000mN2380000E3700000",400.000490412464,400.000490412464,1
"CRS3035RES20000mN2380000E3720000",400.000490445145,400.000490445145,1
"CRS3035RES20000mN2380000E3740000",400.000490476692,400.000490476692,1
"CRS3035RES20000mN2380000E3760000",400.000490507242,400.000490507242,1
"CRS3035RES20000mN2380000E3780000",400.000490536701,400.000490536701,1
"CRS3035RES20000mN2380000E3800000",400.000490565054,400.000490565054,1
"CRS3035RES20000mN2380000E3820000",400.000490592356,400.000490592356,1
"CRS3035RES20000mN2380000E3840000",400.000490618624,400.000490618624,1
"CRS3035RES20000mN2380000E3860000",400.000490643763,400.000490643763,1
"CRS3035RES20000mN2380000E3880000",400.000490667738,400.000490667738,1
"CRS3035RES20000mN2380000E3900000",400.000490690694,400.000490690694,1
"CRS3035RES20000mN2380000E3920000",400.000490712591,400.000490712591,1
"CRS3035RES20000mN2380000E3940000",400.000490733345,400.000490733345,1
"CRS3035RES20000mN2380000E3960000",400.000490753038,400.000490753038,1
"CRS3035RES20000mN2380000E3980000",400.00049077161,400.00049077161,1
"CRS3035RES20000mN2380000E4000000",400.000490789122,400.000490789122,1
"CRS3035RES20000mN2380000E4020000",400.000490805571,400.000490805571,1
"CRS3035RES20000mN2380000E4040000",400.00049082101,400.00049082101,1
"CRS3035RES20000mN2380000E4060000",400.000490835193,400.000490835193,1
"CRS3035RES20000mN2380000E4080000",400.00049084838,400.00049084838,1
"CRS3035RES20000mN2380000E4100000",400.000490860412,400.000490860412,1
"CRS3035RES20000mN2380000E4120000",400.000490871397,400.000490871397,1
"CRS3035RES20000mN2380000E4140000",400.000490881326,400.000490881326,1
"CRS3035RES20000mN2380000E4160000",400.000490890093,400.000490890093,1
"CRS3035RES20000mN2380000E4180000",400.000490897769,400.000490897769,1
"CRS3035RES20000mN2380000E4200000",400.000490904366,400.000490904366,1
"CRS3035RES20000mN2380000E4220000",400.000490909876,400.000490909876,1
"CRS3035RES20000mN2380000E4240000",400.000490914398,400.000490914398,1
"CRS3035RES20000mN2380000E4260000",400.000490917735,400.000490917735,1
"CRS3035RES20000mN2380000E4280000",400.000490919925,400.000490919925,1
"CRS3035RES20000mN2380000E4300000",400.000490921037,400.000490921037,1
"CRS3035RES20000mN2380000E4320000",400.000490921108,400.000490921108,1
"CRS3035RES20000mN2380000E4340000",400.000490920111,400.000490920111,1
"CRS3035RES20000mN2380000E4360000",400.000490917941,400.000490917941,1
"CRS3035RES20000mN2380000E4380000",400.000490914755,400.000490914755,1
"CRS3035RES20000mN2380000E4400000",400.000490910409,400.000490910409,1
"CRS3035RES20000mN2380000E4420000",400.000490904993,400.000490904993,1
"CRS3035RES20000mN2380000E4440000",400.000490898566,400.000490898566,1
"CRS3035RES20000mN2380000E4460000",400.000490890923,400.000490890923,1
"CRS3035RES20000mN2380000E4480000",400.000490882268,399.615832568839,0.999038355396564
"CRS3035RES20000mN2380000E4500000",400.000490872428,38.0640971613361,0.0951601261246348
"CRS3035RES20000mN2400000E2760000",400.000487705643,288.454217209039,0.721134663768987
"CRS3035RES20000mN2400000E2780000",400.000487787476,400.000487787476,1
"CRS3035RES20000mN2400000E2800000",400.000487868233,400.000487868233,1
"CRS3035RES20000mN2400000E2820000",400.000487948002,400.000487948002,1
"CRS3035RES20000mN2400000E2840000",400.000488026764,400.000488026764,1
"CRS3035RES20000mN2400000E2860000",400.000488104481,400.000488104481,1
"CRS3035RES20000mN2400000E2880000",400.000488181267,400.000488181267,1
"CRS3035RES20000mN2400000E2900000",400.000488257015,400.000488257015,1
"CRS3035RES20000mN2400000E2920000",400.000488331768,400.000488331768,1
"CRS3035RES20000mN2400000E2940000",400.000488405464,399.860419354001,0.999649827798907
"CRS3035RES20000mN2400000E2960000",400.000488478195,400.000488478195,1
"CRS3035RES20000mN2400000E2980000",400.000488549908,389.127624359578,0.972817872723741
"CRS3035RES20000mN2400000E3000000",400.000488620605,349.032729443552,0.872580757706535
"CRS3035RES20000mN2400000E3020000",400.000488690235,273.369039245131,0.683421763158971
"CRS3035RES20000mN2400000E3040000",400.000488758858,284.153968261311,0.710384052637032
"CRS3035RES20000mN2400000E3060000",400.000488826485,56.4209384423754,0.141052173730843
"CRS3035RES20000mN2400000E3080000",400.000488892975,1.49878296029449,0.00374695282108893
"CRS3035RES20000mN2400000E3400000",400.000489816525,30.3032073536892,0.0757579256155134
"CRS3035RES20000mN2400000E3420000",400.000489865402,394.023120109088,0.985056593909858
"CRS3035RES20000mN2400000E3440000",400.000489913103,400.000489913103,1
"CRS3035RES20000mN2400000E3460000",400.000489959744,400.000489959744,1
"CRS3035RES20000mN2400000E3480000",400.000490005354,400.000490005354,1
"CRS3035RES20000mN2400000E3500000",400.000490049885,400.000490049885,1
"CRS3035RES20000mN2400000E3520000",400.000490093332,400.000490093332,1
"CRS3035RES20000mN2400000E3540000",400.000490135761,400.000490135761,1
"CRS3035RES20000mN2400000E3560000",400.000490177074,400.000490177074,1
"CRS3035RES20000mN2400000E3580000",400.000490217304,400.000490217304,1
"CRS3035RES20000mN2400000E3600000",400.000490256527,400.000490256527,1
"CRS3035RES20000mN2400000E3620000",400.00049029459,400.00049029459,1
"CRS3035RES20000mN2400000E3640000",400.000490331675,400.000490331675,1
"CRS3035RES20000mN2400000E3660000",400.000490367643,400.000490367643,1
"CRS3035RES20000mN2400000E3680000",400.000490402479,400.000490402479,1
"CRS3035RES20000mN2400000E3700000",400.000490436291,400.000490436291,1
"CRS3035RES20000mN2400000E3720000",400.00049046907,400.00049046907,1
"CRS3035RES20000mN2400000E3740000",400.000490500727,400.000490500727,1
"CRS3035RES20000mN2400000E3760000",400.00049053125,400.00049053125,1
"CRS3035RES20000mN2400000E3780000",400.00049056073,400.00049056073,1
"CRS3035RES20000mN2400000E3800000",400.000490589163,400.000490589163,1
"CRS3035RES20000mN2400000E3820000",400.000490616407,400.000490616407,1
"CRS3035RES20000mN2400000E3840000",400.000490642687,400.000490642687,1
"CRS3035RES20000mN2400000E3860000",400.000490667868,400.000490667868,1
"CRS3035RES20000mN2400000E3880000",400.000490691885,400.000490691885,1
"CRS3035RES20000mN2400000E3900000",400.000490714904,400.000490714904,1
"CRS3035RES20000mN2400000E3920000",400.000490736764,400.000490736764,1
"CRS3035RES20000mN2400000E3940000",400.000490757548,400.000490757548,1
"CRS3035RES20000mN2400000E3960000",400.000490777248,400.000490777248,1
"CRS3035RES20000mN2400000E3980000",400.000490795897,400.000490795897,1
"CRS3035RES20000mN2400000E4000000",400.000490813415,400.000490813415,1
"CRS3035RES20000mN2400000E4020000",400.000490829896,400.000490829896,1
"CRS3035RES20000mN2400000E4040000",400.000490845201,400.000490845201,1
"CRS3035RES20000mN2400000E4060000",400.000490859549,400.000490859549,1
"CRS3035RES20000mN2400000E4080000",400.000490872639,400.000490872639,1
"CRS3035RES20000mN2400000E4100000",400.000490884758,400.000490884758,1
"CRS3035RES20000mN2400000E4120000",400.000490895799,400.000490895799,1
"CRS3035RES20000mN2400000E4140000",400.000490905652,400.000490905652,1
"CRS3035RES20000mN2400000E4160000",400.000490914395,400.000490914395,1
"CRS3035RES20000mN2400000E4180000",400.000490922233,400.000490922233,1
"CRS3035RES20000mN2400000E4200000",400.000490928796,400.000490928796,1
"CRS3035RES20000mN2400000E4220000",400.000490934332,400.000490934332,1
"CRS3035RES20000mN2400000E4240000",400.000490938673,400.000490938673,1
"CRS3035RES20000mN2400000E4260000",400.000490942069,400.000490942069,1
"CRS3035RES20000mN2400000E4280000",400.000490944284,400.000490944284,1
"CRS3035RES20000mN2400000E4300000",400.000490945501,400.000490945501,1
"CRS3035RES20000mN2400000E4320000",400.000490945545,400.000490945545,1
"CRS3035RES20000mN2400000E4340000",400.000490944471,400.000490944471,1
"CRS3035RES20000mN2400000E4360000",400.000490942403,400.000490942403,1
"CRS3035RES20000mN2400000E4380000",400.000490939061,400.000490939061,1
"CRS3035RES20000mN2400000E4400000",400.000490934814,400.000490934814,1
"CRS3035RES20000mN2400000E4420000",400.000490929392,400.000490929392,1
"CRS3035RES20000mN2400000E4440000",400.000490922831,400.000490922831,1
"CRS3035RES20000mN2400000E4460000",400.000490915264,400.000490915264,1
"CRS3035RES20000mN2400000E4480000",400.000490906548,396.521661240785,0.991302936509207
"CRS3035RES20000mN2400000E4500000",400.000490896801,80.2288491612963,0.200571876753009
"CRS3035RES20000mN2420000E2760000",400.000487725643,53.7303546172009,0.134325722757753
"CRS3035RES20000mN2420000E2780000",400.000487807461,216.572516747816,0.541430631584785
"CRS3035RES20000mN2420000E2800000",400.000487888287,315.849562977714,0.78962294432482
"CRS3035RES20000mN2420000E2820000",400.000487968155,252.925762322447,0.632313634433824
"CRS3035RES20000mN2420000E2840000",400.000488046967,273.016585051484,0.682540629849
"CRS3035RES20000mN2420000E2860000",400.000488124863,398.675492966278,0.996687516145803
"CRS3035RES20000mN2420000E2880000",400.000488201679,400.000488201679,1
"CRS3035RES20000mN2420000E2900000",400.000488277508,400.000488277508,1
"CRS3035RES20000mN2420000E2920000",400.000488352291,367.674360071935,0.919184777964856
"CRS3035RES20000mN2420000E2940000",400.000488426167,181.492309184296,0.453730218926461
"CRS3035RES20000mN2420000E2960000",400.000488498917,112.889705517799,0.2822239191293
"CRS3035RES20000mN2420000E2980000",400.000488570656,31.4760556815224,0.078690043089691
"CRS3035RES20000mN2420000E3420000",400.000489887489,302.1610951845,0.755401812806505
"CRS3035RES20000mN2420000E3440000",400.000489935268,400.000489935268,1
"CRS3035RES20000mN2420000E3460000",400.000489981958,400.000489981958,1
"CRS3035RES20000mN2420000E3480000",400.000490027615,400.000490027615,1
"CRS3035RES20000mN2420000E3500000",400.000490072203,400.000490072203,1
"CRS3035RES20000mN2420000E3520000",400.000490115726,400.000490115726,1
"CRS3035RES20000mN2420000E3540000",400.000490158051,400.000490158051,1
"CRS3035RES20000mN2420000E3560000",400.000490199543,400.000490199543,1
"CRS3035RES20000mN2420000E3580000",400.000490239773,400.000490239773,1
"CRS3035RES20000mN2420000E3600000",400.000490279028,400.000490279028,1
"CRS3035RES20000mN2420000E3620000",400.000490317204,400.000490317204,1
"CRS3035RES20000mN2420000E3640000",400.000490354273,400.000490354273,1
"CRS3035RES20000mN2420000E3660000",400.000490390232,400.000490390232,1
"CRS3035RES20000mN2420000E3680000",400.00049042515,400.00049042515,1
"CRS3035RES20000mN2420000E3700000",400.000490458998,400.000490458998,1
"CRS3035RES20000mN2420000E3720000",400.000490491751,400.000490491751,1
"CRS3035RES20000mN2420000E3740000",400.000490523445,400.000490523445,1
"CRS3035RES20000mN2420000E3760000",400.000490554031,400.000490554031,1
"CRS3035RES20000mN2420000E3780000",400.0004905835,400.0004905835,1
"CRS3035RES20000mN2420000E3800000",400.000490611992,400.000490611992,1
"CRS3035RES20000mN2420000E3820000",400.000490639368,400.000490639368,1
"CRS3035RES20000mN2420000E3840000",400.000490665573,400.000490665573,1
"CRS3035RES20000mN2420000E3860000",400.000490690727,400.000490690727,1
"CRS3035RES20000mN2420000E3880000",400.000490714865,400.000490714865,1
"CRS3035RES20000mN2420000E3900000",400.000490737859,400.000490737859,1
"CRS3035RES20000mN2420000E3920000",400.00049075979,400.00049075979,1
"CRS3035RES20000mN2420000E3940000",400.000490780639,400.000490780639,1
"CRS3035RES20000mN2420000E3960000",400.000490800327,400.000490800327,1
"CRS3035RES20000mN2420000E3980000",400.000490819026,400.000490819026,1
"CRS3035RES20000mN2420000E4000000",400.000490836536,400.000490836536,1
"CRS3035RES20000mN2420000E4020000",400.000490852973,400.000490852973,1
"CRS3035RES20000mN2420000E4040000",400.000490868361,400.000490868361,1
"CRS3035RES20000mN2420000E4060000",400.000490882611,400.000490882611,1
"CRS3035RES20000mN2420000E4080000",400.000490895823,400.000490895823,1
"CRS3035RES20000mN2420000E4100000",400.000490907869,400.000490907869,1
"CRS3035RES20000mN2420000E4120000",400.000490918935,400.000490918935,1
"CRS3035RES20000mN2420000E4140000",400.000490928768,400.000490928768,1
"CRS3035RES20000mN2420000E4160000",400.000490937655,400.000490937655,1
"CRS3035RES20000mN2420000E4180000",400.000490945267,400.000490945267,1
"CRS3035RES20000mN2420000E4200000",400.000490952002,400.000490952002,1
"CRS3035RES20000mN2420000E4220000",400.000490957496,400.000490957496,1
"CRS3035RES20000mN2420000E4240000",400.000490962024,400.000490962024,1
"CRS3035RES20000mN2420000E4260000",400.000490965194,400.000490965194,1
"CRS3035RES20000mN2420000E4280000",400.000490967606,400.000490967606,1
"CRS3035RES20000mN2420000E4300000",400.000490968661,400.000490968661,1
"CRS3035RES20000mN2420000E4320000",400.000490968706,400.000490968706,1
"CRS3035RES20000mN2420000E4340000",400.000490967681,400.000490967681,1
"CRS3035RES20000mN2420000E4360000",400.000490965554,400.000490965554,1
"CRS3035RES20000mN2420000E4380000",400.000490962378,400.000490962378,1
"CRS3035RES20000mN2420000E4400000",400.000490957944,400.000490957944,1
"CRS3035RES20000mN2420000E4420000",400.000490952574,400.000490952574,1
"CRS3035RES20000mN2420000E4440000",400.000490946084,400.000490946084,1
"CRS3035RES20000mN2420000E4460000",400.000490938509,400.000490938509,1
"CRS3035RES20000mN2420000E4480000",400.000490929768,400.000490929768,1
"CRS3035RES20000mN2420000E4500000",400.000490919958,330.613914705338,0.826533772358533
"CRS3035RES20000mN2420000E4520000",400.000490909062,4.33502486194098,0.0108375488542251
"CRS3035RES20000mN2440000E2840000",400.000488066044,77.5171028868167,0.19379252075817
"CRS3035RES20000mN2440000E2860000",400.000488143993,324.342629165366,0.810855583377708
"CRS3035RES20000mN2440000E2880000",400.000488220886,387.455613198703,0.968637850723682
"CRS3035RES20000mN2440000E2900000",400.000488296783,361.976857879627,0.904941039999571
"CRS3035RES20000mN2440000E2920000",400.00048837178,147.761624742953,0.369403610841635
"CRS3035RES20000mN2440000E3420000",400.000489908432,197.659481818155,0.494148099327086
"CRS3035RES20000mN2440000E3440000",400.000489956301,396.318813982993,0.990795821340843
"CRS3035RES20000mN2440000E3460000",400.000490002962,400.000490002962,1
"CRS3035RES20000mN2440000E3480000",400.000490048676,400.000490048676,1
"CRS3035RES20000mN2440000E3500000",400.000490093296,400.000490093296,1
"CRS3035RES20000mN2440000E3520000",400.000490136843,400.000490136843,1
"CRS3035RES20000mN2440000E3540000",400.000490179392,400.000490179392,1
"CRS3035RES20000mN2440000E3560000",400.000490220726,400.000490220726,1
"CRS3035RES20000mN2440000E3580000",400.000490261127,400.000490261127,1
"CRS3035RES20000mN2440000E3600000",400.000490300356,400.000490300356,1
"CRS3035RES20000mN2440000E3620000",400.000490338543,400.000490338543,1
"CRS3035RES20000mN2440000E3640000",400.000490375654,400.000490375654,1
"CRS3035RES20000mN2440000E3660000",400.000490411676,400.000490411676,1
"CRS3035RES20000mN2440000E3680000",400.000490446636,400.000490446636,1
"CRS3035RES20000mN2440000E3700000",400.000490480543,400.000490480543,1
"CRS3035RES20000mN2440000E3720000",400.000490513275,400.000490513275,1
"CRS3035RES20000mN2440000E3740000",400.000490545008,400.000490545008,1
"CRS3035RES20000mN2440000E3760000",400.000490575668,400.000490575668,1
"CRS3035RES20000mN2440000E3780000",400.000490605186,400.000490605186,1
"CRS3035RES20000mN2440000E3800000",400.000490633587,400.000490633587,1
"CRS3035RES20000mN2440000E3820000",400.00049066102,400.00049066102,1
"CRS3035RES20000mN2440000E3840000",400.000490687305,400.000490687305,1
"CRS3035RES20000mN2440000E3860000",400.000490712515,400.000490712515,1
"CRS3035RES20000mN2440000E3880000",400.000490736628,400.000490736628,1
"CRS3035RES20000mN2440000E3900000",400.000490759622,400.000490759622,1
"CRS3035RES20000mN2440000E3920000",400.000490781549,400.000490781549,1
"CRS3035RES20000mN2440000E3940000",400.000490802392,400.000490802392,1
"CRS3035RES20000mN2440000E3960000",400.000490822177,400.000490822177,1
"CRS3035RES20000mN2440000E3980000",400.000490840813,400.000490840813,1
"CRS3035RES20000mN2440000E4000000",400.000490858433,400.000490858433,1
"CRS3035RES20000mN2440000E4020000",400.000490874896,400.000490874896,1
"CRS3035RES20000mN2440000E4040000",400.000490890183,400.000490890183,1
"CRS3035RES20000mN2440000E4060000",400.000490904508,400.000490904508,1
"CRS3035RES20000mN2440000E4080000",400.000490917782,400.000490917782,1
"CRS3035RES20000mN2440000E4100000",400.000490929924,400.000490929924,1
"CRS3035RES20000mN2440000E4120000",400.000490940831,400.000490940831,1
"CRS3035RES20000mN2440000E4140000",400.000490950854,400.000490950854,1
"CRS3035RES20000mN2440000E4160000",400.000490959603,400.000490959603,1
"CRS3035RES20000mN2440000E4180000",400.00049096735,400.00049096735,1
"CRS3035RES20000mN2440000E4200000",400.000490973957,400.000490973957,1
"CRS3035RES20000mN2440000E4220000",400.000490979563,400.000490979563,1
"CRS3035RES20000mN2440000E4240000",400.000490983915,400.000490983915,1
"CRS3035RES20000mN2440000E4260000",400.000490987295,400.000490987295,1
"CRS3035RES20000mN2440000E4280000",400.000490989467,400.000490989467,1
"CRS3035RES20000mN2440000E4300000",400.000490990642,400.000490990642,1
"CRS3035RES20000mN2440000E4320000",400.00049099076,400.00049099076,1
"CRS3035RES20000mN2440000E4340000",400.000490989685,400.000490989685,1
"CRS3035RES20000mN2440000E4360000",400.000490987497,400.000490987497,1
"CRS3035RES20000mN2440000E4380000",400.000490984339,400.000490984339,1
"CRS3035RES20000mN2440000E4400000",400.000490980011,400.000490980011,1
"CRS3035RES20000mN2440000E4420000",400.000490974591,400.000490974591,1
"CRS3035RES20000mN2440000E4440000",400.000490968034,400.000490968034,1
"CRS3035RES20000mN2440000E4460000",400.000490960407,400.000490960407,1
"CRS3035RES20000mN2440000E4480000",400.00049095171,388.242744570469,0.970605670124889
"CRS3035RES20000mN2440000E4500000",400.000490941909,77.9528699229523,0.194881935618107
"CRS3035RES20000mN2460000E2860000",400.000488162064,13.335744144326,0.0333393196733372
"CRS3035RES20000mN2460000E2880000",400.000488239121,70.0628650581479,0.175156948849183
"CRS3035RES20000mN2460000E2900000",400.000488314995,26.594307533834,0.0664856876696895
"CRS3035RES20000mN2460000E3420000",400.000489928253,76.3334008610427,0.190833268416082
"CRS3035RES20000mN2460000E3440000",400.000489976116,337.71123694224,0.844277058166615
"CRS3035RES20000mN2460000E3460000",400.00049002294,400.00049002294,1
"CRS3035RES20000mN2460000E3480000",400.000490068707,399.545409360829,0.998862299624185
"CRS3035RES20000mN2460000E3500000",400.000490113379,400.000490113379,1
"CRS3035RES20000mN2460000E3520000",400.000490156883,400.000490156883,1
"CRS3035RES20000mN2460000E3540000",400.000490199446,400.000490199446,1
"CRS3035RES20000mN2460000E3560000",400.000490240875,400.000490240875,1
"CRS3035RES20000mN2460000E3580000",400.000490281242,400.000490281242,1
"CRS3035RES20000mN2460000E3600000",400.000490320541,400.000490320541,1
"CRS3035RES20000mN2460000E3620000",400.000490358736,400.000490358736,1
"CRS3035RES20000mN2460000E3640000",400.000490395874,400.000490395874,1
"CRS3035RES20000mN2460000E3660000",400.000490431929,400.000490431929,1
"CRS3035RES20000mN2460000E3680000",400.000490466974,400.000490466974,1
"CRS3035RES20000mN2460000E3700000",400.000490500816,400.000490500816,1
"CRS3035RES20000mN2460000E3720000",400.000490533735,400.000490533735,1
"CRS3035RES20000mN2460000E3740000",400.000490565454,400.000490565454,1
"CRS3035RES20000mN2460000E3760000",400.000490596077,400.000490596077,1
"CRS3035RES20000mN2460000E3780000",400.00049062575,400.00049062575,1
"CRS3035RES20000mN2460000E3800000",400.000490654144,400.000490654144,1
"CRS3035RES20000mN2460000E3820000",400.000490681475,400.000490681475,1
"CRS3035RES20000mN2460000E3840000",400.000490707813,400.000490707813,1
"CRS3035RES20000mN2460000E3860000",400.000490733015,400.000490733015,1
"CRS3035RES20000mN2460000E3880000",400.000490757181,400.000490757181,1
"CRS3035RES20000mN2460000E3900000",400.000490780262,400.000490780262,1
"CRS3035RES20000mN2460000E3920000",400.000490802196,400.000490802196,1
"CRS3035RES20000mN2460000E3940000",400.000490823048,400.000490823048,1
"CRS3035RES20000mN2460000E3960000",400.000490842842,400.000490842842,1
"CRS3035RES20000mN2460000E3980000",400.0004908615,400.0004908615,1
"CRS3035RES20000mN2460000E4000000",400.0004908791,400.0004908791,1
"CRS3035RES20000mN2460000E4020000",400.000490895545,400.000490895545,1
"CRS3035RES20000mN2460000E4040000",400.000490911008,400.000490911008,1
"CRS3035RES20000mN2460000E4060000",400.000490925351,400.000490925351,1
"CRS3035RES20000mN2460000E4080000",400.000490938492,400.000490938492,1
"CRS3035RES20000mN2460000E4100000",400.000490950609,400.000490950609,1
"CRS3035RES20000mN2460000E4120000",400.000490961611,400.000490961611,1
"CRS3035RES20000mN2460000E4140000",400.000490971547,400.000490971547,1
"CRS3035RES20000mN2460000E4160000",400.000490980425,400.000490980425,1
"CRS3035RES20000mN2460000E4180000",400.00049098811,400.00049098811,1
"CRS3035RES20000mN2460000E4200000",400.000490994698,400.000490994698,1
"CRS3035RES20000mN2460000E4220000",400.000491000231,400.000491000231,1
"CRS3035RES20000mN2460000E4240000",400.000491004715,400.000491004715,1
"CRS3035RES20000mN2460000E4260000",400.00049100811,400.00049100811,1
"CRS3035RES20000mN2460000E4280000",400.00049101028,400.00049101028,1
"CRS3035RES20000mN2460000E4300000",400.00049101151,400.00049101151,1
"CRS3035RES20000mN2460000E4320000",400.000491011514,400.000491011514,1
"CRS3035RES20000mN2460000E4340000",400.000491010564,400.000491010564,1
"CRS3035RES20000mN2460000E4360000",400.000491008376,400.000491008376,1
"CRS3035RES20000mN2460000E4380000",400.000491005101,400.000491005101,1
"CRS3035RES20000mN2460000E4400000",400.000491000771,400.000491000771,1
"CRS3035RES20000mN2460000E4420000",400.000490995407,400.000490995407,1
"CRS3035RES20000mN2460000E4440000",400.000490988853,400.000490988853,1
"CRS3035RES20000mN2460000E4460000",400.00049098119,400.00049098119,1
"CRS3035RES20000mN2460000E4480000",400.000490972486,300.312118713848,0.75077937525458
"CRS3035RES20000mN2460000E4500000",400.000490962683,5.02942882244724,0.0125735566232504
"CRS3035RES20000mN2480000E3420000",400.000489946854,58.8692463880229,0.147172935702765
"CRS3035RES20000mN2480000E3440000",400.000489994694,400.000489994694,1
"CRS3035RES20000mN2480000E3460000",400.000490041649,400.000490041649,1
"CRS3035RES20000mN2480000E3480000",400.000490087311,345.922584189751,0.864805400898995
"CRS3035RES20000mN2480000E3500000",400.000490132051,400.000490132051,1
"CRS3035RES20000mN2480000E3520000",400.000490175753,400.000490175753,1
"CRS3035RES20000mN2480000E3540000",400.00049021822,400.00049021822,1
"CRS3035RES20000mN2480000E3560000",400.000490259771,400.000490259771,1
"CRS3035RES20000mN2480000E3580000",400.000490300156,400.000490300156,1
"CRS3035RES20000mN2480000E3600000",400.000490339479,400.000490339479,1
"CRS3035RES20000mN2480000E3620000",400.00049037781,400.00049037781,1
"CRS3035RES20000mN2480000E3640000",400.000490414885,400.000490414885,1
"CRS3035RES20000mN2480000E3660000",400.000490451101,400.000490451101,1
"CRS3035RES20000mN2480000E3680000",400.00049048605,400.00049048605,1
"CRS3035RES20000mN2480000E3700000",400.00049051996,400.00049051996,1
"CRS3035RES20000mN2480000E3720000",400.000490552753,400.000490552753,1
"CRS3035RES20000mN2480000E3740000",400.000490584585,400.000490584585,1
"CRS3035RES20000mN2480000E3760000",400.00049061529,400.00049061529,1
"CRS3035RES20000mN2480000E3780000",400.000490644835,400.000490644835,1
"CRS3035RES20000mN2480000E3800000",400.000490673401,400.000490673401,1
"CRS3035RES20000mN2480000E3820000",400.000490700876,400.000490700876,1
"CRS3035RES20000mN2480000E3840000",400.000490727198,400.000490727198,1
"CRS3035RES20000mN2480000E3860000",400.000490752436,400.000490752436,1
"CRS3035RES20000mN2480000E3880000",400.000490776493,400.000490776493,1
"CRS3035RES20000mN2480000E3900000",400.00049079958,400.00049079958,1
"CRS3035RES20000mN2480000E3920000",400.000490821622,400.000490821622,1
"CRS3035RES20000mN2480000E3940000",400.000490842491,400.000490842491,1
"CRS3035RES20000mN2480000E3960000",400.000490862275,400.000490862275,1
"CRS3035RES20000mN2480000E3980000",400.000490880932,400.000490880932,1
"CRS3035RES20000mN2480000E4000000",400.000490898494,400.000490898494,1
"CRS3035RES20000mN2480000E4020000",400.000490915072,400.000490915072,1
"CRS3035RES20000mN2480000E4040000",400.000490930531,400.000490930531,1
"CRS3035RES20000mN2480000E4060000",400.000490944757,400.000490944757,1
"CRS3035RES20000mN2480000E4080000",400.000490958025,400.000490958025,1
"CRS3035RES20000mN2480000E4100000",400.000490970156,400.000490970156,1
"CRS3035RES20000mN2480000E4120000",400.000490981223,400.000490981223,1
"CRS3035RES20000mN2480000E4140000",400.000490991095,400.000490991095,1
"CRS3035RES20000mN2480000E4160000",400.000490999923,400.000490999923,1
"CRS3035RES20000mN2480000E4180000",400.000491007679,400.000491007679,1
"CRS3035RES20000mN2480000E4200000",400.000491014355,400.000491014355,1
"CRS3035RES20000mN2480000E4220000",400.000491019885,400.000491019885,1
"CRS3035RES20000mN2480000E4240000",400.000491024337,400.000491024337,1
"CRS3035RES20000mN2480000E4260000",400.000491027711,400.000491027711,1
"CRS3035RES20000mN2480000E4280000",400.000491030021,400.000491030021,1
"CRS3035RES20000mN2480000E4300000",400.000491031075,400.000491031075,1
"CRS3035RES20000mN2480000E4320000",400.000491031156,400.000491031156,1
"CRS3035RES20000mN2480000E4340000",400.000491030074,400.000491030074,1
"CRS3035RES20000mN2480000E4360000",400.000491027944,400.000491027944,1
"CRS3035RES20000mN2480000E4380000",400.000491024713,400.000491024713,1
"CRS3035RES20000mN2480000E4400000",400.000491020422,400.000491020422,1
"CRS3035RES20000mN2480000E4420000",400.000491014919,400.000491014919,1
"CRS3035RES20000mN2480000E4440000",400.000491008394,400.000491008394,1
"CRS3035RES20000mN2480000E4460000",400.000491000801,400.000491000801,1
"CRS3035RES20000mN2480000E4480000",400.000490992039,386.071559973495,0.965177715197303
"CRS3035RES20000mN2480000E4500000",400.000490982269,197.076566464039,0.492690811403965
"CRS3035RES20000mN2480000E4520000",400.000490971231,132.679583168525,0.331698550785199
"CRS3035RES20000mN2480000E4540000",400.000490959297,1.29424728559339,0.00323561424259624
"CRS3035RES20000mN2480000E4600000",400.000490916692,381.666159009724,0.954164226486445
"CRS3035RES20000mN2480000E4620000",400.000490900264,400.000490900264,1
"CRS3035RES20000mN2480000E4640000",400.00049088281,399.767207496995,0.99941679225118
"CRS3035RES20000mN2480000E4660000",400.000490864209,396.965233671258,0.99241186632948
"CRS3035RES20000mN2480000E4680000",400.000490844553,400.000490844553,1
"CRS3035RES20000mN2480000E4700000",400.000490823694,400.000490823694,1
"CRS3035RES20000mN2480000E4720000",400.000490801788,400.000490801788,1
"CRS3035RES20000mN2500000E3420000",400.000489964336,0.75517821310854,0.00188794322020923
"CRS3035RES20000mN2500000E3440000",400.000490012333,360.4973233227,0.901242204257264
"CRS3035RES20000mN2500000E3460000",400.000490059181,397.510909152358,0.993776055358196
"CRS3035RES20000mN2500000E3480000",400.000490105036,331.74013146813,0.829349312499638
"CRS3035RES20000mN2500000E3500000",400.000490149673,400.000490149673,1
"CRS3035RES20000mN2500000E3520000",400.000490193392,400.000490193392,1
"CRS3035RES20000mN2500000E3540000",400.000490236004,400.000490236004,1
"CRS3035RES20000mN2500000E3560000",400.000490277462,400.000490277462,1
"CRS3035RES20000mN2500000E3580000",400.000490317959,400.000490317959,1
"CRS3035RES20000mN2500000E3600000",400.000490357344,400.000490357344,1
"CRS3035RES20000mN2500000E3620000",400.000490395525,400.000490395525,1
"CRS3035RES20000mN2500000E3640000",400.000490432831,400.000490432831,1
"CRS3035RES20000mN2500000E3660000",400.000490468981,400.000490468981,1
"CRS3035RES20000mN2500000E3680000",400.000490504023,400.000490504023,1
"CRS3035RES20000mN2500000E3700000",400.000490537983,400.000490537983,1
"CRS3035RES20000mN2500000E3720000",400.000490570869,400.000490570869,1
"CRS3035RES20000mN2500000E3740000",400.000490602636,400.000490602636,1
"CRS3035RES20000mN2500000E3760000",400.00049063331,400.00049063331,1
"CRS3035RES20000mN2500000E3780000",400.000490662916,400.000490662916,1
"CRS3035RES20000mN2500000E3800000",400.000490691471,400.000490691471,1
"CRS3035RES20000mN2500000E3820000",400.000490718935,400.000490718935,1
"CRS3035RES20000mN2500000E3840000",400.000490745262,400.000490745262,1
"CRS3035RES20000mN2500000E3860000",400.000490770571,400.000490770571,1
"CRS3035RES20000mN2500000E3880000",400.000490794748,400.000490794748,1
"CRS3035RES20000mN2500000E3900000",400.000490817828,400.000490817828,1
"CRS3035RES20000mN2500000E3920000",400.000490839733,400.000490839733,1
"CRS3035RES20000mN2500000E3940000",400.000490860692,400.000490860692,1
"CRS3035RES20000mN2500000E3960000",400.000490880504,400.000490880504,1
"CRS3035RES20000mN2500000E3980000",400.000490899247,400.000490899247,1
"CRS3035RES20000mN2500000E4000000",400.000490916855,400.000490916855,1
"CRS3035RES20000mN2500000E4020000",400.000490933414,400.000490933414,1
"CRS3035RES20000mN2500000E4040000",400.000490948781,400.000490948781,1
"CRS3035RES20000mN2500000E4060000",400.000490963183,400.000490963183,1
"CRS3035RES20000mN2500000E4080000",400.000490976353,400.000490976353,1
"CRS3035RES20000mN2500000E4100000",400.000490988444,400.000490988444,1
"CRS3035RES20000mN2500000E4120000",400.000490999514,400.000490999514,1
"CRS3035RES20000mN2500000E4140000",400.000491009464,400.000491009464,1
"CRS3035RES20000mN2500000E4160000",400.00049101833,400.00049101833,1
"CRS3035RES20000mN2500000E4180000",400.000491026077,400.000491026077,1
"CRS3035RES20000mN2500000E4200000",400.000491032745,400.000491032745,1
"CRS3035RES20000mN2500000E4220000",400.000491038283,400.000491038283,1
"CRS3035RES20000mN2500000E4240000",400.000491042702,400.000491042702,1
"CRS3035RES20000mN2500000E4260000",400.000491045988,400.000491045988,1
"CRS3035RES20000mN2500000E4280000",400.000491048304,400.000491048304,1
"CRS3035RES20000mN2500000E4300000",400.000491049484,400.000491049484,1
"CRS3035RES20000mN2500000E4320000",400.000491049512,400.000491049512,1
"CRS3035RES20000mN2500000E4340000",400.000491048454,400.000491048454,1
"CRS3035RES20000mN2500000E4360000",400.00049104637,400.00049104637,1
"CRS3035RES20000mN2500000E4380000",400.000491043125,400.000491043125,1
"CRS3035RES20000mN2500000E4400000",400.000491038786,400.000491038786,1
"CRS3035RES20000mN2500000E4420000",400.000491033268,400.000491033268,1
"CRS3035RES20000mN2500000E4440000",400.000491026772,400.000491026772,1
"CRS3035RES20000mN2500000E4460000",400.00049101912,400.00049101912,1
"CRS3035RES20000mN2500000E4480000",400.000491010414,400.000491010414,1
"CRS3035RES20000mN2500000E4500000",400.000491000504,400.000491000504,1
"CRS3035RES20000mN2500000E4520000",400.000490989759,400.000490989759,1
"CRS3035RES20000mN2500000E4540000",400.000490977676,306.123174770143,0.765306997553728
"CRS3035RES20000mN2500000E4560000",400.000490964533,30.3208073087764,0.075801925231799
"CRS3035RES20000mN2500000E4580000",400.000490950308,35.8614213167353,0.0896534432533743
"CRS3035RES20000mN2500000E4600000",400.000490934971,139.007164006177,0.347517483494229
"CRS3035RES20000mN2500000E4620000",400.000490918565,400.000490918565,1
"CRS3035RES20000mN2500000E4640000",400.000490901009,400.000490901009,1
"CRS3035RES20000mN2500000E4660000",400.000490882449,400.000490882449,1
"CRS3035RES20000mN2500000E4680000",400.000490862729,400.000490862729,1
"CRS3035RES20000mN2500000E4700000",400.000490842018,400.000490842018,1
"CRS3035RES20000mN2500000E4720000",400.000490820113,400.000490820113,1
"CRS3035RES20000mN2500000E4740000",400.000490797081,400.000490797081,1
"CRS3035RES20000mN2520000E3440000",400.000490028587,241.589431159601,0.603972837989111
"CRS3035RES20000mN2520000E3460000",400.000490075508,349.339170796803,0.873346856977245
"CRS3035RES20000mN2520000E3480000",400.000490121372,339.707521032499,0.849267761970546
"CRS3035RES20000mN2520000E3500000",400.000490166162,400.000490166162,1
"CRS3035RES20000mN2520000E3520000",400.000490209888,400.000490209888,1
"CRS3035RES20000mN2520000E3540000",400.000490252474,400.000490252474,1
"CRS3035RES20000mN2520000E3560000",400.000490294052,400.000490294052,1
"CRS3035RES20000mN2520000E3580000",400.000490334541,400.000490334541,1
"CRS3035RES20000mN2520000E3600000",400.000490373987,400.000490373987,1
"CRS3035RES20000mN2520000E3620000",400.000490412306,400.000490412306,1
"CRS3035RES20000mN2520000E3640000",400.000490449581,400.000490449581,1
"CRS3035RES20000mN2520000E3660000",400.000490485647,400.000490485647,1
"CRS3035RES20000mN2520000E3680000",400.000490520729,400.000490520729,1
"CRS3035RES20000mN2520000E3700000",400.000490554731,400.000490554731,1
"CRS3035RES20000mN2520000E3720000",400.000490587639,400.000490587639,1
"CRS3035RES20000mN2520000E3740000",400.000490619461,400.000490619461,1
"CRS3035RES20000mN2520000E3760000",400.000490650192,400.000490650192,1
"CRS3035RES20000mN2520000E3780000",400.000490679907,400.000490679907,1
"CRS3035RES20000mN2520000E3800000",400.000490708391,400.000490708391,1
"CRS3035RES20000mN2520000E3820000",400.000490735884,400.000490735884,1
"CRS3035RES20000mN2520000E3840000",400.00049076228,400.00049076228,1
"CRS3035RES20000mN2520000E3860000",400.000490787516,400.000490787516,1
"CRS3035RES20000mN2520000E3880000",400.000490811771,400.000490811771,1
"CRS3035RES20000mN2520000E3900000",400.000490834862,400.000490834862,1
"CRS3035RES20000mN2520000E3920000",400.000490856877,400.000490856877,1
"CRS3035RES20000mN2520000E3940000",400.000490877808,400.000490877808,1
"CRS3035RES20000mN2520000E3960000",400.000490897613,400.000490897613,1
"CRS3035RES20000mN2520000E3980000",400.000490916312,400.000490916312,1
"CRS3035RES20000mN2520000E4000000",400.000490933965,400.000490933965,1
"CRS3035RES20000mN2520000E4020000",400.000490950466,400.000490950466,1
"CRS3035RES20000mN2520000E4040000",400.000490965907,400.000490965907,1
"CRS3035RES20000mN2520000E4060000",400.000490980268,400.000490980268,1
"CRS3035RES20000mN2520000E4080000",400.000490993582,400.000490993582,1
"CRS3035RES20000mN2520000E4100000",400.000491005683,400.000491005683,1
"CRS3035RES20000mN2520000E4120000",400.000491016705,400.000491016705,1
"CRS3035RES20000mN2520000E4140000",400.00049102668,400.00049102668,1
"CRS3035RES20000mN2520000E4160000",400.000491035498,400.000491035498,1
"CRS3035RES20000mN2520000E4180000",400.000491043277,400.000491043277,1
"CRS3035RES20000mN2520000E4200000",400.000491049924,400.000491049924,1
"CRS3035RES20000mN2520000E4220000",400.000491055507,400.000491055507,1
"CRS3035RES20000mN2520000E4240000",400.000491059929,400.000491059929,1
"CRS3035RES20000mN2520000E4260000",400.000491063381,400.000491063381,1
"CRS3035RES20000mN2520000E4280000",400.00049106552,400.00049106552,1
"CRS3035RES20000mN2520000E4300000",400.000491066695,400.000491066695,1
"CRS3035RES20000mN2520000E4320000",400.000491066772,400.000491066772,1
"CRS3035RES20000mN2520000E4340000",400.000491065733,400.000491065733,1
"CRS3035RES20000mN2520000E4360000",400.000491063518,400.000491063518,1
"CRS3035RES20000mN2520000E4380000",400.000491060324,400.000491060324,1
"CRS3035RES20000mN2520000E4400000",400.000491055974,400.000491055974,1
"CRS3035RES20000mN2520000E4420000",400.000491050561,400.000491050561,1
"CRS3035RES20000mN2520000E4440000",400.000491043983,400.000491043983,1
"CRS3035RES20000mN2520000E4460000",400.000491036367,400.000491036367,1
"CRS3035RES20000mN2520000E4480000",400.000491027582,400.000491027582,1
"CRS3035RES20000mN2520000E4500000",400.000491017708,400.000491017708,1
"CRS3035RES20000mN2520000E4520000",400.000491006776,400.000491006776,1
"CRS3035RES20000mN2520000E4540000",400.000490994721,400.000490994721,1
"CRS3035RES20000mN2520000E4560000",400.000490981672,366.833207102325,0.917081892079811
"CRS3035RES20000mN2520000E4580000",400.000490967424,373.753461712943,0.934382507403925
"CRS3035RES20000mN2520000E4600000",400.000490952016,368.619384938759,0.921547331258098
"CRS3035RES20000mN2520000E4620000",400.000490935621,400.000490935621,1
"CRS3035RES20000mN2520000E4640000",400.00049091815,400.00049091815,1
"CRS3035RES20000mN2520000E4660000",400.000490899487,400.000490899487,1
"CRS3035RES20000mN2520000E4680000",400.000490879828,400.000490879828,1
"CRS3035RES20000mN2520000E4700000",400.000490858995,400.000490858995,1
"CRS3035RES20000mN2520000E4720000",400.000490837124,400.000490837124,1
"CRS3035RES20000mN2520000E4740000",400.000490814068,400.000490814068,1
"CRS3035RES20000mN2540000E3440000",400.000490043747,137.247306301381,0.343117845396565
"CRS3035RES20000mN2540000E3460000",400.000490090733,177.273345596351,0.443182820991393
"CRS3035RES20000mN2540000E3480000",400.000490136623,397.146556390468,0.99286517437721
"CRS3035RES20000mN2540000E3500000",400.000490181414,400.000490181414,1
"CRS3035RES20000mN2540000E3520000",400.000490225157,400.000490225157,1
"CRS3035RES20000mN2540000E3540000",400.000490267897,400.000490267897,1
"CRS3035RES20000mN2540000E3560000",400.00049030946,400.00049030946,1
"CRS3035RES20000mN2540000E3580000",400.000490349943,400.000490349943,1
"CRS3035RES20000mN2540000E3600000",400.000490389349,400.000490389349,1
"CRS3035RES20000mN2540000E3620000",400.000490427771,400.000490427771,1
"CRS3035RES20000mN2540000E3640000",400.00049046497,400.00049046497,1
"CRS3035RES20000mN2540000E3660000",400.000490501184,400.000490501184,1
"CRS3035RES20000mN2540000E3680000",400.000490536272,400.000490536272,1
"CRS3035RES20000mN2540000E3700000",400.000490570345,400.000490570345,1
"CRS3035RES20000mN2540000E3720000",400.000490603306,400.000490603306,1
"CRS3035RES20000mN2540000E3740000",400.000490635088,400.000490635088,1
"CRS3035RES20000mN2540000E3760000",400.000490665855,400.000490665855,1
"CRS3035RES20000mN2540000E3780000",400.000490695517,400.000490695517,1
"CRS3035RES20000mN2540000E3800000",400.000490724207,400.000490724207,1
"CRS3035RES20000mN2540000E3820000",400.000490751602,400.000490751602,1
"CRS3035RES20000mN2540000E3840000",400.000490777975,400.000490777975,1
"CRS3035RES20000mN2540000E3860000",400.00049080328,400.00049080328,1
"CRS3035RES20000mN2540000E3880000",400.000490827591,400.000490827591,1
"CRS3035RES20000mN2540000E3900000",400.000490850695,400.000490850695,1
"CRS3035RES20000mN2540000E3920000",400.000490872712,400.000490872712,1
"CRS3035RES20000mN2540000E3940000",400.000490893621,400.000490893621,1
"CRS3035RES20000mN2540000E3960000",400.000490913439,400.000490913439,1
"CRS3035RES20000mN2540000E3980000",400.000490932165,400.000490932165,1
"CRS3035RES20000mN2540000E4000000",400.000490949867,400.000490949867,1
"CRS3035RES20000mN2540000E4020000",400.000490966424,400.000490966424,1
"CRS3035RES20000mN2540000E4040000",400.000490981851,400.000490981851,1
"CRS3035RES20000mN2540000E4060000",400.000490996187,400.000490996187,1
"CRS3035RES20000mN2540000E4080000",400.000491009386,400.000491009386,1
"CRS3035RES20000mN2540000E4100000",400.000491021629,400.000491021629,1
"CRS3035RES20000mN2540000E4120000",400.000491032676,400.000491032676,1
"CRS3035RES20000mN2540000E4140000",400.000491042594,400.000491042594,1
"CRS3035RES20000mN2540000E4160000",400.000491051545,400.000491051545,1
"CRS3035RES20000mN2540000E4180000",400.000491059253,400.000491059253,1
"CRS3035RES20000mN2540000E4200000",400.000491065911,400.000491065911,1
"CRS3035RES20000mN2540000E4220000",400.00049107135,400.00049107135,1
"CRS3035RES20000mN2540000E4240000",400.000491075917,400.000491075917,1
"CRS3035RES20000mN2540000E4260000",400.000491079256,400.000491079256,1
"CRS3035RES20000mN2540000E4280000",400.000491081582,400.000491081582,1
"CRS3035RES20000mN2540000E4300000",400.000491082695,400.000491082695,1
"CRS3035RES20000mN2540000E4320000",400.000491082743,400.000491082743,1
"CRS3035RES20000mN2540000E4340000",400.000491081696,400.000491081696,1
"CRS3035RES20000mN2540000E4360000",400.00049107963,400.00049107963,1
"CRS3035RES20000mN2540000E4380000",400.000491076272,400.000491076272,1
"CRS3035RES20000mN2540000E4400000",400.000491071964,400.000491071964,1
"CRS3035RES20000mN2540000E4420000",400.000491066542,400.000491066542,1
"CRS3035RES20000mN2540000E4440000",400.000491059978,400.000491059978,1
"CRS3035RES20000mN2540000E4460000",400.000491052296,400.000491052296,1
"CRS3035RES20000mN2540000E4480000",400.000491043574,400.000491043574,1
"CRS3035RES20000mN2540000E4500000",400.000491033803,400.000491033803,1
"CRS3035RES20000mN2540000E4520000",400.000491022769,400.000491022769,1
"CRS3035RES20000mN2540000E4540000",400.000491010761,400.000491010761,1
"CRS3035RES20000mN2540000E4560000",400.000490997582,400.000490997582,1
"CRS3035RES20000mN2540000E4580000",400.000490983293,400.000490983293,1
"CRS3035RES20000mN2540000E4600000",400.000490968006,400.000490968006,1
"CRS3035RES20000mN2540000E4620000",400.000490951543,400.000490951543,1
"CRS3035RES20000mN2540000E4640000",400.000490933999,400.000490933999,1
"CRS3035RES20000mN2540000E4660000",400.000490915373,400.000490915373,1
"CRS3035RES20000mN2540000E4680000",400.000490895618,400.000490895618,1
"CRS3035RES20000mN2540000E4700000",400.000490874781,400.000490874781,1
"CRS3035RES20000mN2540000E4720000",400.000490852888,400.000490852888,1
"CRS3035RES20000mN2540000E4740000",400.000490829887,400.000490829887,1
"CRS3035RES20000mN2540000E4760000",400.000490805782,400.000490805782,1
"CRS3035RES20000mN2560000E3440000",400.000490057808,77.2437022560449,0.193109019053656
"CRS3035RES20000mN2560000E3460000",400.000490104763,357.194118483012,0.892984202068004
"CRS3035RES20000mN2560000E3480000",400.000490150719,400.000490150719,1
"CRS3035RES20000mN2560000E3500000",400.000490195595,400.000490195595,1
"CRS3035RES20000mN2560000E3520000",400.000490239302,400.000490239302,1
"CRS3035RES20000mN2560000E3540000",400.000490282003,400.000490282003,1
"CRS3035RES20000mN2560000E3560000",400.0004903237,400.0004903237,1
"CRS3035RES20000mN2560000E3580000",400.000490364203,400.000490364203,1
"CRS3035RES20000mN2560000E3600000",400.00049040365,400.00049040365,1
"CRS3035RES20000mN2560000E3620000",400.000490442034,400.000490442034,1
"CRS3035RES20000mN2560000E3640000",400.000490479321,400.000490479321,1
"CRS3035RES20000mN2560000E3660000",400.000490515541,400.000490515541,1
"CRS3035RES20000mN2560000E3680000",400.000490550665,400.000490550665,1
"CRS3035RES20000mN2560000E3700000",400.000490584755,400.000490584755,1
"CRS3035RES20000mN2560000E3720000",400.000490617685,400.000490617685,1
"CRS3035RES20000mN2560000E3740000",400.00049064959,400.00049064959,1
"CRS3035RES20000mN2560000E3760000",400.000490680407,400.000490680407,1
"CRS3035RES20000mN2560000E3780000",400.000490710064,400.000490710064,1
"CRS3035RES20000mN2560000E3800000",400.000490738594,400.000490738594,1
"CRS3035RES20000mN2560000E3820000",400.000490766155,400.000490766155,1
"CRS3035RES20000mN2560000E3840000",400.000490792604,400.000490792604,1
"CRS3035RES20000mN2560000E3860000",400.000490817968,400.000490817968,1
"CRS3035RES20000mN2560000E3880000",400.000490842113,400.000490842113,1
"CRS3035RES20000mN2560000E3900000",400.000490865238,400.000490865238,1
"CRS3035RES20000mN2560000E3920000",400.000490887338,400.000490887338,1
"CRS3035RES20000mN2560000E3940000",400.000490908212,400.000490908212,1
"CRS3035RES20000mN2560000E3960000",400.000490928103,400.000490928103,1
"CRS3035RES20000mN2560000E3980000",400.000490946912,400.000490946912,1
"CRS3035RES20000mN2560000E4000000",400.000490964582,400.000490964582,1
"CRS3035RES20000mN2560000E4020000",400.000490981092,400.000490981092,1
"CRS3035RES20000mN2560000E4040000",400.000490996612,400.000490996612,1
"CRS3035RES20000mN2560000E4060000",400.000491010983,400.000491010983,1
"CRS3035RES20000mN2560000E4080000",400.00049102428,400.00049102428,1
"CRS3035RES20000mN2560000E4100000",400.000491036445,400.000491036445,1
"CRS3035RES20000mN2560000E4120000",400.000491047453,400.000491047453,1
"CRS3035RES20000mN2560000E4140000",400.000491057478,400.000491057478,1
"CRS3035RES20000mN2560000E4160000",400.000491066226,400.000491066226,1
"CRS3035RES20000mN2560000E4180000",400.000491074077,400.000491074077,1
"CRS3035RES20000mN2560000E4200000",400.000491080698,400.000491080698,1
"CRS3035RES20000mN2560000E4220000",400.000491086389,400.000491086389,1
"CRS3035RES20000mN2560000E4240000",400.000491090786,400.000491090786,1
"CRS3035RES20000mN2560000E4260000",400.000491094045,400.000491094045,1
"CRS3035RES20000mN2560000E4280000",400.000491096303,400.000491096303,1
"CRS3035RES20000mN2560000E4300000",400.000491097479,400.000491097479,1
"CRS3035RES20000mN2560000E4320000",400.000491097591,400.000491097591,1
"CRS3035RES20000mN2560000E4340000",400.000491096522,400.000491096522,1
"CRS3035RES20000mN2560000E4360000",400.000491094313,400.000491094313,1
"CRS3035RES20000mN2560000E4380000",400.000491091082,400.000491091082,1
"CRS3035RES20000mN2560000E4400000",400.000491086751,400.000491086751,1
"CRS3035RES20000mN2560000E4420000",400.000491081259,400.000491081259,1
"CRS3035RES20000mN2560000E4440000",400.000491074777,400.000491074777,1
"CRS3035RES20000mN2560000E4460000",400.000491067151,400.000491067151,1
"CRS3035RES20000mN2560000E4480000",400.000491058384,400.000491058384,1
"CRS3035RES20000mN2560000E4500000",400.000491048496,400.000491048496,1
"CRS3035RES20000mN2560000E4520000",400.000491037529,400.000491037529,1
"CRS3035RES20000mN2560000E4540000",400.000491025414,400.000491025414,1
"CRS3035RES20000mN2560000E4560000",400.000491012309,400.000491012309,1
"CRS3035RES20000mN2560000E4580000",400.000490998056,400.000490998056,1
"CRS3035RES20000mN2560000E4600000",400.000490982735,400.000490982735,1
"CRS3035RES20000mN2560000E4620000",400.00049096628,400.00049096628,1
"CRS3035RES20000mN2560000E4640000",400.00049094878,400.00049094878,1
"CRS3035RES20000mN2560000E4660000",400.000490930069,400.000490930069,1
"CRS3035RES20000mN2560000E4680000",400.00049091034,400.00049091034,1
"CRS3035RES20000mN2560000E4700000",400.000490889535,400.000490889535,1
"CRS3035RES20000mN2560000E4720000",400.000490867519,400.000490867519,1
"CRS3035RES20000mN2560000E4740000",400.000490844572,400.000490844572,1
"CRS3035RES20000mN2560000E4760000",400.000490820391,400.000490820391,1
"CRS3035RES20000mN2580000E3440000",400.000490070625,135.287626791634,0.338218652601519
"CRS3035RES20000mN2580000E3460000",400.000490117607,375.243564213442,0.938107761075779
"CRS3035RES20000mN2580000E3480000",400.000490163528,400.000490163528,1
"CRS3035RES20000mN2580000E3500000",400.000490208488,400.000490208488,1
"CRS3035RES20000mN2580000E3520000",400.000490252314,400.000490252314,1
"CRS3035RES20000mN2580000E3540000",400.000490295025,400.000490295025,1
"CRS3035RES20000mN2580000E3560000",400.000490336626,400.000490336626,1
"CRS3035RES20000mN2580000E3580000",400.000490377293,400.000490377293,1
"CRS3035RES20000mN2580000E3600000",400.000490416801,400.000490416801,1
"CRS3035RES20000mN2580000E3620000",400.000490455149,400.000490455149,1
"CRS3035RES20000mN2580000E3640000",400.000490492542,400.000490492542,1
"CRS3035RES20000mN2580000E3660000",400.000490528727,400.000490528727,1
"CRS3035RES20000mN2580000E3680000",400.000490563929,400.000490563929,1
"CRS3035RES20000mN2580000E3700000",400.000490597958,400.000490597958,1
"CRS3035RES20000mN2580000E3720000",400.000490630955,400.000490630955,1
"CRS3035RES20000mN2580000E3740000",400.000490662794,400.000490662794,1
"CRS3035RES20000mN2580000E3760000",400.000490693619,400.000490693619,1
"CRS3035RES20000mN2580000E3780000",400.000490723331,400.000490723331,1
"CRS3035RES20000mN2580000E3800000",400.000490752037,400.000490752037,1
"CRS3035RES20000mN2580000E3820000",400.000490779547,400.000490779547,1
"CRS3035RES20000mN2580000E3840000",400.000490805962,400.000490805962,1
"CRS3035RES20000mN2580000E3860000",400.00049083128,400.00049083128,1
"CRS3035RES20000mN2580000E3880000",400.000490855568,400.000490855568,1
"CRS3035RES20000mN2580000E3900000",400.000490878729,400.000490878729,1
"CRS3035RES20000mN2580000E3920000",400.000490900826,400.000490900826,1
"CRS3035RES20000mN2580000E3940000",400.000490921833,400.000490921833,1
"CRS3035RES20000mN2580000E3960000",400.000490941632,400.000490941632,1
"CRS3035RES20000mN2580000E3980000",400.000490960402,400.000490960402,1
"CRS3035RES20000mN2580000E4000000",400.000490978059,400.000490978059,1
"CRS3035RES20000mN2580000E4020000",400.000490994638,400.000490994638,1
"CRS3035RES20000mN2580000E4040000",400.000491010108,400.000491010108,1
"CRS3035RES20000mN2580000E4060000",400.000491024444,400.000491024444,1
"CRS3035RES20000mN2580000E4080000",400.000491037746,400.000491037746,1
"CRS3035RES20000mN2580000E4100000",400.000491049891,400.000491049891,1
"CRS3035RES20000mN2580000E4120000",400.000491061026,400.000491061026,1
"CRS3035RES20000mN2580000E4140000",400.000491070955,400.000491070955,1
"CRS3035RES20000mN2580000E4160000",400.000491079883,400.000491079883,1
"CRS3035RES20000mN2580000E4180000",400.000491087623,400.000491087623,1
"CRS3035RES20000mN2580000E4200000",400.000491094307,400.000491094307,1
"CRS3035RES20000mN2580000E4220000",400.000491099834,400.000491099834,1
"CRS3035RES20000mN2580000E4240000",400.000491104326,400.000491104326,1
"CRS3035RES20000mN2580000E4260000",400.000491107733,400.000491107733,1
"CRS3035RES20000mN2580000E4280000",400.000491109961,400.000491109961,1
"CRS3035RES20000mN2580000E4300000",400.000491111136,400.000491111136,1
"CRS3035RES20000mN2580000E4320000",400.000491111156,400.000491111156,1
"CRS3035RES20000mN2580000E4340000",400.000491110074,400.000491110074,1
"CRS3035RES20000mN2580000E4360000",400.00049110799,400.00049110799,1
"CRS3035RES20000mN2580000E4380000",400.000491104778,400.000491104778,1
"CRS3035RES20000mN2580000E4400000",400.000491100388,400.000491100388,1
"CRS3035RES20000mN2580000E4420000",400.000491094923,400.000491094923,1
"CRS3035RES20000mN2580000E4440000",400.000491088304,400.000491088304,1
"CRS3035RES20000mN2580000E4460000",400.000491080639,400.000491080639,1
"CRS3035RES20000mN2580000E4480000",400.000491071908,400.000491071908,1
"CRS3035RES20000mN2580000E4500000",400.000491062015,400.000491062015,1
"CRS3035RES20000mN2580000E4520000",400.000491051075,400.000491051075,1
"CRS3035RES20000mN2580000E4540000",400.000491039052,400.000491039052,1
"CRS3035RES20000mN2580000E4560000",400.00049102586,400.00049102586,1
"CRS3035RES20000mN2580000E4580000",400.000491011636,400.000491011636,1
"CRS3035RES20000mN2580000E4600000",400.000490996273,400.000490996273,1
"CRS3035RES20000mN2580000E4620000",400.000490979812,400.000490979812,1
"CRS3035RES20000mN2580000E4640000",400.000490962182,400.000490962182,1
"CRS3035RES20000mN2580000E4660000",400.000490943489,400.000490943489,1
"CRS3035RES20000mN2580000E4680000",400.000490923772,400.000490923772,1
"CRS3035RES20000mN2580000E4700000",400.000490902922,400.000490902922,1
"CRS3035RES20000mN2580000E4720000",400.000490881037,400.000490881037,1
"CRS3035RES20000mN2580000E4740000",400.000490857912,400.000490857912,1
"CRS3035RES20000mN2580000E4760000",400.000490833855,400.000490833855,1
"CRS3035RES20000mN2580000E4780000",400.000490808617,400.000490808617,1
"CRS3035RES20000mN2600000E3440000",400.000490082264,119.978270711106,0.299945309283073
"CRS3035RES20000mN2600000E3460000",400.000490129414,292.133312281396,0.730332385810029
"CRS3035RES20000mN2600000E3480000",400.000490175404,400.000490175404,1
"CRS3035RES20000mN2600000E3500000",400.000490220268,400.000490220268,1
"CRS3035RES20000mN2600000E3520000",400.00049026413,400.00049026413,1
"CRS3035RES20000mN2600000E3540000",400.000490306879,400.000490306879,1
"CRS3035RES20000mN2600000E3560000",400.000490348528,400.000490348528,1
"CRS3035RES20000mN2600000E3580000",400.000490389086,400.000490389086,1
"CRS3035RES20000mN2600000E3600000",400.000490428654,400.000490428654,1
"CRS3035RES20000mN2600000E3620000",400.000490467093,400.000490467093,1
"CRS3035RES20000mN2600000E3640000",400.000490504438,400.000490504438,1
"CRS3035RES20000mN2600000E3660000",400.000490540701,400.000490540701,1
"CRS3035RES20000mN2600000E3680000",400.00049057593,400.00049057593,1
"CRS3035RES20000mN2600000E3700000",400.000490610029,400.000490610029,1
"CRS3035RES20000mN2600000E3720000",400.000490642981,400.000490642981,1
"CRS3035RES20000mN2600000E3740000",400.000490674963,400.000490674963,1
"CRS3035RES20000mN2600000E3760000",400.00049070578,400.00049070578,1
"CRS3035RES20000mN2600000E3780000",400.000490735502,400.000490735502,1
"CRS3035RES20000mN2600000E3800000",400.000490764111,400.000490764111,1
"CRS3035RES20000mN2600000E3820000",400.0004907917,400.0004907917,1
"CRS3035RES20000mN2600000E3840000",400.000490818169,400.000490818169,1
"CRS3035RES20000mN2600000E3860000",400.000490843626,400.000490843626,1
"CRS3035RES20000mN2600000E3880000",400.000490867828,400.000490867828,1
"CRS3035RES20000mN2600000E3900000",400.000490891031,400.000490891031,1
"CRS3035RES20000mN2600000E3920000",400.000490913047,400.000490913047,1
"CRS3035RES20000mN2600000E3940000",400.000490934014,400.000490934014,1
"CRS3035RES20000mN2600000E3960000",400.000490953931,400.000490953931,1
"CRS3035RES20000mN2600000E3980000",400.000490972757,400.000490972757,1
"CRS3035RES20000mN2600000E4000000",400.000490990385,400.000490990385,1
"CRS3035RES20000mN2600000E4020000",400.000491006967,400.000491006967,1
"CRS3035RES20000mN2600000E4040000",400.000491022465,400.000491022465,1
"CRS3035RES20000mN2600000E4060000",400.000491036828,400.000491036828,1
"CRS3035RES20000mN2600000E4080000",400.000491050146,400.000491050146,1
"CRS3035RES20000mN2600000E4100000",400.000491062299,400.000491062299,1
"CRS3035RES20000mN2600000E4120000",400.00049107346,400.00049107346,1
"CRS3035RES20000mN2600000E4140000",400.000491083403,400.000491083403,1
"CRS3035RES20000mN2600000E4160000",400.000491092263,400.000491092263,1
"CRS3035RES20000mN2600000E4180000",400.00049109999,400.00049109999,1
"CRS3035RES20000mN2600000E4200000",400.000491106736,400.000491106736,1
"CRS3035RES20000mN2600000E4220000",400.000491112262,400.000491112262,1
"CRS3035RES20000mN2600000E4240000",400.000491116713,400.000491116713,1
"CRS3035RES20000mN2600000E4260000",400.000491120137,400.000491120137,1
"CRS3035RES20000mN2600000E4280000",400.000491122406,400.000491122406,1
"CRS3035RES20000mN2600000E4300000",400.000491123589,400.000491123589,1
"CRS3035RES20000mN2600000E4320000",400.000491123581,400.000491123581,1
"CRS3035RES20000mN2600000E4340000",400.000491122551,400.000491122551,1
"CRS3035RES20000mN2600000E4360000",400.000491120387,400.000491120387,1
"CRS3035RES20000mN2600000E4380000",400.0004911171,400.0004911171,1
"CRS3035RES20000mN2600000E4400000",400.000491112738,400.000491112738,1
"CRS3035RES20000mN2600000E4420000",400.000491107285,400.000491107285,1
"CRS3035RES20000mN2600000E4440000",400.000491100792,400.000491100792,1
"CRS3035RES20000mN2600000E4460000",400.000491093108,400.000491093108,1
"CRS3035RES20000mN2600000E4480000",400.000491084297,400.000491084297,1
"CRS3035RES20000mN2600000E4500000",400.000491074494,400.000491074494,1
"CRS3035RES20000mN2600000E4520000",400.00049106355,400.00049106355,1
"CRS3035RES20000mN2600000E4540000",400.000491051474,400.000491051474,1
"CRS3035RES20000mN2600000E4560000",400.000491038249,400.000491038249,1
"CRS3035RES20000mN2600000E4580000",400.000491023967,400.000491023967,1
"CRS3035RES20000mN2600000E4600000",400.000491008565,400.000491008565,1
"CRS3035RES20000mN2600000E4620000",400.000490992112,400.000490992112,1
"CRS3035RES20000mN2600000E4640000",400.000490974531,400.000490974531,1
"CRS3035RES20000mN2600000E4660000",400.000490955892,400.000490955892,1
"CRS3035RES20000mN2600000E4680000",400.000490936076,400.000490936076,1
"CRS3035RES20000mN2600000E4700000",400.000490915234,400.000490915234,1
"CRS3035RES20000mN2600000E4720000",400.000490893227,400.000490893227,1
"CRS3035RES20000mN2600000E4740000",400.000490870241,400.000490870241,1
"CRS3035RES20000mN2600000E4760000",400.000490846016,400.000490846016,1
"CRS3035RES20000mN2600000E4780000",400.000490820696,400.000490820696,1
"CRS3035RES20000mN2600000E4800000",400.000490794455,400.000490794455,1
"CRS3035RES20000mN2620000E3420000",400.000490044537,24.2971075171131,0.0607426943762189
"CRS3035RES20000mN2620000E3440000",400.000490092785,59.2772191013109,0.148192866182641
"CRS3035RES20000mN2620000E3460000",400.000490139858,339.750421350059,0.849375012593776
"CRS3035RES20000mN2620000E3480000",400.000490185936,400.000490185936,1
"CRS3035RES20000mN2620000E3500000",400.000490230858,400.000490230858,1
"CRS3035RES20000mN2620000E3520000",400.000490274765,400.000490274765,1
"CRS3035RES20000mN2620000E3540000",400.000490317541,400.000490317541,1
"CRS3035RES20000mN2620000E3560000",400.000490359312,400.000490359312,1
"CRS3035RES20000mN2620000E3580000",400.00049039991,400.00049039991,1
"CRS3035RES20000mN2620000E3600000",400.000490439451,400.000490439451,1
"CRS3035RES20000mN2620000E3620000",400.000490477951,400.000490477951,1
"CRS3035RES20000mN2620000E3640000",400.000490515356,400.000490515356,1
"CRS3035RES20000mN2620000E3660000",400.000490551603,400.000490551603,1
"CRS3035RES20000mN2620000E3680000",400.000490586756,400.000490586756,1
"CRS3035RES20000mN2620000E3700000",400.000490620892,400.000490620892,1
"CRS3035RES20000mN2620000E3720000",400.000490654005,400.000490654005,1
"CRS3035RES20000mN2620000E3740000",400.000490685947,400.000490685947,1
"CRS3035RES20000mN2620000E3760000",400.000490716703,400.000490716703,1
"CRS3035RES20000mN2620000E3780000",400.000490746542,400.000490746542,1
"CRS3035RES20000mN2620000E3800000",400.000490775106,400.000490775106,1
"CRS3035RES20000mN2620000E3820000",400.000490802752,400.000490802752,1
"CRS3035RES20000mN2620000E3840000",400.000490829218,400.000490829218,1
"CRS3035RES20000mN2620000E3860000",400.00049085449,400.00049085449,1
"CRS3035RES20000mN2620000E3880000",400.000490878859,400.000490878859,1
"CRS3035RES20000mN2620000E3900000",400.000490901976,400.000490901976,1
"CRS3035RES20000mN2620000E3920000",400.00049092413,400.00049092413,1
"CRS3035RES20000mN2620000E3940000",400.000490945158,400.000490945158,1
"CRS3035RES20000mN2620000E3960000",400.000490965065,400.000490965065,1
"CRS3035RES20000mN2620000E3980000",400.000490983794,400.000490983794,1
"CRS3035RES20000mN2620000E4000000",400.000491001513,400.000491001513,1
"CRS3035RES20000mN2620000E4020000",400.000491018192,400.000491018192,1
"CRS3035RES20000mN2620000E4040000",400.000491033616,400.000491033616,1
"CRS3035RES20000mN2620000E4060000",400.000491048065,400.000491048065,1
"CRS3035RES20000mN2620000E4080000",400.000491061304,400.000491061304,1
"CRS3035RES20000mN2620000E4100000",400.000491073458,400.000491073458,1
"CRS3035RES20000mN2620000E4120000",400.000491084521,400.000491084521,1
"CRS3035RES20000mN2620000E4140000",400.00049109457,400.00049109457,1
"CRS3035RES20000mN2620000E4160000",400.000491103426,400.000491103426,1
"CRS3035RES20000mN2620000E4180000",400.000491111294,400.000491111294,1
"CRS3035RES20000mN2620000E4200000",400.000491117904,400.000491117904,1
"CRS3035RES20000mN2620000E4220000",400.000491123498,400.000491123498,1
"CRS3035RES20000mN2620000E4240000",400.000491127933,400.000491127933,1
"CRS3035RES20000mN2620000E4260000",400.000491131271,400.000491131271,1
"CRS3035RES20000mN2620000E4280000",400.000491133538,400.000491133538,1
"CRS3035RES20000mN2620000E4300000",400.000491134753,400.000491134753,1
"CRS3035RES20000mN2620000E4320000",400.000491134798,400.000491134798,1
"CRS3035RES20000mN2620000E4340000",400.000491133816,400.000491133816,1
"CRS3035RES20000mN2620000E4360000",400.000491131566,400.000491131566,1
"CRS3035RES20000mN2620000E4380000",400.000491128405,400.000491128405,1
"CRS3035RES20000mN2620000E4400000",400.000491124002,400.000491124002,1
"CRS3035RES20000mN2620000E4420000",400.000491118567,400.000491118567,1
"CRS3035RES20000mN2620000E4440000",400.000491111943,400.000491111943,1
"CRS3035RES20000mN2620000E4460000",400.000491104273,400.000491104273,1
"CRS3035RES20000mN2620000E4480000",400.000491095548,400.000491095548,1
"CRS3035RES20000mN2620000E4500000",400.000491085631,400.000491085631,1
"CRS3035RES20000mN2620000E4520000",400.000491074652,400.000491074652,1
"CRS3035RES20000mN2620000E4540000",400.000491062579,400.000491062579,1
"CRS3035RES20000mN2620000E4560000",400.000491049371,400.000491049371,1
"CRS3035RES20000mN2620000E4580000",400.000491035156,400.000491035156,1
"CRS3035RES20000mN2620000E4600000",400.000491019694,400.000491019694,1
"CRS3035RES20000mN2620000E4620000",400.000491003242,400.000491003242,1
"CRS3035RES20000mN2620000E4640000",400.000490985654,400.000490985654,1
"CRS3035RES20000mN2620000E4660000",400.000490966983,400.000490966983,1
"CRS3035RES20000mN2620000E4680000",400.00049094714,400.00049094714,1
"CRS3035RES20000mN2620000E4700000",400.000490926235,400.000490926235,1
"CRS3035RES20000mN2620000E4720000",400.000490904331,400.000490904331,1
"CRS3035RES20000mN2620000E4740000",400.000490881172,400.000490881172,1
"CRS3035RES20000mN2620000E4760000",400.000490856947,400.000490856947,1
"CRS3035RES20000mN2620000E4780000",400.000490831821,400.000490831821,1
"CRS3035RES20000mN2620000E4800000",400.000490805353,400.000490805353,1
"CRS3035RES20000mN2620000E4820000",400.000490777943,400.000490777943,1
"CRS3035RES20000mN2640000E3420000",400.000490053986,10.1294808304998,0.0253236710513346
"CRS3035RES20000mN2640000E3440000",400.00049010215,257.486500981997,0.643715463739161
"CRS3035RES20000mN2640000E3460000",400.000490149342,375.645339840772,0.939112198838865
"CRS3035RES20000mN2640000E3480000",400.000490195339,400.000490195339,1
"CRS3035RES20000mN2640000E3500000",400.000490240345,400.000490240345,1
"CRS3035RES20000mN2640000E3520000",400.000490284199,400.000490284199,1
"CRS3035RES20000mN2640000E3540000",400.00049032708,400.00049032708,1
"CRS3035RES20000mN2640000E3560000",400.000490368792,400.000490368792,1
"CRS3035RES20000mN2640000E3580000",400.000490409456,400.000490409456,1
"CRS3035RES20000mN2640000E3600000",400.000490449032,400.000490449032,1
"CRS3035RES20000mN2640000E3620000",400.000490487419,400.000490487419,1
"CRS3035RES20000mN2640000E3640000",400.000490524872,400.000490524872,1
"CRS3035RES20000mN2640000E3660000",400.000490561218,400.000490561218,1
"CRS3035RES20000mN2640000E3680000",400.000490596498,400.000490596498,1
"CRS3035RES20000mN2640000E3700000",400.000490630564,400.000490630564,1
"CRS3035RES20000mN2640000E3720000",400.000490663639,400.000490663639,1
"CRS3035RES20000mN2640000E3740000",400.000490695595,400.000490695595,1
"CRS3035RES20000mN2640000E3760000",400.000490726456,400.000490726456,1
"CRS3035RES20000mN2640000E3780000",400.000490756216,400.000490756216,1
"CRS3035RES20000mN2640000E3800000",400.000490785004,400.000490785004,1
"CRS3035RES20000mN2640000E3820000",400.000490812487,400.000490812487,1
"CRS3035RES20000mN2640000E3840000",400.000490839006,400.000490839006,1
"CRS3035RES20000mN2640000E3860000",400.000490864426,400.000490864426,1
"CRS3035RES20000mN2640000E3880000",400.000490888699,400.000490888699,1
"CRS3035RES20000mN2640000E3900000",400.000490911978,400.000490911978,1
"CRS3035RES20000mN2640000E3920000",400.000490934015,400.000490934015,1
"CRS3035RES20000mN2640000E3940000",400.000490954992,400.000490954992,1
"CRS3035RES20000mN2640000E3960000",400.00049097494,400.00049097494,1
"CRS3035RES20000mN2640000E3980000",400.000490993786,400.000490993786,1
"CRS3035RES20000mN2640000E4000000",400.000491011521,400.000491011521,1
"CRS3035RES20000mN2640000E4020000",400.000491028027,400.000491028027,1
"CRS3035RES20000mN2640000E4040000",400.000491043624,400.000491043624,1
"CRS3035RES20000mN2640000E4060000",400.000491058015,400.000491058015,1
"CRS3035RES20000mN2640000E4080000",400.000491071298,400.000491071298,1
"CRS3035RES20000mN2640000E4100000",400.000491083575,400.000491083575,1
"CRS3035RES20000mN2640000E4120000",400.000491094617,400.000491094617,1
"CRS3035RES20000mN2640000E4140000",400.000491104579,400.000491104579,1
"CRS3035RES20000mN2640000E4160000",400.000491113538,400.000491113538,1
"CRS3035RES20000mN2640000E4180000",400.000491121232,400.000491121232,1
"CRS3035RES20000mN2640000E4200000",400.000491127904,400.000491127904,1
"CRS3035RES20000mN2640000E4220000",400.000491133557,400.000491133557,1
"CRS3035RES20000mN2640000E4240000",400.000491138027,400.000491138027,1
"CRS3035RES20000mN2640000E4260000",400.000491141393,400.000491141393,1
"CRS3035RES20000mN2640000E4280000",400.000491143694,400.000491143694,1
"CRS3035RES20000mN2640000E4300000",400.000491144709,400.000491144709,1
"CRS3035RES20000mN2640000E4320000",400.000491144809,400.000491144809,1
"CRS3035RES20000mN2640000E4340000",400.000491143697,400.000491143697,1
"CRS3035RES20000mN2640000E4360000",400.000491141675,400.000491141675,1
"CRS3035RES20000mN2640000E4380000",400.000491138336,400.000491138336,1
"CRS3035RES20000mN2640000E4400000",400.000491133991,400.000491133991,1
"CRS3035RES20000mN2640000E4420000",400.000491128597,400.000491128597,1
"CRS3035RES20000mN2640000E4440000",400.000491122008,400.000491122008,1
"CRS3035RES20000mN2640000E4460000",400.000491114322,400.000491114322,1
"CRS3035RES20000mN2640000E4480000",400.000491105546,400.000491105546,1
"CRS3035RES20000mN2640000E4500000",400.000491095664,400.000491095664,1
"CRS3035RES20000mN2640000E4520000",400.000491084615,400.000491084615,1
"CRS3035RES20000mN2640000E4540000",400.000491072493,400.000491072493,1
"CRS3035RES20000mN2640000E4560000",400.000491059357,400.000491059357,1
"CRS3035RES20000mN2640000E4580000",400.000491045053,400.000491045053,1
"CRS3035RES20000mN2640000E4600000",400.000491029731,400.000491029731,1
"CRS3035RES20000mN2640000E4620000",400.000491013134,400.000491013134,1
"CRS3035RES20000mN2640000E4640000",400.000490995558,400.000490995558,1
"CRS3035RES20000mN2640000E4660000",400.000490976887,400.000490976887,1
"CRS3035RES20000mN2640000E4680000",400.000490957131,400.000490957131,1
"CRS3035RES20000mN2640000E4700000",400.000490936151,400.000490936151,1
"CRS3035RES20000mN2640000E4720000",400.000490914167,400.000490914167,1
"CRS3035RES20000mN2640000E4740000",400.000490891079,400.000490891079,1
"CRS3035RES20000mN2640000E4760000",400.000490867008,400.000490867008,1
"CRS3035RES20000mN2640000E4780000",400.000490841618,400.000490841618,1
"CRS3035RES20000mN2640000E4800000",400.000490815235,400.000490815235,1
"CRS3035RES20000mN2660000E3400000",400.000490012825,18.8962377899497,0.0472405366037021
"CRS3035RES20000mN2660000E3420000",400.000490062145,328.333797084473,0.820833487062634
"CRS3035RES20000mN2660000E3440000",400.000490110348,400.000490110348,1
"CRS3035RES20000mN2660000E3460000",400.00049015749,400.00049015749,1
"CRS3035RES20000mN2660000E3480000",400.000490203571,400.000490203571,1
"CRS3035RES20000mN2660000E3500000",400.000490248543,400.000490248543,1
"CRS3035RES20000mN2660000E3520000",400.000490292541,400.000490292541,1
"CRS3035RES20000mN2660000E3540000",400.000490335346,400.000490335346,1
"CRS3035RES20000mN2660000E3560000",400.000490377117,400.000490377117,1
"CRS3035RES20000mN2660000E3580000",400.000490417822,400.000490417822,1
"CRS3035RES20000mN2660000E3600000",400.000490457441,400.000490457441,1
"CRS3035RES20000mN2660000E3620000",400.000490495981,400.000490495981,1
"CRS3035RES20000mN2660000E3640000",400.000490533363,400.000490533363,1
"CRS3035RES20000mN2660000E3660000",400.000490569695,400.000490569695,1
"CRS3035RES20000mN2660000E3680000",400.000490604891,400.000490604891,1
"CRS3035RES20000mN2660000E3700000",400.000490639175,400.000490639175,1
"CRS3035RES20000mN2660000E3720000",400.000490672178,400.000490672178,1
"CRS3035RES20000mN2660000E3740000",400.000490704128,400.000490704128,1
"CRS3035RES20000mN2660000E3760000",400.000490735077,400.000490735077,1
"CRS3035RES20000mN2660000E3780000",400.000490764849,400.000490764849,1
"CRS3035RES20000mN2660000E3800000",400.000490793573,400.000490793573,1
"CRS3035RES20000mN2660000E3820000",400.000490821205,400.000490821205,1
"CRS3035RES20000mN2660000E3840000",400.000490847696,400.000490847696,1
"CRS3035RES20000mN2660000E3860000",400.000490873077,400.000490873077,1
"CRS3035RES20000mN2660000E3880000",400.0004908974,400.0004908974,1
"CRS3035RES20000mN2660000E3900000",400.000490920605,400.000490920605,1
"CRS3035RES20000mN2660000E3920000",400.000490942747,400.000490942747,1
"CRS3035RES20000mN2660000E3940000",400.000490963792,400.000490963792,1
"CRS3035RES20000mN2660000E3960000",400.000490983664,400.000490983664,1
"CRS3035RES20000mN2660000E3980000",400.000491002468,400.000491002468,1
"CRS3035RES20000mN2660000E4000000",400.000491020173,400.000491020173,1
"CRS3035RES20000mN2660000E4020000",400.000491036826,400.000491036826,1
"CRS3035RES20000mN2660000E4040000",400.000491052299,400.000491052299,1
"CRS3035RES20000mN2660000E4060000",400.000491066677,400.000491066677,1
"CRS3035RES20000mN2660000E4080000",400.000491080074,400.000491080074,1
"CRS3035RES20000mN2660000E4100000",400.000491092263,400.000491092263,1
"CRS3035RES20000mN2660000E4120000",400.000491103347,400.000491103347,1
"CRS3035RES20000mN2660000E4140000",400.000491113358,400.000491113358,1
"CRS3035RES20000mN2660000E4160000",400.000491122245,400.000491122245,1
"CRS3035RES20000mN2660000E4180000",400.000491130107,400.000491130107,1
"CRS3035RES20000mN2660000E4200000",400.000491136762,400.000491136762,1
"CRS3035RES20000mN2660000E4220000",400.000491142315,400.000491142315,1
"CRS3035RES20000mN2660000E4240000",400.000491146845,400.000491146845,1
"CRS3035RES20000mN2660000E4260000",400.000491150187,400.000491150187,1
"CRS3035RES20000mN2660000E4280000",400.000491152441,400.000491152441,1
"CRS3035RES20000mN2660000E4300000",400.000491153642,400.000491153642,1
"CRS3035RES20000mN2660000E4320000",400.000491153736,400.000491153736,1
"CRS3035RES20000mN2660000E4340000",400.000491152657,400.000491152657,1
"CRS3035RES20000mN2660000E4360000",400.000491150426,400.000491150426,1
"CRS3035RES20000mN2660000E4380000",400.000491147226,400.000491147226,1
"CRS3035RES20000mN2660000E4400000",400.000491142804,400.000491142804,1
"CRS3035RES20000mN2660000E4420000",400.000491137275,400.000491137275,1
"CRS3035RES20000mN2660000E4440000",400.000491130728,400.000491130728,1
"CRS3035RES20000mN2660000E4460000",400.000491123107,400.000491123107,1
"CRS3035RES20000mN2660000E4480000",400.000491114228,400.000491114228,1
"CRS3035RES20000mN2660000E4500000",400.000491104393,400.000491104393,1
"CRS3035RES20000mN2660000E4520000",400.00049109344,400.00049109344,1
"CRS3035RES20000mN2660000E4540000",400.000491081434,400.000491081434,1
"CRS3035RES20000mN2660000E4560000",400.000491068204,400.000491068204,1
"CRS3035RES20000mN2660000E4580000",400.000491053836,400.000491053836,1
"CRS3035RES20000mN2660000E4600000",400.000491038365,400.000491038365,1
"CRS3035RES20000mN2660000E4620000",400.000491021943,400.000491021943,1
"CRS3035RES20000mN2660000E4640000",400.000491004278,400.000491004278,1
"CRS3035RES20000mN2660000E4660000",400.000490985611,400.000490985611,1
"CRS3035RES20000mN2660000E4680000",400.000490965807,400.000490965807,1
"CRS3035RES20000mN2660000E4700000",400.000490944948,400.000490944948,1
"CRS3035RES20000mN2660000E4720000",400.000490922895,400.000490922895,1
"CRS3035RES20000mN2660000E4740000",400.000490899771,400.000490899771,1
"CRS3035RES20000mN2660000E4760000",400.000490875574,400.000490875574,1
"CRS3035RES20000mN2660000E4780000",400.000490850227,400.000490850227,1
"CRS3035RES20000mN2660000E4800000",400.000490823893,400.000490823893,1
"CRS3035RES20000mN2680000E3360000",400.000489917866,0.0913335983662903,0.000228333716253808
"CRS3035RES20000mN2680000E3380000",400.00048996936,4.79959389080665,0.0119989700291974
"CRS3035RES20000mN2680000E3400000",400.000490019726,124.071919943342,0.310179419873269
"CRS3035RES20000mN2680000E3420000",400.00049006905,400.00049006905,1
"CRS3035RES20000mN2680000E3440000",400.000490117382,400.000490117382,1
"CRS3035RES20000mN2680000E3460000",400.000490164547,400.000490164547,1
"CRS3035RES20000mN2680000E3480000",400.000490210701,400.000490210701,1
"CRS3035RES20000mN2680000E3500000",400.000490255753,400.000490255753,1
"CRS3035RES20000mN2680000E3520000",400.000490299591,400.000490299591,1
"CRS3035RES20000mN2680000E3540000",400.000490342564,400.000490342564,1
"CRS3035RES20000mN2680000E3560000",400.0004903843,400.0004903843,1
"CRS3035RES20000mN2680000E3580000",400.000490425056,400.000490425056,1
"CRS3035RES20000mN2680000E3600000",400.000490464615,400.000490464615,1
"CRS3035RES20000mN2680000E3620000",400.000490503199,400.000490503199,1
"CRS3035RES20000mN2680000E3640000",400.000490540634,400.000490540634,1
"CRS3035RES20000mN2680000E3660000",400.000490577007,400.000490577007,1
"CRS3035RES20000mN2680000E3680000",400.000490612312,400.000490612312,1
"CRS3035RES20000mN2680000E3700000",400.00049064645,400.00049064645,1
"CRS3035RES20000mN2680000E3720000",400.000490679543,400.000490679543,1
"CRS3035RES20000mN2680000E3740000",400.000490711515,400.000490711515,1
"CRS3035RES20000mN2680000E3760000",400.000490742496,400.000490742496,1
"CRS3035RES20000mN2680000E3780000",400.00049077228,400.00049077228,1
"CRS3035RES20000mN2680000E3800000",400.000490800964,400.000490800964,1
"CRS3035RES20000mN2680000E3820000",400.000490828581,400.000490828581,1
"CRS3035RES20000mN2680000E3840000",400.000490855106,400.000490855106,1
"CRS3035RES20000mN2680000E3860000",400.0004908806,400.0004908806,1
"CRS3035RES20000mN2680000E3880000",400.000490904898,400.000490904898,1
"CRS3035RES20000mN2680000E3900000",400.000490928139,400.000490928139,1
"CRS3035RES20000mN2680000E3920000",400.000490950272,400.000490950272,1
"CRS3035RES20000mN2680000E3940000",400.000490971314,400.000490971314,1
"CRS3035RES20000mN2680000E3960000",400.000490991217,400.000490991217,1
"CRS3035RES20000mN2680000E3980000",400.000491010045,400.000491010045,1
"CRS3035RES20000mN2680000E4000000",400.000491027794,400.000491027794,1
"CRS3035RES20000mN2680000E4020000",400.000491044453,400.000491044453,1
"CRS3035RES20000mN2680000E4040000",400.000491059912,400.000491059912,1
"CRS3035RES20000mN2680000E4060000",400.00049107439,400.00049107439,1
"CRS3035RES20000mN2680000E4080000",400.000491087641,400.000491087641,1
"CRS3035RES20000mN2680000E4100000",400.000491099914,400.000491099914,1
"CRS3035RES20000mN2680000E4120000",400.000491111012,400.000491111012,1
"CRS3035RES20000mN2680000E4140000",400.00049112106,400.00049112106,1
"CRS3035RES20000mN2680000E4160000",400.000491129909,400.000491129909,1
"CRS3035RES20000mN2680000E4180000",400.000491137683,400.000491137683,1
"CRS3035RES20000mN2680000E4200000",400.000491144369,400.000491144369,1
"CRS3035RES20000mN2680000E4220000",400.000491149946,400.000491149946,1
"CRS3035RES20000mN2680000E4240000",400.000491154416,400.000491154416,1
"CRS3035RES20000mN2680000E4260000",400.000491157863,400.000491157863,1
"CRS3035RES20000mN2680000E4280000",400.000491160103,400.000491160103,1
"CRS3035RES20000mN2680000E4300000",400.00049116124,400.00049116124,1
"CRS3035RES20000mN2680000E4320000",400.000491161301,400.000491161301,1
"CRS3035RES20000mN2680000E4340000",400.000491160308,400.000491160308,1
"CRS3035RES20000mN2680000E4360000",400.000491158189,400.000491158189,1
"CRS3035RES20000mN2680000E4380000",400.000491154842,400.000491154842,1
"CRS3035RES20000mN2680000E4400000",400.000491150532,400.000491150532,1
"CRS3035RES20000mN2680000E4420000",400.000491145032,400.000491145032,1
"CRS3035RES20000mN2680000E4440000",400.00049113848,400.00049113848,1
"CRS3035RES20000mN2680000E4460000",400.000491130705,400.000491130705,1
"CRS3035RES20000mN2680000E4480000",400.000491122024,400.000491122024,1
"CRS3035RES20000mN2680000E4500000",400.000491112041,400.000491112041,1
"CRS3035RES20000mN2680000E4520000",400.000491101073,400.000491101073,1
"CRS3035RES20000mN2680000E4540000",400.000491088859,400.000491088859,1
"CRS3035RES20000mN2680000E4560000",400.000491075751,400.000491075751,1
"CRS3035RES20000mN2680000E4580000",400.000491061374,400.000491061374,1
"CRS3035RES20000mN2680000E4600000",400.000491046042,400.000491046042,1
"CRS3035RES20000mN2680000E4620000",400.000491029512,400.000491029512,1
"CRS3035RES20000mN2680000E4640000",400.000491011969,400.000491011969,1
"CRS3035RES20000mN2680000E4660000",400.000490993195,400.000490993195,1
"CRS3035RES20000mN2680000E4680000",400.000490973337,400.000490973337,1
"CRS3035RES20000mN2680000E4700000",400.000490952385,400.000490952385,1
"CRS3035RES20000mN2680000E4720000",400.000490930384,400.000490930384,1
"CRS3035RES20000mN2680000E4740000",400.000490907291,400.000490907291,1
"CRS3035RES20000mN2680000E4760000",400.000490882938,400.000490882938,1
"CRS3035RES20000mN2680000E4780000",400.000490857712,400.000490857712,1
"CRS3035RES20000mN2680000E4800000",400.000490831282,400.000490831282,1
"CRS3035RES20000mN2700000E3360000",400.000489923687,3.78656726219119,0.00946640656093597
"CRS3035RES20000mN2700000E3380000",400.000489975128,11.6913159332952,0.0292282540304442
"CRS3035RES20000mN2700000E3400000",400.000490025589,348.266941435166,0.870666286966015
"CRS3035RES20000mN2700000E3420000",400.000490074963,400.000490074963,1
"CRS3035RES20000mN2700000E3440000",400.00049012328,400.00049012328,1
"CRS3035RES20000mN2700000E3460000",400.000490170437,400.000490170437,1
"CRS3035RES20000mN2700000E3480000",400.000490216587,400.000490216587,1
"CRS3035RES20000mN2700000E3500000",400.000490261631,400.000490261631,1
"CRS3035RES20000mN2700000E3520000",400.000490305656,400.000490305656,1
"CRS3035RES20000mN2700000E3540000",400.000490348442,400.000490348442,1
"CRS3035RES20000mN2700000E3560000",400.000490390324,400.000490390324,1
"CRS3035RES20000mN2700000E3580000",400.000490431065,400.000490431065,1
"CRS3035RES20000mN2700000E3600000",400.000490470709,400.000490470709,1
"CRS3035RES20000mN2700000E3620000",400.000490509214,400.000490509214,1
"CRS3035RES20000mN2700000E3640000",400.00049054681,400.00049054681,1
"CRS3035RES20000mN2700000E3660000",400.000490583107,400.000490583107,1
"CRS3035RES20000mN2700000E3680000",400.000490618378,400.000490618378,1
"CRS3035RES20000mN2700000E3700000",400.000490652592,400.000490652592,1
"CRS3035RES20000mN2700000E3720000",400.000490685715,400.000490685715,1
"CRS3035RES20000mN2700000E3740000",400.000490717691,400.000490717691,1
"CRS3035RES20000mN2700000E3760000",400.000490748672,400.000490748672,1
"CRS3035RES20000mN2700000E3780000",400.000490778482,400.000490778482,1
"CRS3035RES20000mN2700000E3800000",400.000490807217,400.000490807217,1
"CRS3035RES20000mN2700000E3820000",400.000490834862,400.000490834862,1
"CRS3035RES20000mN2700000E3840000",400.000490861416,400.000490861416,1
"CRS3035RES20000mN2700000E3860000",400.000490886852,400.000490886852,1
"CRS3035RES20000mN2700000E3880000",400.000490911205,400.000490911205,1
"CRS3035RES20000mN2700000E3900000",400.000490934458,400.000490934458,1
"CRS3035RES20000mN2700000E3920000",400.00049095656,400.00049095656,1
"CRS3035RES20000mN2700000E3940000",400.0004909776,400.0004909776,1
"CRS3035RES20000mN2700000E3960000",400.000490997583,400.000490997583,1
"CRS3035RES20000mN2700000E3980000",400.000491016395,400.000491016395,1
"CRS3035RES20000mN2700000E4000000",400.000491034176,400.000491034176,1
"CRS3035RES20000mN2700000E4020000",400.000491050762,400.000491050762,1
"CRS3035RES20000mN2700000E4040000",400.000491066316,400.000491066316,1
"CRS3035RES20000mN2700000E4060000",400.00049108075,400.00049108075,1
"CRS3035RES20000mN2700000E4080000",400.000491094092,400.000491094092,1
"CRS3035RES20000mN2700000E4100000",400.000491106295,400.000491106295,1
"CRS3035RES20000mN2700000E4120000",400.000491117411,400.000491117411,1
"CRS3035RES20000mN2700000E4140000",400.00049112737,400.00049112737,1
"CRS3035RES20000mN2700000E4160000",400.000491136318,400.000491136318,1
"CRS3035RES20000mN2700000E4180000",400.000491144063,400.000491144063,1
"CRS3035RES20000mN2700000E4200000",400.000491150856,400.000491150856,1
"CRS3035RES20000mN2700000E4220000",400.000491156424,400.000491156424,1
"CRS3035RES20000mN2700000E4240000",400.000491160907,400.000491160907,1
"CRS3035RES20000mN2700000E4260000",400.000491164237,400.000491164237,1
"CRS3035RES20000mN2700000E4280000",400.000491166483,400.000491166483,1
"CRS3035RES20000mN2700000E4300000",400.000491167755,400.000491167755,1
"CRS3035RES20000mN2700000E4320000",400.000491167736,400.000491167736,1
"CRS3035RES20000mN2700000E4340000",400.000491166663,400.000491166663,1
"CRS3035RES20000mN2700000E4360000",400.000491164548,400.000491164548,1
"CRS3035RES20000mN2700000E4380000",400.000491161272,400.000491161272,1
"CRS3035RES20000mN2700000E4400000",400.000491156854,400.000491156854,1
"CRS3035RES20000mN2700000E4420000",400.00049115148,400.00049115148,1
"CRS3035RES20000mN2700000E4440000",400.000491144832,400.000491144832,1
"CRS3035RES20000mN2700000E4460000",400.000491137208,400.000491137208,1
"CRS3035RES20000mN2700000E4480000",400.000491128356,400.000491128356,1
"CRS3035RES20000mN2700000E4500000",400.000491118496,400.000491118496,1
"CRS3035RES20000mN2700000E4520000",400.000491107427,400.000491107427,1
"CRS3035RES20000mN2700000E4540000",400.000491095322,400.000491095322,1
"CRS3035RES20000mN2700000E4560000",400.00049108211,400.00049108211,1
"CRS3035RES20000mN2700000E4580000",400.000491067909,400.000491067909,1
"CRS3035RES20000mN2700000E4600000",400.000491052431,400.000491052431,1
"CRS3035RES20000mN2700000E4620000",400.000491035882,400.000491035882,1
"CRS3035RES20000mN2700000E4640000",400.000491018197,400.000491018197,1
"CRS3035RES20000mN2700000E4660000",400.000490999463,400.000490999463,1
"CRS3035RES20000mN2700000E4680000",400.000490979684,400.000490979684,1
"CRS3035RES20000mN2700000E4700000",400.000490958773,400.000490958773,1
"CRS3035RES20000mN2700000E4720000",400.000490936647,400.000490936647,1
"CRS3035RES20000mN2700000E4740000",400.000490913586,400.000490913586,1
"CRS3035RES20000mN2700000E4760000",400.000490889357,400.000490889357,1
"CRS3035RES20000mN2700000E4780000",400.000490864048,400.000490864048,1
"CRS3035RES20000mN2700000E4800000",400.000490837627,400.000490837627,1
"CRS3035RES20000mN2720000E3380000",400.000489979752,54.9683220139967,0.137420636701668
"CRS3035RES20000mN2720000E3400000",400.000490030254,201.786113837882,0.504464666587332
"CRS3035RES20000mN2720000E3420000",400.000490079628,400.000490079628,1
"CRS3035RES20000mN2720000E3440000",400.000490127934,400.000490127934,1
"CRS3035RES20000mN2720000E3460000",400.000490175213,400.000490175213,1
"CRS3035RES20000mN2720000E3480000",400.000490221355,400.000490221355,1
"CRS3035RES20000mN2720000E3500000",400.000490266464,400.000490266464,1
"CRS3035RES20000mN2720000E3520000",400.000490310455,400.000490310455,1
"CRS3035RES20000mN2720000E3540000",400.000490353352,400.000490353352,1
"CRS3035RES20000mN2720000E3560000",400.000490395218,400.000490395218,1
"CRS3035RES20000mN2720000E3580000",400.000490435921,400.000490435921,1
"CRS3035RES20000mN2720000E3600000",400.000490475584,400.000490475584,1
"CRS3035RES20000mN2720000E3620000",400.000490514236,400.000490514236,1
"CRS3035RES20000mN2720000E3640000",400.000490551638,400.000490551638,1
"CRS3035RES20000mN2720000E3660000",400.000490588106,400.000490588106,1
"CRS3035RES20000mN2720000E3680000",400.000490623417,400.000490623417,1
"CRS3035RES20000mN2720000E3700000",400.000490657663,400.000490657663,1
"CRS3035RES20000mN2720000E3720000",400.000490690731,400.000490690731,1
"CRS3035RES20000mN2720000E3740000",400.000490722849,400.000490722849,1
"CRS3035RES20000mN2720000E3760000",400.00049075371,400.00049075371,1
"CRS3035RES20000mN2720000E3780000",400.000490783586,400.000490783586,1
"CRS3035RES20000mN2720000E3800000",400.000490812286,400.000490812286,1
"CRS3035RES20000mN2720000E3820000",400.00049084,400.00049084,1
"CRS3035RES20000mN2720000E3840000",400.000490866487,400.000490866487,1
"CRS3035RES20000mN2720000E3860000",400.000490891996,400.000490891996,1
"CRS3035RES20000mN2720000E3880000",400.000490916393,400.000490916393,1
"CRS3035RES20000mN2720000E3900000",400.000490939566,400.000490939566,1
"CRS3035RES20000mN2720000E3920000",400.000490961716,400.000490961716,1
"CRS3035RES20000mN2720000E3940000",400.000490982805,400.000490982805,1
"CRS3035RES20000mN2720000E3960000",400.000491002773,400.000491002773,1
"CRS3035RES20000mN2720000E3980000",400.000491021652,400.000491021652,1
"CRS3035RES20000mN2720000E4000000",400.000491039305,400.000491039305,1
"CRS3035RES20000mN2720000E4020000",400.000491056006,400.000491056006,1
"CRS3035RES20000mN2720000E4040000",400.000491071631,400.000491071631,1
"CRS3035RES20000mN2720000E4060000",400.000491086015,400.000491086015,1
"CRS3035RES20000mN2720000E4080000",400.00049109931,400.00049109931,1
"CRS3035RES20000mN2720000E4100000",400.000491111524,400.000491111524,1
"CRS3035RES20000mN2720000E4120000",400.000491122656,400.000491122656,1
"CRS3035RES20000mN2720000E4140000",400.000491132747,400.000491132747,1
"CRS3035RES20000mN2720000E4160000",400.000491141615,400.000491141615,1
"CRS3035RES20000mN2720000E4180000",400.000491149432,400.000491149432,1
"CRS3035RES20000mN2720000E4200000",400.000491156166,400.000491156166,1
"CRS3035RES20000mN2720000E4220000",400.000491161719,400.000491161719,1
"CRS3035RES20000mN2720000E4240000",400.000491166134,400.000491166134,1
"CRS3035RES20000mN2720000E4260000",400.000491169557,400.000491169557,1
"CRS3035RES20000mN2720000E4280000",400.000491171888,400.000491171888,1
"CRS3035RES20000mN2720000E4300000",400.000491172937,400.000491172937,1
"CRS3035RES20000mN2720000E4320000",400.000491173019,400.000491173019,1
"CRS3035RES20000mN2720000E4340000",400.000491171955,400.000491171955,1
"CRS3035RES20000mN2720000E4360000",400.000491169752,400.000491169752,1
"CRS3035RES20000mN2720000E4380000",400.000491166538,400.000491166538,1
"CRS3035RES20000mN2720000E4400000",400.00049116223,400.00049116223,1
"CRS3035RES20000mN2720000E4420000",400.000491156679,400.000491156679,1
"CRS3035RES20000mN2720000E4440000",400.000491150075,400.000491150075,1
"CRS3035RES20000mN2720000E4460000",400.000491142367,400.000491142367,1
"CRS3035RES20000mN2720000E4480000",400.000491133613,400.000491133613,1
"CRS3035RES20000mN2720000E4500000",400.000491123694,400.000491123694,1
"CRS3035RES20000mN2720000E4520000",400.000491112729,400.000491112729,1
"CRS3035RES20000mN2720000E4540000",400.000491100599,400.000491100599,1
"CRS3035RES20000mN2720000E4560000",400.000491087367,400.000491087367,1
"CRS3035RES20000mN2720000E4580000",400.000491073013,400.000491073013,1
"CRS3035RES20000mN2720000E4600000",400.000491057563,400.000491057563,1
"CRS3035RES20000mN2720000E4620000",400.000491041017,400.000491041017,1
"CRS3035RES20000mN2720000E4640000",400.000491023361,400.000491023361,1
"CRS3035RES20000mN2720000E4660000",400.000491004701,400.000491004701,1
"CRS3035RES20000mN2720000E4680000",400.000490984756,400.000490984756,1
"CRS3035RES20000mN2720000E4700000",400.000490963898,400.000490963898,1
"CRS3035RES20000mN2720000E4720000",400.000490941923,400.000490941923,1
"CRS3035RES20000mN2720000E4740000",400.000490918701,400.000490918701,1
"CRS3035RES20000mN2720000E4760000",400.000490894501,400.000490894501,1
"CRS3035RES20000mN2720000E4780000",400.000490869102,400.000490869102,1
"CRS3035RES20000mN2720000E4800000",400.000490842606,400.000490842606,1
"CRS3035RES20000mN2720000E4820000",400.000490815117,400.000490815117,1
"CRS3035RES20000mN2740000E3380000",400.000489983265,14.3244631397758,0.035811113982323
"CRS3035RES20000mN2740000E3400000",400.000490033691,330.856424004724,0.827140046695585
"CRS3035RES20000mN2740000E3420000",400.000490083172,362.552409568172,0.906379913416574
"CRS3035RES20000mN2740000E3440000",400.000490131477,400.000490131477,1
"CRS3035RES20000mN2740000E3460000",400.000490178719,400.000490178719,1
"CRS3035RES20000mN2740000E3480000",400.000490224934,400.000490224934,1
"CRS3035RES20000mN2740000E3500000",400.000490270042,400.000490270042,1
"CRS3035RES20000mN2740000E3520000",400.000490314056,400.000490314056,1
"CRS3035RES20000mN2740000E3540000",400.000490356991,400.000490356991,1
"CRS3035RES20000mN2740000E3560000",400.000490398861,400.000490398861,1
"CRS3035RES20000mN2740000E3580000",400.000490439674,400.000490439674,1
"CRS3035RES20000mN2740000E3600000",400.00049047933,400.00049047933,1
"CRS3035RES20000mN2740000E3620000",400.000490517933,400.000490517933,1
"CRS3035RES20000mN2740000E3640000",400.000490555437,400.000490555437,1
"CRS3035RES20000mN2740000E3660000",400.000490591789,400.000490591789,1
"CRS3035RES20000mN2740000E3680000",400.000490627167,400.000490627167,1
"CRS3035RES20000mN2740000E3700000",400.000490661325,400.000490661325,1
"CRS3035RES20000mN2740000E3720000",400.000490694571,400.000490694571,1
"CRS3035RES20000mN2740000E3740000",400.000490726578,400.000490726578,1
"CRS3035RES20000mN2740000E3760000",400.000490757566,400.000490757566,1
"CRS3035RES20000mN2740000E3780000",400.00049078746,400.00049078746,1
"CRS3035RES20000mN2740000E3800000",400.000490816172,400.000490816172,1
"CRS3035RES20000mN2740000E3820000",400.000490843828,400.000490843828,1
"CRS3035RES20000mN2740000E3840000",400.000490870422,400.000490870422,1
"CRS3035RES20000mN2740000E3860000",400.000490895819,400.000490895819,1
"CRS3035RES20000mN2740000E3880000",400.000490920181,400.000490920181,1
"CRS3035RES20000mN2740000E3900000",400.000490943499,400.000490943499,1
"CRS3035RES20000mN2740000E3920000",400.000490965729,400.000490965729,1
"CRS3035RES20000mN2740000E3940000",400.0004909867,400.0004909867,1
"CRS3035RES20000mN2740000E3960000",400.000491006761,400.000491006761,1
"CRS3035RES20000mN2740000E3980000",400.00049102562,400.00049102562,1
"CRS3035RES20000mN2740000E4000000",400.000491043322,400.000491043322,1
"CRS3035RES20000mN2740000E4020000",400.000491059981,400.000491059981,1
"CRS3035RES20000mN2740000E4040000",400.00049107552,400.00049107552,1
"CRS3035RES20000mN2740000E4060000",400.000491089938,400.000491089938,1
"CRS3035RES20000mN2740000E4080000",400.000491103346,400.000491103346,1
"CRS3035RES20000mN2740000E4100000",400.000491115588,400.000491115588,1
"CRS3035RES20000mN2740000E4120000",400.000491126716,400.000491126716,1
"CRS3035RES20000mN2740000E4140000",400.000491136675,400.000491136675,1
"CRS3035RES20000mN2740000E4160000",400.000491145626,400.000491145626,1
"CRS3035RES20000mN2740000E4180000",400.000491153447,400.000491153447,1
"CRS3035RES20000mN2740000E4200000",400.000491160048,400.000491160048,1
"CRS3035RES20000mN2740000E4220000",400.000491165719,400.000491165719,1
"CRS3035RES20000mN2740000E4240000",400.000491170281,400.000491170281,1
"CRS3035RES20000mN2740000E4260000",400.000491173604,400.000491173604,1
"CRS3035RES20000mN2740000E4280000",400.000491175816,400.000491175816,1
"CRS3035RES20000mN2740000E4300000",400.000491177067,400.000491177067,1
"CRS3035RES20000mN2740000E4320000",400.000491177088,400.000491177088,1
"CRS3035RES20000mN2740000E4340000",400.000491176069,400.000491176069,1
"CRS3035RES20000mN2740000E4360000",400.000491173898,400.000491173898,1
"CRS3035RES20000mN2740000E4380000",400.000491170634,400.000491170634,1
"CRS3035RES20000mN2740000E4400000",400.000491166199,400.000491166199,1
"CRS3035RES20000mN2740000E4420000",400.000491160761,400.000491160761,1
"CRS3035RES20000mN2740000E4440000",400.000491154191,400.000491154191,1
"CRS3035RES20000mN2740000E4460000",400.000491146528,400.000491146528,1
"CRS3035RES20000mN2740000E4480000",400.000491137681,400.000491137681,1
"CRS3035RES20000mN2740000E4500000",400.000491127757,400.000491127757,1
"CRS3035RES20000mN2740000E4520000",400.000491116729,400.000491116729,1
"CRS3035RES20000mN2740000E4540000",400.000491104649,400.000491104649,1
"CRS3035RES20000mN2740000E4560000",400.000491091383,400.000491091383,1
"CRS3035RES20000mN2740000E4580000",400.000491076998,400.000491076998,1
"CRS3035RES20000mN2740000E4600000",400.00049106162,400.00049106162,1
"CRS3035RES20000mN2740000E4620000",400.000491045073,400.000491045073,1
"CRS3035RES20000mN2740000E4640000",400.000491027473,400.000491027473,1
"CRS3035RES20000mN2740000E4660000",400.00049100866,400.00049100866,1
"CRS3035RES20000mN2740000E4680000",400.000490988895,400.000490988895,1
"CRS3035RES20000mN2740000E4700000",400.000490967823,400.000490967823,1
"CRS3035RES20000mN2740000E4720000",400.000490945812,400.000490945812,1
"CRS3035RES20000mN2740000E4740000",400.000490922569,400.000490922569,1
"CRS3035RES20000mN2740000E4760000",400.000490898344,400.000490898344,1
"CRS3035RES20000mN2740000E4780000",400.00049087299,400.00049087299,1
"CRS3035RES20000mN2740000E4800000",400.000490846586,400.000490846586,1
"CRS3035RES20000mN2740000E4820000",400.000490819035,400.000490819035,1
"CRS3035RES20000mN2740000E4840000",400.00049079034,400.00049079034,1
"CRS3035RES20000mN2760000E3320000",400.000489827579,45.2901277212787,0.113225180651156
"CRS3035RES20000mN2760000E3360000",400.000489933937,8.61149906549649,0.0215287212946133
"CRS3035RES20000mN2760000E3380000",400.000489985592,321.591503981409,0.803977775109707
"CRS3035RES20000mN2760000E3400000",400.000490036121,349.908645759812,0.874770542726621
"CRS3035RES20000mN2760000E3420000",400.000490085541,399.252628946287,0.998130349442588
"CRS3035RES20000mN2760000E3440000",400.000490133961,400.000490133961,1
"CRS3035RES20000mN2760000E3460000",400.000490181213,400.000490181213,1
"CRS3035RES20000mN2760000E3480000",400.00049022739,400.00049022739,1
"CRS3035RES20000mN2760000E3500000",400.000490272522,400.000490272522,1
"CRS3035RES20000mN2760000E3520000",400.000490316582,400.000490316582,1
"CRS3035RES20000mN2760000E3540000",400.000490359619,400.000490359619,1
"CRS3035RES20000mN2760000E3560000",400.000490401333,400.000490401333,1
"CRS3035RES20000mN2760000E3580000",400.000490442173,400.000490442173,1
"CRS3035RES20000mN2760000E3600000",400.00049048196,400.00049048196,1
"CRS3035RES20000mN2760000E3620000",400.000490520517,400.000490520517,1
"CRS3035RES20000mN2760000E3640000",400.000490558031,400.000490558031,1
"CRS3035RES20000mN2760000E3660000",400.00049059446,400.00049059446,1
"CRS3035RES20000mN2760000E3680000",400.000490629837,400.000490629837,1
"CRS3035RES20000mN2760000E3700000",400.000490664112,400.000490664112,1
"CRS3035RES20000mN2760000E3720000",400.000490697231,400.000490697231,1
"CRS3035RES20000mN2760000E3740000",400.000490729292,400.000490729292,1
"CRS3035RES20000mN2760000E3760000",400.000490760269,400.000490760269,1
"CRS3035RES20000mN2760000E3780000",400.000490790117,400.000490790117,1
"CRS3035RES20000mN2760000E3800000",400.00049081896,400.00049081896,1
"CRS3035RES20000mN2760000E3820000",400.00049084659,400.00049084659,1
"CRS3035RES20000mN2760000E3840000",400.000490873192,400.000490873192,1
"CRS3035RES20000mN2760000E3860000",400.000490898741,400.000490898741,1
"CRS3035RES20000mN2760000E3880000",400.000490923042,400.000490923042,1
"CRS3035RES20000mN2760000E3900000",400.000490946362,400.000490946362,1
"CRS3035RES20000mN2760000E3920000",400.00049096843,400.00049096843,1
"CRS3035RES20000mN2760000E3940000",400.000490989614,400.000490989614,1
"CRS3035RES20000mN2760000E3960000",400.000491009508,400.000491009508,1
"CRS3035RES20000mN2760000E3980000",400.000491028328,400.000491028328,1
"CRS3035RES20000mN2760000E4000000",400.000491046243,400.000491046243,1
"CRS3035RES20000mN2760000E4020000",400.000491062859,400.000491062859,1
"CRS3035RES20000mN2760000E4040000",400.000491078342,400.000491078342,1
"CRS3035RES20000mN2760000E4060000",400.000491092883,400.000491092883,1
"CRS3035RES20000mN2760000E4080000",400.000491106164,400.000491106164,1
"CRS3035RES20000mN2760000E4100000",400.000491118434,400.000491118434,1
"CRS3035RES20000mN2760000E4120000",400.000491129589,400.000491129589,1
"CRS3035RES20000mN2760000E4140000",400.000491139572,400.000491139572,1
"CRS3035RES20000mN2760000E4160000",400.000491148462,400.000491148462,1
"CRS3035RES20000mN2760000E4180000",400.000491156341,400.000491156341,1
"CRS3035RES20000mN2760000E4200000",400.000491163058,400.000491163058,1
"CRS3035RES20000mN2760000E4220000",400.000491168582,400.000491168582,1
"CRS3035RES20000mN2760000E4240000",400.000491173074,400.000491173074,1
"CRS3035RES20000mN2760000E4260000",400.000491176496,400.000491176496,1
"CRS3035RES20000mN2760000E4280000",400.000491178781,400.000491178781,1
"CRS3035RES20000mN2760000E4300000",400.000491179878,400.000491179878,1
"CRS3035RES20000mN2760000E4320000",400.00049117999,400.00049117999,1
"CRS3035RES20000mN2760000E4340000",400.00049117888,400.00049117888,1
"CRS3035RES20000mN2760000E4360000",400.000491176759,400.000491176759,1
"CRS3035RES20000mN2760000E4380000",400.00049117352,400.00049117352,1
"CRS3035RES20000mN2760000E4400000",400.000491169163,400.000491169163,1
"CRS3035RES20000mN2760000E4420000",400.00049116358,400.00049116358,1
"CRS3035RES20000mN2760000E4440000",400.000491156984,400.000491156984,1
"CRS3035RES20000mN2760000E4460000",400.000491149264,400.000491149264,1
"CRS3035RES20000mN2760000E4480000",400.000491140499,400.000491140499,1
"CRS3035RES20000mN2760000E4500000",400.000491130575,400.000491130575,1
"CRS3035RES20000mN2760000E4520000",400.000491119573,400.000491119573,1
"CRS3035RES20000mN2760000E4540000",400.000491107461,400.000491107461,1
"CRS3035RES20000mN2760000E4560000",400.000491094233,400.000491094233,1
"CRS3035RES20000mN2760000E4580000",400.000491079865,400.000491079865,1
"CRS3035RES20000mN2760000E4600000",400.000491064364,400.000491064364,1
"CRS3035RES20000mN2760000E4620000",400.000491047908,400.000491047908,1
"CRS3035RES20000mN2760000E4640000",400.00049103023,400.00049103023,1
"CRS3035RES20000mN2760000E4660000",400.000491011478,400.000491011478,1
"CRS3035RES20000mN2760000E4680000",400.000490991589,400.000490991589,1
"CRS3035RES20000mN2760000E4700000",400.000490970655,400.000490970655,1
"CRS3035RES20000mN2760000E4720000",400.000490948538,400.000490948538,1
"CRS3035RES20000mN2760000E4740000",400.00049092551,400.00049092551,1
"CRS3035RES20000mN2760000E4760000",400.000490901133,400.000490901133,1
"CRS3035RES20000mN2760000E4780000",400.000490875788,400.000490875788,1
"CRS3035RES20000mN2760000E4800000",400.000490849318,400.000490849318,1
"CRS3035RES20000mN2760000E4820000",400.00049082177,400.00049082177,1
"CRS3035RES20000mN2760000E4840000",400.000490793045,400.000490793045,1
"CRS3035RES20000mN2780000E3320000",400.000489828655,50.1828740822797,0.125457031574577
"CRS3035RES20000mN2780000E3340000",400.000489882511,13.4567068044459,0.033641725809882
"CRS3035RES20000mN2780000E3360000",400.000489935165,126.343577155516,0.315858556013255
"CRS3035RES20000mN2780000E3380000",400.000489986732,327.955046037977,0.819886610761038
"CRS3035RES20000mN2780000E3400000",400.000490037312,400.000490037312,1
"CRS3035RES20000mN2780000E3420000",400.0004900867,400.0004900867,1
"CRS3035RES20000mN2780000E3440000",400.000490135075,400.000490135075,1
"CRS3035RES20000mN2780000E3460000",400.000490182449,400.000490182449,1
"CRS3035RES20000mN2780000E3480000",400.000490228638,400.000490228638,1
"CRS3035RES20000mN2780000E3500000",400.000490273827,400.000490273827,1
"CRS3035RES20000mN2780000E3520000",400.000490317875,400.000490317875,1
"CRS3035RES20000mN2780000E3540000",400.00049036084,400.00049036084,1
"CRS3035RES20000mN2780000E3560000",400.000490402824,400.000490402824,1
"CRS3035RES20000mN2780000E3580000",400.000490443577,400.000490443577,1
"CRS3035RES20000mN2780000E3600000",400.000490483253,400.000490483253,1
"CRS3035RES20000mN2780000E3620000",400.000490521896,400.000490521896,1
"CRS3035RES20000mN2780000E3640000",400.000490559498,400.000490559498,1
"CRS3035RES20000mN2780000E3660000",400.000490595997,400.000490595997,1
"CRS3035RES20000mN2780000E3680000",400.000490631273,400.000490631273,1
"CRS3035RES20000mN2780000E3700000",400.000490665554,400.000490665554,1
"CRS3035RES20000mN2780000E3720000",400.000490698753,400.000490698753,1
"CRS3035RES20000mN2780000E3740000",400.000490730831,400.000490730831,1
"CRS3035RES20000mN2780000E3760000",400.000490761707,400.000490761707,1
"CRS3035RES20000mN2780000E3780000",400.000490791653,400.000490791653,1
"CRS3035RES20000mN2780000E3800000",400.000490820435,400.000490820435,1
"CRS3035RES20000mN2780000E3820000",400.000490848162,400.000490848162,1
"CRS3035RES20000mN2780000E3840000",400.000490874813,400.000490874813,1
"CRS3035RES20000mN2780000E3860000",400.00049090019,400.00049090019,1
"CRS3035RES20000mN2780000E3880000",400.000490924625,400.000490924625,1
"CRS3035RES20000mN2780000E3900000",400.00049094791,400.00049094791,1
"CRS3035RES20000mN2780000E3920000",400.000490970167,400.000490970167,1
"CRS3035RES20000mN2780000E3940000",400.000490991203,400.000490991203,1
"CRS3035RES20000mN2780000E3960000",400.000491011131,400.000491011131,1
"CRS3035RES20000mN2780000E3980000",400.00049103004,400.00049103004,1
"CRS3035RES20000mN2780000E4000000",400.000491047823,400.000491047823,1
"CRS3035RES20000mN2780000E4020000",400.000491064515,400.000491064515,1
"CRS3035RES20000mN2780000E4040000",400.000491080081,400.000491080081,1
"CRS3035RES20000mN2780000E4060000",400.000491094454,400.000491094454,1
"CRS3035RES20000mN2780000E4080000",400.00049110786,400.00049110786,1
"CRS3035RES20000mN2780000E4100000",400.000491120016,400.000491120016,1
"CRS3035RES20000mN2780000E4120000",400.000491131193,400.000491131193,1
"CRS3035RES20000mN2780000E4140000",400.000491141291,400.000491141291,1
"CRS3035RES20000mN2780000E4160000",400.00049115027,400.00049115027,1
"CRS3035RES20000mN2780000E4180000",400.000491157952,400.000491157952,1
"CRS3035RES20000mN2780000E4200000",400.00049116469,400.00049116469,1
"CRS3035RES20000mN2780000E4220000",400.000491170279,400.000491170279,1
"CRS3035RES20000mN2780000E4240000",400.000491174796,400.000491174796,1
"CRS3035RES20000mN2780000E4260000",400.000491178146,400.000491178146,1
"CRS3035RES20000mN2780000E4280000",400.000491180438,400.000491180438,1
"CRS3035RES20000mN2780000E4300000",400.000491181566,400.000491181566,1
"CRS3035RES20000mN2780000E4320000",400.000491181686,400.000491181686,1
"CRS3035RES20000mN2780000E4340000",400.000491180658,400.000491180658,1
"CRS3035RES20000mN2780000E4360000",400.000491178435,400.000491178435,1
"CRS3035RES20000mN2780000E4380000",400.000491175143,400.000491175143,1
"CRS3035RES20000mN2780000E4400000",400.000491170841,400.000491170841,1
"CRS3035RES20000mN2780000E4420000",400.000491165316,400.000491165316,1
"CRS3035RES20000mN2780000E4440000",400.000491158719,400.000491158719,1
"CRS3035RES20000mN2780000E4460000",400.000491151034,400.000491151034,1
"CRS3035RES20000mN2780000E4480000",400.000491142247,400.000491142247,1
"CRS3035RES20000mN2780000E4500000",400.000491132329,400.000491132329,1
"CRS3035RES20000mN2780000E4520000",400.000491121257,400.000491121257,1
"CRS3035RES20000mN2780000E4540000",400.000491109085,400.000491109085,1
"CRS3035RES20000mN2780000E4560000",400.000491095902,400.000491095902,1
"CRS3035RES20000mN2780000E4580000",400.000491081547,400.000491081547,1
"CRS3035RES20000mN2780000E4600000",400.000491066079,400.000491066079,1
"CRS3035RES20000mN2780000E4620000",400.00049104955,400.00049104955,1
"CRS3035RES20000mN2780000E4640000",400.000491031833,400.000491031833,1
"CRS3035RES20000mN2780000E4660000",400.000491013085,400.000491013085,1
"CRS3035RES20000mN2780000E4680000",400.000490993195,400.000490993195,1
"CRS3035RES20000mN2780000E4700000",400.000490972214,400.000490972214,1
"CRS3035RES20000mN2780000E4720000",400.000490950184,400.000490950184,1
"CRS3035RES20000mN2780000E4740000",400.00049092701,400.00049092701,1
"CRS3035RES20000mN2780000E4760000",400.000490902662,400.000490902662,1
"CRS3035RES20000mN2780000E4780000",400.000490877295,400.000490877295,1
"CRS3035RES20000mN2780000E4800000",400.000490850899,400.000490850899,1
"CRS3035RES20000mN2780000E4820000",400.000490823195,400.000490823195,1
"CRS3035RES20000mN2780000E4840000",400.000490794622,400.000490794622,1
"CRS3035RES20000mN2800000E3320000",400.000489828682,61.8207357020075,0.154551649995441
"CRS3035RES20000mN2800000E3340000",400.000489882389,287.112863631761,0.717781280008382
"CRS3035RES20000mN2800000E3360000",400.000489935062,330.838305714318,0.827094751228998
"CRS3035RES20000mN2800000E3380000",400.000489986771,400.000489986771,1
"CRS3035RES20000mN2800000E3400000",400.000490037277,400.000490037277,1
"CRS3035RES20000mN2800000E3420000",400.000490086811,400.000490086811,1
"CRS3035RES20000mN2800000E3440000",400.000490135334,400.000490135334,1
"CRS3035RES20000mN2800000E3460000",400.000490182526,400.000490182526,1
"CRS3035RES20000mN2800000E3480000",400.000490228825,400.000490228825,1
"CRS3035RES20000mN2800000E3500000",400.000490273914,400.000490273914,1
"CRS3035RES20000mN2800000E3520000",400.000490318062,400.000490318062,1
"CRS3035RES20000mN2800000E3540000",400.000490361046,400.000490361046,1
"CRS3035RES20000mN2800000E3560000",400.00049040292,400.00049040292,1
"CRS3035RES20000mN2800000E3580000",400.000490443764,400.000490443764,1
"CRS3035RES20000mN2800000E3600000",400.000490483479,400.000490483479,1
"CRS3035RES20000mN2800000E3620000",400.000490522127,400.000490522127,1
"CRS3035RES20000mN2800000E3640000",400.000490559731,400.000490559731,1
"CRS3035RES20000mN2800000E3660000",400.000490596123,400.000490596123,1
"CRS3035RES20000mN2800000E3680000",400.000490631599,400.000490631599,1
"CRS3035RES20000mN2800000E3700000",400.000490665884,400.000490665884,1
"CRS3035RES20000mN2800000E3720000",400.000490698982,400.000490698982,1
"CRS3035RES20000mN2800000E3740000",400.000490731123,400.000490731123,1
"CRS3035RES20000mN2800000E3760000",400.000490762184,400.000490762184,1
"CRS3035RES20000mN2800000E3780000",400.000490791985,400.000490791985,1
"CRS3035RES20000mN2800000E3800000",400.00049082082,400.00049082082,1
"CRS3035RES20000mN2800000E3820000",400.000490848438,400.000490848438,1
"CRS3035RES20000mN2800000E3840000",400.000490875069,400.000490875069,1
"CRS3035RES20000mN2800000E3860000",400.000490900587,400.000490900587,1
"CRS3035RES20000mN2800000E3880000",400.000490925011,400.000490925011,1
"CRS3035RES20000mN2800000E3900000",400.00049094828,400.00049094828,1
"CRS3035RES20000mN2800000E3920000",400.000490970488,400.000490970488,1
"CRS3035RES20000mN2800000E3940000",400.000490991583,400.000490991583,1
"CRS3035RES20000mN2800000E3960000",400.000491011623,400.000491011623,1
"CRS3035RES20000mN2800000E3980000",400.000491030511,400.000491030511,1
"CRS3035RES20000mN2800000E4000000",400.000491048284,400.000491048284,1
"CRS3035RES20000mN2800000E4020000",400.000491064938,400.000491064938,1
"CRS3035RES20000mN2800000E4040000",400.000491080526,400.000491080526,1
"CRS3035RES20000mN2800000E4060000",400.000491095028,400.000491095028,1
"CRS3035RES20000mN2800000E4080000",400.000491108294,400.000491108294,1
"CRS3035RES20000mN2800000E4100000",400.000491120568,400.000491120568,1
"CRS3035RES20000mN2800000E4120000",400.00049113165,400.00049113165,1
"CRS3035RES20000mN2800000E4140000",400.00049114177,400.00049114177,1
"CRS3035RES20000mN2800000E4160000",400.000491150647,400.000491150647,1
"CRS3035RES20000mN2800000E4180000",400.000491158462,400.000491158462,1
"CRS3035RES20000mN2800000E4200000",400.000491165199,400.000491165199,1
"CRS3035RES20000mN2800000E4220000",400.000491170899,400.000491170899,1
"CRS3035RES20000mN2800000E4240000",400.000491175243,400.000491175243,1
"CRS3035RES20000mN2800000E4260000",400.000491178642,400.000491178642,1
"CRS3035RES20000mN2800000E4280000",400.000491180969,400.000491180969,1
"CRS3035RES20000mN2800000E4300000",400.000491182195,400.000491182195,1
"CRS3035RES20000mN2800000E4320000",400.000491182187,400.000491182187,1
"CRS3035RES20000mN2800000E4340000",400.00049118112,400.00049118112,1
"CRS3035RES20000mN2800000E4360000",400.000491178957,400.000491178957,1
"CRS3035RES20000mN2800000E4380000",400.000491175646,400.000491175646,1
"CRS3035RES20000mN2800000E4400000",400.000491171212,400.000491171212,1
"CRS3035RES20000mN2800000E4420000",400.000491165824,400.000491165824,1
"CRS3035RES20000mN2800000E4440000",400.000491159245,400.000491159245,1
"CRS3035RES20000mN2800000E4460000",400.000491151513,400.000491151513,1
"CRS3035RES20000mN2800000E4480000",400.000491142666,400.000491142666,1
"CRS3035RES20000mN2800000E4500000",400.000491132757,400.000491132757,1
"CRS3035RES20000mN2800000E4520000",400.000491121765,400.000491121765,1
"CRS3035RES20000mN2800000E4540000",400.000491109581,400.000491109581,1
"CRS3035RES20000mN2800000E4560000",400.000491096334,400.000491096334,1
"CRS3035RES20000mN2800000E4580000",400.000491082054,400.000491082054,1
"CRS3035RES20000mN2800000E4600000",400.000491066558,400.000491066558,1
"CRS3035RES20000mN2800000E4620000",400.00049104997,400.00049104997,1
"CRS3035RES20000mN2800000E4640000",400.000491032317,400.000491032317,1
"CRS3035RES20000mN2800000E4660000",400.000491013557,400.000491013557,1
"CRS3035RES20000mN2800000E4680000",400.000490993704,400.000490993704,1
"CRS3035RES20000mN2800000E4700000",400.000490972692,400.000490972692,1
"CRS3035RES20000mN2800000E4720000",400.000490950583,400.000490950583,1
"CRS3035RES20000mN2800000E4740000",400.000490927368,400.000490927368,1
"CRS3035RES20000mN2800000E4760000",400.00049090317,400.00049090317,1
"CRS3035RES20000mN2800000E4780000",400.000490877752,400.000490877752,1
"CRS3035RES20000mN2800000E4800000",400.000490851217,400.000490851217,1
"CRS3035RES20000mN2800000E4820000",400.000490823595,400.000490823595,1
"CRS3035RES20000mN2800000E4840000",400.000490794956,400.000490794956,1
"CRS3035RES20000mN2820000E3280000",400.00048971664,7.08166329832947,0.017704136570798
"CRS3035RES20000mN2820000E3300000",400.000489772587,160.221427538477,0.400553078396399
"CRS3035RES20000mN2820000E3320000",400.000489827511,352.556951531004,0.881391299503244
"CRS3035RES20000mN2820000E3340000",400.00048988139,392.998371313248,0.982494725018416
"CRS3035RES20000mN2820000E3360000",400.000489933968,400.000489933968,1
"CRS3035RES20000mN2820000E3380000",400.000489985695,400.000489985695,1
"CRS3035RES20000mN2820000E3400000",400.000490036251,400.000490036251,1
"CRS3035RES20000mN2820000E3420000",400.0004900858,400.0004900858,1
"CRS3035RES20000mN2820000E3440000",400.000490134075,400.000490134075,1
"CRS3035RES20000mN2820000E3460000",400.000490181465,400.000490181465,1
"CRS3035RES20000mN2820000E3480000",400.00049022773,400.00049022773,1
"CRS3035RES20000mN2820000E3500000",400.000490272949,400.000490272949,1
"CRS3035RES20000mN2820000E3520000",400.000490317028,400.000490317028,1
"CRS3035RES20000mN2820000E3540000",400.000490360062,400.000490360062,1
"CRS3035RES20000mN2820000E3560000",400.000490402046,400.000490402046,1
"CRS3035RES20000mN2820000E3580000",400.000490442795,400.000490442795,1
"CRS3035RES20000mN2820000E3600000",400.000490482639,400.000490482639,1
"CRS3035RES20000mN2820000E3620000",400.000490521297,400.000490521297,1
"CRS3035RES20000mN2820000E3640000",400.000490558756,400.000490558756,1
"CRS3035RES20000mN2820000E3660000",400.00049059532,400.00049059532,1
"CRS3035RES20000mN2820000E3680000",400.00049063061,400.00049063061,1
"CRS3035RES20000mN2820000E3700000",400.000490664936,400.000490664936,1
"CRS3035RES20000mN2820000E3720000",400.000490698194,400.000490698194,1
"CRS3035RES20000mN2820000E3740000",400.000490730213,400.000490730213,1
"CRS3035RES20000mN2820000E3760000",400.000490761274,400.000490761274,1
"CRS3035RES20000mN2820000E3780000",400.000490791231,400.000490791231,1
"CRS3035RES20000mN2820000E3800000",400.000490819992,400.000490819992,1
"CRS3035RES20000mN2820000E3820000",400.00049084771,400.00049084771,1
"CRS3035RES20000mN2820000E3840000",400.00049087431,400.00049087431,1
"CRS3035RES20000mN2820000E3860000",400.000490899887,400.000490899887,1
"CRS3035RES20000mN2820000E3880000",400.000490924238,400.000490924238,1
"CRS3035RES20000mN2820000E3900000",400.000490947605,400.000490947605,1
"CRS3035RES20000mN2820000E3920000",400.000490969763,400.000490969763,1
"CRS3035RES20000mN2820000E3940000",400.00049099087,400.00049099087,1
"CRS3035RES20000mN2820000E3960000",400.000491010832,400.000491010832,1
"CRS3035RES20000mN2820000E3980000",400.000491029731,400.000491029731,1
"CRS3035RES20000mN2820000E4000000",400.000491047508,400.000491047508,1
"CRS3035RES20000mN2820000E4020000",400.000491064184,400.000491064184,1
"CRS3035RES20000mN2820000E4040000",400.000491079784,400.000491079784,1
"CRS3035RES20000mN2820000E4060000",400.000491094174,400.000491094174,1
"CRS3035RES20000mN2820000E4080000",400.000491107631,400.000491107631,1
"CRS3035RES20000mN2820000E4100000",400.000491119942,400.000491119942,1
"CRS3035RES20000mN2820000E4120000",400.000491131101,400.000491131101,1
"CRS3035RES20000mN2820000E4140000",400.000491141013,400.000491141013,1
"CRS3035RES20000mN2820000E4160000",400.00049114992,400.00049114992,1
"CRS3035RES20000mN2820000E4180000",400.000491157866,400.000491157866,1
"CRS3035RES20000mN2820000E4200000",400.000491164497,400.000491164497,1
"CRS3035RES20000mN2820000E4220000",400.000491170104,400.000491170104,1
"CRS3035RES20000mN2820000E4240000",400.000491174706,400.000491174706,1
"CRS3035RES20000mN2820000E4260000",400.000491178044,400.000491178044,1
"CRS3035RES20000mN2820000E4280000",400.000491180208,400.000491180208,1
"CRS3035RES20000mN2820000E4300000",400.000491181398,400.000491181398,1
"CRS3035RES20000mN2820000E4320000",400.000491181489,400.000491181489,1
"CRS3035RES20000mN2820000E4340000",400.000491180455,400.000491180455,1
"CRS3035RES20000mN2820000E4360000",400.00049117825,400.00049117825,1
"CRS3035RES20000mN2820000E4380000",400.000491175068,400.000491175068,1
"CRS3035RES20000mN2820000E4400000",400.000491170671,400.000491170671,1
"CRS3035RES20000mN2820000E4420000",400.000491165103,400.000491165103,1
"CRS3035RES20000mN2820000E4440000",400.000491158554,400.000491158554,1
"CRS3035RES20000mN2820000E4460000",400.00049115078,400.00049115078,1
"CRS3035RES20000mN2820000E4480000",400.000491141931,400.000491141931,1
"CRS3035RES20000mN2820000E4500000",400.000491132048,400.000491132048,1
"CRS3035RES20000mN2820000E4520000",400.000491120997,400.000491120997,1
"CRS3035RES20000mN2820000E4540000",400.000491108938,400.000491108938,1
"CRS3035RES20000mN2820000E4560000",400.000491095624,400.000491095624,1
"CRS3035RES20000mN2820000E4580000",400.000491081256,400.000491081256,1
"CRS3035RES20000mN2820000E4600000",400.00049106586,400.00049106586,1
"CRS3035RES20000mN2820000E4620000",400.000491049226,400.000491049226,1
"CRS3035RES20000mN2820000E4640000",400.000491031621,400.000491031621,1
"CRS3035RES20000mN2820000E4660000",400.000491012772,400.000491012772,1
"CRS3035RES20000mN2820000E4680000",400.000490992905,400.000490992905,1
"CRS3035RES20000mN2820000E4700000",400.000490971977,400.000490971977,1
"CRS3035RES20000mN2820000E4720000",400.000490949806,400.000490949806,1
"CRS3035RES20000mN2820000E4740000",400.000490926622,400.000490926622,1
"CRS3035RES20000mN2820000E4760000",400.000490902399,400.000490902399,1
"CRS3035RES20000mN2820000E4780000",400.000490876898,400.000490876898,1
"CRS3035RES20000mN2820000E4800000",400.00049085038,400.00049085038,1
"CRS3035RES20000mN2820000E4820000",400.000490822897,400.000490822897,1
"CRS3035RES20000mN2840000E3240000",400.00048959922,83.7489378986694,0.209372088475645
"CRS3035RES20000mN2840000E3260000",400.000489657295,214.603334200505,0.536507678739016
"CRS3035RES20000mN2840000E3280000",400.000489714371,314.048395221098,0.785120026841345
"CRS3035RES20000mN2840000E3300000",400.000489770283,400.000489770283,1
"CRS3035RES20000mN2840000E3320000",400.000489825153,400.000489825153,1
"CRS3035RES20000mN2840000E3340000",400.000489878941,400.000489878941,1
"CRS3035RES20000mN2840000E3360000",400.000489931763,400.000489931763,1
"CRS3035RES20000mN2840000E3380000",400.000489983307,400.000489983307,1
"CRS3035RES20000mN2840000E3400000",400.000490033981,400.000490033981,1
"CRS3035RES20000mN2840000E3420000",400.000490083473,400.000490083473,1
"CRS3035RES20000mN2840000E3440000",400.000490131954,400.000490131954,1
"CRS3035RES20000mN2840000E3460000",400.00049017931,400.00049017931,1
"CRS3035RES20000mN2840000E3480000",400.000490225624,400.000490225624,1
"CRS3035RES20000mN2840000E3500000",400.000490270794,400.000490270794,1
"CRS3035RES20000mN2840000E3520000",400.000490314835,400.000490314835,1
"CRS3035RES20000mN2840000E3540000",400.000490357845,400.000490357845,1
"CRS3035RES20000mN2840000E3560000",400.000490399803,400.000490399803,1
"CRS3035RES20000mN2840000E3580000",400.00049044072,400.00049044072,1
"CRS3035RES20000mN2840000E3600000",400.000490480354,400.000490480354,1
"CRS3035RES20000mN2840000E3620000",400.000490519115,400.000490519115,1
"CRS3035RES20000mN2840000E3640000",400.00049055678,400.00049055678,1
"CRS3035RES20000mN2840000E3660000",400.000490593184,400.000490593184,1
"CRS3035RES20000mN2840000E3680000",400.000490628622,400.000490628622,1
"CRS3035RES20000mN2840000E3700000",400.000490662857,400.000490662857,1
"CRS3035RES20000mN2840000E3720000",400.000490696169,400.000490696169,1
"CRS3035RES20000mN2840000E3740000",400.000490728369,400.000490728369,1
"CRS3035RES20000mN2840000E3760000",400.000490759302,400.000490759302,1
"CRS3035RES20000mN2840000E3780000",400.000490789183,400.000490789183,1
"CRS3035RES20000mN2840000E3800000",400.000490817984,400.000490817984,1
"CRS3035RES20000mN2840000E3820000",400.000490845802,400.000490845802,1
"CRS3035RES20000mN2840000E3840000",400.000490872347,400.000490872347,1
"CRS3035RES20000mN2840000E3860000",400.000490897842,400.000490897842,1
"CRS3035RES20000mN2840000E3880000",400.000490922318,400.000490922318,1
"CRS3035RES20000mN2840000E3900000",400.000490945599,400.000490945599,1
"CRS3035RES20000mN2840000E3920000",400.000490967808,400.000490967808,1
"CRS3035RES20000mN2840000E3940000",400.000490988918,400.000490988918,1
"CRS3035RES20000mN2840000E3960000",400.000491008923,400.000491008923,1
"CRS3035RES20000mN2840000E3980000",400.000491027864,400.000491027864,1
"CRS3035RES20000mN2840000E4000000",400.000491045574,400.000491045574,1
"CRS3035RES20000mN2840000E4020000",400.000491062299,400.000491062299,1
"CRS3035RES20000mN2840000E4040000",400.000491077892,400.000491077892,1
"CRS3035RES20000mN2840000E4060000",400.000491092465,400.000491092465,1
"CRS3035RES20000mN2840000E4080000",400.000491105743,400.000491105743,1
"CRS3035RES20000mN2840000E4100000",400.000491117953,400.000491117953,1
"CRS3035RES20000mN2840000E4120000",400.000491129089,400.000491129089,1
"CRS3035RES20000mN2840000E4140000",400.000491139204,400.000491139204,1
"CRS3035RES20000mN2840000E4160000",400.000491148175,400.000491148175,1
"CRS3035RES20000mN2840000E4180000",400.000491155942,400.000491155942,1
"CRS3035RES20000mN2840000E4200000",400.00049116266,400.00049116266,1
"CRS3035RES20000mN2840000E4220000",400.0004911682,400.0004911682,1
"CRS3035RES20000mN2840000E4240000",400.000491172715,400.000491172715,1
"CRS3035RES20000mN2840000E4260000",400.000491176133,400.000491176133,1
"CRS3035RES20000mN2840000E4280000",400.000491178468,400.000491178468,1
"CRS3035RES20000mN2840000E4300000",400.000491179568,400.000491179568,1
"CRS3035RES20000mN2840000E4320000",400.000491179593,400.000491179593,1
"CRS3035RES20000mN2840000E4340000",400.000491178546,400.000491178546,1
"CRS3035RES20000mN2840000E4360000",400.000491176453,400.000491176453,1
"CRS3035RES20000mN2840000E4380000",400.000491173098,400.000491173098,1
"CRS3035RES20000mN2840000E4400000",400.00049116876,400.00049116876,1
"CRS3035RES20000mN2840000E4420000",400.00049116329,400.00049116329,1
"CRS3035RES20000mN2840000E4440000",400.000491156631,400.000491156631,1
"CRS3035RES20000mN2840000E4460000",400.000491148969,400.000491148969,1
"CRS3035RES20000mN2840000E4480000",400.000491140196,400.000491140196,1
"CRS3035RES20000mN2840000E4500000",400.000491130266,400.000491130266,1
"CRS3035RES20000mN2840000E4520000",400.000491119172,400.000491119172,1
"CRS3035RES20000mN2840000E4540000",400.000491107026,400.000491107026,1
"CRS3035RES20000mN2840000E4560000",400.00049109374,400.00049109374,1
"CRS3035RES20000mN2840000E4580000",400.000491079406,400.000491079406,1
"CRS3035RES20000mN2840000E4600000",400.000491063899,400.000491063899,1
"CRS3035RES20000mN2840000E4620000",400.00049104738,400.00049104738,1
"CRS3035RES20000mN2840000E4640000",400.000491029623,400.000491029623,1
"CRS3035RES20000mN2840000E4660000",400.000491010906,400.000491010906,1
"CRS3035RES20000mN2840000E4680000",400.000490990969,400.000490990969,1
"CRS3035RES20000mN2840000E4700000",400.000490969942,400.000490969942,1
"CRS3035RES20000mN2840000E4720000",400.000490947895,400.000490947895,1
"CRS3035RES20000mN2840000E4740000",400.000490924622,400.000490924622,1
"CRS3035RES20000mN2840000E4760000",400.000490900286,400.000490900286,1
"CRS3035RES20000mN2840000E4780000",400.000490874992,400.000490874992,1
"CRS3035RES20000mN2840000E4800000",400.000490848476,400.000490848476,1
"CRS3035RES20000mN2840000E4820000",400.000490820806,400.000490820806,1
"CRS3035RES20000mN2860000E3220000",400.000489536427,29.5089566996063,0.0737723014634437
"CRS3035RES20000mN2860000E3240000",400.000489595684,257.385003271103,0.643461720587555
"CRS3035RES20000mN2860000E3260000",400.000489653728,399.661978161152,0.999153722304518
"CRS3035RES20000mN2860000E3280000",400.00048971072,400.00048971072,1
"CRS3035RES20000mN2860000E3300000",400.000489766823,400.000489766823,1
"CRS3035RES20000mN2860000E3320000",400.000489821629,400.000489821629,1
"CRS3035RES20000mN2860000E3340000",400.000489875526,400.000489875526,1
"CRS3035RES20000mN2860000E3360000",400.000489928265,400.000489928265,1
"CRS3035RES20000mN2860000E3380000",400.000489980045,400.000489980045,1
"CRS3035RES20000mN2860000E3400000",400.000490030586,400.000490030586,1
"CRS3035RES20000mN2860000E3420000",400.000490080124,400.000490080124,1
"CRS3035RES20000mN2860000E3440000",400.000490128559,400.000490128559,1
"CRS3035RES20000mN2860000E3460000",400.000490175896,400.000490175896,1
"CRS3035RES20000mN2860000E3480000",400.000490222195,400.000490222195,1
"CRS3035RES20000mN2860000E3500000",400.000490267448,400.000490267448,1
"CRS3035RES20000mN2860000E3520000",400.000490311573,400.000490311573,1
"CRS3035RES20000mN2860000E3540000",400.000490354652,400.000490354652,1
"CRS3035RES20000mN2860000E3560000",400.00049039658,400.00049039658,1
"CRS3035RES20000mN2860000E3580000",400.000490437504,400.000490437504,1
"CRS3035RES20000mN2860000E3600000",400.000490477257,400.000490477257,1
"CRS3035RES20000mN2860000E3620000",400.000490515949,400.000490515949,1
"CRS3035RES20000mN2860000E3640000",400.000490553446,400.000490553446,1
"CRS3035RES20000mN2860000E3660000",400.000490590057,400.000490590057,1
"CRS3035RES20000mN2860000E3680000",400.000490625387,400.000490625387,1
"CRS3035RES20000mN2860000E3700000",400.000490659775,400.000490659775,1
"CRS3035RES20000mN2860000E3720000",400.000490692888,400.000490692888,1
"CRS3035RES20000mN2860000E3740000",400.000490724987,400.000490724987,1
"CRS3035RES20000mN2860000E3760000",400.000490756048,400.000490756048,1
"CRS3035RES20000mN2860000E3780000",400.000490785969,400.000490785969,1
"CRS3035RES20000mN2860000E3800000",400.00049081489,400.00049081489,1
"CRS3035RES20000mN2860000E3820000",400.00049084255,400.00049084255,1
"CRS3035RES20000mN2860000E3840000",400.000490869188,400.000490869188,1
"CRS3035RES20000mN2860000E3860000",400.000490894751,400.000490894751,1
"CRS3035RES20000mN2860000E3880000",400.000490919081,400.000490919081,1
"CRS3035RES20000mN2860000E3900000",400.000490942493,400.000490942493,1
"CRS3035RES20000mN2860000E3920000",400.000490964676,400.000490964676,1
"CRS3035RES20000mN2860000E3940000",400.000490985836,400.000490985836,1
"CRS3035RES20000mN2860000E3960000",400.000491005823,400.000491005823,1
"CRS3035RES20000mN2860000E3980000",400.00049102476,400.00049102476,1
"CRS3035RES20000mN2860000E4000000",400.000491042565,400.000491042565,1
"CRS3035RES20000mN2860000E4020000",400.000491059214,400.000491059214,1
"CRS3035RES20000mN2860000E4040000",400.000491074768,400.000491074768,1
"CRS3035RES20000mN2860000E4060000",400.000491089278,400.000491089278,1
"CRS3035RES20000mN2860000E4080000",400.000491102653,400.000491102653,1
"CRS3035RES20000mN2860000E4100000",400.000491114942,400.000491114942,1
"CRS3035RES20000mN2860000E4120000",400.000491126065,400.000491126065,1
"CRS3035RES20000mN2860000E4140000",400.000491136127,400.000491136127,1
"CRS3035RES20000mN2860000E4160000",400.000491145075,400.000491145075,1
"CRS3035RES20000mN2860000E4180000",400.000491152889,400.000491152889,1
"CRS3035RES20000mN2860000E4200000",400.000491159641,400.000491159641,1
"CRS3035RES20000mN2860000E4220000",400.000491165198,400.000491165198,1
"CRS3035RES20000mN2860000E4240000",400.000491169708,400.000491169708,1
"CRS3035RES20000mN2860000E4260000",400.000491173062,400.000491173062,1
"CRS3035RES20000mN2860000E4280000",400.000491175316,400.000491175316,1
"CRS3035RES20000mN2860000E4300000",400.000491176509,400.000491176509,1
"CRS3035RES20000mN2860000E4320000",400.000491176586,400.000491176586,1
"CRS3035RES20000mN2860000E4340000",400.000491175561,400.000491175561,1
"CRS3035RES20000mN2860000E4360000",400.000491173326,400.000491173326,1
"CRS3035RES20000mN2860000E4380000",400.000491170084,400.000491170084,1
"CRS3035RES20000mN2860000E4400000",400.000491165657,400.000491165657,1
"CRS3035RES20000mN2860000E4420000",400.000491160209,400.000491160209,1
"CRS3035RES20000mN2860000E4440000",400.000491153618,400.000491153618,1
"CRS3035RES20000mN2860000E4460000",400.000491145874,400.000491145874,1
"CRS3035RES20000mN2860000E4480000",400.000491137001,400.000491137001,1
"CRS3035RES20000mN2860000E4500000",400.000491127078,400.000491127078,1
"CRS3035RES20000mN2860000E4520000",400.000491116096,400.000491116096,1
"CRS3035RES20000mN2860000E4540000",400.000491103937,400.000491103937,1
"CRS3035RES20000mN2860000E4560000",400.000491090631,400.000491090631,1
"CRS3035RES20000mN2860000E4580000",400.000491076271,400.000491076271,1
"CRS3035RES20000mN2860000E4600000",400.000491060892,400.000491060892,1
"CRS3035RES20000mN2860000E4620000",400.000491044257,400.000491044257,1
"CRS3035RES20000mN2860000E4640000",400.000491026631,400.000491026631,1
"CRS3035RES20000mN2860000E4660000",400.000491007778,400.000491007778,1
"CRS3035RES20000mN2860000E4680000",400.000490987873,400.000490987873,1
"CRS3035RES20000mN2860000E4700000",400.00049096686,400.00049096686,1
"CRS3035RES20000mN2860000E4720000",400.000490944744,400.000490944744,1
"CRS3035RES20000mN2860000E4740000",400.000490921518,400.000490921518,1
"CRS3035RES20000mN2860000E4760000",400.00049089724,400.00049089724,1
"CRS3035RES20000mN2860000E4780000",400.000490871786,400.000490871786,1
"CRS3035RES20000mN2860000E4800000",400.000490845264,400.000490845264,1
"CRS3035RES20000mN2860000E4820000",400.000490817675,400.000490817675,1
"CRS3035RES20000mN2860000E4840000",400.000490788919,400.000490788919,1
"CRS3035RES20000mN2880000E3220000",400.000489531792,10.7952592649687,0.0269881151335708
"CRS3035RES20000mN2880000E3240000",400.000489590981,92.9470152976315,0.2323672538318
"CRS3035RES20000mN2880000E3260000",400.000489649117,338.901814599519,0.847253499356478
"CRS3035RES20000mN2880000E3280000",400.000489706219,400.000489706219,1
"CRS3035RES20000mN2880000E3300000",400.000489762142,400.000489762142,1
"CRS3035RES20000mN2880000E3320000",400.000489817097,400.000489817097,1
"CRS3035RES20000mN2880000E3340000",400.000489870842,400.000489870842,1
"CRS3035RES20000mN2880000E3360000",400.000489923691,400.000489923691,1
"CRS3035RES20000mN2880000E3380000",400.000489975391,400.000489975391,1
"CRS3035RES20000mN2880000E3400000",400.00049002602,400.00049002602,1
"CRS3035RES20000mN2880000E3420000",400.000490075565,399.731457806106,0.999327420150389
"CRS3035RES20000mN2880000E3440000",400.000490123997,390.695206440565,0.976736819296029
"CRS3035RES20000mN2880000E3460000",400.000490171448,400.000490171448,1
"CRS3035RES20000mN2880000E3480000",400.000490217731,400.000490217731,1
"CRS3035RES20000mN2880000E3500000",400.000490262962,400.000490262962,1
"CRS3035RES20000mN2880000E3520000",400.000490307178,400.000490307178,1
"CRS3035RES20000mN2880000E3540000",400.000490350182,400.000490350182,1
"CRS3035RES20000mN2880000E3560000",400.000490392082,400.000490392082,1
"CRS3035RES20000mN2880000E3580000",400.000490432953,400.000490432953,1
"CRS3035RES20000mN2880000E3600000",400.000490472858,400.000490472858,1
"CRS3035RES20000mN2880000E3620000",400.000490511475,400.000490511475,1
"CRS3035RES20000mN2880000E3640000",400.000490549107,400.000490549107,1
"CRS3035RES20000mN2880000E3660000",400.000490585585,400.000490585585,1
"CRS3035RES20000mN2880000E3680000",400.000490621037,400.000490621037,1
"CRS3035RES20000mN2880000E3700000",400.00049065538,400.00049065538,1
"CRS3035RES20000mN2880000E3720000",400.000490688627,400.000490688627,1
"CRS3035RES20000mN2880000E3740000",400.000490720781,400.000490720781,1
"CRS3035RES20000mN2880000E3760000",400.000490751843,400.000490751843,1
"CRS3035RES20000mN2880000E3780000",400.000490781719,400.000490781719,1
"CRS3035RES20000mN2880000E3800000",400.000490810545,400.000490810545,1
"CRS3035RES20000mN2880000E3820000",400.000490838306,400.000490838306,1
"CRS3035RES20000mN2880000E3840000",400.000490864933,400.000490864933,1
"CRS3035RES20000mN2880000E3860000",400.000490890423,400.000490890423,1
"CRS3035RES20000mN2880000E3880000",400.000490914957,400.000490914957,1
"CRS3035RES20000mN2880000E3900000",400.0004909382,400.0004909382,1
"CRS3035RES20000mN2880000E3920000",400.000490960482,400.000490960482,1
"CRS3035RES20000mN2880000E3940000",400.00049098152,400.00049098152,1
"CRS3035RES20000mN2880000E3960000",400.000491001543,400.000491001543,1
"CRS3035RES20000mN2880000E3980000",400.00049102039,400.00049102039,1
"CRS3035RES20000mN2880000E4000000",400.000491038311,400.000491038311,1
"CRS3035RES20000mN2880000E4020000",400.000491054939,400.000491054939,1
"CRS3035RES20000mN2880000E4040000",400.000491070546,400.000491070546,1
"CRS3035RES20000mN2880000E4060000",400.000491085006,400.000491085006,1
"CRS3035RES20000mN2880000E4080000",400.000491098465,400.000491098465,1
"CRS3035RES20000mN2880000E4100000",400.000491110659,400.000491110659,1
"CRS3035RES20000mN2880000E4120000",400.000491121863,400.000491121863,1
"CRS3035RES20000mN2880000E4140000",400.000491131833,400.000491131833,1
"CRS3035RES20000mN2880000E4160000",400.000491140783,400.000491140783,1
"CRS3035RES20000mN2880000E4180000",400.000491148645,400.000491148645,1
"CRS3035RES20000mN2880000E4200000",400.000491155309,400.000491155309,1
"CRS3035RES20000mN2880000E4220000",400.000491161005,400.000491161005,1
"CRS3035RES20000mN2880000E4240000",400.000491165436,400.000491165436,1
"CRS3035RES20000mN2880000E4260000",400.000491168866,400.000491168866,1
"CRS3035RES20000mN2880000E4280000",400.000491171185,400.000491171185,1
"CRS3035RES20000mN2880000E4300000",400.000491172307,400.000491172307,1
"CRS3035RES20000mN2880000E4320000",400.000491172371,400.000491172371,1
"CRS3035RES20000mN2880000E4340000",400.000491171267,400.000491171267,1
"CRS3035RES20000mN2880000E4360000",400.000491169165,400.000491169165,1
"CRS3035RES20000mN2880000E4380000",400.000491165813,400.000491165813,1
"CRS3035RES20000mN2880000E4400000",400.000491161461,400.000491161461,1
"CRS3035RES20000mN2880000E4420000",400.000491155961,400.000491155961,1
"CRS3035RES20000mN2880000E4440000",400.000491149329,400.000491149329,1
"CRS3035RES20000mN2880000E4460000",400.000491141728,400.000491141728,1
"CRS3035RES20000mN2880000E4480000",400.000491132915,400.000491132915,1
"CRS3035RES20000mN2880000E4500000",400.000491122854,400.000491122854,1
"CRS3035RES20000mN2880000E4520000",400.00049111186,400.00049111186,1
"CRS3035RES20000mN2880000E4540000",400.000491099659,400.000491099659,1
"CRS3035RES20000mN2880000E4560000",400.000491086432,400.000491086432,1
"CRS3035RES20000mN2880000E4580000",400.000491072083,400.000491072083,1
"CRS3035RES20000mN2880000E4600000",400.000491056529,400.000491056529,1
"CRS3035RES20000mN2880000E4620000",400.000491039989,400.000491039989,1
"CRS3035RES20000mN2880000E4640000",400.000491022206,400.000491022206,1
"CRS3035RES20000mN2880000E4660000",400.000491003441,400.000491003441,1
"CRS3035RES20000mN2880000E4680000",400.000490983572,400.000490983572,1
"CRS3035RES20000mN2880000E4700000",400.000490962601,400.000490962601,1
"CRS3035RES20000mN2880000E4720000",400.000490940449,400.000490940449,1
"CRS3035RES20000mN2880000E4740000",400.000490917318,400.000490917318,1
"CRS3035RES20000mN2880000E4760000",400.00049089295,400.00049089295,1
"CRS3035RES20000mN2880000E4780000",400.000490867521,400.000490867521,1
"CRS3035RES20000mN2880000E4800000",400.000490840963,400.000490840963,1
"CRS3035RES20000mN2880000E4820000",400.000490813324,400.000490813324,1
"CRS3035RES20000mN2880000E4840000",400.000490784632,400.000490784632,1
"CRS3035RES20000mN2880000E4860000",400.000490754772,400.000490754772,1
"CRS3035RES20000mN2880000E4880000",400.000490723846,400.000490723846,1
"CRS3035RES20000mN2900000E3220000",400.000489526024,44.0487527291886,0.110121747054319
"CRS3035RES20000mN2900000E3240000",400.000489585121,227.408067613459,0.568519473186961
"CRS3035RES20000mN2900000E3260000",400.000489643284,326.424464972239,0.816060163484651
"CRS3035RES20000mN2900000E3280000",400.000489700321,400.000489700321,1
"CRS3035RES20000mN2900000E3300000",400.000489756321,400.000489756321,1
"CRS3035RES20000mN2900000E3320000",400.00048981126,400.00048981126,1
"CRS3035RES20000mN2900000E3340000",400.000489865265,400.000489865265,1
"CRS3035RES20000mN2900000E3360000",400.000489917957,400.000489917957,1
"CRS3035RES20000mN2900000E3380000",400.000489969707,165.455626917374,0.413638560617524
"CRS3035RES20000mN2900000E3400000",400.000490020294,272.120638976748,0.68030076403892
"CRS3035RES20000mN2900000E3420000",400.000490069916,165.96636427424,0.41491540234171
"CRS3035RES20000mN2900000E3440000",400.000490118385,179.592066228197,0.448979615437581
"CRS3035RES20000mN2900000E3460000",400.000490165794,97.9770255531732,0.244942263727135
"CRS3035RES20000mN2900000E3480000",400.000490212093,381.873123635424,0.954681639097348
"CRS3035RES20000mN2900000E3500000",400.000490257282,400.000490257282,1
"CRS3035RES20000mN2900000E3520000",400.000490301422,400.000490301422,1
"CRS3035RES20000mN2900000E3540000",400.000490344444,400.000490344444,1
"CRS3035RES20000mN2900000E3560000",400.00049038649,400.00049038649,1
"CRS3035RES20000mN2900000E3580000",400.000490427372,400.000490427372,1
"CRS3035RES20000mN2900000E3600000",400.000490467125,400.000490467125,1
"CRS3035RES20000mN2900000E3620000",400.000490505882,400.000490505882,1
"CRS3035RES20000mN2900000E3640000",400.000490543533,400.000490543533,1
"CRS3035RES20000mN2900000E3660000",400.000490580082,400.000490580082,1
"CRS3035RES20000mN2900000E3680000",400.000490615536,400.000490615536,1
"CRS3035RES20000mN2900000E3700000",400.000490649776,400.000490649776,1
"CRS3035RES20000mN2900000E3720000",400.000490683039,400.000490683039,1
"CRS3035RES20000mN2900000E3740000",400.000490715145,400.000490715145,1
"CRS3035RES20000mN2900000E3760000",400.000490746143,400.000490746143,1
"CRS3035RES20000mN2900000E3780000",400.000490776194,400.000490776194,1
"CRS3035RES20000mN2900000E3800000",400.000490805038,400.000490805038,1
"CRS3035RES20000mN2900000E3820000",400.000490832727,400.000490832727,1
"CRS3035RES20000mN2900000E3840000",400.00049085939,400.00049085939,1
"CRS3035RES20000mN2900000E3860000",400.000490884981,400.000490884981,1
"CRS3035RES20000mN2900000E3880000",400.000490909353,400.000490909353,1
"CRS3035RES20000mN2900000E3900000",400.000490932739,400.000490932739,1
"CRS3035RES20000mN2900000E3920000",400.000490954939,400.000490954939,1
"CRS3035RES20000mN2900000E3940000",400.000490976088,400.000490976088,1
"CRS3035RES20000mN2900000E3960000",400.000490996065,400.000490996065,1
"CRS3035RES20000mN2900000E3980000",400.000491015051,400.000491015051,1
"CRS3035RES20000mN2900000E4000000",400.000491032783,400.000491032783,1
"CRS3035RES20000mN2900000E4020000",400.000491049594,400.000491049594,1
"CRS3035RES20000mN2900000E4040000",400.000491065148,400.000491065148,1
"CRS3035RES20000mN2900000E4060000",400.000491079637,400.000491079637,1
"CRS3035RES20000mN2900000E4080000",400.000491092993,400.000491092993,1
"CRS3035RES20000mN2900000E4100000",400.00049110528,400.00049110528,1
"CRS3035RES20000mN2900000E4120000",400.000491116426,400.000491116426,1
"CRS3035RES20000mN2900000E4140000",400.000491126507,400.000491126507,1
"CRS3035RES20000mN2900000E4160000",400.000491135406,400.000491135406,1
"CRS3035RES20000mN2900000E4180000",400.000491143271,400.000491143271,1
"CRS3035RES20000mN2900000E4200000",400.000491149991,400.000491149991,1
"CRS3035RES20000mN2900000E4220000",400.000491155488,400.000491155488,1
"CRS3035RES20000mN2900000E4240000",400.000491160065,400.000491160065,1
"CRS3035RES20000mN2900000E4260000",400.000491163452,400.000491163452,1
"CRS3035RES20000mN2900000E4280000",400.000491165712,400.000491165712,1
"CRS3035RES20000mN2900000E4300000",400.000491166909,400.000491166909,1
"CRS3035RES20000mN2900000E4320000",400.000491166978,400.000491166978,1
"CRS3035RES20000mN2900000E4340000",400.000491165941,400.000491165941,1
"CRS3035RES20000mN2900000E4360000",400.000491163746,400.000491163746,1
"CRS3035RES20000mN2900000E4380000",400.000491160486,400.000491160486,1
"CRS3035RES20000mN2900000E4400000",400.000491156094,400.000491156094,1
"CRS3035RES20000mN2900000E4420000",400.000491150526,400.000491150526,1
"CRS3035RES20000mN2900000E4440000",400.000491143944,400.000491143944,1
"CRS3035RES20000mN2900000E4460000",400.000491136174,400.000491136174,1
"CRS3035RES20000mN2900000E4480000",400.000491127346,400.000491127346,1
"CRS3035RES20000mN2900000E4500000",400.000491117498,400.000491117498,1
"CRS3035RES20000mN2900000E4520000",400.00049110636,400.00049110636,1
"CRS3035RES20000mN2900000E4540000",400.00049109428,400.00049109428,1
"CRS3035RES20000mN2900000E4560000",400.000491081006,400.000491081006,1
"CRS3035RES20000mN2900000E4580000",400.00049106657,400.00049106657,1
"CRS3035RES20000mN2900000E4600000",400.000491051116,400.000491051116,1
"CRS3035RES20000mN2900000E4620000",400.00049103449,400.00049103449,1
"CRS3035RES20000mN2900000E4640000",400.000491016914,400.000491016914,1
"CRS3035RES20000mN2900000E4660000",400.000490998104,400.000490998104,1
"CRS3035RES20000mN2900000E4680000",400.00049097814,400.00049097814,1
"CRS3035RES20000mN2900000E4700000",400.000490957088,400.000490957088,1
"CRS3035RES20000mN2900000E4720000",400.000490934999,400.000490934999,1
"CRS3035RES20000mN2900000E4740000",400.000490911779,400.000490911779,1
"CRS3035RES20000mN2900000E4760000",400.000490887398,400.000490887398,1
"CRS3035RES20000mN2900000E4780000",400.000490861988,400.000490861988,1
"CRS3035RES20000mN2900000E4800000",400.000490835487,400.000490835487,1
"CRS3035RES20000mN2900000E4820000",400.000490807835,400.000490807835,1
"CRS3035RES20000mN2900000E4840000",400.000490779173,400.000490779173,1
"CRS3035RES20000mN2900000E4860000",400.000490749352,400.000490749352,1
"CRS3035RES20000mN2900000E4880000",400.000490718378,400.000490718378,1
"CRS3035RES20000mN2900000E4900000",400.0004906863,400.0004906863,1
"CRS3035RES20000mN2920000E3200000",400.000489458721,16.0822884243311,0.0402056718632858
"CRS3035RES20000mN2920000E3220000",400.000489518978,44.6451520073109,0.111612743426887
"CRS3035RES20000mN2920000E3240000",400.000489578266,348.612570298051,0.871530359039323
"CRS3035RES20000mN2920000E3260000",400.000489636356,393.042558819415,0.982605194250469
"CRS3035RES20000mN2920000E3280000",400.000489693504,396.155610765773,0.990387814448233
"CRS3035RES20000mN2920000E3300000",400.00048974958,345.567477661809,0.863917636396272
"CRS3035RES20000mN2920000E3320000",400.000489804489,352.077262163574,0.880192077603859
"CRS3035RES20000mN2920000E3340000",400.000489858265,400.000489858265,1
"CRS3035RES20000mN2920000E3360000",400.000489911114,293.806905246379,0.734516363496624
"CRS3035RES20000mN2920000E3380000",400.000489962746,1.17651173148137,0.00294127572591461
"CRS3035RES20000mN2920000E3460000",400.000490158886,72.531943196264,0.181329635789829
"CRS3035RES20000mN2920000E3480000",400.000490205296,400.000490205296,1
"CRS3035RES20000mN2920000E3500000",400.000490250565,400.000490250565,1
"CRS3035RES20000mN2920000E3520000",400.000490294701,400.000490294701,1
"CRS3035RES20000mN2920000E3540000",400.000490337818,400.000490337818,1
"CRS3035RES20000mN2920000E3560000",400.000490379772,400.000490379772,1
"CRS3035RES20000mN2920000E3580000",400.00049042065,400.00049042065,1
"CRS3035RES20000mN2920000E3600000",400.000490460457,400.000490460457,1
"CRS3035RES20000mN2920000E3620000",400.00049049913,400.00049049913,1
"CRS3035RES20000mN2920000E3640000",400.000490536835,400.000490536835,1
"CRS3035RES20000mN2920000E3660000",400.000490573296,400.000490573296,1
"CRS3035RES20000mN2920000E3680000",400.000490608723,400.000490608723,1
"CRS3035RES20000mN2920000E3700000",400.000490643135,400.000490643135,1
"CRS3035RES20000mN2920000E3720000",400.000490676384,400.000490676384,1
"CRS3035RES20000mN2920000E3740000",400.000490708513,400.000490708513,1
"CRS3035RES20000mN2920000E3760000",400.000490739653,400.000490739653,1
"CRS3035RES20000mN2920000E3780000",400.000490769512,400.000490769512,1
"CRS3035RES20000mN2920000E3800000",400.000490798376,400.000490798376,1
"CRS3035RES20000mN2920000E3820000",400.000490826126,400.000490826126,1
"CRS3035RES20000mN2920000E3840000",400.000490852783,400.000490852783,1
"CRS3035RES20000mN2920000E3860000",400.000490878242,400.000490878242,1
"CRS3035RES20000mN2920000E3880000",400.000490902809,400.000490902809,1
"CRS3035RES20000mN2920000E3900000",400.000490926058,400.000490926058,1
"CRS3035RES20000mN2920000E3920000",400.000490948284,400.000490948284,1
"CRS3035RES20000mN2920000E3940000",400.000490969461,400.000490969461,1
"CRS3035RES20000mN2920000E3960000",400.000490989525,400.000490989525,1
"CRS3035RES20000mN2920000E3980000",400.000491008444,400.000491008444,1
"CRS3035RES20000mN2920000E4000000",400.000491026146,400.000491026146,1
"CRS3035RES20000mN2920000E4020000",400.000491042839,400.000491042839,1
"CRS3035RES20000mN2920000E4040000",400.000491058506,400.000491058506,1
"CRS3035RES20000mN2920000E4060000",400.000491072986,400.000491072986,1
"CRS3035RES20000mN2920000E4080000",400.000491086343,400.000491086343,1
"CRS3035RES20000mN2920000E4100000",400.000491098671,400.000491098671,1
"CRS3035RES20000mN2920000E4120000",400.000491109831,400.000491109831,1
"CRS3035RES20000mN2920000E4140000",400.000491119839,400.000491119839,1
"CRS3035RES20000mN2920000E4160000",400.000491128787,400.000491128787,1
"CRS3035RES20000mN2920000E4180000",400.000491136584,400.000491136584,1
"CRS3035RES20000mN2920000E4200000",400.000491143338,400.000491143338,1
"CRS3035RES20000mN2920000E4220000",400.000491149042,400.000491149042,1
"CRS3035RES20000mN2920000E4240000",400.000491153456,400.000491153456,1
"CRS3035RES20000mN2920000E4260000",400.000491156897,400.000491156897,1
"CRS3035RES20000mN2920000E4280000",400.000491159081,400.000491159081,1
"CRS3035RES20000mN2920000E4300000",400.000491160287,400.000491160287,1
"CRS3035RES20000mN2920000E4320000",400.000491160321,400.000491160321,1
"CRS3035RES20000mN2920000E4340000",400.000491159305,400.000491159305,1
"CRS3035RES20000mN2920000E4360000",400.000491157053,400.000491157053,1
"CRS3035RES20000mN2920000E4380000",400.000491153888,400.000491153888,1
"CRS3035RES20000mN2920000E4400000",400.000491149437,400.000491149437,1
"CRS3035RES20000mN2920000E4420000",400.00049114399,400.00049114399,1
"CRS3035RES20000mN2920000E4440000",400.000491137338,400.000491137338,1
"CRS3035RES20000mN2920000E4460000",400.00049112969,400.00049112969,1
"CRS3035RES20000mN2920000E4480000",400.000491120846,400.000491120846,1
"CRS3035RES20000mN2920000E4500000",400.000491110877,400.000491110877,1
"CRS3035RES20000mN2920000E4520000",400.000491099864,400.000491099864,1
"CRS3035RES20000mN2920000E4540000",400.000491087718,400.000491087718,1
"CRS3035RES20000mN2920000E4560000",400.000491074457,400.000491074457,1
"CRS3035RES20000mN2920000E4580000",400.00049106003,400.00049106003,1
"CRS3035RES20000mN2920000E4600000",400.00049104455,400.00049104455,1
"CRS3035RES20000mN2920000E4620000",400.000491027948,400.000491027948,1
"CRS3035RES20000mN2920000E4640000",400.000491010185,400.000491010185,1
"CRS3035RES20000mN2920000E4660000",400.000490991425,400.000490991425,1
"CRS3035RES20000mN2920000E4680000",400.000490971567,400.000490971567,1
"CRS3035RES20000mN2920000E4700000",400.00049095052,400.00049095052,1
"CRS3035RES20000mN2920000E4720000",400.000490928452,400.000490928452,1
"CRS3035RES20000mN2920000E4740000",400.000490905064,400.000490905064,1
"CRS3035RES20000mN2920000E4760000",400.0004908808,400.0004908808,1
"CRS3035RES20000mN2920000E4780000",400.000490855352,400.000490855352,1
"CRS3035RES20000mN2920000E4800000",400.000490828852,400.000490828852,1
"CRS3035RES20000mN2920000E4820000",400.000490801174,400.000490801174,1
"CRS3035RES20000mN2920000E4840000",400.000490772388,400.000490772388,1
"CRS3035RES20000mN2920000E4860000",400.000490742613,400.000490742613,1
"CRS3035RES20000mN2920000E4880000",400.000490711658,400.000490711658,1
"CRS3035RES20000mN2920000E4900000",400.000490679636,400.000490679636,1
"CRS3035RES20000mN2940000E3240000",400.000489570095,2.32577937378559,0.0058144413180225
"CRS3035RES20000mN2940000E3260000",400.0004896283,23.2631335619004,0.0581577627155348
"CRS3035RES20000mN2940000E3280000",400.000489685394,39.892630375513,0.0997314538461916
"CRS3035RES20000mN2940000E3300000",400.000489741482,1.11073114478291,0.00277682446214196
"CRS3035RES20000mN2940000E3320000",400.000489796413,78.1368962773285,0.195342001498792
"CRS3035RES20000mN2940000E3340000",400.000489850307,118.895253775529,0.297237770433788
"CRS3035RES20000mN2940000E3360000",400.000489903061,47.6280209007341,0.119069906420056
"CRS3035RES20000mN2940000E3460000",400.000490150963,35.6757549633077,0.089189278117743
"CRS3035RES20000mN2940000E3480000",400.000490197369,396.99525818941,0.992486929187322
"CRS3035RES20000mN2940000E3500000",400.000490242561,400.000490242561,1
"CRS3035RES20000mN2940000E3520000",400.000490286697,400.000490286697,1
"CRS3035RES20000mN2940000E3540000",400.000490329807,400.000490329807,1
"CRS3035RES20000mN2940000E3560000",400.000490371826,399.427327024866,0.998567093389242
"CRS3035RES20000mN2940000E3580000",400.000490412758,399.321923535886,0.998303584887679
"CRS3035RES20000mN2940000E3600000",400.000490452595,400.000490452595,1
"CRS3035RES20000mN2940000E3620000",400.000490491268,400.000490491268,1
"CRS3035RES20000mN2940000E3640000",400.00049052882,400.00049052882,1
"CRS3035RES20000mN2940000E3660000",400.00049056546,400.00049056546,1
"CRS3035RES20000mN2940000E3680000",400.00049060091,400.00049060091,1
"CRS3035RES20000mN2940000E3700000",400.000490635239,400.000490635239,1
"CRS3035RES20000mN2940000E3720000",400.000490668491,400.000490668491,1
"CRS3035RES20000mN2940000E3740000",400.000490700693,400.000490700693,1
"CRS3035RES20000mN2940000E3760000",400.000490731649,400.000490731649,1
"CRS3035RES20000mN2940000E3780000",400.000490761665,400.000490761665,1
"CRS3035RES20000mN2940000E3800000",400.000490790508,400.000490790508,1
"CRS3035RES20000mN2940000E3820000",400.000490818253,400.000490818253,1
"CRS3035RES20000mN2940000E3840000",400.000490844912,400.000490844912,1
"CRS3035RES20000mN2940000E3860000",400.000490870556,400.000490870556,1
"CRS3035RES20000mN2940000E3880000",400.000490894947,400.000490894947,1
"CRS3035RES20000mN2940000E3900000",400.000490918352,400.000490918352,1
"CRS3035RES20000mN2940000E3920000",400.000490940565,400.000490940565,1
"CRS3035RES20000mN2940000E3940000",400.000490961657,400.000490961657,1
"CRS3035RES20000mN2940000E3960000",400.000490981649,400.000490981649,1
"CRS3035RES20000mN2940000E3980000",400.000491000565,400.000491000565,1
"CRS3035RES20000mN2940000E4000000",400.000491018522,400.000491018522,1
"CRS3035RES20000mN2940000E4020000",400.000491035174,400.000491035174,1
"CRS3035RES20000mN2940000E4040000",400.000491050769,400.000491050769,1
"CRS3035RES20000mN2940000E4060000",400.000491065253,400.000491065253,1
"CRS3035RES20000mN2940000E4080000",400.000491078565,400.000491078565,1
"CRS3035RES20000mN2940000E4100000",400.000491090745,400.000491090745,1
"CRS3035RES20000mN2940000E4120000",400.000491102031,400.000491102031,1
"CRS3035RES20000mN2940000E4140000",400.000491112042,400.000491112042,1
"CRS3035RES20000mN2940000E4160000",400.000491121031,400.000491121031,1
"CRS3035RES20000mN2940000E4180000",400.000491128855,400.000491128855,1
"CRS3035RES20000mN2940000E4200000",400.0004911356,400.0004911356,1
"CRS3035RES20000mN2940000E4220000",400.000491141191,400.000491141191,1
"CRS3035RES20000mN2940000E4240000",400.000491145717,400.000491145717,1
"CRS3035RES20000mN2940000E4260000",400.000491149034,400.000491149034,1
"CRS3035RES20000mN2940000E4280000",400.00049115139,400.00049115139,1
"CRS3035RES20000mN2940000E4300000",400.000491152621,400.000491152621,1
"CRS3035RES20000mN2940000E4320000",400.000491152596,400.000491152596,1
"CRS3035RES20000mN2940000E4340000",400.000491151523,400.000491151523,1
"CRS3035RES20000mN2940000E4360000",400.000491149464,400.000491149464,1
"CRS3035RES20000mN2940000E4380000",400.000491146055,400.000491146055,1
"CRS3035RES20000mN2940000E4400000",400.000491141716,400.000491141716,1
"CRS3035RES20000mN2940000E4420000",400.000491136195,400.000491136195,1
"CRS3035RES20000mN2940000E4440000",400.000491129671,400.000491129671,1
"CRS3035RES20000mN2940000E4460000",400.000491121851,400.000491121851,1
"CRS3035RES20000mN2940000E4480000",400.000491112989,400.000491112989,1
"CRS3035RES20000mN2940000E4500000",400.000491103098,400.000491103098,1
"CRS3035RES20000mN2940000E4520000",400.000491092052,400.000491092052,1
"CRS3035RES20000mN2940000E4540000",400.000491079844,400.000491079844,1
"CRS3035RES20000mN2940000E4560000",400.000491066599,400.000491066599,1
"CRS3035RES20000mN2940000E4580000",400.000491052243,400.000491052243,1
"CRS3035RES20000mN2940000E4600000",400.000491036721,400.000491036721,1
"CRS3035RES20000mN2940000E4620000",400.000491020152,400.000491020152,1
"CRS3035RES20000mN2940000E4640000",400.000491002441,400.000491002441,1
"CRS3035RES20000mN2940000E4660000",400.000490983658,400.000490983658,1
"CRS3035RES20000mN2940000E4680000",400.000490963642,400.000490963642,1
"CRS3035RES20000mN2940000E4700000",400.000490942656,400.000490942656,1
"CRS3035RES20000mN2940000E4720000",400.000490920515,400.000490920515,1
"CRS3035RES20000mN2940000E4740000",400.000490897392,400.000490897392,1
"CRS3035RES20000mN2940000E4760000",400.000490873022,400.000490873022,1
"CRS3035RES20000mN2940000E4780000",400.000490847546,400.000490847546,1
"CRS3035RES20000mN2940000E4800000",400.000490820997,400.000490820997,1
"CRS3035RES20000mN2940000E4820000",400.000490793364,400.000490793364,1
"CRS3035RES20000mN2940000E4840000",400.000490764647,400.000490764647,1
"CRS3035RES20000mN2940000E4860000",400.000490734669,400.000490734669,1
"CRS3035RES20000mN2940000E4880000",400.000490703861,400.000490703861,1
"CRS3035RES20000mN2940000E4900000",400.000490671803,400.000490671803,1
"CRS3035RES20000mN2940000E4920000",400.000490638575,400.000490638575,1
"CRS3035RES20000mN2960000E3460000",400.000490141888,54.4956868953429,0.136239050297194
"CRS3035RES20000mN2960000E3480000",400.000490188225,396.76575701031,0.991913176965376
"CRS3035RES20000mN2960000E3500000",400.000490233513,383.427348672328,0.95856719687641
"CRS3035RES20000mN2960000E3520000",400.000490277664,358.878587367666,0.897195368732041
"CRS3035RES20000mN2960000E3540000",400.000490320766,236.522469504505,0.591305448937911
"CRS3035RES20000mN2960000E3560000",400.000490362751,110.242086264442,0.275604877795191
"CRS3035RES20000mN2960000E3580000",400.000490403683,29.027843812288,0.0725695205598198
"CRS3035RES20000mN2960000E3600000",400.00049044355,230.102223509376,0.575254853448359
"CRS3035RES20000mN2960000E3620000",400.000490482288,380.598867323595,0.951496001579147
"CRS3035RES20000mN2960000E3640000",400.000490519859,400.000490519859,1
"CRS3035RES20000mN2960000E3660000",400.000490556416,400.000490556416,1
"CRS3035RES20000mN2960000E3680000",400.000490591812,400.000490591812,1
"CRS3035RES20000mN2960000E3700000",400.000490626198,400.000490626198,1
"CRS3035RES20000mN2960000E3720000",400.000490659487,400.000490659487,1
"CRS3035RES20000mN2960000E3740000",400.000490691587,400.000490691587,1
"CRS3035RES20000mN2960000E3760000",400.000490722689,400.000490722689,1
"CRS3035RES20000mN2960000E3780000",400.000490752668,400.000490752668,1
"CRS3035RES20000mN2960000E3800000",400.000490781517,400.000490781517,1
"CRS3035RES20000mN2960000E3820000",400.00049080937,400.00049080937,1
"CRS3035RES20000mN2960000E3840000",400.000490835932,400.000490835932,1
"CRS3035RES20000mN2960000E3860000",400.0004908615,400.0004908615,1
"CRS3035RES20000mN2960000E3880000",400.000490885921,400.000490885921,1
"CRS3035RES20000mN2960000E3900000",400.000490909256,400.000490909256,1
"CRS3035RES20000mN2960000E3920000",400.000490931522,400.000490931522,1
"CRS3035RES20000mN2960000E3940000",400.000490952688,400.000490952688,1
"CRS3035RES20000mN2960000E3960000",400.000490972792,400.000490972792,1
"CRS3035RES20000mN2960000E3980000",400.00049099161,400.00049099161,1
"CRS3035RES20000mN2960000E4000000",400.000491009423,400.000491009423,1
"CRS3035RES20000mN2960000E4020000",400.000491026097,400.000491026097,1
"CRS3035RES20000mN2960000E4040000",400.000491041713,400.000491041713,1
"CRS3035RES20000mN2960000E4060000",400.000491056229,400.000491056229,1
"CRS3035RES20000mN2960000E4080000",400.000491069672,400.000491069672,1
"CRS3035RES20000mN2960000E4100000",400.000491081992,400.000491081992,1
"CRS3035RES20000mN2960000E4120000",400.000491093012,400.000491093012,1
"CRS3035RES20000mN2960000E4140000",400.000491103202,400.000491103202,1
"CRS3035RES20000mN2960000E4160000",400.000491112151,400.000491112151,1
"CRS3035RES20000mN2960000E4180000",400.000491119942,400.000491119942,1
"CRS3035RES20000mN2960000E4200000",400.000491126651,400.000491126651,1
"CRS3035RES20000mN2960000E4220000",400.000491132263,400.000491132263,1
"CRS3035RES20000mN2960000E4240000",400.00049113673,400.00049113673,1
"CRS3035RES20000mN2960000E4260000",400.000491140119,400.000491140119,1
"CRS3035RES20000mN2960000E4280000",400.0004911424,400.0004911424,1
"CRS3035RES20000mN2960000E4300000",400.00049114353,400.00049114353,1
"CRS3035RES20000mN2960000E4320000",400.000491143629,400.000491143629,1
"CRS3035RES20000mN2960000E4340000",400.000491142553,400.000491142553,1
"CRS3035RES20000mN2960000E4360000",400.00049114036,400.00049114036,1
"CRS3035RES20000mN2960000E4380000",400.000491137128,400.000491137128,1
"CRS3035RES20000mN2960000E4400000",400.00049113276,400.00049113276,1
"CRS3035RES20000mN2960000E4420000",400.000491127272,400.000491127272,1
"CRS3035RES20000mN2960000E4440000",400.00049112062,400.00049112062,1
"CRS3035RES20000mN2960000E4460000",400.000491112899,400.000491112899,1
"CRS3035RES20000mN2960000E4480000",400.000491104133,400.000491104133,1
"CRS3035RES20000mN2960000E4500000",400.000491094109,400.000491094109,1
"CRS3035RES20000mN2960000E4520000",400.000491083062,400.000491083062,1
"CRS3035RES20000mN2960000E4540000",400.000491070869,400.000491070869,1
"CRS3035RES20000mN2960000E4560000",400.000491057644,400.000491057644,1
"CRS3035RES20000mN2960000E4580000",400.000491043282,400.000491043282,1
"CRS3035RES20000mN2960000E4600000",400.00049102776,400.00049102776,1
"CRS3035RES20000mN2960000E4620000",400.000491011131,400.000491011131,1
"CRS3035RES20000mN2960000E4640000",400.000490993397,400.000490993397,1
"CRS3035RES20000mN2960000E4660000",400.0004909746,400.0004909746,1
"CRS3035RES20000mN2960000E4680000",400.000490954744,400.000490954744,1
"CRS3035RES20000mN2960000E4700000",400.000490933672,400.000490933672,1
"CRS3035RES20000mN2960000E4720000",400.000490911587,400.000490911587,1
"CRS3035RES20000mN2960000E4740000",400.000490888338,400.000490888338,1
"CRS3035RES20000mN2960000E4760000",400.00049086401,400.00049086401,1
"CRS3035RES20000mN2960000E4780000",400.000490838583,400.000490838583,1
"CRS3035RES20000mN2960000E4800000",400.000490811968,400.000490811968,1
"CRS3035RES20000mN2960000E4820000",400.000490784344,400.000490784344,1
"CRS3035RES20000mN2960000E4840000",400.000490755581,400.000490755581,1
"CRS3035RES20000mN2960000E4860000",400.000490725822,400.000490725822,1
"CRS3035RES20000mN2960000E4880000",400.000490694748,400.000490694748,1
"CRS3035RES20000mN2960000E4900000",400.000490662664,400.000490662664,1
"CRS3035RES20000mN2960000E4920000",400.000490629618,400.000490629618,1
"CRS3035RES20000mN2960000E4940000",400.000490595348,400.000490595348,1
"CRS3035RES20000mN2980000E3460000",400.000490131695,213.822716922409,0.534556137298759
"CRS3035RES20000mN2980000E3480000",400.000490177959,400.000490177959,1
"CRS3035RES20000mN2980000E3500000",400.000490223309,212.637182807373,0.531592305521085
"CRS3035RES20000mN2980000E3520000",400.000490267429,2.2933413582617,0.0057333463684718
"CRS3035RES20000mN2980000E3600000",400.000490433254,221.350961886996,0.553376726231619
"CRS3035RES20000mN2980000E3620000",400.000490472015,400.000490472015,1
"CRS3035RES20000mN2980000E3640000",400.000490509697,400.000490509697,1
"CRS3035RES20000mN2980000E3660000",400.000490546185,400.000490546185,1
"CRS3035RES20000mN2980000E3680000",400.00049058173,400.00049058173,1
"CRS3035RES20000mN2980000E3700000",400.000490616058,400.000490616058,1
"CRS3035RES20000mN2980000E3720000",400.000490649254,400.000490649254,1
"CRS3035RES20000mN2980000E3740000",400.000490681438,400.000490681438,1
"CRS3035RES20000mN2980000E3760000",400.000490712555,400.000490712555,1
"CRS3035RES20000mN2980000E3780000",400.000490742458,400.000490742458,1
"CRS3035RES20000mN2980000E3800000",400.000490771324,400.000490771324,1
"CRS3035RES20000mN2980000E3820000",400.000490799009,400.000490799009,1
"CRS3035RES20000mN2980000E3840000",400.000490825811,400.000490825811,1
"CRS3035RES20000mN2980000E3860000",400.000490851311,400.000490851311,1
"CRS3035RES20000mN2980000E3880000",400.000490875784,400.000490875784,1
"CRS3035RES20000mN2980000E3900000",400.000490899111,400.000490899111,1
"CRS3035RES20000mN2980000E3920000",400.000490921379,400.000490921379,1
"CRS3035RES20000mN2980000E3940000",400.000490942528,400.000490942528,1
"CRS3035RES20000mN2980000E3960000",400.000490962526,400.000490962526,1
"CRS3035RES20000mN2980000E3980000",400.000490981491,400.000490981491,1
"CRS3035RES20000mN2980000E4000000",400.00049099929,400.00049099929,1
"CRS3035RES20000mN2980000E4020000",400.000491016109,400.000491016109,1
"CRS3035RES20000mN2980000E4040000",400.000491031637,400.000491031637,1
"CRS3035RES20000mN2980000E4060000",400.000491046134,400.000491046134,1
"CRS3035RES20000mN2980000E4080000",400.000491059484,400.000491059484,1
"CRS3035RES20000mN2980000E4100000",400.000491071756,400.000491071756,1
"CRS3035RES20000mN2980000E4120000",400.000491082934,400.000491082934,1
"CRS3035RES20000mN2980000E4140000",400.000491092955,400.000491092955,1
"CRS3035RES20000mN2980000E4160000",400.000491101857,400.000491101857,1
"CRS3035RES20000mN2980000E4180000",400.000491109732,400.000491109732,1
"CRS3035RES20000mN2980000E4200000",400.000491116539,400.000491116539,1
"CRS3035RES20000mN2980000E4220000",400.000491122114,400.000491122114,1
"CRS3035RES20000mN2980000E4240000",400.000491126606,400.000491126606,1
"CRS3035RES20000mN2980000E4260000",400.000491130031,400.000491130031,1
"CRS3035RES20000mN2980000E4280000",400.000491132331,400.000491132331,1
"CRS3035RES20000mN2980000E4300000",400.000491133437,400.000491133437,1
"CRS3035RES20000mN2980000E4320000",400.000491133515,400.000491133515,1
"CRS3035RES20000mN2980000E4340000",400.000491132486,400.000491132486,1
"CRS3035RES20000mN2980000E4360000",400.000491130287,400.000491130287,1
"CRS3035RES20000mN2980000E4380000",400.000491127017,400.000491127017,1
"CRS3035RES20000mN2980000E4400000",400.000491122582,400.000491122582,1
"CRS3035RES20000mN2980000E4420000",400.000491117134,400.000491117134,1
"CRS3035RES20000mN2980000E4440000",400.000491110475,400.000491110475,1
"CRS3035RES20000mN2980000E4460000",400.000491102736,400.000491102736,1
"CRS3035RES20000mN2980000E4480000",400.000491093967,400.000491093967,1
"CRS3035RES20000mN2980000E4500000",400.000491084011,400.000491084011,1
"CRS3035RES20000mN2980000E4520000",400.000491072984,400.000491072984,1
"CRS3035RES20000mN2980000E4540000",400.000491060803,400.000491060803,1
"CRS3035RES20000mN2980000E4560000",400.000491047479,400.000491047479,1
"CRS3035RES20000mN2980000E4580000",400.000491033111,400.000491033111,1
"CRS3035RES20000mN2980000E4600000",400.000491017621,400.000491017621,1
"CRS3035RES20000mN2980000E4620000",400.000491001044,400.000491001044,1
"CRS3035RES20000mN2980000E4640000",400.000490983418,400.000490983418,1
"CRS3035RES20000mN2980000E4660000",400.000490964443,400.000490964443,1
"CRS3035RES20000mN2980000E4680000",400.000490944658,400.000490944658,1
"CRS3035RES20000mN2980000E4700000",400.000490923613,400.000490923613,1
"CRS3035RES20000mN2980000E4720000",400.000490901461,400.000490901461,1
"CRS3035RES20000mN2980000E4740000",400.000490878201,400.000490878201,1
"CRS3035RES20000mN2980000E4760000",400.00049085375,400.00049085375,1
"CRS3035RES20000mN2980000E4780000",400.000490828375,400.000490828375,1
"CRS3035RES20000mN2980000E4800000",400.000490801876,400.000490801876,1
"CRS3035RES20000mN2980000E4820000",400.00049077426,400.00049077426,1
"CRS3035RES20000mN2980000E4840000",400.000490745371,400.000490745371,1
"CRS3035RES20000mN2980000E4860000",400.000490715595,400.000490715595,1
"CRS3035RES20000mN2980000E4880000",400.000490684559,400.000490684559,1
"CRS3035RES20000mN2980000E4900000",400.000490652594,400.000490652594,1
"CRS3035RES20000mN2980000E4920000",400.000490619482,400.000490619482,1
"CRS3035RES20000mN2980000E4940000",400.000490585224,400.000490585224,1
"CRS3035RES20000mN3000000E3460000",400.000490120232,244.76086810015,0.611901420487211
"CRS3035RES20000mN3000000E3480000",400.000490166576,332.545279819235,0.831362180783203
"CRS3035RES20000mN3000000E3500000",400.000490211838,196.996902883647,0.492491653646021
"CRS3035RES20000mN3000000E3600000",400.00049042194,16.0502509603984,0.0401255782048363
"CRS3035RES20000mN3000000E3620000",400.000490460674,160.317905813055,0.400794273098064
"CRS3035RES20000mN3000000E3640000",400.000490498341,298.155076902229,0.745386778228129
"CRS3035RES20000mN3000000E3660000",400.000490534935,350.151451682838,0.875377555698915
"CRS3035RES20000mN3000000E3680000",400.000490570286,399.106375997696,0.997764716309935
"CRS3035RES20000mN3000000E3700000",400.000490604637,400.000490604637,1
"CRS3035RES20000mN3000000E3720000",400.00049063796,400.00049063796,1
"CRS3035RES20000mN3000000E3740000",400.000490670189,400.000490670189,1
"CRS3035RES20000mN3000000E3760000",400.000490701208,400.000490701208,1
"CRS3035RES20000mN3000000E3780000",400.00049073122,400.00049073122,1
"CRS3035RES20000mN3000000E3800000",400.000490760029,400.000490760029,1
"CRS3035RES20000mN3000000E3820000",400.000490787846,400.000490787846,1
"CRS3035RES20000mN3000000E3840000",400.000490814449,400.000490814449,1
"CRS3035RES20000mN3000000E3860000",400.000490839977,400.000490839977,1
"CRS3035RES20000mN3000000E3880000",400.000490864401,400.000490864401,1
"CRS3035RES20000mN3000000E3900000",400.000490887798,400.000490887798,1
"CRS3035RES20000mN3000000E3920000",400.000490910053,400.000490910053,1
"CRS3035RES20000mN3000000E3940000",400.000490931232,400.000490931232,1
"CRS3035RES20000mN3000000E3960000",400.000490951233,400.000490951233,1
"CRS3035RES20000mN3000000E3980000",400.000490970163,400.000490970163,1
"CRS3035RES20000mN3000000E4000000",400.000490988039,400.000490988039,1
"CRS3035RES20000mN3000000E4020000",400.000491004677,400.000491004677,1
"CRS3035RES20000mN3000000E4040000",400.000491020372,400.000491020372,1
"CRS3035RES20000mN3000000E4060000",400.000491034831,400.000491034831,1
"CRS3035RES20000mN3000000E4080000",400.000491048183,400.000491048183,1
"CRS3035RES20000mN3000000E4100000",400.000491060547,400.000491060547,1
"CRS3035RES20000mN3000000E4120000",400.000491071708,400.000491071708,1
"CRS3035RES20000mN3000000E4140000",400.000491081775,400.000491081775,1
"CRS3035RES20000mN3000000E4160000",400.000491090697,400.000491090697,1
"CRS3035RES20000mN3000000E4180000",400.000491098523,400.000491098523,1
"CRS3035RES20000mN3000000E4200000",400.000491105225,400.000491105225,1
"CRS3035RES20000mN3000000E4220000",400.000491110893,400.000491110893,1
"CRS3035RES20000mN3000000E4240000",400.000491115414,400.000491115414,1
"CRS3035RES20000mN3000000E4260000",400.000491118718,400.000491118718,1
"CRS3035RES20000mN3000000E4280000",400.000491121029,400.000491121029,1
"CRS3035RES20000mN3000000E4300000",400.000491122199,400.000491122199,1
"CRS3035RES20000mN3000000E4320000",400.000491122247,400.000491122247,1
"CRS3035RES20000mN3000000E4340000",400.000491121126,400.000491121126,1
"CRS3035RES20000mN3000000E4360000",400.000491119035,400.000491119035,1
"CRS3035RES20000mN3000000E4380000",400.000491115743,400.000491115743,1
"CRS3035RES20000mN3000000E4400000",400.000491111418,400.000491111418,1
"CRS3035RES20000mN3000000E4420000",400.000491105763,400.000491105763,1
"CRS3035RES20000mN3000000E4440000",400.000491099252,400.000491099252,1
"CRS3035RES20000mN3000000E4460000",400.000491091507,400.000491091507,1
"CRS3035RES20000mN3000000E4480000",400.000491082569,400.000491082569,1
"CRS3035RES20000mN3000000E4500000",400.00049107262,400.00049107262,1
"CRS3035RES20000mN3000000E4520000",400.000491061625,400.000491061625,1
"CRS3035RES20000mN3000000E4540000",400.000491049503,400.000491049503,1
"CRS3035RES20000mN3000000E4560000",400.000491036139,400.000491036139,1
"CRS3035RES20000mN3000000E4580000",400.00049102185,400.00049102185,1
"CRS3035RES20000mN3000000E4600000",400.000491006346,400.000491006346,1
"CRS3035RES20000mN3000000E4620000",400.000490989701,400.000490989701,1
"CRS3035RES20000mN3000000E4640000",400.000490971941,400.000490971941,1
"CRS3035RES20000mN3000000E4660000",400.000490953211,400.000490953211,1
"CRS3035RES20000mN3000000E4680000",400.000490933184,400.000490933184,1
"CRS3035RES20000mN3000000E4700000",400.000490912214,400.000490912214,1
"CRS3035RES20000mN3000000E4720000",400.000490890051,400.000490890051,1
"CRS3035RES20000mN3000000E4740000",400.000490866766,400.000490866766,1
"CRS3035RES20000mN3000000E4760000",400.00049084256,400.00049084256,1
"CRS3035RES20000mN3000000E4780000",400.000490817051,400.000490817051,1
"CRS3035RES20000mN3000000E4800000",400.000490790476,400.000490790476,1
"CRS3035RES20000mN3000000E4820000",400.000490762817,400.000490762817,1
"CRS3035RES20000mN3000000E4840000",400.000490734139,400.000490734139,1
"CRS3035RES20000mN3000000E4860000",400.000490704138,400.000490704138,1
"CRS3035RES20000mN3000000E4880000",400.000490673254,400.000490673254,1
"CRS3035RES20000mN3000000E4900000",400.000490641153,400.000490641153,1
"CRS3035RES20000mN3000000E4920000",400.000490607925,400.000490607925,1
"CRS3035RES20000mN3020000E3460000",400.000490107693,50.1517813292261,0.125379299699667
"CRS3035RES20000mN3020000E3680000",400.0004905578,51.562925141572,0.128907154762904
"CRS3035RES20000mN3020000E3700000",400.000490592127,305.276198980082,0.763189561413231
"CRS3035RES20000mN3020000E3720000",400.000490625505,400.000490625505,1
"CRS3035RES20000mN3020000E3740000",400.000490657507,400.000490657507,1
"CRS3035RES20000mN3020000E3760000",400.000490688618,400.000490688618,1
"CRS3035RES20000mN3020000E3780000",400.000490718649,400.000490718649,1
"CRS3035RES20000mN3020000E3800000",400.000490747547,400.000490747547,1
"CRS3035RES20000mN3020000E3820000",400.000490775249,400.000490775249,1
"CRS3035RES20000mN3020000E3840000",400.000490801912,400.000490801912,1
"CRS3035RES20000mN3020000E3860000",400.000490827526,400.000490827526,1
"CRS3035RES20000mN3020000E3880000",400.000490852032,400.000490852032,1
"CRS3035RES20000mN3020000E3900000",400.000490875319,400.000490875319,1
"CRS3035RES20000mN3020000E3920000",400.000490897547,400.000490897547,1
"CRS3035RES20000mN3020000E3940000",400.000490918697,400.000490918697,1
"CRS3035RES20000mN3020000E3960000",400.000490938778,400.000490938778,1
"CRS3035RES20000mN3020000E3980000",400.00049095776,400.00049095776,1
"CRS3035RES20000mN3020000E4000000",400.000490975487,400.000490975487,1
"CRS3035RES20000mN3020000E4020000",400.000490992228,400.000490992228,1
"CRS3035RES20000mN3020000E4040000",400.000491007779,400.000491007779,1
"CRS3035RES20000mN3020000E4060000",400.000491022339,400.000491022339,1
"CRS3035RES20000mN3020000E4080000",400.000491035756,400.000491035756,1
"CRS3035RES20000mN3020000E4100000",400.000491047925,400.000491047925,1
"CRS3035RES20000mN3020000E4120000",400.000491059175,400.000491059175,1
"CRS3035RES20000mN3020000E4140000",400.000491069195,400.000491069195,1
"CRS3035RES20000mN3020000E4160000",400.000491078189,400.000491078189,1
"CRS3035RES20000mN3020000E4180000",400.000491086048,400.000491086048,1
"CRS3035RES20000mN3020000E4200000",400.000491092695,400.000491092695,1
"CRS3035RES20000mN3020000E4220000",400.000491098285,400.000491098285,1
"CRS3035RES20000mN3020000E4240000",400.000491102815,400.000491102815,1
"CRS3035RES20000mN3020000E4260000",400.000491106278,400.000491106278,1
"CRS3035RES20000mN3020000E4280000",400.000491108488,400.000491108488,1
"CRS3035RES20000mN3020000E4300000",400.000491109652,400.000491109652,1
"CRS3035RES20000mN3020000E4320000",400.000491109745,400.000491109745,1
"CRS3035RES20000mN3020000E4340000",400.000491108733,400.000491108733,1
"CRS3035RES20000mN3020000E4360000",400.000491106582,400.000491106582,1
"CRS3035RES20000mN3020000E4380000",400.000491103274,400.000491103274,1
"CRS3035RES20000mN3020000E4400000",400.000491098782,400.000491098782,1
"CRS3035RES20000mN3020000E4420000",400.000491093378,400.000491093378,1
"CRS3035RES20000mN3020000E4440000",400.000491086771,400.000491086771,1
"CRS3035RES20000mN3020000E4460000",400.000491078983,400.000491078983,1
"CRS3035RES20000mN3020000E4480000",400.000491070165,400.000491070165,1
"CRS3035RES20000mN3020000E4500000",400.000491060277,400.000491060277,1
"CRS3035RES20000mN3020000E4520000",400.00049104915,400.00049104915,1
"CRS3035RES20000mN3020000E4540000",400.000491036984,400.000491036984,1
"CRS3035RES20000mN3020000E4560000",400.000491023758,400.000491023758,1
"CRS3035RES20000mN3020000E4580000",400.000491009275,400.000491009275,1
"CRS3035RES20000mN3020000E4600000",400.000490993884,400.000490993884,1
"CRS3035RES20000mN3020000E4620000",400.000490977264,400.000490977264,1
"CRS3035RES20000mN3020000E4640000",400.00049095956,400.00049095956,1
"CRS3035RES20000mN3020000E4660000",400.000490940729,400.000490940729,1
"CRS3035RES20000mN3020000E4680000",400.000490920769,400.000490920769,1
"CRS3035RES20000mN3020000E4700000",400.000490899761,400.000490899761,1
"CRS3035RES20000mN3020000E4720000",400.000490877584,400.000490877584,1
"CRS3035RES20000mN3020000E4740000",400.000490854433,400.000490854433,1
"CRS3035RES20000mN3020000E4760000",400.000490829987,400.000490829987,1
"CRS3035RES20000mN3020000E4780000",400.000490804546,400.000490804546,1
"CRS3035RES20000mN3020000E4800000",400.000490777973,400.000490777973,1
"CRS3035RES20000mN3020000E4820000",400.000490750309,400.000490750309,1
"CRS3035RES20000mN3020000E4840000",400.000490721539,400.000490721539,1
"CRS3035RES20000mN3020000E4860000",400.000490691793,400.000490691793,1
"CRS3035RES20000mN3020000E4880000",400.000490660765,400.000490660765,1
"CRS3035RES20000mN3040000E3700000",400.000490578548,33.8246247595947,0.0845614581888932
"CRS3035RES20000mN3040000E3720000",400.000490611721,364.427295505077,0.911067121312172
"CRS3035RES20000mN3040000E3740000",400.000490644016,400.000490644016,1
"CRS3035RES20000mN3040000E3760000",400.000490675014,400.000490675014,1
"CRS3035RES20000mN3040000E3780000",400.000490704901,400.000490704901,1
"CRS3035RES20000mN3040000E3800000",400.000490733841,400.000490733841,1
"CRS3035RES20000mN3040000E3820000",400.000490761681,400.000490761681,1
"CRS3035RES20000mN3040000E3840000",400.000490788298,400.000490788298,1
"CRS3035RES20000mN3040000E3860000",400.000490813879,400.000490813879,1
"CRS3035RES20000mN3040000E3880000",400.000490838318,400.000490838318,1
"CRS3035RES20000mN3040000E3900000",400.000490861725,400.000490861725,1
"CRS3035RES20000mN3040000E3920000",400.000490883995,400.000490883995,1
"CRS3035RES20000mN3040000E3940000",400.000490905064,400.000490905064,1
"CRS3035RES20000mN3040000E3960000",400.000490925108,400.000490925108,1
"CRS3035RES20000mN3040000E3980000",400.000490944023,400.000490944023,1
"CRS3035RES20000mN3040000E4000000",400.000490961908,400.000490961908,1
"CRS3035RES20000mN3040000E4020000",400.000490978632,400.000490978632,1
"CRS3035RES20000mN3040000E4040000",400.00049099424,400.00049099424,1
"CRS3035RES20000mN3040000E4060000",400.000491008702,400.000491008702,1
"CRS3035RES20000mN3040000E4080000",400.000491022073,400.000491022073,1
"CRS3035RES20000mN3040000E4100000",400.000491034426,400.000491034426,1
"CRS3035RES20000mN3040000E4120000",400.000491045527,400.000491045527,1
"CRS3035RES20000mN3040000E4140000",400.000491055625,400.000491055625,1
"CRS3035RES20000mN3040000E4160000",400.000491064507,400.000491064507,1
"CRS3035RES20000mN3040000E4180000",400.000491072332,400.000491072332,1
"CRS3035RES20000mN3040000E4200000",400.000491079071,400.000491079071,1
"CRS3035RES20000mN3040000E4220000",400.000491084728,400.000491084728,1
"CRS3035RES20000mN3040000E4240000",400.000491089196,400.000491089196,1
"CRS3035RES20000mN3040000E4260000",400.00049109261,400.00049109261,1
"CRS3035RES20000mN3040000E4280000",400.000491094896,400.000491094896,1
"CRS3035RES20000mN3040000E4300000",400.000491096031,400.000491096031,1
"CRS3035RES20000mN3040000E4320000",400.000491096076,400.000491096076,1
"CRS3035RES20000mN3040000E4340000",400.000491094991,400.000491094991,1
"CRS3035RES20000mN3040000E4360000",400.000491092789,400.000491092789,1
"CRS3035RES20000mN3040000E4380000",400.000491089618,400.000491089618,1
"CRS3035RES20000mN3040000E4400000",400.000491085199,400.000491085199,1
"CRS3035RES20000mN3040000E4420000",400.000491079749,400.000491079749,1
"CRS3035RES20000mN3040000E4440000",400.000491073079,400.000491073079,1
"CRS3035RES20000mN3040000E4460000",400.000491065471,400.000491065471,1
"CRS3035RES20000mN3040000E4480000",400.000491056599,400.000491056599,1
"CRS3035RES20000mN3040000E4500000",400.000491046595,400.000491046595,1
"CRS3035RES20000mN3040000E4520000",400.000491035561,400.000491035561,1
"CRS3035RES20000mN3040000E4540000",400.000491023403,400.000491023403,1
"CRS3035RES20000mN3040000E4560000",400.000491010166,400.000491010166,1
"CRS3035RES20000mN3040000E4580000",400.000490995783,400.000490995783,1
"CRS3035RES20000mN3040000E4600000",400.00049098024,400.00049098024,1
"CRS3035RES20000mN3040000E4620000",400.000490963642,400.000490963642,1
"CRS3035RES20000mN3040000E4640000",400.000490945898,400.000490945898,1
"CRS3035RES20000mN3040000E4660000",400.000490927099,400.000490927099,1
"CRS3035RES20000mN3040000E4680000",400.000490907135,400.000490907135,1
"CRS3035RES20000mN3040000E4700000",400.000490886045,400.000490886045,1
"CRS3035RES20000mN3040000E4720000",400.000490863981,400.000490863981,1
"CRS3035RES20000mN3040000E4740000",400.000490840752,400.000490840752,1
"CRS3035RES20000mN3040000E4760000",400.00049081629,400.00049081629,1
"CRS3035RES20000mN3040000E4800000",400.000490764387,400.000490764387,1
"CRS3035RES20000mN3040000E4820000",400.000490736725,400.000490736725,1
"CRS3035RES20000mN3040000E4840000",400.000490707956,400.000490707956,1
"CRS3035RES20000mN3040000E4860000",400.00049067808,400.00049067808,1
"CRS3035RES20000mN3060000E3720000",400.000490596918,327.883258211478,0.819707140164204
"CRS3035RES20000mN3060000E3740000",400.000490629095,400.000490629095,1
"CRS3035RES20000mN3060000E3760000",400.000490660234,400.000490660234,1
"CRS3035RES20000mN3060000E3780000",400.000490690187,400.000490690187,1
"CRS3035RES20000mN3060000E3800000",400.000490719057,400.000490719057,1
"CRS3035RES20000mN3060000E3820000",400.000490746813,400.000490746813,1
"CRS3035RES20000mN3060000E3840000",400.000490773584,400.000490773584,1
"CRS3035RES20000mN3060000E3860000",400.000490799042,400.000490799042,1
"CRS3035RES20000mN3060000E3880000",400.000490823458,400.000490823458,1
"CRS3035RES20000mN3060000E3900000",400.000490846838,400.000490846838,1
"CRS3035RES20000mN3060000E3920000",400.000490869083,400.000490869083,1
"CRS3035RES20000mN3060000E3940000",400.000490890287,400.000490890287,1
"CRS3035RES20000mN3060000E3960000",400.000490910269,400.000490910269,1
"CRS3035RES20000mN3060000E3980000",400.000490929216,400.000490929216,1
"CRS3035RES20000mN3060000E4000000",400.000490947016,400.000490947016,1
"CRS3035RES20000mN3060000E4020000",400.000490963711,400.000490963711,1
"CRS3035RES20000mN3060000E4040000",400.000490979342,400.000490979342,1
"CRS3035RES20000mN3060000E4060000",400.000490993854,400.000490993854,1
"CRS3035RES20000mN3060000E4080000",400.000491007282,400.000491007282,1
"CRS3035RES20000mN3060000E4100000",400.000491019546,400.000491019546,1
"CRS3035RES20000mN3060000E4120000",400.000491030731,400.000491030731,1
"CRS3035RES20000mN3060000E4140000",400.000491040768,400.000491040768,1
"CRS3035RES20000mN3060000E4160000",400.000491049738,400.000491049738,1
"CRS3035RES20000mN3060000E4180000",400.000491057606,400.000491057606,1
"CRS3035RES20000mN3060000E4200000",400.000491064306,400.000491064306,1
"CRS3035RES20000mN3060000E4220000",400.000491069851,400.000491069851,1
"CRS3035RES20000mN3060000E4240000",400.00049107446,400.00049107446,1
"CRS3035RES20000mN3060000E4260000",400.000491077823,400.000491077823,1
"CRS3035RES20000mN3060000E4280000",400.000491080022,400.000491080022,1
"CRS3035RES20000mN3060000E4300000",400.000491081248,400.000491081248,1
"CRS3035RES20000mN3060000E4320000",400.000491081328,400.000491081328,1
"CRS3035RES20000mN3060000E4340000",400.000491080277,400.000491080277,1
"CRS3035RES20000mN3060000E4360000",400.000491078106,400.000491078106,1
"CRS3035RES20000mN3060000E4380000",400.000491074764,400.000491074764,1
"CRS3035RES20000mN3060000E4400000",400.000491070422,400.000491070422,1
"CRS3035RES20000mN3060000E4420000",400.000491064889,400.000491064889,1
"CRS3035RES20000mN3060000E4440000",400.000491058265,400.000491058265,1
"CRS3035RES20000mN3060000E4460000",400.000491050541,400.000491050541,1
"CRS3035RES20000mN3060000E4480000",400.000491041708,400.000491041708,1
"CRS3035RES20000mN3060000E4500000",400.000491031746,400.000491031746,1
"CRS3035RES20000mN3060000E4520000",400.000491020718,400.000491020718,1
"CRS3035RES20000mN3060000E4540000",400.000491008566,400.000491008566,1
"CRS3035RES20000mN3060000E4560000",400.000490995191,400.000490995191,1
"CRS3035RES20000mN3060000E4580000",400.0004909809,400.0004909809,1
"CRS3035RES20000mN3060000E4600000",400.000490965318,400.000490965318,1
"CRS3035RES20000mN3060000E4620000",400.00049094873,400.00049094873,1
"CRS3035RES20000mN3060000E4640000",400.000490930996,400.000490930996,1
"CRS3035RES20000mN3060000E4660000",400.000490912239,400.000490912239,1
"CRS3035RES20000mN3060000E4680000",400.000490892389,400.000490892389,1
"CRS3035RES20000mN3060000E4700000",400.000490871319,400.000490871319,1
"CRS3035RES20000mN3060000E4720000",400.000490849117,400.000490849117,1
"CRS3035RES20000mN3060000E4740000",400.000490825878,400.000490825878,1
"CRS3035RES20000mN3060000E4760000",400.000490801563,400.000490801563,1
"CRS3035RES20000mN3080000E3220000",400.000489422848,8.98624969657636,0.0224655967535
"CRS3035RES20000mN3080000E3240000",400.000489482128,5.79645696822262,0.0144911246876902
"CRS3035RES20000mN3080000E3720000",400.000490581059,273.076203416188,0.682689671253915
"CRS3035RES20000mN3080000E3740000",400.000490613148,400.000490613148,1
"CRS3035RES20000mN3080000E3760000",400.000490644184,400.000490644184,1
"CRS3035RES20000mN3080000E3780000",400.000490674191,400.000490674191,1
"CRS3035RES20000mN3080000E3800000",400.00049070311,400.00049070311,1
"CRS3035RES20000mN3080000E3820000",400.000490730799,400.000490730799,1
"CRS3035RES20000mN3080000E3840000",400.000490757418,400.000490757418,1
"CRS3035RES20000mN3080000E3860000",400.000490783138,400.000490783138,1
"CRS3035RES20000mN3080000E3880000",400.000490807497,400.000490807497,1
"CRS3035RES20000mN3080000E3900000",400.000490830935,400.000490830935,1
"CRS3035RES20000mN3080000E3920000",400.000490853184,400.000490853184,1
"CRS3035RES20000mN3080000E3940000",400.000490874292,400.000490874292,1
"CRS3035RES20000mN3080000E3960000",400.000490894346,400.000490894346,1
"CRS3035RES20000mN3080000E3980000",400.000490913282,400.000490913282,1
"CRS3035RES20000mN3080000E4000000",400.000490931091,400.000490931091,1
"CRS3035RES20000mN3080000E4020000",400.000490947839,400.000490947839,1
"CRS3035RES20000mN3080000E4040000",400.000490963383,400.000490963383,1
"CRS3035RES20000mN3080000E4060000",400.000490977849,400.000490977849,1
"CRS3035RES20000mN3080000E4080000",400.000490991281,400.000490991281,1
"CRS3035RES20000mN3080000E4100000",400.000491003579,400.000491003579,1
"CRS3035RES20000mN3080000E4120000",400.000491014731,400.000491014731,1
"CRS3035RES20000mN3080000E4140000",400.000491024774,400.000491024774,1
"CRS3035RES20000mN3080000E4160000",400.000491033743,400.000491033743,1
"CRS3035RES20000mN3080000E4180000",400.000491041533,400.000491041533,1
"CRS3035RES20000mN3080000E4200000",400.000491048317,400.000491048317,1
"CRS3035RES20000mN3080000E4220000",400.000491053913,400.000491053913,1
"CRS3035RES20000mN3080000E4240000",400.000491058403,400.000491058403,1
"CRS3035RES20000mN3080000E4260000",400.000491061804,400.000491061804,1
"CRS3035RES20000mN3080000E4280000",400.000491064173,400.000491064173,1
"CRS3035RES20000mN3080000E4300000",400.000491065297,400.000491065297,1
"CRS3035RES20000mN3080000E4320000",400.000491065326,400.000491065326,1
"CRS3035RES20000mN3080000E4340000",400.000491064245,400.000491064245,1
"CRS3035RES20000mN3080000E4360000",400.000491062079,400.000491062079,1
"CRS3035RES20000mN3080000E4380000",400.000491058763,400.000491058763,1
"CRS3035RES20000mN3080000E4400000",400.000491054387,400.000491054387,1
"CRS3035RES20000mN3080000E4420000",400.000491048875,400.000491048875,1
"CRS3035RES20000mN3080000E4440000",400.000491042235,400.000491042235,1
"CRS3035RES20000mN3080000E4460000",400.000491034531,400.000491034531,1
"CRS3035RES20000mN3080000E4480000",400.00049102575,400.00049102575,1
"CRS3035RES20000mN3080000E4500000",400.000491015808,400.000491015808,1
"CRS3035RES20000mN3080000E4520000",400.00049100465,400.00049100465,1
"CRS3035RES20000mN3080000E4540000",400.000490992448,400.000490992448,1
"CRS3035RES20000mN3080000E4560000",400.000490979344,400.000490979344,1
"CRS3035RES20000mN3080000E4580000",400.000490964869,400.000490964869,1
"CRS3035RES20000mN3080000E4600000",400.000490949386,400.000490949386,1
"CRS3035RES20000mN3080000E4620000",400.0004909328,400.0004909328,1
"CRS3035RES20000mN3080000E4640000",400.000490915197,400.000490915197,1
"CRS3035RES20000mN3080000E4660000",400.000490896223,400.000490896223,1
"CRS3035RES20000mN3080000E4680000",400.000490876377,400.000490876377,1
"CRS3035RES20000mN3080000E4700000",400.000490855333,400.000490855333,1
"CRS3035RES20000mN3080000E4720000",400.000490833193,400.000490833193,1
"CRS3035RES20000mN3080000E4740000",400.000490809887,400.000490809887,1
"CRS3035RES20000mN3100000E3140000",400.000489158154,2.24623069886011,0.00561556987989579
"CRS3035RES20000mN3100000E3160000",400.000489221611,3.76597096139908,0.0094149158885469
"CRS3035RES20000mN3100000E3200000",400.000489345482,98.2936966718795,0.245733941057714
"CRS3035RES20000mN3100000E3220000",400.000489405819,154.420233020525,0.386050110213387
"CRS3035RES20000mN3100000E3240000",400.000489465061,248.300773428367,0.620751173980889
"CRS3035RES20000mN3100000E3260000",400.000489523163,14.033474646091,0.0350836436795871
"CRS3035RES20000mN3100000E3320000",400.000489691467,63.6801923678044,0.159200286021957
"CRS3035RES20000mN3100000E3340000",400.000489745316,274.966774510791,0.687416094629948
"CRS3035RES20000mN3100000E3360000",400.000489798073,29.2548345002087,0.0731369966946218
"CRS3035RES20000mN3100000E3500000",400.000490137722,1.84328284521389,0.0046082014664013
"CRS3035RES20000mN3100000E3520000",400.000490182034,75.4344846170689,0.188585980439024
"CRS3035RES20000mN3100000E3620000",400.000490386494,31.2137855533497,0.0780343682158736
"CRS3035RES20000mN3100000E3640000",400.000490424229,0.0864418112686276,0.000216104263214653
"CRS3035RES20000mN3100000E3720000",400.000490563824,209.564846421739,0.523911473524308
"CRS3035RES20000mN3100000E3740000",400.000490596052,400.000490596052,1
"CRS3035RES20000mN3100000E3760000",400.000490627108,400.000490627108,1
"CRS3035RES20000mN3100000E3780000",400.00049065703,400.00049065703,1
"CRS3035RES20000mN3100000E3800000",400.000490685938,400.000490685938,1
"CRS3035RES20000mN3100000E3820000",400.000490713743,400.000490713743,1
"CRS3035RES20000mN3100000E3840000",400.00049074041,400.00049074041,1
"CRS3035RES20000mN3100000E3860000",400.000490765882,400.000490765882,1
"CRS3035RES20000mN3100000E3880000",400.000490790453,400.000490790453,1
"CRS3035RES20000mN3100000E3900000",400.000490813705,400.000490813705,1
"CRS3035RES20000mN3100000E3920000",400.000490835949,400.000490835949,1
"CRS3035RES20000mN3100000E3940000",400.0004908571,400.0004908571,1
"CRS3035RES20000mN3100000E3960000",400.000490877186,400.000490877186,1
"CRS3035RES20000mN3100000E3980000",400.000490896069,400.000490896069,1
"CRS3035RES20000mN3100000E4000000",400.000490913973,400.000490913973,1
"CRS3035RES20000mN3100000E4020000",400.000490930651,400.000490930651,1
"CRS3035RES20000mN3100000E4040000",400.000490946297,400.000490946297,1
"CRS3035RES20000mN3100000E4060000",400.000490960763,400.000490960763,1
"CRS3035RES20000mN3100000E4080000",400.000490974101,400.000490974101,1
"CRS3035RES20000mN3100000E4100000",400.000490986356,400.000490986356,1
"CRS3035RES20000mN3100000E4120000",400.000490997581,400.000490997581,1
"CRS3035RES20000mN3100000E4140000",400.000491007679,400.000491007679,1
"CRS3035RES20000mN3100000E4160000",400.000491016592,400.000491016592,1
"CRS3035RES20000mN3100000E4180000",400.000491024398,400.000491024398,1
"CRS3035RES20000mN3100000E4200000",400.000491031134,400.000491031134,1
"CRS3035RES20000mN3100000E4220000",400.00049103685,400.00049103685,1
"CRS3035RES20000mN3100000E4240000",400.000491041233,400.000491041233,1
"CRS3035RES20000mN3100000E4260000",400.000491044619,400.000491044619,1
"CRS3035RES20000mN3100000E4280000",400.000491046891,400.000491046891,1
"CRS3035RES20000mN3100000E4300000",400.000491048117,400.000491048117,1
"CRS3035RES20000mN3100000E4320000",400.000491048142,400.000491048142,1
"CRS3035RES20000mN3100000E4340000",400.000491047094,400.000491047094,1
"CRS3035RES20000mN3100000E4360000",400.000491044983,400.000491044983,1
"CRS3035RES20000mN3100000E4380000",400.000491041733,400.000491041733,1
"CRS3035RES20000mN3100000E4400000",400.000491037314,400.000491037314,1
"CRS3035RES20000mN3100000E4420000",400.000491031759,400.000491031759,1
"CRS3035RES20000mN3100000E4440000",400.000491025168,400.000491025168,1
"CRS3035RES20000mN3100000E4460000",400.000491017479,400.000491017479,1
"CRS3035RES20000mN3100000E4480000",400.000491008555,400.000491008555,1
"CRS3035RES20000mN3100000E4500000",400.000490998645,400.000490998645,1
"CRS3035RES20000mN3100000E4520000",400.000490987682,400.000490987682,1
"CRS3035RES20000mN3100000E4540000",400.00049097547,400.00049097547,1
"CRS3035RES20000mN3100000E4560000",400.000490962036,400.000490962036,1
"CRS3035RES20000mN3100000E4580000",400.000490947682,400.000490947682,1
"CRS3035RES20000mN3100000E4600000",400.000490932294,400.000490932294,1
"CRS3035RES20000mN3100000E4620000",400.000490915667,400.000490915667,1
"CRS3035RES20000mN3100000E4640000",400.000490897871,400.000490897871,1
"CRS3035RES20000mN3100000E4660000",400.000490879116,400.000490879116,1
"CRS3035RES20000mN3100000E4680000",400.000490859047,400.000490859047,1
"CRS3035RES20000mN3120000E3200000",400.000489327293,72.1707814092907,0.180426732803915
"CRS3035RES20000mN3120000E3220000",400.000489387589,159.153550379285,0.397883389150233
"CRS3035RES20000mN3120000E3240000",400.000489446796,338.916361656285,0.847289867382436
"CRS3035RES20000mN3120000E3260000",400.000489505089,362.262757856474,0.905655786333394
"CRS3035RES20000mN3120000E3280000",400.000489562187,255.798361943729,0.639495122177745
"CRS3035RES20000mN3120000E3300000",400.000489618252,242.987377491564,0.607467700160726
"CRS3035RES20000mN3120000E3320000",400.000489673145,373.738548149515,0.934345226564373
"CRS3035RES20000mN3120000E3340000",400.000489727005,400.000489727005,1
"CRS3035RES20000mN3120000E3360000",400.000489779915,171.211589350102,0.428028449275912
"CRS3035RES20000mN3120000E3420000",400.000489931969,41.8021191201496,0.104505169799315
"CRS3035RES20000mN3120000E3440000",400.000489980488,188.553353980223,0.471382807529613
"CRS3035RES20000mN3120000E3460000",400.000490027916,259.600309366369,0.648999978345656
"CRS3035RES20000mN3120000E3480000",400.000490074196,99.9252657781933,0.249812858378394
"CRS3035RES20000mN3120000E3500000",400.000490119598,181.723637971736,0.454308538265545
"CRS3035RES20000mN3120000E3520000",400.000490163712,279.40137025373,0.698502569682794
"CRS3035RES20000mN3120000E3540000",400.000490206749,105.179276197004,0.262947868245461
"CRS3035RES20000mN3120000E3560000",400.000490248856,229.059788593051,0.572648769631619
"CRS3035RES20000mN3120000E3580000",400.000490289692,208.213266271931,0.520532527650495
"CRS3035RES20000mN3120000E3600000",400.000490329578,253.711162863421,0.634277129646458
"CRS3035RES20000mN3120000E3620000",400.000490368366,391.253922996113,0.978133608375833
"CRS3035RES20000mN3120000E3640000",400.000490405983,326.969920429169,0.817423798899119
"CRS3035RES20000mN3120000E3660000",400.000490442513,220.816978813879,0.552041770172816
"CRS3035RES20000mN3120000E3680000",400.000490478031,98.0003002619321,0.245000450236484
"CRS3035RES20000mN3120000E3720000",400.000490545612,10.6759226125865,0.0266897738000877
"CRS3035RES20000mN3120000E3740000",400.000490577774,158.560535275425,0.396400852024945
"CRS3035RES20000mN3120000E3760000",400.000490608835,221.641038011501,0.554101915410515
"CRS3035RES20000mN3120000E3780000",400.000490638863,272.890226748128,0.682224730055407
"CRS3035RES20000mN3120000E3800000",400.000490667587,383.18634241803,0.957964680939528
"CRS3035RES20000mN3120000E3820000",400.000490695366,400.000490695366,1
"CRS3035RES20000mN3120000E3840000",400.000490721994,400.000490721994,1
"CRS3035RES20000mN3120000E3860000",400.000490747627,400.000490747627,1
"CRS3035RES20000mN3120000E3880000",400.000490772079,400.000490772079,1
"CRS3035RES20000mN3120000E3900000",400.00049079549,400.00049079549,1
"CRS3035RES20000mN3120000E3920000",400.000490817724,400.000490817724,1
"CRS3035RES20000mN3120000E3940000",400.000490838884,400.000490838884,1
"CRS3035RES20000mN3120000E3960000",400.00049085886,400.00049085886,1
"CRS3035RES20000mN3120000E3980000",400.000490877821,400.000490877821,1
"CRS3035RES20000mN3120000E4000000",400.000490895601,400.000490895601,1
"CRS3035RES20000mN3120000E4020000",400.000490912327,400.000490912327,1
"CRS3035RES20000mN3120000E4040000",400.000490927886,400.000490927886,1
"CRS3035RES20000mN3120000E4060000",400.000490942495,400.000490942495,1
"CRS3035RES20000mN3120000E4080000",400.000490955876,400.000490955876,1
"CRS3035RES20000mN3120000E4100000",400.000490968077,400.000490968077,1
"CRS3035RES20000mN3120000E4120000",400.000490979264,400.000490979264,1
"CRS3035RES20000mN3120000E4140000",400.000490989261,400.000490989261,1
"CRS3035RES20000mN3120000E4160000",400.000490998285,400.000490998285,1
"CRS3035RES20000mN3120000E4180000",400.000491006192,400.000491006192,1
"CRS3035RES20000mN3120000E4200000",400.000491012842,400.000491012842,1
"CRS3035RES20000mN3120000E4220000",400.000491018383,400.000491018383,1
"CRS3035RES20000mN3120000E4240000",400.000491022953,400.000491022953,1
"CRS3035RES20000mN3120000E4260000",400.000491026389,400.000491026389,1
"CRS3035RES20000mN3120000E4280000",400.000491028679,400.000491028679,1
"CRS3035RES20000mN3120000E4300000",400.000491029793,400.000491029793,1
"CRS3035RES20000mN3120000E4320000",400.000491029793,400.000491029793,1
"CRS3035RES20000mN3120000E4340000",400.000491028831,400.000491028831,1
"CRS3035RES20000mN3120000E4360000",400.000491026592,400.000491026592,1
"CRS3035RES20000mN3120000E4380000",400.000491023258,400.000491023258,1
"CRS3035RES20000mN3120000E4400000",400.000491018924,400.000491018924,1
"CRS3035RES20000mN3120000E4420000",400.000491013495,400.000491013495,1
"CRS3035RES20000mN3120000E4440000",400.000491006821,400.000491006821,1
"CRS3035RES20000mN3120000E4460000",400.000490999017,400.000490999017,1
"CRS3035RES20000mN3120000E4480000",400.00049099032,400.00049099032,1
"CRS3035RES20000mN3120000E4500000",400.000490980317,400.000490980317,1
"CRS3035RES20000mN3120000E4520000",400.000490969212,400.000490969212,1
"CRS3035RES20000mN3120000E4540000",400.000490957092,400.000490957092,1
"CRS3035RES20000mN3120000E4560000",400.000490943887,400.000490943887,1
"CRS3035RES20000mN3120000E4580000",400.000490929465,400.000490929465,1
"CRS3035RES20000mN3120000E4600000",400.000490913959,400.000490913959,1
"CRS3035RES20000mN3120000E4620000",400.000490897322,400.000490897322,1
"CRS3035RES20000mN3120000E4640000",400.000490879683,400.000490879683,1
"CRS3035RES20000mN3120000E4660000",400.000490860792,400.000490860792,1
"CRS3035RES20000mN3140000E3240000",400.000489427486,28.477445425146,0.0711935264526934
"CRS3035RES20000mN3140000E3260000",400.000489485695,310.780359806322,0.776949948751091
"CRS3035RES20000mN3140000E3280000",400.000489542805,398.151713982716,0.995378066756363
"CRS3035RES20000mN3140000E3300000",400.000489598827,400.000489598827,1
"CRS3035RES20000mN3140000E3320000",400.00048965377,400.00048965377,1
"CRS3035RES20000mN3140000E3340000",400.000489707706,400.000489707706,1
"CRS3035RES20000mN3140000E3360000",400.000489760616,375.260008166926,0.938148871746391
"CRS3035RES20000mN3140000E3380000",400.000489812336,285.815951734664,0.714539004361613
"CRS3035RES20000mN3140000E3400000",400.000489862923,231.063664864263,0.57765845472701
"CRS3035RES20000mN3140000E3420000",400.000489912605,352.314228226374,0.880784491797372
"CRS3035RES20000mN3140000E3440000",400.000489961102,400.000489961102,1
"CRS3035RES20000mN3140000E3460000",400.000490008495,400.000490008495,1
"CRS3035RES20000mN3140000E3480000",400.000490054859,400.000490054859,1
"CRS3035RES20000mN3140000E3500000",400.000490100105,398.756614980356,0.996890316010769
"CRS3035RES20000mN3140000E3520000",400.00049014423,367.642214563106,0.919104410173457
"CRS3035RES20000mN3140000E3540000",400.000490187397,394.832775980874,0.98708073031585
"CRS3035RES20000mN3140000E3560000",400.000490229347,400.000490229347,1
"CRS3035RES20000mN3140000E3580000",400.000490270351,400.000490270351,1
"CRS3035RES20000mN3140000E3600000",400.000490310173,400.000490310173,1
"CRS3035RES20000mN3140000E3620000",400.000490348858,400.000490348858,1
"CRS3035RES20000mN3140000E3640000",400.000490386528,400.000490386528,1
"CRS3035RES20000mN3140000E3660000",400.000490423031,400.000490423031,1
"CRS3035RES20000mN3140000E3680000",400.000490458485,372.72932159238,0.931822161430737
"CRS3035RES20000mN3140000E3700000",400.000490492882,258.446602796117,0.646115714702396
"CRS3035RES20000mN3140000E3720000",400.000490526138,15.0045088028183,0.0375112260064537
"CRS3035RES20000mN3140000E3800000",400.000490648235,42.6181511093006,0.106545247082658
"CRS3035RES20000mN3140000E3820000",400.00049067594,226.978497820721,0.567445548472108
"CRS3035RES20000mN3140000E3840000",400.000490702667,383.403480585379,0.958507525607948
"CRS3035RES20000mN3140000E3860000",400.000490728237,400.000490728237,1
"CRS3035RES20000mN3140000E3880000",400.000490752655,335.924319134763,0.839809767489724
"CRS3035RES20000mN3140000E3900000",400.000490775957,345.575227436987,0.863937008593688
"CRS3035RES20000mN3140000E3920000",400.000490798237,376.958393920482,0.942394828486906
"CRS3035RES20000mN3140000E3940000",400.000490819395,400.000490819395,1
"CRS3035RES20000mN3140000E3960000",400.000490839375,400.000490839375,1
"CRS3035RES20000mN3140000E3980000",400.00049085832,400.00049085832,1
"CRS3035RES20000mN3140000E4000000",400.000490876152,400.000490876152,1
"CRS3035RES20000mN3140000E4020000",400.000490892849,400.000490892849,1
"CRS3035RES20000mN3140000E4040000",400.000490908521,400.000490908521,1
"CRS3035RES20000mN3140000E4060000",400.000490922904,400.000490922904,1
"CRS3035RES20000mN3140000E4080000",400.000490936285,400.000490936285,1
"CRS3035RES20000mN3140000E4100000",400.000490948647,400.000490948647,1
"CRS3035RES20000mN3140000E4120000",400.000490959716,400.000490959716,1
"CRS3035RES20000mN3140000E4140000",400.000490969857,400.000490969857,1
"CRS3035RES20000mN3140000E4160000",400.000490978696,400.000490978696,1
"CRS3035RES20000mN3140000E4180000",400.000490986514,400.000490986514,1
"CRS3035RES20000mN3140000E4200000",400.000490993298,400.000490993298,1
"CRS3035RES20000mN3140000E4220000",400.000490998949,400.000490998949,1
"CRS3035RES20000mN3140000E4240000",400.000491003452,400.000491003452,1
"CRS3035RES20000mN3140000E4260000",400.000491006778,400.000491006778,1
"CRS3035RES20000mN3140000E4280000",400.000491009047,400.000491009047,1
"CRS3035RES20000mN3140000E4300000",400.000491010256,400.000491010256,1
"CRS3035RES20000mN3140000E4320000",400.000491010405,400.000491010405,1
"CRS3035RES20000mN3140000E4340000",400.000491009266,400.000491009266,1
"CRS3035RES20000mN3140000E4360000",400.000491007138,400.000491007138,1
"CRS3035RES20000mN3140000E4380000",400.000491003857,400.000491003857,1
"CRS3035RES20000mN3140000E4400000",400.000490999416,400.000490999416,1
"CRS3035RES20000mN3140000E4420000",400.000490993924,400.000490993924,1
"CRS3035RES20000mN3140000E4440000",400.000490987373,400.000490987373,1
"CRS3035RES20000mN3140000E4460000",400.000490979676,400.000490979676,1
"CRS3035RES20000mN3140000E4480000",400.00049097073,400.00049097073,1
"CRS3035RES20000mN3140000E4500000",400.000490960882,400.000490960882,1
"CRS3035RES20000mN3140000E4520000",400.000490949823,400.000490949823,1
"CRS3035RES20000mN3140000E4540000",400.000490937572,400.000490937572,1
"CRS3035RES20000mN3140000E4560000",400.000490924335,400.000490924335,1
"CRS3035RES20000mN3140000E4580000",400.00049090992,400.00049090992,1
"CRS3035RES20000mN3140000E4600000",400.000490894484,400.000490894484,1
"CRS3035RES20000mN3140000E4620000",400.000490877876,400.000490877876,1
"CRS3035RES20000mN3140000E4640000",400.000490860083,400.000490860083,1
"CRS3035RES20000mN3140000E4660000",400.000490841379,400.000490841379,1
"CRS3035RES20000mN3160000E3260000",400.000489465298,0.21954263345033,0.000548855912011018
"CRS3035RES20000mN3160000E3280000",400.000489522346,154.63429838872,0.386585272866475
"CRS3035RES20000mN3160000E3300000",400.000489578423,391.051487255229,0.977627521574724
"CRS3035RES20000mN3160000E3320000",400.000489633385,400.000489633385,1
"CRS3035RES20000mN3160000E3340000",400.000489687344,400.000489687344,1
"CRS3035RES20000mN3160000E3360000",400.000489740101,400.000489740101,1
"CRS3035RES20000mN3160000E3380000",400.000489791794,400.000489791794,1
"CRS3035RES20000mN3160000E3400000",400.000489842484,400.000489842484,1
"CRS3035RES20000mN3160000E3420000",400.000489892048,400.000489892048,1
"CRS3035RES20000mN3160000E3440000",400.000489940533,400.000489940533,1
"CRS3035RES20000mN3160000E3460000",400.000489988037,400.000489988037,1
"CRS3035RES20000mN3160000E3480000",400.000490034355,400.000490034355,1
"CRS3035RES20000mN3160000E3500000",400.000490079613,400.000490079613,1
"CRS3035RES20000mN3160000E3520000",400.000490123829,400.000490123829,1
"CRS3035RES20000mN3160000E3540000",400.000490166912,400.000490166912,1
"CRS3035RES20000mN3160000E3560000",400.000490208946,400.000490208946,1
"CRS3035RES20000mN3160000E3580000",400.00049024979,400.00049024979,1
"CRS3035RES20000mN3160000E3600000",400.000490289555,400.000490289555,1
"CRS3035RES20000mN3160000E3620000",400.000490328331,400.000490328331,1
"CRS3035RES20000mN3160000E3640000",400.000490365986,400.000490365986,1
"CRS3035RES20000mN3160000E3660000",400.000490402569,399.958798641029,0.999895770723935
"CRS3035RES20000mN3160000E3680000",400.000490437969,361.741716142529,0.904353181533478
"CRS3035RES20000mN3160000E3700000",400.000490472248,354.780269929974,0.886949587264539
"CRS3035RES20000mN3160000E3720000",400.000490505535,64.8731682448282,0.162182721733264
"CRS3035RES20000mN3160000E3840000",400.000490682041,7.70144414396295,0.0192535867414343
"CRS3035RES20000mN3160000E3860000",400.00049070755,177.896172489275,0.444739885630137
"CRS3035RES20000mN3160000E3880000",400.000490732077,316.900630054302,0.792250603178796
"CRS3035RES20000mN3160000E3900000",400.000490755342,211.317540711939,0.528293203623068
"CRS3035RES20000mN3160000E3920000",400.000490777607,362.971644168827,0.907427997058714
"CRS3035RES20000mN3160000E3940000",400.000490798687,400.000490798687,1
"CRS3035RES20000mN3160000E3960000",400.000490818804,400.000490818804,1
"CRS3035RES20000mN3160000E3980000",400.000490837681,400.000490837681,1
"CRS3035RES20000mN3160000E4000000",400.000490855511,400.000490855511,1
"CRS3035RES20000mN3160000E4020000",400.000490872208,400.000490872208,1
"CRS3035RES20000mN3160000E4040000",400.000490887722,400.000490887722,1
"CRS3035RES20000mN3160000E4060000",400.000490902328,400.000490902328,1
"CRS3035RES20000mN3160000E4080000",400.000490915747,400.000490915747,1
"CRS3035RES20000mN3160000E4100000",400.000490927965,400.000490927965,1
"CRS3035RES20000mN3160000E4120000",400.000490939205,400.000490939205,1
"CRS3035RES20000mN3160000E4140000",400.0004909492,400.0004909492,1
"CRS3035RES20000mN3160000E4160000",400.00049095826,400.00049095826,1
"CRS3035RES20000mN3160000E4180000",400.000490966034,400.000490966034,1
"CRS3035RES20000mN3160000E4200000",400.000490972748,400.000490972748,1
"CRS3035RES20000mN3160000E4220000",400.000490978312,400.000490978312,1
"CRS3035RES20000mN3160000E4240000",400.000490982874,400.000490982874,1
"CRS3035RES20000mN3160000E4260000",400.00049098622,400.00049098622,1
"CRS3035RES20000mN3160000E4280000",400.000490988477,400.000490988477,1
"CRS3035RES20000mN3160000E4300000",400.000490989627,400.000490989627,1
"CRS3035RES20000mN3160000E4320000",400.00049098971,400.00049098971,1
"CRS3035RES20000mN3160000E4340000",400.000490988608,400.000490988608,1
"CRS3035RES20000mN3160000E4360000",400.000490986474,400.000490986474,1
"CRS3035RES20000mN3160000E4380000",400.000490983182,400.000490983182,1
"CRS3035RES20000mN3160000E4400000",400.000490978871,400.000490978871,1
"CRS3035RES20000mN3160000E4420000",400.000490973236,400.000490973236,1
"CRS3035RES20000mN3160000E4440000",400.00049096669,400.00049096669,1
"CRS3035RES20000mN3160000E4460000",400.000490958926,400.000490958926,1
"CRS3035RES20000mN3160000E4480000",400.000490950153,400.000490950153,1
"CRS3035RES20000mN3160000E4500000",400.000490940263,400.000490940263,1
"CRS3035RES20000mN3160000E4520000",400.000490929138,400.000490929138,1
"CRS3035RES20000mN3160000E4540000",400.000490916988,400.000490916988,1
"CRS3035RES20000mN3160000E4560000",400.000490903676,400.000490903676,1
"CRS3035RES20000mN3160000E4580000",400.000490889328,400.000490889328,1
"CRS3035RES20000mN3160000E4600000",400.000490873766,400.000490873766,1
"CRS3035RES20000mN3160000E4620000",400.000490857233,400.000490857233,1
"CRS3035RES20000mN3160000E4640000",400.000490839518,400.000490839518,1
"CRS3035RES20000mN3160000E4660000",400.000490820744,400.000490820744,1
"CRS3035RES20000mN3180000E3300000",400.00048955687,278.157466106986,0.695392814181642
"CRS3035RES20000mN3180000E3320000",400.000489611893,382.575811620112,0.956438358341294
"CRS3035RES20000mN3180000E3340000",400.000489665672,400.000489665672,1
"CRS3035RES20000mN3180000E3360000",400.000489718471,400.000489718471,1
"CRS3035RES20000mN3180000E3380000",400.000489770222,400.000489770222,1
"CRS3035RES20000mN3180000E3400000",400.000489820919,400.000489820919,1
"CRS3035RES20000mN3180000E3420000",400.00048987051,400.00048987051,1
"CRS3035RES20000mN3180000E3440000",400.000489918949,400.000489918949,1
"CRS3035RES20000mN3180000E3460000",400.000489966377,400.000489966377,1
"CRS3035RES20000mN3180000E3480000",400.000490012753,400.000490012753,1
"CRS3035RES20000mN3180000E3500000",400.000490057961,400.000490057961,1
"CRS3035RES20000mN3180000E3520000",400.000490102047,400.000490102047,1
"CRS3035RES20000mN3180000E3540000",400.000490145123,400.000490145123,1
"CRS3035RES20000mN3180000E3560000",400.00049018713,400.00049018713,1
"CRS3035RES20000mN3180000E3580000",400.000490228027,400.000490228027,1
"CRS3035RES20000mN3180000E3600000",400.000490267948,400.000490267948,1
"CRS3035RES20000mN3180000E3620000",400.000490306625,400.000490306625,1
"CRS3035RES20000mN3180000E3640000",400.000490344269,394.343648375419,0.985857912414104
"CRS3035RES20000mN3180000E3660000",400.000490380814,245.580813828158,0.613951281895571
"CRS3035RES20000mN3180000E3680000",400.000490416149,88.0830557989898,0.220207369514349
"CRS3035RES20000mN3180000E3860000",400.000490685846,41.6517868136849,0.10412933929723
"CRS3035RES20000mN3180000E3880000",400.000490710188,185.989127261486,0.464972247737167
"CRS3035RES20000mN3180000E3900000",400.000490733597,259.073456450197,0.647682846526161
"CRS3035RES20000mN3180000E3920000",400.000490755795,399.995796434974,0.999988264212348
"CRS3035RES20000mN3180000E3940000",400.000490776915,400.000490776915,1
"CRS3035RES20000mN3180000E3960000",400.000490796972,400.000490796972,1
"CRS3035RES20000mN3180000E3980000",400.000490815931,400.000490815931,1
"CRS3035RES20000mN3180000E4000000",400.000490833734,400.000490833734,1
"CRS3035RES20000mN3180000E4020000",400.000490850414,400.000490850414,1
"CRS3035RES20000mN3180000E4040000",400.000490866142,400.000490866142,1
"CRS3035RES20000mN3180000E4060000",400.000490880486,400.000490880486,1
"CRS3035RES20000mN3180000E4080000",400.000490893851,400.000490893851,1
"CRS3035RES20000mN3180000E4100000",400.00049090617,400.00049090617,1
"CRS3035RES20000mN3180000E4120000",400.000490917293,400.000490917293,1
"CRS3035RES20000mN3180000E4140000",400.000490927361,400.000490927361,1
"CRS3035RES20000mN3180000E4160000",400.000490936265,400.000490936265,1
"CRS3035RES20000mN3180000E4180000",400.000490944142,400.000490944142,1
"CRS3035RES20000mN3180000E4200000",400.000490950888,400.000490950888,1
"CRS3035RES20000mN3180000E4220000",400.000490956444,400.000490956444,1
"CRS3035RES20000mN3180000E4240000",400.000490960892,400.000490960892,1
"CRS3035RES20000mN3180000E4260000",400.000490964348,400.000490964348,1
"CRS3035RES20000mN3180000E4280000",400.000490966681,400.000490966681,1
"CRS3035RES20000mN3180000E4300000",400.000490967818,400.000490967818,1
"CRS3035RES20000mN3180000E4320000",400.00049096783,400.00049096783,1
"CRS3035RES20000mN3180000E4340000",400.000490966836,400.000490966836,1
"CRS3035RES20000mN3180000E4360000",400.000490964637,400.000490964637,1
"CRS3035RES20000mN3180000E4380000",400.000490961375,400.000490961375,1
"CRS3035RES20000mN3180000E4400000",400.000490956954,400.000490956954,1
"CRS3035RES20000mN3180000E4420000",400.000490951508,400.000490951508,1
"CRS3035RES20000mN3180000E4440000",400.000490944903,400.000490944903,1
"CRS3035RES20000mN3180000E4460000",400.00049093719,400.00049093719,1
"CRS3035RES20000mN3180000E4480000",400.000490928309,400.000490928309,1
"CRS3035RES20000mN3180000E4500000",400.000490918323,400.000490918323,1
"CRS3035RES20000mN3180000E4520000",400.000490907326,400.000490907326,1
"CRS3035RES20000mN3180000E4540000",400.000490895168,400.000490895168,1
"CRS3035RES20000mN3180000E4560000",400.000490881907,400.000490881907,1
"CRS3035RES20000mN3180000E4580000",400.000490867542,400.000490867542,1
"CRS3035RES20000mN3180000E4600000",400.000490852079,400.000490852079,1
"CRS3035RES20000mN3180000E4620000",400.000490835443,400.000490835443,1
"CRS3035RES20000mN3180000E4640000",400.00049081777,400.00049081777,1
"CRS3035RES20000mN3200000E3300000",400.000489534191,5.91393034128267,0.0147848077590344
"CRS3035RES20000mN3200000E3320000",400.000489588985,136.646636406368,0.34161617288713
"CRS3035RES20000mN3200000E3340000",400.000489642941,339.70364285128,0.849258067545157
"CRS3035RES20000mN3200000E3360000",400.000489695824,290.586558239171,0.726465506230117
"CRS3035RES20000mN3200000E3380000",400.00048974749,140.091026505199,0.350227137455845
"CRS3035RES20000mN3200000E3400000",400.000489798061,89.0491501036146,0.222622602658738
"CRS3035RES20000mN3200000E3420000",400.000489847641,389.869299327564,0.974672054716893
"CRS3035RES20000mN3200000E3440000",400.000489896194,400.000489896194,1
"CRS3035RES20000mN3200000E3460000",400.000489943565,400.000489943565,1
"CRS3035RES20000mN3200000E3480000",400.00048998996,400.00048998996,1
"CRS3035RES20000mN3200000E3500000",400.000490035145,400.000490035145,1
"CRS3035RES20000mN3200000E3520000",400.000490079388,400.000490079388,1
"CRS3035RES20000mN3200000E3540000",400.00049012241,400.00049012241,1
"CRS3035RES20000mN3200000E3560000",400.000490164387,400.000490164387,1
"CRS3035RES20000mN3200000E3580000",400.000490205357,400.000490205357,1
"CRS3035RES20000mN3200000E3600000",400.000490245056,400.000490245056,1
"CRS3035RES20000mN3200000E3620000",400.000490283821,400.000490283821,1
"CRS3035RES20000mN3200000E3640000",400.000490321331,400.000490321331,1
"CRS3035RES20000mN3200000E3660000",400.000490357838,400.000490357838,1
"CRS3035RES20000mN3200000E3680000",400.000490393421,281.937651985806,0.704843265838264
"CRS3035RES20000mN3200000E3880000",400.000490687258,5.51615965671277,0.0137903822248698
"CRS3035RES20000mN3200000E3900000",400.000490710701,225.993730436378,0.564983632982157
"CRS3035RES20000mN3200000E3920000",400.000490732945,400.000490732945,1
"CRS3035RES20000mN3200000E3940000",400.000490754023,400.000490754023,1
"CRS3035RES20000mN3200000E3960000",400.000490774082,400.000490774082,1
"CRS3035RES20000mN3200000E3980000",400.000490792978,400.000490792978,1
"CRS3035RES20000mN3200000E4000000",400.00049081074,400.00049081074,1
"CRS3035RES20000mN3200000E4020000",400.000490827456,400.000490827456,1
"CRS3035RES20000mN3200000E4040000",400.000490842954,400.000490842954,1
"CRS3035RES20000mN3200000E4060000",400.000490857617,400.000490857617,1
"CRS3035RES20000mN3200000E4080000",400.000490870913,400.000490870913,1
"CRS3035RES20000mN3200000E4100000",400.000490883245,400.000490883245,1
"CRS3035RES20000mN3200000E4120000",400.00049089439,400.00049089439,1
"CRS3035RES20000mN3200000E4140000",400.000490904456,400.000490904456,1
"CRS3035RES20000mN3200000E4160000",400.000490913376,400.000490913376,1
"CRS3035RES20000mN3200000E4180000",400.00049092115,400.00049092115,1
"CRS3035RES20000mN3200000E4200000",400.000490927948,400.000490927948,1
"CRS3035RES20000mN3200000E4220000",400.000490933583,400.000490933583,1
"CRS3035RES20000mN3200000E4240000",400.000490938122,400.000490938122,1
"CRS3035RES20000mN3200000E4260000",400.000490941407,400.000490941407,1
"CRS3035RES20000mN3200000E4280000",400.000490943715,400.000490943715,1
"CRS3035RES20000mN3200000E4300000",400.000490944892,400.000490944892,1
"CRS3035RES20000mN3200000E4320000",400.00049094492,400.00049094492,1
"CRS3035RES20000mN3200000E4340000",400.000490943856,400.000490943856,1
"CRS3035RES20000mN3200000E4360000",400.00049094161,400.00049094161,1
"CRS3035RES20000mN3200000E4380000",400.000490938395,400.000490938395,1
"CRS3035RES20000mN3200000E4400000",400.000490934043,400.000490934043,1
"CRS3035RES20000mN3200000E4420000",400.000490928636,400.000490928636,1
"CRS3035RES20000mN3200000E4440000",400.000490921916,400.000490921916,1
"CRS3035RES20000mN3200000E4460000",400.000490914165,400.000490914165,1
"CRS3035RES20000mN3200000E4480000",400.000490905331,400.000490905331,1
"CRS3035RES20000mN3200000E4500000",400.000490895443,400.000490895443,1
"CRS3035RES20000mN3200000E4520000",400.000490884331,400.000490884331,1
"CRS3035RES20000mN3200000E4540000",400.00049087226,400.00049087226,1
"CRS3035RES20000mN3200000E4560000",400.000490858946,400.000490858946,1
"CRS3035RES20000mN3200000E4580000",400.000490844611,400.000490844611,1
"CRS3035RES20000mN3200000E4600000",400.000490829067,400.000490829067,1
"CRS3035RES20000mN3200000E4620000",400.000490812452,400.000490812452,1
"CRS3035RES20000mN3200000E4640000",400.000490794716,400.000490794716,1
"CRS3035RES20000mN3220000E3300000",400.000489510349,2.80047390397567,0.00700117619206866
"CRS3035RES20000mN3220000E3360000",400.000489671875,1.54814225713062,0.0038703509048216
"CRS3035RES20000mN3220000E3380000",400.000489723629,208.328734563602,0.520821198762885
"CRS3035RES20000mN3220000E3400000",400.000489774254,204.299649603269,0.51074849862951
"CRS3035RES20000mN3220000E3420000",400.000489823898,128.674148895116,0.321684978315314
"CRS3035RES20000mN3220000E3440000",400.000489872231,332.973857486567,0.832433624251127
"CRS3035RES20000mN3220000E3460000",400.00048991967,400.00048991967,1
"CRS3035RES20000mN3220000E3480000",400.000489965996,400.000489965996,1
"CRS3035RES20000mN3220000E3500000",400.000490011284,400.000490011284,1
"CRS3035RES20000mN3220000E3520000",400.000490055317,400.000490055317,1
"CRS3035RES20000mN3220000E3540000",400.000490098522,400.000490098522,1
"CRS3035RES20000mN3220000E3560000",400.000490140388,400.000490140388,1
"CRS3035RES20000mN3220000E3580000",400.00049018124,400.00049018124,1
"CRS3035RES20000mN3220000E3600000",400.000490221138,400.000490221138,1
"CRS3035RES20000mN3220000E3620000",400.000490259773,400.000490259773,1
"CRS3035RES20000mN3220000E3640000",400.00049029747,400.00049029747,1
"CRS3035RES20000mN3220000E3660000",400.000490333935,400.000490333935,1
"CRS3035RES20000mN3220000E3680000",400.000490369354,346.969867673846,0.867423605789732
"CRS3035RES20000mN3220000E3700000",400.00049040369,294.873212024444,0.737182126269022
"CRS3035RES20000mN3220000E3720000",400.000490436974,16.5276586747506,0.0413190960258454
"CRS3035RES20000mN3220000E3900000",400.0004906866,55.1552083200455,0.137887851650811
"CRS3035RES20000mN3220000E3920000",400.000490708748,326.201456844791,0.815502641676278
"CRS3035RES20000mN3220000E3940000",400.000490729954,400.000490729954,1
"CRS3035RES20000mN3220000E3960000",400.00049074995,400.00049074995,1
"CRS3035RES20000mN3220000E3980000",400.000490768913,400.000490768913,1
"CRS3035RES20000mN3220000E4000000",400.000490786684,400.000490786684,1
"CRS3035RES20000mN3220000E4020000",400.000490803421,400.000490803421,1
"CRS3035RES20000mN3220000E4040000",400.00049081905,400.00049081905,1
"CRS3035RES20000mN3220000E4060000",400.000490833439,400.000490833439,1
"CRS3035RES20000mN3220000E4080000",400.000490846856,400.000490846856,1
"CRS3035RES20000mN3220000E4100000",400.000490859116,400.000490859116,1
"CRS3035RES20000mN3220000E4120000",400.000490870307,400.000490870307,1
"CRS3035RES20000mN3220000E4140000",400.000490880285,400.000490880285,1
"CRS3035RES20000mN3220000E4160000",400.000490889222,400.000490889222,1
"CRS3035RES20000mN3220000E4180000",400.000490897056,400.000490897056,1
"CRS3035RES20000mN3220000E4200000",400.000490903732,400.000490903732,1
"CRS3035RES20000mN3220000E4220000",400.000490909344,400.000490909344,1
"CRS3035RES20000mN3220000E4240000",400.000490913799,400.000490913799,1
"CRS3035RES20000mN3220000E4260000",400.000490917312,400.000490917312,1
"CRS3035RES20000mN3220000E4280000",400.000490919472,400.000490919472,1
"CRS3035RES20000mN3220000E4300000",400.000490920766,400.000490920766,1
"CRS3035RES20000mN3220000E4320000",400.000490920784,400.000490920784,1
"CRS3035RES20000mN3220000E4340000",400.000490919778,400.000490919778,1
"CRS3035RES20000mN3220000E4360000",400.00049091766,400.00049091766,1
"CRS3035RES20000mN3220000E4380000",400.000490914311,400.000490914311,1
"CRS3035RES20000mN3220000E4400000",400.000490909892,400.000490909892,1
"CRS3035RES20000mN3220000E4420000",400.000490904361,400.000490904361,1
"CRS3035RES20000mN3220000E4440000",400.000490897792,400.000490897792,1
"CRS3035RES20000mN3220000E4460000",400.000490890079,400.000490890079,1
"CRS3035RES20000mN3220000E4480000",400.000490881268,400.000490881268,1
"CRS3035RES20000mN3220000E4500000",400.000490871228,400.000490871228,1
"CRS3035RES20000mN3220000E4520000",400.000490860327,400.000490860327,1
"CRS3035RES20000mN3220000E4540000",400.000490848064,400.000490848064,1
"CRS3035RES20000mN3220000E4560000",400.000490834863,400.000490834863,1
"CRS3035RES20000mN3220000E4580000",400.000490820439,400.000490820439,1
"CRS3035RES20000mN3220000E4600000",400.000490804989,400.000490804989,1
"CRS3035RES20000mN3220000E4620000",400.000490788487,400.000490788487,1
"CRS3035RES20000mN3220000E4640000",400.000490770828,400.000490770828,1
"CRS3035RES20000mN3240000E3320000",400.000489540333,8.45278020900887,0.0211319246601986
"CRS3035RES20000mN3240000E3340000",400.000489594128,92.4674647333069,0.231168378886565
"CRS3035RES20000mN3240000E3360000",400.000489646912,161.787921464574,0.404469308543566
"CRS3035RES20000mN3240000E3380000",400.000489698627,400.000489698627,1
"CRS3035RES20000mN3240000E3400000",400.000489749298,400.000489749298,1
"CRS3035RES20000mN3240000E3420000",400.00048979874,398.617254210818,0.996541915264607
"CRS3035RES20000mN3240000E3440000",400.00048984734,343.15061688079,0.857875491631907
"CRS3035RES20000mN3240000E3460000",400.000489894741,374.797526852006,0.936992669560562
"CRS3035RES20000mN3240000E3480000",400.000489940979,400.000489940979,1
"CRS3035RES20000mN3240000E3500000",400.00048998621,400.00048998621,1
"CRS3035RES20000mN3240000E3520000",400.000490030403,400.000490030403,1
"CRS3035RES20000mN3240000E3540000",400.000490073318,400.000490073318,1
"CRS3035RES20000mN3240000E3560000",400.000490115307,400.000490115307,1
"CRS3035RES20000mN3240000E3580000",400.000490156227,400.000490156227,1
"CRS3035RES20000mN3240000E3600000",400.000490195934,400.000490195934,1
"CRS3035RES20000mN3240000E3620000",400.000490234718,400.000490234718,1
"CRS3035RES20000mN3240000E3640000",400.000490272274,400.000490272274,1
"CRS3035RES20000mN3240000E3660000",400.000490308842,400.000490308842,1
"CRS3035RES20000mN3240000E3680000",400.000490344189,400.000490344189,1
"CRS3035RES20000mN3240000E3700000",400.000490378471,372.769636641106,0.931922949115388
"CRS3035RES20000mN3240000E3720000",400.000490411701,319.281122878557,0.798201828577601
"CRS3035RES20000mN3240000E3740000",400.000490443836,57.0012625363077,0.142502981616497
"CRS3035RES20000mN3240000E3920000",400.000490683651,44.1956982226248,0.110489110018562
"CRS3035RES20000mN3240000E3940000",400.000490704721,371.787735488521,0.929468198485218
"CRS3035RES20000mN3240000E3960000",400.00049072468,400.00049072468,1
"CRS3035RES20000mN3240000E3980000",400.00049074353,400.00049074353,1
"CRS3035RES20000mN3240000E4000000",400.000490761324,400.000490761324,1
"CRS3035RES20000mN3240000E4020000",400.000490778114,400.000490778114,1
"CRS3035RES20000mN3240000E4040000",400.000490793648,400.000490793648,1
"CRS3035RES20000mN3240000E4060000",400.000490808193,400.000490808193,1
"CRS3035RES20000mN3240000E4080000",400.000490821579,400.000490821579,1
"CRS3035RES20000mN3240000E4100000",400.000490833779,400.000490833779,1
"CRS3035RES20000mN3240000E4120000",400.000490844902,400.000490844902,1
"CRS3035RES20000mN3240000E4140000",400.000490855032,400.000490855032,1
"CRS3035RES20000mN3240000E4160000",400.000490863917,400.000490863917,1
"CRS3035RES20000mN3240000E4180000",400.00049087183,400.00049087183,1
"CRS3035RES20000mN3240000E4200000",400.000490878511,400.000490878511,1
"CRS3035RES20000mN3240000E4220000",400.000490884119,400.000490884119,1
"CRS3035RES20000mN3240000E4240000",400.000490888668,400.000490888668,1
"CRS3035RES20000mN3240000E4260000",400.000490891969,400.000490891969,1
"CRS3035RES20000mN3240000E4280000",400.000490894313,400.000490894313,1
"CRS3035RES20000mN3240000E4300000",400.000490895395,400.000490895395,1
"CRS3035RES20000mN3240000E4320000",400.000490895465,400.000490895465,1
"CRS3035RES20000mN3240000E4340000",400.000490894403,400.000490894403,1
"CRS3035RES20000mN3240000E4360000",400.000490892226,400.000490892226,1
"CRS3035RES20000mN3240000E4380000",400.000490888987,400.000490888987,1
"CRS3035RES20000mN3240000E4400000",400.000490884596,400.000490884596,1
"CRS3035RES20000mN3240000E4420000",400.000490879098,400.000490879098,1
"CRS3035RES20000mN3240000E4440000",400.000490872495,400.000490872495,1
"CRS3035RES20000mN3240000E4460000",400.000490864818,400.000490864818,1
"CRS3035RES20000mN3240000E4480000",400.000490855981,400.000490855981,1
"CRS3035RES20000mN3240000E4500000",400.000490846053,400.000490846053,1
"CRS3035RES20000mN3240000E4520000",400.000490834899,400.000490834899,1
"CRS3035RES20000mN3240000E4540000",400.00049082291,400.00049082291,1
"CRS3035RES20000mN3240000E4560000",400.000490809527,400.000490809527,1
"CRS3035RES20000mN3240000E4580000",400.000490795196,400.000490795196,1
"CRS3035RES20000mN3240000E4600000",400.000490779718,400.000490779718,1
"CRS3035RES20000mN3240000E4620000",400.000490763077,400.000490763077,1
"CRS3035RES20000mN3240000E4640000",400.000490745344,400.000490745344,1
"CRS3035RES20000mN3260000E3280000",400.000489403461,86.852132193831,0.217130064824064
"CRS3035RES20000mN3260000E3300000",400.000489459446,74.4479715302929,0.186119701080618
"CRS3035RES20000mN3260000E3320000",400.000489514305,39.6468154745786,0.0991169173885742
"CRS3035RES20000mN3260000E3340000",400.000489568127,334.775268786873,0.836937147622804
"CRS3035RES20000mN3260000E3360000",400.00048962096,400.00048962096,1
"CRS3035RES20000mN3260000E3380000",400.000489672539,400.000489672539,1
"CRS3035RES20000mN3260000E3400000",400.000489723164,400.000489723164,1
"CRS3035RES20000mN3260000E3420000",400.000489772697,400.000489772697,1
"CRS3035RES20000mN3260000E3440000",400.000489821144,400.000489821144,1
"CRS3035RES20000mN3260000E3460000",400.000489868507,400.000489868507,1
"CRS3035RES20000mN3260000E3480000",400.000489914753,400.000489914753,1
"CRS3035RES20000mN3260000E3500000",400.000489959942,400.000489959942,1
"CRS3035RES20000mN3260000E3520000",400.000490004082,400.000490004082,1
"CRS3035RES20000mN3260000E3540000",400.0004900471,400.0004900471,1
"CRS3035RES20000mN3260000E3560000",400.000490089092,400.000490089092,1
"CRS3035RES20000mN3260000E3580000",400.000490129932,400.000490129932,1
"CRS3035RES20000mN3260000E3600000",400.000490169746,400.000490169746,1
"CRS3035RES20000mN3260000E3620000",400.000490208382,400.000490208382,1
"CRS3035RES20000mN3260000E3640000",400.000490245995,400.000490245995,1
"CRS3035RES20000mN3260000E3660000",400.000490282547,400.000490282547,1
"CRS3035RES20000mN3260000E3680000",400.000490317982,400.000490317982,1
"CRS3035RES20000mN3260000E3700000",400.000490352325,400.000490352325,1
"CRS3035RES20000mN3260000E3720000",400.000490385498,400.000490385498,1
"CRS3035RES20000mN3260000E3740000",400.000490417622,228.953202346424,0.57238230410014
"CRS3035RES20000mN3260000E3940000",400.000490678268,189.777627318982,0.474443486299685
"CRS3035RES20000mN3260000E3960000",400.000490698366,400.000490698366,1
"CRS3035RES20000mN3260000E3980000",400.000490717165,400.000490717165,1
"CRS3035RES20000mN3260000E4000000",400.000490735107,400.000490735107,1
"CRS3035RES20000mN3260000E4020000",400.000490751623,400.000490751623,1
"CRS3035RES20000mN3260000E4040000",400.000490767313,400.000490767313,1
"CRS3035RES20000mN3260000E4060000",400.000490781711,400.000490781711,1
"CRS3035RES20000mN3260000E4080000",400.000490795127,400.000490795127,1
"CRS3035RES20000mN3260000E4100000",400.000490807331,400.000490807331,1
"CRS3035RES20000mN3260000E4120000",400.000490818582,400.000490818582,1
"CRS3035RES20000mN3260000E4140000",400.000490828543,400.000490828543,1
"CRS3035RES20000mN3260000E4160000",400.000490837502,400.000490837502,1
"CRS3035RES20000mN3260000E4180000",400.000490845391,400.000490845391,1
"CRS3035RES20000mN3260000E4200000",400.000490852026,400.000490852026,1
"CRS3035RES20000mN3260000E4220000",400.000490857715,400.000490857715,1
"CRS3035RES20000mN3260000E4240000",400.000490862129,400.000490862129,1
"CRS3035RES20000mN3260000E4260000",400.000490865575,400.000490865575,1
"CRS3035RES20000mN3260000E4280000",400.00049086785,400.00049086785,1
"CRS3035RES20000mN3260000E4300000",400.000490868936,400.000490868936,1
"CRS3035RES20000mN3260000E4320000",400.000490868982,400.000490868982,1
"CRS3035RES20000mN3260000E4340000",400.000490867904,400.000490867904,1
"CRS3035RES20000mN3260000E4360000",400.000490865799,400.000490865799,1
"CRS3035RES20000mN3260000E4380000",400.000490862513,400.000490862513,1
"CRS3035RES20000mN3260000E4400000",400.000490858117,400.000490858117,1
"CRS3035RES20000mN3260000E4420000",400.000490852668,400.000490852668,1
"CRS3035RES20000mN3260000E4440000",400.000490846099,400.000490846099,1
"CRS3035RES20000mN3260000E4460000",400.000490838346,400.000490838346,1
"CRS3035RES20000mN3260000E4480000",400.000490829476,400.000490829476,1
"CRS3035RES20000mN3260000E4500000",400.000490819592,400.000490819592,1
"CRS3035RES20000mN3260000E4520000",400.000490808596,400.000490808596,1
"CRS3035RES20000mN3260000E4540000",400.00049079634,400.00049079634,1
"CRS3035RES20000mN3260000E4560000",400.000490783195,400.000490783195,1
"CRS3035RES20000mN3260000E4580000",400.000490768707,400.000490768707,1
"CRS3035RES20000mN3260000E4600000",400.000490753288,400.000490753288,1
"CRS3035RES20000mN3260000E4620000",400.000490736708,400.000490736708,1
"CRS3035RES20000mN3280000E3260000",400.00048931929,5.08323281774932,0.0127080664986181
"CRS3035RES20000mN3280000E3280000",400.000489376274,276.386643507337,0.690965763412717
"CRS3035RES20000mN3280000E3300000",400.000489432178,374.645103516823,0.936611612772401
"CRS3035RES20000mN3280000E3320000",400.000489487167,379.429945437826,0.948573702807929
"CRS3035RES20000mN3280000E3340000",400.000489541027,400.000489541027,1
"CRS3035RES20000mN3280000E3360000",400.000489593613,400.000489593613,1
"CRS3035RES20000mN3280000E3380000",400.000489645397,400.000489645397,1
"CRS3035RES20000mN3280000E3400000",400.000489695938,400.000489695938,1
"CRS3035RES20000mN3280000E3420000",400.000489745422,400.000489745422,1
"CRS3035RES20000mN3280000E3440000",400.000489793808,400.000489793808,1
"CRS3035RES20000mN3280000E3460000",400.000489841209,400.000489841209,1
"CRS3035RES20000mN3280000E3480000",400.000489887512,400.000489887512,1
"CRS3035RES20000mN3280000E3500000",400.000489932644,400.000489932644,1
"CRS3035RES20000mN3280000E3520000",400.000489976788,400.000489976788,1
"CRS3035RES20000mN3280000E3540000",400.000490019867,400.000490019867,1
"CRS3035RES20000mN3280000E3560000",400.000490061813,400.000490061813,1
"CRS3035RES20000mN3280000E3580000",400.000490102615,400.000490102615,1
"CRS3035RES20000mN3280000E3600000",400.000490142326,400.000490142326,1
"CRS3035RES20000mN3280000E3620000",400.000490181019,400.000490181019,1
"CRS3035RES20000mN3280000E3640000",400.000490218571,400.000490218571,1
"CRS3035RES20000mN3280000E3660000",400.000490255058,400.000490255058,1
"CRS3035RES20000mN3280000E3680000",400.000490290447,400.000490290447,1
"CRS3035RES20000mN3280000E3700000",400.000490324783,400.000490324783,1
"CRS3035RES20000mN3280000E3720000",400.000490357952,400.000490357952,1
"CRS3035RES20000mN3280000E3740000",400.000490390034,385.282129676416,0.96320414332676
"CRS3035RES20000mN3280000E3760000",400.000490421185,23.0719822008581,0.0576798847835517
"CRS3035RES20000mN3280000E3940000",400.000490650747,67.7587664315777,0.16939670829239
"CRS3035RES20000mN3280000E3960000",400.000490670746,400.000490670746,1
"CRS3035RES20000mN3280000E3980000",400.000490689762,400.000490689762,1
"CRS3035RES20000mN3280000E4000000",400.000490707457,400.000490707457,1
"CRS3035RES20000mN3280000E4020000",400.00049072422,400.00049072422,1
"CRS3035RES20000mN3280000E4040000",400.000490739632,400.000490739632,1
"CRS3035RES20000mN3280000E4060000",400.000490754144,400.000490754144,1
"CRS3035RES20000mN3280000E4080000",400.00049076746,400.00049076746,1
"CRS3035RES20000mN3280000E4100000",400.000490779778,400.000490779778,1
"CRS3035RES20000mN3280000E4120000",400.000490790838,400.000490790838,1
"CRS3035RES20000mN3280000E4140000",400.000490800982,400.000490800982,1
"CRS3035RES20000mN3280000E4160000",400.00049080995,400.00049080995,1
"CRS3035RES20000mN3280000E4180000",400.000490817668,400.000490817668,1
"CRS3035RES20000mN3280000E4200000",400.00049082445,400.00049082445,1
"CRS3035RES20000mN3280000E4220000",400.000490829967,400.000490829967,1
"CRS3035RES20000mN3280000E4240000",400.000490834545,400.000490834545,1
"CRS3035RES20000mN3280000E4260000",400.000490837868,400.000490837868,1
"CRS3035RES20000mN3280000E4280000",400.000490840177,400.000490840177,1
"CRS3035RES20000mN3280000E4300000",400.000490841481,400.000490841481,1
"CRS3035RES20000mN3280000E4320000",400.000490841544,400.000490841544,1
"CRS3035RES20000mN3280000E4340000",400.000490840386,400.000490840386,1
"CRS3035RES20000mN3280000E4360000",400.000490838219,400.000490838219,1
"CRS3035RES20000mN3280000E4380000",400.000490835056,400.000490835056,1
"CRS3035RES20000mN3280000E4400000",400.000490830645,400.000490830645,1
"CRS3035RES20000mN3280000E4420000",400.000490825027,400.000490825027,1
"CRS3035RES20000mN3280000E4440000",400.000490818329,400.000490818329,1
"CRS3035RES20000mN3280000E4460000",400.000490810686,400.000490810686,1
"CRS3035RES20000mN3280000E4480000",400.000490801991,400.000490801991,1
"CRS3035RES20000mN3280000E4500000",400.000490791997,400.000490791997,1
"CRS3035RES20000mN3280000E4520000",400.000490780927,400.000490780927,1
"CRS3035RES20000mN3280000E4540000",400.000490768765,400.000490768765,1
"CRS3035RES20000mN3280000E4560000",400.000490755517,400.000490755517,1
"CRS3035RES20000mN3280000E4580000",400.000490741276,400.000490741276,1
"CRS3035RES20000mN3280000E4600000",400.000490725801,400.000490725801,1
"CRS3035RES20000mN3280000E4620000",400.000490709063,400.000490709063,1
"CRS3035RES20000mN3300000E3260000",400.000489291134,18.1796307122059,0.0454490211860071
"CRS3035RES20000mN3300000E3280000",400.00048934808,261.245282720728,0.653112407803563
"CRS3035RES20000mN3300000E3300000",400.000489404079,354.871792239123,0.887178395125994
"CRS3035RES20000mN3300000E3320000",400.000489458862,400.000489458862,1
"CRS3035RES20000mN3300000E3340000",400.000489512714,400.000489512714,1
"CRS3035RES20000mN3300000E3360000",400.000489565376,400.000489565376,1
"CRS3035RES20000mN3300000E3380000",400.000489616978,400.000489616978,1
"CRS3035RES20000mN3300000E3400000",400.000489667526,400.000489667526,1
"CRS3035RES20000mN3300000E3420000",400.000489717106,400.000489717106,1
"CRS3035RES20000mN3300000E3440000",400.000489765553,400.000489765553,1
"CRS3035RES20000mN3300000E3460000",400.000489812805,400.000489812805,1
"CRS3035RES20000mN3300000E3480000",400.000489859085,400.000489859085,1
"CRS3035RES20000mN3300000E3500000",400.000489904346,400.000489904346,1
"CRS3035RES20000mN3300000E3520000",400.000489948387,400.000489948387,1
"CRS3035RES20000mN3300000E3540000",400.000489991264,400.000489991264,1
"CRS3035RES20000mN3300000E3560000",400.000490033245,400.000490033245,1
"CRS3035RES20000mN3300000E3580000",400.000490074135,400.000490074135,1
"CRS3035RES20000mN3300000E3600000",400.000490113861,400.000490113861,1
"CRS3035RES20000mN3300000E3620000",400.000490152584,400.000490152584,1
"CRS3035RES20000mN3300000E3640000",400.000490190117,400.000490190117,1
"CRS3035RES20000mN3300000E3660000",400.000490226509,400.000490226509,1
"CRS3035RES20000mN3300000E3680000",400.000490261978,400.000490261978,1
"CRS3035RES20000mN3300000E3700000",400.000490296242,400.000490296242,1
"CRS3035RES20000mN3300000E3720000",400.000490329437,400.000490329437,1
"CRS3035RES20000mN3300000E3740000",400.000490361557,400.000490361557,1
"CRS3035RES20000mN3300000E3760000",400.000490392456,55.7000199832069,0.139249879240291
"CRS3035RES20000mN3300000E3940000",400.000490622015,3.26071921708584,0.00815178804409791
"CRS3035RES20000mN3300000E3960000",400.000490641973,363.099205598778,0.907746900550119
"CRS3035RES20000mN3300000E3980000",400.000490660843,400.000490660843,1
"CRS3035RES20000mN3300000E4000000",400.000490678619,400.000490678619,1
"CRS3035RES20000mN3300000E4020000",400.000490695282,400.000490695282,1
"CRS3035RES20000mN3300000E4040000",400.000490711039,400.000490711039,1
"CRS3035RES20000mN3300000E4060000",400.000490725451,400.000490725451,1
"CRS3035RES20000mN3300000E4080000",400.000490738855,400.000490738855,1
"CRS3035RES20000mN3300000E4100000",400.00049075107,400.00049075107,1
"CRS3035RES20000mN3300000E4120000",400.000490762254,400.000490762254,1
"CRS3035RES20000mN3300000E4140000",400.000490772281,400.000490772281,1
"CRS3035RES20000mN3300000E4160000",400.000490781158,400.000490781158,1
"CRS3035RES20000mN3300000E4180000",400.000490789031,400.000490789031,1
"CRS3035RES20000mN3300000E4200000",400.00049079569,400.00049079569,1
"CRS3035RES20000mN3300000E4220000",400.000490801274,400.000490801274,1
"CRS3035RES20000mN3300000E4240000",400.000490805735,400.000490805735,1
"CRS3035RES20000mN3300000E4260000",400.000490809161,400.000490809161,1
"CRS3035RES20000mN3300000E4280000",400.000490811402,400.000490811402,1
"CRS3035RES20000mN3300000E4300000",400.000490812541,400.000490812541,1
"CRS3035RES20000mN3300000E4320000",400.000490812587,400.000490812587,1
"CRS3035RES20000mN3300000E4340000",400.000490811588,400.000490811588,1
"CRS3035RES20000mN3300000E4360000",400.000490809445,400.000490809445,1
"CRS3035RES20000mN3300000E4380000",400.000490806154,400.000490806154,1
"CRS3035RES20000mN3300000E4400000",400.000490801715,400.000490801715,1
"CRS3035RES20000mN3300000E4420000",400.000490796302,400.000490796302,1
"CRS3035RES20000mN3300000E4440000",400.000490789801,400.000490789801,1
"CRS3035RES20000mN3300000E4460000",400.00049078196,400.00049078196,1
"CRS3035RES20000mN3300000E4480000",400.000490773141,400.000490773141,1
"CRS3035RES20000mN3300000E4500000",400.00049076321,400.00049076321,1
"CRS3035RES20000mN3300000E4520000",400.000490752222,400.000490752222,1
"CRS3035RES20000mN3300000E4540000",400.000490740112,400.000490740112,1
"CRS3035RES20000mN3300000E4560000",400.000490726844,400.000490726844,1
"CRS3035RES20000mN3300000E4580000",400.000490712452,400.000490712452,1
"CRS3035RES20000mN3300000E4600000",400.000490696926,400.000490696926,1
"CRS3035RES20000mN3320000E2960000",400.000488280601,61.3775374442461,0.153443656301713
"CRS3035RES20000mN3320000E2980000",400.000488353294,92.6459145948189,0.231614503712782
"CRS3035RES20000mN3320000E3000000",400.000488424973,181.783485644038,0.454458159188311
"CRS3035RES20000mN3320000E3020000",400.000488495605,185.567994057443,0.463919418587115
"CRS3035RES20000mN3320000E3040000",400.000488565224,116.554707957122,0.291386413989633
"CRS3035RES20000mN3320000E3060000",400.000488633812,21.5836565674095,0.0539590755029518
"CRS3035RES20000mN3320000E3300000",400.000489374649,7.97256974782848,0.0199313999847665
"CRS3035RES20000mN3320000E3320000",400.000489429428,95.3626634901268,0.238406367017587
"CRS3035RES20000mN3320000E3340000",400.000489483166,217.860663122128,0.544650991311593
"CRS3035RES20000mN3320000E3360000",400.000489535892,392.281660882164,0.980702951982173
"CRS3035RES20000mN3320000E3380000",400.00048958757,400.00048958757,1
"CRS3035RES20000mN3320000E3400000",400.000489638123,400.000489638123,1
"CRS3035RES20000mN3320000E3420000",400.000489687595,400.000489687595,1
"CRS3035RES20000mN3320000E3440000",400.000489735916,400.000489735916,1
"CRS3035RES20000mN3320000E3460000",400.000489783325,400.000489783325,1
"CRS3035RES20000mN3320000E3480000",400.000489829453,400.000489829453,1
"CRS3035RES20000mN3320000E3500000",400.000489874649,400.000489874649,1
"CRS3035RES20000mN3320000E3520000",400.000489918694,400.000489918694,1
"CRS3035RES20000mN3320000E3540000",400.000489961811,400.000489961811,1
"CRS3035RES20000mN3320000E3560000",400.000490003616,400.000490003616,1
"CRS3035RES20000mN3320000E3580000",400.000490044449,400.000490044449,1
"CRS3035RES20000mN3320000E3600000",400.000490084217,400.000490084217,1
"CRS3035RES20000mN3320000E3620000",400.000490122696,400.000490122696,1
"CRS3035RES20000mN3320000E3640000",400.000490160408,400.000490160408,1
"CRS3035RES20000mN3320000E3660000",400.000490196877,398.379233375715,0.995946862914183
"CRS3035RES20000mN3320000E3680000",400.00049023217,400.00049023217,1
"CRS3035RES20000mN3320000E3700000",400.00049026651,400.00049026651,1
"CRS3035RES20000mN3320000E3720000",400.000490299725,400.000490299725,1
"CRS3035RES20000mN3320000E3740000",400.000490331753,316.471629412465,0.791178103681797
"CRS3035RES20000mN3320000E3760000",400.000490362797,8.23554407369375,0.0205888349442377
"CRS3035RES20000mN3320000E3960000",400.000490612247,134.713512899965,0.336783369174799
"CRS3035RES20000mN3320000E3980000",400.000490631098,165.698980869116,0.414246944066708
"CRS3035RES20000mN3320000E4000000",400.000490648897,383.08237395609,0.957704760148265
"CRS3035RES20000mN3320000E4020000",400.000490665602,400.000490665602,1
"CRS3035RES20000mN3320000E4040000",400.00049068108,400.00049068108,1
"CRS3035RES20000mN3320000E4060000",400.000490695569,400.000490695569,1
"CRS3035RES20000mN3320000E4080000",400.000490708896,400.000490708896,1
"CRS3035RES20000mN3320000E4100000",400.000490721125,400.000490721125,1
"CRS3035RES20000mN3320000E4120000",400.000490732332,400.000490732332,1
"CRS3035RES20000mN3320000E4140000",400.000490742275,400.000490742275,1
"CRS3035RES20000mN3320000E4160000",400.000490751249,400.000490751249,1
"CRS3035RES20000mN3320000E4180000",400.000490759052,400.000490759052,1
"CRS3035RES20000mN3320000E4200000",400.000490765804,400.000490765804,1
"CRS3035RES20000mN3320000E4220000",400.000490771374,400.000490771374,1
"CRS3035RES20000mN3320000E4240000",400.000490775856,400.000490775856,1
"CRS3035RES20000mN3320000E4260000",400.000490779228,400.000490779228,1
"CRS3035RES20000mN3320000E4280000",400.000490781508,400.000490781508,1
"CRS3035RES20000mN3320000E4300000",400.000490782723,400.000490782723,1
"CRS3035RES20000mN3320000E4320000",400.000490782729,400.000490782729,1
"CRS3035RES20000mN3320000E4340000",400.000490781741,400.000490781741,1
"CRS3035RES20000mN3320000E4360000",400.000490779528,400.000490779528,1
"CRS3035RES20000mN3320000E4380000",400.000490776222,400.000490776222,1
"CRS3035RES20000mN3320000E4400000",400.000490771887,400.000490771887,1
"CRS3035RES20000mN3320000E4420000",400.000490766362,400.000490766362,1
"CRS3035RES20000mN3320000E4440000",400.000490759775,400.000490759775,1
"CRS3035RES20000mN3320000E4460000",400.000490752178,400.000490752178,1
"CRS3035RES20000mN3320000E4480000",400.000490743274,400.000490743274,1
"CRS3035RES20000mN3320000E4500000",400.000490733337,400.000490733337,1
"CRS3035RES20000mN3320000E4520000",400.000490722292,400.000490722292,1
"CRS3035RES20000mN3320000E4540000",400.000490710119,400.000490710119,1
"CRS3035RES20000mN3320000E4560000",400.000490696896,400.000490696896,1
"CRS3035RES20000mN3320000E4580000",400.000490682589,400.000490682589,1
"CRS3035RES20000mN3320000E4600000",400.000490667126,400.000490667126,1
"CRS3035RES20000mN3340000E2940000",400.000488176704,52.8169749423019,0.132042276205847
"CRS3035RES20000mN3340000E2960000",400.000488250496,145.637323007963,0.364092863098606
"CRS3035RES20000mN3340000E2980000",400.000488323151,313.783621212173,0.784458095357811
"CRS3035RES20000mN3340000E3000000",400.000488394882,400.000488394882,1
"CRS3035RES20000mN3340000E3020000",400.000488465454,400.000488465454,1
"CRS3035RES20000mN3340000E3040000",400.000488535133,400.000488535133,1
"CRS3035RES20000mN3340000E3060000",400.000488603638,289.17254538885,0.722930480405969
"CRS3035RES20000mN3340000E3080000",400.000488671135,291.78426064892,0.729459760457477
"CRS3035RES20000mN3340000E3100000",400.000488737694,154.94264564243,0.387356140817209
"CRS3035RES20000mN3340000E3120000",400.000488803093,46.6806757143776,0.116701546675752
"CRS3035RES20000mN3340000E3160000",400.000488930611,3.17578277277517,0.00793944722734098
"CRS3035RES20000mN3340000E3180000",400.000488992958,3.97773280708218,0.00994431986094948
"CRS3035RES20000mN3340000E3200000",400.000489054123,25.5471053112173,0.0638676851911563
"CRS3035RES20000mN3340000E3360000",400.000489505367,207.928581646256,0.519820817977939
"CRS3035RES20000mN3340000E3380000",400.000489557011,400.000489557011,1
"CRS3035RES20000mN3340000E3400000",400.000489607578,400.000489607578,1
"CRS3035RES20000mN3340000E3420000",400.000489656868,400.000489656868,1
"CRS3035RES20000mN3340000E3440000",400.000489705341,400.000489705341,1
"CRS3035RES20000mN3340000E3460000",400.00048975256,400.00048975256,1
"CRS3035RES20000mN3340000E3480000",400.000489798866,400.000489798866,1
"CRS3035RES20000mN3340000E3500000",400.000489843937,400.000489843937,1
"CRS3035RES20000mN3340000E3520000",400.000489888115,400.000489888115,1
"CRS3035RES20000mN3340000E3540000",400.000489931076,400.000489931076,1
"CRS3035RES20000mN3340000E3560000",400.000489972908,400.000489972908,1
"CRS3035RES20000mN3340000E3580000",400.000490013775,400.000490013775,1
"CRS3035RES20000mN3340000E3600000",400.000490053398,400.000490053398,1
"CRS3035RES20000mN3340000E3620000",400.000490092121,400.000490092121,1
"CRS3035RES20000mN3340000E3640000",400.000490129631,356.57694108397,0.891441260405484
"CRS3035RES20000mN3340000E3660000",400.000490166054,85.929441736126,0.214823341092541
"CRS3035RES20000mN3340000E3680000",400.000490201351,353.065569267573,0.88266284146264
"CRS3035RES20000mN3340000E3700000",400.000490235642,317.914102032004,0.794784281001056
"CRS3035RES20000mN3340000E3720000",400.000490268768,213.435536999155,0.533588188493828
"CRS3035RES20000mN3340000E3740000",400.000490300903,21.9751782496681,0.0549378782839419
"CRS3035RES20000mN3340000E3960000",400.000490581121,111.174503434566,0.277935917711129
"CRS3035RES20000mN3340000E3980000",400.000490600058,10.8968240274746,0.0272420266563368
"CRS3035RES20000mN3340000E4000000",400.000490617851,99.7704268722329,0.249425761248755
"CRS3035RES20000mN3340000E4020000",400.000490634466,397.506819618729,0.993765830107403
"CRS3035RES20000mN3340000E4040000",400.000490650044,400.000490650044,1
"CRS3035RES20000mN3340000E4060000",400.000490664586,400.000490664586,1
"CRS3035RES20000mN3340000E4080000",400.000490677917,400.000490677917,1
"CRS3035RES20000mN3340000E4100000",400.000490690112,400.000490690112,1
"CRS3035RES20000mN3340000E4120000",400.00049070126,326.169260448468,0.81542215079948
"CRS3035RES20000mN3340000E4140000",400.000490711231,397.848841723469,0.994620884129575
"CRS3035RES20000mN3340000E4160000",400.000490720198,400.000490720198,1
"CRS3035RES20000mN3340000E4180000",400.000490727992,400.000490727992,1
"CRS3035RES20000mN3340000E4200000",400.000490734697,400.000490734697,1
"CRS3035RES20000mN3340000E4220000",400.000490740404,400.000490740404,1
"CRS3035RES20000mN3340000E4240000",400.000490744875,400.000490744875,1
"CRS3035RES20000mN3340000E4260000",400.000490748273,400.000490748273,1
"CRS3035RES20000mN3340000E4280000",400.000490750491,400.000490750491,1
"CRS3035RES20000mN3340000E4300000",400.000490751593,400.000490751593,1
"CRS3035RES20000mN3340000E4320000",400.00049075175,400.00049075175,1
"CRS3035RES20000mN3340000E4340000",400.000490750624,400.000490750624,1
"CRS3035RES20000mN3340000E4360000",400.000490748443,400.000490748443,1
"CRS3035RES20000mN3340000E4380000",400.000490745243,400.000490745243,1
"CRS3035RES20000mN3340000E4400000",400.000490740821,400.000490740821,1
"CRS3035RES20000mN3340000E4420000",400.000490735424,400.000490735424,1
"CRS3035RES20000mN3340000E4440000",400.000490728774,400.000490728774,1
"CRS3035RES20000mN3340000E4460000",400.000490720962,400.000490720962,1
"CRS3035RES20000mN3340000E4480000",400.000490712194,400.000490712194,1
"CRS3035RES20000mN3340000E4500000",400.000490702272,400.000490702272,1
"CRS3035RES20000mN3340000E4520000",400.000490691295,400.000490691295,1
"CRS3035RES20000mN3340000E4540000",400.000490679251,400.000490679251,1
"CRS3035RES20000mN3340000E4560000",400.000490665918,400.000490665918,1
"CRS3035RES20000mN3340000E4580000",400.000490651567,400.000490651567,1
"CRS3035RES20000mN3340000E4600000",400.000490636099,400.000490636099,1
"CRS3035RES20000mN3360000E2940000",400.000488145775,102.832189619654,0.257080160317651
"CRS3035RES20000mN3360000E2960000",400.000488219437,300.062566211433,0.750155499927345
"CRS3035RES20000mN3360000E2980000",400.000488292122,372.350909937931,0.930876138496115
"CRS3035RES20000mN3360000E3000000",400.00048836377,400.00048836377,1
"CRS3035RES20000mN3360000E3020000",400.000488434425,400.000488434425,1
"CRS3035RES20000mN3360000E3040000",400.000488503914,400.000488503914,1
"CRS3035RES20000mN3360000E3060000",400.000488572388,400.000488572388,1
"CRS3035RES20000mN3360000E3080000",400.000488639832,400.000488639832,1
"CRS3035RES20000mN3360000E3100000",400.000488706345,400.000488706345,1
"CRS3035RES20000mN3360000E3120000",400.000488771591,336.445403802747,0.841112481727151
"CRS3035RES20000mN3360000E3140000",400.000488836082,301.356574336087,0.753390515129046
"CRS3035RES20000mN3360000E3160000",400.00048889933,318.498512020598,0.796245306842003
"CRS3035RES20000mN3360000E3180000",400.000488961433,325.606236259637,0.814014595594734
"CRS3035RES20000mN3360000E3200000",400.000489022636,282.631950569786,0.706579012591636
"CRS3035RES20000mN3360000E3360000",400.000489473793,121.6403757096,0.304100567150854
"CRS3035RES20000mN3360000E3380000",400.000489525257,397.785826117047,0.994463348255303
"CRS3035RES20000mN3360000E3400000",400.000489575783,400.000489575783,1
"CRS3035RES20000mN3360000E3420000",400.000489625298,400.000489625298,1
"CRS3035RES20000mN3360000E3440000",400.000489673637,400.000489673637,1
"CRS3035RES20000mN3360000E3460000",400.000489720951,400.000489720951,1
"CRS3035RES20000mN3360000E3480000",400.000489767105,400.000489767105,1
"CRS3035RES20000mN3360000E3500000",400.000489812225,400.000489812225,1
"CRS3035RES20000mN3360000E3520000",400.000489856243,400.000489856243,1
"CRS3035RES20000mN3360000E3540000",400.000489899136,400.000489899136,1
"CRS3035RES20000mN3360000E3560000",400.000489941074,400.000489941074,1
"CRS3035RES20000mN3360000E3580000",400.000489981812,400.000489981812,1
"CRS3035RES20000mN3360000E3600000",400.00049002161,400.00049002161,1
"CRS3035RES20000mN3360000E3620000",400.000490060158,400.000490060158,1
"CRS3035RES20000mN3360000E3640000",400.000490097599,393.742973691391,0.984356228151917
"CRS3035RES20000mN3360000E3660000",400.000490134037,164.155564719071,0.410388408934358
"CRS3035RES20000mN3360000E3980000",400.000490567947,27.2126679117343,0.0680315863440467
"CRS3035RES20000mN3360000E4000000",400.000490585665,68.1514261038146,0.170378356296589
"CRS3035RES20000mN3360000E4020000",400.000490602373,107.995296103454,0.269987909116862
"CRS3035RES20000mN3360000E4040000",400.000490617954,246.883978798582,0.617209189961679
"CRS3035RES20000mN3360000E4060000",400.000490632299,269.763552082405,0.674408052990077
"CRS3035RES20000mN3360000E4080000",400.000490645617,314.170087591065,0.785424255565243
"CRS3035RES20000mN3360000E4100000",400.000490658034,244.351818751448,0.610878797547145
"CRS3035RES20000mN3360000E4120000",400.000490668986,292.8478305488,0.732118678302177
"CRS3035RES20000mN3360000E4140000",400.000490679061,395.893079917092,0.989731485691439
"CRS3035RES20000mN3360000E4160000",400.000490688012,400.000490688012,1
"CRS3035RES20000mN3360000E4180000",400.000490695777,351.260933609925,0.87815125676203
"CRS3035RES20000mN3360000E4200000",400.000490702529,306.023093739719,0.765056795811036
"CRS3035RES20000mN3360000E4220000",400.000490708113,380.565767187469,0.951413250803172
"CRS3035RES20000mN3360000E4240000",400.000490712553,400.000490712553,1
"CRS3035RES20000mN3360000E4260000",400.000490715977,400.000490715977,1
"CRS3035RES20000mN3360000E4280000",400.000490718188,400.000490718188,1
"CRS3035RES20000mN3360000E4300000",400.000490719426,400.000490719426,1
"CRS3035RES20000mN3360000E4320000",400.000490719465,400.000490719465,1
"CRS3035RES20000mN3360000E4340000",400.000490718382,400.000490718382,1
"CRS3035RES20000mN3360000E4360000",400.000490716264,400.000490716264,1
"CRS3035RES20000mN3360000E4380000",400.000490712897,400.000490712897,1
"CRS3035RES20000mN3360000E4400000",400.000490708637,400.000490708637,1
"CRS3035RES20000mN3360000E4420000",400.000490703078,400.000490703078,1
"CRS3035RES20000mN3360000E4440000",400.000490696504,400.000490696504,1
"CRS3035RES20000mN3360000E4460000",400.000490688824,400.000490688824,1
"CRS3035RES20000mN3360000E4480000",400.000490680059,400.000490680059,1
"CRS3035RES20000mN3360000E4500000",400.000490670132,400.000490670132,1
"CRS3035RES20000mN3360000E4520000",400.0004906591,400.0004906591,1
"CRS3035RES20000mN3360000E4540000",400.000490646891,400.000490646891,1
"CRS3035RES20000mN3360000E4560000",400.000490633701,400.000490633701,1
"CRS3035RES20000mN3360000E4580000",400.00049061935,400.00049061935,1
"CRS3035RES20000mN3360000E4600000",400.000490603937,400.000490603937,1
"CRS3035RES20000mN3380000E2920000",400.000488038918,23.1709173091643,0.0579272225960632
"CRS3035RES20000mN3380000E2940000",400.000488113647,318.852112135831,0.797129307615342
"CRS3035RES20000mN3380000E2960000",400.000488187286,400.000488187286,1
"CRS3035RES20000mN3380000E2980000",400.000488259926,400.000488259926,1
"CRS3035RES20000mN3380000E3000000",400.000488331512,400.000488331512,1
"CRS3035RES20000mN3380000E3020000",400.000488402016,400.000488402016,1
"CRS3035RES20000mN3380000E3040000",400.000488471642,400.000488471642,1
"CRS3035RES20000mN3380000E3060000",400.000488540108,400.000488540108,1
"CRS3035RES20000mN3380000E3080000",400.00048860759,400.00048860759,1
"CRS3035RES20000mN3380000E3100000",400.000488673828,400.000488673828,1
"CRS3035RES20000mN3380000E3120000",400.000488739304,400.000488739304,1
"CRS3035RES20000mN3380000E3140000",400.000488803513,400.000488803513,1
"CRS3035RES20000mN3380000E3160000",400.000488866814,400.000488866814,1
"CRS3035RES20000mN3380000E3180000",400.000488929016,400.000488929016,1
"CRS3035RES20000mN3380000E3200000",400.000488990105,398.920967821954,0.997301200378839
"CRS3035RES20000mN3380000E3220000",400.000489050194,163.837828073153,0.409594069402734
"CRS3035RES20000mN3380000E3320000",400.000489334679,8.27039355143529,0.0206759585849294
"CRS3035RES20000mN3380000E3340000",400.00048938829,25.3426929426656,0.0633566548416516
"CRS3035RES20000mN3380000E3360000",400.000489440926,75.0342484418231,0.187585391574638
"CRS3035RES20000mN3380000E3380000",400.000489492523,397.07830440745,0.992694546227229
"CRS3035RES20000mN3380000E3400000",400.000489542988,400.000489542988,1
"CRS3035RES20000mN3380000E3420000",400.000489592369,400.000489592369,1
"CRS3035RES20000mN3380000E3440000",400.000489640755,400.000489640755,1
"CRS3035RES20000mN3380000E3460000",400.000489687962,400.000489687962,1
"CRS3035RES20000mN3380000E3480000",400.000489734146,400.000489734146,1
"CRS3035RES20000mN3380000E3500000",400.000489779274,400.000489779274,1
"CRS3035RES20000mN3380000E3520000",400.000489823212,400.000489823212,1
"CRS3035RES20000mN3380000E3540000",400.000489866196,400.000489866196,1
"CRS3035RES20000mN3380000E3560000",400.000489908051,400.000489908051,1
"CRS3035RES20000mN3380000E3580000",400.000489948765,400.000489948765,1
"CRS3035RES20000mN3380000E3600000",400.000489988396,400.000489988396,1
"CRS3035RES20000mN3380000E3620000",400.000490027039,400.000490027039,1
"CRS3035RES20000mN3380000E3640000",400.000490064594,400.000490064594,1
"CRS3035RES20000mN3380000E3660000",400.000490101051,351.643315887034,0.879107212589163
"CRS3035RES20000mN3380000E4020000",400.000490569,17.8052393308269,0.0445130437352688
"CRS3035RES20000mN3380000E4040000",400.000490584545,19.2555013132342,0.048138694242837
"CRS3035RES20000mN3380000E4060000",400.000490599028,35.052247412581,0.0876305110528438
"CRS3035RES20000mN3380000E4080000",400.00049061237,5.01918779484403,0.0125479540966563
"CRS3035RES20000mN3380000E4100000",400.000490624535,26.6298386197041,0.0665745148915343
"CRS3035RES20000mN3380000E4120000",400.000490635672,179.165522998146,0.447913258089811
"CRS3035RES20000mN3380000E4140000",400.000490645801,399.228960355505,0.998071176640184
"CRS3035RES20000mN3380000E4160000",400.000490654552,400.000490654552,1
"CRS3035RES20000mN3380000E4180000",400.00049066247,299.84988329381,0.749623788703876
"CRS3035RES20000mN3380000E4200000",400.000490669102,126.30021966163,0.315750161831953
"CRS3035RES20000mN3380000E4220000",400.00049067472,352.794933084409,0.881986250790129
"CRS3035RES20000mN3380000E4240000",400.00049067923,400.00049067923,1
"CRS3035RES20000mN3380000E4260000",400.000490682487,400.000490682487,1
"CRS3035RES20000mN3380000E4280000",400.00049068488,357.973341893685,0.894932256909896
"CRS3035RES20000mN3380000E4300000",400.00049068605,378.198086861091,0.945494057300868
"CRS3035RES20000mN3380000E4320000",400.000490685993,400.000490685993,1
"CRS3035RES20000mN3380000E4340000",400.000490685076,400.000490685076,1
"CRS3035RES20000mN3380000E4360000",400.000490682884,400.000490682884,1
"CRS3035RES20000mN3380000E4380000",400.000490679593,400.000490679593,1
"CRS3035RES20000mN3380000E4400000",400.000490675219,400.000490675219,1
"CRS3035RES20000mN3380000E4420000",400.000490669733,400.000490669733,1
"CRS3035RES20000mN3380000E4440000",400.000490663166,400.000490663166,1
"CRS3035RES20000mN3380000E4460000",400.000490655482,400.000490655482,1
"CRS3035RES20000mN3380000E4480000",400.000490646714,400.000490646714,1
"CRS3035RES20000mN3380000E4500000",400.00049063677,400.00049063677,1
"CRS3035RES20000mN3380000E4520000",400.000490625735,400.000490625735,1
"CRS3035RES20000mN3380000E4540000",400.000490613655,400.000490613655,1
"CRS3035RES20000mN3380000E4560000",400.000490600428,400.000490600428,1
"CRS3035RES20000mN3380000E4580000",400.000490586132,400.000490586132,1
"CRS3035RES20000mN3380000E4600000",400.000490570732,400.000490570732,1
"CRS3035RES20000mN3400000E2940000",400.000488080444,99.4970368033592,0.248742288492781
"CRS3035RES20000mN3400000E2960000",400.000488154114,243.922573162569,0.609805688708534
"CRS3035RES20000mN3400000E2980000",400.000488226677,379.213254275279,0.948031978551941
"CRS3035RES20000mN3400000E3000000",400.000488298241,400.000488298241,1
"CRS3035RES20000mN3400000E3020000",400.000488368782,400.000488368782,1
"CRS3035RES20000mN3400000E3040000",400.000488438293,400.000488438293,1
"CRS3035RES20000mN3400000E3060000",400.000488506706,400.000488506706,1
"CRS3035RES20000mN3400000E3080000",400.000488574081,400.000488574081,1
"CRS3035RES20000mN3400000E3100000",400.000488640503,400.000488640503,1
"CRS3035RES20000mN3400000E3120000",400.000488705765,400.000488705765,1
"CRS3035RES20000mN3400000E3140000",400.000488770073,400.000488770073,1
"CRS3035RES20000mN3400000E3160000",400.000488833244,400.000488833244,1
"CRS3035RES20000mN3400000E3180000",400.000488895454,400.000488895454,1
"CRS3035RES20000mN3400000E3200000",400.00048895652,400.00048895652,1
"CRS3035RES20000mN3400000E3220000",400.000489016472,344.106765258615,0.860265861436096
"CRS3035RES20000mN3400000E3240000",400.000489075508,10.6516196615281,0.0266290165948207
"CRS3035RES20000mN3400000E3320000",400.000489300793,22.5178343263722,0.0562945169535511
"CRS3035RES20000mN3400000E3340000",400.000489354553,209.195639326713,0.522988458499823
"CRS3035RES20000mN3400000E3360000",400.000489407105,302.161830759368,0.755403652648635
"CRS3035RES20000mN3400000E3380000",400.00048945858,398.404392052373,0.996009761367124
"CRS3035RES20000mN3400000E3400000",400.00048950906,400.00048950906,1
"CRS3035RES20000mN3400000E3420000",400.000489558537,400.000489558537,1
"CRS3035RES20000mN3400000E3440000",400.00048960677,400.00048960677,1
"CRS3035RES20000mN3400000E3460000",400.000489653992,400.000489653992,1
"CRS3035RES20000mN3400000E3480000",400.000489700127,400.000489700127,1
"CRS3035RES20000mN3400000E3500000",400.000489745155,400.000489745155,1
"CRS3035RES20000mN3400000E3520000",400.000489789196,400.000489789196,1
"CRS3035RES20000mN3400000E3540000",400.00048983213,400.00048983213,1
"CRS3035RES20000mN3400000E3560000",400.000489873913,400.000489873913,1
"CRS3035RES20000mN3400000E3580000",400.000489914738,400.000489914738,1
"CRS3035RES20000mN3400000E3600000",400.000489954346,400.000489954346,1
"CRS3035RES20000mN3400000E3620000",400.000489992867,400.000489992867,1
"CRS3035RES20000mN3400000E3640000",400.000490030369,400.000490030369,1
"CRS3035RES20000mN3400000E3660000",400.000490066715,255.054257577976,0.637634862735883
"CRS3035RES20000mN3400000E4100000",400.000490590114,4.09765282412469,0.0102441194961524
"CRS3035RES20000mN3400000E4120000",400.000490601291,24.5737380038621,0.0614342696603254
"CRS3035RES20000mN3400000E4140000",400.000490611284,42.9631689360666,0.107407790601481
"CRS3035RES20000mN3400000E4160000",400.000490620222,59.9931972406404,0.149982809140103
"CRS3035RES20000mN3400000E4180000",400.00049062799,43.8925858455288,0.109731330020667
"CRS3035RES20000mN3400000E4200000",400.000490634635,1.4963068636449,0.00374076257074305
"CRS3035RES20000mN3400000E4220000",400.000490640146,299.183635408605,0.747958171075748
"CRS3035RES20000mN3400000E4240000",400.000490644724,305.947340233152,0.764867412387479
"CRS3035RES20000mN3400000E4260000",400.000490648173,344.912815327181,0.862280980626482
"CRS3035RES20000mN3400000E4280000",400.000490650365,362.318872357983,0.905796069822026
"CRS3035RES20000mN3400000E4300000",400.000490651436,400.000490651436,1
"CRS3035RES20000mN3400000E4320000",400.000490651663,400.000490651663,1
"CRS3035RES20000mN3400000E4340000",400.000490650541,400.000490650541,1
"CRS3035RES20000mN3400000E4360000",400.000490648396,400.000490648396,1
"CRS3035RES20000mN3400000E4380000",400.000490645154,400.000490645154,1
"CRS3035RES20000mN3400000E4400000",400.000490640668,400.000490640668,1
"CRS3035RES20000mN3400000E4420000",400.000490635288,400.000490635288,1
"CRS3035RES20000mN3400000E4440000",400.000490628683,400.000490628683,1
"CRS3035RES20000mN3400000E4460000",400.000490620987,400.000490620987,1
"CRS3035RES20000mN3400000E4480000",400.000490612056,400.000490612056,1
"CRS3035RES20000mN3400000E4500000",400.0004906023,400.0004906023,1
"CRS3035RES20000mN3400000E4520000",400.000490591306,400.000490591306,1
"CRS3035RES20000mN3400000E4540000",400.00049057916,400.00049057916,1
"CRS3035RES20000mN3400000E4560000",400.00049056592,393.816761267741,0.984540695714073
"CRS3035RES20000mN3400000E4580000",400.000490551569,262.676220448496,0.656689745770777
"CRS3035RES20000mN3400000E4600000",400.0004905361,158.470206641956,0.396175030759504
"CRS3035RES20000mN3420000E2940000",400.000488046303,148.890902176734,0.372226801282049
"CRS3035RES20000mN3420000E2960000",400.000488119766,140.442494948309,0.35110580891656
"CRS3035RES20000mN3420000E2980000",400.000488192322,256.769939753442,0.641924065927604
"CRS3035RES20000mN3420000E3000000",400.000488263878,400.000488263878,1
"CRS3035RES20000mN3420000E3020000",400.00048833432,400.00048833432,1
"CRS3035RES20000mN3420000E3040000",400.000488403717,400.000488403717,1
"CRS3035RES20000mN3420000E3060000",400.000488472221,400.000488472221,1
"CRS3035RES20000mN3420000E3080000",400.000488539665,400.000488539665,1
"CRS3035RES20000mN3420000E3100000",400.000488605949,400.000488605949,1
"CRS3035RES20000mN3420000E3120000",400.000488671143,400.000488671143,1
"CRS3035RES20000mN3420000E3140000",400.000488735367,400.000488735367,1
"CRS3035RES20000mN3420000E3160000",400.000488798592,400.000488798592,1
"CRS3035RES20000mN3420000E3180000",400.00048886058,400.00048886058,1
"CRS3035RES20000mN3420000E3200000",400.000488921791,400.000488921791,1
"CRS3035RES20000mN3420000E3220000",400.000488981758,400.000488981758,1
"CRS3035RES20000mN3420000E3240000",400.000489040733,220.181861712377,0.550453981294895
"CRS3035RES20000mN3420000E3340000",400.000489319565,1.1781711944301,0.0029454243829408
"CRS3035RES20000mN3420000E3360000",400.000489372108,277.922615237201,0.694805688046691
"CRS3035RES20000mN3420000E3380000",400.000489423626,380.221038653312,0.950551433577456
"CRS3035RES20000mN3420000E3400000",400.000489474037,391.215840444037,0.978038404299076
"CRS3035RES20000mN3420000E3420000",400.000489523365,390.700745237484,0.976750667738026
"CRS3035RES20000mN3420000E3440000",400.000489571568,326.937646988792,0.817343117102104
"CRS3035RES20000mN3420000E3460000",400.000489618786,336.462929818816,0.84115629493223
"CRS3035RES20000mN3420000E3480000",400.000489665009,400.000289163761,0.999999498747494
"CRS3035RES20000mN3420000E3500000",400.000489710114,400.000489710114,1
"CRS3035RES20000mN3420000E3520000",400.000489754002,400.000489754002,1
"CRS3035RES20000mN3420000E3540000",400.00048979686,400.00048979686,1
"CRS3035RES20000mN3420000E3560000",400.000489838707,400.000489838707,1
"CRS3035RES20000mN3420000E3580000",400.000489879318,400.000489879318,1
"CRS3035RES20000mN3420000E3600000",400.000489919029,400.000489919029,1
"CRS3035RES20000mN3420000E3620000",400.000489957657,400.000489957657,1
"CRS3035RES20000mN3420000E3640000",400.000489995098,336.264395226188,0.840659958267324
"CRS3035RES20000mN3420000E3660000",400.000490031452,60.044504685863,0.150111077816784
"CRS3035RES20000mN3420000E4220000",400.000490604687,6.05415804444981,0.0151353765474078
"CRS3035RES20000mN3420000E4240000",400.000490609088,189.238124068189,0.473094729909037
"CRS3035RES20000mN3420000E4260000",400.000490612492,390.455466349049,0.976137468609532
"CRS3035RES20000mN3420000E4280000",400.000490614805,400.000490614805,1
"CRS3035RES20000mN3420000E4300000",400.000490615898,400.000490615898,1
"CRS3035RES20000mN3420000E4320000",400.000490615961,400.000490615961,1
"CRS3035RES20000mN3420000E4340000",400.000490614887,400.000490614887,1
"CRS3035RES20000mN3420000E4360000",400.000490612708,331.512310242752,0.828779759082174
"CRS3035RES20000mN3420000E4380000",400.000490609499,256.653242328126,0.641632318843038
"CRS3035RES20000mN3420000E4400000",400.000490605155,190.966264666981,0.477415076111709
"CRS3035RES20000mN3420000E4420000",400.000490599559,386.763828554284,0.96690838547364
"CRS3035RES20000mN3420000E4440000",400.00049059303,400.00049059303,1
"CRS3035RES20000mN3420000E4460000",400.000490585373,400.000490585373,1
"CRS3035RES20000mN3420000E4480000",400.000490576652,400.000490576652,1
"CRS3035RES20000mN3420000E4500000",400.000490566614,400.000490566614,1
"CRS3035RES20000mN3420000E4520000",400.00049055565,400.00049055565,1
"CRS3035RES20000mN3420000E4540000",400.000490543595,400.000490543595,1
"CRS3035RES20000mN3420000E4560000",400.00049053039,327.903785334289,0.819758458044633
"CRS3035RES20000mN3420000E4580000",400.000490516035,221.149286657995,0.552872538662872
"CRS3035RES20000mN3440000E2980000",400.000488156998,60.8495412513533,0.152123667477801
"CRS3035RES20000mN3440000E3000000",400.00048822847,245.409276339587,0.613522442001159
"CRS3035RES20000mN3440000E3020000",400.000488298973,326.948001718799,0.817369006495881
"CRS3035RES20000mN3440000E3040000",400.000488368385,268.946299353928,0.672364927480384
"CRS3035RES20000mN3440000E3060000",400.000488436661,379.085396131655,0.947712333085519
"CRS3035RES20000mN3440000E3080000",400.00048850396,400.00048850396,1
"CRS3035RES20000mN3440000E3100000",400.000488570213,400.000488570213,1
"CRS3035RES20000mN3440000E3120000",400.000488635475,400.000488635475,1
"CRS3035RES20000mN3440000E3140000",400.000488699638,400.000488699638,1
"CRS3035RES20000mN3440000E3160000",400.000488762856,400.000488762856,1
"CRS3035RES20000mN3440000E3180000",400.000488824944,400.000488824944,1
"CRS3035RES20000mN3440000E3200000",400.000488885918,400.000488885918,1
"CRS3035RES20000mN3440000E3220000",400.000488945969,400.000488945969,1
"CRS3035RES20000mN3440000E3240000",400.000489004829,321.196764561213,0.802990929736926
"CRS3035RES20000mN3440000E3340000",400.000489283398,74.0397525814868,0.185099155038858
"CRS3035RES20000mN3440000E3360000",400.000489336029,390.964089873834,0.977409028980951
"CRS3035RES20000mN3440000E3380000",400.000489387562,68.8169575272323,0.172042183329819
"CRS3035RES20000mN3440000E3400000",400.000489437893,37.4846582524064,0.0937115309660803
"CRS3035RES20000mN3440000E3420000",400.000489487164,15.6376410876758,0.0390940548790944
"CRS3035RES20000mN3440000E3440000",400.000489535568,74.1221715728662,0.185305202148447
"CRS3035RES20000mN3440000E3460000",400.00048958268,388.324055988691,0.970808951743608
"CRS3035RES20000mN3440000E3480000",400.000489628738,400.000489628738,1
"CRS3035RES20000mN3440000E3500000",400.000489673752,400.000489673752,1
"CRS3035RES20000mN3440000E3520000",400.000489717739,400.000489717739,1
"CRS3035RES20000mN3440000E3540000",400.000489760586,400.000489760586,1
"CRS3035RES20000mN3440000E3560000",400.000489802322,400.000489802322,1
"CRS3035RES20000mN3440000E3580000",400.00048984304,400.00048984304,1
"CRS3035RES20000mN3440000E3600000",400.000489882706,392.240893897287,0.980601033794499
"CRS3035RES20000mN3440000E3620000",400.00048992112,352.368684134531,0.880920631382273
"CRS3035RES20000mN3440000E3640000",400.000489958569,338.823607493349,0.847057981175083
"CRS3035RES20000mN3440000E3660000",400.000489994999,90.7610153648167,0.22690226045961
"CRS3035RES20000mN3440000E4180000",400.000490555498,1.9486064957515,0.00487151026501339
"CRS3035RES20000mN3440000E4240000",400.00049057227,210.286516719851,0.525715647045831
"CRS3035RES20000mN3440000E4260000",400.000490575586,400.000490575586,1
"CRS3035RES20000mN3440000E4280000",400.000490577852,400.000490577852,1
"CRS3035RES20000mN3440000E4300000",400.00049057911,400.00049057911,1
"CRS3035RES20000mN3440000E4320000",400.000490579169,400.000490579169,1
"CRS3035RES20000mN3440000E4340000",400.000490578158,400.000490578158,1
"CRS3035RES20000mN3440000E4360000",400.000490575964,372.950706807622,0.93237562351638
"CRS3035RES20000mN3440000E4380000",400.000490572628,117.745985244171,0.294364602092387
"CRS3035RES20000mN3440000E4420000",400.000490562888,144.881455604652,0.362203194803016
"CRS3035RES20000mN3440000E4440000",400.000490556213,257.712705963093,0.644280974767645
"CRS3035RES20000mN3440000E4460000",400.000490548541,394.582087373598,0.986454008675059
"CRS3035RES20000mN3440000E4480000",400.00049053973,400.00049053973,1
"CRS3035RES20000mN3440000E4500000",400.000490529961,400.000490529961,1
"CRS3035RES20000mN3440000E4520000",400.000490518899,394.078915630034,0.985196080931843
"CRS3035RES20000mN3440000E4540000",400.000490506745,268.890649166514,0.672225798588063
"CRS3035RES20000mN3440000E4560000",400.000490493534,233.332906891039,0.583331551926711
"CRS3035RES20000mN3440000E4580000",400.00049047925,25.8165590747022,0.0645413185463116
"CRS3035RES20000mN3460000E2980000",400.000488120552,0.0271743504752517,6.79357932859869e-05
"CRS3035RES20000mN3460000E3000000",400.000488191925,110.926327661576,0.277315480695994
"CRS3035RES20000mN3460000E3020000",400.000488262245,336.164656221662,0.840410614702221
"CRS3035RES20000mN3460000E3040000",400.000488331604,392.394016767324,0.980983844304775
"CRS3035RES20000mN3460000E3060000",400.000488399979,400.000488399979,1
"CRS3035RES20000mN3460000E3080000",400.000488467331,400.000488467331,1
"CRS3035RES20000mN3460000E3100000",400.000488533592,400.000488533592,1
"CRS3035RES20000mN3460000E3120000",400.000488598755,400.000488598755,1
"CRS3035RES20000mN3460000E3140000",400.000488662933,400.000488662933,1
"CRS3035RES20000mN3460000E3160000",400.000488725998,400.000488725998,1
"CRS3035RES20000mN3460000E3180000",400.000488788033,400.000488788033,1
"CRS3035RES20000mN3460000E3200000",400.000488848938,400.000488848938,1
"CRS3035RES20000mN3460000E3220000",400.000488908913,400.000488908913,1
"CRS3035RES20000mN3460000E3240000",400.000488967857,303.233768491258,0.758083494531991
"CRS3035RES20000mN3460000E3340000",400.000489246353,1.68958423067033,0.00422395541028888
"CRS3035RES20000mN3460000E3360000",400.000489298801,50.540928465816,0.126352166604631
"CRS3035RES20000mN3460000E3440000",400.000489498119,7.00156509674251,0.0175038913215516
"CRS3035RES20000mN3460000E3460000",400.000489545349,295.375527511364,0.738437915031293
"CRS3035RES20000mN3460000E3480000",400.000489591343,400.000489591343,1
"CRS3035RES20000mN3460000E3500000",400.000489636398,400.000489636398,1
"CRS3035RES20000mN3460000E3520000",400.000489680229,400.000489680229,1
"CRS3035RES20000mN3460000E3540000",400.00048972308,400.00048972308,1
"CRS3035RES20000mN3460000E3560000",400.000489764851,400.000489764851,1
"CRS3035RES20000mN3460000E3580000",400.000489805565,400.000489805565,1
"CRS3035RES20000mN3460000E3600000",400.000489845116,400.000489845116,1
"CRS3035RES20000mN3460000E3620000",400.000489883606,400.000489883606,1
"CRS3035RES20000mN3460000E3640000",400.000489921139,326.830209473671,0.817074522928977
"CRS3035RES20000mN3460000E4220000",400.000490529834,116.225481611933,0.290563347704855
"CRS3035RES20000mN3460000E4240000",400.00049053441,335.594954056691,0.838986356262534
"CRS3035RES20000mN3460000E4260000",400.000490537752,400.000490537752,1
"CRS3035RES20000mN3460000E4280000",400.000490539948,400.000490539948,1
"CRS3035RES20000mN3460000E4300000",400.000490541128,400.000490541128,1
"CRS3035RES20000mN3460000E4320000",400.000490541159,373.298944054944,0.933246215648161
"CRS3035RES20000mN3460000E4340000",400.000490540137,352.678463987586,0.881695078701904
"CRS3035RES20000mN3460000E4360000",400.000490537963,200.860119956842,0.502149684083396
"CRS3035RES20000mN3460000E4380000",400.00049053471,186.529929528205,0.466324251949933
"CRS3035RES20000mN3460000E4400000",400.00049053029,1.13876047200918,0.00284689768879908
"CRS3035RES20000mN3460000E4460000",400.000490510656,103.408140693853,0.258520034717552
"CRS3035RES20000mN3460000E4480000",400.000490501903,336.830798010537,0.842075962426688
"CRS3035RES20000mN3460000E4500000",400.000490491879,374.869905973054,0.937173615742514
"CRS3035RES20000mN3460000E4520000",400.000490480919,306.993891454035,0.767483787544704
"CRS3035RES20000mN3460000E4540000",400.000490468949,117.81018280195,0.294525095866339
"CRS3035RES20000mN3460000E4560000",400.000490455759,29.6382916449867,0.0740956382608855
"CRS3035RES20000mN3480000E3020000",400.000488224846,104.120630533692,0.260301258620375
"CRS3035RES20000mN3480000E3040000",400.000488294144,399.611277286679,0.999026973669147
"CRS3035RES20000mN3480000E3060000",400.000488362358,400.000488362358,1
"CRS3035RES20000mN3480000E3080000",400.000488429565,400.000488429565,1
"CRS3035RES20000mN3480000E3100000",400.000488495712,400.000488495712,1
"CRS3035RES20000mN3480000E3120000",400.00048856089,400.00048856089,1
"CRS3035RES20000mN3480000E3140000",400.000488625069,400.000488625069,1
"CRS3035RES20000mN3480000E3160000",400.000488688049,400.000488688049,1
"CRS3035RES20000mN3480000E3180000",400.000488750114,400.000488750114,1
"CRS3035RES20000mN3480000E3200000",400.00048881105,400.00048881105,1
"CRS3035RES20000mN3480000E3220000",400.000488870926,400.000488870926,1
"CRS3035RES20000mN3480000E3240000",400.000488929718,362.614242991103,0.906534499398614
"CRS3035RES20000mN3480000E3260000",400.000488987373,30.9184215017493,0.077295959262503
"CRS3035RES20000mN3480000E3460000",400.000489506813,257.699220838839,0.644247263688534
"CRS3035RES20000mN3480000E3480000",400.000489552959,400.000489552959,1
"CRS3035RES20000mN3480000E3500000",400.000489597801,400.000489597801,1
"CRS3035RES20000mN3480000E3520000",400.000489641747,400.000489641747,1
"CRS3035RES20000mN3480000E3540000",400.00048968462,400.00048968462,1
"CRS3035RES20000mN3480000E3560000",400.00048972636,400.00048972636,1
"CRS3035RES20000mN3480000E3580000",400.000489766975,400.000489766975,1
"CRS3035RES20000mN3480000E3600000",400.000489806507,400.000489806507,1
"CRS3035RES20000mN3480000E3620000",400.000489845039,400.000489845039,1
"CRS3035RES20000mN3480000E3640000",400.000489882305,336.644637771957,0.841610563704584
"CRS3035RES20000mN3480000E3660000",400.00048991872,13.755857833353,0.0343896024631075
"CRS3035RES20000mN3480000E4220000",400.000490490799,31.3387372242277,0.0783467469896729
"CRS3035RES20000mN3480000E4240000",400.000490495169,172.611683084783,0.431528678555128
"CRS3035RES20000mN3480000E4260000",400.000490498575,400.000490498575,1
"CRS3035RES20000mN3480000E4280000",400.000490500956,400.000490500956,1
"CRS3035RES20000mN3480000E4300000",400.000490502059,374.705675123866,0.936763039099165
"CRS3035RES20000mN3480000E4320000",400.00049050215,111.86509177182,0.279662386492046
"CRS3035RES20000mN3480000E4340000",400.000490501014,10.0510916858757,0.0251276984017854
"CRS3035RES20000mN3480000E4380000",400.000490495617,128.510155103966,0.321274993799973
"CRS3035RES20000mN3480000E4400000",400.000490491352,31.666029578135,0.0791649768709962
"CRS3035RES20000mN3480000E4440000",400.000490479261,5.41057827710843,0.0135264291066887
"CRS3035RES20000mN3480000E4460000",400.000490471571,0.159361913655877,0.000398404295624741
"CRS3035RES20000mN3480000E4480000",400.000490462752,94.8377204421589,0.237094010390945
"CRS3035RES20000mN3480000E4500000",400.000490452946,65.1365432362056,0.162841158425699
"CRS3035RES20000mN3480000E4520000",400.000490441998,208.634149788509,0.521584734953622
"CRS3035RES20000mN3480000E4540000",400.000490429738,271.283283459394,0.678207377115819
"CRS3035RES20000mN3480000E4560000",400.000490416584,4.85802623619127,0.0121450507001425
"CRS3035RES20000mN3500000E3000000",400.000488115677,15.6373466724558,0.0390933189759848
"CRS3035RES20000mN3500000E3020000",400.000488186081,13.8800525913428,0.0347000891281057
"CRS3035RES20000mN3500000E3040000",400.00048825531,90.8149415329223,0.22703707670216
"CRS3035RES20000mN3500000E3060000",400.000488323608,263.309522973953,0.658273003809261
"CRS3035RES20000mN3500000E3080000",400.000488390755,400.000488390755,1
"CRS3035RES20000mN3500000E3100000",400.000488456902,400.000488456902,1
"CRS3035RES20000mN3500000E3120000",400.000488522072,400.000488522072,1
"CRS3035RES20000mN3500000E3140000",400.000488585968,400.000488585968,1
"CRS3035RES20000mN3500000E3160000",400.000488649071,400.000488649071,1
"CRS3035RES20000mN3500000E3180000",400.000488711006,400.000488711006,1
"CRS3035RES20000mN3500000E3200000",400.00048877195,400.00048877195,1
"CRS3035RES20000mN3500000E3220000",400.00048883181,400.00048883181,1
"CRS3035RES20000mN3500000E3240000",400.000488890678,386.234275573453,0.965584508770469
"CRS3035RES20000mN3500000E3260000",400.000488948471,32.7930479553565,0.0819825196753221
"CRS3035RES20000mN3500000E3460000",400.0004894673,26.0259984110787,0.0650649164098243
"CRS3035RES20000mN3500000E3480000",400.000489513294,347.119125219305,0.867796751053147
"CRS3035RES20000mN3500000E3500000",400.000489558239,400.000489558239,1
"CRS3035RES20000mN3500000E3520000",400.000489602119,400.000489602119,1
"CRS3035RES20000mN3500000E3540000",400.00048964481,400.00048964481,1
"CRS3035RES20000mN3500000E3560000",400.000489686581,400.000489686581,1
"CRS3035RES20000mN3500000E3580000",400.000489727173,400.000489727173,1
"CRS3035RES20000mN3500000E3600000",400.000489766685,400.000489766685,1
"CRS3035RES20000mN3500000E3620000",400.000489805138,400.000489805138,1
"CRS3035RES20000mN3500000E3640000",400.00048984256,170.475689552119,0.426188701966886
"CRS3035RES20000mN3500000E4200000",400.000490445049,40.1085020432485,0.100271132164421
"CRS3035RES20000mN3500000E4220000",400.000490450608,88.0663829790168,0.220165687496554
"CRS3035RES20000mN3500000E4240000",400.000490455057,339.219102765862,0.848046717092653
"CRS3035RES20000mN3500000E4260000",400.000490458463,400.000490458463,1
"CRS3035RES20000mN3500000E4280000",400.000490460709,400.000490460709,1
"CRS3035RES20000mN3500000E4300000",400.000490461825,371.589500223376,0.928972611494433
"CRS3035RES20000mN3500000E4320000",400.000490461827,28.7790716198,0.0719475908306328
"CRS3035RES20000mN3500000E4360000",400.000490458639,23.206692529253,0.058016660186202
"CRS3035RES20000mN3500000E4380000",400.000490455482,56.6084259898968,0.1415208914505
"CRS3035RES20000mN3500000E4400000",400.000490450992,255.960240911016,0.639899817678789
"CRS3035RES20000mN3500000E4420000",400.00049044565,253.911999625126,0.634779220751046
"CRS3035RES20000mN3500000E4440000",400.000490439053,127.778958723586,0.319447005135749
"CRS3035RES20000mN3500000E4520000",400.000490401699,99.2071009522909,0.248017448310282
"CRS3035RES20000mN3500000E4540000",400.000490389745,60.0071038860949,0.150017575797535
"CRS3035RES20000mN3520000E3000000",400.000488076103,18.8845343605151,0.047211278294546
"CRS3035RES20000mN3520000E3020000",400.000488146347,196.963508118174,0.492408169377313
"CRS3035RES20000mN3520000E3040000",400.000488215645,393.012333088348,0.982529633505024
"CRS3035RES20000mN3520000E3060000",400.000488283676,400.000488283676,1
"CRS3035RES20000mN3520000E3080000",400.000488350891,400.000488350891,1
"CRS3035RES20000mN3520000E3100000",400.000488416931,400.000488416931,1
"CRS3035RES20000mN3520000E3120000",400.000488481995,400.000488481995,1
"CRS3035RES20000mN3520000E3140000",400.000488546112,400.000488546112,1
"CRS3035RES20000mN3520000E3160000",400.000488608986,400.000488608986,1
"CRS3035RES20000mN3520000E3180000",400.000488670959,400.000488670959,1
"CRS3035RES20000mN3520000E3200000",400.000488731796,400.000488731796,1
"CRS3035RES20000mN3520000E3220000",400.000488791618,400.000488791618,1
"CRS3035RES20000mN3520000E3240000",400.000488850273,390.838444116273,0.977094916157891
"CRS3035RES20000mN3520000E3260000",400.000488907997,14.7211431728303,0.0368028129491019
"CRS3035RES20000mN3520000E3360000",400.00048918074,30.9881516215251,0.0774702843113852
"CRS3035RES20000mN3520000E3440000",400.000489379578,22.6787915851718,0.0566969095971554
"CRS3035RES20000mN3520000E3460000",400.000489426628,268.29417897289,0.670734626743758
"CRS3035RES20000mN3520000E3480000",400.000489472698,330.759987871022,0.826898957816396
"CRS3035RES20000mN3520000E3500000",400.000489517502,400.000489517502,1
"CRS3035RES20000mN3520000E3520000",400.000489561348,400.000489561348,1
"CRS3035RES20000mN3520000E3540000",400.000489604126,400.000489604126,1
"CRS3035RES20000mN3520000E3560000",400.00048964571,400.00048964571,1
"CRS3035RES20000mN3520000E3580000",400.000489686352,400.000489686352,1
"CRS3035RES20000mN3520000E3600000",400.000489725941,400.000489725941,1
"CRS3035RES20000mN3520000E3620000",400.000489764263,383.595963620811,0.958988734856001
"CRS3035RES20000mN3520000E3640000",400.00048980167,35.9057320027899,0.0897642200903123
"CRS3035RES20000mN3520000E4200000",400.0004904037,58.5065000476169,0.146266070795487
"CRS3035RES20000mN3520000E4220000",400.000490409211,118.343062536204,0.295857293612655
"CRS3035RES20000mN3520000E4240000",400.000490413783,400.000490413783,1
"CRS3035RES20000mN3520000E4260000",400.000490417088,400.000490417088,1
"CRS3035RES20000mN3520000E4280000",400.000490419289,314.289058545717,0.78572168303162
"CRS3035RES20000mN3520000E4300000",400.000490420538,184.554184891713,0.461384896547709
"CRS3035RES20000mN3520000E4320000",400.000490420574,65.1219853562473,0.162804763783604
"CRS3035RES20000mN3520000E4340000",400.000490419506,70.9188579393127,0.177296927473603
"CRS3035RES20000mN3520000E4360000",400.000490417397,164.60136531751,0.411502908773311
"CRS3035RES20000mN3520000E4380000",400.000490414162,225.963272034231,0.564907487488997
"CRS3035RES20000mN3520000E4400000",400.000490409852,248.423021858777,0.621056793216017
"CRS3035RES20000mN3520000E4420000",400.000490404223,259.610731492672,0.64902603301891
"CRS3035RES20000mN3520000E4440000",400.000490397643,294.818399980124,0.737045096337366
"CRS3035RES20000mN3520000E4460000",400.000490390104,37.6434841027928,0.0941085948821729
"CRS3035RES20000mN3540000E2980000",400.000487964165,0.453459446675301,0.00113364723374019
"CRS3035RES20000mN3540000E3000000",400.000488035301,197.41241248116,0.493530429052221
"CRS3035RES20000mN3540000E3020000",400.000488105537,386.606556611823,0.966515212125989
"CRS3035RES20000mN3540000E3040000",400.000488174553,400.000488174553,1
"CRS3035RES20000mN3540000E3060000",400.000488242912,400.000488242912,1
"CRS3035RES20000mN3540000E3080000",400.000488309929,400.000488309929,1
"CRS3035RES20000mN3540000E3100000",400.000488375969,400.000488375969,1
"CRS3035RES20000mN3540000E3120000",400.000488441017,400.000488441017,1
"CRS3035RES20000mN3540000E3140000",400.000488504852,400.000488504852,1
"CRS3035RES20000mN3540000E3160000",400.000488567932,400.000488567932,1
"CRS3035RES20000mN3540000E3180000",400.0004886297,400.0004886297,1
"CRS3035RES20000mN3540000E3200000",400.000488690536,400.000488690536,1
"CRS3035RES20000mN3540000E3220000",400.000488750305,400.000488750305,1
"CRS3035RES20000mN3540000E3240000",400.000488809097,349.950408860304,0.874874953033669
"CRS3035RES20000mN3540000E3260000",400.00048886673,145.619391438074,0.364048033667756
"CRS3035RES20000mN3540000E3280000",400.000488923309,52.7021001485769,0.131755089326106
"CRS3035RES20000mN3540000E3360000",400.000489139061,231.798161646328,0.579494695482093
"CRS3035RES20000mN3540000E3380000",400.000489190338,180.51028759785,0.451275167095995
"CRS3035RES20000mN3540000E3440000",400.000489337849,138.407983095916,0.346019534438652
"CRS3035RES20000mN3540000E3460000",400.000489384922,400.003818915439,1.00000832381611
"CRS3035RES20000mN3540000E3480000",400.000489430771,400.000489430771,1
"CRS3035RES20000mN3540000E3500000",400.000489475731,400.000489475731,1
"CRS3035RES20000mN3540000E3520000",400.000489519508,400.000489519508,1
"CRS3035RES20000mN3540000E3540000",400.000489562206,400.000489562206,1
"CRS3035RES20000mN3540000E3560000",400.000489603844,400.000489603844,1
"CRS3035RES20000mN3540000E3580000",400.000489644299,400.000489644299,1
"CRS3035RES20000mN3540000E3600000",400.000489683838,301.531798447305,0.753828573274091
"CRS3035RES20000mN3540000E3620000",400.00048972229,78.1348905313053,0.195336987176072
"CRS3035RES20000mN3540000E4200000",400.000490361185,23.3858335000863,0.0584645120783972
"CRS3035RES20000mN3540000E4220000",400.000490366833,141.246480596353,0.353115768600229
"CRS3035RES20000mN3540000E4240000",400.000490371153,400.000490371153,1
"CRS3035RES20000mN3540000E4260000",400.000490374678,400.000490374678,1
"CRS3035RES20000mN3540000E4280000",400.000490376951,277.275284114161,0.693187360477642
"CRS3035RES20000mN3540000E4300000",400.000490377971,164.092560617606,0.410230898623527
"CRS3035RES20000mN3540000E4320000",400.000490378043,88.5655811101853,0.221413681334444
"CRS3035RES20000mN3540000E4340000",400.000490376996,211.147821192606,0.527868905844596
"CRS3035RES20000mN3540000E4360000",400.000490374843,166.851551138206,0.417128366472372
"CRS3035RES20000mN3540000E4380000",400.000490371562,7.33074179584974,0.0183268320222313
"CRS3035RES20000mN3540000E4400000",400.000490367233,0.0303447285340466,7.58617283348519e-05
"CRS3035RES20000mN3540000E4420000",400.00049036181,84.0293644509575,0.210073153597764
"CRS3035RES20000mN3540000E4440000",400.000490355277,305.859680301125,0.764648263379534
"CRS3035RES20000mN3540000E4460000",400.00049034764,143.821425811324,0.359553123763246
"CRS3035RES20000mN3540000E4480000",400.000490338778,29.0846639226868,0.0727115706734603
"CRS3035RES20000mN3540000E4620000",400.000490246653,34.4771454373035,0.0861927579539812
"CRS3035RES20000mN3540000E4640000",400.000490229181,38.0115338575482,0.0950287181792438
"CRS3035RES20000mN3560000E3000000",400.000487993507,120.404365459815,0.301010546421556
"CRS3035RES20000mN3560000E3020000",400.000488063705,342.416101836128,0.856039210086148
"CRS3035RES20000mN3560000E3040000",400.000488132835,400.000488132835,1
"CRS3035RES20000mN3560000E3060000",400.000488200813,400.000488200813,1
"CRS3035RES20000mN3560000E3080000",400.000488267883,400.000488267883,1
"CRS3035RES20000mN3560000E3100000",400.000488333878,400.000488333878,1
"CRS3035RES20000mN3560000E3120000",400.000488398819,400.000488398819,1
"CRS3035RES20000mN3560000E3140000",400.000488462822,400.000488462822,1
"CRS3035RES20000mN3560000E3160000",400.000488525597,400.000488525597,1
"CRS3035RES20000mN3560000E3180000",400.000488587471,400.000488587471,1
"CRS3035RES20000mN3560000E3200000",400.000488648262,400.000488648262,1
"CRS3035RES20000mN3560000E3220000",400.00048870797,400.00048870797,1
"CRS3035RES20000mN3560000E3240000",400.000488766594,400.000488766594,1
"CRS3035RES20000mN3560000E3260000",400.000488824287,390.562391691187,0.976404786002034
"CRS3035RES20000mN3560000E3280000",400.000488880814,333.809719480187,0.834523278744418
"CRS3035RES20000mN3560000E3300000",400.000488936203,158.427897229904,0.396069258943262
"CRS3035RES20000mN3560000E3320000",400.000488990692,4.0679637344538,0.0101698969036722
"CRS3035RES20000mN3560000E3360000",400.000489096466,3.16140895304298,0.00790351271865711
"CRS3035RES20000mN3560000E3380000",400.00048914769,128.355992178778,0.320889588040944
"CRS3035RES20000mN3560000E3440000",400.000489295071,264.084118472274,0.660209488587564
"CRS3035RES20000mN3560000E3460000",400.000489341999,400.000489341999,1
"CRS3035RES20000mN3560000E3480000",400.000489387859,400.000489387859,1
"CRS3035RES20000mN3560000E3500000",400.00048943277,400.00048943277,1
"CRS3035RES20000mN3560000E3520000",400.000489476433,400.000489476433,1
"CRS3035RES20000mN3560000E3540000",400.000489519215,400.000489519215,1
"CRS3035RES20000mN3560000E3560000",400.000489560776,400.000489560776,1
"CRS3035RES20000mN3560000E3580000",400.000489601463,377.038246310777,0.942594462037873
"CRS3035RES20000mN3560000E3600000",400.000489640789,23.1204991142282,0.0578011770310358
"CRS3035RES20000mN3560000E4220000",400.000490323118,124.689192391543,0.311722598866867
"CRS3035RES20000mN3560000E4240000",400.000490327658,400.000490327658,1
"CRS3035RES20000mN3560000E4260000",400.000490330881,400.000490330881,1
"CRS3035RES20000mN3560000E4280000",400.000490333072,346.121423811186,0.865302498811885
"CRS3035RES20000mN3560000E4300000",400.00049033438,88.5526895181656,0.221381452418071
"CRS3035RES20000mN3560000E4320000",400.000490334422,362.837995792076,0.907093877531811
"CRS3035RES20000mN3560000E4340000",400.000490333399,400.000490333399,1
"CRS3035RES20000mN3560000E4360000",400.000490331211,241.277850255784,0.603193886227489
"CRS3035RES20000mN3560000E4380000",400.000490327994,15.5048127317489,0.0387619843141572
"CRS3035RES20000mN3560000E4400000",400.000490323644,239.276436889893,0.598190358957541
"CRS3035RES20000mN3560000E4420000",400.000490318258,314.163310231286,0.785407312829351
"CRS3035RES20000mN3560000E4440000",400.000490311655,344.329741670026,0.860823298995824
"CRS3035RES20000mN3560000E4460000",400.000490303987,107.15076981521,0.267876596185618
"CRS3035RES20000mN3560000E4600000",400.000490219635,0.0322610534852743,8.06525348695453e-05
"CRS3035RES20000mN3560000E4620000",400.000490203205,367.654158203607,0.919134269102605
"CRS3035RES20000mN3560000E4640000",400.000490185604,113.718014838161,0.284294688702492
"CRS3035RES20000mN3580000E3020000",400.000488020782,112.836764607882,0.282091567353335
"CRS3035RES20000mN3580000E3040000",400.000488089775,273.439163958957,0.683597075755534
"CRS3035RES20000mN3580000E3060000",400.00048815789,400.00048815789,1
"CRS3035RES20000mN3580000E3080000",400.000488224808,400.000488224808,1
"CRS3035RES20000mN3580000E3100000",400.000488290779,400.000488290779,1
"CRS3035RES20000mN3580000E3120000",400.000488355583,400.000488355583,1
"CRS3035RES20000mN3580000E3140000",400.000488419502,400.000488419502,1
"CRS3035RES20000mN3580000E3160000",400.000488482307,400.000488482307,1
"CRS3035RES20000mN3580000E3180000",400.000488544144,400.000488544144,1
"CRS3035RES20000mN3580000E3200000",400.000488604797,400.000488604797,1
"CRS3035RES20000mN3580000E3220000",400.000488664474,400.000488664474,1
"CRS3035RES20000mN3580000E3240000",400.000488723122,400.000488723122,1
"CRS3035RES20000mN3580000E3260000",400.00048878064,400.00048878064,1
"CRS3035RES20000mN3580000E3280000",400.000488837212,400.000488837212,1
"CRS3035RES20000mN3580000E3300000",400.000488892586,321.478552489891,0.803695398922924
"CRS3035RES20000mN3580000E3320000",400.000488946968,120.419528357447,0.301048452901798
"CRS3035RES20000mN3580000E3440000",400.00048925111,116.78197738177,0.29195458635666
"CRS3035RES20000mN3580000E3460000",400.000489298069,394.413612631005,0.98603282541762
"CRS3035RES20000mN3580000E3480000",400.000489343891,400.000489343891,1
"CRS3035RES20000mN3580000E3500000",400.00048938866,400.00048938866,1
"CRS3035RES20000mN3580000E3520000",400.000489432472,400.000489432472,1
"CRS3035RES20000mN3580000E3540000",400.000489475082,400.000489475082,1
"CRS3035RES20000mN3580000E3560000",400.00048951667,400.00048951667,1
"CRS3035RES20000mN3580000E3580000",400.000489557129,323.205823271302,0.808013569256248
"CRS3035RES20000mN3580000E4200000",400.000490272882,22.091713731499,0.0552292166352795
"CRS3035RES20000mN3580000E4220000",400.000490278337,201.234900356319,0.5030866342596
"CRS3035RES20000mN3580000E4240000",400.00049028278,400.00049028278,1
"CRS3035RES20000mN3580000E4260000",400.000490286205,400.000490286205,1
"CRS3035RES20000mN3580000E4280000",400.000490288564,334.518540264182,0.836295325595368
"CRS3035RES20000mN3580000E4300000",400.00049028969,243.682588209022,0.609205723804342
"CRS3035RES20000mN3580000E4320000",400.000490289762,400.000490289762,1
"CRS3035RES20000mN3580000E4340000",400.000490288601,353.74200130941,0.88435391930191
"CRS3035RES20000mN3580000E4360000",400.000490286462,162.104567874603,0.405260922951649
"CRS3035RES20000mN3580000E4380000",400.000490283235,90.2184361370323,0.225545813889253
"CRS3035RES20000mN3580000E4400000",400.000490278914,400.000490278914,1
"CRS3035RES20000mN3580000E4420000",400.000490273486,400.000490273486,1
"CRS3035RES20000mN3580000E4440000",400.000490266984,400.000490266984,1
"CRS3035RES20000mN3580000E4460000",400.000490259277,188.262901973518,0.470656678074288
"CRS3035RES20000mN3580000E4500000",400.000490240673,130.84369982425,0.327108848655471
"CRS3035RES20000mN3580000E4520000",400.000490229779,239.160557750378,0.597900661604171
"CRS3035RES20000mN3580000E4540000",400.00049021767,105.685039544122,0.264212275056491
"CRS3035RES20000mN3580000E4560000",400.000490204472,57.3522451626155,0.14338043719221
"CRS3035RES20000mN3580000E4580000",400.0004901903,42.310243344141,0.105775478735068
"CRS3035RES20000mN3580000E4620000",400.000490158535,44.1529976393714,0.11038235883629
"CRS3035RES20000mN3600000E3000000",400.000487906837,30.0154178028526,0.0750384529776959
"CRS3035RES20000mN3600000E3020000",400.000487976753,207.974013852937,0.519934400342592
"CRS3035RES20000mN3600000E3040000",400.000488045837,399.660135880353,0.99914912062446
"CRS3035RES20000mN3600000E3060000",400.000488113754,400.000488113754,1
"CRS3035RES20000mN3600000E3080000",400.000488180595,391.948186969833,0.979869271541671
"CRS3035RES20000mN3600000E3100000",400.000488246544,396.922862952772,0.992305946157057
"CRS3035RES20000mN3600000E3120000",400.000488311432,352.517978992199,0.881293871615816
"CRS3035RES20000mN3600000E3140000",400.000488375214,400.000488375214,1
"CRS3035RES20000mN3600000E3160000",400.000488437973,400.000488437973,1
"CRS3035RES20000mN3600000E3180000",400.000488499687,400.000488499687,1
"CRS3035RES20000mN3600000E3200000",400.000488560349,400.000488560349,1
"CRS3035RES20000mN3600000E3220000",400.000488619934,400.000488619934,1
"CRS3035RES20000mN3600000E3240000",400.000488678535,400.000488678535,1
"CRS3035RES20000mN3600000E3260000",400.000488736038,400.000488736038,1
"CRS3035RES20000mN3600000E3280000",400.000488792503,400.000488792503,1
"CRS3035RES20000mN3600000E3300000",400.000488847946,312.648337343436,0.781619888125397
"CRS3035RES20000mN3600000E3320000",400.000488902382,114.791389782178,0.286978123694725
"CRS3035RES20000mN3600000E3360000",400.000489007767,73.6675990453972,0.184168772463593
"CRS3035RES20000mN3600000E3380000",400.000489059036,186.959299298916,0.467397676784646
"CRS3035RES20000mN3600000E3400000",400.000489109161,143.541702123863,0.358853816512935
"CRS3035RES20000mN3600000E3420000",400.000489158165,236.66399460011,0.591659262962876
"CRS3035RES20000mN3600000E3440000",400.000489206043,112.882077126951,0.282204847676585
"CRS3035RES20000mN3600000E3460000",400.000489252987,207.06830800387,0.517670136830525
"CRS3035RES20000mN3600000E3480000",400.000489298889,362.741441332857,0.906852494027349
"CRS3035RES20000mN3600000E3500000",400.000489343666,400.000489343666,1
"CRS3035RES20000mN3600000E3520000",400.000489387241,400.000489387241,1
"CRS3035RES20000mN3600000E3540000",400.000489429882,400.000489429882,1
"CRS3035RES20000mN3600000E3560000",400.000489471443,400.000489471443,1
"CRS3035RES20000mN3600000E3580000",400.000489511841,244.990179637801,0.612474699560458
"CRS3035RES20000mN3600000E4200000",400.000490226946,266.712919359811,0.666781481213904
"CRS3035RES20000mN3600000E4220000",400.000490232507,400.000490232507,1
"CRS3035RES20000mN3600000E4240000",400.000490237036,400.000490237036,1
"CRS3035RES20000mN3600000E4260000",400.000490240363,400.000490240363,1
"CRS3035RES20000mN3600000E4280000",400.000490242578,385.602453493005,0.964004952241828
"CRS3035RES20000mN3600000E4300000",400.000490243725,135.445528502592,0.338613406248737
"CRS3035RES20000mN3600000E4320000",400.000490243727,162.986233797389,0.407465085100468
"CRS3035RES20000mN3600000E4340000",400.000490242796,113.620177667892,0.284050096035948
"CRS3035RES20000mN3600000E4360000",400.000490240602,56.5005439395365,0.141251186731174
"CRS3035RES20000mN3600000E4380000",400.000490237359,194.899021145559,0.487246955697246
"CRS3035RES20000mN3600000E4400000",400.000490233034,400.000490233034,1
"CRS3035RES20000mN3600000E4420000",400.000490227509,399.249900034908,0.998123526818245
"CRS3035RES20000mN3600000E4440000",400.000490221044,393.95924275197,0.98489689983696
"CRS3035RES20000mN3600000E4460000",400.000490213369,164.702691230379,0.411756223454933
"CRS3035RES20000mN3600000E4480000",400.000490204803,81.7011577420852,0.204252644041145
"CRS3035RES20000mN3600000E4500000",400.000490194855,243.876896470454,0.609691494007051
"CRS3035RES20000mN3600000E4520000",400.000490183853,400.000490183853,1
"CRS3035RES20000mN3600000E4540000",400.000490171858,400.000490171858,1
"CRS3035RES20000mN3600000E4560000",400.000490158722,400.000490158722,1
"CRS3035RES20000mN3600000E4580000",400.000490144468,278.309081148979,0.695771850300639
"CRS3035RES20000mN3620000E3020000",400.000487931793,134.526501706609,0.336315844018541
"CRS3035RES20000mN3620000E3040000",400.000488000648,375.830569945357,0.939575278580031
"CRS3035RES20000mN3620000E3060000",400.00048806852,341.590166984677,0.85397437546667
"CRS3035RES20000mN3620000E3080000",400.00048813549,115.488328904832,0.288720469925308
"CRS3035RES20000mN3620000E3100000",400.000488201332,41.9563213731055,0.104890675413345
"CRS3035RES20000mN3620000E3120000",400.000488266045,165.427386057563,0.413567960315927
"CRS3035RES20000mN3620000E3140000",400.000488329811,339.32632945941,0.848314788005024
"CRS3035RES20000mN3620000E3160000",400.000488392471,400.000488392471,1
"CRS3035RES20000mN3620000E3180000",400.000488454163,400.000488454163,1
"CRS3035RES20000mN3620000E3200000",400.000488514763,400.000488514763,1
"CRS3035RES20000mN3620000E3220000",400.000488574402,400.000488574402,1
"CRS3035RES20000mN3620000E3240000",400.000488632919,400.000488632919,1
"CRS3035RES20000mN3620000E3260000",400.000488690361,400.000488690361,1
"CRS3035RES20000mN3620000E3280000",400.000488746681,400.000488746681,1
"CRS3035RES20000mN3620000E3300000",400.000488802086,331.890871152963,0.829726163952709
"CRS3035RES20000mN3620000E3320000",400.00048885643,3.8609953147347,0.00965247649014875
"CRS3035RES20000mN3620000E3340000",400.000488909637,51.2854156197519,0.128213382337484
"CRS3035RES20000mN3620000E3360000",400.00048896199,309.022461749986,0.772555209999631
"CRS3035RES20000mN3620000E3380000",400.000489012932,399.082343361553,0.997704638677707
"CRS3035RES20000mN3620000E3400000",400.000489062943,383.41282875374,0.958530899929495
"CRS3035RES20000mN3620000E3420000",400.000489111977,400.000489111977,1
"CRS3035RES20000mN3620000E3440000",400.000489159927,388.598474756977,0.971494998851385
"CRS3035RES20000mN3620000E3460000",400.000489206886,378.348389145945,0.945869816049794
"CRS3035RES20000mN3620000E3480000",400.000489252541,400.000489252541,1
"CRS3035RES20000mN3620000E3500000",400.000489297295,400.000489297295,1
"CRS3035RES20000mN3620000E3520000",400.000489341007,400.000489341007,1
"CRS3035RES20000mN3620000E3540000",400.000489383575,400.000489383575,1
"CRS3035RES20000mN3620000E3560000",400.00048942506,400.00048942506,1
"CRS3035RES20000mN3620000E3580000",400.000489465553,205.956677226267,0.514891063012071
"CRS3035RES20000mN3620000E4200000",400.000490179994,253.966229030741,0.634914794520527
"CRS3035RES20000mN3620000E4220000",400.000490185622,400.000490185622,1
"CRS3035RES20000mN3620000E4240000",400.00049019002,400.00049019002,1
"CRS3035RES20000mN3620000E4260000",400.000490193333,400.000490193333,1
"CRS3035RES20000mN3620000E4280000",400.00049019559,388.412199418605,0.971029308560799
"CRS3035RES20000mN3620000E4300000",400.000490196738,360.359065122956,0.900896558766004
"CRS3035RES20000mN3620000E4320000",400.000490196857,47.7275546566279,0.119318740417391
"CRS3035RES20000mN3620000E4340000",400.000490195753,66.5863685375071,0.166465717341799
"CRS3035RES20000mN3620000E4360000",400.000490193677,6.96103077244487,0.0174025556045554
"CRS3035RES20000mN3620000E4380000",400.000490190441,91.6126669069357,0.229031386594848
"CRS3035RES20000mN3620000E4400000",400.000490186027,298.893181189908,0.747232037268011
"CRS3035RES20000mN3620000E4420000",400.000490180612,244.56164513843,0.611403363600889
"CRS3035RES20000mN3620000E4440000",400.000490174001,320.594585372681,0.80148548126334
"CRS3035RES20000mN3620000E4460000",400.000490166387,400.000490166387,1
"CRS3035RES20000mN3620000E4480000",400.000490157669,80.243218106472,0.200607799442552
"CRS3035RES20000mN3620000E4500000",400.00049014785,229.267817095329,0.573168840394636
"CRS3035RES20000mN3620000E4520000",400.000490136972,400.000490136972,1
"CRS3035RES20000mN3620000E4540000",400.000490124935,400.000490124935,1
"CRS3035RES20000mN3620000E4560000",400.000490111814,400.000490111814,1
"CRS3035RES20000mN3620000E4580000",400.000490097559,141.172339502886,0.352930416331377
"CRS3035RES20000mN3640000E3020000",400.000487885658,33.1736944208705,0.0829341348962389
"CRS3035RES20000mN3640000E3040000",400.000487954498,42.221314022651,0.105553156293784
"CRS3035RES20000mN3640000E3060000",400.000488022346,0.630496852677584,0.00157624020859285
"CRS3035RES20000mN3640000E3120000",400.000488219551,47.1227328038499,0.117806688220804
"CRS3035RES20000mN3640000E3140000",400.000488283363,187.383637585942,0.468458522113597
"CRS3035RES20000mN3640000E3160000",400.00048834597,385.794208715283,0.9644843442831
"CRS3035RES20000mN3640000E3180000",400.000488407539,400.000488407539,1
"CRS3035RES20000mN3640000E3200000",400.000488468193,400.000488468193,1
"CRS3035RES20000mN3640000E3220000",400.000488527672,400.000488527672,1
"CRS3035RES20000mN3640000E3240000",400.000488586098,400.000488586098,1
"CRS3035RES20000mN3640000E3260000",400.000488643501,400.000488643501,1
"CRS3035RES20000mN3640000E3280000",400.000488699852,400.000488699852,1
"CRS3035RES20000mN3640000E3300000",400.000488755264,219.630450268476,0.549075454762393
"CRS3035RES20000mN3640000E3340000",400.000488862701,19.7879786643475,0.0494698862009133
"CRS3035RES20000mN3640000E3360000",400.000488914711,263.623077300978,0.659056887695926
"CRS3035RES20000mN3640000E3380000",400.00048896595,400.00048896595,1
"CRS3035RES20000mN3640000E3400000",400.000489015915,400.000489015915,1
"CRS3035RES20000mN3640000E3420000",400.000489064865,400.000489064865,1
"CRS3035RES20000mN3640000E3440000",400.000489112778,400.000489112778,1
"CRS3035RES20000mN3640000E3460000",400.000489159477,400.000489159477,1
"CRS3035RES20000mN3640000E3480000",400.00048920536,400.00048920536,1
"CRS3035RES20000mN3640000E3500000",400.000489250008,400.000489250008,1
"CRS3035RES20000mN3640000E3520000",400.000489293652,400.000489293652,1
"CRS3035RES20000mN3640000E3540000",400.000489336121,400.000489336121,1
"CRS3035RES20000mN3640000E3560000",400.000489377674,400.000489377674,1
"CRS3035RES20000mN3640000E3580000",400.000489418041,214.991381053439,0.537477795005272
"CRS3035RES20000mN3640000E4200000",400.000490131896,70.4564239902813,0.176140844145089
"CRS3035RES20000mN3640000E4220000",400.000490137418,398.955414723101,0.997387314665646
"CRS3035RES20000mN3640000E4240000",400.000490141894,400.000490141894,1
"CRS3035RES20000mN3640000E4260000",400.0004901452,400.0004901452,1
"CRS3035RES20000mN3640000E4280000",400.00049014746,400.00049014746,1
"CRS3035RES20000mN3640000E4300000",400.000490148647,399.823627951359,0.999557845048584
"CRS3035RES20000mN3640000E4320000",400.000490148564,306.591303378437,0.7664773192267
"CRS3035RES20000mN3640000E4340000",400.000490147604,39.3208803327693,0.0983020803756005
"CRS3035RES20000mN3640000E4360000",400.000490145534,2.88696359350133,0.0072174001398122
"CRS3035RES20000mN3640000E4400000",400.000490137917,82.8692695853884,0.207172920105212
"CRS3035RES20000mN3640000E4420000",400.00049013247,104.856708540493,0.262141450141142
"CRS3035RES20000mN3640000E4440000",400.000490125925,317.271230890716,0.793177105335133
"CRS3035RES20000mN3640000E4460000",400.000490118344,392.423143760814,0.981056657317373
"CRS3035RES20000mN3640000E4480000",400.00049010954,93.462521430983,0.23365601728485
"CRS3035RES20000mN3640000E4500000",400.000490099816,390.477635776516,0.976192893361397
"CRS3035RES20000mN3640000E4520000",400.000490088809,400.000490088809,1
"CRS3035RES20000mN3640000E4540000",400.000490076859,400.000490076859,1
"CRS3035RES20000mN3640000E4560000",400.000490063732,400.000490063732,1
"CRS3035RES20000mN3640000E4580000",400.00049004958,167.594191571031,0.418984965619062
"CRS3035RES20000mN3660000E3120000",400.000488172226,153.269076947388,0.383172224733375
"CRS3035RES20000mN3660000E3140000",400.000488235863,311.351089571264,0.778376773849521
"CRS3035RES20000mN3660000E3160000",400.00048829847,400.00048829847,1
"CRS3035RES20000mN3660000E3180000",400.000488360062,400.000488360062,1
"CRS3035RES20000mN3660000E3200000",400.000488420448,392.053814604936,0.980133339719428
"CRS3035RES20000mN3660000E3220000",400.000488479881,392.567234367913,0.981416887413771
"CRS3035RES20000mN3660000E3240000",400.000488538376,390.467020617493,0.976166359306913
"CRS3035RES20000mN3660000E3260000",400.000488595718,400.000488595718,1
"CRS3035RES20000mN3660000E3280000",400.000488652077,400.000488652077,1
"CRS3035RES20000mN3660000E3300000",400.000488707237,145.504935897868,0.363761895311993
"CRS3035RES20000mN3660000E3360000",400.000488866699,12.7614027457809,0.0319034678730948
"CRS3035RES20000mN3660000E3380000",400.000488917778,322.364934464642,0.805911351100638
"CRS3035RES20000mN3660000E3400000",400.000488967682,400.000488967682,1
"CRS3035RES20000mN3660000E3420000",400.000489016586,400.000489016586,1
"CRS3035RES20000mN3660000E3440000",400.000489064415,400.000489064415,1
"CRS3035RES20000mN3660000E3460000",400.000489111298,400.000489111298,1
"CRS3035RES20000mN3660000E3480000",400.000489157017,400.000489157017,1
"CRS3035RES20000mN3660000E3500000",400.000489201622,400.000489201622,1
"CRS3035RES20000mN3660000E3520000",400.000489245178,400.000489245178,1
"CRS3035RES20000mN3660000E3540000",400.000489287716,400.000489287716,1
"CRS3035RES20000mN3660000E3560000",400.00048932901,396.005154813727,0.990011675930733
"CRS3035RES20000mN3660000E3580000",400.000489369434,136.146852412429,0.340366714618407
"CRS3035RES20000mN3660000E4200000",400.000490082603,256.215320628781,0.640537516781218
"CRS3035RES20000mN3660000E4220000",400.000490088131,400.000490088131,1
"CRS3035RES20000mN3660000E4240000",400.000490092553,400.000490092553,1
"CRS3035RES20000mN3660000E4260000",400.00049009594,400.00049009594,1
"CRS3035RES20000mN3660000E4280000",400.000490098168,400.000490098168,1
"CRS3035RES20000mN3660000E4300000",400.000490099346,400.000490099346,1
"CRS3035RES20000mN3660000E4320000",400.0004900994,336.860798979058,0.842150965603437
"CRS3035RES20000mN3660000E4340000",400.000490098362,90.7287043559103,0.226821482977682
"CRS3035RES20000mN3660000E4360000",400.000490096153,33.9265165422773,0.0848161874354753
"CRS3035RES20000mN3660000E4440000",400.000490076707,83.361048225831,0.208402365231715
"CRS3035RES20000mN3660000E4460000",400.000490069127,194.484788890319,0.486211376532834
"CRS3035RES20000mN3660000E4480000",400.000490060324,324.40124577182,0.811002120829646
"CRS3035RES20000mN3660000E4500000",400.000490050451,400.000490050451,1
"CRS3035RES20000mN3660000E4520000",400.000490039711,400.000490039711,1
"CRS3035RES20000mN3660000E4540000",400.000490027687,400.000490027687,1
"CRS3035RES20000mN3660000E4560000",400.000490014547,400.000490014547,1
"CRS3035RES20000mN3660000E4580000",400.000490000362,385.013000299727,0.962531321647577
"CRS3035RES20000mN3660000E4600000",400.000489984978,188.473657260297,0.471183565968569
"CRS3035RES20000mN3660000E4660000",400.000489932646,6.75998913222382,0.0168999521309639
"CRS3035RES20000mN3660000E4680000",400.00048991297,0.546663222198486,0.0013666563816395
"CRS3035RES20000mN3680000E3140000",400.000488187195,94.7990092642245,0.236997233913024
"CRS3035RES20000mN3680000E3160000",400.000488249825,387.005694737016,0.967513055872342
"CRS3035RES20000mN3680000E3180000",400.000488311264,399.801352782314,0.999502161785375
"CRS3035RES20000mN3680000E3200000",400.000488371696,281.310522278745,0.703275447047305
"CRS3035RES20000mN3680000E3220000",400.000488431137,332.242101572841,0.83060423969967
"CRS3035RES20000mN3680000E3240000",400.000488489494,213.776289139043,0.534440070176709
"CRS3035RES20000mN3680000E3260000",400.000488546761,166.4661497564,0.416164866101007
"CRS3035RES20000mN3680000E3280000",400.000488603035,152.192351544209,0.380480414100809
"CRS3035RES20000mN3680000E3300000",400.000488658302,25.3131962137803,0.0632829132251483
"CRS3035RES20000mN3680000E3320000",400.000488712379,160.380195283512,0.40094999833571
"CRS3035RES20000mN3680000E3340000",400.000488765472,59.5644893524298,0.148911041424636
"CRS3035RES20000mN3680000E3360000",400.000488817566,83.2848429601207,0.208211852956274
"CRS3035RES20000mN3680000E3380000",400.000488868423,48.4636550619736,0.121158989577923
"CRS3035RES20000mN3680000E3400000",400.000488918472,363.667264038907,0.909167048825856
"CRS3035RES20000mN3680000E3420000",400.00048896727,400.00048896727,1
"CRS3035RES20000mN3680000E3440000",400.000489015068,400.000489015068,1
"CRS3035RES20000mN3680000E3460000",400.000489061737,400.000489061737,1
"CRS3035RES20000mN3680000E3480000",400.000489107368,400.000489107368,1
"CRS3035RES20000mN3680000E3500000",400.000489152016,400.000489152016,1
"CRS3035RES20000mN3680000E3520000",400.000489195507,400.000489195507,1
"CRS3035RES20000mN3680000E3540000",400.000489238018,400.000489238018,1
"CRS3035RES20000mN3680000E3560000",400.000489279545,276.257778973475,0.690643602639219
"CRS3035RES20000mN3680000E4200000",400.000490032268,296.031578049039,0.740078038467299
"CRS3035RES20000mN3680000E4220000",400.000490037837,400.000490037837,1
"CRS3035RES20000mN3680000E4240000",400.000490042193,400.000490042193,1
"CRS3035RES20000mN3680000E4260000",400.000490045561,400.000490045561,1
"CRS3035RES20000mN3680000E4280000",400.00049004783,400.00049004783,1
"CRS3035RES20000mN3680000E4300000",400.000490048884,400.000490048884,1
"CRS3035RES20000mN3680000E4320000",400.000490049093,400.000490049093,1
"CRS3035RES20000mN3680000E4340000",400.000490047995,340.907931789417,0.85226878534202
"CRS3035RES20000mN3680000E4360000",400.000490045863,289.936063820955,0.724839271541172
"CRS3035RES20000mN3680000E4460000",400.000490018733,25.9672906736717,0.0649181471564088
"CRS3035RES20000mN3680000E4480000",400.000490010131,208.273000735089,0.520681863989253
"CRS3035RES20000mN3680000E4500000",400.000490000236,400.000490000236,1
"CRS3035RES20000mN3680000E4520000",400.000489989239,400.000489989239,1
"CRS3035RES20000mN3680000E4540000",400.000489977297,400.000489977297,1
"CRS3035RES20000mN3680000E4560000",400.000489964308,400.000489964308,1
"CRS3035RES20000mN3680000E4580000",400.000489950102,400.000489950102,1
"CRS3035RES20000mN3680000E4600000",400.000489934862,376.12858027882,0.940320298957811
"CRS3035RES20000mN3680000E4620000",400.000489918377,316.477446571298,0.791192647378702
"CRS3035RES20000mN3680000E4640000",400.000489900942,293.25624523436,0.733139715171307
"CRS3035RES20000mN3680000E4660000",400.000489882473,240.428099647324,0.601069512984762
"CRS3035RES20000mN3680000E4680000",400.000489862886,184.431898959038,0.461079182733646
"CRS3035RES20000mN3680000E4700000",400.000489842079,4.02184177448708,0.0100545921233119
"CRS3035RES20000mN3680000E4720000",400.000489820271,5.69307871520326,0.014232679359371
"CRS3035RES20000mN3700000E3160000",400.000488199989,89.7848835677857,0.224461934963679
"CRS3035RES20000mN3700000E3180000",400.000488261406,129.456481034199,0.323640807532208
"CRS3035RES20000mN3700000E3200000",400.000488321816,129.079764576421,0.322699017488627
"CRS3035RES20000mN3700000E3220000",400.000488381226,239.941802333541,0.59985377344055
"CRS3035RES20000mN3700000E3240000",400.000488439514,52.1655550625505,0.130413728408331
"CRS3035RES20000mN3700000E3320000",400.000488662201,59.1077348789616,0.147769156674401
"CRS3035RES20000mN3700000E3340000",400.000488715317,239.233315114402,0.598082557055739
"CRS3035RES20000mN3700000E3360000",400.000488767212,302.214710982017,0.75553585425216
"CRS3035RES20000mN3700000E3380000",400.000488818115,71.8370538650875,0.179592415192654
"CRS3035RES20000mN3700000E3400000",400.000488867935,384.111779268141,0.96027827454721
"CRS3035RES20000mN3700000E3420000",400.000488916817,400.000488916817,1
"CRS3035RES20000mN3700000E3440000",400.000488964676,400.000488964676,1
"CRS3035RES20000mN3700000E3460000",400.000489011238,400.000489011238,1
"CRS3035RES20000mN3700000E3480000",400.000489056908,400.000489056908,1
"CRS3035RES20000mN3700000E3500000",400.000489101471,400.000489101471,1
"CRS3035RES20000mN3700000E3520000",400.000489144955,400.000489144955,1
"CRS3035RES20000mN3700000E3540000",400.000489187263,347.215004192434,0.868036448900148
"CRS3035RES20000mN3700000E3560000",400.000489228642,80.0312158315276,0.20007779486935
"CRS3035RES20000mN3700000E4200000",400.00048998077,289.976409827632,0.724940136552264
"CRS3035RES20000mN3700000E4220000",400.000489986266,327.179730665412,0.817948324704917
"CRS3035RES20000mN3700000E4240000",400.000489990691,359.311479824747,0.898277599192713
"CRS3035RES20000mN3700000E4260000",400.000489994071,384.739129946931,0.961846646619442
"CRS3035RES20000mN3700000E4280000",400.000489996345,394.360884916785,0.985901004572242
"CRS3035RES20000mN3700000E4300000",400.0004899975,400.0004899975,1
"CRS3035RES20000mN3700000E4320000",400.00048999747,381.664525784716,0.954160145621645
"CRS3035RES20000mN3700000E4340000",400.000489996443,296.169141499508,0.740421946738469
"CRS3035RES20000mN3700000E4360000",400.000489994388,251.494745931201,0.628736094635108
"CRS3035RES20000mN3700000E4380000",400.000489991181,0.609962367286772,0.00152490405024309
"CRS3035RES20000mN3700000E4480000",400.000489958549,142.36158641032,0.355903530080857
"CRS3035RES20000mN3700000E4500000",400.000489948791,386.887583187285,0.967217773250267
"CRS3035RES20000mN3700000E4520000",400.000489937874,400.000489937874,1
"CRS3035RES20000mN3700000E4540000",400.000489925867,400.000489925867,1
"CRS3035RES20000mN3700000E4560000",400.000489912762,400.000489912762,1
"CRS3035RES20000mN3700000E4580000",400.000489898668,400.000489898668,1
"CRS3035RES20000mN3700000E4600000",400.000489883423,400.000489883423,1
"CRS3035RES20000mN3700000E4620000",400.000489867166,400.000489867166,1
"CRS3035RES20000mN3700000E4640000",400.000489849625,400.000489849625,1
"CRS3035RES20000mN3700000E4660000",400.00048983115,400.00048983115,1
"CRS3035RES20000mN3700000E4680000",400.000489811476,323.414436614439,0.808535101461669
"CRS3035RES20000mN3700000E4700000",400.000489790787,58.9936381242107,0.14748391471987
"CRS3035RES20000mN3700000E4720000",400.000489768963,112.290834219262,0.280726741820043
"CRS3035RES20000mN3720000E3280000",400.000488501778,11.3451079953098,0.028362735350158
"CRS3035RES20000mN3720000E3300000",400.000488556885,184.232683822073,0.460581147004957
"CRS3035RES20000mN3720000E3320000",400.000488610924,19.4503579841661,0.0486258355626291
"CRS3035RES20000mN3720000E3340000",400.000488663963,228.111235014136,0.570277390850315
"CRS3035RES20000mN3720000E3360000",400.000488715828,137.092229189308,0.342730154229143
"CRS3035RES20000mN3720000E3380000",400.000488766869,179.91850392383,0.449795710196473
"CRS3035RES20000mN3720000E3400000",400.00048881662,393.288443299421,0.983219906712974
"CRS3035RES20000mN3720000E3420000",400.00048886528,397.888054356304,0.9947189201819
"CRS3035RES20000mN3720000E3440000",400.000488912941,400.000488912941,1
"CRS3035RES20000mN3720000E3460000",400.000488959648,380.195519208302,0.950487636145504
"CRS3035RES20000mN3720000E3480000",400.000489005203,303.024645054147,0.757560686507573
"CRS3035RES20000mN3720000E3500000",400.000489049698,119.676864451768,0.299191795330277
"CRS3035RES20000mN3720000E3520000",400.000489093178,220.059102821037,0.550147084369629
"CRS3035RES20000mN3720000E3540000",400.000489135616,26.6302667909517,0.0665755855661541
"CRS3035RES20000mN3720000E4200000",400.00048992819,95.0407738047911,0.23760164349262
"CRS3035RES20000mN3720000E4220000",400.000489933679,183.480020994687,0.458699490655896
"CRS3035RES20000mN3720000E4240000",400.000489938152,330.948669351778,0.827370659978314
"CRS3035RES20000mN3720000E4260000",400.000489941385,249.431310984661,0.623577513670577
"CRS3035RES20000mN3720000E4280000",400.000489943697,400.000489943697,1
"CRS3035RES20000mN3720000E4300000",400.000489944787,386.90684999231,0.967265940213511
"CRS3035RES20000mN3720000E4320000",400.000489944922,355.899452691192,0.889747541909755
"CRS3035RES20000mN3720000E4340000",400.000489943907,33.9407749205474,0.0848518333697715
"CRS3035RES20000mN3720000E4400000",400.000489934132,22.4660727347628,0.0561651130438922
"CRS3035RES20000mN3720000E4420000",400.000489928805,2.31792297338622,0.00579480033586655
"CRS3035RES20000mN3720000E4480000",400.000489905973,148.358511188777,0.370895823711744
"CRS3035RES20000mN3720000E4500000",400.000489896269,397.489241108451,0.993721885719517
"CRS3035RES20000mN3720000E4520000",400.00048988538,400.00048988538,1
"CRS3035RES20000mN3720000E4540000",400.00048987344,400.00048987344,1
"CRS3035RES20000mN3720000E4560000",400.00048986026,400.00048986026,1
"CRS3035RES20000mN3720000E4580000",400.000489846058,400.000489846058,1
"CRS3035RES20000mN3720000E4600000",400.000489830908,400.000489830908,1
"CRS3035RES20000mN3720000E4620000",400.000489814524,400.000489814524,1
"CRS3035RES20000mN3720000E4640000",400.000489797174,400.000489797174,1
"CRS3035RES20000mN3720000E4660000",400.000489778584,400.000489778584,1
"CRS3035RES20000mN3720000E4680000",400.000489759058,390.861963238947,0.977153711672664
"CRS3035RES20000mN3720000E4700000",400.00048973834,130.082739599726,0.325206450834146
"CRS3035RES20000mN3720000E4720000",400.000489716534,172.635287894205,0.431587691346443
"CRS3035RES20000mN3740000E3280000",400.000488449631,45.5723039209954,0.113930620679065
"CRS3035RES20000mN3740000E3300000",400.000488504707,307.610402530957,0.76902506714648
"CRS3035RES20000mN3740000E3320000",400.000488558662,201.815943353974,0.504539242142392
"CRS3035RES20000mN3740000E3340000",400.000488611496,211.069408832174,0.52767287751285
"CRS3035RES20000mN3740000E3360000",400.00048866349,258.780959719067,0.646951608943589
"CRS3035RES20000mN3740000E3380000",400.000488714241,316.955944052252,0.79238889200129
"CRS3035RES20000mN3740000E3400000",400.000488763916,309.967695602078,0.774918292124948
"CRS3035RES20000mN3740000E3420000",400.000488812813,400.000488812813,1
"CRS3035RES20000mN3740000E3440000",400.000488860397,400.000488860397,1
"CRS3035RES20000mN3740000E3460000",400.000488906921,374.967350273535,0.937417229909407
"CRS3035RES20000mN3740000E3480000",400.000488952545,399.60610119865,0.999014031820492
"CRS3035RES20000mN3740000E3500000",400.000488996857,331.06887331463,0.827671171465071
"CRS3035RES20000mN3740000E3520000",400.00048904031,223.853493868175,0.559633050462635
"CRS3035RES20000mN3740000E3540000",400.000489082649,38.3795544171016,0.0959487687255591
"CRS3035RES20000mN3740000E4200000",400.000489874459,72.8540255834037,0.182134840900493
"CRS3035RES20000mN3740000E4220000",400.000489879953,340.608547829464,0.851520326716814
"CRS3035RES20000mN3740000E4240000",400.000489884387,233.996612914176,0.584990815840773
"CRS3035RES20000mN3740000E4260000",400.000489887817,206.105016030133,0.515261909024001
"CRS3035RES20000mN3740000E4280000",400.000489889997,400.000489889997,1
"CRS3035RES20000mN3740000E4300000",400.000489891158,400.000489891158,1
"CRS3035RES20000mN3740000E4320000",400.000489891084,363.846678131843,0.909615581298202
"CRS3035RES20000mN3740000E4460000",400.000489861032,75.5946120910598,0.188986298785091
"CRS3035RES20000mN3740000E4480000",400.000489852283,395.827579309003,0.989567736417469
"CRS3035RES20000mN3740000E4500000",400.000489842513,400.000489842513,1
"CRS3035RES20000mN3740000E4520000",400.000489831602,400.000489831602,1
"CRS3035RES20000mN3740000E4540000",400.000489819641,400.000489819641,1
"CRS3035RES20000mN3740000E4560000",400.000489806717,400.000489806717,1
"CRS3035RES20000mN3740000E4580000",400.000489792658,400.000489792658,1
"CRS3035RES20000mN3740000E4600000",400.000489777273,400.000489777273,1
"CRS3035RES20000mN3740000E4620000",400.000489760984,400.000489760984,1
"CRS3035RES20000mN3740000E4640000",400.000489743578,400.000489743578,1
"CRS3035RES20000mN3740000E4660000",400.000489725121,400.000489725121,1
"CRS3035RES20000mN3740000E4680000",400.000489705503,400.000489705503,1
"CRS3035RES20000mN3740000E4700000",400.000489684902,223.139545471581,0.557848180754373
"CRS3035RES20000mN3740000E4720000",400.000489663246,247.394226747036,0.61848480974439
"CRS3035RES20000mN3760000E3300000",400.000488451302,11.5499186815335,0.0288747614440466
"CRS3035RES20000mN3760000E3320000",400.000488505188,95.998499880447,0.239995956602943
"CRS3035RES20000mN3760000E3340000",400.000488558113,160.561356264625,0.401402900389953
"CRS3035RES20000mN3760000E3360000",400.000488609863,351.631282407561,0.879077132204509
"CRS3035RES20000mN3760000E3380000",400.000488660599,355.319655574834,0.888298053746439
"CRS3035RES20000mN3760000E3400000",400.000488710495,365.071393672505,0.912677369093741
"CRS3035RES20000mN3760000E3420000",400.000488759033,400.000488759033,1
"CRS3035RES20000mN3760000E3440000",400.000488806625,400.000488806625,1
"CRS3035RES20000mN3760000E3460000",400.000488853256,400.000488853256,1
"CRS3035RES20000mN3760000E3480000",400.000488898598,400.000488898598,1
"CRS3035RES20000mN3760000E3500000",400.000488943085,347.109015979856,0.867771479222479
"CRS3035RES20000mN3760000E3520000",400.000488986534,265.229304983824,0.663072451875809
"CRS3035RES20000mN3760000E3540000",400.000489028698,6.61705473279035,0.0165426166074402
"CRS3035RES20000mN3760000E4220000",400.000489825136,224.36212050898,0.560904614409503
"CRS3035RES20000mN3760000E4240000",400.000489829568,299.798675458392,0.749495770833007
"CRS3035RES20000mN3760000E4260000",400.000489832814,246.107082315579,0.61526695234409
"CRS3035RES20000mN3760000E4280000",400.000489835048,319.857395799473,0.799642510266365
"CRS3035RES20000mN3760000E4300000",400.000489836249,341.033512359651,0.852582736834304
"CRS3035RES20000mN3760000E4320000",400.000489836396,366.338385129662,0.915844841288814
"CRS3035RES20000mN3760000E4340000",400.000489835249,50.6930979375788,0.126732589648723
"CRS3035RES20000mN3760000E4440000",400.000489813706,19.4122857431293,0.0485306549303732
"CRS3035RES20000mN3760000E4460000",400.000489806046,355.265511460566,0.888162691082776
"CRS3035RES20000mN3760000E4480000",400.000489797432,400.000489797432,1
"CRS3035RES20000mN3760000E4500000",400.000489787691,400.000489787691,1
"CRS3035RES20000mN3760000E4520000",400.000489776869,400.000489776869,1
"CRS3035RES20000mN3760000E4540000",400.000489764881,400.000489764881,1
"CRS3035RES20000mN3760000E4560000",400.000489751898,400.000489751898,1
"CRS3035RES20000mN3760000E4580000",400.000489737741,400.000489737741,1
"CRS3035RES20000mN3760000E4600000",400.000489722622,400.000489722622,1
"CRS3035RES20000mN3760000E4620000",400.000489706299,400.000489706299,1
"CRS3035RES20000mN3760000E4640000",400.000489688866,400.000489688866,1
"CRS3035RES20000mN3760000E4660000",400.00048967042,400.00048967042,1
"CRS3035RES20000mN3760000E4680000",400.000489650892,400.000489650892,1
"CRS3035RES20000mN3760000E4700000",400.00048963026,266.723799612995,0.666808682808215
"CRS3035RES20000mN3760000E4720000",400.000489608555,227.64510021877,0.5691120539416
"CRS3035RES20000mN3780000E3300000",400.000488396957,0.087424694139719,0.000218561468487407
"CRS3035RES20000mN3780000E3320000",400.000488450813,18.3851803831281,0.0459628948312869
"CRS3035RES20000mN3780000E3340000",400.000488503555,33.3364822325674,0.0833411038003548
"CRS3035RES20000mN3780000E3360000",400.000488555328,309.496154898381,0.773739442209634
"CRS3035RES20000mN3780000E3380000",400.000488606125,400.000488606125,1
"CRS3035RES20000mN3780000E3400000",400.000488655754,398.133203115902,0.995331791853237
"CRS3035RES20000mN3780000E3420000",400.000488704414,400.000488704414,1
"CRS3035RES20000mN3780000E3440000",400.000488751823,400.000488751823,1
"CRS3035RES20000mN3780000E3460000",400.000488798355,400.000488798355,1
"CRS3035RES20000mN3780000E3480000",400.000488843727,400.000488843727,1
"CRS3035RES20000mN3780000E3500000",400.000488888115,400.000488888115,1
"CRS3035RES20000mN3780000E3520000",400.000488931366,400.000488931366,1
"CRS3035RES20000mN3780000E3540000",400.000488973618,304.137244304415,0.76034218129287
"CRS3035RES20000mN3780000E3560000",400.000489014763,5.80081976821184,0.0145020316912606
"CRS3035RES20000mN3780000E4220000",400.000489769234,2.54691290102342,0.00636727445632071
"CRS3035RES20000mN3780000E4240000",400.000489773611,17.7282252235015,0.0443205087912148
"CRS3035RES20000mN3780000E4260000",400.000489776958,64.4327712075726,0.161081730783631
"CRS3035RES20000mN3780000E4280000",400.000489779237,190.363215741166,0.475907456628938
"CRS3035RES20000mN3780000E4300000",400.000489780285,400.000489780285,1
"CRS3035RES20000mN3780000E4320000",400.000489780403,400.000489780403,1
"CRS3035RES20000mN3780000E4340000",400.00048977937,203.185353796191,0.507962762516274
"CRS3035RES20000mN3780000E4360000",400.000489777204,39.1473596804245,0.0978682793669305
"CRS3035RES20000mN3780000E4380000",400.000489773941,62.4732530651175,0.156182941426957
"CRS3035RES20000mN3780000E4440000",400.00048975783,151.341162997074,0.378352444240004
"CRS3035RES20000mN3780000E4460000",400.000489750249,400.000489750249,1
"CRS3035RES20000mN3780000E4480000",400.000489741559,400.000489741559,1
"CRS3035RES20000mN3780000E4500000",400.00048973181,400.00048973181,1
"CRS3035RES20000mN3780000E4520000",400.00048972105,400.00048972105,1
"CRS3035RES20000mN3780000E4540000",400.000489709089,400.000489709089,1
"CRS3035RES20000mN3780000E4560000",400.000489696085,400.000489696085,1
"CRS3035RES20000mN3780000E4580000",400.000489681902,400.000489681902,1
"CRS3035RES20000mN3780000E4600000",400.000489666689,400.000489666689,1
"CRS3035RES20000mN3780000E4620000",400.000489650505,400.000489650505,1
"CRS3035RES20000mN3780000E4640000",400.000489633163,400.000489633163,1
"CRS3035RES20000mN3780000E4660000",400.00048961463,400.00048961463,1
"CRS3035RES20000mN3780000E4680000",400.000489595119,400.000489595119,1
"CRS3035RES20000mN3780000E4700000",400.00048957449,303.147453225239,0.75786770548136
"CRS3035RES20000mN3780000E4720000",400.000489552731,96.6713857247466,0.241678168526348
"CRS3035RES20000mN3780000E4740000",400.000489530067,27.0248049625678,0.0675619297224295
"CRS3035RES20000mN3780000E4800000",400.000489455154,27.0455104260082,0.0676136933303438
"CRS3035RES20000mN3780000E4820000",400.000489428173,84.0265763109221,0.210066183746534
"CRS3035RES20000mN3800000E3300000",400.000488341415,13.9261560311584,0.0348153475734558
"CRS3035RES20000mN3800000E3320000",400.000488395218,192.585885738776,0.481464126484998
"CRS3035RES20000mN3800000E3340000",400.000488448044,346.012191667121,0.865029422862978
"CRS3035RES20000mN3800000E3360000",400.000488499748,125.613427473965,0.314033185172083
"CRS3035RES20000mN3800000E3380000",400.000488550339,351.749976474795,0.879373867140985
"CRS3035RES20000mN3800000E3400000",400.000488599853,398.951617470349,0.997377825379224
"CRS3035RES20000mN3800000E3420000",400.000488648407,400.000488648407,1
"CRS3035RES20000mN3800000E3440000",400.000488696022,400.000488696022,1
"CRS3035RES20000mN3800000E3460000",400.00048874234,400.00048874234,1
"CRS3035RES20000mN3800000E3480000",400.000488787834,400.000488787834,1
"CRS3035RES20000mN3800000E3500000",400.000488832092,400.000488832092,1
"CRS3035RES20000mN3800000E3520000",400.000488875351,400.000488875351,1
"CRS3035RES20000mN3800000E3540000",400.000488917549,400.000488917549,1
"CRS3035RES20000mN3800000E3560000",400.000488958607,239.378392723445,0.598445250271224
"CRS3035RES20000mN3800000E3580000",400.000488998653,2.72381241323684,0.00680952270847352
"CRS3035RES20000mN3800000E4280000",400.000489721965,1.35993663299851,0.00339983742005862
"CRS3035RES20000mN3800000E4300000",400.000489723246,313.729319662041,0.7843223389029
"CRS3035RES20000mN3800000E4320000",400.000489723197,400.000489723197,1
"CRS3035RES20000mN3800000E4340000",400.000489722201,252.037976551178,0.630094169950185
"CRS3035RES20000mN3800000E4360000",400.000489720082,1.54617767459662,0.00386543945403324
"CRS3035RES20000mN3800000E4380000",400.000489716927,34.2283328354602,0.0855707273250665
"CRS3035RES20000mN3800000E4420000",400.000489707201,43.998378196861,0.109995810827801
"CRS3035RES20000mN3800000E4440000",400.000489700664,279.175972136879,0.697939075889127
"CRS3035RES20000mN3800000E4460000",400.000489693119,400.000489693119,1
"CRS3035RES20000mN3800000E4480000",400.000489684476,400.000489684476,1
"CRS3035RES20000mN3800000E4500000",400.000489674701,400.000489674701,1
"CRS3035RES20000mN3800000E4520000",400.0004896639,400.0004896639,1
"CRS3035RES20000mN3800000E4540000",400.000489651983,400.000489651983,1
"CRS3035RES20000mN3800000E4560000",400.000489638958,400.000489638958,1
"CRS3035RES20000mN3800000E4580000",400.00048962496,400.00048962496,1
"CRS3035RES20000mN3800000E4600000",400.000489609816,400.000489609816,1
"CRS3035RES20000mN3800000E4620000",400.000489593578,400.000489593578,1
"CRS3035RES20000mN3800000E4640000",400.000489576151,400.000489576151,1
"CRS3035RES20000mN3800000E4660000",400.000489557833,400.000489557833,1
"CRS3035RES20000mN3800000E4680000",400.000489538303,400.000489538303,1
"CRS3035RES20000mN3800000E4700000",400.000489517727,244.940501243846,0.612350503718549
"CRS3035RES20000mN3800000E4720000",400.000489495956,17.9514153954849,0.0448784835691217
"CRS3035RES20000mN3800000E4740000",400.000489473183,114.513160140704,0.286282550032682
"CRS3035RES20000mN3800000E4800000",400.000489398502,66.6277525235257,0.166569177512049
"CRS3035RES20000mN3800000E4820000",400.000489371395,193.404730210575,0.48351123398502
"CRS3035RES20000mN3820000E3280000",400.000488230133,76.3200281340747,0.190799837449612
"CRS3035RES20000mN3820000E3300000",400.000488284966,24.1910966741428,0.0604776678595172
"CRS3035RES20000mN3820000E3320000",400.000488338676,182.239492421368,0.455598174837895
"CRS3035RES20000mN3820000E3340000",400.00048839138,258.905704328815,0.647263470527287
"CRS3035RES20000mN3820000E3360000",400.000488442909,350.651631975585,0.876628009482126
"CRS3035RES20000mN3820000E3380000",400.000488493469,291.174789853175,0.727936085652879
"CRS3035RES20000mN3820000E3400000",400.000488543091,391.433686083316,0.978583020008358
"CRS3035RES20000mN3820000E3420000",400.000488591568,400.000488591568,1
"CRS3035RES20000mN3820000E3440000",400.000488638977,400.000488638977,1
"CRS3035RES20000mN3820000E3460000",400.000488685387,400.000488685387,1
"CRS3035RES20000mN3820000E3480000",400.000488730652,400.000488730652,1
"CRS3035RES20000mN3820000E3500000",400.000488774963,400.000488774963,1
"CRS3035RES20000mN3820000E3520000",400.000488818062,400.000488818062,1
"CRS3035RES20000mN3820000E3540000",400.000488860168,400.000488860168,1
"CRS3035RES20000mN3820000E3560000",400.000488901398,400.000488901398,1
"CRS3035RES20000mN3820000E3580000",400.000488941399,122.6017557581,0.306504014738995
"CRS3035RES20000mN3820000E4300000",400.000489665033,64.6997416915861,0.1617491562217
"CRS3035RES20000mN3820000E4320000",400.000489665138,269.622393974783,0.674055159783676
"CRS3035RES20000mN3820000E4340000",400.000489664075,166.905097783389,0.417262233662659
"CRS3035RES20000mN3820000E4420000",400.000489649054,95.4723645696652,0.238680619249815
"CRS3035RES20000mN3820000E4440000",400.000489642616,400.000489642616,1
"CRS3035RES20000mN3820000E4460000",400.000489635048,400.000489635048,1
"CRS3035RES20000mN3820000E4480000",400.000489626497,400.000489626497,1
"CRS3035RES20000mN3820000E4500000",400.000489616747,400.000489616747,1
"CRS3035RES20000mN3820000E4520000",400.00048960586,400.00048960586,1
"CRS3035RES20000mN3820000E4540000",400.000489593977,400.000489593977,1
"CRS3035RES20000mN3820000E4560000",400.000489581018,400.000489581018,1
"CRS3035RES20000mN3820000E4580000",400.000489566895,400.000489566895,1
"CRS3035RES20000mN3820000E4600000",400.00048955168,400.00048955168,1
"CRS3035RES20000mN3820000E4620000",400.000489535498,400.000489535498,1
"CRS3035RES20000mN3820000E4640000",400.000489518251,400.000489518251,1
"CRS3035RES20000mN3820000E4660000",400.000489499722,400.000489499722,1
"CRS3035RES20000mN3820000E4680000",400.000489480225,400.000489480225,1
"CRS3035RES20000mN3820000E4700000",400.000489459675,360.768710607877,0.901920672885195
"CRS3035RES20000mN3820000E4720000",400.000489438065,7.47188013309145,0.0186796774763656
"CRS3035RES20000mN3820000E4740000",400.000489415363,39.7002272831535,0.0992504467711502
"CRS3035RES20000mN3820000E4800000",400.000489340637,180.371016838443,0.450926990453855
"CRS3035RES20000mN3820000E4820000",400.000489313614,396.638358903302,0.991594684256308
"CRS3035RES20000mN3820000E4840000",400.000489285492,87.1856831463245,0.217963941249326
"CRS3035RES20000mN3840000E3300000",400.000488227287,49.0618419059319,0.1226544550567
"CRS3035RES20000mN3840000E3320000",400.000488280975,29.839851043112,0.0745995365439439
"CRS3035RES20000mN3840000E3340000",400.000488333595,167.787969697824,0.419469412142044
"CRS3035RES20000mN3840000E3360000",400.000488385315,335.305645466106,0.838263090176807
"CRS3035RES20000mN3840000E3380000",400.000488435799,399.957176841258,0.999891721145866
"CRS3035RES20000mN3840000E3400000",400.000488485138,395.133527440374,0.987832612247061
"CRS3035RES20000mN3840000E3420000",400.000488533714,400.000488533714,1
"CRS3035RES20000mN3840000E3440000",400.000488580978,400.000488580978,1
"CRS3035RES20000mN3840000E3460000",400.000488627319,400.000488627319,1
"CRS3035RES20000mN3840000E3480000",400.000488672585,400.000488672585,1
"CRS3035RES20000mN3840000E3500000",400.000488716713,400.000488716713,1
"CRS3035RES20000mN3840000E3520000",400.00048875988,400.00048875988,1
"CRS3035RES20000mN3840000E3540000",400.000488802032,400.000488802032,1
"CRS3035RES20000mN3840000E3560000",400.000488842987,400.000488842987,1
"CRS3035RES20000mN3840000E3580000",400.000488882931,320.712147486001,0.801779388774359
"CRS3035RES20000mN3840000E3600000",400.000488921902,0.765301974936008,0.00191325259876227
"CRS3035RES20000mN3840000E4340000",400.000489604794,63.28302637924,0.15820737230038
"CRS3035RES20000mN3840000E4420000",400.000489589811,264.832520373029,0.662080490562918
"CRS3035RES20000mN3840000E4440000",400.000489583306,400.000489583306,1
"CRS3035RES20000mN3840000E4460000",400.000489575847,400.000489575847,1
"CRS3035RES20000mN3840000E4480000",400.000489567094,400.000489567094,1
"CRS3035RES20000mN3840000E4500000",400.0004895574,400.0004895574,1
"CRS3035RES20000mN3840000E4520000",400.000489546694,400.000489546694,1
"CRS3035RES20000mN3840000E4540000",400.000489534794,400.000489534794,1
"CRS3035RES20000mN3840000E4560000",400.000489521719,400.000489521719,1
"CRS3035RES20000mN3840000E4580000",400.000489507736,400.000489507736,1
"CRS3035RES20000mN3840000E4600000",400.000489492647,400.000489492647,1
"CRS3035RES20000mN3840000E4620000",400.000489476316,400.000489476316,1
"CRS3035RES20000mN3840000E4640000",400.000489459078,400.000489459078,1
"CRS3035RES20000mN3840000E4660000",400.000489440765,400.000489440765,1
"CRS3035RES20000mN3840000E4680000",400.000489421249,400.000489421249,1
"CRS3035RES20000mN3840000E4700000",400.000489400711,318.518930368823,0.796296351652056
"CRS3035RES20000mN3840000E4720000",400.000489379101,1.17265484714508,0.00293163353116225
"CRS3035RES20000mN3840000E4800000",400.000489281799,242.511117765675,0.606277052813368
"CRS3035RES20000mN3840000E4820000",400.000489254806,400.000489254806,1
"CRS3035RES20000mN3840000E4840000",400.000489226654,196.393590276778,0.490983375186561
"CRS3035RES20000mN3860000E3320000",400.000488222389,44.7096927833419,0.111774095531815
"CRS3035RES20000mN3860000E3340000",400.000488274887,17.9222994341101,0.0448056938915373
"CRS3035RES20000mN3860000E3360000",400.000488326324,244.972192259931,0.612429732985927
"CRS3035RES20000mN3860000E3380000",400.000488376831,384.992580411989,0.962480275897305
"CRS3035RES20000mN3860000E3400000",400.000488426231,400.000488426231,1
"CRS3035RES20000mN3860000E3420000",400.000488474503,400.000488474503,1
"CRS3035RES20000mN3860000E3440000",400.000488521828,400.000488521828,1
"CRS3035RES20000mN3860000E3460000",400.000488567993,400.000488567993,1
"CRS3035RES20000mN3860000E3480000",400.000488613312,400.000488613312,1
"CRS3035RES20000mN3860000E3500000",400.000488657471,400.000488657471,1
"CRS3035RES20000mN3860000E3520000",400.000488700523,400.000488700523,1
"CRS3035RES20000mN3860000E3540000",400.000488742653,400.000488742653,1
"CRS3035RES20000mN3860000E3560000",400.000488783524,400.000488783524,1
"CRS3035RES20000mN3860000E3580000",400.000488823448,400.000488823448,1
"CRS3035RES20000mN3860000E3600000",400.000488862171,211.487861853404,0.528719008456704
"CRS3035RES20000mN3860000E4400000",400.000489534723,59.847853206893,0.149619449907443
"CRS3035RES20000mN3860000E4420000",400.000489529373,324.349159624924,0.81087190669827
"CRS3035RES20000mN3860000E4440000",400.000489522978,400.000489522978,1
"CRS3035RES20000mN3860000E4460000",400.000489515471,400.000489515471,1
"CRS3035RES20000mN3860000E4480000",400.000489506891,400.000489506891,1
"CRS3035RES20000mN3860000E4500000",400.00048949719,400.00048949719,1
"CRS3035RES20000mN3860000E4520000",400.000489486307,400.000489486307,1
"CRS3035RES20000mN3860000E4540000",400.000489474461,400.000489474461,1
"CRS3035RES20000mN3860000E4560000",400.000489461552,400.000489461552,1
"CRS3035RES20000mN3860000E4580000",400.000489447493,400.000489447493,1
"CRS3035RES20000mN3860000E4600000",400.000489432383,400.000489432383,1
"CRS3035RES20000mN3860000E4620000",400.000489416243,400.000489416243,1
"CRS3035RES20000mN3860000E4640000",400.000489398825,400.000489398825,1
"CRS3035RES20000mN3860000E4660000",400.000489380459,400.000489380459,1
"CRS3035RES20000mN3860000E4680000",400.000489361103,400.000489361103,1
"CRS3035RES20000mN3860000E4700000",400.000489340584,286.196458854395,0.715490271839918
"CRS3035RES20000mN3860000E4720000",400.000489318985,2.12392449443591,0.0053098047406191
"CRS3035RES20000mN3860000E4800000",400.000489221882,76.4905538238831,0.191226150679664
"CRS3035RES20000mN3860000E4820000",400.000489194881,398.136007912514,0.995338802494666
"CRS3035RES20000mN3860000E4840000",400.000489166809,105.924950094363,0.264812051392741
"CRS3035RES20000mN3880000E3260000",400.000487998909,67.2186318505323,0.168046374610212
"CRS3035RES20000mN3880000E3320000",400.000488162483,51.7940316771626,0.129484921168705
"CRS3035RES20000mN3880000E3340000",400.000488214928,93.1106899720235,0.232776440817726
"CRS3035RES20000mN3880000E3360000",400.000488266312,281.399046750435,0.703496758141668
"CRS3035RES20000mN3880000E3380000",400.000488316811,328.515857647473,0.821288641496058
"CRS3035RES20000mN3880000E3400000",400.000488366035,400.000488366035,1
"CRS3035RES20000mN3880000E3420000",400.000488414604,400.000488414604,1
"CRS3035RES20000mN3880000E3440000",400.0004884617,400.0004884617,1
"CRS3035RES20000mN3880000E3460000",400.000488508019,400.000488508019,1
"CRS3035RES20000mN3880000E3480000",400.00048855307,400.00048855307,1
"CRS3035RES20000mN3880000E3500000",400.000488597145,400.000488597145,1
"CRS3035RES20000mN3880000E3520000",400.000488640152,400.000488640152,1
"CRS3035RES20000mN3880000E3540000",400.000488682106,400.000488682106,1
"CRS3035RES20000mN3880000E3560000",400.000488723099,400.000488723099,1
"CRS3035RES20000mN3880000E3580000",400.000488762909,400.000488762909,1
"CRS3035RES20000mN3880000E3600000",400.000488801781,325.77863509324,0.81444559247696
"CRS3035RES20000mN3880000E4100000",400.000489423677,15.4425404761066,0.0386063039531685
"CRS3035RES20000mN3880000E4120000",400.000489434662,147.691169397734,0.369227471712527
"CRS3035RES20000mN3880000E4140000",400.000489444342,269.178760734144,0.672946078411235
"CRS3035RES20000mN3880000E4160000",400.00048945321,345.591334778349,0.86397727975474
"CRS3035RES20000mN3880000E4180000",400.000489460875,252.237304388507,0.630592489345389
"CRS3035RES20000mN3880000E4200000",400.00048946734,104.992320650246,0.262480480436558
"CRS3035RES20000mN3880000E4400000",400.000489473423,179.068132767197,0.447669784111838
"CRS3035RES20000mN3880000E4420000",400.000489468029,328.924802040498,0.822310998863886
"CRS3035RES20000mN3880000E4440000",400.000489461602,400.000489461602,1
"CRS3035RES20000mN3880000E4460000",400.000489453952,400.000489453952,1
"CRS3035RES20000mN3880000E4480000",400.000489445343,400.000489445343,1
"CRS3035RES20000mN3880000E4500000",400.000489435577,400.000489435577,1
"CRS3035RES20000mN3880000E4520000",400.00048942486,400.00048942486,1
"CRS3035RES20000mN3880000E4540000",400.000489413055,400.000489413055,1
"CRS3035RES20000mN3880000E4560000",400.000489400103,400.000489400103,1
"CRS3035RES20000mN3880000E4580000",400.000489386013,400.000489386013,1
"CRS3035RES20000mN3880000E4600000",400.000489370995,400.000489370995,1
"CRS3035RES20000mN3880000E4620000",400.000489354813,400.000489354813,1
"CRS3035RES20000mN3880000E4640000",400.000489337559,400.000489337559,1
"CRS3035RES20000mN3880000E4660000",400.000489319208,400.000489319208,1
"CRS3035RES20000mN3880000E4680000",400.000489299816,400.000489299816,1
"CRS3035RES20000mN3880000E4700000",400.000489279236,272.279114788898,0.680696954345032
"CRS3035RES20000mN3880000E4720000",400.000489257732,11.1453322531405,0.0278632965520181
"CRS3035RES20000mN3880000E4820000",400.000489133804,232.906629958248,0.582265862880829
"CRS3035RES20000mN3880000E4840000",400.000489105789,268.660450905087,0.671650305992586
"CRS3035RES20000mN3880000E4860000",400.000489076683,13.4981638037956,0.033745368249307
"CRS3035RES20000mN3900000E3260000",400.000487938149,16.5708764022851,0.0414271404710072
"CRS3035RES20000mN3900000E3280000",400.000487993782,119.545056345976,0.298862276257609
"CRS3035RES20000mN3900000E3320000",400.000488101715,21.5280023961189,0.0538199403162844
"CRS3035RES20000mN3900000E3340000",400.000488154129,365.07816406412,0.912694296321576
"CRS3035RES20000mN3900000E3360000",400.000488205467,130.488977916571,0.32622204663296
"CRS3035RES20000mN3900000E3380000",400.000488255837,312.636224539705,0.781589607310043
"CRS3035RES20000mN3900000E3400000",400.000488305115,400.02318665679,1.00005674580991
"CRS3035RES20000mN3900000E3420000",400.000488353271,400.000488353271,1
"CRS3035RES20000mN3900000E3440000",400.000488400452,400.000488400452,1
"CRS3035RES20000mN3900000E3460000",400.000488446609,353.818029295192,0.884543993106695
"CRS3035RES20000mN3900000E3480000",400.000488491692,265.746996027202,0.664366678723998
"CRS3035RES20000mN3900000E3500000",400.000488535667,319.142848123137,0.797856145854881
"CRS3035RES20000mN3900000E3520000",400.000488578827,380.359223663484,0.950896897688483
"CRS3035RES20000mN3900000E3540000",400.00048862056,259.604505732422,0.649010471531405
"CRS3035RES20000mN3900000E3560000",400.000488661385,197.306758853086,0.49326629453224
"CRS3035RES20000mN3900000E3580000",400.000488701317,105.265312078339,0.263162958675636
"CRS3035RES20000mN3900000E3600000",400.000488740089,52.3933744747018,0.130983276144809
"CRS3035RES20000mN3900000E4080000",400.000489349337,0.230078085505307,0.000575194510085637
"CRS3035RES20000mN3900000E4100000",400.0004893613,123.539077497715,0.308847315899477
"CRS3035RES20000mN3900000E4120000",400.000489372089,325.832162068574,0.814579408590367
"CRS3035RES20000mN3900000E4140000",400.000489381969,400.000489381969,1
"CRS3035RES20000mN3900000E4160000",400.000489390626,400.000489390626,1
"CRS3035RES20000mN3900000E4180000",400.000489398183,400.000489398183,1
"CRS3035RES20000mN3900000E4200000",400.000489404798,390.929098299635,0.977321549984448
"CRS3035RES20000mN3900000E4220000",400.000489410265,223.47092257871,0.55867662289159
"CRS3035RES20000mN3900000E4240000",400.000489414665,5.58193495760916,0.0139548203197886
"CRS3035RES20000mN3900000E4380000",400.000489415055,11.0807586188488,0.0277018626528505
"CRS3035RES20000mN3900000E4400000",400.000489410719,211.195732418232,0.527988685037275
"CRS3035RES20000mN3900000E4420000",400.000489405382,324.953079838945,0.812381705637414
"CRS3035RES20000mN3900000E4440000",400.00048939883,400.00048939883,1
"CRS3035RES20000mN3900000E4460000",400.000489391449,400.000489391449,1
"CRS3035RES20000mN3900000E4480000",400.000489382824,400.000489382824,1
"CRS3035RES20000mN3900000E4500000",400.000489373196,400.000489373196,1
"CRS3035RES20000mN3900000E4520000",400.000489362411,400.000489362411,1
"CRS3035RES20000mN3900000E4540000",400.000489350599,400.000489350599,1
"CRS3035RES20000mN3900000E4560000",400.000489337646,400.000489337646,1
"CRS3035RES20000mN3900000E4580000",400.000489323786,400.000489323786,1
"CRS3035RES20000mN3900000E4600000",400.000489308565,400.000489308565,1
"CRS3035RES20000mN3900000E4620000",400.000489292376,400.000489292376,1
"CRS3035RES20000mN3900000E4640000",400.000489275221,400.000489275221,1
"CRS3035RES20000mN3900000E4660000",400.000489256914,400.000489256914,1
"CRS3035RES20000mN3900000E4680000",400.000489237453,400.000489237453,1
"CRS3035RES20000mN3900000E4700000",400.000489217011,349.923837296,0.874808523311975
"CRS3035RES20000mN3900000E4720000",400.000489195469,12.3970264609274,0.0309925282488074
"CRS3035RES20000mN3900000E4820000",400.000489071579,1.12474282126737,0.0028118536151742
"CRS3035RES20000mN3900000E4840000",400.000489043568,37.4001428123812,0.0935002427167223
"CRS3035RES20000mN3900000E4860000",400.000489014648,64.8754865342282,0.162188518054168
"CRS3035RES20000mN3920000E3260000",400.000487876549,2.93548642234278,0.00733870710489921
"CRS3035RES20000mN3920000E3280000",400.00048793206,180.59666454914,0.451491110630381
"CRS3035RES20000mN3920000E3320000",400.000488039841,226.47578236271,0.566188765100088
"CRS3035RES20000mN3920000E3340000",400.000488092133,360.580100605344,0.901449151537764
"CRS3035RES20000mN3920000E3360000",400.000488143478,89.6588350146748,0.224146813997173
"CRS3035RES20000mN3920000E3380000",400.000488193642,310.593146264279,0.776481917976859
"CRS3035RES20000mN3920000E3400000",400.00048824295,400.00048824295,1
"CRS3035RES20000mN3920000E3420000",400.000488290978,400.000488290978,1
"CRS3035RES20000mN3920000E3440000",400.000488338242,400.000488338242,1
"CRS3035RES20000mN3920000E3460000",400.000488384155,367.879051515177,0.919696505874939
"CRS3035RES20000mN3920000E3480000",400.000488429245,257.762952363789,0.644406594041908
"CRS3035RES20000mN3920000E3500000",400.000488473213,26.1047680053723,0.0652618403167786
"CRS3035RES20000mN3920000E3520000",400.000488516052,13.1914749366234,0.0329786470650623
"CRS3035RES20000mN3920000E4060000",400.000489272671,6.75377329836321,0.0168844125932039
"CRS3035RES20000mN3920000E4080000",400.000489285662,248.745059623002,0.62186188838724
"CRS3035RES20000mN3920000E4100000",400.000489297642,400.000489297642,1
"CRS3035RES20000mN3920000E4120000",400.000489308544,400.000489308544,1
"CRS3035RES20000mN3920000E4140000",400.000489318212,400.000489318212,1
"CRS3035RES20000mN3920000E4160000",400.000489326962,400.000489326962,1
"CRS3035RES20000mN3920000E4180000",400.000489334596,400.000489334596,1
"CRS3035RES20000mN3920000E4200000",400.000489341125,400.000489341125,1
"CRS3035RES20000mN3920000E4220000",400.000489346564,400.000489346564,1
"CRS3035RES20000mN3920000E4240000",400.00048935094,261.448335172979,0.653620038308498
"CRS3035RES20000mN3920000E4380000",400.000489351257,123.85721481372,0.309642658224239
"CRS3035RES20000mN3920000E4400000",400.000489347,365.084463472783,0.912710042102155
"CRS3035RES20000mN3920000E4420000",400.000489341623,400.000489341623,1
"CRS3035RES20000mN3920000E4440000",400.000489335318,400.000489335318,1
"CRS3035RES20000mN3920000E4460000",400.00048932781,400.00048932781,1
"CRS3035RES20000mN3920000E4480000",400.000489319213,400.000489319213,1
"CRS3035RES20000mN3920000E4500000",400.000489309528,400.000489309528,1
"CRS3035RES20000mN3920000E4520000",400.000489298733,400.000489298733,1
"CRS3035RES20000mN3920000E4540000",400.000489286835,400.000489286835,1
"CRS3035RES20000mN3920000E4560000",400.000489274012,400.000489274012,1
"CRS3035RES20000mN3920000E4580000",400.00048925997,400.00048925997,1
"CRS3035RES20000mN3920000E4600000",400.000489244913,400.000489244913,1
"CRS3035RES20000mN3920000E4620000",400.000489228901,400.000489228901,1
"CRS3035RES20000mN3920000E4640000",400.000489211664,400.000489211664,1
"CRS3035RES20000mN3920000E4660000",400.000489193424,400.000489193424,1
"CRS3035RES20000mN3920000E4680000",400.000489174049,400.000489174049,1
"CRS3035RES20000mN3920000E4700000",400.000489153664,334.822144632952,0.837054337961889
"CRS3035RES20000mN3920000E4720000",400.000489132027,28.4977024452201,0.0712441689935384
"CRS3035RES20000mN3940000E3280000",400.000487869232,160.587806016533,0.40146902538037
"CRS3035RES20000mN3940000E3300000",400.000487923561,75.8530110216473,0.189632296238955
"CRS3035RES20000mN3940000E3320000",400.000487976868,31.8571073528464,0.0796426712226629
"CRS3035RES20000mN3940000E3340000",400.000488029076,129.551837435255,0.323879198431972
"CRS3035RES20000mN3940000E3360000",400.000488080322,16.4546889456063,0.0411366721690152
"CRS3035RES20000mN3940000E3380000",400.000488130531,215.265844340948,0.538163954116729
"CRS3035RES20000mN3940000E3400000",400.000488179634,391.312724922636,0.978280618364904
"CRS3035RES20000mN3940000E3420000",400.000488227783,385.882414942041,0.964704859865814
"CRS3035RES20000mN3940000E3440000",400.000488274788,400.000488274788,1
"CRS3035RES20000mN3940000E3460000",400.000488320824,386.714598079702,0.966785314945753
"CRS3035RES20000mN3940000E3480000",400.000488365852,282.376756513642,0.705941029390373
"CRS3035RES20000mN3940000E3500000",400.000488409706,30.4316580785403,0.0760790523019819
"CRS3035RES20000mN3940000E4060000",400.000489207924,257.019892630209,0.642548945725433
"CRS3035RES20000mN3940000E4080000",400.000489221056,400.000489221056,1
"CRS3035RES20000mN3940000E4100000",400.000489232948,400.000489232948,1
"CRS3035RES20000mN3940000E4120000",400.000489243784,400.000489243784,1
"CRS3035RES20000mN3940000E4140000",400.00048925356,400.00048925356,1
"CRS3035RES20000mN3940000E4160000",400.000489262253,400.000489262253,1
"CRS3035RES20000mN3940000E4180000",400.000489269867,400.000489269867,1
"CRS3035RES20000mN3940000E4200000",400.000489276381,400.000489276381,1
"CRS3035RES20000mN3940000E4220000",400.000489281849,400.000489281849,1
"CRS3035RES20000mN3940000E4240000",400.000489286165,395.451501659195,0.988627544843537
"CRS3035RES20000mN3940000E4260000",400.000489289474,178.775036905837,0.446937045560612
"CRS3035RES20000mN3940000E4280000",400.000489291645,0.098673578898795,0.000246683645496371
"CRS3035RES20000mN3940000E4380000",400.000489286571,141.04466106775,0.352611221349537
"CRS3035RES20000mN3940000E4400000",400.000489282389,400.000489282389,1
"CRS3035RES20000mN3940000E4420000",400.000489277007,400.000489277007,1
"CRS3035RES20000mN3940000E4440000",400.000489270555,400.000489270555,1
"CRS3035RES20000mN3940000E4460000",400.000489262997,400.000489262997,1
"CRS3035RES20000mN3940000E4480000",400.000489254374,400.000489254374,1
"CRS3035RES20000mN3940000E4500000",400.000489244741,400.000489244741,1
"CRS3035RES20000mN3940000E4520000",400.000489234137,400.000489234137,1
"CRS3035RES20000mN3940000E4540000",400.000489222296,400.000489222296,1
"CRS3035RES20000mN3940000E4560000",400.000489209385,400.000489209385,1
"CRS3035RES20000mN3940000E4580000",400.000489195431,400.000489195431,1
"CRS3035RES20000mN3940000E4600000",400.000489180368,400.000489180368,1
"CRS3035RES20000mN3940000E4620000",400.000489164217,400.000489164217,1
"CRS3035RES20000mN3940000E4640000",400.000489147131,400.000489147131,1
"CRS3035RES20000mN3940000E4660000",400.000489128757,400.000489128757,1
"CRS3035RES20000mN3940000E4680000",400.000489109493,394.921200795786,0.987301794742764
"CRS3035RES20000mN3940000E4700000",400.000489089092,326.028540734123,0.815070355230257
"CRS3035RES20000mN3940000E4720000",400.000489067646,22.1208196280568,0.0553019814541172
"CRS3035RES20000mN3940000E4840000",400.000488916203,6.63008597008038,0.0165751946654979
"CRS3035RES20000mN3940000E4860000",400.000488887264,21.0897767498827,0.0527243774340151
"CRS3035RES20000mN3960000E3280000",400.000487805443,80.3557553230856,0.20088914332067
"CRS3035RES20000mN3960000E3300000",400.00048785965,82.4699457645008,0.206174612950566
"CRS3035RES20000mN3960000E3320000",400.000487912888,119.202029791135,0.29800471097699
"CRS3035RES20000mN3960000E3340000",400.000487965172,0.516277726553798,0.00129069274185173
"CRS3035RES20000mN3960000E3380000",400.000488066299,45.3300596564734,0.113325010865887
"CRS3035RES20000mN3960000E3400000",400.000488115356,103.244151953415,0.258110064914822
"CRS3035RES20000mN3960000E3420000",400.000488163399,329.831572719172,0.824577925476022
"CRS3035RES20000mN3960000E3440000",400.000488210419,400.000488210419,1
"CRS3035RES20000mN3960000E3460000",400.000488256371,400.000488256371,1
"CRS3035RES20000mN3960000E3480000",400.000488301086,400.000488301086,1
"CRS3035RES20000mN3960000E3500000",400.000488345116,360.040633897177,0.900100485843752
"CRS3035RES20000mN3960000E3520000",400.000488387917,146.496577086925,0.366240995548122
"CRS3035RES20000mN3960000E4040000",400.000489128277,1.60542936372304,0.00401356850143299
"CRS3035RES20000mN3960000E4060000",400.000489142386,368.556659594404,0.921390522258116
"CRS3035RES20000mN3960000E4080000",400.000489155287,390.889863017817,0.977223462509485
"CRS3035RES20000mN3960000E4100000",400.000489167122,397.486390475728,0.993714760957845
"CRS3035RES20000mN3960000E4120000",400.0004891779,400.0004891779,1
"CRS3035RES20000mN3960000E4140000",400.000489187809,400.000489187809,1
"CRS3035RES20000mN3960000E4160000",400.000489196362,400.000489196362,1
"CRS3035RES20000mN3960000E4180000",400.000489204021,400.000489204021,1
"CRS3035RES20000mN3960000E4200000",400.000489210408,400.000489210408,1
"CRS3035RES20000mN3960000E4220000",400.000489215824,400.000489215824,1
"CRS3035RES20000mN3960000E4240000",400.000489220278,400.000489220278,1
"CRS3035RES20000mN3960000E4260000",400.000489223602,395.791356522715,0.98947718111781
"CRS3035RES20000mN3960000E4280000",400.000489225838,110.46995425861,0.276174547867214
"CRS3035RES20000mN3960000E4380000",400.000489220544,179.14670073851,0.447866204082904
"CRS3035RES20000mN3960000E4400000",400.000489216408,400.000489216408,1
"CRS3035RES20000mN3960000E4420000",400.000489211044,400.000489211044,1
"CRS3035RES20000mN3960000E4440000",400.000489204639,400.000489204639,1
"CRS3035RES20000mN3960000E4460000",400.000489197226,400.000489197226,1
"CRS3035RES20000mN3960000E4480000",400.000489188706,400.000489188706,1
"CRS3035RES20000mN3960000E4500000",400.000489178961,400.000489178961,1
"CRS3035RES20000mN3960000E4520000",400.000489168295,400.000489168295,1
"CRS3035RES20000mN3960000E4540000",400.000489156464,400.000489156464,1
"CRS3035RES20000mN3960000E4560000",400.000489143686,400.000489143686,1
"CRS3035RES20000mN3960000E4580000",400.000489129658,400.000489129658,1
"CRS3035RES20000mN3960000E4600000",400.000489114723,400.000489114723,1
"CRS3035RES20000mN3960000E4620000",400.000489098585,400.000489098585,1
"CRS3035RES20000mN3960000E4640000",400.000489081396,400.000489081396,1
"CRS3035RES20000mN3960000E4660000",400.000489063229,400.000489063229,1
"CRS3035RES20000mN3960000E4680000",400.00048904393,336.786787425086,0.841965939166884
"CRS3035RES20000mN3960000E4700000",400.000489023426,325.034628705584,0.812585578330501
"CRS3035RES20000mN3960000E4720000",400.000489002045,135.381448094347,0.338453206475093
"CRS3035RES20000mN3980000E3220000",400.000487571823,1.75434664957809,0.00438586127788929
"CRS3035RES20000mN3980000E3300000",400.000487794723,7.70297081646734,0.0192574035570188
"CRS3035RES20000mN3980000E3320000",400.000487847786,301.406831186182,0.75351615896248
"CRS3035RES20000mN3980000E3340000",400.000487899811,264.766385434986,0.661915156216767
"CRS3035RES20000mN3980000E3360000",400.000487950951,25.6911089240029,0.0642276939600964
"CRS3035RES20000mN3980000E3400000",400.00048805014,16.9801438094979,0.0424503077290482
"CRS3035RES20000mN3980000E3420000",400.000488098038,284.92595427239,0.71231401648329
"CRS3035RES20000mN3980000E3440000",400.000488144951,385.411899538871,0.963528572993157
"CRS3035RES20000mN3980000E3460000",400.000488190857,400.000488190857,1
"CRS3035RES20000mN3980000E3480000",400.00048823568,400.00048823568,1
"CRS3035RES20000mN3980000E3500000",400.000488279366,400.000488279366,1
"CRS3035RES20000mN3980000E3520000",400.000488321991,399.333209535676,0.998331805070753
"CRS3035RES20000mN3980000E3540000",400.000488363808,297.31633394035,0.743289927361127
"CRS3035RES20000mN3980000E3560000",400.000488404472,8.21665735541153,0.0205416183069832
"CRS3035RES20000mN3980000E4060000",400.000489075451,199.101804445379,0.497753902515412
"CRS3035RES20000mN3980000E4080000",400.000489088293,259.813350381201,0.649532581756048
"CRS3035RES20000mN3980000E4100000",400.000489100258,359.226128088054,0.898064222111528
"CRS3035RES20000mN3980000E4120000",400.000489111132,391.527550521275,0.97881767942663
"CRS3035RES20000mN3980000E4140000",400.000489120817,400.000489120817,1
"CRS3035RES20000mN3980000E4160000",400.000489129465,400.000489129465,1
"CRS3035RES20000mN3980000E4180000",400.000489136895,400.000489136895,1
"CRS3035RES20000mN3980000E4200000",400.000489143637,400.000489143637,1
"CRS3035RES20000mN3980000E4220000",400.000489149069,400.000489149069,1
"CRS3035RES20000mN3980000E4240000",400.000489153347,400.000489153347,1
"CRS3035RES20000mN3980000E4260000",400.000489156536,400.000489156536,1
"CRS3035RES20000mN3980000E4280000",400.000489158713,382.155302789122,0.955387088633009
"CRS3035RES20000mN3980000E4300000",400.000489159975,229.401779283883,0.573503746872012
"CRS3035RES20000mN3980000E4320000",400.000489160102,141.013666659248,0.352533735534526
"CRS3035RES20000mN3980000E4360000",400.000489156819,22.4724106068568,0.0561809578138954
"CRS3035RES20000mN3980000E4380000",400.000489153851,268.388084456684,0.670969390623556
"CRS3035RES20000mN3980000E4400000",400.000489149465,386.641234359035,0.966601903865578
"CRS3035RES20000mN3980000E4420000",400.000489144218,400.000489144218,1
"CRS3035RES20000mN3980000E4440000",400.000489137748,400.000489137748,1
"CRS3035RES20000mN3980000E4460000",400.00048913028,400.00048913028,1
"CRS3035RES20000mN3980000E4480000",400.000489121713,400.000489121713,1
"CRS3035RES20000mN3980000E4500000",400.000489112156,400.000489112156,1
"CRS3035RES20000mN3980000E4520000",400.000489101362,400.000489101362,1
"CRS3035RES20000mN3980000E4540000",400.000489089647,400.000489089647,1
"CRS3035RES20000mN3980000E4560000",400.000489076748,400.000489076748,1
"CRS3035RES20000mN3980000E4580000",400.000489062874,400.000489062874,1
"CRS3035RES20000mN3980000E4600000",400.000489047894,400.000489047894,1
"CRS3035RES20000mN3980000E4620000",400.000489031824,400.000489031824,1
"CRS3035RES20000mN3980000E4640000",400.000489014662,400.000489014662,1
"CRS3035RES20000mN3980000E4660000",400.000488996384,400.000488996384,1
"CRS3035RES20000mN3980000E4680000",400.000488977127,400.000488977127,1
"CRS3035RES20000mN3980000E4700000",400.000488956825,400.000488956825,1
"CRS3035RES20000mN3980000E4720000",400.000488935379,390.13301210492,0.975331338077306
"CRS3035RES20000mN3980000E4740000",400.000488912865,195.256266562436,0.48814006976119
"CRS3035RES20000mN3980000E4760000",400.000488889355,0.970978195393562,0.00242744252160689
"CRS3035RES20000mN4000000E3220000",400.000487506157,4.6494884778347,0.0116237070280149
"CRS3035RES20000mN4000000E3320000",400.000487781792,294.112353110281,0.73527998613523
"CRS3035RES20000mN4000000E3340000",400.0004878339,366.4168513739,0.9160410112451
"CRS3035RES20000mN4000000E3360000",400.00048788485,188.522658574878,0.471306071579464
"CRS3035RES20000mN4000000E3380000",400.000487934792,0.490912736222581,0.0012272803434745
"CRS3035RES20000mN4000000E3420000",400.00048803157,30.5755315487903,0.0764387356106853
"CRS3035RES20000mN4000000E3440000",400.000488078362,362.689364554244,0.906722305006767
"CRS3035RES20000mN4000000E3460000",400.000488124138,391.733375421604,0.979332243464743
"CRS3035RES20000mN4000000E3480000",400.00048816893,385.516493178291,0.963790056714825
"CRS3035RES20000mN4000000E3500000",400.000488212662,396.703109844505,0.991756564140983
"CRS3035RES20000mN4000000E3520000",400.000488255363,395.017511968537,0.987542574488946
"CRS3035RES20000mN4000000E3540000",400.00048829689,384.704930415295,0.961761151975789
"CRS3035RES20000mN4000000E3560000",400.000488337433,69.7909261661824,0.174477102406205
"CRS3035RES20000mN4000000E4040000",400.000488993536,46.0744144194954,0.115185895235843
"CRS3035RES20000mN4000000E4060000",400.000489007458,44.5843646475115,0.111460775355903
"CRS3035RES20000mN4000000E4080000",400.000489020479,189.831175348886,0.474577358177098
"CRS3035RES20000mN4000000E4100000",400.000489032324,400.000489032324,1
"CRS3035RES20000mN4000000E4120000",400.000489043146,400.115759185229,1.00028817500288
"CRS3035RES20000mN4000000E4140000",400.000489052799,400.000489052799,1
"CRS3035RES20000mN4000000E4160000",400.000489061394,400.000489061394,1
"CRS3035RES20000mN4000000E4180000",400.000489069094,400.000489069094,1
"CRS3035RES20000mN4000000E4200000",400.000489075505,400.000489075505,1
"CRS3035RES20000mN4000000E4220000",400.000489080948,400.000489080948,1
"CRS3035RES20000mN4000000E4240000",400.000489085334,400.000489085334,1
"CRS3035RES20000mN4000000E4260000",400.000489088647,400.000489088647,1
"CRS3035RES20000mN4000000E4280000",400.000489090881,389.517857932414,0.973793454147289
"CRS3035RES20000mN4000000E4300000",400.000489091902,399.319298429577,0.998297025426464
"CRS3035RES20000mN4000000E4320000",400.000489092001,383.387820625805,0.958468379616469
"CRS3035RES20000mN4000000E4340000",400.0004890909,25.4127735637621,0.0635318562272734
"CRS3035RES20000mN4000000E4360000",400.000489088864,189.682237099984,0.474205012928983
"CRS3035RES20000mN4000000E4380000",400.000489085634,327.889859679803,0.819723646911859
"CRS3035RES20000mN4000000E4400000",400.00048908131,399.997092701691,0.999991509061333
"CRS3035RES20000mN4000000E4420000",400.000489076026,400.000489076026,1
"CRS3035RES20000mN4000000E4440000",400.00048906977,400.00048906977,1
"CRS3035RES20000mN4000000E4460000",400.000489062191,400.000489062191,1
"CRS3035RES20000mN4000000E4480000",400.000489053753,400.000489053753,1
"CRS3035RES20000mN4000000E4500000",400.00048904413,400.00048904413,1
"CRS3035RES20000mN4000000E4520000",400.000489033417,400.000489033417,1
"CRS3035RES20000mN4000000E4540000",400.000489021696,400.000489021696,1
"CRS3035RES20000mN4000000E4560000",400.000489008801,400.000489008801,1
"CRS3035RES20000mN4000000E4580000",400.000488994951,400.000488994951,1
"CRS3035RES20000mN4000000E4600000",400.000488979906,400.000488979906,1
"CRS3035RES20000mN4000000E4620000",400.000488963923,400.000488963923,1
"CRS3035RES20000mN4000000E4640000",400.000488946754,400.000488946754,1
"CRS3035RES20000mN4000000E4660000",400.000488928707,400.000488928707,1
"CRS3035RES20000mN4000000E4680000",400.000488909401,400.000488909401,1
"CRS3035RES20000mN4000000E4700000",400.000488888992,400.000488888992,1
"CRS3035RES20000mN4000000E4720000",400.000488867638,400.000488867638,1
"CRS3035RES20000mN4000000E4740000",400.000488845249,374.243735909854,0.935608196355581
"CRS3035RES20000mN4000000E4760000",400.000488821667,261.807550059498,0.654518075292204
"CRS3035RES20000mN4000000E4780000",400.000488797138,67.4621060776372,0.168655059098818
"CRS3035RES20000mN4000000E4800000",400.000488771488,9.19290883222443,0.0229822439978971
"CRS3035RES20000mN4020000E3320000",400.000487714714,19.6078146350324,0.0490194768187807
"CRS3035RES20000mN4020000E3340000",400.000487766708,144.88891984343,0.362221857909166
"CRS3035RES20000mN4020000E3360000",400.000487817551,312.246488381562,0.780615268959334
"CRS3035RES20000mN4020000E3380000",400.000487867332,44.1143163745528,0.11028565642446
"CRS3035RES20000mN4020000E3440000",400.000488010818,175.544979530349,0.438861913402469
"CRS3035RES20000mN4020000E3460000",400.000488056534,182.406243157153,0.45601505149007
"CRS3035RES20000mN4020000E3480000",400.000488101219,49.1011096174304,0.122752624254312
"CRS3035RES20000mN4020000E3500000",400.00048814492,23.5553451608945,0.0588882910371859
"CRS3035RES20000mN4020000E3520000",400.000488187477,25.3288052018967,0.0633219357223015
"CRS3035RES20000mN4020000E3540000",400.000488229012,55.4718716807597,0.138679509933499
"CRS3035RES20000mN4020000E3560000",400.000488269638,64.4675879260291,0.161168773080526
"CRS3035RES20000mN4020000E3580000",400.000488308861,0.144704309863687,0.000361760333032276
"CRS3035RES20000mN4020000E4040000",400.00048892441,169.204908301356,0.42301175370146
"CRS3035RES20000mN4020000E4060000",400.000488938505,158.482584437195,0.396205976792094
"CRS3035RES20000mN4020000E4080000",400.000488951344,151.231323111967,0.378077845625742
"CRS3035RES20000mN4020000E4100000",400.000488963196,360.530089946206,0.901324123079706
"CRS3035RES20000mN4020000E4120000",400.000488974005,400.000488974005,1
"CRS3035RES20000mN4020000E4140000",400.00048898366,400.00048898366,1
"CRS3035RES20000mN4020000E4160000",400.000488992361,400.000488992361,1
"CRS3035RES20000mN4020000E4180000",400.000488999954,400.000488999954,1
"CRS3035RES20000mN4020000E4200000",400.000489006434,400.000489006434,1
"CRS3035RES20000mN4020000E4220000",400.000489011823,400.000489011823,1
"CRS3035RES20000mN4020000E4240000",400.00048901612,400.00048901612,1
"CRS3035RES20000mN4020000E4260000",400.000489019461,400.000489019461,1
"CRS3035RES20000mN4020000E4280000",400.000489021657,400.000489021657,1
"CRS3035RES20000mN4020000E4300000",400.000489022731,400.000489022731,1
"CRS3035RES20000mN4020000E4320000",400.000489022761,400.000489022761,1
"CRS3035RES20000mN4020000E4340000",400.000489021786,188.735886236994,0.471839138743438
"CRS3035RES20000mN4020000E4360000",400.000489019702,378.605697086731,0.946513085557961
"CRS3035RES20000mN4020000E4380000",400.000489016619,400.000489016619,1
"CRS3035RES20000mN4020000E4400000",400.000489012314,400.000489012314,1
"CRS3035RES20000mN4020000E4420000",400.00048900703,400.00048900703,1
"CRS3035RES20000mN4020000E4440000",400.000489000635,400.000489000635,1
"CRS3035RES20000mN4020000E4460000",400.00048899312,400.00048899312,1
"CRS3035RES20000mN4020000E4480000",400.000488984612,400.000488984612,1
"CRS3035RES20000mN4020000E4500000",400.000488975054,400.000488975054,1
"CRS3035RES20000mN4020000E4520000",400.000488964344,400.000488964344,1
"CRS3035RES20000mN4020000E4540000",400.000488952686,400.000488952686,1
"CRS3035RES20000mN4020000E4560000",400.000488939852,400.000488939852,1
"CRS3035RES20000mN4020000E4580000",400.000488925879,400.000488925879,1
"CRS3035RES20000mN4020000E4600000",400.000488911016,400.000488911016,1
"CRS3035RES20000mN4020000E4620000",400.000488894936,400.000488894936,1
"CRS3035RES20000mN4020000E4640000",400.00048887796,400.00048887796,1
"CRS3035RES20000mN4020000E4660000",400.000488859718,400.000488859718,1
"CRS3035RES20000mN4020000E4680000",400.000488840504,400.000488840504,1
"CRS3035RES20000mN4020000E4700000",400.000488820282,400.000488820282,1
"CRS3035RES20000mN4020000E4720000",400.000488799011,400.000488799011,1
"CRS3035RES20000mN4020000E4740000",400.000488776482,388.851918095669,0.972128607355172
"CRS3035RES20000mN4020000E4760000",400.000488752956,378.0362091084,0.945089367982943
"CRS3035RES20000mN4020000E4780000",400.000488728378,276.592362924945,0.69148006244754
"CRS3035RES20000mN4020000E4800000",400.000488702789,58.1507448945489,0.145376684621394
"CRS3035RES20000mN4040000E3360000",400.000487749222,2.9987695745945,0.00749691479495035
"CRS3035RES20000mN4040000E3380000",400.00048779895,6.10302298484945,0.015257538855595
"CRS3035RES20000mN4040000E3540000",400.000488160034,101.579107928009,0.25394745990252
"CRS3035RES20000mN4040000E3560000",400.000488200417,167.81279991768,0.419531487755582
"CRS3035RES20000mN4040000E3580000",400.00048823996,107.044690630557,0.267611399929945
"CRS3035RES20000mN4040000E4040000",400.000488854406,219.718407269363,0.549295346859781
"CRS3035RES20000mN4040000E4060000",400.000488868387,357.963539851928,0.894907755899542
"CRS3035RES20000mN4040000E4080000",400.000488881287,289.079200705955,0.722697118482145
"CRS3035RES20000mN4040000E4100000",400.000488893099,332.415861371788,0.831038637706834
"CRS3035RES20000mN4040000E4120000",400.000488903803,393.662636355517,0.984155387995512
"CRS3035RES20000mN4040000E4140000",400.000488913586,400.000488913586,1
"CRS3035RES20000mN4040000E4160000",400.000488922254,400.000488922254,1
"CRS3035RES20000mN4040000E4180000",400.000488929704,400.000488929704,1
"CRS3035RES20000mN4040000E4200000",400.0004889361,400.0004889361,1
"CRS3035RES20000mN4040000E4220000",400.000488941574,400.000488941574,1
"CRS3035RES20000mN4040000E4240000",400.000488945917,400.000488945917,1
"CRS3035RES20000mN4040000E4260000",400.000488949045,400.000488949045,1
"CRS3035RES20000mN4040000E4280000",400.00048895137,400.00048895137,1
"CRS3035RES20000mN4040000E4300000",400.000488952497,400.000488952497,1
"CRS3035RES20000mN4040000E4320000",400.000488952541,380.338286609118,0.950844554228143
"CRS3035RES20000mN4040000E4340000",400.000488951593,206.850162067075,0.517124773045235
"CRS3035RES20000mN4040000E4360000",400.000488949566,399.42948927224,0.99857250255162
"CRS3035RES20000mN4040000E4380000",400.000488946235,400.000488946235,1
"CRS3035RES20000mN4040000E4400000",400.000488942107,400.000488942107,1
"CRS3035RES20000mN4040000E4420000",400.000488936803,400.000488936803,1
"CRS3035RES20000mN4040000E4440000",400.000488930399,400.000488930399,1
"CRS3035RES20000mN4040000E4460000",400.000488922959,400.000488922959,1
"CRS3035RES20000mN4040000E4480000",400.000488914387,400.000488914387,1
"CRS3035RES20000mN4040000E4500000",400.00048890486,400.00048890486,1
"CRS3035RES20000mN4040000E4520000",400.000488894289,400.000488894289,1
"CRS3035RES20000mN4040000E4540000",400.00048888246,400.00048888246,1
"CRS3035RES20000mN4040000E4560000",400.00048886972,400.00048886972,1
"CRS3035RES20000mN4040000E4580000",400.000488855968,400.000488855968,1
"CRS3035RES20000mN4040000E4600000",400.000488840948,400.000488840948,1
"CRS3035RES20000mN4040000E4620000",400.000488824932,400.000488824932,1
"CRS3035RES20000mN4040000E4640000",400.000488807804,400.000488807804,1
"CRS3035RES20000mN4040000E4660000",400.000488789703,400.000488789703,1
"CRS3035RES20000mN4040000E4680000",400.000488770561,400.000488770561,1
"CRS3035RES20000mN4040000E4700000",400.000488750385,400.000488750385,1
"CRS3035RES20000mN4040000E4720000",400.000488728863,400.000488728863,1
"CRS3035RES20000mN4040000E4740000",400.00048870657,400.00048870657,1
"CRS3035RES20000mN4040000E4760000",400.000488683285,395.737717099996,0.989343084061419
"CRS3035RES20000mN4040000E4780000",400.000488658669,276.404275587998,0.691009844800118
"CRS3035RES20000mN4040000E4800000",400.000488633076,167.076470837484,0.417690666850022
"CRS3035RES20000mN4040000E4820000",400.000488606522,9.88773373982598,0.0247193041545319
"CRS3035RES20000mN4060000E3540000",400.000488090004,20.3429545680642,0.0508573243627814
"CRS3035RES20000mN4060000E3560000",400.00048813031,257.857602435851,0.644643219414891
"CRS3035RES20000mN4060000E3580000",400.000488169556,50.9552954694305,0.127388083206116
"CRS3035RES20000mN4060000E3600000",400.000488207985,46.8980298888964,0.117244931622461
"CRS3035RES20000mN4060000E4040000",400.000488783297,117.948121844125,0.294869944291553
"CRS3035RES20000mN4060000E4060000",400.000488797237,205.708312125064,0.514270151878085
"CRS3035RES20000mN4060000E4080000",400.000488810133,316.494498051243,0.791235278218553
"CRS3035RES20000mN4060000E4100000",400.000488822008,391.374784270806,0.978435764974676
"CRS3035RES20000mN4060000E4120000",400.000488832596,400.000488832596,1
"CRS3035RES20000mN4060000E4140000",400.00048884222,400.00048884222,1
"CRS3035RES20000mN4060000E4160000",400.000488850909,400.000488850909,1
"CRS3035RES20000mN4060000E4180000",400.000488858422,400.000488858422,1
"CRS3035RES20000mN4060000E4200000",400.000488864982,400.000488864982,1
"CRS3035RES20000mN4060000E4220000",400.00048887034,400.00048887034,1
"CRS3035RES20000mN4060000E4240000",400.00048887463,400.00048887463,1
"CRS3035RES20000mN4060000E4260000",400.000488878058,400.000488878058,1
"CRS3035RES20000mN4060000E4280000",400.000488880005,400.000488880005,1
"CRS3035RES20000mN4060000E4300000",400.000488881202,400.000488881202,1
"CRS3035RES20000mN4060000E4320000",400.000488881289,377.029171673785,0.942571777170197
"CRS3035RES20000mN4060000E4340000",400.000488880265,293.661432778735,0.734152684664938
"CRS3035RES20000mN4060000E4360000",400.000488878061,384.521236060516,0.96130191525275
"CRS3035RES20000mN4060000E4380000",400.000488875019,400.000488875019,1
"CRS3035RES20000mN4060000E4400000",400.000488870831,400.000488870831,1
"CRS3035RES20000mN4060000E4420000",400.000488865417,400.000488865417,1
"CRS3035RES20000mN4060000E4440000",400.000488859059,400.000488859059,1
"CRS3035RES20000mN4060000E4460000",400.000488851723,400.000488851723,1
"CRS3035RES20000mN4060000E4480000",400.000488843166,400.000488843166,1
"CRS3035RES20000mN4060000E4500000",400.000488833647,400.000488833647,1
"CRS3035RES20000mN4060000E4520000",400.000488822941,400.000488822941,1
"CRS3035RES20000mN4060000E4540000",400.000488811348,400.000488811348,1
"CRS3035RES20000mN4060000E4560000",400.000488798492,400.000488798492,1
"CRS3035RES20000mN4060000E4580000",400.000488784664,400.000488784664,1
"CRS3035RES20000mN4060000E4600000",400.000488769814,400.000488769814,1
"CRS3035RES20000mN4060000E4620000",400.000488753935,400.000488753935,1
"CRS3035RES20000mN4060000E4640000",400.000488736843,400.000488736843,1
"CRS3035RES20000mN4060000E4660000",400.000488718708,400.000488718708,1
"CRS3035RES20000mN4060000E4680000",400.000488699528,400.000488699528,1
"CRS3035RES20000mN4060000E4700000",400.000488679234,400.000488679234,1
"CRS3035RES20000mN4060000E4720000",400.000488658089,400.000488658089,1
"CRS3035RES20000mN4060000E4740000",400.000488635826,400.000488635826,1
"CRS3035RES20000mN4060000E4760000",400.000488612217,399.444208007007,0.998609300185757
"CRS3035RES20000mN4060000E4780000",400.000488587753,271.609776969064,0.679023613016107
"CRS3035RES20000mN4060000E4800000",400.000488562286,107.038876365309,0.267596864068934
"CRS3035RES20000mN4060000E4820000",400.000488535637,18.7591163024671,0.0468977334781325
"CRS3035RES20000mN4080000E3560000",400.000488059196,0.00619225839006901,1.54806270865165e-05
"CRS3035RES20000mN4080000E3580000",400.000488098526,57.3243515542905,0.143310704011368
"CRS3035RES20000mN4080000E3600000",400.000488136772,40.1829780326053,0.10045732248923
"CRS3035RES20000mN4080000E3660000",400.000488245125,2.49639126751572e-05,6.24097055098068e-08
"CRS3035RES20000mN4080000E4040000",400.000488711063,160.39666510971,0.400991172852219
"CRS3035RES20000mN4080000E4060000",400.000488724955,141.61111065115,0.354027344072881
"CRS3035RES20000mN4080000E4080000",400.00048873778,319.737436242173,0.799342613933096
"CRS3035RES20000mN4080000E4100000",400.000488749558,376.347571155851,0.940867778267852
"CRS3035RES20000mN4080000E4120000",400.000488760296,400.000488760296,1
"CRS3035RES20000mN4080000E4140000",400.00048877006,400.00048877006,1
"CRS3035RES20000mN4080000E4160000",400.000488778501,400.000488778501,1
"CRS3035RES20000mN4080000E4180000",400.000488785961,400.000488785961,1
"CRS3035RES20000mN4080000E4200000",400.000488792494,400.000488792494,1
"CRS3035RES20000mN4080000E4220000",400.000488797882,400.000488797882,1
"CRS3035RES20000mN4080000E4240000",400.000488802289,400.000488802289,1
"CRS3035RES20000mN4080000E4260000",400.000488805449,400.000488805449,1
"CRS3035RES20000mN4080000E4280000",400.000488807781,400.000488807781,1
"CRS3035RES20000mN4080000E4300000",400.000488808812,400.000488808812,1
"CRS3035RES20000mN4080000E4320000",400.000488808864,400.000488808864,1
"CRS3035RES20000mN4080000E4340000",400.000488807887,324.205635752428,0.810513098918082
"CRS3035RES20000mN4080000E4360000",400.000488805747,371.113521831018,0.927782670813794
"CRS3035RES20000mN4080000E4380000",400.000488802645,400.000488802645,1
"CRS3035RES20000mN4080000E4400000",400.000488798382,400.000488798382,1
"CRS3035RES20000mN4080000E4420000",400.00048879315,400.00048879315,1
"CRS3035RES20000mN4080000E4440000",400.000488786795,400.000488786795,1
"CRS3035RES20000mN4080000E4460000",400.000488779395,400.000488779395,1
"CRS3035RES20000mN4080000E4480000",400.000488770954,400.000488770954,1
"CRS3035RES20000mN4080000E4500000",400.00048876133,400.00048876133,1
"CRS3035RES20000mN4080000E4520000",400.000488750734,400.000488750734,1
"CRS3035RES20000mN4080000E4540000",400.000488738995,400.000488738995,1
"CRS3035RES20000mN4080000E4560000",400.000488726229,400.000488726229,1
"CRS3035RES20000mN4080000E4580000",400.000488712423,400.000488712423,1
"CRS3035RES20000mN4080000E4600000",400.000488697584,400.000488697584,1
"CRS3035RES20000mN4080000E4620000",400.000488681583,400.000488681583,1
"CRS3035RES20000mN4080000E4640000",400.000488664619,400.000488664619,1
"CRS3035RES20000mN4080000E4660000",400.000488646549,400.000488646549,1
"CRS3035RES20000mN4080000E4680000",400.000488627407,400.000488627407,1
"CRS3035RES20000mN4080000E4700000",400.000488607285,400.000488607285,1
"CRS3035RES20000mN4080000E4720000",400.000488585972,400.000488585972,1
"CRS3035RES20000mN4080000E4740000",400.000488563587,400.000488563587,1
"CRS3035RES20000mN4080000E4760000",400.000488540344,400.000488540344,1
"CRS3035RES20000mN4080000E4780000",400.000488515949,400.000488515949,1
"CRS3035RES20000mN4080000E4800000",400.000488490402,244.53581820032,0.61133879891796
"CRS3035RES20000mN4080000E4820000",400.000488463955,32.9878896442294,0.0824696234019776
"CRS3035RES20000mN4100000E3660000",400.00048817247,10.2767729157998,0.0256919009343025
"CRS3035RES20000mN4100000E4040000",400.000488637608,67.5399381721013,0.168849639164544
"CRS3035RES20000mN4100000E4060000",400.000488651524,190.661246981123,0.476652535160338
"CRS3035RES20000mN4100000E4080000",400.000488664415,163.003012735281,0.407507034002735
"CRS3035RES20000mN4100000E4100000",400.000488676165,364.130963869953,0.910326297537973
"CRS3035RES20000mN4100000E4120000",400.000488687004,395.604856346092,0.989010932573257
"CRS3035RES20000mN4100000E4140000",400.00048869648,400.00048869648,1
"CRS3035RES20000mN4100000E4160000",400.000488705067,400.000488705067,1
"CRS3035RES20000mN4100000E4180000",400.000488712749,400.000488712749,1
"CRS3035RES20000mN4100000E4200000",400.000488719102,400.000488719102,1
"CRS3035RES20000mN4100000E4220000",400.000488724433,400.000488724433,1
"CRS3035RES20000mN4100000E4240000",400.000488728767,400.000488728767,1
"CRS3035RES20000mN4100000E4260000",400.000488731976,400.000488731976,1
"CRS3035RES20000mN4100000E4280000",400.000488734146,400.000488734146,1
"CRS3035RES20000mN4100000E4300000",400.000488735369,400.000488735369,1
"CRS3035RES20000mN4100000E4320000",400.00048873543,400.00048873543,1
"CRS3035RES20000mN4100000E4340000",400.000488734396,400.000488734396,1
"CRS3035RES20000mN4100000E4360000",400.000488732337,400.000488732337,1
"CRS3035RES20000mN4100000E4380000",400.000488729144,400.000488729144,1
"CRS3035RES20000mN4100000E4400000",400.000488724968,400.000488724968,1
"CRS3035RES20000mN4100000E4420000",400.000488719736,400.000488719736,1
"CRS3035RES20000mN4100000E4440000",400.0004887133,400.0004887133,1
"CRS3035RES20000mN4100000E4460000",400.000488705935,400.000488705935,1
"CRS3035RES20000mN4100000E4480000",400.000488697456,400.000488697456,1
"CRS3035RES20000mN4100000E4500000",400.00048868788,400.00048868788,1
"CRS3035RES20000mN4100000E4520000",400.000488677282,400.000488677282,1
"CRS3035RES20000mN4100000E4540000",400.000488665669,400.000488665669,1
"CRS3035RES20000mN4100000E4560000",400.00048865299,400.00048865299,1
"CRS3035RES20000mN4100000E4580000",400.000488639194,400.000488639194,1
"CRS3035RES20000mN4100000E4600000",400.00048862427,400.00048862427,1
"CRS3035RES20000mN4100000E4620000",400.000488608395,400.000488608395,1
"CRS3035RES20000mN4100000E4640000",400.000488591427,400.000488591427,1
"CRS3035RES20000mN4100000E4660000",400.000488573395,400.000488573395,1
"CRS3035RES20000mN4100000E4680000",400.00048855434,400.00048855434,1
"CRS3035RES20000mN4100000E4700000",400.000488534233,400.000488534233,1
"CRS3035RES20000mN4100000E4720000",400.000488513012,400.000488513012,1
"CRS3035RES20000mN4100000E4740000",400.000488490631,400.000488490631,1
"CRS3035RES20000mN4100000E4760000",400.000488467243,400.000488467243,1
"CRS3035RES20000mN4100000E4780000",400.000488442936,400.000488442936,1
"CRS3035RES20000mN4100000E4800000",400.000488417507,379.841824024403,0.949603400553692
"CRS3035RES20000mN4100000E4820000",400.000488390965,130.449555531146,0.326123490638451
"CRS3035RES20000mN4120000E3680000",400.00048813295,14.9203021841385,0.0373007099410824
"CRS3035RES20000mN4120000E4040000",400.00048856345,68.755592601572,0.171888771557502
"CRS3035RES20000mN4120000E4060000",400.000488577251,215.789390354003,0.539472816949641
"CRS3035RES20000mN4120000E4080000",400.000488590004,283.137767923324,0.707843555195098
"CRS3035RES20000mN4120000E4100000",400.000488601767,300.603458695362,0.751507728768396
"CRS3035RES20000mN4120000E4120000",400.000488612366,362.115942357795,0.905288750056293
"CRS3035RES20000mN4120000E4140000",400.000488622087,400.000488622087,1
"CRS3035RES20000mN4120000E4160000",400.000488630634,400.000488630634,1
"CRS3035RES20000mN4120000E4180000",400.000488638072,400.000488638072,1
"CRS3035RES20000mN4120000E4200000",400.000488644604,400.000488644604,1
"CRS3035RES20000mN4120000E4220000",400.000488649947,400.000488649947,1
"CRS3035RES20000mN4120000E4240000",400.000488654233,400.000488654233,1
"CRS3035RES20000mN4120000E4260000",400.000488657498,400.000488657498,1
"CRS3035RES20000mN4120000E4280000",400.000488659666,400.000488659666,1
"CRS3035RES20000mN4120000E4300000",400.000488660841,400.000488660841,1
"CRS3035RES20000mN4120000E4320000",400.000488660825,400.000488660825,1
"CRS3035RES20000mN4120000E4340000",400.000488659753,400.000488659753,1
"CRS3035RES20000mN4120000E4360000",400.000488657817,400.000488657817,1
"CRS3035RES20000mN4120000E4380000",400.000488654658,400.000488654658,1
"CRS3035RES20000mN4120000E4400000",400.000488650374,400.000488650374,1
"CRS3035RES20000mN4120000E4420000",400.000488645144,400.000488645144,1
"CRS3035RES20000mN4120000E4440000",400.000488638874,400.000488638874,1
"CRS3035RES20000mN4120000E4460000",400.000488631432,400.000488631432,1
"CRS3035RES20000mN4120000E4480000",400.000488622927,400.000488622927,1
"CRS3035RES20000mN4120000E4500000",400.000488613489,400.000488613489,1
"CRS3035RES20000mN4120000E4520000",400.000488602928,400.000488602928,1
"CRS3035RES20000mN4120000E4540000",400.000488591251,400.000488591251,1
"CRS3035RES20000mN4120000E4560000",400.000488578503,400.000488578503,1
"CRS3035RES20000mN4120000E4580000",400.000488564726,400.000488564726,1
"CRS3035RES20000mN4120000E4600000",400.000488549919,400.000488549919,1
"CRS3035RES20000mN4120000E4620000",400.000488534019,400.000488534019,1
"CRS3035RES20000mN4120000E4640000",400.000488517052,400.000488517052,1
"CRS3035RES20000mN4120000E4660000",400.000488499119,400.000488499119,1
"CRS3035RES20000mN4120000E4680000",400.00048848008,400.00048848008,1
"CRS3035RES20000mN4120000E4700000",400.000488459824,400.000488459824,1
"CRS3035RES20000mN4120000E4720000",400.00048843877,400.00048843877,1
"CRS3035RES20000mN4120000E4740000",400.000488416466,400.000488416466,1
"CRS3035RES20000mN4120000E4760000",400.000488393276,400.000488393276,1
"CRS3035RES20000mN4120000E4780000",400.000488368774,397.433858340052,0.993583432762323
"CRS3035RES20000mN4120000E4800000",400.000488343452,310.707066435032,0.776766717765227
"CRS3035RES20000mN4120000E4820000",400.000488316948,15.9325342206411,0.0398312869258715
"CRS3035RES20000mN4140000E3680000",400.000488058159,127.633929917503,0.319084435464351
"CRS3035RES20000mN4140000E3700000",400.000488091003,0.453453086600497,0.00113363133321311
"CRS3035RES20000mN4140000E4040000",400.000488487852,186.732965923358,0.466831844704183
"CRS3035RES20000mN4140000E4060000",400.000488501661,354.699025307835,0.886746480326766
"CRS3035RES20000mN4140000E4080000",400.000488514504,380.282000137094,0.9507038392612
"CRS3035RES20000mN4140000E4100000",400.000488526186,308.287875134977,0.770718746546718
"CRS3035RES20000mN4140000E4120000",400.000488536957,291.65739104669,0.729142587083974
"CRS3035RES20000mN4140000E4140000",400.000488546545,349.981600430906,0.874952932439184
"CRS3035RES20000mN4140000E4160000",400.000488555132,397.769550492093,0.994422661654497
"CRS3035RES20000mN4140000E4180000",400.000488562606,400.000488562606,1
"CRS3035RES20000mN4140000E4200000",400.000488569012,400.000488569012,1
"CRS3035RES20000mN4140000E4220000",400.000488574353,400.000488574353,1
"CRS3035RES20000mN4140000E4240000",400.0004885786,400.0004885786,1
"CRS3035RES20000mN4140000E4260000",400.000488581848,400.000488581848,1
"CRS3035RES20000mN4140000E4280000",400.000488584035,400.000488584035,1
"CRS3035RES20000mN4140000E4300000",400.000488585103,400.000488585103,1
"CRS3035RES20000mN4140000E4320000",400.000488585227,400.000488585227,1
"CRS3035RES20000mN4140000E4340000",400.000488584309,400.000488584309,1
"CRS3035RES20000mN4140000E4360000",400.000488582079,400.000488582079,1
"CRS3035RES20000mN4140000E4380000",400.00048857909,400.00048857909,1
"CRS3035RES20000mN4140000E4400000",400.000488574961,400.000488574961,1
"CRS3035RES20000mN4140000E4420000",400.000488569642,400.000488569642,1
"CRS3035RES20000mN4140000E4440000",400.00048856325,400.00048856325,1
"CRS3035RES20000mN4140000E4460000",400.000488555888,400.000488555888,1
"CRS3035RES20000mN4140000E4480000",400.000488547455,400.000488547455,1
"CRS3035RES20000mN4140000E4500000",400.000488537903,400.000488537903,1
"CRS3035RES20000mN4140000E4520000",400.000488527372,400.000488527372,1
"CRS3035RES20000mN4140000E4540000",400.000488515758,400.000488515758,1
"CRS3035RES20000mN4140000E4560000",400.000488503107,400.000488503107,1
"CRS3035RES20000mN4140000E4580000",400.000488489424,400.000488489424,1
"CRS3035RES20000mN4140000E4600000",400.000488474541,400.000488474541,1
"CRS3035RES20000mN4140000E4620000",400.000488458794,400.000488458794,1
"CRS3035RES20000mN4140000E4640000",400.000488441807,400.000488441807,1
"CRS3035RES20000mN4140000E4660000",400.000488423794,400.000488423794,1
"CRS3035RES20000mN4140000E4680000",400.000488404686,400.000488404686,1
"CRS3035RES20000mN4140000E4700000",400.000488384644,400.000488384644,1
"CRS3035RES20000mN4140000E4720000",400.000488363487,400.000488363487,1
"CRS3035RES20000mN4140000E4740000",400.000488341427,400.000488341427,1
"CRS3035RES20000mN4140000E4760000",400.000488318089,400.000488318089,1
"CRS3035RES20000mN4140000E4780000",400.000488293861,242.678083230989,0.606694467464513
"CRS3035RES20000mN4140000E4800000",400.000488268497,66.1917332969636,0.165479131246792
"CRS3035RES20000mN4140000E5000000",400.000487957092,8.64915803601408,0.0216228687124548
"CRS3035RES20000mN4140000E5040000",400.000487882408,101.51385355079,0.253784324334707
"CRS3035RES20000mN4140000E5060000",400.000487843338,1.49929660786247,0.00374823694827512
"CRS3035RES20000mN4160000E3640000",400.000487913872,11.3895639729084,0.0284738752002744
"CRS3035RES20000mN4160000E3660000",400.000487948692,8.21231680005091,0.0205307669552251
"CRS3035RES20000mN4160000E3680000",400.000487982414,180.778478233038,0.451945644228777
"CRS3035RES20000mN4160000E3700000",400.00048801516,84.6753078265382,0.211688011298949
"CRS3035RES20000mN4160000E4020000",400.000488396423,13.8919291065036,0.0347297803615077
"CRS3035RES20000mN4160000E4040000",400.000488411386,83.0728087367663,0.207681768256565
"CRS3035RES20000mN4160000E4060000",400.000488425236,315.972559598077,0.789930434440295
"CRS3035RES20000mN4160000E4080000",400.000488438046,364.50095408793,0.911251272495348
"CRS3035RES20000mN4160000E4100000",400.000488449739,400.000488449739,1
"CRS3035RES20000mN4160000E4120000",400.000488460262,396.219761120319,0.990548193192223
"CRS3035RES20000mN4160000E4140000",400.000488469891,373.470990341511,0.933676335671835
"CRS3035RES20000mN4160000E4160000",400.00048847843,400.00048847843,1
"CRS3035RES20000mN4160000E4180000",400.00048848592,400.00048848592,1
"CRS3035RES20000mN4160000E4200000",400.0004884923,400.0004884923,1
"CRS3035RES20000mN4160000E4220000",400.000488497673,400.000488497673,1
"CRS3035RES20000mN4160000E4240000",400.00048850202,400.00048850202,1
"CRS3035RES20000mN4160000E4260000",400.000488505311,400.000488505311,1
"CRS3035RES20000mN4160000E4280000",400.000488507431,400.000488507431,1
"CRS3035RES20000mN4160000E4300000",400.000488508495,400.000488508495,1
"CRS3035RES20000mN4160000E4320000",400.000488508489,400.000488508489,1
"CRS3035RES20000mN4160000E4340000",400.000488507509,400.000488507509,1
"CRS3035RES20000mN4160000E4360000",400.000488505522,400.000488505522,1
"CRS3035RES20000mN4160000E4380000",400.000488502254,400.000488502254,1
"CRS3035RES20000mN4160000E4400000",400.000488498076,400.000488498076,1
"CRS3035RES20000mN4160000E4420000",400.000488492849,400.000488492849,1
"CRS3035RES20000mN4160000E4440000",400.000488486625,400.000488486625,1
"CRS3035RES20000mN4160000E4460000",400.000488479197,400.000488479197,1
"CRS3035RES20000mN4160000E4480000",400.000488470839,400.000488470839,1
"CRS3035RES20000mN4160000E4500000",400.000488461311,400.000488461311,1
"CRS3035RES20000mN4160000E4520000",400.000488450733,400.000488450733,1
"CRS3035RES20000mN4160000E4540000",400.000488439205,400.000488439205,1
"CRS3035RES20000mN4160000E4560000",400.000488426538,400.000488426538,1
"CRS3035RES20000mN4160000E4580000",400.000488412861,400.000488412861,1
"CRS3035RES20000mN4160000E4600000",400.000488398123,400.000488398123,1
"CRS3035RES20000mN4160000E4620000",400.000488382229,400.000488382229,1
"CRS3035RES20000mN4160000E4640000",400.000488365376,400.000488365376,1
"CRS3035RES20000mN4160000E4660000",400.00048834742,400.00048834742,1
"CRS3035RES20000mN4160000E4680000",400.00048832843,400.00048832843,1
"CRS3035RES20000mN4160000E4700000",400.000488308384,400.000488308384,1
"CRS3035RES20000mN4160000E4720000",400.000488287209,400.000488287209,1
"CRS3035RES20000mN4160000E4740000",400.000488265026,393.764876084512,0.984410988577637
"CRS3035RES20000mN4160000E4760000",400.000488241814,248.840046046432,0.622099355778785
"CRS3035RES20000mN4160000E4780000",400.000488217545,109.544341292675,0.273860518972912
"CRS3035RES20000mN4160000E4940000",400.000487985817,28.4962636299067,0.0712405721637946
"CRS3035RES20000mN4160000E4960000",400.000487952103,106.599937010738,0.266499517429345
"CRS3035RES20000mN4160000E4980000",400.000487917328,40.6088315491629,0.101521955037105
"CRS3035RES20000mN4160000E5000000",400.000487881607,182.599775789958,0.456498882681373
"CRS3035RES20000mN4160000E5020000",400.000487844803,206.828375636613,0.517070308466375
"CRS3035RES20000mN4160000E5040000",400.000487806877,209.774605667462,0.524435874610089
"CRS3035RES20000mN4160000E5060000",400.000487768021,235.67671824843,0.589191077149662
"CRS3035RES20000mN4160000E5080000",400.000487728195,138.643976959691,0.346609519771139
"CRS3035RES20000mN4160000E5100000",400.000487687241,0.0577090208023787,0.000144272376106454
"CRS3035RES20000mN4180000E3660000",400.000487871826,26.1914762220469,0.0654786106921937
"CRS3035RES20000mN4180000E3680000",400.000487905724,169.561906555448,0.423904249325346
"CRS3035RES20000mN4180000E3700000",400.000487938354,188.264737749073,0.470661270238469
"CRS3035RES20000mN4180000E3720000",400.000487970055,0.199054894922256,0.000497636630226207
"CRS3035RES20000mN4180000E4020000",400.000488318867,8.57146638178638,0.0214286397944432
"CRS3035RES20000mN4180000E4040000",400.000488333771,107.514103099905,0.268784929607867
"CRS3035RES20000mN4180000E4060000",400.000488347559,297.761626844093,0.74440315829157
"CRS3035RES20000mN4180000E4080000",400.00048836031,369.001077592097,0.922501567697363
"CRS3035RES20000mN4180000E4100000",400.000488371986,400.000488371986,1
"CRS3035RES20000mN4180000E4120000",400.000488382679,400.000488382679,1
"CRS3035RES20000mN4180000E4140000",400.000488392242,400.000488392242,1
"CRS3035RES20000mN4180000E4160000",400.000488400768,399.474777520074,0.998685724402998
"CRS3035RES20000mN4180000E4180000",400.000488408174,400.000488408174,1
"CRS3035RES20000mN4180000E4200000",400.000488414578,400.000488414578,1
"CRS3035RES20000mN4180000E4220000",400.000488419976,400.000488419976,1
"CRS3035RES20000mN4180000E4240000",400.000488424282,400.000488424282,1
"CRS3035RES20000mN4180000E4260000",400.000488427399,400.000488427399,1
"CRS3035RES20000mN4180000E4280000",400.000488429651,400.000488429651,1
"CRS3035RES20000mN4180000E4300000",400.000488430775,400.000488430775,1
"CRS3035RES20000mN4180000E4320000",400.000488430792,400.000488430792,1
"CRS3035RES20000mN4180000E4340000",400.00048842987,400.00048842987,1
"CRS3035RES20000mN4180000E4360000",400.000488427742,400.000488427742,1
"CRS3035RES20000mN4180000E4380000",400.000488424589,400.000488424589,1
"CRS3035RES20000mN4180000E4400000",400.000488420397,400.000488420397,1
"CRS3035RES20000mN4180000E4420000",400.000488415091,400.000488415091,1
"CRS3035RES20000mN4180000E4440000",400.000488408846,400.000488408846,1
"CRS3035RES20000mN4180000E4460000",400.000488401558,400.000488401558,1
"CRS3035RES20000mN4180000E4480000",400.000488393086,400.000488393086,1
"CRS3035RES20000mN4180000E4500000",400.000488383717,400.000488383717,1
"CRS3035RES20000mN4180000E4520000",400.000488373255,400.000488373255,1
"CRS3035RES20000mN4180000E4540000",400.000488361549,400.000488361549,1
"CRS3035RES20000mN4180000E4560000",400.000488348877,400.000488348877,1
"CRS3035RES20000mN4180000E4580000",400.000488335159,400.000488335159,1
"CRS3035RES20000mN4180000E4600000",400.000488320385,400.000488320385,1
"CRS3035RES20000mN4180000E4620000",400.000488304607,400.000488304607,1
"CRS3035RES20000mN4180000E4640000",400.000488287827,400.000488287827,1
"CRS3035RES20000mN4180000E4660000",400.00048826981,400.00048826981,1
"CRS3035RES20000mN4180000E4680000",400.000488250877,400.000488250877,1
"CRS3035RES20000mN4180000E4700000",400.000488230896,385.192107392562,0.96297909309104
"CRS3035RES20000mN4180000E4720000",400.000488209877,249.451815779076,0.623628778293367
"CRS3035RES20000mN4180000E4740000",400.000488187813,125.405193097213,0.313512600110456
"CRS3035RES20000mN4180000E4760000",400.000488164654,2.5069536042974,0.00626737636196447
"CRS3035RES20000mN4180000E4780000",400.000488140362,8.09540849429441,0.0202384965376685
"CRS3035RES20000mN4180000E4940000",400.000487908981,8.25971609305403,0.0206492650452304
"CRS3035RES20000mN4180000E4960000",400.000487875366,72.4852222440199,0.181212834586855
"CRS3035RES20000mN4180000E4980000",400.000487840729,120.572416127375,0.301430672693041
"CRS3035RES20000mN4180000E5000000",400.000487804863,199.868951199289,0.499671768642425
"CRS3035RES20000mN4180000E5020000",400.000487768265,302.996215631159,0.757489615379408
"CRS3035RES20000mN4180000E5040000",400.000487730515,398.685800640676,0.996713286282981
"CRS3035RES20000mN4180000E5060000",400.000487691772,400.107646271023,1.0002678961215
"CRS3035RES20000mN4180000E5080000",400.000487651756,398.315757502396,0.995788179761352
"CRS3035RES20000mN4180000E5100000",400.000487610939,324.535839777851,0.811338610400673
"CRS3035RES20000mN4180000E5120000",400.000487569015,128.627481845665,0.321568312647299
"CRS3035RES20000mN4200000E3680000",400.000487827827,150.345748369695,0.375863912532048
"CRS3035RES20000mN4200000E3700000",400.000487860489,167.319099768491,0.418297239244488
"CRS3035RES20000mN4200000E3720000",400.00048789196,45.2478058630844,0.113119376682625
"CRS3035RES20000mN4200000E4020000",400.000488240337,6.95917594589472,0.0173979186288226
"CRS3035RES20000mN4200000E4040000",400.000488255198,185.263212374649,0.463157465589023
"CRS3035RES20000mN4200000E4060000",400.000488269127,363.942281722459,0.909854593671377
"CRS3035RES20000mN4200000E4080000",400.000488281578,400.000488281578,1
"CRS3035RES20000mN4200000E4100000",400.000488293377,400.000488293377,1
"CRS3035RES20000mN4200000E4120000",400.000488303984,396.130226519295,0.990324357349917
"CRS3035RES20000mN4200000E4140000",400.000488313444,374.937253030725,0.937341988285076
"CRS3035RES20000mN4200000E4160000",400.000488321869,364.766049856497,0.911914011372356
"CRS3035RES20000mN4200000E4180000",400.000488329411,400.000488329411,1
"CRS3035RES20000mN4200000E4200000",400.00048833587,400.00048833587,1
"CRS3035RES20000mN4200000E4220000",400.000488341166,400.000488341166,1
"CRS3035RES20000mN4200000E4240000",400.000488345466,400.000488345466,1
"CRS3035RES20000mN4200000E4260000",400.000488348641,400.000488348641,1
"CRS3035RES20000mN4200000E4280000",400.000488350728,400.000488350728,1
"CRS3035RES20000mN4200000E4300000",400.000488351883,400.000488351883,1
"CRS3035RES20000mN4200000E4320000",400.000488351993,400.000488351993,1
"CRS3035RES20000mN4200000E4340000",400.000488350759,400.000488350759,1
"CRS3035RES20000mN4200000E4360000",400.000488348803,400.000488348803,1
"CRS3035RES20000mN4200000E4380000",400.000488345751,400.000488345751,1
"CRS3035RES20000mN4200000E4400000",400.000488341571,400.000488341571,1
"CRS3035RES20000mN4200000E4420000",400.000488336441,400.000488336441,1
"CRS3035RES20000mN4200000E4440000",400.00048833007,400.00048833007,1
"CRS3035RES20000mN4200000E4460000",400.000488322752,400.000488322752,1
"CRS3035RES20000mN4200000E4480000",400.000488314352,400.000488314352,1
"CRS3035RES20000mN4200000E4500000",400.000488304861,400.000488304861,1
"CRS3035RES20000mN4200000E4520000",400.000488294353,400.000488294353,1
"CRS3035RES20000mN4200000E4540000",400.000488282852,400.000488282852,1
"CRS3035RES20000mN4200000E4560000",400.000488270159,400.000488270159,1
"CRS3035RES20000mN4200000E4580000",400.000488256586,400.000488256586,1
"CRS3035RES20000mN4200000E4600000",400.000488241909,400.000488241909,1
"CRS3035RES20000mN4200000E4620000",400.000488226082,400.000488226082,1
"CRS3035RES20000mN4200000E4640000",400.00048820924,400.00048820924,1
"CRS3035RES20000mN4200000E4660000",400.000488191521,400.000488191521,1
"CRS3035RES20000mN4200000E4680000",400.000488172501,400.000488172501,1
"CRS3035RES20000mN4200000E4700000",400.000488152535,350.78801607668,0.876968969955137
"CRS3035RES20000mN4200000E4720000",400.000488131481,2.33040087691009,0.0058259950826462
"CRS3035RES20000mN4200000E4920000",400.000487863579,33.8087283004468,0.0845217176634479
"CRS3035RES20000mN4200000E4940000",400.0004878311,163.462279196874,0.408655199605397
"CRS3035RES20000mN4200000E4960000",400.000487797539,175.736707408018,0.439341232746115
"CRS3035RES20000mN4200000E4980000",400.000487762932,310.872018086047,0.777179097517229
"CRS3035RES20000mN4200000E5000000",400.000487727325,352.697713522216,0.881743208679899
"CRS3035RES20000mN4200000E5020000",400.000487690651,388.992442832201,0.972479921407087
"CRS3035RES20000mN4200000E5040000",400.000487652916,399.182350143385,0.997954658719715
"CRS3035RES20000mN4200000E5060000",400.000487614227,400.000487614227,1
"CRS3035RES20000mN4200000E5080000",400.000487574486,400.000487574486,1
"CRS3035RES20000mN4200000E5100000",400.000487533737,400.000487533737,1
"CRS3035RES20000mN4200000E5120000",400.000487491844,384.038336996481,0.960094672395396
"CRS3035RES20000mN4200000E5140000",400.000487449059,241.699476974586,0.604247956086222
"CRS3035RES20000mN4200000E5160000",400.000487405197,6.59428246837825,0.0164856860829229
"CRS3035RES20000mN4200000E5180000",400.000487360275,2.7316409712956,0.00682909410766603
"CRS3035RES20000mN4220000E3700000",400.000487781441,43.9783907542398,0.109945842811745
"CRS3035RES20000mN4220000E3720000",400.000487812996,132.503590123181,0.331258571327363
"CRS3035RES20000mN4220000E4020000",400.000488160702,36.617916307521,0.0915446790475156
"CRS3035RES20000mN4220000E4040000",400.000488175428,178.16416329961,0.445409864653647
"CRS3035RES20000mN4220000E4060000",400.000488189089,263.561827541545,0.658903764679792
"CRS3035RES20000mN4220000E4080000",400.000488201958,273.741642219126,0.6843532702913
"CRS3035RES20000mN4220000E4100000",400.000488213446,293.018712833005,0.732545887985633
"CRS3035RES20000mN4220000E4120000",400.000488224056,264.799574623665,0.661998128550635
"CRS3035RES20000mN4220000E4140000",400.000488233788,293.374049554861,0.733434228668723
"CRS3035RES20000mN4220000E4160000",400.000488242231,296.063858936524,0.740158743899418
"CRS3035RES20000mN4220000E4180000",400.000488249583,372.399680887698,0.930998065820701
"CRS3035RES20000mN4220000E4200000",400.000488255883,400.000488255883,1
"CRS3035RES20000mN4220000E4220000",400.000488261302,400.000488261302,1
"CRS3035RES20000mN4220000E4240000",400.000488265422,400.000488265422,1
"CRS3035RES20000mN4220000E4260000",400.00048826881,400.00048826881,1
"CRS3035RES20000mN4220000E4280000",400.000488270962,400.000488270962,1
"CRS3035RES20000mN4220000E4300000",400.000488272055,400.000488272055,1
"CRS3035RES20000mN4220000E4320000",400.000488272173,400.000488272173,1
"CRS3035RES20000mN4220000E4340000",400.000488271157,400.000488271157,1
"CRS3035RES20000mN4220000E4360000",400.000488269099,400.000488269099,1
"CRS3035RES20000mN4220000E4380000",400.000488266049,400.000488266049,1
"CRS3035RES20000mN4220000E4400000",400.00048826173,400.00048826173,1
"CRS3035RES20000mN4220000E4420000",400.000488256479,400.000488256479,1
"CRS3035RES20000mN4220000E4440000",400.000488250233,400.000488250233,1
"CRS3035RES20000mN4220000E4460000",400.00048824292,400.00048824292,1
"CRS3035RES20000mN4220000E4480000",400.000488234592,400.000488234592,1
"CRS3035RES20000mN4220000E4500000",400.000488225182,400.000488225182,1
"CRS3035RES20000mN4220000E4520000",400.000488214577,400.000488214577,1
"CRS3035RES20000mN4220000E4540000",400.000488203095,400.000488203095,1
"CRS3035RES20000mN4220000E4560000",400.000488190588,400.000488190588,1
"CRS3035RES20000mN4220000E4580000",400.000488176844,400.000488176844,1
"CRS3035RES20000mN4220000E4600000",400.000488162239,400.000488162239,1
"CRS3035RES20000mN4220000E4620000",400.000488146408,400.000488146408,1
"CRS3035RES20000mN4220000E4640000",400.0004881297,400.0004881297,1
"CRS3035RES20000mN4220000E4660000",400.000488111778,400.000488111778,1
"CRS3035RES20000mN4220000E4680000",400.000488092983,400.000488092983,1
"CRS3035RES20000mN4220000E4700000",400.000488072952,204.329682022673,0.510823581758749
"CRS3035RES20000mN4220000E4920000",400.000487784767,3.28700612412399,0.00821750528937522
"CRS3035RES20000mN4220000E4940000",400.000487752243,356.16531949467,0.890412212985291
"CRS3035RES20000mN4220000E4960000",400.000487718773,392.80111210103,0.982001582901057
"CRS3035RES20000mN4220000E4980000",400.000487684273,400.000487684273,1
"CRS3035RES20000mN4220000E5000000",400.000487648712,400.000487648712,1
"CRS3035RES20000mN4220000E5020000",400.000487612015,400.000487612015,1
"CRS3035RES20000mN4220000E5040000",400.000487574478,400.000487574478,1
"CRS3035RES20000mN4220000E5060000",400.000487535751,400.000487535751,1
"CRS3035RES20000mN4220000E5080000",400.000487496048,400.000487496048,1
"CRS3035RES20000mN4220000E5100000",400.000487455246,400.000487455246,1
"CRS3035RES20000mN4220000E5120000",400.000487413681,400.000487413681,1
"CRS3035RES20000mN4220000E5140000",400.000487370682,400.000487370682,1
"CRS3035RES20000mN4220000E5160000",400.000487326897,334.798525777384,0.83699529471766
"CRS3035RES20000mN4220000E5180000",400.000487282112,195.706761147244,0.489266306841311
"CRS3035RES20000mN4220000E5200000",400.000487236412,20.1608026172643,0.0504019451490034
"CRS3035RES20000mN4240000E4040000",400.00048809466,101.741816571509,0.254354231056418
"CRS3035RES20000mN4240000E4060000",400.000488108404,342.2992589237,0.855747103065868
"CRS3035RES20000mN4240000E4080000",400.000488121124,393.527462199192,0.983817454942775
"CRS3035RES20000mN4240000E4100000",400.000488132795,400.000488132795,1
"CRS3035RES20000mN4240000E4120000",400.000488143322,371.62297199732,0.929056296211734
"CRS3035RES20000mN4240000E4140000",400.000488152651,385.279218629748,0.963196871106605
"CRS3035RES20000mN4240000E4160000",400.000488161221,340.543693199322,0.851358193998166
"CRS3035RES20000mN4240000E4180000",400.000488168747,389.668917502785,0.974171104857245
"CRS3035RES20000mN4240000E4200000",400.000488174932,400.000488174932,1
"CRS3035RES20000mN4240000E4220000",400.000488180316,400.000488180316,1
"CRS3035RES20000mN4240000E4240000",400.000488184576,400.000488184576,1
"CRS3035RES20000mN4240000E4260000",400.000488187707,400.000488187707,1
"CRS3035RES20000mN4240000E4280000",400.000488189978,400.000488189978,1
"CRS3035RES20000mN4240000E4300000",400.000488191002,400.000488191002,1
"CRS3035RES20000mN4240000E4320000",400.000488191014,400.000488191014,1
"CRS3035RES20000mN4240000E4340000",400.00048819009,400.00048819009,1
"CRS3035RES20000mN4240000E4360000",400.000488188088,400.000488188088,1
"CRS3035RES20000mN4240000E4380000",400.000488184856,400.000488184856,1
"CRS3035RES20000mN4240000E4400000",400.000488180888,400.000488180888,1
"CRS3035RES20000mN4240000E4420000",400.000488175677,400.000488175677,1
"CRS3035RES20000mN4240000E4440000",400.00048816937,400.00048816937,1
"CRS3035RES20000mN4240000E4460000",400.000488162077,400.000488162077,1
"CRS3035RES20000mN4240000E4480000",400.000488153673,400.000488153673,1
"CRS3035RES20000mN4240000E4500000",400.000488144278,400.000488144278,1
"CRS3035RES20000mN4240000E4520000",400.000488133852,400.000488133852,1
"CRS3035RES20000mN4240000E4540000",400.000488122356,400.000488122356,1
"CRS3035RES20000mN4240000E4560000",400.000488109673,400.000488109673,1
"CRS3035RES20000mN4240000E4580000",400.000488096079,400.000488096079,1
"CRS3035RES20000mN4240000E4600000",400.000488081341,400.000488081341,1
"CRS3035RES20000mN4240000E4620000",400.000488065796,400.000488065796,1
"CRS3035RES20000mN4240000E4640000",400.000488048992,400.000488048992,1
"CRS3035RES20000mN4240000E4660000",400.00048803122,400.00048803122,1
"CRS3035RES20000mN4240000E4680000",400.000488012344,400.000488012344,1
"CRS3035RES20000mN4240000E4700000",400.000487992477,161.768294551165,0.404420242992822
"CRS3035RES20000mN4240000E4920000",400.000487704681,102.37198686341,0.255929655113297
"CRS3035RES20000mN4240000E4940000",400.000487672234,399.611054799642,0.999026419005492
"CRS3035RES20000mN4240000E4960000",400.000487638901,400.000487638901,1
"CRS3035RES20000mN4240000E4980000",400.000487604431,400.000487604431,1
"CRS3035RES20000mN4240000E5000000",400.000487569008,400.000487569008,1
"CRS3035RES20000mN4240000E5020000",400.000487532463,400.000487532463,1
"CRS3035RES20000mN4240000E5040000",400.000487494804,400.000487494804,1
"CRS3035RES20000mN4240000E5060000",400.000487456215,400.000487456215,1
"CRS3035RES20000mN4240000E5080000",400.000487416687,400.000487416687,1
"CRS3035RES20000mN4240000E5100000",400.000487376076,400.000487376076,1
"CRS3035RES20000mN4240000E5120000",400.000487334396,400.000487334396,1
"CRS3035RES20000mN4240000E5140000",400.000487291725,400.000487291725,1
"CRS3035RES20000mN4240000E5160000",400.000487247925,400.000487247925,1
"CRS3035RES20000mN4240000E5180000",400.000487203285,370.361759194777,0.925903270229154
"CRS3035RES20000mN4240000E5200000",400.00048715744,236.994981064907,0.59248673107647
"CRS3035RES20000mN4240000E5220000",400.000487110809,86.5712716279993,0.216427915509055
"CRS3035RES20000mN4260000E4040000",400.000488012981,54.3516753448601,0.135879022585333
"CRS3035RES20000mN4260000E4060000",400.000488026617,312.872933353897,0.782181379071411
"CRS3035RES20000mN4260000E4080000",400.000488039135,364.58745400666,0.911467522937097
"CRS3035RES20000mN4260000E4100000",400.000488050735,400.000488050735,1
"CRS3035RES20000mN4260000E4120000",400.000488061316,400.000488061316,1
"CRS3035RES20000mN4260000E4140000",400.000488070963,400.000488070963,1
"CRS3035RES20000mN4260000E4160000",400.000488079359,400.000488079359,1
"CRS3035RES20000mN4260000E4180000",400.000488086679,386.364252859347,0.965909453529526
"CRS3035RES20000mN4260000E4200000",400.000488093115,400.000488093115,1
"CRS3035RES20000mN4260000E4220000",400.00048809829,400.00048809829,1
"CRS3035RES20000mN4260000E4240000",400.00048810265,400.00048810265,1
"CRS3035RES20000mN4260000E4260000",400.000488105951,400.000488105951,1
"CRS3035RES20000mN4260000E4280000",400.000488107993,400.000488107993,1
"CRS3035RES20000mN4260000E4300000",400.000488109104,400.000488109104,1
"CRS3035RES20000mN4260000E4320000",400.000488109135,400.000488109135,1
"CRS3035RES20000mN4260000E4340000",400.000488108175,400.000488108175,1
"CRS3035RES20000mN4260000E4360000",400.000488106021,400.000488106021,1
"CRS3035RES20000mN4260000E4380000",400.000488103011,400.000488103011,1
"CRS3035RES20000mN4260000E4400000",400.000488098861,400.000488098861,1
"CRS3035RES20000mN4260000E4420000",400.000488093702,400.000488093702,1
"CRS3035RES20000mN4260000E4440000",400.000488087476,400.000488087476,1
"CRS3035RES20000mN4260000E4460000",400.000488080074,400.000488080074,1
"CRS3035RES20000mN4260000E4480000",400.000488071806,400.000488071806,1
"CRS3035RES20000mN4260000E4500000",400.000488062294,400.000488062294,1
"CRS3035RES20000mN4260000E4520000",400.000488051909,400.000488051909,1
"CRS3035RES20000mN4260000E4540000",400.000488040354,400.000488040354,1
"CRS3035RES20000mN4260000E4560000",400.000488027933,400.000488027933,1
"CRS3035RES20000mN4260000E4580000",400.000488014387,400.000488014387,1
"CRS3035RES20000mN4260000E4600000",400.000487999733,400.000487999733,1
"CRS3035RES20000mN4260000E4620000",400.000487983944,400.000487983944,1
"CRS3035RES20000mN4260000E4640000",400.000487967243,400.000487967243,1
"CRS3035RES20000mN4260000E4660000",400.000487949516,400.000487949516,1
"CRS3035RES20000mN4260000E4680000",400.000487930592,400.000487930592,1
"CRS3035RES20000mN4260000E4700000",400.000487910778,97.6266430632086,0.244066309951564
"CRS3035RES20000mN4260000E4920000",400.00048762355,87.642292753425,0.219105464781101
"CRS3035RES20000mN4260000E4940000",400.000487591461,400.000487591461,1
"CRS3035RES20000mN4260000E4960000",400.000487557968,400.000487557968,1
"CRS3035RES20000mN4260000E4980000",400.000487523582,400.000487523582,1
"CRS3035RES20000mN4260000E5000000",400.000487488029,400.000487488029,1
"CRS3035RES20000mN4260000E5020000",400.000487451668,400.000487451668,1
"CRS3035RES20000mN4260000E5040000",400.000487414276,400.000487414276,1
"CRS3035RES20000mN4260000E5060000",400.00048737571,400.00048737571,1
"CRS3035RES20000mN4260000E5080000",400.000487336197,400.000487336197,1
"CRS3035RES20000mN4260000E5100000",400.000487295609,400.000487295609,1
"CRS3035RES20000mN4260000E5120000",400.000487254036,400.000487254036,1
"CRS3035RES20000mN4260000E5140000",400.000487211411,400.000487211411,1
"CRS3035RES20000mN4260000E5160000",400.000487167908,400.000487167908,1
"CRS3035RES20000mN4260000E5180000",400.000487123199,400.000487123199,1
"CRS3035RES20000mN4260000E5200000",400.000487077492,394.690080131345,0.986723998800737
"CRS3035RES20000mN4260000E5220000",400.000487030792,326.858647345487,0.817145623426017
"CRS3035RES20000mN4260000E5240000",400.000486983215,204.092429369686,0.510230452240048
"CRS3035RES20000mN4260000E5260000",400.000486934593,149.906486554906,0.374765760171233
"CRS3035RES20000mN4260000E5280000",400.000486884811,24.7261398443149,0.0618152743684917
"CRS3035RES20000mN4280000E4040000",400.000487930054,81.4329342492311,0.203582087288531
"CRS3035RES20000mN4280000E4060000",400.000487943607,298.261312725296,0.74565237222247
"CRS3035RES20000mN4280000E4080000",400.000487956457,400.000487956457,1
"CRS3035RES20000mN4280000E4100000",400.000487967947,399.789120831944,0.999471582804619
"CRS3035RES20000mN4280000E4120000",400.000487978462,400.000487978462,1
"CRS3035RES20000mN4280000E4140000",400.000487987839,400.000487987839,1
"CRS3035RES20000mN4280000E4160000",400.0004879963,400.0004879963,1
"CRS3035RES20000mN4280000E4180000",400.000488003654,400.000488003654,1
"CRS3035RES20000mN4280000E4200000",400.000488010037,400.000488010037,1
"CRS3035RES20000mN4280000E4220000",400.000488015426,400.000488015426,1
"CRS3035RES20000mN4280000E4240000",400.000488019586,400.000488019586,1
"CRS3035RES20000mN4280000E4260000",400.000488022779,400.000488022779,1
"CRS3035RES20000mN4280000E4280000",400.000488024923,400.000488024923,1
"CRS3035RES20000mN4280000E4300000",400.000488026075,400.000488026075,1
"CRS3035RES20000mN4280000E4320000",400.000488026118,400.000488026118,1
"CRS3035RES20000mN4280000E4340000",400.000488025088,400.000488025088,1
"CRS3035RES20000mN4280000E4360000",400.000488023036,400.000488023036,1
"CRS3035RES20000mN4280000E4380000",400.000488019852,400.000488019852,1
"CRS3035RES20000mN4280000E4400000",400.000488015703,400.000488015703,1
"CRS3035RES20000mN4280000E4420000",400.000488010571,400.000488010571,1
"CRS3035RES20000mN4280000E4440000",400.000488004408,400.000488004408,1
"CRS3035RES20000mN4280000E4460000",400.000487997152,400.000487997152,1
"CRS3035RES20000mN4280000E4480000",400.000487988754,400.000487988754,1
"CRS3035RES20000mN4280000E4500000",400.000487979477,400.000487979477,1
"CRS3035RES20000mN4280000E4520000",400.000487968966,400.000487968966,1
"CRS3035RES20000mN4280000E4540000",400.000487957539,400.000487957539,1
"CRS3035RES20000mN4280000E4560000",400.000487945024,400.000487945024,1
"CRS3035RES20000mN4280000E4580000",400.000487931347,400.000487931347,1
"CRS3035RES20000mN4280000E4600000",400.000487916821,400.000487916821,1
"CRS3035RES20000mN4280000E4620000",400.000487901264,400.000487901264,1
"CRS3035RES20000mN4280000E4640000",400.000487884422,400.000487884422,1
"CRS3035RES20000mN4280000E4660000",400.000487866695,400.000487866695,1
"CRS3035RES20000mN4280000E4680000",400.000487848045,390.731174457786,0.976826744786919
"CRS3035RES20000mN4280000E4700000",400.000487828182,43.0236104652199,0.107558894987399
"CRS3035RES20000mN4280000E4920000",400.000487541611,46.0417333117776,0.115104192984235
"CRS3035RES20000mN4280000E4940000",400.000487509338,398.277708411798,0.995693057505335
"CRS3035RES20000mN4280000E4960000",400.000487475975,400.000487475975,1
"CRS3035RES20000mN4280000E4980000",400.000487441727,400.000487441727,1
"CRS3035RES20000mN4280000E5000000",400.000487406357,400.000487406357,1
"CRS3035RES20000mN4280000E5020000",400.000487370132,400.000487370132,1
"CRS3035RES20000mN4280000E5040000",400.000487332588,400.000487332588,1
"CRS3035RES20000mN4280000E5060000",400.000487294151,400.000487294151,1
"CRS3035RES20000mN4280000E5080000",400.000487254631,400.000487254631,1
"CRS3035RES20000mN4280000E5100000",400.000487214241,400.000487214241,1
"CRS3035RES20000mN4280000E5120000",400.000487172859,400.000487172859,1
"CRS3035RES20000mN4280000E5140000",400.00048713028,400.00048713028,1
"CRS3035RES20000mN4280000E5160000",400.000487086647,400.000487086647,1
"CRS3035RES20000mN4280000E5180000",400.000487042175,400.000487042175,1
"CRS3035RES20000mN4280000E5200000",400.000486996605,400.000486996605,1
"CRS3035RES20000mN4280000E5220000",400.000486950066,400.000486950066,1
"CRS3035RES20000mN4280000E5240000",400.000486902428,400.000486902428,1
"CRS3035RES20000mN4280000E5260000",400.000486853851,400.000486853851,1
"CRS3035RES20000mN4280000E5280000",400.000486804176,343.572493338381,0.858930188018946
"CRS3035RES20000mN4300000E4040000",400.000487846043,133.231939965949,0.333079443686152
"CRS3035RES20000mN4300000E4060000",400.000487859713,269.475118981341,0.673686975791516
"CRS3035RES20000mN4300000E4080000",400.00048787225,327.218249957751,0.818044627141196
"CRS3035RES20000mN4300000E4100000",400.000487883839,291.513781253856,0.728783564230333
"CRS3035RES20000mN4300000E4120000",400.000487894409,347.331505107091,0.868327703637149
"CRS3035RES20000mN4300000E4140000",400.000487903847,374.386550643646,0.935965234956519
"CRS3035RES20000mN4300000E4160000",400.000487912329,400.000487912329,1
"CRS3035RES20000mN4300000E4180000",400.000487919635,400.000487919635,1
"CRS3035RES20000mN4300000E4200000",400.000487926097,400.000487926097,1
"CRS3035RES20000mN4300000E4220000",400.000487931147,400.000487931147,1
"CRS3035RES20000mN4300000E4240000",400.000487935427,400.000487935427,1
"CRS3035RES20000mN4300000E4260000",400.000487938577,400.000487938577,1
"CRS3035RES20000mN4300000E4280000",400.00048794084,400.00048794084,1
"CRS3035RES20000mN4300000E4300000",400.000487941878,400.000487941878,1
"CRS3035RES20000mN4300000E4320000",400.00048794192,400.00048794192,1
"CRS3035RES20000mN4300000E4340000",400.000487940896,400.000487940896,1
"CRS3035RES20000mN4300000E4360000",400.000487938976,400.000487938976,1
"CRS3035RES20000mN4300000E4380000",400.000487935925,400.000487935925,1
"CRS3035RES20000mN4300000E4400000",400.000487931788,400.000487931788,1
"CRS3035RES20000mN4300000E4420000",400.000487926552,400.000487926552,1
"CRS3035RES20000mN4300000E4440000",400.000487920196,400.000487920196,1
"CRS3035RES20000mN4300000E4460000",400.000487912952,400.000487912952,1
"CRS3035RES20000mN4300000E4480000",400.000487904709,400.000487904709,1
"CRS3035RES20000mN4300000E4500000",400.000487895323,400.000487895323,1
"CRS3035RES20000mN4300000E4520000",400.000487885019,400.000487885019,1
"CRS3035RES20000mN4300000E4540000",400.000487873499,400.000487873499,1
"CRS3035RES20000mN4300000E4560000",400.000487861046,400.000487861046,1
"CRS3035RES20000mN4300000E4580000",400.000487847603,400.000487847603,1
"CRS3035RES20000mN4300000E4600000",400.000487832932,400.000487832932,1
"CRS3035RES20000mN4300000E4620000",400.000487817268,400.000487817268,1
"CRS3035RES20000mN4300000E4640000",400.000487800713,400.000487800713,1
"CRS3035RES20000mN4300000E4660000",400.000487783012,400.000487783012,1
"CRS3035RES20000mN4300000E4680000",400.000487764214,397.399766235679,0.993498204107022
"CRS3035RES20000mN4300000E4700000",400.000487744389,214.07231659879,0.535180138919201
"CRS3035RES20000mN4300000E4920000",400.000487458466,97.2543627402406,0.243135610554322
"CRS3035RES20000mN4300000E4940000",400.000487426178,400.000487426178,1
"CRS3035RES20000mN4300000E4960000",400.000487393043,400.000487393043,1
"CRS3035RES20000mN4300000E4980000",400.000487358864,400.000487358864,1
"CRS3035RES20000mN4300000E5000000",400.000487323517,400.000487323517,1
"CRS3035RES20000mN4300000E5020000",400.000487287178,400.000487287178,1
"CRS3035RES20000mN4300000E5040000",400.000487249916,400.000487249916,1
"CRS3035RES20000mN4300000E5060000",400.000487211563,400.000487211563,1
"CRS3035RES20000mN4300000E5080000",400.000487172218,400.000487172218,1
"CRS3035RES20000mN4300000E5100000",400.000487131813,400.000487131813,1
"CRS3035RES20000mN4300000E5120000",400.000487090302,400.000487090302,1
"CRS3035RES20000mN4300000E5140000",400.000487048065,400.000487048065,1
"CRS3035RES20000mN4300000E5160000",400.000487004532,400.000487004532,1
"CRS3035RES20000mN4300000E5180000",400.000486960014,400.000486960014,1
"CRS3035RES20000mN4300000E5200000",400.000486914688,400.000486914688,1
"CRS3035RES20000mN4300000E5220000",400.000486868179,400.000486868179,1
"CRS3035RES20000mN4300000E5240000",400.000486820702,400.000486820702,1
"CRS3035RES20000mN4300000E5260000",400.000486772202,400.000486772202,1
"CRS3035RES20000mN4300000E5280000",400.000486722755,400.000486722755,1
"CRS3035RES20000mN4300000E5300000",400.000486672195,383.000776718601,0.957500776823989
"CRS3035RES20000mN4320000E4040000",400.000487761208,15.2418824950268,0.0381046597726298
"CRS3035RES20000mN4320000E4060000",400.000487774807,210.761573843469,0.526903292083294
"CRS3035RES20000mN4320000E4080000",400.000487787281,337.185883638795,0.842963681129583
"CRS3035RES20000mN4320000E4100000",400.000487798805,365.04656221374,0.912615292602727
"CRS3035RES20000mN4320000E4120000",400.000487809326,388.534504882361,0.971335077640128
"CRS3035RES20000mN4320000E4140000",400.000487818695,399.702640314295,0.999255382147096
"CRS3035RES20000mN4320000E4160000",400.000487827129,379.654714737143,0.949135629307583
"CRS3035RES20000mN4320000E4180000",400.000487834579,400.000487834579,1
"CRS3035RES20000mN4320000E4200000",400.00048784075,400.00048784075,1
"CRS3035RES20000mN4320000E4220000",400.00048784609,400.00048784609,1
"CRS3035RES20000mN4320000E4240000",400.000487850372,400.000487850372,1
"CRS3035RES20000mN4320000E4260000",400.000487853527,400.000487853527,1
"CRS3035RES20000mN4320000E4280000",400.000487855582,400.000487855582,1
"CRS3035RES20000mN4320000E4300000",400.000487856746,400.000487856746,1
"CRS3035RES20000mN4320000E4320000",400.000487856748,400.000487856748,1
"CRS3035RES20000mN4320000E4340000",400.000487855881,400.000487855881,1
"CRS3035RES20000mN4320000E4360000",400.000487853796,400.000487853796,1
"CRS3035RES20000mN4320000E4380000",400.000487850689,400.000487850689,1
"CRS3035RES20000mN4320000E4400000",400.000487846598,400.000487846598,1
"CRS3035RES20000mN4320000E4420000",400.000487841448,400.000487841448,1
"CRS3035RES20000mN4320000E4440000",400.000487835282,400.000487835282,1
"CRS3035RES20000mN4320000E4460000",400.000487827976,400.000487827976,1
"CRS3035RES20000mN4320000E4480000",400.00048781978,400.00048781978,1
"CRS3035RES20000mN4320000E4500000",400.000487810347,400.000487810347,1
"CRS3035RES20000mN4320000E4520000",400.000487799999,400.000487799999,1
"CRS3035RES20000mN4320000E4540000",400.000487788473,400.000487788473,1
"CRS3035RES20000mN4320000E4560000",400.000487776056,400.000487776056,1
"CRS3035RES20000mN4320000E4580000",400.000487762474,400.000487762474,1
"CRS3035RES20000mN4320000E4600000",400.00048774807,400.00048774807,1
"CRS3035RES20000mN4320000E4620000",400.000487732376,400.000487732376,1
"CRS3035RES20000mN4320000E4640000",400.000487715683,400.000487715683,1
"CRS3035RES20000mN4320000E4660000",400.000487698086,400.000487698086,1
"CRS3035RES20000mN4320000E4680000",400.000487679462,400.000487679462,1
"CRS3035RES20000mN4320000E4700000",400.000487659756,172.496149045201,0.431239846867207
"CRS3035RES20000mN4320000E4920000",400.000487374352,135.854518607871,0.339635882695133
"CRS3035RES20000mN4320000E4940000",400.000487342217,394.819258235573,0.987046943014821
"CRS3035RES20000mN4320000E4960000",400.000487309051,400.000487309051,1
"CRS3035RES20000mN4320000E4980000",400.000487274971,400.000487274971,1
"CRS3035RES20000mN4320000E5000000",400.000487239716,400.000487239716,1
"CRS3035RES20000mN4320000E5020000",400.000487203484,400.000487203484,1
"CRS3035RES20000mN4320000E5040000",400.000487166222,400.000487166222,1
"CRS3035RES20000mN4320000E5060000",400.000487128067,400.000487128067,1
"CRS3035RES20000mN4320000E5080000",400.00048708873,400.00048708873,1
"CRS3035RES20000mN4320000E5100000",400.000487048401,400.000487048401,1
"CRS3035RES20000mN4320000E5120000",400.000487007225,400.000487007225,1
"CRS3035RES20000mN4320000E5140000",400.000486964661,400.000486964661,1
"CRS3035RES20000mN4320000E5160000",400.00048692144,400.00048692144,1
"CRS3035RES20000mN4320000E5180000",400.000486877052,400.000486877052,1
"CRS3035RES20000mN4320000E5200000",400.00048683168,400.00048683168,1
"CRS3035RES20000mN4320000E5220000",400.000486785278,400.000486785278,1
"CRS3035RES20000mN4320000E5240000",400.000486737953,400.000486737953,1
"CRS3035RES20000mN4320000E5260000",400.000486689445,400.000486689445,1
"CRS3035RES20000mN4320000E5280000",400.000486640053,400.000486640053,1
"CRS3035RES20000mN4320000E5300000",400.000486589668,400.000486589668,1
"CRS3035RES20000mN4340000E4060000",400.000487688757,109.236681558754,0.273091370937908
"CRS3035RES20000mN4340000E4080000",400.000487701239,264.419068838408,0.661046866112581
"CRS3035RES20000mN4340000E4100000",400.00048771274,278.534069710118,0.696334325247491
"CRS3035RES20000mN4340000E4120000",400.000487723186,373.407580113603,0.933517812038302
"CRS3035RES20000mN4340000E4140000",400.000487732622,389.063448046928,0.972657434125418
"CRS3035RES20000mN4340000E4160000",400.000487740952,321.163833274292,0.802908604157215
"CRS3035RES20000mN4340000E4180000",400.000487748293,387.216981680505,0.968041273800065
"CRS3035RES20000mN4340000E4200000",400.000487754645,400.000487754645,1
"CRS3035RES20000mN4340000E4220000",400.000487759924,400.000487759924,1
"CRS3035RES20000mN4340000E4240000",400.000487764169,400.000487764169,1
"CRS3035RES20000mN4340000E4260000",400.000487767335,400.000487767335,1
"CRS3035RES20000mN4340000E4280000",400.000487769434,400.000487769434,1
"CRS3035RES20000mN4340000E4300000",400.000487770473,400.000487770473,1
"CRS3035RES20000mN4340000E4320000",400.000487770583,400.000487770583,1
"CRS3035RES20000mN4340000E4340000",400.000487769516,400.000487769516,1
"CRS3035RES20000mN4340000E4360000",400.00048776748,400.00048776748,1
"CRS3035RES20000mN4340000E4380000",400.000487764494,400.000487764494,1
"CRS3035RES20000mN4340000E4400000",400.000487760401,400.000487760401,1
"CRS3035RES20000mN4340000E4420000",400.000487755136,400.000487755136,1
"CRS3035RES20000mN4340000E4440000",400.000487749016,400.000487749016,1
"CRS3035RES20000mN4340000E4460000",400.000487741797,400.000487741797,1
"CRS3035RES20000mN4340000E4480000",400.000487733337,400.000487733337,1
"CRS3035RES20000mN4340000E4500000",400.000487724127,400.000487724127,1
"CRS3035RES20000mN4340000E4520000",400.000487713734,400.000487713734,1
"CRS3035RES20000mN4340000E4540000",400.000487702484,400.000487702484,1
"CRS3035RES20000mN4340000E4560000",400.000487690018,400.000487690018,1
"CRS3035RES20000mN4340000E4580000",400.000487676598,400.000487676598,1
"CRS3035RES20000mN4340000E4600000",400.000487662041,400.000487662041,1
"CRS3035RES20000mN4340000E4620000",400.000487646584,400.000487646584,1
"CRS3035RES20000mN4340000E4640000",400.000487630047,400.000487630047,1
"CRS3035RES20000mN4340000E4660000",400.000487612305,400.000487612305,1
"CRS3035RES20000mN4340000E4680000",400.000487593601,400.000487593601,1
"CRS3035RES20000mN4340000E4700000",400.000487573971,232.003758003656,0.580008688016292
"CRS3035RES20000mN4340000E4900000",400.000487320213,0.457022612776041,0.00114255513996457
"CRS3035RES20000mN4340000E4920000",400.000487289253,309.606963988838,0.77401646704733
"CRS3035RES20000mN4340000E4940000",400.000487257278,400.000487257278,1
"CRS3035RES20000mN4340000E4960000",400.000487224075,400.000487224075,1
"CRS3035RES20000mN4340000E4980000",400.000487189865,400.000487189865,1
"CRS3035RES20000mN4340000E5000000",400.0004871549,400.0004871549,1
"CRS3035RES20000mN4340000E5020000",400.000487118706,400.000487118706,1
"CRS3035RES20000mN4340000E5040000",400.000487081436,400.000487081436,1
"CRS3035RES20000mN4340000E5060000",400.000487043221,400.000487043221,1
"CRS3035RES20000mN4340000E5080000",400.000487004112,400.000487004112,1
"CRS3035RES20000mN4340000E5100000",400.000486963905,400.000486963905,1
"CRS3035RES20000mN4340000E5120000",400.000486922607,400.000486922607,1
"CRS3035RES20000mN4340000E5140000",400.000486880409,400.000486880409,1
"CRS3035RES20000mN4340000E5160000",400.000486837242,400.000486837242,1
"CRS3035RES20000mN4340000E5180000",400.000486793083,400.000486793083,1
"CRS3035RES20000mN4340000E5200000",400.00048674765,400.00048674765,1
"CRS3035RES20000mN4340000E5220000",400.000486701454,400.000486701454,1
"CRS3035RES20000mN4340000E5240000",400.000486654038,400.000486654038,1
"CRS3035RES20000mN4340000E5260000",400.000486605865,400.000486605865,1
"CRS3035RES20000mN4340000E5280000",400.000486556564,400.000486556564,1
"CRS3035RES20000mN4340000E5300000",400.000486506386,400.000486506386,1
"CRS3035RES20000mN4340000E5320000",400.00048645507,400.00048645507,1
"CRS3035RES20000mN4360000E4080000",400.00048761417,51.1116589991092,0.127778991730656
"CRS3035RES20000mN4360000E4100000",400.00048762567,173.259980087066,0.433149422180724
"CRS3035RES20000mN4360000E4120000",400.000487636097,239.291681532241,0.598228474536107
"CRS3035RES20000mN4360000E4140000",400.00048764555,310.567128257979,0.776416874104363
"CRS3035RES20000mN4360000E4160000",400.000487653875,374.309005910222,0.935771373944213
"CRS3035RES20000mN4360000E4180000",400.0004876612,400.0004876612,1
"CRS3035RES20000mN4360000E4200000",400.000487667458,400.000487667458,1
"CRS3035RES20000mN4360000E4220000",400.000487672717,400.000487672717,1
"CRS3035RES20000mN4360000E4240000",400.00048767685,400.00048767685,1
"CRS3035RES20000mN4360000E4260000",400.000487680069,400.000487680069,1
"CRS3035RES20000mN4360000E4280000",400.000487682301,400.000487682301,1
"CRS3035RES20000mN4360000E4300000",400.000487683357,400.000487683357,1
"CRS3035RES20000mN4360000E4320000",400.000487683408,400.000487683408,1
"CRS3035RES20000mN4360000E4340000",400.000487682394,400.000487682394,1
"CRS3035RES20000mN4360000E4360000",400.000487680409,400.000487680409,1
"CRS3035RES20000mN4360000E4380000",400.000487677225,400.000487677225,1
"CRS3035RES20000mN4360000E4400000",400.000487673194,400.000487673194,1
"CRS3035RES20000mN4360000E4420000",400.000487668045,400.000487668045,1
"CRS3035RES20000mN4360000E4440000",400.000487661758,400.000487661758,1
"CRS3035RES20000mN4360000E4460000",400.000487654667,400.000487654667,1
"CRS3035RES20000mN4360000E4480000",400.000487646437,400.000487646437,1
"CRS3035RES20000mN4360000E4500000",400.000487637112,400.000487637112,1
"CRS3035RES20000mN4360000E4520000",400.000487626728,400.000487626728,1
"CRS3035RES20000mN4360000E4540000",400.000487615421,400.000487615421,1
"CRS3035RES20000mN4360000E4560000",400.000487602955,400.000487602955,1
"CRS3035RES20000mN4360000E4580000",400.000487589401,400.000487589401,1
"CRS3035RES20000mN4360000E4600000",400.000487575012,400.000487575012,1
"CRS3035RES20000mN4360000E4620000",400.00048755946,400.00048755946,1
"CRS3035RES20000mN4360000E4640000",400.000487542965,400.000487542965,1
"CRS3035RES20000mN4360000E4660000",400.000487525322,400.000487525322,1
"CRS3035RES20000mN4360000E4680000",400.000487506721,400.000487506721,1
"CRS3035RES20000mN4360000E4700000",400.000487487095,242.010459020118,0.605025410195097
"CRS3035RES20000mN4360000E4900000",400.000487234001,160.228582182411,0.40057096752654
"CRS3035RES20000mN4360000E4920000",400.000487202881,399.928584826987,0.999820244279208
"CRS3035RES20000mN4360000E4940000",400.000487170967,400.000487170967,1
"CRS3035RES20000mN4360000E4960000",400.000487137932,400.000487137932,1
"CRS3035RES20000mN4360000E4980000",400.000487103996,400.000487103996,1
"CRS3035RES20000mN4360000E5000000",400.000487068985,400.000487068985,1
"CRS3035RES20000mN4360000E5020000",400.00048703286,400.00048703286,1
"CRS3035RES20000mN4360000E5040000",400.000486995842,400.000486995842,1
"CRS3035RES20000mN4360000E5060000",400.000486957703,400.000486957703,1
"CRS3035RES20000mN4360000E5080000",400.000486918625,400.000486918625,1
"CRS3035RES20000mN4360000E5100000",400.000486878426,400.000486878426,1
"CRS3035RES20000mN4360000E5120000",400.000486837379,400.000486837379,1
"CRS3035RES20000mN4360000E5140000",400.000486795212,400.000486795212,1
"CRS3035RES20000mN4360000E5160000",400.000486752007,400.000486752007,1
"CRS3035RES20000mN4360000E5180000",400.000486707825,400.000486707825,1
"CRS3035RES20000mN4360000E5200000",400.000486662712,400.000486662712,1
"CRS3035RES20000mN4360000E5220000",400.00048661647,400.00048661647,1
"CRS3035RES20000mN4360000E5240000",400.000486569382,400.000486569382,1
"CRS3035RES20000mN4360000E5260000",400.000486521225,400.000486521225,1
"CRS3035RES20000mN4360000E5280000",400.000486471924,400.000486471924,1
"CRS3035RES20000mN4360000E5300000",400.000486421844,400.000486421844,1
"CRS3035RES20000mN4360000E5320000",400.000486370605,400.000486370605,1
"CRS3035RES20000mN4360000E5340000",400.000486318474,400.000486318474,1
"CRS3035RES20000mN4380000E4120000",400.00048754781,115.111908411211,0.287779420262463
"CRS3035RES20000mN4380000E4140000",400.000487557232,286.505799844765,0.716263626563135
"CRS3035RES20000mN4380000E4160000",400.000487565641,286.698436318001,0.716745217144149
"CRS3035RES20000mN4380000E4180000",400.000487572954,249.287158951834,0.623217137720032
"CRS3035RES20000mN4380000E4200000",400.000487579145,390.444265833383,0.976109474756898
"CRS3035RES20000mN4380000E4220000",400.000487584397,400.000487584397,1
"CRS3035RES20000mN4380000E4240000",400.000487588636,395.594489862532,0.988985019111688
"CRS3035RES20000mN4380000E4260000",400.000487591825,400.000487591825,1
"CRS3035RES20000mN4380000E4280000",400.000487593852,400.000487593852,1
"CRS3035RES20000mN4380000E4300000",400.000487594981,400.000487594981,1
"CRS3035RES20000mN4380000E4320000",400.000487595044,400.000487595044,1
"CRS3035RES20000mN4380000E4340000",400.000487593992,400.000487593992,1
"CRS3035RES20000mN4380000E4360000",400.00048759199,400.00048759199,1
"CRS3035RES20000mN4380000E4380000",400.000487588979,400.000487588979,1
"CRS3035RES20000mN4380000E4400000",400.000487584785,400.000487584785,1
"CRS3035RES20000mN4380000E4420000",400.000487579753,400.000487579753,1
"CRS3035RES20000mN4380000E4440000",400.000487573655,400.000487573655,1
"CRS3035RES20000mN4380000E4460000",400.000487566307,400.000487566307,1
"CRS3035RES20000mN4380000E4480000",400.000487558125,400.000487558125,1
"CRS3035RES20000mN4380000E4500000",400.000487548876,400.000487548876,1
"CRS3035RES20000mN4380000E4520000",400.000487538576,400.000487538576,1
"CRS3035RES20000mN4380000E4540000",400.000487527155,400.000487527155,1
"CRS3035RES20000mN4380000E4560000",400.000487514816,400.000487514816,1
"CRS3035RES20000mN4380000E4580000",400.000487501472,400.000487501472,1
"CRS3035RES20000mN4380000E4600000",400.000487486908,400.000487486908,1
"CRS3035RES20000mN4380000E4620000",400.000487471516,400.000487471516,1
"CRS3035RES20000mN4380000E4640000",400.000487454929,400.000487454929,1
"CRS3035RES20000mN4380000E4660000",400.000487437534,400.000487437534,1
"CRS3035RES20000mN4380000E4680000",400.000487418884,399.823680675374,0.999557983679842
"CRS3035RES20000mN4380000E4700000",400.000487399235,109.652422133989,0.274130721307214
"CRS3035RES20000mN4380000E4720000",400.000487378555,2.77922133529027,0.00694804487240549
"CRS3035RES20000mN4380000E4900000",400.000487146652,178.649659527972,0.446623604891946
"CRS3035RES20000mN4380000E4920000",400.000487115875,400.000487115875,1
"CRS3035RES20000mN4380000E4940000",400.000487083832,400.000487083832,1
"CRS3035RES20000mN4380000E4960000",400.00048705101,400.00048705101,1
"CRS3035RES20000mN4380000E4980000",400.000487016998,400.000487016998,1
"CRS3035RES20000mN4380000E5000000",400.000486981911,400.000486981911,1
"CRS3035RES20000mN4380000E5020000",400.000486946053,400.000486946053,1
"CRS3035RES20000mN4380000E5040000",400.000486909027,400.000486909027,1
"CRS3035RES20000mN4380000E5060000",400.000486871132,400.000486871132,1
"CRS3035RES20000mN4380000E5080000",400.000486831963,400.000486831963,1
"CRS3035RES20000mN4380000E5100000",400.000486792007,400.000486792007,1
"CRS3035RES20000mN4380000E5120000",400.000486750923,400.000486750923,1
"CRS3035RES20000mN4380000E5140000",400.000486708923,400.000486708923,1
"CRS3035RES20000mN4380000E5160000",400.000486665825,400.000486665825,1
"CRS3035RES20000mN4380000E5180000",400.000486621696,400.000486621696,1
"CRS3035RES20000mN4380000E5200000",400.000486576744,400.000486576744,1
"CRS3035RES20000mN4380000E5220000",400.000486530746,400.000486530746,1
"CRS3035RES20000mN4380000E5240000",400.000486483627,400.000486483627,1
"CRS3035RES20000mN4380000E5260000",400.000486435486,400.000486435486,1
"CRS3035RES20000mN4380000E5280000",400.000486386574,400.000486386574,1
"CRS3035RES20000mN4380000E5300000",400.000486336441,400.000486336441,1
"CRS3035RES20000mN4380000E5320000",400.000486285385,400.000486285385,1
"CRS3035RES20000mN4380000E5340000",400.000486233437,400.000486233437,1
"CRS3035RES20000mN4400000E4140000",400.000487468052,82.0684069717874,0.205170767393983
"CRS3035RES20000mN4400000E4160000",400.000487476351,194.936930129101,0.487341731403831
"CRS3035RES20000mN4400000E4180000",400.000487483522,314.26635084032,0.785664919604044
"CRS3035RES20000mN4400000E4200000",400.000487489848,344.349326888325,0.860872268054585
"CRS3035RES20000mN4400000E4220000",400.000487495162,323.731912415285,0.809328794678534
"CRS3035RES20000mN4400000E4240000",400.000487499354,356.112047069089,0.890279032646589
"CRS3035RES20000mN4400000E4260000",400.00048750247,400.00048750247,1
"CRS3035RES20000mN4400000E4280000",400.000487504645,400.000487504645,1
"CRS3035RES20000mN4400000E4300000",400.000487505667,400.000487505667,1
"CRS3035RES20000mN4400000E4320000",400.000487505658,400.000487505658,1
"CRS3035RES20000mN4400000E4340000",400.000487504722,400.000487504722,1
"CRS3035RES20000mN4400000E4360000",400.00048750271,400.00048750271,1
"CRS3035RES20000mN4400000E4380000",400.000487499658,400.000487499658,1
"CRS3035RES20000mN4400000E4400000",400.000487495484,400.000487495484,1
"CRS3035RES20000mN4400000E4420000",400.000487490383,400.000487490383,1
"CRS3035RES20000mN4400000E4440000",400.000487484257,400.000487484257,1
"CRS3035RES20000mN4400000E4460000",400.000487477205,400.000487477205,1
"CRS3035RES20000mN4400000E4480000",400.000487468897,400.000487468897,1
"CRS3035RES20000mN4400000E4500000",400.000487459686,400.000487459686,1
"CRS3035RES20000mN4400000E4520000",400.000487449402,400.000487449402,1
"CRS3035RES20000mN4400000E4540000",400.000487438076,400.000487438076,1
"CRS3035RES20000mN4400000E4560000",400.000487425701,400.000487425701,1
"CRS3035RES20000mN4400000E4580000",400.000487412373,400.000487412373,1
"CRS3035RES20000mN4400000E4600000",400.000487397987,400.000487397987,1
"CRS3035RES20000mN4400000E4620000",400.000487382462,400.000487382462,1
"CRS3035RES20000mN4400000E4640000",400.000487365986,400.000487365986,1
"CRS3035RES20000mN4400000E4660000",400.000487348415,400.000487348415,1
"CRS3035RES20000mN4400000E4680000",400.000487330006,400.000487330006,1
"CRS3035RES20000mN4400000E4700000",400.000487310394,395.051158521984,0.987626693103077
"CRS3035RES20000mN4400000E4720000",400.000487289803,201.698811720417,0.504246415015702
"CRS3035RES20000mN4400000E4880000",400.000487088165,26.9702394597824,0.067425516544028
"CRS3035RES20000mN4400000E4900000",400.000487058342,325.404168132391,0.813509429764593
"CRS3035RES20000mN4400000E4920000",400.000487027565,400.000487027565,1
"CRS3035RES20000mN4400000E4940000",400.000486995651,400.000486995651,1
"CRS3035RES20000mN4400000E4960000",400.000486962776,400.000486962776,1
"CRS3035RES20000mN4400000E4980000",400.000486928909,400.000486928909,1
"CRS3035RES20000mN4400000E5000000",400.000486894142,400.000486894142,1
"CRS3035RES20000mN4400000E5020000",400.000486858162,400.000486858162,1
"CRS3035RES20000mN4400000E5040000",400.000486821289,400.000486821289,1
"CRS3035RES20000mN4400000E5060000",400.000486783272,400.000486783272,1
"CRS3035RES20000mN4400000E5080000",400.000486744415,400.000486744415,1
"CRS3035RES20000mN4400000E5100000",400.000486704407,400.000486704407,1
"CRS3035RES20000mN4400000E5120000",400.00048666346,400.00048666346,1
"CRS3035RES20000mN4400000E5140000",400.000486621551,400.000486621551,1
"CRS3035RES20000mN4400000E5160000",400.000486578621,400.000486578621,1
"CRS3035RES20000mN4400000E5180000",400.000486534714,400.000486534714,1
"CRS3035RES20000mN4400000E5200000",400.000486489655,400.000486489655,1
"CRS3035RES20000mN4400000E5220000",400.000486443718,400.000486443718,1
"CRS3035RES20000mN4400000E5240000",400.000486396866,400.000486396866,1
"CRS3035RES20000mN4400000E5260000",400.000486348953,400.000486348953,1
"CRS3035RES20000mN4400000E5280000",400.000486299942,400.000486299942,1
"CRS3035RES20000mN4400000E5300000",400.000486249969,400.000486249969,1
"CRS3035RES20000mN4400000E5320000",400.000486199066,400.000486199066,1
"CRS3035RES20000mN4400000E5340000",400.000486147163,400.000486147163,1
"CRS3035RES20000mN4420000E4140000",400.000487377674,1.14235601992346,0.00285588657007026
"CRS3035RES20000mN4420000E4160000",400.000487385984,205.950210957238,0.514874900036069
"CRS3035RES20000mN4420000E4180000",400.000487393431,312.523139371408,0.781306896418897
"CRS3035RES20000mN4420000E4200000",400.000487399618,266.334413941324,0.665835223533726
"CRS3035RES20000mN4420000E4220000",400.000487404778,270.323155926539,0.675807066337363
"CRS3035RES20000mN4420000E4240000",400.000487408957,332.037214879867,0.830092025713947
"CRS3035RES20000mN4420000E4260000",400.000487411999,400.000487411999,1
"CRS3035RES20000mN4420000E4280000",400.000487414054,400.000487414054,1
"CRS3035RES20000mN4420000E4300000",400.000487415313,400.000487415313,1
"CRS3035RES20000mN4420000E4320000",400.000487415501,400.000487415501,1
"CRS3035RES20000mN4420000E4340000",400.000487414388,400.000487414388,1
"CRS3035RES20000mN4420000E4360000",400.000487412369,400.000487412369,1
"CRS3035RES20000mN4420000E4380000",400.000487409334,400.000487409334,1
"CRS3035RES20000mN4420000E4400000",400.000487405271,400.000487405271,1
"CRS3035RES20000mN4420000E4420000",400.000487400181,400.000487400181,1
"CRS3035RES20000mN4420000E4440000",400.000487394026,400.000487394026,1
"CRS3035RES20000mN4420000E4460000",400.00048738674,400.00048738674,1
"CRS3035RES20000mN4420000E4480000",400.00048737866,400.00048737866,1
"CRS3035RES20000mN4420000E4500000",400.000487369341,400.000487369341,1
"CRS3035RES20000mN4420000E4520000",400.000487359097,400.000487359097,1
"CRS3035RES20000mN4420000E4540000",400.0004873479,400.0004873479,1
"CRS3035RES20000mN4420000E4560000",400.000487335514,400.000487335514,1
"CRS3035RES20000mN4420000E4580000",400.000487322098,400.000487322098,1
"CRS3035RES20000mN4420000E4600000",400.000487307659,400.000487307659,1
"CRS3035RES20000mN4420000E4620000",400.000487292366,400.000487292366,1
"CRS3035RES20000mN4420000E4640000",400.000487275986,400.000487275986,1
"CRS3035RES20000mN4420000E4660000",400.000487258533,400.000487258533,1
"CRS3035RES20000mN4420000E4680000",400.00048723991,400.00048723991,1
"CRS3035RES20000mN4420000E4700000",400.000487220451,400.000487220451,1
"CRS3035RES20000mN4420000E4720000",400.000487199905,272.065217445743,0.680162215176939
"CRS3035RES20000mN4420000E4740000",400.000487178314,15.6992397530143,0.0392480515805368
"CRS3035RES20000mN4420000E4880000",400.000486998795,139.112956403671,0.347781967585681
"CRS3035RES20000mN4420000E4900000",400.000486968979,400.000486968979,1
"CRS3035RES20000mN4420000E4920000",400.000486938316,400.000486938316,1
"CRS3035RES20000mN4420000E4940000",400.000486906532,400.000486906532,1
"CRS3035RES20000mN4420000E4960000",400.000486873833,400.000486873833,1
"CRS3035RES20000mN4420000E4980000",400.000486839966,400.000486839966,1
"CRS3035RES20000mN4420000E5000000",400.000486805161,400.000486805161,1
"CRS3035RES20000mN4420000E5020000",400.000486769257,400.000486769257,1
"CRS3035RES20000mN4420000E5040000",400.000486732544,400.000486732544,1
"CRS3035RES20000mN4420000E5060000",400.000486694656,400.000486694656,1
"CRS3035RES20000mN4420000E5080000",400.000486655838,400.000486655838,1
"CRS3035RES20000mN4420000E5100000",400.000486615974,400.000486615974,1
"CRS3035RES20000mN4420000E5120000",400.00048657518,400.00048657518,1
"CRS3035RES20000mN4420000E5140000",400.000486533241,400.000486533241,1
"CRS3035RES20000mN4420000E5160000",400.000486490417,400.000486490417,1
"CRS3035RES20000mN4420000E5180000",400.000486446739,400.000486446739,1
"CRS3035RES20000mN4420000E5200000",400.000486401688,400.000486401688,1
"CRS3035RES20000mN4420000E5220000",400.000486355865,400.000486355865,1
"CRS3035RES20000mN4420000E5240000",400.000486309036,400.000486309036,1
"CRS3035RES20000mN4420000E5260000",400.000486261208,400.000486261208,1
"CRS3035RES20000mN4420000E5280000",400.000486212425,400.000486212425,1
"CRS3035RES20000mN4420000E5300000",400.000486162598,400.000486162598,1
"CRS3035RES20000mN4420000E5320000",400.000486111855,400.000486111855,1
"CRS3035RES20000mN4420000E5340000",400.000486059959,400.000486059959,1
"CRS3035RES20000mN4420000E5360000",400.000486007248,400.000486007248,1
"CRS3035RES20000mN4440000E4180000",400.000487301897,20.9276955390323,0.0523191751094974
"CRS3035RES20000mN4440000E4200000",400.000487308152,90.1570756016662,0.225392414415263
"CRS3035RES20000mN4440000E4220000",400.000487313302,266.185396279285,0.665462679976172
"CRS3035RES20000mN4440000E4240000",400.000487317515,327.486769805322,0.818715927076775
"CRS3035RES20000mN4440000E4260000",400.000487320728,395.541174397898,0.98885173127488
"CRS3035RES20000mN4440000E4280000",400.000487322838,400.000487322838,1
"CRS3035RES20000mN4440000E4300000",400.000487323764,400.000487323764,1
"CRS3035RES20000mN4440000E4320000",400.000487323798,400.000487323798,1
"CRS3035RES20000mN4440000E4340000",400.000487323069,400.000487323069,1
"CRS3035RES20000mN4440000E4360000",400.000487320894,400.000487320894,1
"CRS3035RES20000mN4440000E4380000",400.000487317995,400.000487317995,1
"CRS3035RES20000mN4440000E4400000",400.000487313923,400.000487313923,1
"CRS3035RES20000mN4440000E4420000",400.000487308712,400.000487308712,1
"CRS3035RES20000mN4440000E4440000",400.000487302591,400.000487302591,1
"CRS3035RES20000mN4440000E4460000",400.000487295519,400.000487295519,1
"CRS3035RES20000mN4440000E4480000",400.000487287273,400.000487287273,1
"CRS3035RES20000mN4440000E4500000",400.000487278091,400.000487278091,1
"CRS3035RES20000mN4440000E4520000",400.000487267822,400.000487267822,1
"CRS3035RES20000mN4440000E4540000",400.000487256567,400.000487256567,1
"CRS3035RES20000mN4440000E4560000",400.000487244301,400.000487244301,1
"CRS3035RES20000mN4440000E4580000",400.000487231068,400.000487231068,1
"CRS3035RES20000mN4440000E4600000",400.000487216663,400.000487216663,1
"CRS3035RES20000mN4440000E4620000",400.00048720126,400.00048720126,1
"CRS3035RES20000mN4440000E4640000",400.000487184757,400.000487184757,1
"CRS3035RES20000mN4440000E4660000",400.000487167393,400.000487167393,1
"CRS3035RES20000mN4440000E4680000",400.000487148952,400.000487148952,1
"CRS3035RES20000mN4440000E4700000",400.00048712949,379.211139330251,0.948026693796229
"CRS3035RES20000mN4440000E4720000",400.000487109093,379.946400664363,0.949864844941401
"CRS3035RES20000mN4440000E4740000",400.000487087555,198.114354757881,0.495285283776458
"CRS3035RES20000mN4440000E4880000",400.000486908402,192.662317833617,0.481655208279124
"CRS3035RES20000mN4440000E4900000",400.000486878662,400.000486878662,1
"CRS3035RES20000mN4440000E4920000",400.000486847893,400.000486847893,1
"CRS3035RES20000mN4440000E4940000",400.000486816406,400.000486816406,1
"CRS3035RES20000mN4440000E4960000",400.000486783493,400.000486783493,1
"CRS3035RES20000mN4440000E4980000",400.000486749962,400.000486749962,1
"CRS3035RES20000mN4440000E5000000",400.000486715256,400.000486715256,1
"CRS3035RES20000mN4440000E5020000",400.000486679535,400.000486679535,1
"CRS3035RES20000mN4440000E5040000",400.000486642662,400.000486642662,1
"CRS3035RES20000mN4440000E5060000",400.000486604927,400.000486604927,1
"CRS3035RES20000mN4440000E5080000",400.000486566147,400.000486566147,1
"CRS3035RES20000mN4440000E5100000",400.000486526573,400.000486526573,1
"CRS3035RES20000mN4440000E5120000",400.000486485809,400.000486485809,1
"CRS3035RES20000mN4440000E5140000",400.000486444054,400.000486444054,1
"CRS3035RES20000mN4440000E5160000",400.000486401192,400.000486401192,1
"CRS3035RES20000mN4440000E5180000",400.000486357452,400.000486357452,1
"CRS3035RES20000mN4440000E5200000",400.000486312706,400.000486312706,1
"CRS3035RES20000mN4440000E5220000",400.000486267052,400.000486267052,1
"CRS3035RES20000mN4440000E5240000",400.000486220284,400.000486220284,1
"CRS3035RES20000mN4440000E5260000",400.000486172615,400.000486172615,1
"CRS3035RES20000mN4440000E5280000",400.000486123802,400.000486123802,1
"CRS3035RES20000mN4440000E5300000",400.000486074196,400.000486074196,1
"CRS3035RES20000mN4440000E5320000",400.00048602346,400.00048602346,1
"CRS3035RES20000mN4440000E5340000",400.000485971863,400.000485971863,1
"CRS3035RES20000mN4440000E5360000",400.000485919205,400.000485919205,1
"CRS3035RES20000mN4460000E4200000",400.000487215809,60.2773154540145,0.150693105084879
"CRS3035RES20000mN4460000E4220000",400.000487221064,96.3217726698051,0.240804138362392
"CRS3035RES20000mN4460000E4240000",400.000487225043,184.854340846283,0.462135289205991
"CRS3035RES20000mN4460000E4260000",400.000487228312,363.127634005927,0.907817979228264
"CRS3035RES20000mN4460000E4280000",400.000487230509,372.057534179799,0.930142702464743
"CRS3035RES20000mN4460000E4300000",400.000487231512,371.733001270241,0.929331371176782
"CRS3035RES20000mN4460000E4320000",400.000487231523,338.683418403078,0.846707514651215
"CRS3035RES20000mN4460000E4340000",400.0004872305,400.0004872305,1
"CRS3035RES20000mN4460000E4360000",400.000487228525,399.695242870285,0.999236890033923
"CRS3035RES20000mN4460000E4380000",400.000487225405,400.000487225405,1
"CRS3035RES20000mN4460000E4400000",400.000487221445,400.000487221445,1
"CRS3035RES20000mN4460000E4420000",400.000487216371,400.000487216371,1
"CRS3035RES20000mN4460000E4440000",400.000487210255,400.000487210255,1
"CRS3035RES20000mN4460000E4460000",400.000487203085,400.000487203085,1
"CRS3035RES20000mN4460000E4480000",400.000487194876,400.000487194876,1
"CRS3035RES20000mN4460000E4500000",400.000487185692,400.000487185692,1
"CRS3035RES20000mN4460000E4520000",400.000487175512,400.000487175512,1
"CRS3035RES20000mN4460000E4540000",400.000487164318,400.000487164318,1
"CRS3035RES20000mN4460000E4560000",400.000487151989,400.000487151989,1
"CRS3035RES20000mN4460000E4580000",400.000487138687,400.000487138687,1
"CRS3035RES20000mN4460000E4600000",400.000487124325,400.000487124325,1
"CRS3035RES20000mN4460000E4620000",400.000487109051,400.000487109051,1
"CRS3035RES20000mN4460000E4640000",400.0004870928,400.0004870928,1
"CRS3035RES20000mN4460000E4660000",400.000487075279,400.000487075279,1
"CRS3035RES20000mN4460000E4680000",400.00048705703,400.00048705703,1
"CRS3035RES20000mN4460000E4700000",400.000487037552,400.000487037552,1
"CRS3035RES20000mN4460000E4720000",400.000487017036,400.000487017036,1
"CRS3035RES20000mN4460000E4740000",400.000486995583,269.297013167345,0.673241713254011
"CRS3035RES20000mN4460000E4760000",400.000486973148,4.63195700285506,0.011579878409413
"CRS3035RES20000mN4460000E4880000",400.000486816856,53.4881238567915,0.133720146898925
"CRS3035RES20000mN4460000E4900000",400.000486787361,386.451068032584,0.966126494336044
"CRS3035RES20000mN4460000E4920000",400.000486756744,400.000486756744,1
"CRS3035RES20000mN4460000E4940000",400.000486725044,400.000486725044,1
"CRS3035RES20000mN4460000E4960000",400.000486692596,400.000486692596,1
"CRS3035RES20000mN4460000E4980000",400.000486658829,400.000486658829,1
"CRS3035RES20000mN4460000E5000000",400.000486624123,400.000486624123,1
"CRS3035RES20000mN4460000E5020000",400.000486588554,400.000486588554,1
"CRS3035RES20000mN4460000E5040000",400.00048655188,400.00048655188,1
"CRS3035RES20000mN4460000E5060000",400.000486514298,400.000486514298,1
"CRS3035RES20000mN4460000E5080000",400.00048647567,400.00048647567,1
"CRS3035RES20000mN4460000E5100000",400.000486435898,400.000486435898,1
"CRS3035RES20000mN4460000E5120000",400.000486395279,400.000486395279,1
"CRS3035RES20000mN4460000E5140000",400.000486353653,400.000486353653,1
"CRS3035RES20000mN4460000E5160000",400.000486311058,400.000486311058,1
"CRS3035RES20000mN4460000E5180000",400.000486267502,400.000486267502,1
"CRS3035RES20000mN4460000E5200000",400.000486222816,400.000486222816,1
"CRS3035RES20000mN4460000E5220000",400.000486177162,400.000486177162,1
"CRS3035RES20000mN4460000E5240000",400.000486130623,400.000486130623,1
"CRS3035RES20000mN4460000E5260000",400.000486082893,400.000486082893,1
"CRS3035RES20000mN4460000E5280000",400.000486034363,400.000486034363,1
"CRS3035RES20000mN4460000E5300000",400.000485984703,400.000485984703,1
"CRS3035RES20000mN4460000E5320000",400.00048593428,400.00048593428,1
"CRS3035RES20000mN4460000E5340000",400.000485882706,400.000485882706,1
"CRS3035RES20000mN4460000E5360000",400.000485830231,400.000485830231,1
"CRS3035RES20000mN4480000E4200000",400.000487122363,30.4562738585572,0.0761405919219304
"CRS3035RES20000mN4480000E4220000",400.00048712746,82.4734222003754,0.206183304407065
"CRS3035RES20000mN4480000E4240000",400.000487131784,265.66553819636,0.664163036653588
"CRS3035RES20000mN4480000E4260000",400.000487134797,212.897746098613,0.532243717060444
"CRS3035RES20000mN4480000E4280000",400.00048713682,252.181680750325,0.63045343408311
"CRS3035RES20000mN4480000E4300000",400.000487138089,311.704330380674,0.779259876933768
"CRS3035RES20000mN4480000E4320000",400.000487138074,199.795354103963,0.499487776961123
"CRS3035RES20000mN4480000E4340000",400.000487137073,78.4208168660763,0.196051803404937
"CRS3035RES20000mN4480000E4360000",400.000487135138,345.193148701433,0.862981820781661
"CRS3035RES20000mN4480000E4380000",400.000487132107,400.000487132107,1
"CRS3035RES20000mN4480000E4400000",400.000487127961,400.000487127961,1
"CRS3035RES20000mN4480000E4420000",400.000487122968,400.000487122968,1
"CRS3035RES20000mN4480000E4440000",400.000487116844,400.000487116844,1
"CRS3035RES20000mN4480000E4460000",400.000487109755,400.000487109755,1
"CRS3035RES20000mN4480000E4480000",400.000487101585,400.000487101585,1
"CRS3035RES20000mN4480000E4500000",400.000487092447,400.000487092447,1
"CRS3035RES20000mN4480000E4520000",400.000487082201,400.000487082201,1
"CRS3035RES20000mN4480000E4540000",400.000487071047,400.000487071047,1
"CRS3035RES20000mN4480000E4560000",400.000487058765,400.000487058765,1
"CRS3035RES20000mN4480000E4580000",400.000487045429,400.000487045429,1
"CRS3035RES20000mN4480000E4600000",400.000487031334,400.000487031334,1
"CRS3035RES20000mN4480000E4620000",400.000487015938,400.000487015938,1
"CRS3035RES20000mN4480000E4640000",400.000486999565,400.000486999565,1
"CRS3035RES20000mN4480000E4660000",400.000486982384,400.000486982384,1
"CRS3035RES20000mN4480000E4680000",400.000486963932,400.000486963932,1
"CRS3035RES20000mN4480000E4700000",400.000486944542,400.000486944542,1
"CRS3035RES20000mN4480000E4720000",400.00048692429,400.00048692429,1
"CRS3035RES20000mN4480000E4740000",400.00048690271,399.711902458408,0.999278539767448
"CRS3035RES20000mN4480000E4760000",400.000486880222,273.145038701928,0.6828617655751
"CRS3035RES20000mN4480000E4780000",400.000486856911,6.39588182744698,0.0159896851068957
"CRS3035RES20000mN4480000E4880000",400.000486724472,24.2765572406158,0.0606913192516637
"CRS3035RES20000mN4480000E4900000",400.000486694893,331.145528817369,0.827862814751913
"CRS3035RES20000mN4480000E4920000",400.000486664497,400.000486664497,1
"CRS3035RES20000mN4480000E4940000",400.000486632912,400.000486632912,1
"CRS3035RES20000mN4480000E4960000",400.000486600281,400.000486600281,1
"CRS3035RES20000mN4480000E4980000",400.000486566757,400.000486566757,1
"CRS3035RES20000mN4480000E5000000",400.000486532265,400.000486532265,1
"CRS3035RES20000mN4480000E5020000",400.000486496727,400.000486496727,1
"CRS3035RES20000mN4480000E5040000",400.000486460197,400.000486460197,1
"CRS3035RES20000mN4480000E5060000",400.000486422714,400.000486422714,1
"CRS3035RES20000mN4480000E5080000",400.000486384132,400.000486384132,1
"CRS3035RES20000mN4480000E5100000",400.000486344521,400.000486344521,1
"CRS3035RES20000mN4480000E5120000",400.00048630394,400.00048630394,1
"CRS3035RES20000mN4480000E5140000",400.000486262428,400.000486262428,1
"CRS3035RES20000mN4480000E5160000",400.000486219849,400.000486219849,1
"CRS3035RES20000mN4480000E5180000",400.00048617617,400.00048617617,1
"CRS3035RES20000mN4480000E5200000",400.000486131828,400.000486131828,1
"CRS3035RES20000mN4480000E5220000",400.000486086243,400.000486086243,1
"CRS3035RES20000mN4480000E5240000",400.000486039749,400.000486039749,1
"CRS3035RES20000mN4480000E5260000",400.00048599231,400.00048599231,1
"CRS3035RES20000mN4480000E5280000",400.000485943863,400.000485943863,1
"CRS3035RES20000mN4480000E5300000",400.000485894501,400.000485894501,1
"CRS3035RES20000mN4480000E5320000",400.000485843887,400.000485843887,1
"CRS3035RES20000mN4480000E5340000",400.000485792603,400.000485792603,1
"CRS3035RES20000mN4480000E5360000",400.000485740173,400.000485740173,1
"CRS3035RES20000mN4480000E5380000",400.00048568689,400.00048568689,1
"CRS3035RES20000mN4500000E4220000",400.000487033164,14.0878185704088,0.0352195035433564
"CRS3035RES20000mN4500000E4240000",400.000487037242,151.348779965807,0.378371489212001
"CRS3035RES20000mN4500000E4260000",400.000487040321,94.6065431957244,0.236516070007154
"CRS3035RES20000mN4500000E4280000",400.000487042517,11.6109895098678,0.0290274384306779
"CRS3035RES20000mN4500000E4300000",400.00048704349,242.82890048826,0.60707151204508
"CRS3035RES20000mN4500000E4320000",400.000487043553,383.322319804191,0.958304632670246
"CRS3035RES20000mN4500000E4340000",400.00048704252,314.659353701433,0.786647426426721
"CRS3035RES20000mN4500000E4360000",400.000487040605,249.358161126107,0.623394643769008
"CRS3035RES20000mN4500000E4380000",400.000487037507,387.375319167455,0.968437118755637
"CRS3035RES20000mN4500000E4400000",400.000487033585,400.000487033585,1
"CRS3035RES20000mN4500000E4420000",400.000487028438,400.000487028438,1
"CRS3035RES20000mN4500000E4440000",400.000487022476,400.000487022476,1
"CRS3035RES20000mN4500000E4460000",400.000487015257,400.000487015257,1
"CRS3035RES20000mN4500000E4480000",400.000487007244,400.000487007244,1
"CRS3035RES20000mN4500000E4500000",400.000486998087,400.000486998087,1
"CRS3035RES20000mN4500000E4520000",400.00048698789,400.00048698789,1
"CRS3035RES20000mN4500000E4540000",400.000486976521,400.000486976521,1
"CRS3035RES20000mN4500000E4560000",400.000486964516,400.000486964516,1
"CRS3035RES20000mN4500000E4580000",400.000486951313,400.000486951313,1
"CRS3035RES20000mN4500000E4600000",400.000486937069,400.000486937069,1
"CRS3035RES20000mN4500000E4620000",400.00048692181,400.00048692181,1
"CRS3035RES20000mN4500000E4640000",400.000486905537,400.000486905537,1
"CRS3035RES20000mN4500000E4660000",400.000486888092,400.000486888092,1
"CRS3035RES20000mN4500000E4680000",400.00048686985,400.00048686985,1
"CRS3035RES20000mN4500000E4700000",400.000486850475,400.000486850475,1
"CRS3035RES20000mN4500000E4720000",400.000486830105,400.000486830105,1
"CRS3035RES20000mN4500000E4740000",400.000486808968,400.000486808968,1
"CRS3035RES20000mN4500000E4760000",400.000486786621,400.000486786621,1
"CRS3035RES20000mN4500000E4780000",400.000486763115,161.265900645492,0.403164261000002
"CRS3035RES20000mN4500000E4800000",400.000486738792,27.7995082856288,0.0694986861448056
"CRS3035RES20000mN4500000E4860000",400.000486659454,9.20058106203294,0.0230014246704304
"CRS3035RES20000mN4500000E4880000",400.000486631104,123.394097742148,0.30848486905954
"CRS3035RES20000mN4500000E4900000",400.000486601547,142.989431798664,0.357473144629196
"CRS3035RES20000mN4500000E4920000",400.000486571053,282.883417109581,0.707207682506986
"CRS3035RES20000mN4500000E4940000",400.000486539635,400.000486539635,1
"CRS3035RES20000mN4500000E4960000",400.000486507248,400.000486507248,1
"CRS3035RES20000mN4500000E4980000",400.000486473732,400.000486473732,1
"CRS3035RES20000mN4500000E5000000",400.000486439354,400.000486439354,1
"CRS3035RES20000mN4500000E5020000",400.000486403839,400.000486403839,1
"CRS3035RES20000mN4500000E5040000",400.000486367424,400.000486367424,1
"CRS3035RES20000mN4500000E5060000",400.000486329803,400.000486329803,1
"CRS3035RES20000mN4500000E5080000",400.000486291496,400.000486291496,1
"CRS3035RES20000mN4500000E5100000",400.000486252083,400.000486252083,1
"CRS3035RES20000mN4500000E5120000",400.000486211563,400.000486211563,1
"CRS3035RES20000mN4500000E5140000",400.000486170212,400.000486170212,1
"CRS3035RES20000mN4500000E5160000",400.000486127716,400.000486127716,1
"CRS3035RES20000mN4500000E5180000",400.000486084389,400.000486084389,1
"CRS3035RES20000mN4500000E5200000",400.000486039886,400.000486039886,1
"CRS3035RES20000mN4500000E5220000",400.000485994507,400.000485994507,1
"CRS3035RES20000mN4500000E5240000",400.000485948196,400.000485948196,1
"CRS3035RES20000mN4500000E5260000",400.000485900703,400.000485900703,1
"CRS3035RES20000mN4500000E5280000",400.000485852524,400.000485852524,1
"CRS3035RES20000mN4500000E5300000",400.000485803146,400.000485803146,1
"CRS3035RES20000mN4500000E5320000",400.000485752853,400.000485752853,1
"CRS3035RES20000mN4500000E5340000",400.000485701538,400.000485701538,1
"CRS3035RES20000mN4500000E5360000",400.000485649261,400.000485649261,1
"CRS3035RES20000mN4500000E5380000",400.000485596207,400.000485596207,1
"CRS3035RES20000mN4520000E4240000",400.000486941683,9.1428251376189,0.0228570350189395
"CRS3035RES20000mN4520000E4260000",400.000486944839,5.42310134592282,0.0135577368601321
"CRS3035RES20000mN4520000E4280000",400.000486946871,0.0391970801885687,9.79925811784697e-05
"CRS3035RES20000mN4520000E4300000",400.000486948065,155.674400858313,0.389185528362932
"CRS3035RES20000mN4520000E4320000",400.000486948045,368.828140361712,0.922069228404758
"CRS3035RES20000mN4520000E4340000",400.000486947156,378.64914450743,0.946621708881704
"CRS3035RES20000mN4520000E4360000",400.000486945101,212.925029941357,0.532311926836679
"CRS3035RES20000mN4520000E4380000",400.000486942132,289.63283076,0.724081195435896
"CRS3035RES20000mN4520000E4400000",400.000486938135,400.000486938135,1
"CRS3035RES20000mN4520000E4420000",400.000486933087,400.000486933087,1
"CRS3035RES20000mN4520000E4440000",400.000486926859,400.000486926859,1
"CRS3035RES20000mN4520000E4460000",400.000486919838,400.000486919838,1
"CRS3035RES20000mN4520000E4480000",400.000486911688,400.000486911688,1
"CRS3035RES20000mN4520000E4500000",400.000486902645,400.000486902645,1
"CRS3035RES20000mN4520000E4520000",400.000486892519,400.000486892519,1
"CRS3035RES20000mN4520000E4540000",400.000486881393,400.000486881393,1
"CRS3035RES20000mN4520000E4560000",400.000486869202,400.000486869202,1
"CRS3035RES20000mN4520000E4580000",400.000486856064,400.000486856064,1
"CRS3035RES20000mN4520000E4600000",400.00048684177,400.00048684177,1
"CRS3035RES20000mN4520000E4620000",400.000486826572,400.000486826572,1
"CRS3035RES20000mN4520000E4640000",400.000486810333,400.000486810333,1
"CRS3035RES20000mN4520000E4660000",400.000486793106,400.000486793106,1
"CRS3035RES20000mN4520000E4680000",400.000486774853,400.000486774853,1
"CRS3035RES20000mN4520000E4700000",400.000486755634,400.000486755634,1
"CRS3035RES20000mN4520000E4720000",400.000486735291,400.000486735291,1
"CRS3035RES20000mN4520000E4740000",400.000486713879,400.000486713879,1
"CRS3035RES20000mN4520000E4760000",400.000486691566,400.000486691566,1
"CRS3035RES20000mN4520000E4780000",400.000486668266,364.009710896963,0.910023170043912
"CRS3035RES20000mN4520000E4800000",400.000486643883,225.704674747965,0.564261000384501
"CRS3035RES20000mN4520000E4900000",400.000486507256,2.71936057126641,0.00679839315949704
"CRS3035RES20000mN4520000E4920000",400.000486476913,126.107541034805,0.315268469159934
"CRS3035RES20000mN4520000E4940000",400.00048644545,399.60044566815,0.998999899272986
"CRS3035RES20000mN4520000E4960000",400.000486413017,400.000486413017,1
"CRS3035RES20000mN4520000E4980000",400.000486379768,400.000486379768,1
"CRS3035RES20000mN4520000E5000000",400.000486345215,400.000486345215,1
"CRS3035RES20000mN4520000E5020000",400.000486309883,400.000486309883,1
"CRS3035RES20000mN4520000E5040000",400.000486273582,400.000486273582,1
"CRS3035RES20000mN4520000E5060000",400.00048623629,400.00048623629,1
"CRS3035RES20000mN4520000E5080000",400.000486197769,400.000486197769,1
"CRS3035RES20000mN4520000E5100000",400.000486158524,400.000486158524,1
"CRS3035RES20000mN4520000E5120000",400.000486118172,400.000486118172,1
"CRS3035RES20000mN4520000E5140000",400.000486076813,400.000486076813,1
"CRS3035RES20000mN4520000E5160000",400.000486034477,400.000486034477,1
"CRS3035RES20000mN4520000E5180000",400.00048599118,400.00048599118,1
"CRS3035RES20000mN4520000E5200000",400.000485946899,400.000485946899,1
"CRS3035RES20000mN4520000E5220000",400.000485901711,400.000485901711,1
"CRS3035RES20000mN4520000E5240000",400.000485855423,400.000485855423,1
"CRS3035RES20000mN4520000E5260000",400.000485808228,400.000485808228,1
"CRS3035RES20000mN4520000E5280000",400.000485759949,400.000485759949,1
"CRS3035RES20000mN4520000E5300000",400.00048571077,400.00048571077,1
"CRS3035RES20000mN4520000E5320000",400.00048566066,400.00048566066,1
"CRS3035RES20000mN4520000E5340000",400.000485609604,400.000485609604,1
"CRS3035RES20000mN4520000E5360000",400.000485557388,400.000485557388,1
"CRS3035RES20000mN4520000E5380000",400.000485504196,400.000485504196,1
"CRS3035RES20000mN4540000E4300000",400.000486851451,19.4518121680351,0.0486294712317661
"CRS3035RES20000mN4540000E4320000",400.000486851582,338.162191920681,0.845404450835466
"CRS3035RES20000mN4540000E4340000",400.000486850538,400.000486850538,1
"CRS3035RES20000mN4540000E4360000",400.000486848498,372.259688758718,0.930648089185235
"CRS3035RES20000mN4540000E4380000",400.000486845552,293.640788561268,0.73410107791856
"CRS3035RES20000mN4540000E4400000",400.000486841486,400.000486841486,1
"CRS3035RES20000mN4540000E4420000",400.000486836504,400.000486836504,1
"CRS3035RES20000mN4540000E4440000",400.000486830536,400.000486830536,1
"CRS3035RES20000mN4540000E4460000",400.000486823505,400.000486823505,1
"CRS3035RES20000mN4540000E4480000",400.000486815422,400.000486815422,1
"CRS3035RES20000mN4540000E4500000",400.000486806246,400.000486806246,1
"CRS3035RES20000mN4540000E4520000",400.000486796246,400.000486796246,1
"CRS3035RES20000mN4540000E4540000",400.000486784958,400.000486784958,1
"CRS3035RES20000mN4540000E4560000",400.000486772922,400.000486772922,1
"CRS3035RES20000mN4540000E4580000",400.000486759659,400.000486759659,1
"CRS3035RES20000mN4540000E4600000",400.000486745449,400.000486745449,1
"CRS3035RES20000mN4540000E4620000",400.000486730282,400.000486730282,1
"CRS3035RES20000mN4540000E4640000",400.000486714115,400.000486714115,1
"CRS3035RES20000mN4540000E4660000",400.00048669706,400.00048669706,1
"CRS3035RES20000mN4540000E4680000",400.000486678688,400.000486678688,1
"CRS3035RES20000mN4540000E4700000",400.0004866595,400.0004866595,1
"CRS3035RES20000mN4540000E4720000",400.000486639256,400.000486639256,1
"CRS3035RES20000mN4540000E4740000",400.000486618042,400.000486618042,1
"CRS3035RES20000mN4540000E4760000",400.000486595772,400.000486595772,1
"CRS3035RES20000mN4540000E4780000",400.000486572456,400.000486572456,1
"CRS3035RES20000mN4540000E4800000",400.000486548203,396.577513696986,0.991442578280954
"CRS3035RES20000mN4540000E4820000",400.000486522919,248.170094383175,0.620424481331113
"CRS3035RES20000mN4540000E4840000",400.000486496628,16.1242259462762,0.0403105158383654
"CRS3035RES20000mN4540000E4860000",400.000486469421,11.7063639199276,0.0292658742074368
"CRS3035RES20000mN4540000E4920000",400.000486381531,22.0297493826479,0.0550743064888061
"CRS3035RES20000mN4540000E4940000",400.000486350182,387.77380045867,0.969433322436494
"CRS3035RES20000mN4540000E4960000",400.000486318031,400.000486318031,1
"CRS3035RES20000mN4540000E4980000",400.000486284645,400.000486284645,1
"CRS3035RES20000mN4540000E5000000",400.000486250404,400.000486250404,1
"CRS3035RES20000mN4540000E5020000",400.000486215256,400.000486215256,1
"CRS3035RES20000mN4540000E5040000",400.000486178787,400.000486178787,1
"CRS3035RES20000mN4540000E5060000",400.000486141556,400.000486141556,1
"CRS3035RES20000mN4540000E5080000",400.000486103355,400.000486103355,1
"CRS3035RES20000mN4540000E5100000",400.000486064064,400.000486064064,1
"CRS3035RES20000mN4540000E5120000",400.000486023758,400.000486023758,1
"CRS3035RES20000mN4540000E5140000",400.000485982582,400.000485982582,1
"CRS3035RES20000mN4540000E5160000",400.000485940422,400.000485940422,1
"CRS3035RES20000mN4540000E5180000",400.000485897308,400.000485897308,1
"CRS3035RES20000mN4540000E5200000",400.000485853035,400.000485853035,1
"CRS3035RES20000mN4540000E5220000",400.000485807877,400.000485807877,1
"CRS3035RES20000mN4540000E5240000",400.00048576181,400.00048576181,1
"CRS3035RES20000mN4540000E5260000",400.00048571463,400.00048571463,1
"CRS3035RES20000mN4540000E5280000",400.00048566658,400.00048566658,1
"CRS3035RES20000mN4540000E5300000",400.000485617477,400.000485617477,1
"CRS3035RES20000mN4540000E5320000",400.000485567551,400.000485567551,1
"CRS3035RES20000mN4540000E5340000",400.000485516403,400.000485516403,1
"CRS3035RES20000mN4540000E5360000",400.000485464539,400.000485464539,1
"CRS3035RES20000mN4540000E5380000",400.000485411591,400.000485411591,1
"CRS3035RES20000mN4540000E5400000",400.000485357819,400.000485357819,1
"CRS3035RES20000mN4560000E4320000",400.000486754002,95.9585430615629,0.239896065727982
"CRS3035RES20000mN4560000E4340000",400.000486753026,385.715152381171,0.964286707529244
"CRS3035RES20000mN4560000E4360000",400.00048675115,400.00048675115,1
"CRS3035RES20000mN4560000E4380000",400.00048674807,400.00048674807,1
"CRS3035RES20000mN4560000E4400000",400.000486744042,400.000486744042,1
"CRS3035RES20000mN4560000E4420000",400.000486739077,400.000486739077,1
"CRS3035RES20000mN4560000E4440000",400.00048673303,400.00048673303,1
"CRS3035RES20000mN4560000E4460000",400.000486725929,400.000486725929,1
"CRS3035RES20000mN4560000E4480000",400.000486717842,400.000486717842,1
"CRS3035RES20000mN4560000E4500000",400.000486708794,400.000486708794,1
"CRS3035RES20000mN4560000E4520000",400.000486698666,400.000486698666,1
"CRS3035RES20000mN4560000E4540000",400.000486687641,400.000486687641,1
"CRS3035RES20000mN4560000E4560000",400.000486675491,400.000486675491,1
"CRS3035RES20000mN4560000E4580000",400.00048666235,400.00048666235,1
"CRS3035RES20000mN4560000E4600000",400.000486648479,400.000486648479,1
"CRS3035RES20000mN4560000E4620000",400.000486633167,400.000486633167,1
"CRS3035RES20000mN4560000E4640000",400.000486617016,400.000486617016,1
"CRS3035RES20000mN4560000E4660000",400.00048659972,400.00048659972,1
"CRS3035RES20000mN4560000E4680000",400.000486581646,400.000486581646,1
"CRS3035RES20000mN4560000E4700000",400.000486562443,400.000486562443,1
"CRS3035RES20000mN4560000E4720000",400.000486542316,400.000486542316,1
"CRS3035RES20000mN4560000E4740000",400.000486521103,400.000486521103,1
"CRS3035RES20000mN4560000E4760000",400.000486498879,400.000486498879,1
"CRS3035RES20000mN4560000E4780000",400.000486475655,400.000486475655,1
"CRS3035RES20000mN4560000E4800000",400.000486451591,400.000486451591,1
"CRS3035RES20000mN4560000E4820000",400.000486426254,395.633418331815,0.98908234304049
"CRS3035RES20000mN4560000E4840000",400.00048640007,193.840014305628,0.484599446491059
"CRS3035RES20000mN4560000E4860000",400.000486372818,0.718756258256495,0.00179688846074698
"CRS3035RES20000mN4560000E4940000",400.000486254074,152.593024533986,0.381482097591904
"CRS3035RES20000mN4560000E4960000",400.000486221771,396.774814360557,0.991935830149403
"CRS3035RES20000mN4560000E4980000",400.000486188606,400.000486188606,1
"CRS3035RES20000mN4560000E5000000",400.000486154442,400.000486154442,1
"CRS3035RES20000mN4560000E5020000",400.000486119163,400.000486119163,1
"CRS3035RES20000mN4560000E5040000",400.000486083107,400.000486083107,1
"CRS3035RES20000mN4560000E5060000",400.000486045891,400.000486045891,1
"CRS3035RES20000mN4560000E5080000",400.000486007782,400.000486007782,1
"CRS3035RES20000mN4560000E5100000",400.000485968628,400.000485968628,1
"CRS3035RES20000mN4560000E5120000",400.000485928581,400.000485928581,1
"CRS3035RES20000mN4560000E5140000",400.000485887413,400.000485887413,1
"CRS3035RES20000mN4560000E5160000",400.000485845299,400.000485845299,1
"CRS3035RES20000mN4560000E5180000",400.000485802277,400.000485802277,1
"CRS3035RES20000mN4560000E5200000",400.000485758095,400.000485758095,1
"CRS3035RES20000mN4560000E5220000",400.000485713066,400.000485713066,1
"CRS3035RES20000mN4560000E5240000",400.000485666992,400.000485666992,1
"CRS3035RES20000mN4560000E5260000",400.000485620071,400.000485620071,1
"CRS3035RES20000mN4560000E5280000",400.00048557222,400.00048557222,1
"CRS3035RES20000mN4560000E5300000",400.000485523239,400.000485523239,1
"CRS3035RES20000mN4560000E5320000",400.000485473389,400.000485473389,1
"CRS3035RES20000mN4560000E5340000",400.000485422592,400.000485422592,1
"CRS3035RES20000mN4560000E5360000",400.000485370743,400.000485370743,1
"CRS3035RES20000mN4560000E5380000",400.000485317841,400.000485317841,1
"CRS3035RES20000mN4560000E5400000",400.000485264084,400.000485264084,1
"CRS3035RES20000mN4580000E4340000",400.000486654541,157.536842675385,0.393841627526421
"CRS3035RES20000mN4580000E4360000",400.000486652437,367.824643812335,0.919560490764953
"CRS3035RES20000mN4580000E4380000",400.000486649549,309.211999537899,0.773029058359141
"CRS3035RES20000mN4580000E4400000",400.000486645508,399.729179873986,0.999321733896384
"CRS3035RES20000mN4580000E4420000",400.000486640586,400.000486640586,1
"CRS3035RES20000mN4580000E4440000",400.000486634491,400.000486634491,1
"CRS3035RES20000mN4580000E4460000",400.000486627546,400.000486627546,1
"CRS3035RES20000mN4580000E4480000",400.000486619505,400.000486619505,1
"CRS3035RES20000mN4580000E4500000",400.000486610382,400.000486610382,1
"CRS3035RES20000mN4580000E4520000",400.000486600342,400.000486600342,1
"CRS3035RES20000mN4580000E4540000",400.000486589378,400.000486589378,1
"CRS3035RES20000mN4580000E4560000",400.000486577137,400.000486577137,1
"CRS3035RES20000mN4580000E4580000",400.000486564198,400.000486564198,1
"CRS3035RES20000mN4580000E4600000",400.000486549877,400.000486549877,1
"CRS3035RES20000mN4580000E4620000",400.000486534855,400.000486534855,1
"CRS3035RES20000mN4580000E4640000",400.000486518864,400.000486518864,1
"CRS3035RES20000mN4580000E4660000",400.000486501766,400.000486501766,1
"CRS3035RES20000mN4580000E4680000",400.00048648357,400.00048648357,1
"CRS3035RES20000mN4580000E4700000",400.00048646447,400.00048646447,1
"CRS3035RES20000mN4580000E4720000",400.000486444408,400.000486444408,1
"CRS3035RES20000mN4580000E4740000",400.00048642318,400.00048642318,1
"CRS3035RES20000mN4580000E4760000",400.000486401131,400.000486401131,1
"CRS3035RES20000mN4580000E4780000",400.00048637793,400.00048637793,1
"CRS3035RES20000mN4580000E4800000",400.000486353676,400.000486353676,1
"CRS3035RES20000mN4580000E4820000",400.000486328636,400.000486328636,1
"CRS3035RES20000mN4580000E4840000",400.000486302475,295.641560192594,0.739103001912438
"CRS3035RES20000mN4580000E4940000",400.00048615683,1.66987654048848,0.00417468627734059
"CRS3035RES20000mN4580000E4960000",400.000486124725,249.716067032037,0.6242894088738
"CRS3035RES20000mN4580000E4980000",400.000486091667,400.000486091667,1
"CRS3035RES20000mN4580000E5000000",400.000486057495,400.000486057495,1
"CRS3035RES20000mN4580000E5020000",400.0004860224,400.0004860224,1
"CRS3035RES20000mN4580000E5040000",400.000485986259,400.000485986259,1
"CRS3035RES20000mN4580000E5060000",400.000485949242,400.000485949242,1
"CRS3035RES20000mN4580000E5080000",400.000485911118,400.000485911118,1
"CRS3035RES20000mN4580000E5100000",400.00048587217,400.00048587217,1
"CRS3035RES20000mN4580000E5120000",400.000485832138,400.000485832138,1
"CRS3035RES20000mN4580000E5140000",400.000485791077,400.000485791077,1
"CRS3035RES20000mN4580000E5160000",400.000485749153,400.000485749153,1
"CRS3035RES20000mN4580000E5180000",400.000485706238,400.000485706238,1
"CRS3035RES20000mN4580000E5200000",400.000485662354,400.000485662354,1
"CRS3035RES20000mN4580000E5220000",400.000485617493,400.000485617493,1
"CRS3035RES20000mN4580000E5240000",400.000485571594,400.000485571594,1
"CRS3035RES20000mN4580000E5260000",400.000485524719,400.000485524719,1
"CRS3035RES20000mN4580000E5280000",400.000485476852,400.000485476852,1
"CRS3035RES20000mN4580000E5300000",400.000485428085,400.000485428085,1
"CRS3035RES20000mN4580000E5320000",400.00048537822,400.00048537822,1
"CRS3035RES20000mN4580000E5340000",400.000485327667,400.000485327667,1
"CRS3035RES20000mN4580000E5360000",400.000485275818,400.000485275818,1
"CRS3035RES20000mN4580000E5380000",400.000485223328,400.000485223328,1
"CRS3035RES20000mN4580000E5400000",400.000485169708,400.000485169708,1
"CRS3035RES20000mN4600000E4340000",400.000486554899,0.0870723034499139,0.000217680493841008
"CRS3035RES20000mN4600000E4360000",400.000486552948,141.519391409193,0.353798048169274
"CRS3035RES20000mN4600000E4380000",400.000486549902,270.767626795292,0.676918243601967
"CRS3035RES20000mN4600000E4400000",400.000486546032,388.17092287724,0.970426126800646
"CRS3035RES20000mN4600000E4420000",400.000486540916,400.000486540916,1
"CRS3035RES20000mN4600000E4440000",400.000486535006,400.000486535006,1
"CRS3035RES20000mN4600000E4460000",400.000486527906,400.000486527906,1
"CRS3035RES20000mN4600000E4480000",400.000486519865,400.000486519865,1
"CRS3035RES20000mN4600000E4500000",400.000486510958,400.000486510958,1
"CRS3035RES20000mN4600000E4520000",400.000486500967,400.000486500967,1
"CRS3035RES20000mN4600000E4540000",400.000486489819,400.000486489819,1
"CRS3035RES20000mN4600000E4560000",400.000486477871,400.000486477871,1
"CRS3035RES20000mN4600000E4580000",400.000486464771,400.000486464771,1
"CRS3035RES20000mN4600000E4600000",400.000486450741,400.000486450741,1
"CRS3035RES20000mN4600000E4620000",400.00048643565,400.00048643565,1
"CRS3035RES20000mN4600000E4640000",400.000486419464,400.000486419464,1
"CRS3035RES20000mN4600000E4660000",400.00048640247,400.00048640247,1
"CRS3035RES20000mN4600000E4680000",400.000486384598,400.000486384598,1
"CRS3035RES20000mN4600000E4700000",400.000486365456,400.000486365456,1
"CRS3035RES20000mN4600000E4720000",400.00048634531,400.00048634531,1
"CRS3035RES20000mN4600000E4740000",400.000486324226,400.000486324226,1
"CRS3035RES20000mN4600000E4760000",400.000486302116,400.000486302116,1
"CRS3035RES20000mN4600000E4780000",400.000486279099,400.000486279099,1
"CRS3035RES20000mN4600000E4800000",400.00048625499,400.00048625499,1
"CRS3035RES20000mN4600000E4820000",400.000486230026,400.000486230026,1
"CRS3035RES20000mN4600000E4840000",400.000486203835,365.491207728913,0.913726908678466
"CRS3035RES20000mN4600000E4860000",400.000486176918,25.5983642696753,0.0639958328909461
"CRS3035RES20000mN4600000E4960000",400.000486026627,67.6195821343299,0.169048749930341
"CRS3035RES20000mN4600000E4980000",400.000485993515,370.47718198952,0.926191829665742
"CRS3035RES20000mN4600000E5000000",400.000485959557,400.000485959557,1
"CRS3035RES20000mN4600000E5020000",400.000485924622,400.000485924622,1
"CRS3035RES20000mN4600000E5040000",400.000485888618,400.000485888618,1
"CRS3035RES20000mN4600000E5060000",400.000485851685,400.000485851685,1
"CRS3035RES20000mN4600000E5080000",400.000485813721,400.000485813721,1
"CRS3035RES20000mN4600000E5100000",400.000485774696,400.000485774696,1
"CRS3035RES20000mN4600000E5120000",400.00048573481,400.00048573481,1
"CRS3035RES20000mN4600000E5140000",400.000485693977,400.000485693977,1
"CRS3035RES20000mN4600000E5160000",400.000485652168,400.000485652168,1
"CRS3035RES20000mN4600000E5180000",400.000485609238,400.000485609238,1
"CRS3035RES20000mN4600000E5200000",400.000485565399,400.000485565399,1
"CRS3035RES20000mN4600000E5220000",400.000485520706,400.000485520706,1
"CRS3035RES20000mN4600000E5240000",400.000485474884,400.000485474884,1
"CRS3035RES20000mN4600000E5260000",400.000485428223,400.000485428223,1
"CRS3035RES20000mN4600000E5280000",400.00048538063,400.00048538063,1
"CRS3035RES20000mN4600000E5300000",400.00048533197,400.00048533197,1
"CRS3035RES20000mN4600000E5320000",400.000485282257,400.000485282257,1
"CRS3035RES20000mN4600000E5340000",400.000485231644,400.000485231644,1
"CRS3035RES20000mN4600000E5360000",400.000485180069,400.000485180069,1
"CRS3035RES20000mN4600000E5380000",400.000485127731,400.000485127731,1
"CRS3035RES20000mN4620000E4340000",400.000486454297,2.62227944971752,0.00655569065168408
"CRS3035RES20000mN4620000E4360000",400.000486452487,19.5181343190121,0.0487952764560713
"CRS3035RES20000mN4620000E4380000",400.000486449493,177.87814276601,0.444694816111106
"CRS3035RES20000mN4620000E4400000",400.000486445518,363.365029082958,0.908411467975679
"CRS3035RES20000mN4620000E4420000",400.000486440456,400.000486440456,1
"CRS3035RES20000mN4620000E4440000",400.000486434463,400.000486434463,1
"CRS3035RES20000mN4620000E4460000",400.000486427521,400.000486427521,1
"CRS3035RES20000mN4620000E4480000",400.00048641958,400.00048641958,1
"CRS3035RES20000mN4620000E4500000",400.000486410563,400.000486410563,1
"CRS3035RES20000mN4620000E4520000",400.000486400406,400.000486400406,1
"CRS3035RES20000mN4620000E4540000",400.000486389553,400.000486389553,1
"CRS3035RES20000mN4620000E4560000",400.000486377487,400.000486377487,1
"CRS3035RES20000mN4620000E4580000",400.000486364502,400.000486364502,1
"CRS3035RES20000mN4620000E4600000",400.00048635041,400.00048635041,1
"CRS3035RES20000mN4620000E4620000",400.000486335556,400.000486335556,1
"CRS3035RES20000mN4620000E4640000",400.000486319431,400.000486319431,1
"CRS3035RES20000mN4620000E4660000",400.000486302372,400.000486302372,1
"CRS3035RES20000mN4620000E4680000",400.000486284275,400.000486284275,1
"CRS3035RES20000mN4620000E4700000",400.000486265312,400.000486265312,1
"CRS3035RES20000mN4620000E4720000",400.000486245308,400.000486245308,1
"CRS3035RES20000mN4620000E4740000",400.000486224289,400.000486224289,1
"CRS3035RES20000mN4620000E4760000",400.000486202362,400.000486202362,1
"CRS3035RES20000mN4620000E4780000",400.000486179291,400.000486179291,1
"CRS3035RES20000mN4620000E4800000",400.000486155403,400.000486155403,1
"CRS3035RES20000mN4620000E4820000",400.000486130264,400.000486130264,1
"CRS3035RES20000mN4620000E4840000",400.000486104271,400.000486104271,1
"CRS3035RES20000mN4620000E4860000",400.00048607724,262.343053765282,0.655856837420502
"CRS3035RES20000mN4620000E4880000",400.000486049202,0.0152078325350434,3.80195351391966e-05
"CRS3035RES20000mN4620000E4980000",400.00048589463,252.046608691788,0.630115756304814
"CRS3035RES20000mN4620000E5000000",400.000485860649,400.000485860649,1
"CRS3035RES20000mN4620000E5020000",400.000485825653,400.000485825653,1
"CRS3035RES20000mN4620000E5040000",400.000485789886,400.000485789886,1
"CRS3035RES20000mN4620000E5060000",400.000485752968,400.000485752968,1
"CRS3035RES20000mN4620000E5080000",400.000485715164,400.000485715164,1
"CRS3035RES20000mN4620000E5100000",400.000485676537,400.000485676537,1
"CRS3035RES20000mN4620000E5120000",400.000485636681,400.000485636681,1
"CRS3035RES20000mN4620000E5140000",400.000485595818,400.000485595818,1
"CRS3035RES20000mN4620000E5160000",400.000485553986,400.000485553986,1
"CRS3035RES20000mN4620000E5180000",400.000485511383,400.000485511383,1
"CRS3035RES20000mN4620000E5200000",400.000485467712,400.000485467712,1
"CRS3035RES20000mN4620000E5220000",400.000485423111,400.000485423111,1
"CRS3035RES20000mN4620000E5240000",400.000485377487,400.000485377487,1
"CRS3035RES20000mN4620000E5260000",400.000485330811,400.000485330811,1
"CRS3035RES20000mN4620000E5280000",400.000485283203,400.000485283203,1
"CRS3035RES20000mN4620000E5300000",400.000485234711,400.000485234711,1
"CRS3035RES20000mN4620000E5320000",400.000485185379,400.000485185379,1
"CRS3035RES20000mN4620000E5340000",400.000485134979,400.000485134979,1
"CRS3035RES20000mN4620000E5360000",400.000485083557,400.000485083557,1
"CRS3035RES20000mN4640000E4340000",400.000486352834,22.1530682104845,0.0553826031874961
"CRS3035RES20000mN4640000E4360000",400.000486350801,139.457842396128,0.348644182081877
"CRS3035RES20000mN4640000E4380000",400.000486347888,100.456006632747,0.251139711228698
"CRS3035RES20000mN4640000E4400000",400.000486343803,291.795267278609,0.729487281242474
"CRS3035RES20000mN4640000E4420000",400.000486338909,383.0642015959,0.957659339622253
"CRS3035RES20000mN4640000E4440000",400.000486332964,400.000486332964,1
"CRS3035RES20000mN4640000E4460000",400.000486326109,400.000486326109,1
"CRS3035RES20000mN4640000E4480000",400.000486318027,400.000486318027,1
"CRS3035RES20000mN4640000E4500000",400.000486308922,400.000486308922,1
"CRS3035RES20000mN4640000E4520000",400.000486299126,400.000486299126,1
"CRS3035RES20000mN4640000E4540000",400.000486288055,400.000486288055,1
"CRS3035RES20000mN4640000E4560000",400.000486276077,400.000486276077,1
"CRS3035RES20000mN4640000E4580000",400.000486263103,400.000486263103,1
"CRS3035RES20000mN4640000E4600000",400.000486249241,400.000486249241,1
"CRS3035RES20000mN4640000E4620000",400.000486234108,400.000486234108,1
"CRS3035RES20000mN4640000E4640000",400.000486218285,400.000486218285,1
"CRS3035RES20000mN4640000E4660000",400.000486201374,400.000486201374,1
"CRS3035RES20000mN4640000E4680000",400.000486183304,400.000486183304,1
"CRS3035RES20000mN4640000E4700000",400.00048616433,400.00048616433,1
"CRS3035RES20000mN4640000E4720000",400.000486144264,400.000486144264,1
"CRS3035RES20000mN4640000E4740000",400.00048612339,400.00048612339,1
"CRS3035RES20000mN4640000E4760000",400.000486101433,400.000486101433,1
"CRS3035RES20000mN4640000E4780000",400.000486078514,400.000486078514,1
"CRS3035RES20000mN4640000E4800000",400.000486054535,400.000486054535,1
"CRS3035RES20000mN4640000E4820000",400.000486029648,400.000486029648,1
"CRS3035RES20000mN4640000E4840000",400.000486003738,396.206424159059,0.990514856912838
"CRS3035RES20000mN4640000E4860000",400.000485976799,184.824387231425,0.46206040670197
"CRS3035RES20000mN4640000E4880000",400.000485948982,0.0805552687381804,0.000201387927184805
"CRS3035RES20000mN4640000E4980000",400.000485794525,90.8078190042317,0.227019271798781
"CRS3035RES20000mN4640000E5000000",400.000485760849,400.000485760849,1
"CRS3035RES20000mN4640000E5020000",400.000485726028,400.000485726028,1
"CRS3035RES20000mN4640000E5040000",400.000485690269,400.000485690269,1
"CRS3035RES20000mN4640000E5060000",400.000485653488,400.000485653488,1
"CRS3035RES20000mN4640000E5080000",400.00048561573,400.00048561573,1
"CRS3035RES20000mN4640000E5100000",400.000485577011,400.000485577011,1
"CRS3035RES20000mN4640000E5120000",400.000485537315,400.000485537315,1
"CRS3035RES20000mN4640000E5140000",400.000485496841,400.000485496841,1
"CRS3035RES20000mN4640000E5160000",400.000485455078,400.000485455078,1
"CRS3035RES20000mN4640000E5180000",400.000485412476,400.000485412476,1
"CRS3035RES20000mN4640000E5200000",400.000485368958,400.000485368958,1
"CRS3035RES20000mN4640000E5220000",400.000485324371,400.000485324371,1
"CRS3035RES20000mN4640000E5240000",400.000485278854,400.000485278854,1
"CRS3035RES20000mN4640000E5260000",400.000485232498,400.000485232498,1
"CRS3035RES20000mN4640000E5280000",400.00048518515,400.00048518515,1
"CRS3035RES20000mN4640000E5300000",400.000485136627,400.000485136627,1
"CRS3035RES20000mN4640000E5320000",400.000485087326,400.000485087326,1
"CRS3035RES20000mN4660000E4380000",400.000486245378,43.4785193374762,0.10869616621117
"CRS3035RES20000mN4660000E4400000",400.000486241345,54.9399202929589,0.13734963376972
"CRS3035RES20000mN4660000E4420000",400.00048623645,242.299969471074,0.605749187334348
"CRS3035RES20000mN4660000E4440000",400.000486230507,357.177311858128,0.892942194205981
"CRS3035RES20000mN4660000E4460000",400.000486223419,400.000486223419,1
"CRS3035RES20000mN4660000E4480000",400.000486215513,400.000486215513,1
"CRS3035RES20000mN4660000E4500000",400.000486206676,400.000486206676,1
"CRS3035RES20000mN4660000E4520000",400.00048619664,400.00048619664,1
"CRS3035RES20000mN4660000E4540000",400.000486185661,400.000486185661,1
"CRS3035RES20000mN4660000E4560000",400.000486173855,400.000486173855,1
"CRS3035RES20000mN4660000E4580000",400.000486160919,400.000486160919,1
"CRS3035RES20000mN4660000E4600000",400.000486146954,400.000486146954,1
"CRS3035RES20000mN4660000E4620000",400.000486131905,400.000486131905,1
"CRS3035RES20000mN4660000E4640000",400.000486116077,400.000486116077,1
"CRS3035RES20000mN4660000E4660000",400.000486099018,400.000486099018,1
"CRS3035RES20000mN4660000E4680000",400.000486081261,400.000486081261,1
"CRS3035RES20000mN4660000E4700000",400.000486062283,400.000486062283,1
"CRS3035RES20000mN4660000E4720000",400.00048604245,400.00048604245,1
"CRS3035RES20000mN4660000E4740000",400.000486021454,400.000486021454,1
"CRS3035RES20000mN4660000E4760000",400.000485999596,400.000485999596,1
"CRS3035RES20000mN4660000E4780000",400.000485976677,400.000485976677,1
"CRS3035RES20000mN4660000E4800000",400.000485952789,400.000485952789,1
"CRS3035RES20000mN4660000E4820000",400.000485927986,400.000485927986,1
"CRS3035RES20000mN4660000E4840000",400.000485902054,279.077996281428,0.697694143176027
"CRS3035RES20000mN4660000E4860000",400.000485875366,4.09712497713108,0.0102428000010172
"CRS3035RES20000mN4660000E4980000",400.000485693687,1.2684592277329,0.00317114421882042
"CRS3035RES20000mN4660000E5000000",400.00048565995,297.349008898396,0.74337161968143
"CRS3035RES20000mN4660000E5020000",400.000485625229,400.000485625229,1
"CRS3035RES20000mN4660000E5040000",400.000485589516,400.000485589516,1
"CRS3035RES20000mN4660000E5060000",400.000485552849,400.000485552849,1
"CRS3035RES20000mN4660000E5080000",400.000485515289,400.000485515289,1
"CRS3035RES20000mN4660000E5100000",400.000485476707,400.000485476707,1
"CRS3035RES20000mN4660000E5120000",400.00048543708,400.00048543708,1
"CRS3035RES20000mN4660000E5140000",400.00048539653,400.00048539653,1
"CRS3035RES20000mN4660000E5160000",400.000485355255,400.000485355255,1
"CRS3035RES20000mN4660000E5180000",400.000485312607,400.000485312607,1
"CRS3035RES20000mN4660000E5200000",400.000485269211,400.000485269211,1
"CRS3035RES20000mN4660000E5220000",400.000485224945,400.000485224945,1
"CRS3035RES20000mN4660000E5240000",400.00048517955,400.00048517955,1
"CRS3035RES20000mN4660000E5260000",400.000485133194,400.000485133194,1
"CRS3035RES20000mN4660000E5280000",400.000485085907,400.000485085907,1
"CRS3035RES20000mN4660000E5300000",400.000485037735,400.000485037735,1
"CRS3035RES20000mN4680000E4400000",400.000486137854,8.80546337723756,0.0220136316889447
"CRS3035RES20000mN4680000E4420000",400.000486132961,235.55365724709,0.588883427428614
"CRS3035RES20000mN4680000E4440000",400.000486127007,345.714383953505,0.864284909503172
"CRS3035RES20000mN4680000E4460000",400.000486120024,400.000486120024,1
"CRS3035RES20000mN4680000E4480000",400.000486112209,400.000486112209,1
"CRS3035RES20000mN4680000E4500000",400.000486103271,400.000486103271,1
"CRS3035RES20000mN4680000E4520000",400.000486093304,400.000486093304,1
"CRS3035RES20000mN4680000E4540000",400.000486082481,400.000486082481,1
"CRS3035RES20000mN4680000E4560000",400.000486070454,400.000486070454,1
"CRS3035RES20000mN4680000E4580000",400.000486057499,400.000486057499,1
"CRS3035RES20000mN4680000E4600000",400.00048604364,400.00048604364,1
"CRS3035RES20000mN4680000E4620000",400.00048602903,400.00048602903,1
"CRS3035RES20000mN4680000E4640000",400.000486012943,400.000486012943,1
"CRS3035RES20000mN4680000E4660000",400.000485995991,400.000485995991,1
"CRS3035RES20000mN4680000E4680000",400.000485978001,400.000485978001,1
"CRS3035RES20000mN4680000E4700000",400.00048595932,400.00048595932,1
"CRS3035RES20000mN4680000E4720000",400.000485939507,400.000485939507,1
"CRS3035RES20000mN4680000E4740000",400.000485918663,400.000485918663,1
"CRS3035RES20000mN4680000E4760000",400.000485896782,400.000485896782,1
"CRS3035RES20000mN4680000E4780000",400.000485874016,400.000485874016,1
"CRS3035RES20000mN4680000E4800000",400.000485850189,400.000485850189,1
"CRS3035RES20000mN4680000E4820000",400.000485825348,400.000485825348,1
"CRS3035RES20000mN4680000E4840000",400.000485799751,300.76575946176,0.75191348545594
"CRS3035RES20000mN4680000E4860000",400.000485772751,0.313708349305838,0.000784269920822204
"CRS3035RES20000mN4680000E5000000",400.00048555806,213.014622990712,0.53253591103402
"CRS3035RES20000mN4680000E5020000",400.000485523491,400.000485523491,1
"CRS3035RES20000mN4680000E5040000",400.00048548793,400.00048548793,1
"CRS3035RES20000mN4680000E5060000",400.000485451477,400.000485451477,1
"CRS3035RES20000mN4680000E5080000",400.000485414017,400.000485414017,1
"CRS3035RES20000mN4680000E5100000",400.000485375328,400.000485375328,1
"CRS3035RES20000mN4680000E5120000",400.000485336121,400.000485336121,1
"CRS3035RES20000mN4680000E5140000",400.000485295593,400.000485295593,1
"CRS3035RES20000mN4680000E5160000",400.00048525415,400.00048525415,1
"CRS3035RES20000mN4680000E5180000",400.000485211975,400.000485211975,1
"CRS3035RES20000mN4680000E5200000",400.000485168533,400.000485168533,1
"CRS3035RES20000mN4680000E5220000",400.000485124145,400.000485124145,1
"CRS3035RES20000mN4680000E5240000",400.000485078995,400.000485078995,1
"CRS3035RES20000mN4680000E5260000",400.000485032898,400.000485032898,1
"CRS3035RES20000mN4680000E5280000",400.000484985733,400.000484985733,1
"CRS3035RES20000mN4680000E5300000",400.000484937683,400.000484937683,1
"CRS3035RES20000mN4700000E4420000",400.000486028332,195.025390444506,0.487562883687829
"CRS3035RES20000mN4700000E4440000",400.000486022427,353.966881702088,0.88491612903251
"CRS3035RES20000mN4700000E4460000",400.000486015543,400.000486015543,1
"CRS3035RES20000mN4700000E4480000",400.000486007612,400.000486007612,1
"CRS3035RES20000mN4700000E4500000",400.000485998711,400.000485998711,1
"CRS3035RES20000mN4700000E4520000",400.000485988884,400.000485988884,1
"CRS3035RES20000mN4700000E4540000",400.000485977951,400.000485977951,1
"CRS3035RES20000mN4700000E4560000",400.000485966057,400.000485966057,1
"CRS3035RES20000mN4700000E4580000",400.000485953213,400.000485953213,1
"CRS3035RES20000mN4700000E4600000",400.000485939407,400.000485939407,1
"CRS3035RES20000mN4700000E4620000",400.00048592448,400.00048592448,1
"CRS3035RES20000mN4700000E4640000",400.000485908634,400.000485908634,1
"CRS3035RES20000mN4700000E4660000",400.000485891895,400.000485891895,1
"CRS3035RES20000mN4700000E4680000",400.000485874207,400.000485874207,1
"CRS3035RES20000mN4700000E4700000",400.00048585527,400.00048585527,1
"CRS3035RES20000mN4700000E4720000",400.000485835464,400.000485835464,1
"CRS3035RES20000mN4700000E4740000",400.000485814796,400.000485814796,1
"CRS3035RES20000mN4700000E4760000",400.000485792946,400.000485792946,1
"CRS3035RES20000mN4700000E4780000",400.000485770134,400.000485770134,1
"CRS3035RES20000mN4700000E4800000",400.000485746452,400.000485746452,1
"CRS3035RES20000mN4700000E4820000",400.000485721748,400.000485721748,1
"CRS3035RES20000mN4700000E4840000",400.000485696014,400.000485696014,1
"CRS3035RES20000mN4700000E4860000",400.000485669403,89.1874526779239,0.222968360972533
"CRS3035RES20000mN4700000E5000000",400.000485455299,66.9133275866803,0.167283115945513
"CRS3035RES20000mN4700000E5020000",400.000485420853,363.561185226589,0.908901860066682
"CRS3035RES20000mN4700000E5040000",400.000485385437,365.07492022957,0.912686193062459
"CRS3035RES20000mN4700000E5060000",400.000485348824,400.000485348824,1
"CRS3035RES20000mN4700000E5080000",400.000485311432,400.000485311432,1
"CRS3035RES20000mN4700000E5100000",400.00048527327,400.00048527327,1
"CRS3035RES20000mN4700000E5120000",400.000485233795,400.000485233795,1
"CRS3035RES20000mN4700000E5140000",400.000485193497,400.000485193497,1
"CRS3035RES20000mN4700000E5160000",400.000485152206,400.000485152206,1
"CRS3035RES20000mN4700000E5180000",400.000485110107,400.000485110107,1
"CRS3035RES20000mN4700000E5200000",400.000485066956,400.000485066956,1
"CRS3035RES20000mN4700000E5220000",400.000485022949,400.000485022949,1
"CRS3035RES20000mN4700000E5240000",400.000484977798,400.000484977798,1
"CRS3035RES20000mN4700000E5260000",400.000484931686,400.000484931686,1
"CRS3035RES20000mN4700000E5280000",400.000484884705,400.000484884705,1
"CRS3035RES20000mN4700000E5300000",400.000484836777,400.000484836777,1
"CRS3035RES20000mN4720000E4400000",400.000485927632,93.803548987195,0.234508587582481
"CRS3035RES20000mN4720000E4420000",400.000485922878,139.246282877224,0.348115284300108
"CRS3035RES20000mN4720000E4440000",400.000485916862,364.004125968121,0.910009209448253
"CRS3035RES20000mN4720000E4460000",400.000485910109,400.000485910109,1
"CRS3035RES20000mN4720000E4480000",400.000485902128,400.000485902128,1
"CRS3035RES20000mN4720000E4500000",400.000485893303,400.000485893303,1
"CRS3035RES20000mN4720000E4520000",400.000485883472,400.000485883472,1
"CRS3035RES20000mN4720000E4540000",400.000485872555,400.000485872555,1
"CRS3035RES20000mN4720000E4560000",400.000485860805,400.000485860805,1
"CRS3035RES20000mN4720000E4580000",400.000485848038,400.000485848038,1
"CRS3035RES20000mN4720000E4600000",400.00048583416,400.00048583416,1
"CRS3035RES20000mN4720000E4620000",400.00048581934,400.00048581934,1
"CRS3035RES20000mN4720000E4640000",400.000485803555,400.000485803555,1
"CRS3035RES20000mN4720000E4660000",400.000485786789,400.000485786789,1
"CRS3035RES20000mN4720000E4680000",400.000485769062,400.000485769062,1
"CRS3035RES20000mN4720000E4700000",400.000485750214,400.000485750214,1
"CRS3035RES20000mN4720000E4720000",400.00048573056,400.00048573056,1
"CRS3035RES20000mN4720000E4740000",400.00048570974,400.00048570974,1
"CRS3035RES20000mN4720000E4760000",400.00048568821,400.00048568821,1
"CRS3035RES20000mN4720000E4780000",400.000485665535,400.000485665535,1
"CRS3035RES20000mN4720000E4800000",400.000485641846,400.000485641846,1
"CRS3035RES20000mN4720000E4820000",400.000485617188,400.000485617188,1
"CRS3035RES20000mN4720000E4840000",400.000485591606,344.242665839412,0.860605619841368
"CRS3035RES20000mN4720000E4860000",400.000485565018,77.5385198970439,0.193846064430441
"CRS3035RES20000mN4720000E5000000",400.000485351578,133.167870482528,0.332919272249084
"CRS3035RES20000mN4720000E5020000",400.000485317177,47.2466709848173,0.118116534152086
"CRS3035RES20000mN4720000E5040000",400.000485281776,311.864007037219,0.779659071707199
"CRS3035RES20000mN4720000E5060000",400.000485245537,400.000485245537,1
"CRS3035RES20000mN4720000E5080000",400.000485208145,400.000485208145,1
"CRS3035RES20000mN4720000E5100000",400.000485169983,400.000485169983,1
"CRS3035RES20000mN4720000E5120000",400.000485130737,400.000485130737,1
"CRS3035RES20000mN4720000E5140000",400.000485090652,400.000485090652,1
"CRS3035RES20000mN4720000E5160000",400.000485049606,400.000485049606,1
"CRS3035RES20000mN4720000E5180000",400.000485007385,400.000485007385,1
"CRS3035RES20000mN4720000E5200000",400.000484964447,400.000484964447,1
"CRS3035RES20000mN4720000E5220000",400.000484920349,400.000484920349,1
"CRS3035RES20000mN4720000E5240000",400.000484875443,400.000484875443,1
"CRS3035RES20000mN4720000E5260000",400.000484829559,400.000484829559,1
"CRS3035RES20000mN4720000E5280000",400.000484782776,400.000484782776,1
"CRS3035RES20000mN4740000E4420000",400.000485816359,37.3718976736531,0.0934296307100253
"CRS3035RES20000mN4740000E4440000",400.00048581061,350.366139354671,0.875914284565547
"CRS3035RES20000mN4740000E4460000",400.00048580368,379.945275450686,0.949862035010535
"CRS3035RES20000mN4740000E4480000",400.00048579579,400.00048579579,1
"CRS3035RES20000mN4740000E4500000",400.000485786985,400.000485786985,1
"CRS3035RES20000mN4740000E4520000",400.000485777073,400.000485777073,1
"CRS3035RES20000mN4740000E4540000",400.000485766312,400.000485766312,1
"CRS3035RES20000mN4740000E4560000",400.00048575449,400.00048575449,1
"CRS3035RES20000mN4740000E4580000",400.000485741615,400.000485741615,1
"CRS3035RES20000mN4740000E4600000",400.000485727947,400.000485727947,1
"CRS3035RES20000mN4740000E4620000",400.000485713108,400.000485713108,1
"CRS3035RES20000mN4740000E4640000",400.000485697479,400.000485697479,1
"CRS3035RES20000mN4740000E4660000",400.000485680683,400.000485680683,1
"CRS3035RES20000mN4740000E4680000",400.000485662941,400.000485662941,1
"CRS3035RES20000mN4740000E4700000",400.000485644432,400.000485644432,1
"CRS3035RES20000mN4740000E4720000",400.000485624649,400.000485624649,1
"CRS3035RES20000mN4740000E4740000",400.000485604065,400.000485604065,1
"CRS3035RES20000mN4740000E4760000",400.000485582329,400.000485582329,1
"CRS3035RES20000mN4740000E4780000",400.000485559837,400.000485559837,1
"CRS3035RES20000mN4740000E4800000",400.000485536163,400.000485536163,1
"CRS3035RES20000mN4740000E4820000",400.000485511597,400.000485511597,1
"CRS3035RES20000mN4740000E4840000",400.000485486122,384.534374920069,0.961334770513447
"CRS3035RES20000mN4740000E4860000",400.000485459656,230.790677693593,0.576975993987564
"CRS3035RES20000mN4740000E4880000",400.000485432053,33.1691518714266,0.0829227790451295
"CRS3035RES20000mN4740000E5020000",400.000485212494,79.275662695483,0.198188916329362
"CRS3035RES20000mN4740000E5040000",400.000485177208,387.992469259876,0.969979996619224
"CRS3035RES20000mN4740000E5060000",400.000485141052,400.000485141052,1
"CRS3035RES20000mN4740000E5080000",400.000485104019,400.000485104019,1
"CRS3035RES20000mN4740000E5100000",400.000485065796,400.000485065796,1
"CRS3035RES20000mN4740000E5120000",400.000485026733,400.000485026733,1
"CRS3035RES20000mN4740000E5140000",400.000484986755,400.000484986755,1
"CRS3035RES20000mN4740000E5160000",400.000484945679,400.000484945679,1
"CRS3035RES20000mN4740000E5180000",400.000484903732,400.000484903732,1
"CRS3035RES20000mN4740000E5200000",400.000484860825,400.000484860825,1
"CRS3035RES20000mN4740000E5220000",400.000484817093,400.000484817093,1
"CRS3035RES20000mN4740000E5240000",400.000484772232,400.000484772232,1
"CRS3035RES20000mN4740000E5260000",400.000484726486,400.000484726486,1
"CRS3035RES20000mN4760000E4420000",400.000485708969,118.334262276505,0.29583529646662
"CRS3035RES20000mN4760000E4440000",400.000485703028,223.025649055709,0.557563445613639
"CRS3035RES20000mN4760000E4460000",400.000485696238,388.592510893913,0.971480097624212
"CRS3035RES20000mN4760000E4480000",400.000485688499,400.000485688499,1
"CRS3035RES20000mN4760000E4500000",400.000485679459,400.000485679459,1
"CRS3035RES20000mN4760000E4520000",400.000485669743,400.000485669743,1
"CRS3035RES20000mN4760000E4540000",400.000485659023,400.000485659023,1
"CRS3035RES20000mN4760000E4560000",400.000485647209,400.000485647209,1
"CRS3035RES20000mN4760000E4580000",400.000485634529,400.000485634529,1
"CRS3035RES20000mN4760000E4600000",400.000485620674,400.000485620674,1
"CRS3035RES20000mN4760000E4620000",400.000485606117,400.000485606117,1
"CRS3035RES20000mN4760000E4640000",400.000485590378,400.000485590378,1
"CRS3035RES20000mN4760000E4660000",400.000485573772,400.000485573772,1
"CRS3035RES20000mN4760000E4680000",400.000485556076,400.000485556076,1
"CRS3035RES20000mN4760000E4700000",400.000485537308,400.000485537308,1
"CRS3035RES20000mN4760000E4720000",400.000485517853,400.000485517853,1
"CRS3035RES20000mN4760000E4740000",400.0004854972,400.0004854972,1
"CRS3035RES20000mN4760000E4760000",400.000485475677,400.000485475677,1
"CRS3035RES20000mN4760000E4780000",400.000485453079,400.000485453079,1
"CRS3035RES20000mN4760000E4800000",400.000485429688,400.000485429688,1
"CRS3035RES20000mN4760000E4820000",400.000485405128,400.000485405128,1
"CRS3035RES20000mN4760000E4840000",400.000485379646,400.000485379646,1
"CRS3035RES20000mN4760000E4860000",400.000485353226,356.653586174436,0.891632883543849
"CRS3035RES20000mN4760000E4880000",400.000485325806,149.752353451673,0.374380429387973
"CRS3035RES20000mN4760000E4900000",400.000485297432,21.0205370154793,0.0525512787811967
"CRS3035RES20000mN4760000E5020000",400.000485106941,147.873830884489,0.369684128870379
"CRS3035RES20000mN4760000E5040000",400.000485071907,400.000485071907,1
"CRS3035RES20000mN4760000E5060000",400.000485035736,400.000485035736,1
"CRS3035RES20000mN4760000E5080000",400.000484998688,400.000484998688,1
"CRS3035RES20000mN4760000E5100000",400.000484960693,400.000484960693,1
"CRS3035RES20000mN4760000E5120000",400.000484921799,400.000484921799,1
"CRS3035RES20000mN4760000E5140000",400.00048488179,400.00048488179,1
"CRS3035RES20000mN4760000E5160000",400.000484840973,400.000484840973,1
"CRS3035RES20000mN4760000E5180000",400.000484799225,400.000484799225,1
"CRS3035RES20000mN4760000E5200000",400.000484756287,400.000484756287,1
"CRS3035RES20000mN4760000E5220000",400.000484712524,400.000484712524,1
"CRS3035RES20000mN4760000E5240000",400.00048466803,400.00048466803,1
"CRS3035RES20000mN4760000E5260000",400.000484622406,400.000484622406,1
"CRS3035RES20000mN4780000E4420000",400.000485600313,42.4227208338435,0.106056673331724
"CRS3035RES20000mN4780000E4440000",400.000485594563,92.2238232924415,0.230559278335274
"CRS3035RES20000mN4780000E4460000",400.000485587704,318.035381468331,0.795087488459058
"CRS3035RES20000mN4780000E4480000",400.000485579855,269.681152930969,0.67420206388007
"CRS3035RES20000mN4780000E4500000",400.000485571247,393.701980026374,0.984253755252627
"CRS3035RES20000mN4780000E4520000",400.000485561348,400.000485561348,1
"CRS3035RES20000mN4780000E4540000",400.000485550533,400.000485550533,1
"CRS3035RES20000mN4780000E4560000",400.000485539055,400.000485539055,1
"CRS3035RES20000mN4780000E4580000",400.000485526299,400.000485526299,1
"CRS3035RES20000mN4780000E4600000",400.000485512619,400.000485512619,1
"CRS3035RES20000mN4780000E4620000",400.000485497791,400.000485497791,1
"CRS3035RES20000mN4780000E4640000",400.000485482193,400.000485482193,1
"CRS3035RES20000mN4780000E4660000",400.000485465618,400.000485465618,1
"CRS3035RES20000mN4780000E4680000",400.000485447968,400.000485447968,1
"CRS3035RES20000mN4780000E4700000",400.000485429527,400.000485429527,1
"CRS3035RES20000mN4780000E4720000",400.000485409935,400.000485409935,1
"CRS3035RES20000mN4780000E4740000",400.000485389473,400.000485389473,1
"CRS3035RES20000mN4780000E4760000",400.000485368034,400.000485368034,1
"CRS3035RES20000mN4780000E4780000",400.000485345497,400.000485345497,1
"CRS3035RES20000mN4780000E4800000",400.000485321999,400.000485321999,1
"CRS3035RES20000mN4780000E4820000",400.000485297638,400.000485297638,1
"CRS3035RES20000mN4780000E4840000",400.000485272331,400.000485272331,1
"CRS3035RES20000mN4780000E4860000",400.000485245857,399.640327815935,0.999099607517473
"CRS3035RES20000mN4780000E4880000",400.000485218697,176.214712770201,0.440536247534443
"CRS3035RES20000mN4780000E4900000",400.000485190262,98.8601730930772,0.247150132945599
"CRS3035RES20000mN4780000E4920000",400.000485161148,45.7740833779305,0.114435069646202
"CRS3035RES20000mN4780000E4940000",400.000485130714,20.9828987919665,0.0524571833584393
"CRS3035RES20000mN4780000E4980000",400.000485067543,10.651767213994,0.0266293857423583
"CRS3035RES20000mN4780000E5000000",400.00048503434,43.4727955987592,0.108681857210816
"CRS3035RES20000mN4780000E5020000",400.000485000465,276.355931426806,0.69088899086331
"CRS3035RES20000mN4780000E5040000",400.000484965416,400.000484965416,1
"CRS3035RES20000mN4780000E5060000",400.000484929428,400.000484929428,1
"CRS3035RES20000mN4780000E5080000",400.000484892487,400.000484892487,1
"CRS3035RES20000mN4780000E5100000",400.000484854721,400.000484854721,1
"CRS3035RES20000mN4780000E5120000",400.000484815933,400.000484815933,1
"CRS3035RES20000mN4780000E5140000",400.000484776077,400.000484776077,1
"CRS3035RES20000mN4780000E5160000",400.000484735321,400.000484735321,1
"CRS3035RES20000mN4780000E5180000",400.000484693558,400.000484693558,1
"CRS3035RES20000mN4780000E5200000",400.000484651062,400.000484651062,1
"CRS3035RES20000mN4780000E5220000",400.000484607529,400.000484607529,1
"CRS3035RES20000mN4780000E5240000",400.000484562973,400.000484562973,1
"CRS3035RES20000mN4800000E4440000",400.000485485134,60.6358531047566,0.151589448775832
"CRS3035RES20000mN4800000E4460000",400.000485478327,306.499799240889,0.766248568109539
"CRS3035RES20000mN4800000E4480000",400.000485470705,383.253244143465,0.958131947496182
"CRS3035RES20000mN4800000E4500000",400.000485462017,366.274922731794,0.915686195502316
"CRS3035RES20000mN4800000E4520000",400.000485452286,400.000485452286,1
"CRS3035RES20000mN4800000E4540000",400.000485441517,400.000485441517,1
"CRS3035RES20000mN4800000E4560000",400.000485429714,400.000485429714,1
"CRS3035RES20000mN4800000E4580000",400.000485416977,400.000485416977,1
"CRS3035RES20000mN4800000E4600000",400.000485403393,400.000485403393,1
"CRS3035RES20000mN4800000E4620000",400.000485388809,400.000485388809,1
"CRS3035RES20000mN4800000E4640000",400.000485373192,400.000485373192,1
"CRS3035RES20000mN4800000E4660000",400.000485356617,400.000485356617,1
"CRS3035RES20000mN4800000E4680000",400.000485339127,400.000485339127,1
"CRS3035RES20000mN4800000E4700000",400.000485320587,400.000485320587,1
"CRS3035RES20000mN4800000E4720000",400.00048530114,400.00048530114,1
"CRS3035RES20000mN4800000E4740000",400.000485280678,400.000485280678,1
"CRS3035RES20000mN4800000E4760000",400.000485259148,400.000485259148,1
"CRS3035RES20000mN4800000E4780000",400.000485236877,400.000485236877,1
"CRS3035RES20000mN4800000E4800000",400.000485213486,400.000485213486,1
"CRS3035RES20000mN4800000E4820000",400.000485189201,400.000485189201,1
"CRS3035RES20000mN4800000E4840000",400.000485163857,400.000485163857,1
"CRS3035RES20000mN4800000E4860000",400.000485137672,400.000485137672,1
"CRS3035RES20000mN4800000E4880000",400.000485110405,391.135658176157,0.977837959541971
"CRS3035RES20000mN4800000E4900000",400.000485082268,367.739354099474,0.919347270351038
"CRS3035RES20000mN4800000E4920000",400.000485053169,351.575042516823,0.878936540464672
"CRS3035RES20000mN4800000E4940000",400.000485023094,285.318651545589,0.713295763951677
"CRS3035RES20000mN4800000E4960000",400.000484991959,213.37836126286,0.533445256365501
"CRS3035RES20000mN4800000E4980000",400.000484959839,273.329760925196,0.683323573851764
"CRS3035RES20000mN4800000E5000000",400.000484926895,396.046947766426,0.990116169081166
"CRS3035RES20000mN4800000E5020000",400.000484892876,400.000484892876,1
"CRS3035RES20000mN4800000E5040000",400.000484858002,400.000484858002,1
"CRS3035RES20000mN4800000E5060000",400.000484822266,400.000484822266,1
"CRS3035RES20000mN4800000E5080000",400.000484785507,400.000484785507,1
"CRS3035RES20000mN4800000E5100000",400.00048474762,400.00048474762,1
"CRS3035RES20000mN4800000E5120000",400.000484708878,400.000484708878,1
"CRS3035RES20000mN4800000E5140000",400.000484669312,400.000484669312,1
"CRS3035RES20000mN4800000E5160000",400.000484628693,400.000484628693,1
"CRS3035RES20000mN4800000E5180000",400.00048458725,400.00048458725,1
"CRS3035RES20000mN4800000E5200000",400.000484544678,400.000484544678,1
"CRS3035RES20000mN4800000E5220000",400.000484501358,400.000484501358,1
"CRS3035RES20000mN4800000E5240000",400.000484456833,400.000484456833,1
"CRS3035RES20000mN4820000E4440000",400.000485374811,18.017858490646,0.0450445915678397
"CRS3035RES20000mN4820000E4460000",400.000485368065,261.429268360961,0.653572377844502
"CRS3035RES20000mN4820000E4480000",400.000485360205,384.892962758815,0.962231239325159
"CRS3035RES20000mN4820000E4500000",400.000485351387,400.000485351387,1
"CRS3035RES20000mN4820000E4520000",400.00048534174,400.00048534174,1
"CRS3035RES20000mN4820000E4540000",400.000485331131,400.000485331131,1
"CRS3035RES20000mN4820000E4560000",400.000485319523,400.000485319523,1
"CRS3035RES20000mN4820000E4580000",400.000485306969,400.000485306969,1
"CRS3035RES20000mN4820000E4600000",400.000485293236,400.000485293236,1
"CRS3035RES20000mN4820000E4620000",400.000485278839,400.000485278839,1
"CRS3035RES20000mN4820000E4640000",400.000485263268,400.000485263268,1
"CRS3035RES20000mN4820000E4660000",400.000485246685,400.000485246685,1
"CRS3035RES20000mN4820000E4680000",400.000485229149,400.000485229149,1
"CRS3035RES20000mN4820000E4700000",400.000485210815,400.000485210815,1
"CRS3035RES20000mN4820000E4720000",400.000485191292,400.000485191292,1
"CRS3035RES20000mN4820000E4740000",400.000485170876,400.000485170876,1
"CRS3035RES20000mN4820000E4760000",400.00048514962,400.00048514962,1
"CRS3035RES20000mN4820000E4780000",400.000485127304,400.000485127304,1
"CRS3035RES20000mN4820000E4800000",400.000485104012,400.000485104012,1
"CRS3035RES20000mN4820000E4820000",400.000485079781,400.000485079781,1
"CRS3035RES20000mN4820000E4840000",400.000485054489,400.000485054489,1
"CRS3035RES20000mN4820000E4860000",400.000485028389,400.000485028389,1
"CRS3035RES20000mN4820000E4880000",400.000485001122,400.000485001122,1
"CRS3035RES20000mN4820000E4900000",400.000484973236,400.000484973236,1
"CRS3035RES20000mN4820000E4920000",400.000484943993,400.000484943993,1
"CRS3035RES20000mN4820000E4940000",400.000484914116,400.000484914116,1
"CRS3035RES20000mN4820000E4960000",400.000484883286,400.000484883286,1
"CRS3035RES20000mN4820000E4980000",400.00048485128,392.556121989677,0.981389115404771
"CRS3035RES20000mN4820000E5000000",400.000484818459,400.000484818459,1
"CRS3035RES20000mN4820000E5020000",400.000484784599,400.000484784599,1
"CRS3035RES20000mN4820000E5040000",400.000484749725,400.000484749725,1
"CRS3035RES20000mN4820000E5060000",400.000484713974,400.000484713974,1
"CRS3035RES20000mN4820000E5080000",400.000484677383,400.000484677383,1
"CRS3035RES20000mN4820000E5100000",400.000484639618,400.000484639618,1
"CRS3035RES20000mN4820000E5120000",400.000484601135,400.000484601135,1
"CRS3035RES20000mN4820000E5140000",400.000484561615,400.000484561615,1
"CRS3035RES20000mN4820000E5160000",400.000484521179,400.000484521179,1
"CRS3035RES20000mN4820000E5180000",400.000484479843,400.000484479843,1
"CRS3035RES20000mN4820000E5200000",400.000484437424,400.000484437424,1
"CRS3035RES20000mN4820000E5220000",400.000484394119,400.000484394119,1
"CRS3035RES20000mN4840000E4460000",400.000485256683,89.6722492885561,0.224180351258856
"CRS3035RES20000mN4840000E4480000",400.000485248951,325.701709624124,0.814253286271428
"CRS3035RES20000mN4840000E4500000",400.000485240315,400.000485240315,1
"CRS3035RES20000mN4840000E4520000",400.000485230618,400.000485230618,1
"CRS3035RES20000mN4840000E4540000",400.000485220062,400.000485220062,1
"CRS3035RES20000mN4840000E4560000",400.000485208263,400.000485208263,1
"CRS3035RES20000mN4840000E4580000",400.000485195618,400.000485195618,1
"CRS3035RES20000mN4840000E4600000",400.000485182343,400.000485182343,1
"CRS3035RES20000mN4840000E4620000",400.00048516769,400.00048516769,1
"CRS3035RES20000mN4840000E4640000",400.00048515218,400.00048515218,1
"CRS3035RES20000mN4840000E4660000",400.000485135742,400.000485135742,1
"CRS3035RES20000mN4840000E4680000",400.000485118431,400.000485118431,1
"CRS3035RES20000mN4840000E4700000",400.000485099976,400.000485099976,1
"CRS3035RES20000mN4840000E4720000",400.000485080627,400.000485080627,1
"CRS3035RES20000mN4840000E4740000",400.000485060387,400.000485060387,1
"CRS3035RES20000mN4840000E4760000",400.000485039032,400.000485039032,1
"CRS3035RES20000mN4840000E4780000",400.000485016785,400.000485016785,1
"CRS3035RES20000mN4840000E4800000",400.00048499366,400.00048499366,1
"CRS3035RES20000mN4840000E4820000",400.000484969307,400.000484969307,1
"CRS3035RES20000mN4840000E4840000",400.00048494429,400.00048494429,1
"CRS3035RES20000mN4840000E4860000",400.000484918175,400.000484918175,1
"CRS3035RES20000mN4840000E4880000",400.000484891235,400.000484891235,1
"CRS3035RES20000mN4840000E4900000",400.000484863136,400.000484863136,1
"CRS3035RES20000mN4840000E4920000",400.000484834221,400.000484834221,1
"CRS3035RES20000mN4840000E4940000",400.000484804222,400.000484804222,1
"CRS3035RES20000mN4840000E4960000",400.000484773308,400.000484773308,1
"CRS3035RES20000mN4840000E4980000",400.000484741707,400.000484741707,1
"CRS3035RES20000mN4840000E5000000",400.000484708916,400.000484708916,1
"CRS3035RES20000mN4840000E5020000",400.000484675179,400.000484675179,1
"CRS3035RES20000mN4840000E5040000",400.000484640472,400.000484640472,1
"CRS3035RES20000mN4840000E5060000",400.000484604874,400.000484604874,1
"CRS3035RES20000mN4840000E5080000",400.000484568344,400.000484568344,1
"CRS3035RES20000mN4840000E5100000",400.000484530884,400.000484530884,1
"CRS3035RES20000mN4840000E5120000",400.000484492432,400.000484492432,1
"CRS3035RES20000mN4840000E5140000",400.000484453049,400.000484453049,1
"CRS3035RES20000mN4840000E5160000",400.000484412674,400.000484412674,1
"CRS3035RES20000mN4840000E5180000",400.000484371353,400.000484371353,1
"CRS3035RES20000mN4840000E5200000",400.000484329224,400.000484329224,1
"CRS3035RES20000mN4840000E5220000",400.000484286179,400.000484286179,1
"CRS3035RES20000mN4860000E4460000",400.000485144463,10.0241912174592,0.0250604476488045
"CRS3035RES20000mN4860000E4480000",400.00048513678,281.6542790793,0.704134843693973
"CRS3035RES20000mN4860000E4500000",400.00048512804,395.919050660621,0.98979642620655
"CRS3035RES20000mN4860000E4520000",400.000485118485,400.000485118485,1
"CRS3035RES20000mN4860000E4540000",400.000485107845,400.000485107845,1
"CRS3035RES20000mN4860000E4560000",400.000485096172,400.000485096172,1
"CRS3035RES20000mN4860000E4580000",400.000485083778,400.000485083778,1
"CRS3035RES20000mN4860000E4600000",400.000485070003,400.000485070003,1
"CRS3035RES20000mN4860000E4620000",400.000485055832,400.000485055832,1
"CRS3035RES20000mN4860000E4640000",400.000485040337,400.000485040337,1
"CRS3035RES20000mN4860000E4660000",400.000485023918,400.000485023918,1
"CRS3035RES20000mN4860000E4680000",400.00048500647,400.00048500647,1
"CRS3035RES20000mN4860000E4700000",400.000484988159,400.000484988159,1
"CRS3035RES20000mN4860000E4720000",400.000484968864,400.000484968864,1
"CRS3035RES20000mN4860000E4740000",400.000484948715,400.000484948715,1
"CRS3035RES20000mN4860000E4760000",400.000484927506,400.000484927506,1
"CRS3035RES20000mN4860000E4780000",400.000484905304,400.000484905304,1
"CRS3035RES20000mN4860000E4800000",400.000484882233,400.000484882233,1
"CRS3035RES20000mN4860000E4820000",400.000484858185,400.000484858185,1
"CRS3035RES20000mN4860000E4840000",400.000484833084,400.000484833084,1
"CRS3035RES20000mN4860000E4860000",400.000484807083,400.000484807083,1
"CRS3035RES20000mN4860000E4880000",400.000484780083,400.000484780083,1
"CRS3035RES20000mN4860000E4900000",400.000484752136,400.000484752136,1
"CRS3035RES20000mN4860000E4920000",400.000484723351,400.000484723351,1
"CRS3035RES20000mN4860000E4940000",400.000484693573,400.000484693573,1
"CRS3035RES20000mN4860000E4960000",400.000484662766,400.000484662766,1
"CRS3035RES20000mN4860000E4980000",400.000484631126,400.000484631126,1
"CRS3035RES20000mN4860000E5000000",400.000484598465,400.000484598465,1
"CRS3035RES20000mN4860000E5020000",400.000484564713,400.000484564713,1
"CRS3035RES20000mN4860000E5040000",400.000484530457,400.000484530457,1
"CRS3035RES20000mN4860000E5060000",400.000484494797,400.000484494797,1
"CRS3035RES20000mN4860000E5080000",400.000484458252,400.000484458252,1
"CRS3035RES20000mN4860000E5100000",400.000484421021,400.000484421021,1
"CRS3035RES20000mN4860000E5120000",400.000484382706,400.000484382706,1
"CRS3035RES20000mN4860000E5140000",400.00048434343,400.00048434343,1
"CRS3035RES20000mN4860000E5160000",400.000484303177,400.000484303177,1
"CRS3035RES20000mN4860000E5180000",400.000484262192,400.000484262192,1
"CRS3035RES20000mN4860000E5200000",400.000484220169,400.000484220169,1
"CRS3035RES20000mN4860000E5220000",400.000484177109,400.000484177109,1
"CRS3035RES20000mN4880000E4480000",400.000485023365,30.9850469095225,0.0774625233459718
"CRS3035RES20000mN4880000E4500000",400.000485014828,261.411232320081,0.653527288374138
"CRS3035RES20000mN4880000E4520000",400.000485005222,375.841373627708,0.93960229478922
"CRS3035RES20000mN4880000E4540000",400.000484994572,384.544626034454,0.961360399449698
"CRS3035RES20000mN4880000E4560000",400.000484983223,397.298028811528,0.99324386776229
"CRS3035RES20000mN4880000E4580000",400.000484970726,400.000484970726,1
"CRS3035RES20000mN4880000E4600000",400.000484957375,400.000484957375,1
"CRS3035RES20000mN4880000E4620000",400.000484942627,400.000484942627,1
"CRS3035RES20000mN4880000E4640000",400.000484927284,400.000484927284,1
"CRS3035RES20000mN4880000E4660000",400.000484910973,400.000484910973,1
"CRS3035RES20000mN4880000E4680000",400.000484893814,400.000484893814,1
"CRS3035RES20000mN4880000E4700000",400.000484875587,400.000484875587,1
"CRS3035RES20000mN4880000E4720000",400.000484856293,400.000484856293,1
"CRS3035RES20000mN4880000E4740000",400.000484836113,400.000484836113,1
"CRS3035RES20000mN4880000E4760000",400.000484814949,400.000484814949,1
"CRS3035RES20000mN4880000E4780000",400.000484792839,400.000484792839,1
"CRS3035RES20000mN4880000E4800000",400.000484769791,400.000484769791,1
"CRS3035RES20000mN4880000E4820000",400.000484745834,400.000484745834,1
"CRS3035RES20000mN4880000E4840000",400.000484720917,400.000484720917,1
"CRS3035RES20000mN4880000E4860000",400.000484694946,400.000484694946,1
"CRS3035RES20000mN4880000E4880000",400.000484668091,400.000484668091,1
"CRS3035RES20000mN4880000E4900000",400.000484640419,400.000484640419,1
"CRS3035RES20000mN4880000E4920000",400.000484611717,400.000484611717,1
"CRS3035RES20000mN4880000E4940000",400.000484581955,400.000484581955,1
"CRS3035RES20000mN4880000E4960000",400.000484551231,400.000484551231,1
"CRS3035RES20000mN4880000E4980000",400.000484519554,400.000484519554,1
"CRS3035RES20000mN4880000E5000000",400.000484486954,400.000484486954,1
"CRS3035RES20000mN4880000E5020000",400.000484453613,400.000484453613,1
"CRS3035RES20000mN4880000E5040000",400.000484419189,400.000484419189,1
"CRS3035RES20000mN4880000E5060000",400.00048438385,400.00048438385,1
"CRS3035RES20000mN4880000E5080000",400.00048434758,400.00048434758,1
"CRS3035RES20000mN4880000E5100000",400.00048431041,400.00048431041,1
"CRS3035RES20000mN4880000E5120000",400.000484272079,400.000484272079,1
"CRS3035RES20000mN4880000E5140000",400.000484233093,400.000484233093,1
"CRS3035RES20000mN4880000E5160000",400.000484193176,400.000484193176,1
"CRS3035RES20000mN4880000E5180000",400.000484152084,400.000484152084,1
"CRS3035RES20000mN4880000E5200000",400.000484110092,400.000484110092,1
"CRS3035RES20000mN4880000E5220000",400.000484067307,400.000484067307,1
"CRS3035RES20000mN4900000E4500000",400.000484900696,64.7567436693901,0.161891662920025
"CRS3035RES20000mN4900000E4520000",400.000484891022,246.396496880642,0.615990495480954
"CRS3035RES20000mN4900000E4540000",400.000484880726,261.593921691084,0.653984011467104
"CRS3035RES20000mN4900000E4560000",400.000484869083,364.927546351334,0.912317759991644
"CRS3035RES20000mN4900000E4580000",400.000484856606,400.000484856606,1
"CRS3035RES20000mN4900000E4600000",400.000484843117,400.000484843117,1
"CRS3035RES20000mN4900000E4620000",400.000484828945,400.000484828945,1
"CRS3035RES20000mN4900000E4640000",400.000484813652,400.000484813652,1
"CRS3035RES20000mN4900000E4660000",400.000484797348,400.000484797348,1
"CRS3035RES20000mN4900000E4680000",400.000484779907,400.000484779907,1
"CRS3035RES20000mN4900000E4700000",400.000484761772,400.000484761772,1
"CRS3035RES20000mN4900000E4720000",400.000484742714,400.000484742714,1
"CRS3035RES20000mN4900000E4740000",400.000484722572,400.000484722572,1
"CRS3035RES20000mN4900000E4760000",400.00048470137,400.00048470137,1
"CRS3035RES20000mN4900000E4780000",400.000484679558,400.000484679558,1
"CRS3035RES20000mN4900000E4800000",400.000484656486,400.000484656486,1
"CRS3035RES20000mN4900000E4820000",400.000484632721,400.000484632721,1
"CRS3035RES20000mN4900000E4840000",400.000484607727,400.000484607727,1
"CRS3035RES20000mN4900000E4860000",400.0004845821,400.0004845821,1
"CRS3035RES20000mN4900000E4880000",400.000484555206,400.000484555206,1
"CRS3035RES20000mN4900000E4900000",400.000484527451,400.000484527451,1
"CRS3035RES20000mN4900000E4920000",400.000484498795,400.000484498795,1
"CRS3035RES20000mN4900000E4940000",400.000484469276,400.000484469276,1
"CRS3035RES20000mN4900000E4960000",400.000484438736,400.000484438736,1
"CRS3035RES20000mN4900000E4980000",400.000484407265,400.000484407265,1
"CRS3035RES20000mN4900000E5000000",400.000484374908,400.000484374908,1
"CRS3035RES20000mN4900000E5020000",400.000484341522,400.000484341522,1
"CRS3035RES20000mN4900000E5040000",400.000484307053,400.000484307053,1
"CRS3035RES20000mN4900000E5060000",400.000484271896,400.000484271896,1
"CRS3035RES20000mN4900000E5080000",400.000484235748,400.000484235748,1
"CRS3035RES20000mN4900000E5100000",400.000484198654,400.000484198654,1
"CRS3035RES20000mN4900000E5120000",400.000484160645,400.000484160645,1
"CRS3035RES20000mN4900000E5140000",400.000484121643,400.000484121643,1
"CRS3035RES20000mN4900000E5160000",400.000484081665,400.000484081665,1
"CRS3035RES20000mN4900000E5180000",400.000484040939,400.000484040939,1
"CRS3035RES20000mN4900000E5200000",400.000483999207,400.000483999207,1
"CRS3035RES20000mN4920000E4500000",400.000484785519,36.0520888719324,0.0901301129453972
"CRS3035RES20000mN4920000E4520000",400.000484776203,262.553957136901,0.656384097343776
"CRS3035RES20000mN4920000E4540000",400.000484765491,342.244539975624,0.855610313013175
"CRS3035RES20000mN4920000E4560000",400.000484754166,367.70097109114,0.91925131370059
"CRS3035RES20000mN4920000E4580000",400.000484741657,400.000484741657,1
"CRS3035RES20000mN4920000E4600000",400.000484728344,400.000484728344,1
"CRS3035RES20000mN4920000E4620000",400.000484714066,400.000484714066,1
"CRS3035RES20000mN4920000E4640000",400.000484698769,400.000484698769,1
"CRS3035RES20000mN4920000E4660000",400.000484682625,400.000484682625,1
"CRS3035RES20000mN4920000E4680000",400.000484665527,400.000484665527,1
"CRS3035RES20000mN4920000E4700000",400.000484647202,400.000484647202,1
"CRS3035RES20000mN4920000E4720000",400.000484628075,400.000484628075,1
"CRS3035RES20000mN4920000E4740000",400.000484608047,400.000484608047,1
"CRS3035RES20000mN4920000E4760000",400.000484587219,400.000484587219,1
"CRS3035RES20000mN4920000E4780000",400.000484565125,400.000484565125,1
"CRS3035RES20000mN4920000E4800000",400.000484542366,400.000484542366,1
"CRS3035RES20000mN4920000E4820000",400.000484518387,400.000484518387,1
"CRS3035RES20000mN4920000E4840000",400.000484493797,400.000484493797,1
"CRS3035RES20000mN4920000E4860000",400.000484468018,400.000484468018,1
"CRS3035RES20000mN4920000E4880000",400.000484441353,400.000484441353,1
"CRS3035RES20000mN4920000E4900000",400.000484413811,400.000484413811,1
"CRS3035RES20000mN4920000E4920000",400.000484385132,400.000484385132,1
"CRS3035RES20000mN4920000E4940000",400.000484355652,400.000484355652,1
"CRS3035RES20000mN4920000E4960000",400.000484325272,400.000484325272,1
"CRS3035RES20000mN4920000E4980000",400.000484293823,400.000484293823,1
"CRS3035RES20000mN4920000E5000000",400.000484261551,400.000484261551,1
"CRS3035RES20000mN4920000E5020000",400.000484228348,400.000484228348,1
"CRS3035RES20000mN4920000E5040000",400.000484194244,400.000484194244,1
"CRS3035RES20000mN4920000E5060000",400.000484159149,400.000484159149,1
"CRS3035RES20000mN4920000E5080000",400.000484123077,400.000484123077,1
"CRS3035RES20000mN4920000E5100000",400.000484085999,400.000484085999,1
"CRS3035RES20000mN4920000E5120000",400.000484048157,400.000484048157,1
"CRS3035RES20000mN4920000E5140000",400.000484009308,400.000484009308,1
"CRS3035RES20000mN4920000E5160000",400.00048396965,400.00048396965,1
"CRS3035RES20000mN4920000E5180000",400.000483928925,400.000483928925,1
"CRS3035RES20000mN4940000E4520000",400.000484660007,97.9051351114864,0.244762541212178
"CRS3035RES20000mN4940000E4540000",400.00048464949,236.914476465592,0.592285473536849
"CRS3035RES20000mN4940000E4560000",400.000484638046,368.271751711382,0.920678263789167
"CRS3035RES20000mN4940000E4580000",400.000484625832,400.000484625832,1
"CRS3035RES20000mN4940000E4600000",400.000484612434,400.000484612434,1
"CRS3035RES20000mN4940000E4620000",400.000484598099,400.000484598099,1
"CRS3035RES20000mN4940000E4640000",400.000484582855,400.000484582855,1
"CRS3035RES20000mN4940000E4660000",400.000484566704,400.000484566704,1
"CRS3035RES20000mN4940000E4680000",400.000484549614,400.000484549614,1
"CRS3035RES20000mN4940000E4700000",400.000484531693,400.000484531693,1
"CRS3035RES20000mN4940000E4720000",400.000484512672,400.000484512672,1
"CRS3035RES20000mN4940000E4740000",400.000484492683,400.000484492683,1
"CRS3035RES20000mN4940000E4760000",400.000484471794,400.000484471794,1
"CRS3035RES20000mN4940000E4780000",400.00048444989,400.00048444989,1
"CRS3035RES20000mN4940000E4800000",400.000484427132,400.000484427132,1
"CRS3035RES20000mN4940000E4820000",400.00048440332,400.00048440332,1
"CRS3035RES20000mN4940000E4840000",400.000484378655,400.000484378655,1
"CRS3035RES20000mN4940000E4860000",400.000484353043,400.000484353043,1
"CRS3035RES20000mN4940000E4880000",400.000484326561,400.000484326561,1
"CRS3035RES20000mN4940000E4900000",400.000484299095,400.000484299095,1
"CRS3035RES20000mN4940000E4920000",400.000484270515,400.000484270515,1
"CRS3035RES20000mN4940000E4940000",400.000484241135,400.000484241135,1
"CRS3035RES20000mN4940000E4960000",400.000484210892,400.000484210892,1
"CRS3035RES20000mN4940000E4980000",400.000484179703,400.000484179703,1
"CRS3035RES20000mN4940000E5000000",400.00048414743,400.00048414743,1
"CRS3035RES20000mN4940000E5020000",400.000484114304,400.000484114304,1
"CRS3035RES20000mN4940000E5040000",400.000484080292,400.000484080292,1
"CRS3035RES20000mN4940000E5060000",400.000484045258,400.000484045258,1
"CRS3035RES20000mN4940000E5080000",400.000484009369,400.000484009369,1
"CRS3035RES20000mN4940000E5100000",400.000483972534,400.000483972534,1
"CRS3035RES20000mN4940000E5120000",400.000483934814,400.000483934814,1
"CRS3035RES20000mN4940000E5140000",400.000483896027,400.000483896027,1
"CRS3035RES20000mN4940000E5160000",400.000483856506,400.000483856506,1
"CRS3035RES20000mN4940000E5180000",400.000483815903,400.000483815903,1
"CRS3035RES20000mN4960000E4420000",400.000484580854,0.259951334475637,0.000649877548893547
"CRS3035RES20000mN4960000E4440000",400.000484575235,54.944612836118,0.137361365685505
"CRS3035RES20000mN4960000E4520000",400.000484542995,204.115995611372,0.51028937088558
"CRS3035RES20000mN4960000E4540000",400.000484532711,241.935469866336,0.604837942006422
"CRS3035RES20000mN4960000E4560000",400.000484521351,362.087920044537,0.905218703616869
"CRS3035RES20000mN4960000E4580000",400.000484508888,393.367408420026,0.983417329863972
"CRS3035RES20000mN4960000E4600000",400.000484495811,400.000484495811,1
"CRS3035RES20000mN4960000E4620000",400.000484481564,400.000484481564,1
"CRS3035RES20000mN4960000E4640000",400.000484466499,400.000484466499,1
"CRS3035RES20000mN4960000E4660000",400.000484450287,400.000484450287,1
"CRS3035RES20000mN4960000E4680000",400.000484433098,400.000484433098,1
"CRS3035RES20000mN4960000E4700000",400.000484415253,400.000484415253,1
"CRS3035RES20000mN4960000E4720000",400.000484396294,400.000484396294,1
"CRS3035RES20000mN4960000E4740000",400.000484376328,400.000484376328,1
"CRS3035RES20000mN4960000E4760000",400.000484355354,400.000484355354,1
"CRS3035RES20000mN4960000E4780000",400.000484333977,400.000484333977,1
"CRS3035RES20000mN4960000E4800000",400.000484311058,400.000484311058,1
"CRS3035RES20000mN4960000E4820000",400.000484287552,400.000484287552,1
"CRS3035RES20000mN4960000E4840000",400.000484262794,400.000484262794,1
"CRS3035RES20000mN4960000E4860000",400.00048423719,400.00048423719,1
"CRS3035RES20000mN4960000E4880000",400.000484210777,400.000484210777,1
"CRS3035RES20000mN4960000E4900000",400.000484183258,400.000484183258,1
"CRS3035RES20000mN4960000E4920000",400.000484155205,400.000484155205,1
"CRS3035RES20000mN4960000E4940000",400.000484125824,400.000484125824,1
"CRS3035RES20000mN4960000E4960000",400.000484095398,400.000484095398,1
"CRS3035RES20000mN4960000E4980000",400.000484064362,400.000484064362,1
"CRS3035RES20000mN4960000E5000000",400.000484032333,400.000484032333,1
"CRS3035RES20000mN4960000E5020000",400.000483999435,400.000483999435,1
"CRS3035RES20000mN4960000E5040000",400.000483965332,400.000483965332,1
"CRS3035RES20000mN4960000E5060000",400.000483930618,400.000483930618,1
"CRS3035RES20000mN4960000E5080000",400.00048389473,400.00048389473,1
"CRS3035RES20000mN4960000E5100000",400.000483858246,400.000483858246,1
"CRS3035RES20000mN4960000E5120000",400.000483820557,400.000483820557,1
"CRS3035RES20000mN4960000E5140000",400.00048378212,400.00048378212,1
"CRS3035RES20000mN4960000E5160000",400.000483742554,400.000483742554,1
"CRS3035RES20000mN4980000E4440000",400.000484457146,155.612739176968,0.389031376769845
"CRS3035RES20000mN4980000E4460000",400.000484450624,45.7664152062581,0.11441589944351
"CRS3035RES20000mN4980000E4520000",400.000484425091,79.9191337086437,0.199797592304192
"CRS3035RES20000mN4980000E4540000",400.000484414749,171.681281101979,0.429202682974672
"CRS3035RES20000mN4980000E4560000",400.000484403419,310.829180352128,0.777072009839473
"CRS3035RES20000mN4980000E4580000",400.000484391209,297.606617669423,0.744015643186966
"CRS3035RES20000mN4980000E4600000",400.00048437801,400.00048437801,1
"CRS3035RES20000mN4980000E4620000",400.0004843638,400.0004843638,1
"CRS3035RES20000mN4980000E4640000",400.000484348709,400.000484348709,1
"CRS3035RES20000mN4980000E4660000",400.000484332642,400.000484332642,1
"CRS3035RES20000mN4980000E4680000",400.000484315674,400.000484315674,1
"CRS3035RES20000mN4980000E4700000",400.000484297531,400.000484297531,1
"CRS3035RES20000mN4980000E4720000",400.000484278816,400.000484278816,1
"CRS3035RES20000mN4980000E4740000",400.000484259155,400.000484259155,1
"CRS3035RES20000mN4980000E4760000",400.000484238419,400.000484238419,1
"CRS3035RES20000mN4980000E4780000",400.00048421653,400.00048421653,1
"CRS3035RES20000mN4980000E4800000",400.000484193924,400.000484193924,1
"CRS3035RES20000mN4980000E4820000",400.000484170349,400.000484170349,1
"CRS3035RES20000mN4980000E4840000",400.000484145935,400.000484145935,1
"CRS3035RES20000mN4980000E4860000",400.000484120636,400.000484120636,1
"CRS3035RES20000mN4980000E4880000",400.000484094093,400.000484094093,1
"CRS3035RES20000mN4980000E4900000",400.000484066834,400.000484066834,1
"CRS3035RES20000mN4980000E4920000",400.000484038582,400.000484038582,1
"CRS3035RES20000mN4980000E4940000",400.000484009369,400.000484009369,1
"CRS3035RES20000mN4980000E4960000",400.00048397937,400.00048397937,1
"CRS3035RES20000mN4980000E4980000",400.000483948379,400.000483948379,1
"CRS3035RES20000mN4980000E5000000",400.000483916367,400.000483916367,1
"CRS3035RES20000mN4980000E5020000",400.000483883453,400.000483883453,1
"CRS3035RES20000mN4980000E5040000",400.000483849762,400.000483849762,1
"CRS3035RES20000mN4980000E5060000",400.000483814987,400.000483814987,1
"CRS3035RES20000mN4980000E5080000",400.000483779449,400.000483779449,1
"CRS3035RES20000mN4980000E5100000",400.000483742783,400.000483742783,1
"CRS3035RES20000mN4980000E5120000",400.000483705414,400.000483705414,1
"CRS3035RES20000mN4980000E5140000",400.000483666977,400.000483666977,1
"CRS3035RES20000mN5000000E4440000",400.000484338152,5.59260655581786,0.0139814994601106
"CRS3035RES20000mN5000000E4460000",400.000484331665,234.907429724388,0.587267863229914
"CRS3035RES20000mN5000000E4480000",400.000484324043,154.440862709935,0.386101689279009
"CRS3035RES20000mN5000000E4500000",400.000484315453,85.3698860442095,0.213424456698618
"CRS3035RES20000mN5000000E4520000",400.000484306362,4.16418330146503,0.0104104456490499
"CRS3035RES20000mN5000000E4540000",400.000484295986,102.665994860379,0.256664676396765
"CRS3035RES20000mN5000000E4560000",400.000484284775,204.893198661,0.512232376486649
"CRS3035RES20000mN5000000E4580000",400.000484272503,177.038144509096,0.442594825431481
"CRS3035RES20000mN5000000E4600000",400.000484259228,381.341224299209,0.953351906574378
"CRS3035RES20000mN5000000E4620000",400.000484245132,400.000484245132,1
"CRS3035RES20000mN5000000E4640000",400.000484230034,400.000484230034,1
"CRS3035RES20000mN5000000E4660000",400.000484214226,400.000484214226,1
"CRS3035RES20000mN5000000E4680000",400.000484197418,400.000484197418,1
"CRS3035RES20000mN5000000E4700000",400.000484179489,400.000484179489,1
"CRS3035RES20000mN5000000E4720000",400.000484160522,400.000484160522,1
"CRS3035RES20000mN5000000E4740000",400.0004841408,400.0004841408,1
"CRS3035RES20000mN5000000E4760000",400.000484120224,400.000484120224,1
"CRS3035RES20000mN5000000E4780000",400.000484098557,400.000484098557,1
"CRS3035RES20000mN5000000E4800000",400.000484076027,400.000484076027,1
"CRS3035RES20000mN5000000E4820000",400.000484052513,400.000484052513,1
"CRS3035RES20000mN5000000E4840000",400.000484028236,400.000484028236,1
"CRS3035RES20000mN5000000E4860000",400.000484002708,400.000484002708,1
"CRS3035RES20000mN5000000E4880000",400.000483976555,400.000483976555,1
"CRS3035RES20000mN5000000E4900000",400.000483949181,400.000483949181,1
"CRS3035RES20000mN5000000E4920000",400.000483921295,400.000483921295,1
"CRS3035RES20000mN5000000E4940000",400.000483892212,400.000483892212,1
"CRS3035RES20000mN5000000E4960000",400.00048386232,400.00048386232,1
"CRS3035RES20000mN5000000E4980000",400.000483831436,400.000483831436,1
"CRS3035RES20000mN5000000E5000000",400.000483799484,400.000483799484,1
"CRS3035RES20000mN5000000E5020000",400.000483766754,400.000483766754,1
"CRS3035RES20000mN5000000E5040000",400.000483733231,400.000483733231,1
"CRS3035RES20000mN5000000E5060000",400.000483698532,400.000483698532,1
"CRS3035RES20000mN5000000E5080000",400.000483663071,400.000483663071,1
"CRS3035RES20000mN5000000E5100000",400.000483626572,400.000483626572,1
"CRS3035RES20000mN5000000E5120000",400.000483589157,400.000483589157,1
"CRS3035RES20000mN5000000E5140000",400.00048355098,400.00048355098,1
"CRS3035RES20000mN5020000E4460000",400.000484211775,16.8364227579615,0.042091005942502
"CRS3035RES20000mN5020000E4480000",400.000484204361,107.625586042817,0.269063639402574
"CRS3035RES20000mN5020000E4500000",400.000484196041,248.947389011749,0.622367719159407
"CRS3035RES20000mN5020000E4520000",400.000484186558,229.3804108028,0.573450332864644
"CRS3035RES20000mN5020000E4540000",400.000484176308,116.869596623242,0.292173637899221
"CRS3035RES20000mN5020000E4560000",400.000484164864,47.914247574477,0.119785473946398
"CRS3035RES20000mN5020000E4580000",400.000484152828,282.937013688948,0.707341678068685
"CRS3035RES20000mN5020000E4600000",400.000484139839,384.066178566512,0.960164284281824
"CRS3035RES20000mN5020000E4620000",400.000484125824,346.010653045992,0.865025585661918
"CRS3035RES20000mN5020000E4640000",400.000484110825,400.000484110825,1
"CRS3035RES20000mN5020000E4660000",400.000484094757,400.000484094757,1
"CRS3035RES20000mN5020000E4680000",400.000484077705,400.000484077705,1
"CRS3035RES20000mN5020000E4700000",400.000484060173,400.000484060173,1
"CRS3035RES20000mN5020000E4720000",400.00048404142,400.00048404142,1
"CRS3035RES20000mN5020000E4740000",400.000484021965,400.000484021965,1
"CRS3035RES20000mN5020000E4760000",400.00048400106,400.00048400106,1
"CRS3035RES20000mN5020000E4780000",400.000483979591,400.000483979591,1
"CRS3035RES20000mN5020000E4800000",400.000483957214,400.000483957214,1
"CRS3035RES20000mN5020000E4820000",400.000483933922,400.000483933922,1
"CRS3035RES20000mN5020000E4840000",400.00048390937,400.00048390937,1
"CRS3035RES20000mN5020000E4860000",400.000483884277,400.000483884277,1
"CRS3035RES20000mN5020000E4880000",400.000483858025,400.000483858025,1
"CRS3035RES20000mN5020000E4900000",400.000483831223,400.000483831223,1
"CRS3035RES20000mN5020000E4920000",400.000483802872,400.000483802872,1
"CRS3035RES20000mN5020000E4940000",400.000483774078,400.000483774078,1
"CRS3035RES20000mN5020000E4960000",400.000483744171,400.000483744171,1
"CRS3035RES20000mN5020000E4980000",400.000483713287,400.000483713287,1
"CRS3035RES20000mN5020000E5000000",400.000483681778,400.000483681778,1
"CRS3035RES20000mN5020000E5020000",400.000483649139,400.000483649139,1
"CRS3035RES20000mN5020000E5040000",400.000483615494,400.000483615494,1
"CRS3035RES20000mN5020000E5060000",400.000483581116,400.000483581116,1
"CRS3035RES20000mN5020000E5080000",400.000483545715,400.000483545715,1
"CRS3035RES20000mN5020000E5100000",400.000483509506,400.000483509506,1
"CRS3035RES20000mN5020000E5120000",400.000483472473,400.000483472473,1
"CRS3035RES20000mN5020000E5140000",400.00048343425,400.00048343425,1
"CRS3035RES20000mN5020000E5160000",400.000483395279,400.000483395279,1
"CRS3035RES20000mN5040000E4500000",400.000484075203,68.2182278484039,0.170545363229057
"CRS3035RES20000mN5040000E4520000",400.000484065796,144.155694115464,0.360388799158934
"CRS3035RES20000mN5040000E4540000",400.00048405563,360.823280185712,0.902057108849726
"CRS3035RES20000mN5040000E4560000",400.000484044479,283.258239167981,0.708144740986071
"CRS3035RES20000mN5040000E4580000",400.000484032295,250.810301437836,0.627024994843721
"CRS3035RES20000mN5040000E4600000",400.000484019119,181.593864682003,0.453984112362531
"CRS3035RES20000mN5040000E4620000",400.000484005127,258.417534058002,0.64604305342463
"CRS3035RES20000mN5040000E4640000",400.000483990135,391.812508206773,0.979530085309687
"CRS3035RES20000mN5040000E4660000",400.000483974312,400.000483974312,1
"CRS3035RES20000mN5040000E4680000",400.000483957657,400.000483957657,1
"CRS3035RES20000mN5040000E4700000",400.000483939888,400.000483939888,1
"CRS3035RES20000mN5040000E4720000",400.000483921211,400.000483921211,1
"CRS3035RES20000mN5040000E4740000",400.00048390155,400.00048390155,1
"CRS3035RES20000mN5040000E4760000",400.000483881187,400.000483881187,1
"CRS3035RES20000mN5040000E4780000",400.000483859901,400.000483859901,1
"CRS3035RES20000mN5040000E4800000",400.000483837425,400.000483837425,1
"CRS3035RES20000mN5040000E4820000",400.000483813904,400.000483813904,1
"CRS3035RES20000mN5040000E4840000",400.000483789917,400.000483789917,1
"CRS3035RES20000mN5040000E4860000",400.000483764755,400.000483764755,1
"CRS3035RES20000mN5040000E4880000",400.000483738724,400.000483738724,1
"CRS3035RES20000mN5040000E4900000",400.000483711578,400.000483711578,1
"CRS3035RES20000mN5040000E4920000",400.000483683853,400.000483683853,1
"CRS3035RES20000mN5040000E4940000",400.000483655014,400.000483655014,1
"CRS3035RES20000mN5040000E4960000",400.000483625198,400.000483625198,1
"CRS3035RES20000mN5040000E4980000",400.000483594528,400.000483594528,1
"CRS3035RES20000mN5040000E5000000",400.000483562958,400.000483562958,1
"CRS3035RES20000mN5040000E5020000",400.000483530441,400.000483530441,1
"CRS3035RES20000mN5040000E5040000",400.000483497208,400.000483497208,1
"CRS3035RES20000mN5040000E5060000",400.000483462738,400.000483462738,1
"CRS3035RES20000mN5040000E5080000",400.000483427704,400.000483427704,1
"CRS3035RES20000mN5040000E5100000",400.000483391464,400.000483391464,1
"CRS3035RES20000mN5040000E5120000",400.000483354279,400.000483354279,1
"CRS3035RES20000mN5040000E5140000",400.000483316498,400.000483316498,1
"CRS3035RES20000mN5040000E5160000",400.000483277695,400.000483277695,1
"CRS3035RES20000mN5060000E4500000",400.000483953392,250.255796402666,0.625638734056695
"CRS3035RES20000mN5060000E4520000",400.000483944317,288.008420466175,0.720020180041251
"CRS3035RES20000mN5060000E4540000",400.000483933853,284.329502894619,0.710822897258389
"CRS3035RES20000mN5060000E4560000",400.00048392284,335.719823317409,0.839298542904185
"CRS3035RES20000mN5060000E4580000",400.000483910793,279.220144460602,0.698049516667267
"CRS3035RES20000mN5060000E4600000",400.000483897713,350.832948568068,0.87708131037607
"CRS3035RES20000mN5060000E4620000",400.00048388385,372.402328167069,0.931004694172333
"CRS3035RES20000mN5060000E4640000",400.000483869003,400.000483869003,1
"CRS3035RES20000mN5060000E4660000",400.000483853149,400.000483853149,1
"CRS3035RES20000mN5060000E4680000",400.000483836533,400.000483836533,1
"CRS3035RES20000mN5060000E4700000",400.000483818649,400.000483818649,1
"CRS3035RES20000mN5060000E4720000",400.000483800293,400.000483800293,1
"CRS3035RES20000mN5060000E4740000",400.000483780708,400.000483780708,1
"CRS3035RES20000mN5060000E4760000",400.000483760269,400.000483760269,1
"CRS3035RES20000mN5060000E4780000",400.000483738838,400.000483738838,1
"CRS3035RES20000mN5060000E4800000",400.000483716537,400.000483716537,1
"CRS3035RES20000mN5060000E4820000",400.000483693459,400.000483693459,1
"CRS3035RES20000mN5060000E4840000",400.000483669312,400.000483669312,1
"CRS3035RES20000mN5060000E4860000",400.000483644257,400.000483644257,1
"CRS3035RES20000mN5060000E4880000",400.000483618202,400.000483618202,1
"CRS3035RES20000mN5060000E4900000",400.000483591583,400.000483591583,1
"CRS3035RES20000mN5060000E4920000",400.000483563492,400.000483563492,1
"CRS3035RES20000mN5060000E4940000",400.000483534897,400.000483534897,1
"CRS3035RES20000mN5060000E4960000",400.000483505234,400.000483505234,1
"CRS3035RES20000mN5060000E4980000",400.000483474945,400.000483474945,1
"CRS3035RES20000mN5060000E5000000",400.00048344342,400.00048344342,1
"CRS3035RES20000mN5060000E5020000",400.000483411041,400.000483411041,1
"CRS3035RES20000mN5060000E5040000",400.00048337793,400.00048337793,1
"CRS3035RES20000mN5060000E5060000",400.000483343735,400.000483343735,1
"CRS3035RES20000mN5060000E5080000",400.000483308487,400.000483308487,1
"CRS3035RES20000mN5060000E5100000",400.000483272583,400.000483272583,1
"CRS3035RES20000mN5060000E5120000",400.000483235687,400.000483235687,1
"CRS3035RES20000mN5060000E5140000",400.00048319783,400.00048319783,1
"CRS3035RES20000mN5060000E5160000",400.00048315918,400.00048315918,1
"CRS3035RES20000mN5080000E4500000",400.000483830925,30.4125108003897,0.0760311850353778
"CRS3035RES20000mN5080000E4520000",400.000483821671,225.417641953533,0.563543423247532
"CRS3035RES20000mN5080000E4540000",400.000483811588,288.882978966889,0.722206573887449
"CRS3035RES20000mN5080000E4560000",400.000483800396,142.982454587243,0.357455704125079
"CRS3035RES20000mN5080000E4580000",400.000483788311,104.47717188658,0.261192613811615
"CRS3035RES20000mN5080000E4600000",400.000483775307,180.033350038388,0.450082830748571
"CRS3035RES20000mN5080000E4620000",400.000483761436,302.210253915467,0.755524721054357
"CRS3035RES20000mN5080000E4640000",400.000483746735,400.000483746735,1
"CRS3035RES20000mN5080000E4660000",400.000483731094,400.000483731094,1
"CRS3035RES20000mN5080000E4680000",400.000483714378,400.000483714378,1
"CRS3035RES20000mN5080000E4700000",400.000483696846,400.000483696846,1
"CRS3035RES20000mN5080000E4720000",400.000483678207,400.000483678207,1
"CRS3035RES20000mN5080000E4740000",400.00048365863,400.00048365863,1
"CRS3035RES20000mN5080000E4760000",400.000483638458,400.000483638458,1
"CRS3035RES20000mN5080000E4780000",400.000483616997,400.000483616997,1
"CRS3035RES20000mN5080000E4800000",400.000483595016,400.000483595016,1
"CRS3035RES20000mN5080000E4820000",400.000483571869,400.000483571869,1
"CRS3035RES20000mN5080000E4840000",400.000483547958,400.000483547958,1
"CRS3035RES20000mN5080000E4860000",400.000483522919,400.000483522919,1
"CRS3035RES20000mN5080000E4880000",400.000483497437,400.000483497437,1
"CRS3035RES20000mN5080000E4900000",400.000483470215,400.000483470215,1
"CRS3035RES20000mN5080000E4920000",400.000483442871,400.000483442871,1
"CRS3035RES20000mN5080000E4940000",400.000483414078,400.000483414078,1
"CRS3035RES20000mN5080000E4960000",400.000483384689,400.000483384689,1
"CRS3035RES20000mN5080000E4980000",400.000483354126,400.000483354126,1
"CRS3035RES20000mN5080000E5000000",400.000483322891,400.000483322891,1
"CRS3035RES20000mN5080000E5020000",400.000483290649,400.000483290649,1
"CRS3035RES20000mN5080000E5040000",400.000483257477,400.000483257477,1
"CRS3035RES20000mN5080000E5060000",400.000483223389,400.000483223389,1
"CRS3035RES20000mN5080000E5080000",400.00048318866,400.00048318866,1
"CRS3035RES20000mN5080000E5100000",400.000483152893,400.000483152893,1
"CRS3035RES20000mN5080000E5120000",400.000483116119,400.000483116119,1
"CRS3035RES20000mN5080000E5140000",400.000483078384,400.000483078384,1
"CRS3035RES20000mN5100000E4520000",400.000483698231,30.6512032766451,0.0766279155296447
"CRS3035RES20000mN5100000E4540000",400.000483688107,250.211771755478,0.625528672986746
"CRS3035RES20000mN5100000E4560000",400.000483676937,31.5591329966983,0.0788977370892061
"CRS3035RES20000mN5100000E4580000",400.000483665047,60.1622621308568,0.150405473462466
"CRS3035RES20000mN5100000E4600000",400.000483652229,82.4012503736401,0.206002876849724
"CRS3035RES20000mN5100000E4620000",400.000483638397,269.57882187898,0.673946239831753
"CRS3035RES20000mN5100000E4640000",400.000483623596,400.000483623596,1
"CRS3035RES20000mN5100000E4660000",400.000483607803,400.000483607803,1
"CRS3035RES20000mN5100000E4680000",400.000483591393,400.000483591393,1
"CRS3035RES20000mN5100000E4700000",400.000483573746,400.000483573746,1
"CRS3035RES20000mN5100000E4720000",400.00048355542,400.00048355542,1
"CRS3035RES20000mN5100000E4740000",400.000483536247,400.000483536247,1
"CRS3035RES20000mN5100000E4760000",400.000483515884,400.000483515884,1
"CRS3035RES20000mN5100000E4780000",400.000483494759,400.000483494759,1
"CRS3035RES20000mN5100000E4800000",400.000483472641,400.000483472641,1
"CRS3035RES20000mN5100000E4820000",400.000483449616,400.000483449616,1
"CRS3035RES20000mN5100000E4840000",400.000483425484,400.000483425484,1
"CRS3035RES20000mN5100000E4860000",400.000483400825,400.000483400825,1
"CRS3035RES20000mN5100000E4880000",400.000483374756,400.000483374756,1
"CRS3035RES20000mN5100000E4900000",400.000483348343,400.000483348343,1
"CRS3035RES20000mN5100000E4920000",400.000483320816,400.000483320816,1
"CRS3035RES20000mN5100000E4940000",400.000483292389,400.000483292389,1
"CRS3035RES20000mN5100000E4960000",400.00048326297,400.00048326297,1
"CRS3035RES20000mN5100000E4980000",400.000483232681,400.000483232681,1
"CRS3035RES20000mN5100000E5000000",400.000483201416,400.000483201416,1
"CRS3035RES20000mN5100000E5020000",400.000483169434,400.000483169434,1
"CRS3035RES20000mN5100000E5040000",400.000483136261,400.000483136261,1
"CRS3035RES20000mN5100000E5060000",400.000483102509,400.000483102509,1
"CRS3035RES20000mN5100000E5080000",400.000483067673,400.000483067673,1
"CRS3035RES20000mN5100000E5100000",400.000483032105,400.000483032105,1
"CRS3035RES20000mN5100000E5120000",400.000482995468,400.000482995468,1
"CRS3035RES20000mN5120000E4540000",400.000483563702,106.637497859311,0.266593422361022
"CRS3035RES20000mN5120000E4560000",400.000483552834,99.8821329020711,0.24970503039124
"CRS3035RES20000mN5120000E4580000",400.000483540649,34.344822272752,0.0858619518875202
"CRS3035RES20000mN5120000E4600000",400.000483528046,275.183837786072,0.687958762846789
"CRS3035RES20000mN5120000E4620000",400.000483514092,247.528179856016,0.618819701619926
"CRS3035RES20000mN5120000E4640000",400.000483499435,367.033202820916,0.917581897926467
"CRS3035RES20000mN5120000E4660000",400.000483483948,400.000483483948,1
"CRS3035RES20000mN5120000E4680000",400.000483467285,400.000483467285,1
"CRS3035RES20000mN5120000E4700000",400.000483449989,400.000483449989,1
"CRS3035RES20000mN5120000E4720000",400.000483431511,400.000483431511,1
"CRS3035RES20000mN5120000E4740000",400.000483412262,400.000483412262,1
"CRS3035RES20000mN5120000E4760000",400.00048339196,400.00048339196,1
"CRS3035RES20000mN5120000E4780000",400.000483370979,400.000483370979,1
"CRS3035RES20000mN5120000E4800000",400.000483348984,400.000483348984,1
"CRS3035RES20000mN5120000E4820000",400.00048332608,400.00048332608,1
"CRS3035RES20000mN5120000E4840000",400.000483302315,400.000483302315,1
"CRS3035RES20000mN5120000E4860000",400.000483277634,400.000483277634,1
"CRS3035RES20000mN5120000E4880000",400.000483252045,400.000483252045,1
"CRS3035RES20000mN5120000E4900000",400.000483225403,400.000483225403,1
"CRS3035RES20000mN5120000E4920000",400.000483198074,400.000483198074,1
"CRS3035RES20000mN5120000E4940000",400.000483169678,400.000483169678,1
"CRS3035RES20000mN5120000E4960000",400.000483140549,400.000483140549,1
"CRS3035RES20000mN5120000E4980000",400.00048311026,400.00048311026,1
"CRS3035RES20000mN5120000E5000000",400.000483079254,400.000483079254,1
"CRS3035RES20000mN5120000E5020000",400.000483047348,400.000483047348,1
"CRS3035RES20000mN5120000E5040000",400.000483014557,400.000483014557,1
"CRS3035RES20000mN5120000E5060000",400.000482980865,400.000482980865,1
"CRS3035RES20000mN5120000E5080000",400.000482945999,400.000482945999,1
"CRS3035RES20000mN5140000E4560000",400.000483427498,7.48483623134041,0.0187120679635305
"CRS3035RES20000mN5140000E4580000",400.000483415909,27.5222180837782,0.0688054620553082
"CRS3035RES20000mN5140000E4600000",400.000483402779,308.22041916164,0.770550116688931
"CRS3035RES20000mN5140000E4620000",400.000483389221,358.024724299735,0.895060729092566
"CRS3035RES20000mN5140000E4640000",400.00048337458,356.264482749821,0.890660130568385
"CRS3035RES20000mN5140000E4660000",400.000483359024,305.488085887169,0.763719291841393
"CRS3035RES20000mN5140000E4680000",400.000483342644,326.825385187605,0.817062475666169
"CRS3035RES20000mN5140000E4700000",400.000483325226,387.840598179623,0.969600323868319
"CRS3035RES20000mN5140000E4720000",400.000483306824,400.000483306824,1
"CRS3035RES20000mN5140000E4740000",400.000483287758,400.000483287758,1
"CRS3035RES20000mN5140000E4760000",400.000483267685,400.000483267685,1
"CRS3035RES20000mN5140000E4780000",400.000483246651,400.000483246651,1
"CRS3035RES20000mN5140000E4800000",400.000483224853,400.000483224853,1
"CRS3035RES20000mN5140000E4820000",400.000483201874,400.000483201874,1
"CRS3035RES20000mN5140000E4840000",400.000483178246,400.000483178246,1
"CRS3035RES20000mN5140000E4860000",400.000483153503,400.000483153503,1
"CRS3035RES20000mN5140000E4880000",400.00048312793,400.00048312793,1
"CRS3035RES20000mN5140000E4900000",400.000483101807,400.000483101807,1
"CRS3035RES20000mN5140000E4920000",400.000483074203,400.000483074203,1
"CRS3035RES20000mN5140000E4940000",400.000483046066,400.000483046066,1
"CRS3035RES20000mN5140000E4960000",400.000483016769,400.000483016769,1
"CRS3035RES20000mN5140000E4980000",400.000482986969,400.000482986969,1
"CRS3035RES20000mN5140000E5000000",400.00048295607,400.00048295607,1
"CRS3035RES20000mN5140000E5020000",400.000482924225,400.000482924225,1
"CRS3035RES20000mN5140000E5040000",400.000482891434,400.000482891434,1
"CRS3035RES20000mN5140000E5060000",400.000482857864,400.000482857864,1
"CRS3035RES20000mN5160000E4600000",400.000483276817,119.903275408347,0.299757826355846
"CRS3035RES20000mN5160000E4620000",400.000483263084,239.878596846942,0.599695767590288
"CRS3035RES20000mN5160000E4640000",400.000483248657,177.735518886154,0.444338260400716
"CRS3035RES20000mN5160000E4660000",400.000483232994,307.378165676433,0.768444485846758
"CRS3035RES20000mN5160000E4680000",400.000483216606,347.48610726586,0.868714218721809
"CRS3035RES20000mN5160000E4700000",400.000483199371,361.523380067587,0.903807358371098
"CRS3035RES20000mN5160000E4720000",400.000483181419,337.701815931486,0.844253520009679
"CRS3035RES20000mN5160000E4740000",400.000483162193,400.000483162193,1
"CRS3035RES20000mN5160000E4760000",400.000483142158,400.000483142158,1
"CRS3035RES20000mN5160000E4780000",400.000483121422,400.000483121422,1
"CRS3035RES20000mN5160000E4800000",400.000483099503,400.000483099503,1
"CRS3035RES20000mN5160000E4820000",400.000483076836,400.000483076836,1
"CRS3035RES20000mN5160000E4840000",400.000483053253,400.000483053253,1
"CRS3035RES20000mN5160000E4860000",400.000483028839,400.000483028839,1
"CRS3035RES20000mN5160000E4880000",400.000483003372,400.000483003372,1
"CRS3035RES20000mN5160000E4900000",400.000482976913,400.000482976913,1
"CRS3035RES20000mN5160000E4920000",400.000482949814,400.000482949814,1
"CRS3035RES20000mN5160000E4940000",400.000482921753,400.000482921753,1
"CRS3035RES20000mN5160000E4960000",400.000482892761,400.000482892761,1
"CRS3035RES20000mN5160000E4980000",400.000482862701,400.000482862701,1
"CRS3035RES20000mN5160000E5000000",400.000482831924,400.000482831924,1
"CRS3035RES20000mN5160000E5020000",400.000482800217,400.000482800217,1
"CRS3035RES20000mN5160000E5040000",400.000482767746,400.000482767746,1
"CRS3035RES20000mN5160000E5060000",400.000482734329,400.000482734329,1
"CRS3035RES20000mN5180000E4620000",400.000483136452,20.3323305612264,0.0508307650075773
"CRS3035RES20000mN5180000E4640000",400.000483121918,298.7156115159,0.746788126815469
"CRS3035RES20000mN5180000E4660000",400.00048310659,233.411737546888,0.583528639100892
"CRS3035RES20000mN5180000E4680000",400.000483090179,388.017719670169,0.970043127629651
"CRS3035RES20000mN5180000E4700000",400.000483072975,318.131816624061,0.795328581055793
"CRS3035RES20000mN5180000E4720000",400.000483054779,251.367253193804,0.62841737408447
"CRS3035RES20000mN5180000E4740000",400.000483035767,387.267810439995,0.968168356950126
"CRS3035RES20000mN5180000E4760000",400.000483016075,400.000483016075,1
"CRS3035RES20000mN5180000E4780000",400.000482994987,400.000482994987,1
"CRS3035RES20000mN5180000E4800000",400.000482973412,400.000482973412,1
"CRS3035RES20000mN5180000E4820000",400.000482950958,400.000482950958,1
"CRS3035RES20000mN5180000E4840000",400.000482927261,400.000482927261,1
"CRS3035RES20000mN5180000E4860000",400.000482902756,400.000482902756,1
"CRS3035RES20000mN5180000E4880000",400.000482877563,400.000482877563,1
"CRS3035RES20000mN5180000E4900000",400.00048285141,400.00048285141,1
"CRS3035RES20000mN5180000E4920000",400.000482824234,400.000482824234,1
"CRS3035RES20000mN5180000E4940000",400.00048279602,400.00048279602,1
"CRS3035RES20000mN5180000E4960000",400.000482767502,400.000482767502,1
"CRS3035RES20000mN5180000E4980000",400.000482737701,400.000482737701,1
"CRS3035RES20000mN5180000E5000000",400.000482707291,400.000482707291,1
"CRS3035RES20000mN5180000E5020000",400.00048267572,400.00048267572,1
"CRS3035RES20000mN5180000E5040000",400.000482643204,400.000482643204,1
"CRS3035RES20000mN5180000E5060000",400.000482609848,400.000482609848,1
"CRS3035RES20000mN5200000E4640000",400.000482994209,63.0746438689953,0.15768641926842
"CRS3035RES20000mN5200000E4660000",400.000482978775,289.750013939733,0.724374160205972
"CRS3035RES20000mN5200000E4680000",400.000482962769,286.606243013637,0.716514742409234
"CRS3035RES20000mN5200000E4700000",400.000482945526,252.564571748499,0.631410667028856
"CRS3035RES20000mN5200000E4720000",400.000482927711,236.076038855487,0.590189384591695
"CRS3035RES20000mN5200000E4740000",400.000482908699,395.489156830112,0.988721698419507
"CRS3035RES20000mN5200000E4760000",400.000482888641,400.000482888641,1
"CRS3035RES20000mN5200000E4780000",400.000482868156,396.962278819521,0.992404499047475
"CRS3035RES20000mN5200000E4800000",400.000482846245,400.000482846245,1
"CRS3035RES20000mN5200000E4820000",400.000482823685,400.000482823685,1
"CRS3035RES20000mN5200000E4840000",400.000482800507,400.000482800507,1
"CRS3035RES20000mN5200000E4860000",400.000482776154,400.000482776154,1
"CRS3035RES20000mN5200000E4880000",400.00048275116,400.00048275116,1
"CRS3035RES20000mN5200000E4900000",400.000482724915,400.000482724915,1
"CRS3035RES20000mN5200000E4920000",400.000482697922,400.000482697922,1
"CRS3035RES20000mN5200000E4940000",400.000482670197,400.000482670197,1
"CRS3035RES20000mN5200000E4960000",400.000482641434,400.000482641434,1
"CRS3035RES20000mN5200000E4980000",400.000482611694,400.000482611694,1
"CRS3035RES20000mN5200000E5000000",400.00048258107,400.00048258107,1
"CRS3035RES20000mN5200000E5020000",400.000482549896,400.000482549896,1
"CRS3035RES20000mN5200000E5040000",400.000482517578,400.000482517578,1
"CRS3035RES20000mN5200000E5060000",400.000482484497,400.000482484497,1
"CRS3035RES20000mN5200000E5080000",400.000482450546,400.000482450546,1
"CRS3035RES20000mN5220000E4640000",400.000482865646,55.0544341641194,0.137635919261156
"CRS3035RES20000mN5220000E4660000",400.000482850449,309.951000292468,0.774876565357426
"CRS3035RES20000mN5220000E4680000",400.000482834198,263.151639879599,0.657878305583636
"CRS3035RES20000mN5220000E4700000",400.000482817192,78.6785029753072,0.196696020017718
"CRS3035RES20000mN5220000E4720000",400.000482799248,118.63167089083,0.296578819256999
"CRS3035RES20000mN5220000E4740000",400.000482780434,214.512215597549,0.536279891730275
"CRS3035RES20000mN5220000E4760000",400.000482760712,322.663991579903,0.806659005391569
"CRS3035RES20000mN5220000E4780000",400.000482739998,335.219777942217,0.838048433456796
"CRS3035RES20000mN5220000E4800000",400.000482718605,400.000482718605,1
"CRS3035RES20000mN5220000E4820000",400.000482696365,400.000482696365,1
"CRS3035RES20000mN5220000E4840000",400.000482673065,400.000482673065,1
"CRS3035RES20000mN5220000E4860000",400.000482648743,400.000482648743,1
"CRS3035RES20000mN5220000E4880000",400.000482623337,400.000482623337,1
"CRS3035RES20000mN5220000E4900000",400.000482597672,400.000482597672,1
"CRS3035RES20000mN5220000E4920000",400.000482570984,400.000482570984,1
"CRS3035RES20000mN5220000E4940000",400.000482543167,400.000482543167,1
"CRS3035RES20000mN5220000E4960000",400.000482514603,400.000482514603,1
"CRS3035RES20000mN5220000E4980000",400.000482485123,400.000482485123,1
"CRS3035RES20000mN5220000E5000000",400.000482454742,400.000482454742,1
"CRS3035RES20000mN5220000E5020000",400.00048242337,400.00048242337,1
"CRS3035RES20000mN5220000E5040000",400.000482391251,400.000482391251,1
"CRS3035RES20000mN5220000E5060000",400.000482358231,400.000482358231,1
"CRS3035RES20000mN5220000E5080000",400.000482324387,400.000482324387,1
"CRS3035RES20000mN5240000E4640000",400.000482736336,2.26853505863154,0.00567133080218522
"CRS3035RES20000mN5240000E4660000",400.000482721054,92.6976842027366,0.231743930837655
"CRS3035RES20000mN5240000E4680000",400.000482705093,160.535960290339,0.401339416404397
"CRS3035RES20000mN5240000E4700000",400.000482688026,78.096333641495,0.19524059850299
"CRS3035RES20000mN5240000E4720000",400.000482670052,243.654395736502,0.609135254312893
"CRS3035RES20000mN5240000E4740000",400.000482651436,63.7444640870891,0.159360967928223
"CRS3035RES20000mN5240000E4760000",400.000482631874,159.291989558657,0.398229493401026
"CRS3035RES20000mN5240000E4780000",400.000482611298,348.938985762476,0.872346411895605
"CRS3035RES20000mN5240000E4800000",400.000482589737,395.679369408771,0.989197230080851
"CRS3035RES20000mN5240000E4820000",400.000482567368,307.376709513508,0.768440846722579
"CRS3035RES20000mN5240000E4840000",400.000482544083,400.000482544083,1
"CRS3035RES20000mN5240000E4860000",400.000482519989,400.000482519989,1
"CRS3035RES20000mN5240000E4880000",400.000482495438,400.000482495438,1
"CRS3035RES20000mN5240000E4900000",400.000482469391,400.000482469391,1
"CRS3035RES20000mN5240000E4920000",400.000482442642,400.000482442642,1
"CRS3035RES20000mN5240000E4940000",400.000482414993,400.000482414993,1
"CRS3035RES20000mN5240000E4960000",400.000482386642,400.000482386642,1
"CRS3035RES20000mN5240000E4980000",400.000482357285,400.000482357285,1
"CRS3035RES20000mN5240000E5000000",400.000482327133,400.000482327133,1
"CRS3035RES20000mN5240000E5020000",400.000482295975,400.000482295975,1
"CRS3035RES20000mN5240000E5040000",400.000482264114,400.000482264114,1
"CRS3035RES20000mN5240000E5060000",400.000482231262,400.000482231262,1
"CRS3035RES20000mN5240000E5080000",400.000482197479,400.000482197479,1
"CRS3035RES20000mN5240000E5100000",400.000482162949,400.000482162949,1
"CRS3035RES20000mN5260000E4680000",400.00048257476,17.8118797581251,0.0445296456731049
"CRS3035RES20000mN5260000E4720000",400.000482540176,49.0578764267592,0.122644543114599
"CRS3035RES20000mN5260000E4740000",400.000482521385,111.402771301502,0.278506592290288
"CRS3035RES20000mN5260000E4760000",400.000482501945,321.023632864698,0.802558114072116
"CRS3035RES20000mN5260000E4780000",400.000482481529,310.84467310815,0.777110745416422
"CRS3035RES20000mN5260000E4800000",400.00048246022,244.137897439437,0.610344007431832
"CRS3035RES20000mN5260000E4820000",400.000482437942,214.665150357529,0.53666222862827
"CRS3035RES20000mN5260000E4840000",400.000482415085,400.000482415085,1
"CRS3035RES20000mN5260000E4860000",400.000482391205,400.000482391205,1
"CRS3035RES20000mN5260000E4880000",400.000482366074,392.489172909334,0.981221749003128
"CRS3035RES20000mN5260000E4900000",400.000482340408,400.000482340408,1
"CRS3035RES20000mN5260000E4920000",400.000482313934,400.000482313934,1
"CRS3035RES20000mN5260000E4940000",400.000482286407,400.000482286407,1
"CRS3035RES20000mN5260000E4960000",400.000482258057,400.000482258057,1
"CRS3035RES20000mN5260000E4980000",400.000482228699,400.000482228699,1
"CRS3035RES20000mN5260000E5000000",400.000482198761,400.000482198761,1
"CRS3035RES20000mN5260000E5020000",400.000482167816,400.000482167816,1
"CRS3035RES20000mN5260000E5040000",400.00048213591,400.00048213591,1
"CRS3035RES20000mN5260000E5060000",400.000482103439,397.89591932155,0.994738599386626
"CRS3035RES20000mN5260000E5080000",400.000482069794,400.000482069794,1
"CRS3035RES20000mN5260000E5100000",400.000482035446,400.000482035446,1
"CRS3035RES20000mN5260000E5120000",400.000482000061,400.000482000061,1
"CRS3035RES20000mN5280000E4760000",400.000482371178,34.8883892835622,0.0872208680268235
"CRS3035RES20000mN5280000E4780000",400.000482350906,104.277419233938,0.2606932337208
"CRS3035RES20000mN5280000E4800000",400.000482329788,232.97581115652,0.582438825572311
"CRS3035RES20000mN5280000E4820000",400.000482307617,271.378107865652,0.678444451616814
"CRS3035RES20000mN5280000E4840000",400.000482284592,400.000482284592,1
"CRS3035RES20000mN5280000E4860000",400.000482260773,400.000482260773,1
"CRS3035RES20000mN5280000E4880000",400.000482236038,217.047975773245,0.542619285256676
"CRS3035RES20000mN5280000E4900000",400.000482210571,336.626260946402,0.841564637837592
"CRS3035RES20000mN5280000E4920000",400.000482184021,400.000482184021,1
"CRS3035RES20000mN5280000E4940000",400.000482156723,400.000482156723,1
"CRS3035RES20000mN5280000E4960000",400.000482128494,400.000482128494,1
"CRS3035RES20000mN5280000E4980000",400.000482099503,400.000482099503,1
"CRS3035RES20000mN5280000E5000000",400.000482069534,400.000482069534,1
"CRS3035RES20000mN5280000E5020000",400.000482038696,400.000482038696,1
"CRS3035RES20000mN5280000E5040000",400.000482007111,400.000482007111,1
"CRS3035RES20000mN5280000E5060000",400.000481974472,355.68526118631,0.889212081521966
"CRS3035RES20000mN5280000E5080000",400.000481941254,299.825868298088,0.749563767630966
"CRS3035RES20000mN5280000E5100000",400.000481906708,378.174490966601,0.945435088387725
"CRS3035RES20000mN5280000E5120000",400.000481871902,400.000481871902,1
"CRS3035RES20000mN5300000E4760000",400.000482239777,76.2551808374478,0.190637722260888
"CRS3035RES20000mN5300000E4780000",400.000482219376,237.345849466232,0.593363908336647
"CRS3035RES20000mN5300000E4800000",400.000482198288,185.070406104641,0.462675457508318
"CRS3035RES20000mN5300000E4820000",400.000482176437,285.696394410794,0.714240125052587
"CRS3035RES20000mN5300000E4840000",400.000482153503,345.230550568123,0.863075336083315
"CRS3035RES20000mN5300000E4860000",400.000482129959,400.000482129959,1
"CRS3035RES20000mN5300000E4880000",400.000482105194,248.91678457714,0.622291211418288
"CRS3035RES20000mN5300000E4900000",400.000482079758,294.022643704433,0.73505572337237
"CRS3035RES20000mN5300000E4920000",400.000482053238,400.000482053238,1
"CRS3035RES20000mN5300000E4940000",400.000482026245,400.000482026245,1
"CRS3035RES20000mN5300000E4960000",400.000481998169,400.000481998169,1
"CRS3035RES20000mN5300000E4980000",400.000481969131,400.000481969131,1
"CRS3035RES20000mN5300000E5000000",400.000481939316,377.142022191892,0.942853919483799
"CRS3035RES20000mN5300000E5020000",400.000481908768,344.938233392694,0.862344544553242
"CRS3035RES20000mN5300000E5040000",400.000481877335,270.541202675642,0.676352191892127
"CRS3035RES20000mN5300000E5060000",400.000481845047,149.968231281594,0.374920126570471
"CRS3035RES20000mN5300000E5080000",400.000481811752,119.609141056682,0.299022492460327
"CRS3035RES20000mN5300000E5100000",400.000481777741,106.351149641611,0.26587755386931
"CRS3035RES20000mN5300000E5120000",400.000481742828,158.407351277706,0.396017901247306
"CRS3035RES20000mN5320000E4760000",400.000482107239,5.75644779218167,0.0143911021353179
"CRS3035RES20000mN5320000E4780000",400.000482087173,129.512990488934,0.323782085994359
"CRS3035RES20000mN5320000E4800000",400.000482066269,182.073315591453,0.45518274040802
"CRS3035RES20000mN5320000E4820000",400.000482044235,220.799426667407,0.551997901450002
"CRS3035RES20000mN5320000E4840000",400.000482021484,247.666874856114,0.619166441011469
"CRS3035RES20000mN5320000E4860000",400.000481997864,359.676214993113,0.899189453964292
"CRS3035RES20000mN5320000E4880000",400.000481973404,198.517840328318,0.496294002819521
"CRS3035RES20000mN5320000E4900000",400.000481948074,201.854957379912,0.504636785427962
"CRS3035RES20000mN5320000E4920000",400.000481921982,394.699158491206,0.986746707390692
"CRS3035RES20000mN5320000E4940000",400.000481894821,263.596705102229,0.658990968844736
"CRS3035RES20000mN5320000E4960000",400.000481866974,400.000481866974,1
"CRS3035RES20000mN5320000E4980000",400.000481838272,400.000481838272,1
"CRS3035RES20000mN5320000E5000000",400.000481808716,365.996030285525,0.914988973589657
"CRS3035RES20000mN5320000E5020000",400.000481778091,355.059403608665,0.88764743989894
"CRS3035RES20000mN5320000E5040000",400.000481746704,325.383726214064,0.813458335832979
"CRS3035RES20000mN5320000E5060000",400.000481714432,276.480629294907,0.691200740833836
"CRS3035RES20000mN5320000E5080000",400.000481681305,84.3025606499705,0.210756147831686
"CRS3035RES20000mN5340000E4800000",400.000481932968,57.6535231160259,0.144133634133189
"CRS3035RES20000mN5340000E4820000",400.000481911484,5.57492996485513,0.0139373081207657
"CRS3035RES20000mN5340000E4840000",400.000481888855,110.896674585032,0.277241352463785
"CRS3035RES20000mN5340000E4860000",400.000481865265,375.393285113386,0.938482082228673
"CRS3035RES20000mN5340000E4880000",400.000481840866,336.893505891026,0.842232750172169
"CRS3035RES20000mN5340000E4900000",400.00048181572,88.2000125281153,0.220499765719655
"CRS3035RES20000mN5340000E4920000",400.000481789703,335.196714416913,0.837990776703964
"CRS3035RES20000mN5340000E4940000",400.000481762711,105.603636454122,0.264008773161349
"CRS3035RES20000mN5340000E4960000",400.000481734924,396.201895150982,0.990503544977079
"CRS3035RES20000mN5340000E4980000",400.000481706329,284.646440345283,0.711615243889289
"CRS3035RES20000mN5340000E5000000",400.000481676773,317.2372812722,0.793092248145214
"CRS3035RES20000mN5340000E5020000",400.000481646408,400.000481646408,1
"CRS3035RES20000mN5340000E5040000",400.000481615265,400.000481615265,1
"CRS3035RES20000mN5340000E5060000",400.000481583191,400.000481583191,1
"CRS3035RES20000mN5340000E5080000",400.000481550446,280.416176468269,0.701039597205847
"CRS3035RES20000mN5340000E5100000",400.000481516571,26.6244233967438,0.0665609783663243
"CRS3035RES20000mN5360000E4820000",400.000481777512,73.184927827558,0.182962099201333
"CRS3035RES20000mN5360000E4840000",400.000481755157,48.352021094324,0.120879907149513
"CRS3035RES20000mN5360000E4860000",400.000481731583,170.562443756122,0.426405595857699
"CRS3035RES20000mN5360000E4880000",400.000481707397,224.011213673143,0.560027359759554
"CRS3035RES20000mN5360000E4900000",400.000481682388,59.1393029949296,0.147848079447784
"CRS3035RES20000mN5360000E4920000",400.000481656464,285.708812292609,0.714271170648206
"CRS3035RES20000mN5360000E4940000",400.000481629883,85.8687274340191,0.214671560104452
"CRS3035RES20000mN5360000E4960000",400.000481601837,375.860209791177,0.939649393135756
"CRS3035RES20000mN5360000E4980000",400.000481573486,200.500737829655,0.501251241100869
"CRS3035RES20000mN5360000E5000000",400.000481544113,304.738611928638,0.76184561266592
"CRS3035RES20000mN5360000E5020000",400.000481514084,400.000481514084,1
"CRS3035RES20000mN5360000E5040000",400.000481483154,400.000481483154,1
"CRS3035RES20000mN5360000E5060000",400.000481451035,380.516328211071,0.95128967552918
"CRS3035RES20000mN5360000E5080000",400.000481418396,334.850215353374,0.837124530865564
"CRS3035RES20000mN5360000E5100000",400.000481384796,92.9090839252484,0.23227243028208
"CRS3035RES20000mN5380000E4840000",400.000481620361,32.8220050007616,0.0820549137036111
"CRS3035RES20000mN5380000E4860000",400.000481597443,12.5026011060814,0.0312564651326192
"CRS3035RES20000mN5380000E4880000",400.000481573135,271.022354352015,0.677555070149239
"CRS3035RES20000mN5380000E4900000",400.000481548416,76.1560257303839,0.190389835121151
"CRS3035RES20000mN5380000E4920000",400.000481522339,39.4219450880637,0.0985547440793821
"CRS3035RES20000mN5380000E4940000",400.000481495682,154.528980728709,0.38632198679085
"CRS3035RES20000mN5380000E4960000",400.000481468491,375.137094545934,0.937841607511878
"CRS3035RES20000mN5380000E4980000",400.000481439926,228.702421220607,0.571755364886865
"CRS3035RES20000mN5380000E5000000",400.000481410843,290.818106966793,0.727044392399348
"CRS3035RES20000mN5380000E5020000",400.000481380753,260.342107218462,0.650854484774101
"CRS3035RES20000mN5380000E5040000",400.000481349884,213.515101085913,0.533787110368874
"CRS3035RES20000mN5380000E5060000",400.000481318161,123.267048530429,0.308167250509836
"CRS3035RES20000mN5380000E5080000",400.00048128566,9.79650437895775,0.0244912314791981
"CRS3035RES20000mN5400000E4880000",400.000481438019,1.17130800558937,0.00292826648952637
"CRS3035RES20000mN5400000E4940000",400.000481361191,26.7673641853095,0.0669183299335564
"CRS3035RES20000mN5400000E4960000",400.000481333725,196.914165344286,0.492284820977499
"CRS3035RES20000mN5400000E4980000",400.000481305679,131.768717701607,0.329421397873043
"CRS3035RES20000mN5400000E5000000",400.000481276627,8.78048509792387,0.0219511863333274
"CRS3035RES20000mN5400000E5020000",400.000481246689,2.20478389966261,0.00551195311763357
